REGION,CÓDIGO DANE DEL DEPARTAMENTO,departamento,codigo_municipio,nombre_municipio_x,vote_share_2002_r1_alvaro_uribe,vote_share_2002_r1_horacio_serpa,vote_share_2006_r1_alvaro_uribe,vote_share_2006_r1_carlos_gaviria,vote_share_2010_r1_gustavo_petro,vote_share_2010_r1_juan_manuel_santos,vote_share_2014_r1_clara_lopez,vote_share_2014_r1_oscar_ivan_zuluaga,vote_share_2018_r1_gustavo_petro,vote_share_2018_r1_ivan_duque,vote_share_2022_r1_blanco,vote_share_2022_r1_federico_gutierrez,vote_share_2022_r1_gustavo_petro,vote_share_2022_r1_no_marcados,vote_share_2022_r1_nulos,vote_share_2022_r1_rest,vote_share_2022_r1_rodolfo_hernandez,vote_share_2022_r1_sergio_fajardo,vote_share_2022_r2_blanco,vote_share_2022_r2_gustavo_petro,vote_share_2022_r2_no_marcados,vote_share_2022_r2_nulos,vote_share_2022_r2_rodolfo_hernandez,nombre_municipio_y,poblacion_total,poblacion_afrocolombiana,poblacion_indigena,poblacion_rural_dispersa,anos_escolaridad,hogares_con_internet,hogares_totales,pct_afro_colombian,pct_indigenous,pct_rural_disperso,years_schooling,internet_access_rate,ipm_score,nbi_rate,proyeccion_2022,population_2022,risk_level,is_pdet,coca_hectares,armed_group_presence,high_risk_flag
Región Eje Cafetero - Antioquia,5,Antioquia,05002,Abejorral,0.282,0.0729,0.331,0.0514,0.0498,0.2496,0.0349,0.158,0.0963,0.2075,0.0152496626180836,0.6669365721997301,0.092442645074224,0.0056680161943319,0.0120107962213225,0.0093117408906882,0.1500674763832658,0.0483130904183535,0.0165267914783731,0.1323434473854099,0.0028405422853453,0.0087798579728857,0.8395093608779858,,,,,,,,,,,,,,,,,,,,,,
Región Centro Oriente,54,Norte de Santander,54003,Abrego,0.95,0.0996,0.95,0.0701,0.0679,0.95,0.0476,0.7652,0.1315,0.95,0.0085883822610868,0.115943160524672,0.1261711430356027,0.0013272954403497,0.0039038101186758,0.0085103060587133,0.726577139287945,0.0089787632729544,0.0073151860448758,0.1707814588169093,0.0007033832735457,0.0049940212421748,0.8162059506224942,,,,,,,,,,,,,,,,,,,,,,
Región Eje Cafetero - Antioquia,5,Antioquia,05004,Abriaquí,0.331,0.0447,0.3884,0.0315,0.0305,0.2929,0.0214,0.1855,0.0591,0.2436,0.0192307692307692,0.7044534412955465,0.0566801619433198,0.0030364372469635,0.0060728744939271,0.0050607287449392,0.1761133603238866,0.0293522267206477,0.0204262877442273,0.0879218472468916,0.0035523978685612,0.0088809946714031,0.8792184724689165,,,,,,,,,,,,,,,,,,,,,,
Región Llano,50,Meta,50006,Acacias,0.95,0.1946,0.95,0.137,0.1328,0.95,0.093,0.6048,0.257,0.7941,0.0130119983450558,0.1120190318576748,0.2465659908978072,0.0005585436491518,0.0176251551510136,0.0190732312784443,0.5742242449317335,0.0169218038891187,0.0194779898714452,0.3247493490250753,0.0006766038586923,0.0221639021589814,0.6329321550858057,,,,,,,,,,,,,,,,,,,,,,
Región Pacífico,27,Chocó,27006,Acandí,0.1864,0.4149,0.2187,0.2922,0.2831,0.1649,0.1983,0.1044,0.5479,0.1371,0.0240933299518133,0.3091554653816891,0.5257418209485164,0.0048186659903626,0.0114126299771747,0.0068475779863048,0.0991630738016738,0.0187674359624651,0.020174232003668,0.5907840440165062,0.0032095369096744,0.0087116001834021,0.3771205868867492,,,,,,,,,,,,,,,,,,,,,,
Región Centro Sur,41,Huila,41006,Acevedo,0.95,0.1143,0.95,0.0805,0.078,0.95,0.0547,0.7158,0.151,0.94,0.0091963902019767,0.1333046841426729,0.1449076063601203,0.001031370863773,0.0070477009024495,0.0157284056725397,0.6796733992264719,0.0091104426299957,0.011472128118263,0.1894056051740067,0.0006929473360024,0.0066214967662457,0.791807822605482,,,,,,,,,,,,,,,,,,,,,,
Región Caribe,13,Bolívar,13006,Achí,0.3946,0.1689,0.4631,0.119,0.1153,0.3492,0.0808,0.2211,0.2231,0.2904,0.0078838174273858,0.51134163208852,0.2141078838174273,0.0023513139695712,0.0037344398340248,0.0286307053941908,0.2099585062240664,0.0219917012448132,0.0085686700458604,0.298817282162684,0.0012068549360366,0.002534395365677,0.6888727974897417,,,,,,,,,,,,,,,,,,,,,,
Región Centro Sur,41,Huila,41013,Agrado,0.9091,0.1709,0.95,0.1204,0.1166,0.8045,0.0817,0.5095,0.2257,0.669,0.0121527777777777,0.2471788194444444,0.2165798611111111,0.0008680555555555,0.0073784722222222,0.0208333333333333,0.4837239583333333,0.0112847222222222,0.0129629629629629,0.2903292181069959,0.0006172839506172,0.0109053497942386,0.6851851851851852,,,,,,,,,,,,,,,,,,,,,,
Región Centro Oriente,25,Cundinamarca,25001,Agua de Dios,0.7095,0.2554,0.8326,0.1799,0.1743,0.6278,0.1221,0.3976,0.3373,0.5221,0.0174891774891774,0.2228571428571428,0.3236363636363636,0.0019047619047619,0.0121212121212121,0.0121212121212121,0.3774891774891775,0.0323809523809523,0.0198900388098318,0.3903622250970245,0.0008085381630012,0.0130983182406209,0.5758408796895214,,,,,,,,,,,,,,,,,,,,,,
Región Caribe,20,Cesar,20011,Aguachica,0.95,0.205,0.95,0.1444,0.1399,0.8749,0.098,0.554,0.2708,0.7275,0.0117103667071008,0.1421339927218438,0.2598441728095549,0.0007698049827377,0.0126901185033124,0.0323084818512643,0.5260567322944854,0.0144863301297004,0.0151045268958747,0.3345753106802615,0.0006023961982106,0.0143236429352312,0.6353941232904219,,,,,,,,,,,,,,,,,,,,,,
Región Centro Oriente,68,Santander,68013,Aguada,0.95,0.0603,0.95,0.0425,0.0412,0.95,0.0288,0.8152,0.0797,0.95,0.0046349942062572,0.1274623406720741,0.0764774044032444,0.0011587485515643,0.0023174971031286,0.0057937427578215,0.7740440324449595,0.0081112398609501,0.0117521367521367,0.1025641025641025,,0.0042735042735042,0.8814102564102564,,,,,,,,,,,,,,,,,,,,,,
Región Eje Cafetero - Antioquia,17,Caldas,17013,Aguadas,0.7023,0.0878,0.8242,0.0618,0.0599,0.6215,0.042,0.3936,0.1159,0.5168,0.0145338208409506,0.4140767824497258,0.1112431444241316,0.0043875685557586,0.0225776965265082,0.0140767824497257,0.3736745886654479,0.0454296160877513,0.0194417194328012,0.1719432801212878,0.0025862837777579,0.0211361812182288,0.7848925354499242,,,,,,,,,,,,,,,,,,,,,,
Región Llano,85,Casanare,85010,Aguazul,0.95,0.1761,0.95,0.1241,0.1202,0.95,0.0842,0.7009,0.2326,0.9204,0.0108079029733959,0.060348200312989,0.2232003129890453,0.000635758998435,0.0115414710485133,0.0148180751173708,0.6654929577464789,0.0131553208137715,0.0180789334867884,0.2972713758212247,0.0006713662302786,0.0158250611422816,0.6681532633194265,,,,,,,,,,,,,,,,,,,,,,
Región Caribe,20,Cesar,20013,Agustín Codazzi,0.4455,0.3807,0.5229,0.2682,0.2598,0.3943,0.182,0.2497,0.5029,0.3279,0.0116375365035086,0.1970971538159787,0.4825001089656976,0.0012640020921413,0.0136860916183585,0.0279388048642287,0.2370657716950704,0.0288105304450159,0.0134075584130468,0.5896581464638545,0.0009016779049709,0.0131331347028383,0.3828994825152893,,,,,,,,,,,,,,,,,,,,,,
Región Centro Sur,41,Huila,41016,Aipe,0.95,0.2059,0.95,0.145,0.1405,0.8588,0.0984,0.5438,0.2719,0.7141,0.0095355620372447,0.1789320170518286,0.2609378505721337,0.0011218308279111,0.0083015481265425,0.0089746466232892,0.5163787300875028,0.0158178146735472,0.0108406844510574,0.329152938675736,0.0006376873206504,0.0081836539483473,0.6511850356042087,,,,,,,,,,,,,,,,,,,,,,
Región Centro Oriente,25,Cundinamarca,25019,Albán,0.95,0.1693,0.95,0.1192,0.1155,0.95,0.0809,0.6077,0.2236,0.798,0.0112071725904578,0.1460134486071085,0.2145373038744796,0.0003202049311559,0.0118475824527697,0.0070445084854306,0.5770092859430035,0.0320204931155939,0.0177271288382399,0.2896486229819563,0.0003165558721114,0.0151946818613485,0.6771130104463438,,,,,,,,,,,,,,,,,,,,,,
Región Pacífico,52,Nariño,52019,Albán,0.6066,0.3103,0.7119,0.2186,0.2117,0.5368,0.1483,0.3399,0.4098,0.4464,0.0183647798742138,0.2284276729559748,0.3932075471698113,0.0037735849056603,0.0098113207547169,0.0042767295597484,0.3227672955974843,0.0193710691823899,0.0232870577698163,0.5103000447828034,0.0022391401701746,0.0138826690550828,0.4502910882221227,,,,,,,,,,,,,,,,,,,,,,
Región Centro Sur,18,Caquetá,18029,Albania,0.95,0.1487,0.95,0.1047,0.1015,0.937,0.0711,0.5934,0.1964,0.7792,0.0194444444444444,0.1986111111111111,0.1884259259259259,0.0013888888888888,0.0064814814814814,0.011574074074074,0.5634259259259259,0.0106481481481481,0.0175879396984924,0.245393634840871,0.0020938023450586,0.0108877721943048,0.724036850921273,,,,,,,,,,,,,,,,,,,,,,
Región Caribe,44,La Guajira,44035,Albania,0.1964,0.5607,0.2305,0.395,0.3826,0.1738,0.268,0.1101,0.7406,0.1446,0.0107690358545546,0.121626757886735,0.7106296718611428,0.0011402508551881,0.011275814012416,0.0241986570378816,0.1045229950589129,0.0158368174331686,0.0124959252417689,0.7953928066934696,0.0003259806584809,0.0113006628273389,0.1804846245789416,,,,,,,,,,,,,,,,,,,,,,
Región Centro Oriente,68,Santander,68020,Albania,0.95,0.1208,0.95,0.0851,0.0824,0.95,0.0578,0.7707,0.1596,0.95,0.0058078141499472,0.0897571277719113,0.1531151003167898,0.0005279831045406,0.0036958817317845,0.0047518479408658,0.7317845828933475,0.010559662090813,0.005859375,0.197265625,0.00390625,0.0068359375,0.7861328125,,,,,,,,,,,,,,,,,,,,,,
Región Pacífico,76,Valle del Cauca,76020,Alcalá,0.6652,0.2517,0.7806,0.1773,0.1718,0.5886,0.1203,0.3727,0.3325,0.4895,0.019432502149613,0.257609630266552,0.3190025795356835,0.0039552880481513,0.0199484092863284,0.0061908856405846,0.3539122957867583,0.0199484092863284,0.0208504350681333,0.4207847644065014,0.0019701198489574,0.0201937284518141,0.5362009522245936,,,,,,,,,,,,,,,,,,,,,,
Región Pacífico,52,Nariño,52022,Aldana,0.3554,0.5204,0.4171,0.3666,0.3551,0.3145,0.2488,0.1992,0.6874,0.2615,0.0270971461516287,0.0789852983568751,0.6595560680311329,0.0034592101470164,0.016431248198328,0.0098010954165465,0.1891034880368982,0.0155664456615739,0.0185352622061482,0.7719258589511754,0.0013562386980108,0.0144665461121157,0.1937160940325497,,,,,,,,,,,,,,,,,,,,,,
Región Eje Cafetero - Antioquia,5,Antioquia,05021,Alejandría,0.3172,0.0908,0.3723,0.064,0.062,0.2807,0.0434,0.1778,0.1199,0.2334,0.0143824027072758,0.6349407783417935,0.1150592216582064,0.0025380710659898,0.0076142131979695,0.0050761421319796,0.1687817258883248,0.0516074450084602,0.0219422998780983,0.1629418935392117,0.0008126777732629,0.0073140999593661,0.806989028850061,,,,,,,,,,,,,,,,,,,,,,
Región Caribe,47,Magdalena,47030,Algarrobo,0.1604,0.5515,0.1883,0.3885,0.3764,0.142,0.2636,0.0899,0.7285,0.118,0.0109430959013131,0.1732988460007958,0.6989653800238759,0.0025865499403103,0.0069637883008356,0.0115399920413847,0.0853561480302427,0.0103461997612415,0.0127518018850489,0.7625207909813343,0.0005544261689151,0.0048050267972648,0.2193679541674367,,,,,,,,,,,,,,,,,,,,,,
Región Centro Sur,41,Huila,41020,Algeciras,0.8408,0.2595,0.95,0.1828,0.1771,0.7441,0.124,0.4712,0.3427,0.6187,0.0140523660821522,0.1275522459764592,0.3288493874609656,0.0027624309392265,0.013451837617103,0.0522459764592841,0.4473937064616863,0.0136920490031227,0.0161868549701249,0.3986963606735469,0.0022813688212927,0.0104291146116241,0.5724063009234112,,,,,,,,,,,,,,,,,,,,,,
Región Pacífico,19,Cauca,19022,Almaguer,0.044,0.7123,0.0517,0.5018,0.4861,0.039,0.3405,0.0247,0.9408,0.0324,0.0079159935379644,0.0424878836833602,0.902746365105008,0.0032310177705977,0.0093699515347334,0.0050080775444264,0.0234248788368336,0.0058158319870759,0.0064390718017251,0.9364597254282592,0.0024298384157453,0.0063175798809379,0.0483537844733325,,,,,,,,,,,,,,,,,,,,,,
Región Centro Oriente,15,Boyacá,15022,Almeida,0.95,0.1594,0.95,0.1123,0.1088,0.95,0.0762,0.6277,0.2105,0.8243,0.0099009900990099,0.1099009900990099,0.201980198019802,0.0059405940594059,0.0168316831683168,0.0039603960396039,0.596039603960396,0.0554455445544554,0.0161596958174904,0.2918250950570342,0.0019011406844106,0.0133079847908745,0.6768060836501901,,,,,,,,,,,,,,,,,,,,,,
Región Centro Sur,73,Tolima,73024,Alpujarra,0.8766,0.1297,0.95,0.0913,0.0885,0.7757,0.062,0.4912,0.1713,0.6451,0.0135270541082164,0.3166332665330661,0.1643286573146292,0.002004008016032,0.0085170340681362,0.0100200400801603,0.4664328657314629,0.0185370741482965,0.0120593692022263,0.2040816326530612,0.0009276437847866,0.0162337662337662,0.7666975881261595,,,,,,,,,,,,,,,,,,,,,,
Región Centro Sur,41,Huila,41026,Altamira,0.7256,0.317,0.8515,0.2233,0.2163,0.6421,0.1515,0.4066,0.4187,0.5339,0.0167627029858564,0.1597695128339444,0.4017810371922472,0.003143006809848,0.0057621791513881,0.0110005238344683,0.3860660031430068,0.0157150340492404,0.0158653846153846,0.4745192307692307,0.0004807692307692,0.0115384615384615,0.4975961538461538,,,,,,,,,,,,,,,,,,,,,,
Región Pacífico,27,Chocó,27025,Alto Baudo,0.0258,0.7454,0.0303,0.5251,0.5087,0.0228,0.3563,0.0145,0.95,0.019,0.0047160139429977,0.0233750256305105,0.944638097190896,0.0028706171826942,0.0014353085913471,0.0020504408447816,0.0137379536600369,0.0071765429567356,0.0028363765289842,0.9663180287183124,0.0001772735330615,0.0015954617975536,0.0290728594220882,,,,,,,,,,,,,,,,,,,,,,
Región Caribe,13,Bolívar,13030,Altos del Rosario,0.5575,0.254,0.6543,0.1789,0.1733,0.4934,0.1214,0.3124,0.3355,0.4103,0.0106508875739644,0.3065088757396449,0.3218934911242603,0.0023668639053254,0.0063116370808678,0.0343195266272189,0.2966469428007889,0.0213017751479289,0.0074028377544725,0.3723010487353485,0.0027760641579272,0.0046267735965453,0.6128932757557064,,,,,,,,,,,,,,,,,,,,,,
Región Centro Sur,73,Tolima,73026,Alvarado,0.8483,0.2341,0.95,0.1649,0.1598,0.7506,0.1119,0.4754,0.3092,0.6242,0.0130858910302165,0.19747799191054,0.2966928384487271,0.0033309540804187,0.0149892933618843,0.0080894599095883,0.4513442778967404,0.0149892933618843,0.0119658119658119,0.3572649572649573,0.0021367521367521,0.0126068376068376,0.6160256410256411,,,,,,,,,,,,,,,,,,,,,,
Región Eje Cafetero - Antioquia,5,Antioquia,05030,Amagá,0.5641,0.1529,0.662,0.1077,0.1044,0.4992,0.0731,0.3161,0.202,0.4151,0.0215912954777286,0.4149098945936756,0.1938116286977218,0.0028051683100986,0.0173410404624277,0.0072254335260115,0.3001530091805508,0.0421625297517851,0.0252994889838317,0.2744408142749434,0.001926782273603,0.0196866884476836,0.678646226019938,,,,,,,,,,,,,,,,,,,,,,
Región Eje Cafetero - Antioquia,5,Antioquia,05031,Amalfi,0.5852,0.1136,0.6868,0.08,0.0775,0.5178,0.0543,0.3279,0.15,0.4306,0.0322215025906735,0.4258419689119171,0.1439443005181347,0.0040479274611398,0.0157059585492227,0.0110103626943005,0.3113665803108808,0.0558613989637305,0.0323586165949235,0.205135817129286,0.0025233783583197,0.013655929939142,0.7463262579783286,,,,,,,,,,,,,,,,,,,,,,
Región Centro Sur,73,Tolima,73030,Ambalema,0.7541,0.2598,0.885,0.183,0.1773,0.6673,0.1242,0.4226,0.3431,0.5549,0.0084498834498834,0.2258158508158508,0.3292540792540792,0.0005827505827505,0.0174825174825174,0.0055361305361305,0.4012237762237762,0.0116550116550116,0.0083378160301237,0.4031737493275955,0.0013448090371167,0.0185583647122108,0.5685852608929532,,,,,,,,,,,,,,,,,,,,,,
Región Centro Oriente,25,Cundinamarca,25035,Anapoima,0.95,0.1718,0.95,0.121,0.1172,0.8543,0.0821,0.541,0.2269,0.7104,0.0104912367316711,0.2019254505060478,0.2177240187607998,0.0003702789434707,0.0071587262404344,0.0171562577141446,0.5137003209084177,0.0314737101950135,0.0148279952550415,0.2779359430604982,0.0010676156583629,0.0080664294187425,0.6981020166073547,,,,,,,,,,,,,,,,,,,,,,
Región Pacífico,52,Nariño,52036,Ancuyá,0.1552,0.6099,0.1821,0.4296,0.4162,0.1373,0.2915,0.087,0.8055,0.1142,0.0154114568188426,0.0947949985460889,0.7728990985751673,0.0011631288165164,0.0104681593486478,0.0043617330619366,0.0825821459726664,0.0183192788601337,0.0158299412030755,0.8629579375848032,0.0006784260515603,0.0074626865671641,0.1130710085933966,,,,,,,,,,,,,,,,,,,,,,
Región Pacífico,76,Valle del Cauca,76036,Andalucía,0.3725,0.4001,0.4371,0.2818,0.273,0.3296,0.1912,0.2087,0.5284,0.2741,0.0176063113334616,0.2178179719068693,0.5070232826630748,0.0006734654608427,0.0198191264190879,0.012892053107562,0.1981912641908793,0.025976524918222,0.0171669962250584,0.610461980945533,0.0006291569297141,0.01869494876865,0.3530469171310444,,,,,,,,,,,,,,,,,,,,,,
Región Eje Cafetero - Antioquia,5,Antioquia,05034,Andes,0.4009,0.115,0.4704,0.081,0.0785,0.3547,0.055,0.2246,0.1519,0.295,0.0156079193489614,0.5666221304506255,0.1457548888618972,0.0017004737033888,0.0094740677760233,0.0058909267581683,0.2132879873679096,0.0416616057330256,0.0209814067208733,0.2040711889463808,0.0019901063285381,0.0096093705577983,0.7633479274464092,,,,,,,,,,,,,,,,,,,,,,
Región Eje Cafetero - Antioquia,5,Antioquia,05036,Angelópolis,0.4531,0.111,0.5318,0.0782,0.0758,0.401,0.0531,0.2539,0.1466,0.3334,0.0236434108527131,0.5286821705426357,0.1406976744186046,0.0046511627906976,0.0147286821705426,0.0069767441860465,0.2410852713178294,0.0395348837209302,0.0299334811529933,0.2058388765705839,0.0025868440502586,0.016260162601626,0.745380635624538,,,,,,,,,,,,,,,,,,,,,,
Región Eje Cafetero - Antioquia,5,Antioquia,05038,Angostura,0.5208,0.081,0.6112,0.0571,0.0553,0.4609,0.0387,0.2919,0.107,0.3833,0.0264357338195077,0.4639927073837739,0.1027043451838347,0.0097234883014281,0.0249164387724096,0.0148890914615618,0.2771194165907019,0.0802187784867821,0.030467899891186,0.1754624591947769,0.0070729053318824,0.0228509249183895,0.764145810663765,,,,,,,,,,,,,,,,,,,,,,
Región Centro Oriente,25,Cundinamarca,25040,Anolaima,0.95,0.1628,0.95,0.1147,0.1111,0.8625,0.0778,0.5462,0.215,0.7172,0.0146341463414634,0.1948432055749129,0.2062717770034843,0.0008362369337979,0.0097560975609756,0.0200696864111498,0.5186062717770035,0.0349825783972125,0.0230810520665593,0.2801932367149758,0.000805152979066,0.013016639828234,0.6829039184111648,,,,,,,,,,,,,,,,,,,,,,
Región Eje Cafetero - Antioquia,5,Antioquia,05040,Anorí,0.658,0.1945,0.7722,0.137,0.1327,0.5822,0.0929,0.3687,0.2568,0.4842,0.0365505425471159,0.2924043403769275,0.2464306110793832,0.0031410622501427,0.0088520845231296,0.0197030268418046,0.3500856653340948,0.0428326670474014,0.0336467095497278,0.3414151410192974,0.0014844136566056,0.0113805047006432,0.6120732310737259,,,,,,,,,,,,,,,,,,,,,,
Región Eje Cafetero - Antioquia,17,Caldas,17042,Anserma,0.6653,0.1605,0.7808,0.1131,0.1095,0.5887,0.0767,0.3728,0.212,0.4896,0.0184021543985637,0.3463708643241857,0.2034496024621697,0.0053218774044626,0.0296870992562195,0.0076301615798922,0.3540010259040779,0.0351372146704283,0.0262478485370051,0.3037251044996312,0.0024588148512417,0.0296287189574625,0.6379395131546595,,,,,,,,,,,,,,,,,,,,,,
Región Pacífico,76,Valle del Cauca,76041,Ansermanuevo,0.7682,0.1842,0.9016,0.1297,0.1257,0.6798,0.088,0.4305,0.2432,0.5653,0.0175605125771238,0.2936639772187945,0.2333887043189368,0.0029663028001898,0.0153061224489795,0.0090175605125771,0.4087565258661604,0.0193402942572377,0.019175233914751,0.3385699433984059,0.0020792422317199,0.0185976666281621,0.6215779138269608,,,,,,,,,,,,,,,,,,,,,,
Región Eje Cafetero - Antioquia,5,Antioquia,05044,Anza,0.6244,0.0762,0.7327,0.0537,0.052,0.5525,0.0364,0.3499,0.1007,0.4594,0.0228813559322033,0.4822033898305085,0.0966101694915254,0.0038135593220338,0.0122881355932203,0.0072033898305084,0.3322033898305084,0.0427966101694915,0.0192442267319804,0.1333100069979006,0.0024492652204338,0.0097970608817354,0.8351994401679497,,,,,,,,,,,,,,,,,,,,,,
Región Centro Sur,73,Tolima,73043,Anzoátegui,0.95,0.1488,0.95,0.1048,0.1016,0.95,0.0711,0.6554,0.1966,0.8606,0.0105513057240833,0.1390134529147982,0.1886045898179899,0.0015826958586125,0.0071221313637562,0.0139804800844104,0.6222632550778159,0.0168820891585333,0.0116722248689852,0.233206288708909,0.0016674606955693,0.0071462601238685,0.746307765602668,,,,,,,,,,,,,,,,,,,,,,
Región Eje Cafetero - Antioquia,5,Antioquia,05045,Apartadó,0.4227,0.4163,0.4961,0.2932,0.2841,0.3741,0.199,0.2369,0.5498,0.3111,0.0236323674712156,0.1680075817151614,0.5275744560724296,0.002016413606759,0.011070110701107,0.020022987115117,0.2249309378339685,0.0227451454842417,0.0265708270904849,0.6428774631592922,0.0011569025357027,0.0105448821287006,0.3188499250858194,,,,,,,,,,,,,,,,,,,,,,
Región Eje Cafetero - Antioquia,66,Risaralda,66045,Apía,0.825,0.1664,0.95,0.1172,0.1135,0.73,0.0795,0.4623,0.2198,0.607,0.0241391551295704,0.2522186723464679,0.2108626198083067,0.002484913028044,0.0248491302804401,0.0126020589279375,0.4389421370252041,0.0339013134540291,0.029466871061148,0.2973939703628002,0.00340657468915,0.0238460228240504,0.6458865610628512,,,,,,,,,,,,,,,,,,,,,,
Región Centro Oriente,25,Cundinamarca,25599,Apulo,0.95,0.1666,0.95,0.1174,0.1137,0.9437,0.0796,0.5976,0.22,0.7847,0.0093632958801498,0.1645599250936329,0.2111423220973782,0.0021067415730337,0.0084269662921348,0.0098314606741573,0.5674157303370787,0.0271535580524344,0.0128428384849804,0.2766652154984763,0.0013060513713539,0.0069656073138876,0.7022202873313017,,,,,,,,,,,,,,,,,,,,,,
Región Centro Oriente,15,Boyacá,15047,Aquitania,0.95,0.1157,0.95,0.0815,0.079,0.95,0.0553,0.7684,0.1528,0.95,0.010585467851542,0.0700470465237846,0.1466283324621014,0.001437532671197,0.0100627286983795,0.0086251960271824,0.7296131730266597,0.0230005227391531,0.0148681612266233,0.2024625392031595,0.0006969450574979,0.0095249157858055,0.7724474387269137,,,,,,,,,,,,,,,,,,,,,,
Región Caribe,47,Magdalena,47053,Aracataca,0.3197,0.4574,0.3752,0.3222,0.3121,0.2829,0.2186,0.1792,0.6041,0.2353,0.0158982511923688,0.1917831143837335,0.5796167684712576,0.0016735001255125,0.0110451008283825,0.0169860262739519,0.1701112877583465,0.0128859509664463,0.0157737878898015,0.6933197644835356,0.000799592934506,0.0104673984153521,0.2796394562768045,,,,,,,,,,,,,,,,,,,,,,
Región Eje Cafetero - Antioquia,17,Caldas,17050,Aranzazu,0.6491,0.0936,0.7618,0.0659,0.0639,0.5744,0.0447,0.3637,0.1236,0.4776,0.018142113220225,0.4204602721316983,0.1185956660507307,0.0050394758945069,0.0199899210482109,0.0095750041995632,0.3453720813035444,0.0628254661515202,0.0204688015846814,0.2033674480026411,0.0026411356883459,0.0211290855067679,0.7523935292175635,,,,,,,,,,,,,,,,,,,,,,
Región Centro Oriente,68,Santander,68051,Aratoca,0.95,0.0785,0.95,0.0553,0.0536,0.95,0.0375,0.8363,0.1037,0.95,0.0060106856634016,0.0879341050756901,0.0995102404274265,0.0022261798753339,0.0026714158504007,0.0022261798753339,0.7940783615316117,0.0053428317008014,0.0089602000416753,0.1164826005417795,0.0010418837257762,0.0054177953740362,0.8680975203167327,,,,,,,,,,,,,,,,,,,,,,
Región Llano,81,Arauca,81001,Arauca,0.95,0.1143,0.95,0.0805,0.078,0.95,0.0547,0.6058,0.151,0.7955,0.0160323435103861,0.2139969329429806,0.1449045029973511,0.0014219991635299,0.0097867001254705,0.0139969329429806,0.575212602816116,0.024647985501185,0.0180820064522843,0.1929441148922885,0.0007284837131855,0.0088979082110521,0.7793474867311895,,,,,,,,,,,,,,,,,,,,,,
Región Llano,81,Arauca,81065,Arauquita,0.9247,0.2912,0.95,0.2051,0.1987,0.8182,0.1392,0.5182,0.3845,0.6804,0.0205262044156027,0.0631304225153417,0.3689779219863158,0.0035973760316004,0.0139662834168018,0.02511109543627,0.4919940749100656,0.0126966212880016,0.0205569420727702,0.462038618153159,0.0017076054117956,0.0132667805070274,0.5024300538552476,,,,,,,,,,,,,,,,,,,,,,
Región Centro Oriente,25,Cundinamarca,25053,Arbeláez,0.8645,0.1786,0.95,0.1258,0.1219,0.765,0.0854,0.4845,0.2358,0.6362,0.0149686141960405,0.2427168839530017,0.2262996941896024,0.0004828585224529,0.0091743119266055,0.0091743119266055,0.4600032190568163,0.0371801062288749,0.0169277013130833,0.2928334124347413,0.0007910140800506,0.0107577914886884,0.6786900806834362,,,,,,,,,,,,,,,,,,,,,,
Región Pacífico,52,Nariño,52051,Arboleda,0.4213,0.3933,0.4945,0.277,0.2684,0.3728,0.188,0.2361,0.5194,0.31,0.0232640112795206,0.2033838561861121,0.49841381741276,0.0024673951357067,0.0236164962989072,0.0084596404652802,0.2241804723299259,0.016214310891787,0.0161859917598587,0.6506768687463214,0.0020600353148911,0.0247204237786933,0.3063566804002354,,,,,,,,,,,,,,,,,,,,,,
Región Centro Oriente,54,Norte de Santander,54051,Arboledas,0.95,0.053,0.95,0.0373,0.0362,0.95,0.0253,0.6403,0.07,0.8407,0.006787330316742,0.2968325791855203,0.0671945701357466,0.0018099547511312,0.0049773755656108,0.0036199095022624,0.607918552036199,0.0108597285067873,0.0081829626521191,0.0826689047419219,0.0020981955518254,0.0060847671002937,0.9009651699538396,,,,,,,,,,,,,,,,,,,,,,
Región Eje Cafetero - Antioquia,5,Antioquia,05051,Arboletes,0.2943,0.314,0.3454,0.2212,0.2142,0.2604,0.1501,0.1649,0.4147,0.2165,0.0104595879556259,0.3807712625462229,0.3978869519281564,0.0023243528790279,0.0071843634442683,0.0097200211304807,0.1565768621236133,0.0350765979926043,0.0121471056379324,0.4284996230208595,0.0018430091312725,0.0057803468208092,0.5517299153891262,,,,,,,,,,,,,,,,,,,,,,
Región Centro Oriente,15,Boyacá,15051,Arcabuco,0.95,0.1922,0.95,0.1354,0.1312,0.95,0.0919,0.6932,0.2539,0.9102,0.0111144487834184,0.0504656052868729,0.2436167017122258,0.0018023430459597,0.0108140582757584,0.0099128867527786,0.6581556022829679,0.014118353860018,0.0157097972007997,0.3141959440159954,0.0011425307055127,0.0117109397315052,0.6572407883461868,,,,,,,,,,,,,,,,,,,,,,
Región Caribe,13,Bolívar,13042,Arenal,0.2625,0.3825,0.3081,0.2694,0.261,0.2323,0.1828,0.1471,0.5052,0.1932,0.0136939404313591,0.3307086614173228,0.484765491270113,0.0010270455323519,0.0075316672372475,0.0130092434097911,0.139678192399863,0.0095857583019513,0.0109176748303334,0.5361463558571851,0.0017704337562702,0.0035408675125405,0.4476246680436707,,,,,,,,,,,,,,,,,,,,,,
Región Eje Cafetero - Antioquia,5,Antioquia,05055,Argelia,0.4896,0.0571,0.5745,0.0402,0.0389,0.4332,0.0273,0.2743,0.0754,0.3602,0.0151865302079894,0.6021789369428855,0.0723010894684714,0.0049521294156487,0.0108946847144272,0.0069329811819082,0.2604820072631231,0.0270716408055463,0.016383495145631,0.1089199029126213,0.0024271844660194,0.0057645631067961,0.866504854368932,,,,,,,,,,,,,,,,,,,,,,
Región Pacífico,19,Cauca,19050,Argelia,0.0954,0.6732,0.112,0.4742,0.4594,0.0844,0.3218,0.0535,0.8891,0.0702,0.0225255972696245,0.0308020477815699,0.8531569965870307,0.0025597269624573,0.0197098976109215,0.0126279863481228,0.0507679180887372,0.0078498293515358,0.0177018827797585,0.9124913992619004,0.0014386689184962,0.0220804403577907,0.0462876086820541,,,,,,,,,,,,,,,,,,,,,,
Región Pacífico,76,Valle del Cauca,76054,Argelia,0.7146,0.1234,0.8387,0.087,0.0842,0.6324,0.059,0.4005,0.163,0.5259,0.0183383233532934,0.3967065868263473,0.156437125748503,0.0041167664670658,0.0160928143712574,0.0071107784431137,0.3802395209580838,0.0209580838323353,0.0149565217391304,0.2212173913043478,0.0010434782608695,0.0142608695652173,0.7485217391304347,,,,,,,,,,,,,,,,,,,,,,
Región Caribe,47,Magdalena,47058,Ariguaní,0.4727,0.3206,0.5548,0.2259,0.2188,0.4183,0.1533,0.2649,0.4235,0.3479,0.0103263516804676,0.3047247929858743,0.4063321967851924,0.0017535314174378,0.0081831466147101,0.00828056502679,0.2515343399902581,0.0088650754992693,0.0134192637061887,0.491657102498455,0.0012359848150437,0.0075041935199081,0.4861834554604043,,,,,,,,,,,,,,,,,,,,,,
Región Caribe,13,Bolívar,13052,Arjona,0.2337,0.4271,0.2743,0.3009,0.2915,0.2068,0.2042,0.131,0.5641,0.172,0.0203191224133632,0.2428322114185988,0.5413030831879,0.0023684866616803,0.0123826144768553,0.0364830050693925,0.1243663259370065,0.0199451508352031,0.0206990534418621,0.6765864977348901,0.001878383853265,0.0105336820006629,0.2903023829693197,,,,,,,,,,,,,,,,,,,,,,
Región Eje Cafetero - Antioquia,5,Antioquia,05059,Armenia,0.3047,0.0836,0.3575,0.0589,0.057,0.2696,0.04,0.1707,0.1104,0.2242,0.0200913242009132,0.6442922374429224,0.1059360730593607,0.0041095890410958,0.0264840182648401,0.0073059360730593,0.1621004566210045,0.0296803652968036,0.0188042430086788,0.1658630665380906,0.0043394406943105,0.0130183220829315,0.7979749276759884,,,,,,,,,,,,,,,,,,,,,,
Región Eje Cafetero - Antioquia,63,Quindío,63001,Armenia,0.4962,0.2514,0.5823,0.1771,0.1715,0.4391,0.1201,0.278,0.332,0.3651,0.0237337931915437,0.3063358242319729,0.3185412275659449,0.0011560324455515,0.0139681931404483,0.0148815226416299,0.2640033211981861,0.0573800855847224,0.0309598508327022,0.4160074838200574,0.0008972947517802,0.0160622124361234,0.5360731581593366,,,,,,,,,,,,,,,,,,,,,,
Región Centro Sur,73,Tolima,73055,Armero,0.7064,0.3122,0.829,0.2199,0.2131,0.6251,0.1492,0.3958,0.4124,0.5198,0.0147880973850315,0.1518485121731289,0.3956717763751127,0.0019837691614066,0.0189359783588818,0.023985572587917,0.3758340847610459,0.0169522091974752,0.0181424766977363,0.4826897470039947,0.0011651131824234,0.0189747003994673,0.4790279627163781,,,,,,,,,,,,,,,,,,,,,,
Región Caribe,13,Bolívar,13062,Arroyohondo,0.2008,0.1966,0.2356,0.1385,0.1342,0.1777,0.094,0.1125,0.2597,0.1477,0.0113253749617385,0.5818794000612182,0.2491582491582491,0.0033670033670033,0.0088766452402816,0.0076522803795531,0.1068258340985613,0.0309152127333945,0.0123384253819036,0.3789659224441833,0.0017626321974148,0.0049941245593419,0.6019388954171563,,,,,,,,,,,,,,,,,,,,,,
Región Caribe,20,Cesar,20032,Astrea,0.406,0.3296,0.4765,0.2321,0.2249,0.3593,0.1575,0.2275,0.4353,0.2988,0.0107234772662281,0.3228481555619102,0.4176436945953674,0.0015727766657134,0.007006005147269,0.0125822133257077,0.2160423219902773,0.0115813554475264,0.0107355864811133,0.4726308813783962,0.0010603048376408,0.0049039098740888,0.5106693174287608,,,,,,,,,,,,,,,,,,,,,,
Región Centro Sur,73,Tolima,73067,Ataco,0.8479,0.1142,0.95,0.0805,0.078,0.7503,0.0546,0.4751,0.1509,0.6239,0.0117934119560797,0.3292666395553748,0.1447742984953233,0.0025755727260403,0.0056933712891419,0.0337535583570557,0.4511318964348651,0.021011251186119,0.0074743821579264,0.1783001808318264,0.00084388185654,0.0047016274864376,0.8086799276672695,,,,,,,,,,,,,,,,,,,,,,
Región Pacífico,27,Chocó,27050,Atrato,0.0713,0.6027,0.0837,0.4245,0.4113,0.0631,0.2881,0.04,0.796,0.0525,0.0138465798947659,0.1320963721960675,0.7637773469952922,0.0030462475768485,0.019108280254777,0.0096926059263361,0.0379396289116588,0.0204929382442536,0.0107629753647452,0.8598421430279838,0.002152595072949,0.0165032288926094,0.1107390576417125,,,,,,,,,,,,,,,,,,,,,,
Región Caribe,23,Córdoba,23068,Ayapel,0.2916,0.3605,0.3422,0.254,0.246,0.258,0.1723,0.1634,0.4762,0.2146,0.0125384615384615,0.3333076923076923,0.4569230769230769,0.002076923076923,0.0102307692307692,0.0142307692307692,0.1551538461538461,0.0155384615384615,0.0148024112525117,0.5333556597454789,0.001339584728734,0.0103148024112525,0.4401875418620227,,,,,,,,,,,,,,,,,,,,,,
Región Pacífico,27,Chocó,27073,Bagadó,0.0624,0.5595,0.0733,0.3941,0.3818,0.0553,0.2674,0.035,0.7389,0.0459,0.0117746005046257,0.1925988225399495,0.7089991589571069,0.005466778805719,0.0155592935239697,0.0067283431455004,0.0332211942809083,0.0256518082422203,0.0067399787158566,0.8109258602341256,0.0031926214969847,0.0113515431003902,0.1677899964526427,,,,,,,,,,,,,,,,,,,,,,
Región Pacífico,27,Chocó,27075,Bahía Solano,0.1635,0.5377,0.1918,0.3788,0.3669,0.1446,0.257,0.0916,0.7102,0.1203,0.0213262245918027,0.1349550149950016,0.6814395201599467,0.0053315561479506,0.019993335554815,0.0179940019993335,0.0869710096634455,0.0319893368877041,0.0204481792717086,0.7784313725490196,0.0014005602240896,0.0162464985994397,0.1834733893557422,,,,,,,,,,,,,,,,,,,,,,
Región Pacífico,27,Chocó,27077,Bajo Baudó,0.0903,0.6427,0.106,0.4527,0.4386,0.0799,0.3072,0.0506,0.8489,0.0665,0.0104493207941483,0.0757575757575757,0.8145245559038663,0.002612330198537,0.0101880877742946,0.0154127481713688,0.0480668756530825,0.0229885057471264,0.0105991780229288,0.8875189271036124,0.0015141682889898,0.0105991780229288,0.0897685485615401,,,,,,,,,,,,,,,,,,,,,,
Región Pacífico,19,Cauca,19075,Balboa,0.0967,0.6545,0.1134,0.461,0.4466,0.0855,0.3128,0.0542,0.8644,0.0711,0.0174982265310948,0.0513123669898321,0.8293922913218255,0.0039016315913927,0.0145424450224639,0.0163159139276424,0.0514305982501773,0.015606526365571,0.0180645161290322,0.8812903225806452,0.0021505376344086,0.0224516129032258,0.0760430107526881,,,,,,,,,,,,,,,,,,,,,,
Región Eje Cafetero - Antioquia,66,Risaralda,66075,Balboa,0.8931,0.2037,0.95,0.1435,0.139,0.7903,0.0973,0.5005,0.269,0.6572,0.0201294033069734,0.1847591660675772,0.2580877066858375,0.0039539899352983,0.0212077641984184,0.01294033069734,0.4751976994967649,0.02372393961179,0.0192837465564738,0.3254132231404958,0.0027548209366391,0.0220385674931129,0.6305096418732782,,,,,,,,,,,,,,,,,,,,,,
Región Caribe,8,Atlántico,08078,Baranoa,0.2141,0.4645,0.2513,0.3272,0.317,0.1895,0.222,0.12,0.6135,0.1576,0.0163503176980047,0.2478044437249585,0.5886519082115829,0.0014974300862034,0.0060301914282245,0.0097130600186166,0.1139260998016916,0.0160265490307175,0.014822910618532,0.7042931794118652,0.001024625157963,0.0060452884319819,0.2738139963796577,,,,,,,,,,,,,,,,,,,,,,
Región Centro Sur,41,Huila,41078,Baraya,0.7089,0.233,0.832,0.1641,0.159,0.6273,0.1114,0.3973,0.3077,0.5217,0.0112071725904578,0.2750560358629523,0.2952289465257764,0.0019212295869356,0.0108869676593019,0.0108869676593019,0.377201408901697,0.0176112712135766,0.0127596439169139,0.3477744807121661,0.0014836795252225,0.0103857566765578,0.6275964391691394,,,,,,,,,,,,,,,,,,,,,,
Región Pacífico,52,Nariño,52079,Barbacoas,0.1466,0.5306,0.172,0.3738,0.3621,0.1297,0.2536,0.0821,0.7008,0.1079,0.0297610321067292,0.1426477056150124,0.6724820407564873,0.0043981820847383,0.0266823046474124,0.0170063040609881,0.0779944289693593,0.0290280017592728,0.0210777490554782,0.7878305826207994,0.0034798170610459,0.0223702525352952,0.1652415987273812,,,,,,,,,,,,,,,,,,,,,,
Región Eje Cafetero - Antioquia,5,Antioquia,05079,Barbosa,0.4319,0.1923,0.5068,0.1354,0.1312,0.3822,0.0919,0.242,0.2539,0.3178,0.027072682818404,0.4118693042898422,0.2436541453656368,0.0030228939764392,0.0227606134696599,0.0135585685707935,0.2297843965325628,0.0482773949766614,0.0358359509799584,0.3380082289961509,0.0020793699951333,0.025173649515551,0.5989028005132062,,,,,,,,,,,,,,,,,,,,,,
Región Centro Oriente,68,Santander,68077,Barbosa,0.95,0.192,0.95,0.1352,0.131,0.95,0.0918,0.6823,0.2536,0.896,0.0070282300573972,0.0770176877123111,0.2432938971535668,0.0005856858381164,0.0056225840459177,0.0099566592479793,0.6478856741243997,0.0086095818203115,0.009953434225844,0.3115832363213038,0.0003492433061699,0.0067520372526193,0.6713620488940628,,,,,,,,,,,,,,,,,,,,,,
Región Centro Oriente,68,Santander,68079,Barichara,0.95,0.1278,0.95,0.09,0.0872,0.95,0.0611,0.7358,0.1688,0.95,0.0067929188966652,0.101482091395636,0.1620008233841086,0.0008233841086867,0.0032935364347468,0.0061753808151502,0.6986414162206669,0.0207904487443392,0.0120388349514563,0.1986407766990291,0.0005825242718446,0.0029126213592233,0.7858252427184466,,,,,,,,,,,,,,,,,,,,,,
Región Llano,50,Meta,50110,Barranca de Upía,0.95,0.1823,0.95,0.1284,0.1244,0.95,0.0871,0.7029,0.2408,0.923,0.0152173913043478,0.0571428571428571,0.231055900621118,0.001863354037267,0.0161490683229813,0.0031055900621118,0.6673913043478261,0.0080745341614906,0.0182926829268292,0.2929878048780487,0.0012195121951219,0.0158536585365853,0.6716463414634146,,,,,,,,,,,,,,,,,,,,,,
Región Centro Oriente,68,Santander,68081,Barrancabermeja,0.7276,0.3872,0.8539,0.2727,0.2642,0.6438,0.1851,0.4077,0.5114,0.5354,0.0108668659068138,0.0659547684903705,0.4906788151776463,0.0007450097193796,0.0112436524315575,0.0223160382609589,0.3871310275139796,0.0110638224992935,0.0156581674699697,0.5889835093940681,0.0006493020003496,0.012886147391554,0.3818228737440585,,,,,,,,,,,,,,,,,,,,,,
Región Caribe,44,La Guajira,44078,Barrancas,0.2771,0.5271,0.3252,0.3713,0.3597,0.2452,0.2519,0.1553,0.6961,0.2039,0.0109097808557062,0.1416374158049521,0.6679631913480695,0.000569205957689,0.0053125889384308,0.0138506783037662,0.1474243430414571,0.0123327957499288,0.0110072853975293,0.7531675641431739,0.000475134621476,0.0055432372505543,0.2298067785872664,,,,,,,,,,,,,,,,,,,,,,
Región Caribe,13,Bolívar,13074,Barranco de Loba,0.4616,0.1913,0.5417,0.1347,0.1305,0.4084,0.0914,0.2587,0.2526,0.3396,0.0074357340131718,0.4608030592734226,0.242404928829403,0.0019120458891013,0.0042489908646696,0.0197578075207138,0.2455916719779052,0.0178457616316124,0.007343124165554,0.2852136181575433,0.0016688918558077,0.0023364485981308,0.703437917222964,,,,,,,,,,,,,,,,,,,,,,
Región Llano,94,Guainía,94343,Barranco Minas,0.2066,0.6012,0.2425,0.4235,0.4103,0.1828,0.2874,0.1158,0.7941,0.152,0.0189537528430629,0.0591357088703563,0.7619408642911296,0.0037907505686125,0.0090978013646702,0.0151630022744503,0.1099317664897649,0.0219863532979529,0.0181286549707602,0.8064327485380117,0.0029239766081871,0.0058479532163742,0.1666666666666666,,,,,,,,,,,,,,,,,,,,,,
Región Caribe,8,Atlántico,08001,Barranquilla,0.2588,0.4082,0.3038,0.2875,0.2785,0.229,0.1951,0.145,0.5391,0.1905,0.0145064743458317,0.2780491334708202,0.5172582220774992,0.00067537416935,0.005234149812463,0.0138109997547748,0.1377220594088063,0.0327435869604544,0.0167922271196337,0.6385051660175025,0.000551848871736,0.0046871550944551,0.3394636028966725,,,,,,,,,,,,,,,,,,extreme,0.0,4500.0,0.0,1.0
Región Caribe,20,Cesar,20045,Becerril,0.4303,0.4836,0.505,0.3406,0.33,0.3808,0.2311,0.2411,0.6387,0.3166,0.0127049180327868,0.1062841530054644,0.6128415300546448,0.0013661202185792,0.0147540983606557,0.0113387978142076,0.2289617486338797,0.0117486338797814,0.0142410559221952,0.6912122264675234,0.0010420284821118,0.0099571610512909,0.2835475280768785,,,,,,,,,,,,,,,,,,,,,,
Región Eje Cafetero - Antioquia,17,Caldas,17088,Belalcázar,0.6917,0.1759,0.8117,0.1239,0.12,0.6121,0.0841,0.3876,0.2324,0.509,0.0184304399524375,0.3293697978596908,0.22294887039239,0.0029726516052318,0.0198176773682124,0.0110978993261989,0.3680142687277051,0.0273483947681331,0.0202020202020202,0.3161242050130939,0.0024317246539468,0.0209502431724653,0.6402918069584737,,,,,,,,,,,,,,,,,,,,,,
Región Centro Oriente,15,Boyacá,15087,Belén,0.95,0.2039,0.95,0.1436,0.1391,0.95,0.0975,0.6052,0.2693,0.7947,0.0145094426531552,0.100644864117918,0.2584062643942883,0.001612160294795,0.0085214187010594,0.0105941962229387,0.5746199907876555,0.0310916628281897,0.0186147186147186,0.3541125541125541,0.0006493506493506,0.0170995670995671,0.6095238095238096,,,,,,,,,,,,,,,,,,,,,,
Región Pacífico,52,Nariño,52083,Belén,0.2617,0.5281,0.3072,0.372,0.3603,0.2316,0.2524,0.1467,0.6974,0.1926,0.041427660930529,0.1080305927342256,0.6692160611854685,0.002868068833652,0.0089228808158062,0.0108349267049075,0.1392606755895475,0.0194391332058636,0.0314825414997137,0.7676016027475673,0.0020034344590726,0.0100171722953634,0.1888952489982827,,,,,,,,,,,,,,,,,,,,,,
Región Pacífico,27,Chocó,27086,Belén de Bajira,0.6652,0.2194,0.7806,0.1546,0.1497,0.5886,0.1049,0.3727,0.2898,0.4895,,,,,,,,,,,,,,,,,,,,,,,,,,,,,,,,,,,
Región Centro Sur,18,Caquetá,18094,Belén de Los Andaquies,0.95,0.2091,0.95,0.1473,0.1427,0.8688,0.0999,0.5502,0.2762,0.7224,0.0164700098328416,0.1506882989183874,0.2649950835791543,0.0031956735496558,0.0145034414945919,0.0090953785644051,0.522369714847591,0.0186823992133726,0.0215526720914888,0.3329667912909611,0.0017594018033868,0.016714317132175,0.6270068176819881,,,,,,,,,,,,,,,,,,,,,,
Región Eje Cafetero - Antioquia,66,Risaralda,66088,Belén de Umbría,0.9122,0.1606,0.95,0.1131,0.1096,0.8072,0.0768,0.5112,0.2121,0.6713,0.0241483398016386,0.2228546787408365,0.2035360068995256,0.0044846916774471,0.0228546787408365,0.0075894782233721,0.4853816300129366,0.0291504959034066,0.0293870696893366,0.2990764063811922,0.0033585222502099,0.0230058774139378,0.6451721242653232,,,,,,,,,,,,,,,,,,,,,,
Región Eje Cafetero - Antioquia,5,Antioquia,05088,Bello,0.3091,0.2104,0.3628,0.1482,0.1436,0.2735,0.1006,0.1732,0.2779,0.2275,0.0211386351094487,0.465407648128845,0.266667688597298,0.0007051321356306,0.0132391113291229,0.0160800784842724,0.1644746254624236,0.0522870807529584,0.0330499684667545,0.3631066240663814,0.0007296949353959,0.017768071676891,0.585345640854577,,,,,,,,,,,,,,,,,,,,,,
Región Eje Cafetero - Antioquia,5,Antioquia,05086,Belmira,0.4269,0.0757,0.501,0.0533,0.0517,0.3777,0.0362,0.2392,0.1,0.3141,0.0222304557243423,0.584290477954798,0.0959614672100778,0.0033345683586513,0.0114857354575768,0.0059281215264912,0.2271211559836976,0.0496480177843645,0.0322108345534407,0.1431185944363104,0.0029282576866764,0.0120790629575402,0.8096632503660323,,,,,,,,,,,,,,,,,,,,,,
Región Centro Oriente,25,Cundinamarca,25086,Beltrán,0.95,0.1806,0.95,0.1272,0.1233,0.9191,0.0863,0.582,0.2386,0.7642,0.0080321285140562,0.1943775100401606,0.2289156626506024,,0.0048192771084337,0.0040160642570281,0.5526104417670683,0.0072289156626506,0.0062794348508634,0.2904238618524333,0.0007849293563579,0.0047095761381475,0.6978021978021978,,,,,,,,,,,,,,,,,,,,,,
Región Centro Oriente,15,Boyacá,15090,Berbeo,0.9209,0.2786,0.95,0.1962,0.1901,0.8149,0.1331,0.516,0.3679,0.6776,0.0271546635182998,0.0779220779220779,0.3530106257378985,0.0035419126328217,0.0094451003541912,0.0047225501770956,0.4899645808736718,0.0342384887839433,0.024390243902439,0.4467849223946785,0.0022172949002217,0.0066518847006651,0.5199556541019955,,,,,,,,,,,,,,,,,,,,,,
Región Eje Cafetero - Antioquia,5,Antioquia,05091,Betania,0.4779,0.0853,0.5608,0.0601,0.0582,0.4229,0.0408,0.2678,0.1126,0.3517,0.0094627594627594,0.5879120879120879,0.108058608058608,0.0018315018315018,0.0039682539682539,0.0036630036630036,0.2542735042735042,0.0308302808302808,0.0160088324592878,0.1645045542368203,0.0013800717637317,0.0027601435274634,0.8153463980126967,,,,,,,,,,,,,,,,,,,,,,
Región Centro Oriente,15,Boyacá,15092,Betéitiva,0.8345,0.262,0.95,0.1846,0.1788,0.7385,0.1252,0.4676,0.3461,0.6141,0.0125482625482625,0.1621621621621621,0.332046332046332,0.0019305019305019,0.0077220077220077,0.0028957528957528,0.444015444015444,0.0366795366795366,0.0177815410668924,0.3691786621507197,0.0008467400508044,0.0025402201524132,0.6096528365791702,,,,,,,,,,,,,,,,,,,,,,
Región Eje Cafetero - Antioquia,5,Antioquia,05093,Betulia,0.5052,0.0647,0.5928,0.0456,0.0441,0.447,0.0309,0.2831,0.0854,0.3717,0.0171647819063004,0.5595718901453958,0.0819870759289176,0.0036348949919224,0.0111066235864297,0.0171647819063004,0.2687802907915994,0.040589660743134,0.0197289414993995,0.1154571967747469,0.0027448962086121,0.0065191284954537,0.8555498370217877,,,,,,,,,,,,,,,,,,,,,,
Región Centro Oriente,68,Santander,68092,Betulia,0.95,0.0768,0.95,0.0541,0.0524,0.95,0.0367,0.8816,0.1014,0.95,0.0060354583176159,0.0396076952093549,0.0973217653715579,0.0015088645794039,0.0052810260279139,0.0052810260279139,0.8370426254243681,0.0079215390418709,0.004706734250543,0.1288921071687183,0.000362056480811,0.0057929036929761,0.8602461984069515,,,,,,,,,,,,,,,,,,,,,,
Región Centro Oriente,25,Cundinamarca,25095,Bituima,0.95,0.1497,0.95,0.1055,0.1022,0.95,0.0716,0.6165,0.1977,0.8095,0.0095238095238095,0.1663003663003663,0.1897435897435897,0.0014652014652014,0.008058608058608,0.0087912087912087,0.5853479853479854,0.0307692307692307,0.0151515151515151,0.2476943346508563,0.0006587615283267,0.0098814229249011,0.7266139657444005,,,,,,,,,,,,,,,,,,,,,,
Región Centro Oriente,15,Boyacá,15097,Boavita,0.95,0.14,0.95,0.0986,0.0955,0.95,0.0669,0.6331,0.1849,0.8313,0.0051851851851851,0.1655555555555555,0.1774074074074074,0.0007407407407407,0.0066666666666666,0.0048148148148148,0.6011111111111112,0.0385185185185185,0.0139909059111577,0.2402938090241343,0.0010493179433368,0.0087443161944735,0.7359216509268975,,,,,,,,,,,,,,,,,,,,,,
Región Centro Oriente,54,Norte de Santander,54099,Bochalema,0.95,0.0693,0.95,0.0488,0.0473,0.9438,0.0331,0.5977,0.0915,0.7848,0.0094300083822296,0.2958927074601844,0.0878038558256496,0.0018860016764459,0.0044006705783738,0.0144593461860854,0.567476948868399,0.018650461022632,0.0085661839689985,0.1170711809096471,0.0008158270446665,0.0040791352233326,0.8694676728533551,,,,,,,,,,,,,,,,,,,,,,
Región Centro Oriente,11,Bogotá D.C.,11001,Bogotá D.C.,0.4123,0.3679,0.4838,0.2591,0.251,0.3648,0.1758,0.231,0.4859,0.3034,0.0193224806124051,0.190965145344149,0.466191775718736,0.0003709537431205,0.0089486671053216,0.0161698999714023,0.2193546825543611,0.0786763949505039,0.0288851327044322,0.5796866423959364,0.0003468960257535,0.0101093210705159,0.3809720078033619,Bogota D.C.,7181469.0,95000.0,14000.0,0.0,11.5,2100000.0,2650000.0,0.0132284912738605,0.0019494618719373,0.0,11.5,0.7924528301886793,0.045,0.032,7900000.0,7900000.0,low,0.0,0.0,0.0,0.0
Región Centro Oriente,25,Cundinamarca,25099,Bojacá,0.95,0.2551,0.95,0.1797,0.1741,0.8464,0.1219,0.536,0.3369,0.7038,0.0138394622380387,0.0784895215500197,0.3232502965599051,0.0001977066034005,0.0253064452352708,0.0172004744958481,0.5088967971530249,0.0328192961644919,0.0191623864085341,0.4417226392730146,0.0007902015013828,0.0306203081785855,0.5077044646384828,,,,,,,,,,,,,,,,,,,,,,
Región Pacífico,27,Chocó,27099,Bojaya,0.0619,0.6512,0.0727,0.4587,0.4444,0.0548,0.3113,0.0347,0.8601,0.0456,0.0075062552126772,0.1017514595496246,0.8252710592160133,0.0008340283569641,0.0050041701417848,0.0100083402835696,0.0329441201000834,0.0166805671392827,0.0076185101580135,0.9116817155756208,0.0002821670428893,0.0039503386004514,0.0764672686230248,,,,,,,,,,,,,,,,,,,,,,
Región Pacífico,19,Cauca,19100,Bolívar,0.0706,0.6559,0.0829,0.462,0.4476,0.0625,0.3135,0.0396,0.8663,0.052,0.012286788089043,0.0828996819890141,0.8312373518357907,0.0026741832899681,0.0130818155536282,0.0090344030066493,0.0375831165076611,0.0112026597282451,0.0103900172296768,0.9007988304704224,0.0023495013835952,0.0107032840808228,0.0757583668354826,,,,,,,,,,,,,,,,,,,,,,
Región Centro Oriente,68,Santander,68101,Bolívar,0.95,0.172,0.95,0.1212,0.1174,0.95,0.0822,0.7076,0.2272,0.9292,0.0057484479190618,0.074729822947804,0.2179811450908254,0.0022993791676247,0.0059783858358243,0.0133363991722235,0.6718785927799494,0.0080478270866865,0.007726038839006,0.2578826477343913,0.0020881186051367,0.0102317811651701,0.7220714136562957,,,,,,,,,,,,,,,,,,,,,,
Región Pacífico,76,Valle del Cauca,76100,Bolívar,0.5902,0.2216,0.6926,0.1561,0.1512,0.5222,0.1059,0.3307,0.2927,0.4343,0.0175238637982618,0.3437811654081778,0.2808092320843425,0.0021370565607636,0.0108277532412024,0.0106852828038182,0.314004843994871,0.0202308021085624,0.0173901321110811,0.3813696414127797,0.0018873011593421,0.0111889997303855,0.5881639255864114,,,,,,,,,,,,,,,,,,,,,,
Región Caribe,20,Cesar,20060,Bosconia,0.6037,0.3697,0.7085,0.2604,0.2523,0.5342,0.1767,0.3383,0.4883,0.4442,0.0114254624591947,0.1657372143634385,0.4685119695321001,0.0009521218715995,0.0100652883569096,0.0115614798694232,0.3212051142546246,0.0105413492927094,0.0138197211155378,0.5843500996015937,0.0009960159362549,0.0089641434262948,0.3918700199203187,,,,,,,,,,,,,,,,,,,,,,
Región Centro Oriente,15,Boyacá,15104,Boyacá,0.95,0.1868,0.95,0.1316,0.1274,0.95,0.0893,0.6837,0.2467,0.8978,0.0114116652578191,0.0659340659340659,0.2366863905325443,0.0021132713440405,0.0071851225697379,0.0080304311073541,0.6491969568892646,0.0194420963651732,0.0103473762010347,0.2997043606799704,0.0025868440502586,0.0044345898004434,0.6829268292682927,,,,,,,,,,,,,,,,,,,,,,
Región Eje Cafetero - Antioquia,5,Antioquia,05107,Briceño,0.95,0.1788,0.95,0.1259,0.122,0.9272,0.0855,0.5871,0.2361,0.771,0.0187393526405451,0.1388415672913117,0.2265758091993185,0.0076660988074957,0.0127768313458262,0.0080919931856899,0.557495741056218,0.0298126064735945,0.0137906647807637,0.3465346534653465,0.0053041018387553,0.0109618104667609,0.6234087694483734,,,,,,,,,,,,,,,,,,,,,,
Región Centro Oriente,15,Boyacá,15106,Briceño,0.95,0.0874,0.95,0.0615,0.0596,0.95,0.0418,0.8041,0.1154,0.95,0.0041011619958988,0.0943267259056732,0.1107313738892686,0.0034176349965823,0.0020505809979494,0.0068352699931647,0.7634996582365003,0.0150375939849624,0.005144694533762,0.1665594855305466,,0.002572347266881,0.8257234726688103,,,,,,,,,,,,,,,,,,,,,,
Región Centro Oriente,68,Santander,68001,Bucaramanga,0.95,0.1583,0.95,0.1115,0.1081,0.95,0.0757,0.6773,0.2091,0.8893,0.0072125422313328,0.1146443807871891,0.2006721972557298,0.000207324088431,0.0032149833994726,0.0130497373408203,0.6430463208734476,0.0179525140235765,0.0113182210570067,0.2506227346845053,0.0002703119050594,0.0039820140852848,0.7338067182681436,,,,,,,,,,,,,,,,,,high,0.0,0.0,0.0,1.0
Región Centro Oriente,54,Norte de Santander,54109,Bucarasica,0.95,0.0365,0.95,0.0257,0.0249,0.8654,0.0174,0.548,0.0482,0.7196,0.011090573012939,0.3927911275415896,0.0462107208872458,0.005083179297597,0.0036968576709796,0.0013863216266173,0.5203327171903882,0.0194085027726432,0.0123915737298636,0.0677406030565881,0.0033044196612969,0.0024783147459727,0.9140850888062784,,,,,,,,,,,,,,,,,,,,,,
Región Centro Oriente,15,Boyacá,15109,Buena Vista,0.95,0.1151,0.95,0.0811,0.0786,0.95,0.055,0.7783,0.1521,0.95,0.0066643283058575,0.0750613819712381,0.1459137144861452,0.0031567870922483,0.0084180989126622,0.0115748860049105,0.7390389337074711,0.0101718695194668,0.012468030690537,0.2014066496163682,0.0012787723785166,0.0076726342710997,0.7771739130434783,,,,,,,,,,,,,,,,,,,,,,
Región Pacífico,76,Valle del Cauca,76109,Buenaventura,0.133,0.6049,0.1561,0.4261,0.4128,0.1177,0.2892,0.0746,0.799,0.0979,0.0137417414828147,0.084767683735167,0.7666382850306629,0.0020262332539366,0.0216203399329618,0.0259422523522628,0.0707888298502958,0.0144746343618981,0.0130353274858913,0.8488018571941992,0.0012141698477916,0.016231022525279,0.1207176229468387,,,,,,,,,,,,,,,,,,,,,,
Región Caribe,23,Córdoba,23079,Buenavista,0.3188,0.4274,0.3742,0.301,0.2916,0.2821,0.2043,0.1787,0.5645,0.2346,0.0152550646814742,0.2339516719550891,0.5416158164510617,0.0034171344886502,0.0052477422504271,0.0120820112277276,0.1696363192579936,0.0187942396875762,0.016330556773345,0.6273564226216571,0.0028496273564226,0.0084392810170977,0.3450241122314774,,,,,,,,,,,,,,,,,,,,,,
Región Eje Cafetero - Antioquia,63,Quindío,63111,Buenavista,0.5152,0.2283,0.6046,0.1608,0.1558,0.4559,0.1091,0.2887,0.3015,0.3791,0.0145310435931307,0.3645970937912813,0.2892998678996037,0.0013210039630118,0.0125495376486129,0.0079260237780713,0.2741083223249669,0.035667107001321,0.0161603102779573,0.3658694246929541,0.0025856496444731,0.0180995475113122,0.5972850678733032,,,,,,,,,,,,,,,,,,,,,,
Región Caribe,70,Sucre,70110,Buenavista,0.156,0.4334,0.1831,0.3053,0.2958,0.138,0.2072,0.0874,0.5725,0.1148,0.0133525061626951,0.3184059161873459,0.5493015612161052,0.0016433853738701,0.0032867707477403,0.0188989317995069,0.0829909613804437,0.0121199671322925,0.0138760407030527,0.6338575393154486,0.0012950971322849,0.0059204440333024,0.3450508788159112,,,,,,,,,,,,,,,,,,,,,,
Región Pacífico,19,Cauca,19110,Buenos Aires,0.1858,0.4111,0.218,0.2896,0.2806,0.1644,0.1965,0.1041,0.543,0.1367,0.0401801588242266,0.1687803721702026,0.5210382837501482,0.0145786416972857,0.0668484058314566,0.0572478369088538,0.0988503022401327,0.0324759985776934,0.04083857442348,0.6386582809224318,0.0114046121593291,0.0540041928721174,0.2550943396226415,,,,,,,,,,,,,,,,,,,,,,
Región Pacífico,52,Nariño,52110,Buesaco,0.3997,0.3671,0.469,0.2586,0.2505,0.3537,0.1755,0.224,0.4849,0.2941,0.0214354271088834,0.2437879918950624,0.4652874053535246,0.0035192492268316,0.0206889196971312,0.0085315132771675,0.2126479684334008,0.0241015250079982,0.0208870077291129,0.5909090909090909,0.0016562384983437,0.0213470739786529,0.3652005888847994,,,,,,,,,,,,,,,,,,,,,,
Región Pacífico,76,Valle del Cauca,76113,Bugalagrande,0.3249,0.4683,0.3813,0.3299,0.3195,0.2875,0.2238,0.1821,0.6185,0.2391,0.017634027470093,0.1621621621621621,0.5934426229508196,0.0024811696942844,0.0166592822330527,0.0101019051838723,0.1728843597696056,0.0246344705361098,0.018487674883411,0.6795469686875416,0.0013324450366422,0.0176548967355096,0.2829780146568954,,,,,,,,,,,,,,,,,,,,,,
Región Eje Cafetero - Antioquia,5,Antioquia,05113,Buriticá,0.4911,0.1979,0.5763,0.1394,0.1351,0.4346,0.0946,0.2752,0.2614,0.3614,0.0313545150501672,0.362876254180602,0.2508361204013378,0.0075250836120401,0.0246655518394648,0.0167224080267558,0.2612876254180602,0.0447324414715719,0.0367491166077738,0.3367491166077738,0.003886925795053,0.0137809187279151,0.6088339222614841,,,,,,,,,,,,,,,,,,,,,,
Región Centro Oriente,15,Boyacá,15114,Busbanzá,0.95,0.1895,0.95,0.1335,0.1293,0.9352,0.0906,0.5922,0.2503,0.7777,0.0091185410334346,0.1246200607902735,0.2401215805471124,,0.0091185410334346,0.0091185410334346,0.5623100303951368,0.0455927051671732,0.018465909090909,0.3181818181818182,0.002840909090909,0.0042613636363636,0.65625,,,,,,,,,,,,,,,,,,,,,,
Región Centro Oriente,25,Cundinamarca,25120,Cabrera,0.7042,0.4306,0.8265,0.3034,0.2939,0.6232,0.2058,0.3946,0.5688,0.5182,0.0071873502635361,0.0426449448969813,0.5457594633445136,0.0014374700527072,0.0057498802108289,0.0105414470531863,0.3747005270723527,0.0119789171058936,0.0066815144766146,0.6360801781737194,0.0004454342984409,0.0075723830734966,0.3492204899777283,,,,,,,,,,,,,,,,,,,,,,
Región Centro Oriente,68,Santander,68121,Cabrera,0.95,0.0396,0.95,0.0279,0.027,0.95,0.0189,0.872,0.0523,0.95,0.0062724014336917,0.1012544802867383,0.050179211469534,0.003584229390681,0.0008960573476702,0.0062724014336917,0.8279569892473119,0.003584229390681,0.0062597809076682,0.0625978090766823,0.0007824726134585,0.0023474178403755,0.9280125195618152,,,,,,,,,,,,,,,,,,,,,,
Región Llano,50,Meta,50124,Cabuyaro,0.95,0.1278,0.95,0.09,0.0872,0.95,0.0611,0.7163,0.1688,0.9406,0.0094745908699397,0.1105368934826299,0.1619293712316968,0.0031581969566465,0.0111972437553832,0.0143554407120298,0.6801607809359748,0.0091874820556991,0.010689170182841,0.210689170182841,0.00056258790436,0.0112517580872011,0.7668073136427567,,,,,,,,,,,,,,,,,,,,,,
Región Llano,94,Guainía,94886,Cacahual,0.1044,0.4822,0.1225,0.3397,0.3291,0.0924,0.2305,0.0585,0.6369,0.0768,,0.1666666666666666,0.6111111111111112,,,,0.0555555555555555,0.1666666666666666,,0.6060606060606061,0.0303030303030303,,0.3636363636363636,,,,,,,,,,,,,,,,,,,,,,
Región Eje Cafetero - Antioquia,5,Antioquia,05120,Cáceres,0.438,0.3551,0.5141,0.2501,0.2423,0.3876,0.1697,0.2455,0.469,0.3223,0.0235497835497835,0.2249350649350649,0.45004329004329,0.0051948051948051,0.0116017316017316,0.0202597402597402,0.233073593073593,0.0313419913419913,0.0223632953397778,0.5671620256817198,0.0024527485211369,0.00836820083682,0.3996537296205453,,,,,,,,,,,,,,,,,,,,,,
Región Centro Oriente,25,Cundinamarca,25123,Cachipay,0.95,0.1695,0.95,0.1194,0.1156,0.9144,0.081,0.5791,0.2238,0.7604,0.0143730381628944,0.1690071039154138,0.214769535767388,0.0018172806872625,0.0074343300842557,0.014042623492483,0.5498100115645135,0.0287460763257888,0.0169032052304257,0.2854409185137936,0.0007973210014351,0.0081326742146388,0.6887258810397066,,,,,,,,,,,,,,,,,,,,,,
Región Centro Oriente,54,Norte de Santander,54128,Cachirá,0.95,0.0366,0.95,0.0258,0.025,0.95,0.0175,0.6881,0.0483,0.9036,0.0038090970199417,0.2798565987004257,0.0463813578310553,0.0008962581223392,0.0051534842034505,0.0024647098364328,0.6533721711853013,0.0080663231010531,0.0086824397655741,0.0625135663121337,0.0010853049706967,0.0021706099413935,0.925548079010202,,,,,,,,,,,,,,,,,,,,,,
Región Centro Oriente,54,Norte de Santander,54125,Cácota,0.95,0.0727,0.95,0.0512,0.0496,0.95,0.0347,0.807,0.096,0.95,0.0088945362134688,0.1060991105463786,0.0921219822109275,,0.0038119440914866,0.0050825921219822,0.7662007623888183,0.0177890724269377,0.0132052821128451,0.1188475390156062,0.0012004801920768,0.0042016806722689,0.8625450180072028,,,,,,,,,,,,,,,,,,,,,,
Región Eje Cafetero - Antioquia,5,Antioquia,05125,Caicedo,0.4866,0.1159,0.5711,0.0817,0.0791,0.4306,0.0554,0.2727,0.1531,0.3581,0.0287671232876712,0.4852739726027397,0.146917808219178,0.0071917808219178,0.0202054794520547,0.0123287671232876,0.2589041095890411,0.0404109589041095,0.0263317191283293,0.1837167070217917,0.0027239709443099,0.0130145278450363,0.7742130750605327,,,,,,,,,,,,,,,,,,,,,,
Región Pacífico,76,Valle del Cauca,76122,Caicedonia,0.5594,0.2135,0.6565,0.1504,0.1457,0.495,0.102,0.3135,0.282,0.4117,0.0230600551743651,0.3384735092310957,0.2705665982881799,0.0032538728160147,0.0246162552168069,0.0091249911579543,0.2976586262997807,0.0332460918158025,0.0277279624775831,0.3610153124568906,0.0027590012415505,0.026003586701614,0.5824941371223618,,,,,,,,,,,,,,,,,,,,,,
Región Caribe,70,Sucre,70124,Caimito,0.1718,0.5011,0.2017,0.353,0.342,0.1521,0.2395,0.0963,0.6619,0.1264,0.0104315811004295,0.219267743914911,0.635099202290857,0.00265903047658,0.0077725506238494,0.0165678052771527,0.0914297402331765,0.0167723460830435,0.0127118644067796,0.7152189265536724,0.0012358757062146,0.0072387005649717,0.2635946327683616,,,,,,,,,,,,,,,,,,,,,,
Región Centro Sur,73,Tolima,73124,Cajamarca,0.95,0.2081,0.95,0.1466,0.142,0.8485,0.0995,0.5373,0.2749,0.7056,0.0134259259259259,0.1684027777777778,0.2637731481481482,0.0017361111111111,0.0162037037037037,0.0101851851851851,0.5101851851851852,0.0160879629629629,0.0140769969073264,0.3197184600618534,0.0011730830756105,0.0120507625039991,0.6529806974512105,,,,,,,,,,,,,,,,,,,,,,
Región Pacífico,19,Cauca,19130,Cajibío,0.2617,0.4263,0.3071,0.3003,0.2909,0.2316,0.2038,0.1467,0.563,0.1926,0.0254381006218202,0.1835311852270586,0.5402298850574713,0.0081967213114754,0.024495948746938,0.0464480874316939,0.1392500471075937,0.0324100244959487,0.0312479089996654,0.6443626630980261,0.0054867848778855,0.0350618936099029,0.2838407494145199,,,,,,,,,,,,,,,,,,,,,,
Región Centro Oriente,25,Cundinamarca,25126,Cajicá,0.7205,0.2449,0.8456,0.1725,0.1671,0.6376,0.1171,0.4038,0.3235,0.5302,0.0181108688167106,0.1979800298404682,0.3103867783771376,0.0003902215080913,0.0090898657178928,0.0129920807988063,0.3833811545965798,0.0676690003443131,0.0300168946284338,0.4177370455229234,0.0003008632460829,0.0121271031498067,0.5398180934527529,,,,,,,,,,,,,,,,,,,,,,
Región Caribe,13,Bolívar,13140,Calamar,0.2189,0.3035,0.2569,0.2138,0.2071,0.1937,0.1451,0.1227,0.4008,0.1611,0.0158019161378623,0.4336195097673261,0.3845962423789971,0.0032350379494836,0.0105760856040811,0.0136866990170461,0.1164613661814109,0.0220231429637924,0.0156844654595779,0.498443086149233,0.0025371929419905,0.0093414831046015,0.4739937723445969,,,,,,,,,,,,,,,,,,,,,,
Región Llano,95,Guaviare,95015,Calamar,0.6397,0.4117,0.7507,0.29,0.281,0.5661,0.1968,0.3585,0.5438,0.4707,0.0245335176226675,0.0639253628196268,0.5217691776088459,0.0048375950241879,0.0127850725639253,0.0165860400829302,0.3403593642017968,0.0152038700760193,0.0185245368865778,0.596035099122522,0.0032499187520311,0.0107247318817029,0.371465713357166,,,,,,,,,,,,,,,,,,,,,,
Región Eje Cafetero - Antioquia,63,Quindío,63130,Calarcá,0.6337,0.2268,0.7437,0.1598,0.1548,0.5608,0.1084,0.3551,0.2996,0.4663,0.0235614459170348,0.2779861632074685,0.2874607540774082,0.0015837292656497,0.0202272790419827,0.0113917368230946,0.3371676252396432,0.040621266427718,0.0302341503491715,0.3882514035327947,0.001369300287553,0.0231137888538956,0.557031356976585,,,,,,,,,,,,,,,,,,,,,,
Región Eje Cafetero - Antioquia,5,Antioquia,05129,Caldas,0.3673,0.1999,0.4311,0.1408,0.1364,0.3251,0.0955,0.2058,0.264,0.2703,0.0229925467585431,0.4370693292082688,0.2532930202034407,0.0011718933108329,0.0199924998828106,0.01094548352318,0.1954483663807247,0.0590868607321989,0.0357959416976278,0.3548871106030294,0.0012384490806897,0.0267219205487282,0.5813565780699247,,,,,,,,,,,,,,,,,,,,,,
Región Centro Oriente,15,Boyacá,15131,Caldas,0.95,0.1619,0.95,0.1141,0.1105,0.95,0.0774,0.6693,0.2139,0.8789,0.0073696145124716,0.1099773242630385,0.2052154195011337,0.0022675736961451,0.0090702947845804,0.0051020408163265,0.6354875283446711,0.0255102040816326,0.0143617021276595,0.2867021276595745,0.001063829787234,0.0101063829787234,0.6877659574468085,,,,,,,,,,,,,,,,,,,,,,
Región Pacífico,19,Cauca,19137,Caldono,0.136,0.6011,0.1596,0.4234,0.4102,0.1204,0.2873,0.0762,0.794,0.1001,0.0153196363376046,0.0895554441978667,0.7618297659102298,0.0073734698260433,0.014102655880879,0.0219772353067506,0.0723745436323287,0.0174672489082969,0.0150316005238285,0.8505950008540683,0.0030177076809201,0.0149177247622843,0.1164379661788988,,,,,,,,,,,,,,,,,,,,,,
Región Pacífico,76,Valle del Cauca,76001,Cali,0.2617,0.4159,0.3071,0.293,0.2838,0.2316,0.1988,0.1467,0.5494,0.1926,0.0218652249391995,0.2227195721084765,0.5271186423777335,0.0008425809500922,0.0120633660759958,0.0282528859643962,0.1392482183650738,0.0478895092190321,0.0231094667509677,0.6312308756249647,0.0005949539867177,0.0109923009893262,0.3340724026480235,Cali,2172527.0,580000.0,2100.0,2000.0,10.5,580000.0,750000.0,0.2669702148695965,0.0009666162952175,0.0009205869478261,10.5,0.7733333333333333,0.098,0.071,2300000.0,2300000.0,low,0.0,0.0,0.0,0.0
Región Centro Oriente,68,Santander,68132,California,0.95,0.0585,0.95,0.0412,0.0399,0.95,0.028,0.8017,0.0772,0.95,0.0155535224153705,0.1326623970722781,0.0741079597438243,0.000914913083257,0.0045745654162854,0.0045745654162854,0.7612076852698993,0.0064043915827996,0.0150575730735163,0.1027457927369353,0.0008857395925597,0.0017714791851195,0.8795394154118689,,,,,,,,,,,,,,,,,,,,,,
Región Pacífico,76,Valle del Cauca,76126,Calima,0.5851,0.3232,0.6867,0.2277,0.2206,0.5178,0.1545,0.3279,0.4269,0.4306,0.0241638051634236,0.1926745516978252,0.4096400864809869,0.0022892025944296,0.0160244181610072,0.0200941116622154,0.3113315528424265,0.0237822713976853,0.0254427538039411,0.5258169119481167,0.0014966325767024,0.0138438513344973,0.4333998503367423,,,,,,,,,,,,,,,,,,,,,,
Región Pacífico,19,Cauca,19142,Caloto,0.1549,0.5651,0.1817,0.3981,0.3856,0.137,0.2701,0.0868,0.7464,0.1139,0.0159987201023918,0.1218302535797136,0.7161827053835693,0.0023198144148468,0.0245580353571714,0.0156787457003439,0.0823934085273178,0.0210383169346452,0.0162476363891028,0.7922123397997058,0.0011205266475243,0.0211499404720218,0.169269556691645,,,,,,,,,,,,,,,,,,,,,,
Región Eje Cafetero - Antioquia,5,Antioquia,05134,Campamento,0.4564,0.121,0.5356,0.0853,0.0826,0.4038,0.0579,0.2557,0.1599,0.3358,0.0444444444444444,0.45420054200542,0.1533875338753387,0.0130081300813008,0.0140921409214092,0.0113821138211382,0.2428184281842818,0.0666666666666666,0.0438448566610455,0.2879426644182125,0.0071669477234401,0.0118043844856661,0.6492411467116358,,,,,,,,,,,,,,,,,,,,,,
Región Caribe,8,Atlántico,08137,Campo de La Cruz,0.2185,0.2713,0.2564,0.1911,0.1851,0.1933,0.1297,0.1224,0.3583,0.1608,0.0122635355512067,0.4932811480756686,0.3437703848662752,0.0011741682974559,0.0061317677756033,0.009784735812133,0.1162426614481409,0.0173515981735159,0.0148449527160765,0.422476358038267,0.0013195513525401,0.006817681988124,0.5545414559049923,,,,,,,,,,,,,,,,,,,,,,
Región Centro Sur,41,Huila,41132,Campoalegre,0.8691,0.2573,0.95,0.1812,0.1756,0.7691,0.123,0.487,0.3398,0.6396,0.0156808803301237,0.1449793672627235,0.3260660247592847,0.0013067400275103,0.0198074277854195,0.017331499312242,0.4624484181568088,0.0123796423658872,0.0174082494316336,0.4155245209483598,0.0006495615459564,0.0211757063981812,0.5452419616758688,,,,,,,,,,,,,,,,,,,,,,
Región Centro Oriente,15,Boyacá,15135,Campohermoso,0.95,0.097,0.95,0.0683,0.0662,0.95,0.0464,0.7707,0.1281,0.95,0.0093998553868402,0.1070137382501807,0.1229211858279103,0.0007230657989877,0.0057845263919016,0.0036153289949385,0.7317425885755604,0.0187997107736804,0.0131233595800524,0.166010498687664,0.0006561679790026,0.0059055118110236,0.8143044619422573,,,,,,,,,,,,,,,,,,,,,,
Región Caribe,23,Córdoba,23090,Canalete,0.2025,0.4315,0.2377,0.304,0.2945,0.1792,0.2063,0.1135,0.5699,0.149,0.0121662189919418,0.294833306999526,0.5468478432611787,0.0022120398167167,0.0058461052298941,0.011534207615737,0.1077579396429135,0.0188023384420919,0.0087398133931734,0.5807251683004606,0.0010629502775481,0.0044880122829809,0.4049840557458368,,,,,,,,,,,,,,,,,,,,,,
Región Caribe,8,Atlántico,08141,Candelaria,0.2131,0.2692,0.2501,0.1896,0.1837,0.1886,0.1287,0.1194,0.3555,0.1568,0.0145065852261882,0.4842527199847299,0.34109562893682,0.0019087612139721,0.0040083985493414,0.0209963733536934,0.1133804161099446,0.0198511166253101,0.015369681281346,0.4764601197217278,0.0014560750687591,0.0056625141562853,0.5010516097718816,,,,,,,,,,,,,,,,,,,,,,
Región Pacífico,76,Valle del Cauca,76130,Candelaria,0.2564,0.5023,0.3009,0.3539,0.3428,0.2269,0.2401,0.1437,0.6635,0.1887,0.0223935221190356,0.1229470698568095,0.6366256461869253,0.0018299098769385,0.0251841346813669,0.0322979093279656,0.1364426551992314,0.0222791527517269,0.0207327463788696,0.7446529613527626,0.0013982041815043,0.0193345421973652,0.2138815458894981,,,,,,,,,,,,,,,,,,,,,,
Región Caribe,13,Bolívar,13160,Cantagallo,0.715,0.3529,0.8391,0.2486,0.2408,0.6327,0.1687,0.4006,0.4661,0.5261,0.0091516200840959,0.112292851842691,0.4471926787039327,0.0017313875834776,0.0061835270838486,0.0361117981696759,0.3804105861983675,0.0069255503339104,0.0110253583241455,0.5459757442116869,0.0011025358324145,0.0079382579933847,0.4339581036383682,,,,,,,,,,,,,,,,,,,,,,
Región Eje Cafetero - Antioquia,5,Antioquia,05138,Cañasgordas,0.4645,0.0792,0.5451,0.0558,0.054,0.411,0.0378,0.2603,0.1046,0.3418,0.0170965806838632,0.5868326334733054,0.1003299340131973,0.0041991601679664,0.01124775044991,0.0056988602279544,0.2471505698860228,0.0274445110977804,0.0212947189097103,0.1484951731970471,0.0019875070982396,0.011641113003975,0.8165814877910278,,,,,,,,,,,,,,,,,,,,,,
Región Centro Oriente,25,Cundinamarca,25148,Caparrapí,0.95,0.0745,0.95,0.0525,0.0508,0.95,0.0356,0.7589,0.0984,0.95,0.0084096430573724,0.1345542889179592,0.0943748831994019,0.0020556905251354,0.0063539525322369,0.0218650719491683,0.720612969538404,0.0117735002803214,0.0128755364806866,0.1257840871574777,0.0014856388246946,0.0046219874546054,0.8552327500825355,,,,,,,,,,,,,,,,,,,,,,
Región Centro Oriente,68,Santander,68147,Capitanejo,0.95,0.0722,0.95,0.0509,0.0493,0.95,0.0345,0.7705,0.0954,0.95,0.0054017555705604,0.1468602295746117,0.0914922349763673,0.0023632680621201,0.0054017555705604,0.0037137069547602,0.7316002700877785,0.013166779203241,0.0085905186127903,0.1205854279350938,0.0019090041361756,0.0044543429844097,0.8644607063315304,,,,,,,,,,,,,,,,,,,,,,
Región Centro Oriente,25,Cundinamarca,25151,Caqueza,0.95,0.1991,0.95,0.1402,0.1359,0.95,0.0952,0.6188,0.263,0.8126,0.0147741663149008,0.0995145631067961,0.2523216547066272,0.0011608273533136,0.0111861544955677,0.0110806247361756,0.5875897002954833,0.0223723089911355,0.0182671191854661,0.3252146136953484,0.000598921940507,0.0131762826911559,0.6427430624875224,,,,,,,,,,,,,,,,,,,,,,
Región Eje Cafetero - Antioquia,5,Antioquia,05142,Caracolí,0.5687,0.1376,0.6674,0.0969,0.0939,0.5033,0.0658,0.3187,0.1817,0.4185,0.0215430861723446,0.4574148296593186,0.1743486973947896,0.0040080160320641,0.0065130260521042,0.0130260521042084,0.3026052104208417,0.0205410821643286,0.023798413439104,0.2379841343910406,0.0032664489034064,0.0163322445170321,0.7186187587494167,,,,,,,,,,,,,,,,,,,,,,
Región Eje Cafetero - Antioquia,5,Antioquia,05145,Caramanta,0.4346,0.1114,0.5101,0.0785,0.076,0.3846,0.0532,0.2435,0.1471,0.3198,0.0150909897913892,0.4975588104749223,0.1411451398135819,0.0062139369729249,0.0181979582778517,0.0071016422547714,0.2312472259209942,0.0834442964935641,0.0213657310431504,0.1998324256388772,0.0033514872224549,0.0121491411813992,0.7633012149141182,,,,,,,,,,,,,,,,,,,,,,
Región Centro Oriente,68,Santander,68152,Carcasí,0.95,0.0521,0.95,0.0367,0.0355,0.95,0.0249,0.8811,0.0688,0.95,0.0050761421319796,0.078910936778957,0.065989847715736,0.0018458698661744,0.0032302722658052,0.004614674665436,0.8366405168435626,0.0036917397323488,0.0092633436259373,0.0851345390383767,0.0022055580061755,0.0035288928098809,0.8998676665196295,,,,,,,,,,,,,,,,,,,,,,
Región Eje Cafetero - Antioquia,5,Antioquia,05147,Carepa,0.4878,0.3723,0.5725,0.2622,0.2541,0.4317,0.178,0.2733,0.4917,0.3589,0.0261216056670602,0.1798996458087367,0.4718122786304604,0.0026072412436048,0.011806375442739,0.0219893742621015,0.2595434868162141,0.026219992129083,0.0270883496943878,0.5836729023893313,0.0014817558807186,0.0120855714021115,0.3756714206334506,,,,,,,,,,,,,,,,,,,,,,
Región Centro Sur,73,Tolima,73148,Carmen de Apicala,0.95,0.1499,0.95,0.1056,0.1023,0.9224,0.0717,0.5841,0.198,0.767,0.0156834788807699,0.1988950276243093,0.1899839600784174,0.0007128854036713,0.0112279451078239,0.0112279451078239,0.554624844056318,0.0176439137408661,0.0133108677337826,0.249536647009267,0.0008424599831508,0.0117944397641112,0.7245155855096883,,,,,,,,,,,,,,,,,,,,,,
Región Centro Oriente,25,Cundinamarca,25154,Carmen de Carupa,0.95,0.1224,0.95,0.0862,0.0835,0.95,0.0585,0.7674,0.1616,0.95,0.0144670050761421,0.066751269035533,0.1550761421319797,0.0015228426395939,0.0083756345177664,0.0060913705583756,0.7286802030456853,0.0190355329949238,0.0206912767458264,0.2055019985892311,0.0007053844345168,0.0115212790971079,0.7615800611333177,,,,,,,,,,,,,,,,,,,,,,
Región Pacífico,27,Chocó,27150,Carmen del Darien,0.1105,0.6379,0.1297,0.4493,0.4353,0.0978,0.3049,0.0619,0.8425,0.0813,0.0222434064188115,0.0549729901493485,0.8083889418493804,0.0041309183349221,0.0146170956466476,0.0228789323164918,0.0587861455354305,0.0139815697489672,0.0179514255543822,0.867740232312566,0.0007919746568109,0.0073917634635691,0.1061246040126716,,,,,,,,,,,,,,,,,,,,,,
Región Eje Cafetero - Antioquia,5,Antioquia,05150,Carolina,0.3058,0.1439,0.3589,0.1014,0.0982,0.2706,0.0688,0.1714,0.19,0.2251,0.021845742309407,0.5617476593847526,0.1823450735621934,0.0022291573785109,0.0173874275523851,0.0075791350869371,0.1627284886312973,0.0441373160945162,0.0185266872518747,0.2479047198941332,0.0013233348037053,0.0189677988531098,0.7132774591971769,,,,,,,,,,,,,,,,,,,,,,
Región Caribe,13,Bolívar,13001,Cartagena,0.2202,0.4386,0.2585,0.3089,0.2993,0.1949,0.2096,0.1234,0.5792,0.1621,0.020813074089098,0.2467034157780383,0.5557738151467835,0.0008779777616012,0.0059207930695325,0.0214771142315749,0.1171878038886635,0.0312460060347079,0.0213843724981107,0.6717047390303457,0.0006709116167473,0.0048809443642177,0.3013590324905785,,,,,,,,,,,,,,,,,,,,,,
Región Centro Sur,18,Caquetá,18150,Cartagena del Chairá,0.5588,0.4061,0.6558,0.2861,0.2771,0.4945,0.1941,0.3131,0.5364,0.4112,0.0327096856306478,0.0796741758941071,0.5147002672775869,0.005600101820033,0.0217640320733104,0.026218658521064,0.2973144966272114,0.0220185821560392,0.0392122072391767,0.6395493257629524,0.0051454932576295,0.021291696238467,0.2948012775017743,,,,,,,,,,,,,,,,,,,,,,
Región Pacífico,76,Valle del Cauca,76147,Cartago,0.4894,0.288,0.5744,0.2029,0.1965,0.4331,0.1377,0.2742,0.3804,0.3601,0.0242775686895281,0.2733851297872684,0.3650034728391672,0.001518357589365,0.0196740377004958,0.0142628696958438,0.2603983265761036,0.0414802371222277,0.0264800928685721,0.4676842468547046,0.001427540551564,0.0197659460985787,0.4846421736265804,,,,,,,,,,,,,,,,,,,,,,
Región Llano,97,Vaupés,97161,Caruru,0.191,0.633,0.2241,0.4459,0.4319,0.169,0.3025,0.107,0.836,0.1405,0.0071301247771836,0.053475935828877,0.8021390374331551,0.0035650623885918,0.0017825311942959,0.0106951871657754,0.1016042780748663,0.0196078431372549,0.0043541364296081,0.8577648766328012,,0.0029027576197387,0.1349782293178519,,,,,,,,,,,,,,,,,,,,,,
Región Centro Sur,73,Tolima,73152,Casabianca,0.9163,0.1387,0.95,0.0977,0.0946,0.8108,0.0663,0.5135,0.1832,0.6742,0.0207860922146636,0.2437641723356009,0.1757369614512471,0.0068027210884353,0.0124716553287981,0.0238095238095238,0.4875283446712018,0.0291005291005291,0.0224080267558528,0.2418060200668896,0.0040133779264214,0.0147157190635451,0.717056856187291,,,,,,,,,,,,,,,,,,,,,,
Región Llano,50,Meta,50150,Castilla la Nueva,0.95,0.1883,0.95,0.1326,0.1285,0.95,0.09,0.6596,0.2486,0.8662,0.0128523598660762,0.0691219354141916,0.2385786802030456,0.0005400151204233,0.0169564747812938,0.0224646290096122,0.6263095366670267,0.0131763689383302,0.0177939757744667,0.3207203344409904,0.0008575410011791,0.0245471111587522,0.6360810376246114,,,,,,,,,,,,,,,,,,,,,,
Región Eje Cafetero - Antioquia,5,Antioquia,05154,Caucasia,0.5945,0.3096,0.6977,0.2181,0.2112,0.5261,0.148,0.3332,0.4089,0.4375,0.0192992602964902,0.2031901616389151,0.3923168244497884,0.0023134759976865,0.014428784511887,0.0289488904447353,0.3163374022099784,0.023165200450519,0.0232954378543521,0.50879821391851,0.0013219353132986,0.0132193531329866,0.4533650597808525,,,,,,,,,,,,,,,,,,,,,,
Región Centro Oriente,68,Santander,68160,Cepitá,0.95,0.0778,0.95,0.0548,0.0531,0.95,0.0372,0.8042,0.1027,0.95,0.0042857142857142,0.1235714285714285,0.0985714285714285,0.0021428571428571,0.0014285714285714,0.0021428571428571,0.7635714285714286,0.0042857142857142,0.0089841050449205,0.1147201105736005,,0.0006910850034554,0.8756046993780235,,,,,,,,,,,,,,,,,,,,,,
Región Caribe,23,Córdoba,23162,Cereté,0.2824,0.4255,0.3315,0.2997,0.2904,0.2499,0.2034,0.1583,0.562,0.2078,0.0158236937619134,0.2597592500718071,0.5392328380813118,0.0013055852938872,0.0083557458808783,0.0106535759981199,0.1502728673264224,0.0145964435856594,0.0176058656949048,0.6430092419818673,0.0012732421574868,0.0094395539261958,0.3286720962395451,,,,,,,,,,,,,,,,,,,,,,
Región Centro Oriente,15,Boyacá,15162,Cerinza,0.95,0.2568,0.95,0.1809,0.1752,0.8754,0.1227,0.5544,0.3391,0.728,0.0149516270888302,0.0795954265611257,0.3254177660510114,0.0004397537379067,0.0096745822339489,0.0074758135444151,0.5263852242744064,0.0360598065083553,0.0205192629815745,0.423785594639866,0.0012562814070351,0.0117252931323283,0.542713567839196,,,,,,,,,,,,,,,,,,,,,,
Región Centro Oriente,68,Santander,68162,Cerrito,0.95,0.074,0.95,0.0521,0.0505,0.95,0.0354,0.8786,0.0977,0.95,0.0066324992463069,0.0452215857702743,0.0937594211637021,0.0027132951462164,0.0063310220078384,0.0054265902924329,0.8341875188423274,0.0057280675309014,0.0142390981904479,0.1174725600711955,0.0011865915158706,0.0065262533372886,0.8605754968851973,,,,,,,,,,,,,,,,,,,,,,
Región Caribe,47,Magdalena,47161,Cerro San Antonio,0.1065,0.2738,0.125,0.1929,0.1868,0.0943,0.1309,0.0597,0.3616,0.0784,0.0049566294919454,0.5508054522924412,0.3469640644361834,0.0006195786864931,0.006815365551425,0.0065055762081784,0.0566914498141263,0.0266418835192069,0.0102681118083285,0.5182544209925841,0.0005704506560182,0.004563605248146,0.466343411294923,,,,,,,,,,,,,,,,,,,,,,
Región Pacífico,27,Chocó,27160,Cértegui,0.0789,0.5202,0.0925,0.3665,0.355,0.0698,0.2487,0.0442,0.6871,0.058,0.0119870908252651,0.2134624250806823,0.6592899953895804,0.0046104195481788,0.0290456431535269,0.0096818810511756,0.0419548178884278,0.0299677270631627,0.0129130269654386,0.8127611090011394,0.0018989745537409,0.0167109760729206,0.1557159134067603,,,,,,,,,,,,,,,,,,,,,,
Región Pacífico,52,Nariño,52240,Chachagüí,0.2164,0.5534,0.2539,0.3898,0.3776,0.1915,0.2645,0.1212,0.7309,0.1592,0.0145037014654781,0.1305333131893035,0.7013143979453089,0.0018129626831847,0.0123885783350959,0.0052878078259555,0.1151231303822329,0.01903610817344,0.015758371634931,0.8111621799080762,0.0011818778726198,0.010505581089954,0.1613919894944189,,,,,,,,,,,,,,,,,,,,,,
Región Centro Oriente,25,Cundinamarca,25168,Chaguaní,0.95,0.1419,0.95,0.0999,0.0968,0.95,0.0678,0.6328,0.1874,0.831,0.0066762041010968,0.1778731521220791,0.1797806390081068,0.0009537434430138,0.0023843586075345,0.0076299475441106,0.6008583690987125,0.0238435860753457,0.0091463414634146,0.203397212543554,0.0008710801393728,0.0030487804878048,0.7835365853658537,,,,,,,,,,,,,,,,,,,,,,
Región Caribe,70,Sucre,70230,Chalán,0.1492,0.3883,0.1752,0.2736,0.265,0.1321,0.1856,0.0836,0.5129,0.1098,0.0175939134569662,0.3751783166904422,0.4921540656205421,0.0028530670470756,0.0066571564431764,0.0099857346647646,0.0794103661436043,0.0161673799334284,0.0142236270248913,0.5697352824970368,0.0019755037534571,0.0082971157645199,0.4057684709600948,,,,,,,,,,,,,,,,,,,,,,
Región Llano,85,Casanare,85015,Chámeza,0.95,0.1562,0.95,0.11,0.1066,0.95,0.0746,0.73,0.2063,0.95,0.0104166666666666,0.0673076923076923,0.1979166666666666,,0.0016025641025641,0.0224358974358974,0.6931089743589743,0.0072115384615384,0.0164670658682634,0.2380239520958083,0.0007485029940119,0.0029940119760479,0.7417664670658682,,,,,,,,,,,,,,,,,,,,,,
Región Centro Sur,73,Tolima,73168,Chaparral,0.8299,0.219,0.95,0.1543,0.1495,0.7344,0.1047,0.4651,0.2893,0.6107,0.0161351866993731,0.1993458708094848,0.2775688198419188,0.002725538293813,0.016952848187517,0.0222403924775143,0.4415917143635868,0.023439629326792,0.0190732923045623,0.3439804689486801,0.0022887950765474,0.0163776003255175,0.6182798433446925,,,,,,,,,,,,,,,,,,,,,,
Región Centro Oriente,68,Santander,68167,Charalá,0.95,0.1245,0.95,0.0877,0.085,0.95,0.0595,0.7894,0.1645,0.95,0.0072533849129593,0.0567375886524822,0.1578014184397163,0.0003223726627981,0.0037072856221792,0.0162798194713088,0.7495164410058027,0.008381689232753,0.0077387401331063,0.1897539080637672,0.0006190992106485,0.0054171180931744,0.7964711344993035,,,,,,,,,,,,,,,,,,,,,,
Región Centro Oriente,68,Santander,68169,Charta,0.95,0.058,0.95,0.0409,0.0396,0.95,0.0277,0.7081,0.0767,0.9298,0.0056577086280056,0.2343234323432343,0.0735502121640735,0.0023573785950023,0.0009429514380009,0.0033003300330033,0.6723243752946724,0.0075436115040075,0.0044483985765124,0.0885231316725978,0.0004448398576512,0.0004448398576512,0.9061387900355872,,,,,,,,,,,,,,,,,,,,,,
Región Centro Oriente,25,Cundinamarca,25175,Chía,0.7101,0.223,0.8334,0.1571,0.1521,0.6284,0.1066,0.3979,0.2945,0.5225,0.0189697814269393,0.2215233575634314,0.2825631175222527,0.0003138613737084,0.0076582175184864,0.0128180985022535,0.3778263216702447,0.0783272444226833,0.0313259416767922,0.3888846699068449,0.0003164236533009,0.0103280680437424,0.5691448967193196,,,,,,,,,,,,,,,,,,,,,,
Región Eje Cafetero - Antioquia,5,Antioquia,05172,Chigorodó,0.5515,0.3493,0.6472,0.246,0.2383,0.488,0.1669,0.309,0.4613,0.4058,0.022662620898919,0.1748530248435425,0.4426322776408117,0.0021335103356722,0.0116631898350085,0.0294424426322776,0.2934287881661293,0.0231841456476389,0.0250747844448354,0.560751363716347,0.0016276614464191,0.0119215203237726,0.4006246700686257,,,,,,,,,,,,,,,,,,,,,,
Región Caribe,23,Córdoba,23168,Chimá,0.1826,0.4106,0.2143,0.2893,0.2802,0.1616,0.1963,0.1023,0.5424,0.1344,0.0086733054930934,0.3438805011243174,0.5203983295856087,0.0011243173787343,0.0046578862833279,0.0130099582396402,0.097173144876325,0.0110825570189527,0.009208338662233,0.5701496355032613,0.000767361555186,0.0033252334058063,0.4165494308735132,,,,,,,,,,,,,,,,,,,,,,
Región Centro Oriente,68,Santander,68176,Chimá,0.95,0.0476,0.95,0.0335,0.0325,0.95,0.0228,0.9188,0.0629,0.95,0.0012570710245128,0.0509113764927718,0.0603394091766184,0.0050282840980515,0.0050282840980515,0.0018856065367693,0.8724072910119421,0.0031426775612822,0.0023255813953488,0.0837209302325581,0.0011627906976744,0.0069767441860465,0.905813953488372,,,,,,,,,,,,,,,,,,,,,,
Región Caribe,20,Cesar,20175,Chimichagua,0.4323,0.3085,0.5074,0.2173,0.2105,0.3826,0.1475,0.2423,0.4075,0.3181,0.007285797551972,0.3238779871769963,0.3910044686224985,0.0017485914124732,0.0073829415193316,0.0256460073829415,0.2300369147075966,0.01301729162619,0.0092404204815191,0.4465072906069854,0.0012716174974567,0.0076297049847405,0.535350966429298,,,,,,,,,,,,,,,,,,,,,,
Región Centro Oriente,54,Norte de Santander,54172,Chinácota,0.95,0.1011,0.95,0.0712,0.069,0.8848,0.0483,0.5603,0.1336,0.7357,0.0108044501497646,0.287441163885323,0.1281557552417629,0.0008557980316645,0.0074882327770646,0.0181857081728712,0.5319854514334617,0.0150834403080872,0.0134249812050263,0.165825367844485,0.0006443990978412,0.0059069917302115,0.8141982601224358,,,,,,,,,,,,,,,,,,,,,,
Región Centro Oriente,15,Boyacá,15172,Chinavita,0.95,0.1463,0.95,0.1031,0.0999,0.9461,0.0699,0.5991,0.1933,0.7867,0.011329755515802,0.1741204531902206,0.1854502087060226,0.0017889087656529,0.0089445438282647,0.0065593321407274,0.5688729874776386,0.0429338103756708,0.0152390961639516,0.2506568575932738,0.002101944298476,0.0052548607461902,0.7267472411981083,,,,,,,,,,,,,,,,,,,,,,
Región Eje Cafetero - Antioquia,17,Caldas,17174,Chinchiná,0.6224,0.2345,0.7304,0.1652,0.16,0.5507,0.1121,0.3488,0.3097,0.458,0.021993074844945,0.25600243521936,0.297210912826757,0.0025874205699935,0.027167915984932,0.0153723222099615,0.3311517826566721,0.0485141356873787,0.028921440077923,0.4161015996703255,0.0026598733750421,0.028659199040947,0.5236578878357622,,,,,,,,,,,,,,,,,,,,,,
Región Caribe,23,Córdoba,23182,Chinú,0.3429,0.2967,0.4024,0.209,0.2025,0.3034,0.1418,0.1921,0.3919,0.2523,0.0119871533903288,0.384810241100104,0.3760347401275614,0.0015379743972497,0.009273080924594,0.0178224091916587,0.1824309042384765,0.0161034966300266,0.013815707588267,0.4576608720906111,0.0013691241754138,0.0078828361614736,0.5192714599842343,,,,,,,,,,,,,,,,,,,,,,
Región Centro Oriente,25,Cundinamarca,25178,Chipaque,0.95,0.19,0.95,0.1339,0.1297,0.95,0.0908,0.6647,0.251,0.8728,0.0127900602959985,0.0816736707473049,0.2408185638589439,0.0009135757354284,0.0074913210305134,0.0076740361775991,0.631098118033985,0.0175406541202265,0.01889385091034,0.3079697698385434,0.0003435245620061,0.0123668842322226,0.6604259704568877,,,,,,,,,,,,,,,,,,,,,,
Región Centro Oriente,68,Santander,68179,Chipatá,0.95,0.1478,0.95,0.1041,0.1008,0.95,0.0706,0.7752,0.1952,0.95,0.0078397212543554,0.048780487804878,0.1872822299651567,0.0013066202090592,0.0052264808362369,0.0069686411149825,0.7360627177700348,0.0065331010452961,0.0126676602086438,0.213859910581222,0.0026080476900149,0.0070789865871833,0.763785394932936,,,,,,,,,,,,,,,,,,,,,,
Región Centro Oriente,15,Boyacá,15176,Chiquinquirá,0.95,0.2304,0.95,0.1623,0.1572,0.8888,0.1101,0.5628,0.3044,0.7391,0.01347954388138,0.1066705526612991,0.292032496630114,0.0006921927939087,0.0096906991147218,0.0126051950890742,0.5344092680971985,0.0304200517323035,0.0209285031339636,0.3893551471369382,0.0006728283579446,0.0148022238747831,0.5742412974963703,,,,,,,,,,,,,,,,,,,,,,
Región Centro Oriente,15,Boyacá,15232,Chíquiza,0.95,0.2076,0.95,0.1463,0.1417,0.95,0.0992,0.7253,0.2742,0.95,0.0079193664506839,0.0104391648668106,0.2631389488840893,0.0046796256299496,0.0133189344852411,0.0043196544276457,0.6886249100071994,0.0075593952483801,0.0091649694501018,0.3302783435166327,0.0006788866259334,0.0179904955872369,0.641887304820095,,,,,,,,,,,,,,,,,,,,,,
Región Caribe,20,Cesar,20178,Chiriguaná,0.4327,0.4348,0.5078,0.3063,0.2967,0.3829,0.2078,0.2425,0.5743,0.3184,0.0102142276055319,0.180511615294224,0.5510259423302901,0.0010846967368706,0.0089487480791828,0.0083160083160083,0.2302268824007954,0.0096718792370966,0.0090013191588422,0.616047179328005,0.0007759757895553,0.0096220997904865,0.3645534259331109,,,,,,,,,,,,,,,,,,,,,,
Región Centro Oriente,15,Boyacá,15180,Chiscas,0.95,0.0803,0.95,0.0565,0.0548,0.95,0.0384,0.7969,0.106,0.95,0.0117577895355673,0.0828924162257495,0.1017048794826572,0.0035273368606701,0.0088183421516754,0.0135214579659024,0.7566137566137566,0.0211640211640211,0.0060142154182613,0.1421541826134499,0.0021869874248223,0.0054674685620557,0.8441771459814106,,,,,,,,,,,,,,,,,,,,,,
Región Centro Oriente,15,Boyacá,15183,Chita,0.95,0.1047,0.95,0.0738,0.0714,0.95,0.05,0.7836,0.1383,0.95,0.0071807680299719,0.0880424601935685,0.1326881049016547,0.0034342803621604,0.0056197315017171,0.0093662191695285,0.7439900093662192,0.0096784264751795,0.0128939828080229,0.1762177650429799,0.0034383954154727,0.0065902578796561,0.8008595988538681,,,,,,,,,,,,,,,,,,,,,,
Región Centro Oriente,54,Norte de Santander,54174,Chitagá,0.95,0.0536,0.95,0.0377,0.0366,0.95,0.0256,0.8322,0.0708,0.95,0.0074363992172211,0.0904109589041095,0.0679060665362035,0.0027397260273972,0.0090019569471624,0.011545988258317,0.7902152641878669,0.0207436399217221,0.0087415771262065,0.0943361864869787,0.0029138590420688,0.0061919504643962,0.8878164268803497,,,,,,,,,,,,,,,,,,,,,,
Región Centro Oriente,15,Boyacá,15185,Chitaraque,0.95,0.0855,0.95,0.0602,0.0583,0.95,0.0409,0.7458,0.1129,0.95,0.0041943376441803,0.1555400209716882,0.1083537224746592,0.0013981125480601,0.0059419783292555,0.0066410346032855,0.7081440055924502,0.0097867878364208,0.0081056739717802,0.1341939357550285,0.0015010507355148,0.0021014710297208,0.8540978685079555,,,,,,,,,,,,,,,,,,,,,,
Región Centro Oriente,15,Boyacá,15187,Chivatá,0.95,0.217,0.95,0.1528,0.1481,0.95,0.1037,0.6207,0.2865,0.815,0.0089820359281437,0.0718562874251497,0.2749500998003992,0.0009980039920159,0.0054890219560878,0.0054890219560878,0.5893213572854291,0.0429141716566866,0.0136186770428015,0.3686770428015564,0.0014591439688715,0.0072957198443579,0.6089494163424124,,,,,,,,,,,,,,,,,,,,,,
Región Caribe,47,Magdalena,47170,Chivolo,0.3194,0.3773,0.3749,0.2658,0.2575,0.2827,0.1803,0.179,0.4983,0.235,0.0118333047504716,0.3116103584290859,0.478134110787172,0.0015434745326702,0.0046304235980106,0.007717372663351,0.1699536957640199,0.0145772594752186,0.0151690262929789,0.5496966194741404,0.0011557353366079,0.0047674082635076,0.429211210632765,,,,,,,,,,,,,,,,,,,,,,
Región Centro Oriente,15,Boyacá,15236,Chivor,0.95,0.0658,0.95,0.0463,0.0449,0.95,0.0314,0.7085,0.0868,0.9303,0.0050200803212851,0.1997991967871485,0.0833333333333333,0.001004016064257,0.0080321285140562,0.0110441767068273,0.6726907630522089,0.0190763052208835,0.0073327222731439,0.1264894592117323,,0.0073327222731439,0.8588450962419798,,,,,,,,,,,,,,,,,,,,,,
Región Centro Oriente,25,Cundinamarca,25181,Choachí,0.95,0.1563,0.95,0.1101,0.1066,0.95,0.0747,0.607,0.2064,0.7971,0.0138943505046532,0.1711888845195962,0.1980600340804823,0.0005243151133831,0.0056363874688687,0.0053742299121772,0.5763533883864203,0.0289684100144186,0.0173730901922129,0.2467964514539181,0.0011089206505667,0.0082552981764415,0.7264662395268605,,,,,,,,,,,,,,,,,,,,,,
Región Centro Oriente,25,Cundinamarca,25183,Chocontá,0.95,0.153,0.95,0.1078,0.1044,0.95,0.0731,0.7083,0.202,0.93,0.0144954643224539,0.0745347423548115,0.1938651454222388,0.0011222294959319,0.0144954643224539,0.0087907977181333,0.6724960254372019,0.0202001309267745,0.023088023088023,0.2703823953823954,0.0009920634920634,0.0147005772005772,0.6908369408369408,,,,,,,,,,,,,,,,,,,,,,
Región Caribe,13,Bolívar,13188,Cicuco,0.1877,0.38,0.2203,0.2677,0.2593,0.1661,0.1816,0.1052,0.5019,0.1381,0.0079564489112227,0.3821189279731993,0.4815745393634841,0.0016750418760469,0.0041876046901172,0.0104690117252931,0.0998743718592964,0.01214405360134,0.0102721211029014,0.5856911155163093,0.0010812759055685,0.0043251036222742,0.3986303838529464,,,,,,,,,,,,,,,,,,,,,,
Región Caribe,47,Magdalena,47189,Ciénaga,0.3866,0.4266,0.4537,0.3005,0.2911,0.3421,0.2039,0.2167,0.5635,0.2845,0.0205663418003223,0.1736628040825723,0.5406850331261351,0.0012278413015117,0.0137876346148926,0.0279589696365078,0.2057145780574527,0.0163967973806052,0.0198157001316427,0.6608697660454053,0.0007621423127554,0.0138109425159934,0.3047414489942031,,,,,,,,,,,,,,,,,,,,,,
Región Caribe,23,Córdoba,23189,Ciénaga de Oro,0.1347,0.4848,0.158,0.3415,0.3308,0.1192,0.2317,0.0755,0.6403,0.0991,0.0111976630963972,0.2708130477117819,0.6144109055501461,0.0016228497241155,0.0082359623498864,0.0115628042843232,0.0716488153197014,0.0105079519636481,0.0131907308377896,0.7266666666666667,0.0014616755793226,0.0089126559714795,0.2497682709447415,,,,,,,,,,,,,,,,,,,,,,
Región Centro Oriente,15,Boyacá,15189,Ciénega,0.95,0.1007,0.95,0.0709,0.0687,0.95,0.0481,0.7831,0.133,0.95,0.0107388316151202,0.0721649484536082,0.1275773195876288,0.0025773195876288,0.0051546391752577,0.0098797250859106,0.7435567010309279,0.0283505154639175,0.0151802656546489,0.1688804554079696,0.0007590132827324,0.0049335863377609,0.8102466793168881,,,,,,,,,,,,,,,,,,,,,,
Región Centro Oriente,68,Santander,68190,Cimitarra,0.95,0.1627,0.95,0.1146,0.1111,0.95,0.0778,0.6492,0.215,0.8524,0.0086677586677586,0.125034125034125,0.2062517062517062,0.0021157521157521,0.0112612612612612,0.0216352716352716,0.6163663663663663,0.0086677586677586,0.0123780208265112,0.2630165695199423,0.0012443513000196,0.0131639269107341,0.7101971314427926,,,,,,,,,,,,,,,,,,,,,,
Región Eje Cafetero - Antioquia,63,Quindío,63190,Circasia,0.5771,0.2199,0.6773,0.1549,0.15,0.5107,0.1051,0.3234,0.2904,0.4246,0.0218131295588746,0.3139979159430358,0.2786384161167072,0.0021535255296978,0.0184091698506425,0.0101424105592219,0.3070510593956235,0.0477943730461965,0.0288783959488127,0.3770615205638815,0.0015739410114281,0.0225826319030999,0.5699035105727777,,,,,,,,,,,,,,,,,,,,,,
Región Eje Cafetero - Antioquia,5,Antioquia,05190,Cisneros,0.5607,0.1451,0.6581,0.1022,0.099,0.4962,0.0694,0.3142,0.1916,0.4126,0.020071440721211,0.4177581221296139,0.1838748086409253,0.0028916482394965,0.0182003742133015,0.0287463854397006,0.2983500595339343,0.0301071610818166,0.0287001501752044,0.2661438344735525,0.0018354747205072,0.027031536792925,0.6762890038378108,,,,,,,,,,,,,,,,,,,,,,
Región Eje Cafetero - Antioquia,5,Antioquia,05101,Ciudad Bolívar,0.3859,0.0941,0.4529,0.0663,0.0642,0.3415,0.045,0.2163,0.1243,0.284,0.0175117616309461,0.603589475518383,0.1192716501132601,0.0027008189580066,0.0096706743335075,0.0063599930301446,0.2053493640006969,0.0355462624150548,0.0217299399678701,0.1795890758434091,0.0011837321383275,0.0091316479242411,0.788365604126152,,,,,,,,,,,,,,,,,,,,,,
Región Caribe,13,Bolívar,13222,Clemencia,0.2772,0.3537,0.3253,0.2491,0.2413,0.2453,0.1691,0.1553,0.4671,0.204,0.0196768848384424,0.3386495443247722,0.448218724109362,0.0045567522783761,0.0078707539353769,0.0103562551781275,0.1474730737365368,0.0231980115990058,0.0180131977884786,0.5887283752452291,0.0026752273943285,0.0057071517745675,0.3848760477973961,,,,,,,,,,,,,,,,,,,,,,
Región Eje Cafetero - Antioquia,5,Antioquia,05197,Cocorná,0.3691,0.081,0.4331,0.0571,0.0553,0.3266,0.0387,0.2068,0.107,0.2716,0.0112686756140795,0.6299063053937706,0.1026842238541402,0.0039250443150164,0.011142061281337,0.014940491263611,0.1963788300835654,0.0297543681944796,0.0163155972239133,0.1523194934859369,0.0036527456471447,0.0115670278826251,0.8161451357603798,,,,,,,,,,,,,,,,,,,,,,
Región Centro Sur,73,Tolima,73200,Coello,0.7745,0.3135,0.909,0.2208,0.2139,0.6854,0.1499,0.434,0.4141,0.5699,0.0101640101640101,0.1399861399861399,0.3973203973203973,0.002079002079002,0.0136290136290136,0.0064680064680064,0.4121044121044121,0.0182490182490182,0.0108514190317195,0.4599332220367279,0.0008347245409015,0.0104340567612687,0.5179465776293823,,,,,,,,,,,,,,,,,,,,,,
Región Centro Oriente,25,Cundinamarca,25200,Cogua,0.95,0.2581,0.95,0.1818,0.1761,0.8582,0.1234,0.5435,0.3409,0.7136,0.0173282116944088,0.0849338454972257,0.3271020059752454,0.0005121638924455,0.0128040973111395,0.0089628681177976,0.5160051216389244,0.0323516858728126,0.0243840701991225,0.4368039149510631,0.0005906176172797,0.0148498143773202,0.5233715828552143,,,,,,,,,,,,,,,,,,,,,,
Región Centro Sur,41,Huila,41206,Colombia,0.95,0.1253,0.95,0.0883,0.0855,0.95,0.0599,0.6241,0.1656,0.8195,0.0069444444444444,0.2120949074074074,0.1588541666666666,0.0005787037037037,0.0089699074074074,0.0072337962962962,0.5925925925925926,0.0127314814814814,0.0080381813614669,0.2029640793770409,0.0007535795026375,0.0065310223561919,0.7817131374026627,,,,,,,,,,,,,,,,,,,,,,
Región Pacífico,52,Nariño,52203,Colón,0.2108,0.5587,0.2474,0.3936,0.3813,0.1866,0.2671,0.1181,0.7379,0.1551,0.0294447560291643,0.1017947279865395,0.7080762759394279,0.002804262478968,0.0232753785754346,0.0061693774537296,0.1121704991587212,0.0162647223780145,0.0241748024174802,0.800325430032543,0.002092050209205,0.0230125523012552,0.1503951650395165,,,,,,,,,,,,,,,,,,,,,,
Región Centro Sur,86,Putumayo,86219,Colón,0.1546,0.5223,0.1814,0.3679,0.3564,0.1368,0.2497,0.0866,0.6899,0.1137,0.0116448326055312,0.2136098981077147,0.6619359534206696,0.0010917030567685,0.0061863173216885,0.0061863173216885,0.0822416302765647,0.017103347889374,0.0142440919391388,0.7465199093557786,0.0012949174490126,0.0055033991583036,0.2324376820977662,,,,,,,,,,,,,,,,,,,,,,
Región Caribe,70,Sucre,70204,Coloso,0.1551,0.4456,0.182,0.3139,0.3041,0.1372,0.213,0.0869,0.5885,0.1141,0.0176787086856264,0.2841404048168076,0.5646938252626185,0.0030745580322828,0.0069177555726364,0.0225467589034076,0.0825006405329233,0.0184473481936971,0.0180910792264504,0.6589727594094407,0.0024953212726138,0.0066541900603035,0.3137866500311915,,,,,,,,,,,,,,,,,,,,,,
Región Centro Oriente,15,Boyacá,15204,Cómbita,0.95,0.2484,0.95,0.175,0.1695,0.9149,0.1187,0.5794,0.3281,0.7608,0.0129759262421034,0.0684650845142564,0.3148369472426157,0.0010244152296397,0.0095612088099709,0.0099026805531842,0.5501109783165443,0.0331227590916851,0.0161265069672772,0.4100516674495068,0.0014091122592766,0.0162830749960858,0.5561296383278534,,,,,,,,,,,,,,,,,,,,,,
Región Eje Cafetero - Antioquia,5,Antioquia,05206,Concepción,0.3775,0.0635,0.4431,0.0447,0.0433,0.3341,0.0303,0.2116,0.0838,0.2778,0.0221870047543581,0.6370839936608558,0.0804278922345483,0.0051505546751188,0.0118858954041204,0.0083201267828843,0.2008716323296355,0.0340729001584786,0.0177962892843619,0.1257099583491102,0.0030291556228701,0.0087088224157516,0.844755774327906,,,,,,,,,,,,,,,,,,,,,,
Región Centro Oriente,68,Santander,68207,Concepción,0.95,0.0987,0.95,0.0695,0.0674,0.95,0.0472,0.8309,0.1304,0.95,0.0074554294975688,0.0651539708265802,0.1251215559157212,0.0006482982171799,0.0055105348460291,0.0025931928687196,0.7889789303079416,0.0045380875202593,0.0072771376591873,0.1546391752577319,0.0009096422073984,0.0069739235900545,0.8302001212856277,,,,,,,,,,,,,,,,,,,,,,
Región Eje Cafetero - Antioquia,5,Antioquia,05209,Concordia,0.6439,0.0783,0.7556,0.0551,0.0534,0.5698,0.0374,0.3608,0.1034,0.4738,0.0159831121833534,0.4900482509047044,0.0992159227985524,0.0033172496984318,0.0116103739445114,0.0107056694813027,0.3425814234016888,0.0265379975874547,0.0190236396698839,0.1604420198629179,0.0023779549587354,0.0090921807245768,0.8090642047838859,,,,,,,,,,,,,,,,,,,,,,
Región Caribe,47,Magdalena,47205,Concordia,0.1038,0.3771,0.1218,0.2656,0.2573,0.0919,0.1803,0.0582,0.4981,0.0764,0.0063724333254661,0.4281331130516875,0.4779324994099598,0.001416096294548,0.0049563370309181,0.0068444654236488,0.0552277554873731,0.0191172999763983,0.0060422960725075,0.590735146022155,0.0004028197381671,0.0026183282980866,0.4002014098690836,,,,,,,,,,,,,,,,,,,,,,
Región Pacífico,27,Chocó,27205,Condoto,0.0888,0.5576,0.1042,0.3928,0.3805,0.0785,0.2665,0.0497,0.7364,0.0653,0.0236148955495004,0.1303360581289736,0.706630336058129,0.004314259763851,0.0365576748410535,0.0131698455949137,0.0472297910990009,0.0381471389645776,0.0170854271356783,0.8255276381909548,0.0024120603015075,0.0196984924623115,0.1352763819095477,,,,,,,,,,,,,,,,,,,,,,
Región Centro Oriente,68,Santander,68209,Confines,0.95,0.0455,0.95,0.0321,0.0311,0.95,0.0218,0.9042,0.0601,0.95,0.0054406964091403,0.0609357997823721,0.0576713819368879,,0.0065288356909684,0.0043525571273122,0.8585418933623504,0.0065288356909684,0.0045615813482007,0.0694374049670552,0.0015205271160669,0.0045615813482007,0.9199189052204764,,,,,,,,,,,,,,,,,,,,,,
Región Pacífico,52,Nariño,52207,Consaca,0.1697,0.4575,0.1991,0.3223,0.3122,0.1502,0.2187,0.0951,0.6043,0.1249,0.0183163737280296,0.2666049953746531,0.5798334875115634,0.0025901942645698,0.0179463459759481,0.0027752081406105,0.090286771507863,0.0216466234967622,0.021921872424592,0.7169935717817703,0.0018130871930113,0.0186253502554804,0.2406461183451458,,,,,,,,,,,,,,,,,,,,,,
Región Pacífico,52,Nariño,52210,Contadero,0.3235,0.4881,0.3797,0.3438,0.3331,0.2863,0.2333,0.1813,0.6446,0.238,0.0122096486003573,0.1739130434782608,0.6185229303156641,0.0026801667659321,0.0059559261465157,0.004169148302561,0.1721262656343061,0.0104228707564026,0.0162988966900702,0.7321965897693079,0.0010030090270812,0.0092778335005015,0.2412236710130391,,,,,,,,,,,,,,,,,,,,,,
Región Centro Oriente,68,Santander,68211,Contratación,0.95,0.1072,0.95,0.0755,0.0731,0.95,0.0512,0.7368,0.1415,0.95,0.0082304526748971,0.1332304526748971,0.1358024691358024,0.0030864197530864,0.0082304526748971,0.0072016460905349,0.6995884773662552,0.0046296296296296,0.0086621751684311,0.1621751684311838,0.0014436958614051,0.0072184793070259,0.8205004812319538,,,,,,,,,,,,,,,,,,,,,,
Región Centro Oriente,54,Norte de Santander,54206,Convención,0.95,0.2647,0.95,0.1865,0.1807,0.8633,0.1265,0.5467,0.3497,0.7179,0.0118116520351157,0.1035913806863527,0.3355147645650439,0.0012769353551476,0.00877893056664,0.0065442936951316,0.519074221867518,0.0134078212290502,0.0156292843432958,0.4383054565396216,0.0020564847820126,0.0120647107211406,0.5319440636139292,,,,,,,,,,,,,,,,,,,,,,
Región Eje Cafetero - Antioquia,5,Antioquia,05212,Copacabana,0.3007,0.2231,0.3529,0.1571,0.1522,0.2661,0.1066,0.1685,0.2946,0.2212,0.0221786574708299,0.4568708961216873,0.2826775001180972,0.0010864944021918,0.0141716661155463,0.0119750578676366,0.159974491000992,0.0510652369030185,0.0321694032169403,0.3800817380081738,0.00083650008365,0.0197175019717501,0.5671948567194857,,,,,,,,,,,,,,,,,,,,,,
Región Centro Oriente,15,Boyacá,15212,Coper,0.95,0.0771,0.95,0.0543,0.0526,0.95,0.0369,0.8039,0.1019,0.95,0.0073446327683615,0.1005649717514124,0.0977401129943502,0.0022598870056497,0.0050847457627118,0.0180790960451977,0.7632768361581921,0.0056497175141242,0.0057202288091523,0.1279251170046801,0.001040041601664,0.0026001040041601,0.8627145085803433,,,,,,,,,,,,,,,,,,,,,,
Región Caribe,13,Bolívar,13212,Córdoba,0.1926,0.4393,0.2261,0.3094,0.2997,0.1705,0.21,0.1079,0.5802,0.1417,0.0107082759675692,0.2889704757534037,0.5566773749426343,0.0030595074193054,0.0038243842741318,0.018968945999694,0.1024934985467339,0.0152975370965274,0.0144155844155844,0.6535064935064935,0.0015584415584415,0.0032467532467532,0.3272727272727272,,,,,,,,,,,,,,,,,,,,,,
Región Pacífico,52,Nariño,52215,Córdoba,0.1632,0.6202,0.1915,0.4369,0.4233,0.1444,0.2965,0.0915,0.8192,0.1201,0.0171934699548454,0.08475164987843,0.7860368183397013,0.0026050712052796,0.0055574852379298,0.0034734282737061,0.0868357068426537,0.0135463702674539,0.0142993326978074,0.8695356121476235,0.0010894729674519,0.0069453901675064,0.1081301920196105,,,,,,,,,,,,,,,,,,,,,,
Región Eje Cafetero - Antioquia,63,Quindío,63212,Córdoba,0.7709,0.251,0.9047,0.1768,0.1713,0.6821,0.12,0.432,0.3315,0.5672,0.0154115586690017,0.1968476357267951,0.3180385288966725,0.0028021015761821,0.0182136602451838,0.0129597197898423,0.4101576182136602,0.0255691768826619,0.0215126050420168,0.4174789915966386,0.0016806722689075,0.0238655462184873,0.5354621848739496,,,,,,,,,,,,,,,,,,,,,,
Región Pacífico,19,Cauca,19212,Corinto,0.1464,0.5847,0.1718,0.4118,0.399,0.1296,0.2795,0.082,0.7722,0.1077,0.0163490120650463,0.0876027277496065,0.7409512152474209,0.0022731246721454,0.0194089875852421,0.0389054030424899,0.0778982339569854,0.0166112956810631,0.0201520631874215,0.8232080903521075,0.0022883295194508,0.0171255628552447,0.1372259540857754,,,,,,,,,,,,,,,,,,,,,,
Región Centro Oriente,68,Santander,68217,Coromoro,0.95,0.059,0.95,0.0416,0.0403,0.95,0.0282,0.9251,0.0779,0.95,0.0047570506286102,0.0258239891267414,0.0747536527353041,0.0027183146449201,0.0054366292898402,0.0050968399592252,0.8783554196398233,0.0030581039755351,0.0029004189494038,0.0928134063809216,0.0019336126329358,0.0035449564937157,0.8988076055430229,,,,,,,,,,,,,,,,,,,,,,
Región Caribe,70,Sucre,70215,Corozal,0.1703,0.4669,0.1999,0.3289,0.3186,0.1507,0.2232,0.0954,0.6167,0.1253,0.0113500597371565,0.2570806100217865,0.5917492445006677,0.0009839061072457,0.0075549933234942,0.0249139082156159,0.090624780378101,0.0157424977159322,0.0166164111118239,0.6782254442804901,0.000994418425611,0.0087572977481234,0.2954064284339514,,,,,,,,,,,,,,,,,,,,,,
Región Centro Oriente,15,Boyacá,15215,Corrales,0.95,0.2421,0.95,0.1705,0.1652,0.8861,0.1157,0.5611,0.3198,0.7368,0.0089115213239974,0.0986632718014003,0.3068109484404838,0.0006365372374283,0.0108211330362826,0.0133672819859961,0.5327816677275621,0.0280076384468491,0.0220858895705521,0.4208588957055215,0.0006134969325153,0.012883435582822,0.5435582822085889,,,,,,,,,,,,,,,,,,,,,,
Región Centro Oriente,25,Cundinamarca,25214,Cota,0.8318,0.227,0.95,0.1599,0.1549,0.7361,0.1085,0.4661,0.2998,0.6121,0.0180722891566265,0.1730511790752754,0.2876634744104623,0.0002574400164761,0.0087529605601894,0.0090104005766656,0.442590876325816,0.0606013798784883,0.025610757544652,0.3869328679942517,0.0003079449804968,0.0075959761855881,0.5795524532950113,,,,,,,,,,,,,,,,,,,,,,
Región Caribe,23,Córdoba,23300,Cotorra,0.2764,0.4381,0.3244,0.3086,0.299,0.2446,0.2094,0.1549,0.5786,0.2034,0.008971525159277,0.2621245611753998,0.5551943830451177,0.0018203094526069,0.0036406189052138,0.0130022103757638,0.1470549993498894,0.0081913925367312,0.0112528132033008,0.6362662094094952,0.0016075447433286,0.0036437680848783,0.3472296645589969,,,,,,,,,,,,,,,,,,,,,,
Región Centro Oriente,15,Boyacá,15218,Covarachía,0.95,0.0539,0.95,0.038,0.0368,0.95,0.0258,0.8263,0.0712,0.95,0.0043451272501551,0.1142147734326505,0.0682805710738671,0.0031036623215394,0.0031036623215394,0.0043451272501551,0.7846058348851644,0.0180012414649286,0.0079365079365079,0.1071428571428571,0.0028344671201814,0.0028344671201814,0.8792517006802721,,,,,,,,,,,,,,,,,,,,,,
Región Caribe,70,Sucre,70221,Coveñas,0.2799,0.3983,0.3285,0.2805,0.2718,0.2477,0.1904,0.1568,0.526,0.206,0.0148452305748578,0.2668982943777637,0.5047378395451674,0.0009475679090334,0.0112128869235628,0.0377447883765003,0.1489260897030954,0.0146873025900189,0.0176104036846383,0.593199674884855,0.0017610403684638,0.0079924139799512,0.3794364670820915,,,,,,,,,,,,,,,,,,,,,,
Región Centro Sur,73,Tolima,73217,Coyaima,0.3562,0.3736,0.418,0.2631,0.2549,0.3152,0.1786,0.1996,0.4934,0.2621,0.0095937462987089,0.2754944924789766,0.4734099253819732,0.0048560938055193,0.0159895771645149,0.0120810138576335,0.1895060997275849,0.0190690512850882,0.009779211614074,0.5289847766911987,0.0042342978122794,0.0118963605202137,0.4451053533622341,,,,,,,,,,,,,,,,,,,,,,
Región Llano,81,Arauca,81220,Cravo Norte,0.95,0.1131,0.95,0.0797,0.0772,0.95,0.0541,0.6406,0.1494,0.8412,0.0177430801987224,0.1852377572746628,0.1433640880056778,0.0035486160397444,0.0078069552874378,0.0170333569907735,0.6082327892122072,0.0170333569907735,0.0137477585176329,0.1554094441123729,0.0005977286312014,0.0023909145248057,0.8278541542139869,,,,,,,,,,,,,,,,,,,,,,
Región Pacífico,52,Nariño,52224,Cuaspud,0.3317,0.5305,0.3892,0.3737,0.362,0.2935,0.2536,0.1859,0.7006,0.2441,0.0221543162719633,0.0875986758339699,0.6722689075630253,0.0061115355233002,0.0119684237331296,0.0076394194041252,0.1764705882352941,0.0157881334351922,0.0189835871069804,0.8014633181728298,0.0027684397864346,0.0158196559224836,0.1609649990112715,,,,,,,,,,,,,,,,,,,,,,
Región Centro Oriente,15,Boyacá,15223,Cubará,0.8457,0.3364,0.95,0.237,0.2296,0.7484,0.1608,0.4739,0.4443,0.6223,0.0138232084394325,0.0502000727537286,0.4263368497635504,0.0047289923608584,0.0160058202982902,0.0254638050200072,0.4499818115678428,0.0134594397962895,0.0144978783592644,0.518033946251768,0.001060820367751,0.0137906647807637,0.4526166902404526,,,,,,,,,,,,,,,,,,,,,,
Región Llano,50,Meta,50223,Cubarral,0.95,0.1368,0.95,0.0963,0.0933,0.842,0.0654,0.5332,0.1807,0.7002,0.0102974828375286,0.2740274599542334,0.1733409610983981,0.0005720823798627,0.0068649885583524,0.0151601830663615,0.5062929061784897,0.0134439359267734,0.0116562754133911,0.2206560043372187,0.0002710761724044,0.0089455136893467,0.7584711303876389,,,,,,,,,,,,,,,,,,,,,,
Región Centro Oriente,15,Boyacá,15224,Cucaita,0.95,0.2948,0.95,0.2076,0.2011,0.9124,0.1409,0.5778,0.3893,0.7587,0.0092123445416858,0.0340856748042376,0.3735605711653615,0.0004606172270842,0.0050667894979272,0.0069092584062643,0.5485951174573929,0.022109626900046,0.0145348837209302,0.4696843853820598,0.0008305647840531,0.0120431893687707,0.502906976744186,,,,,,,,,,,,,,,,,,,,,,
Región Centro Oriente,25,Cundinamarca,25224,Cucunubá,0.95,0.0967,0.95,0.0681,0.066,0.95,0.0462,0.7697,0.1277,0.95,0.0192093541202672,0.0865812917594654,0.1224944320712694,0.0027839643652561,0.0103006681514476,0.006403118040089,0.7307906458797327,0.0214365256124721,0.0197913880716769,0.1719711152714629,0.0005349023803155,0.0128376571275742,0.7948649371489703,,,,,,,,,,,,,,,,,,,,,,
Región Centro Oriente,54,Norte de Santander,54001,Cúcuta,0.9369,0.1072,0.95,0.0755,0.0731,0.8291,0.0512,0.525,0.1416,0.6894,0.0109458338098128,0.294080218623458,0.1358333113419715,0.0007887568429787,0.0083567174813733,0.0219767008852256,0.4985089856704287,0.0295094753447512,0.013391343812947,0.1790714027572721,0.0005014750088948,0.0071691315517429,0.799866646869143,,,,,,,,,,,,,,,,,,medium,0.0,0.0,0.0,0.0
Región Centro Oriente,54,Norte de Santander,54223,Cucutilla,0.9025,0.0449,0.95,0.0316,0.0306,0.7986,0.0214,0.5057,0.0593,0.6641,0.0088832487309644,0.4111675126903553,0.0568527918781725,0.0053299492385786,0.0088832487309644,0.0106598984771573,0.4802030456852791,0.0180203045685279,0.01294033069734,0.0841121495327102,0.0019170860292355,0.0076683441169422,0.8933620896237718,,,,,,,,,,,,,,,,,,,,,,
Región Centro Oriente,15,Boyacá,15226,Cuítiva,0.95,0.1809,0.95,0.1274,0.1234,0.95,0.0865,0.6102,0.2389,0.8013,0.0027075812274368,0.1471119133574007,0.2292418772563177,0.0027075812274368,0.0054151624548736,0.003610108303249,0.5794223826714802,0.029783393501805,0.0099833610648918,0.3169717138103161,0.0024958402662229,0.0066555740432612,0.6638935108153078,,,,,,,,,,,,,,,,,,,,,,
Región Llano,50,Meta,50226,Cumaral,0.95,0.1731,0.95,0.1219,0.1181,0.95,0.0828,0.6292,0.2287,0.8262,0.0127850998342672,0.1287191224054928,0.2193986267855733,0.0007892036934732,0.010575329492542,0.0131797016810038,0.5974271959592771,0.0171257201483702,0.0177464352138871,0.2912275263484191,0.0010074395536267,0.0141041537507749,0.675914445133292,,,,,,,,,,,,,,,,,,,,,,
Región Llano,99,Vichada,99773,Cumaribo,0.5362,0.4402,0.6293,0.3101,0.3004,0.4745,0.2104,0.3005,0.5814,0.3946,0.0130947989671707,0.0708225746956842,0.5579122095167834,0.0046108447067502,0.0101438583548506,0.0309848764293618,0.2853190704537071,0.0271117668756916,0.0113946397047022,0.6392232386454823,0.0024073182474723,0.0091478093403948,0.3378269940619483,,,,,,,,,,,,,,,,,,,,,,
Región Pacífico,52,Nariño,52227,Cumbal,0.16,0.6213,0.1878,0.4376,0.4239,0.1416,0.297,0.0897,0.8205,0.1178,0.0106093390102603,0.0924129266420046,0.7873246318140574,0.0015355622251692,0.0062120471836392,0.0060724506177148,0.0851539052139317,0.0106791372932225,0.0125674247900795,0.8675971751098259,0.0005004726686314,0.0079519546238113,0.1113829728076516,,,,,,,,,,,,,,,,,,,,,,
Región Pacífico,52,Nariño,52233,Cumbitara,0.0866,0.705,0.1016,0.4966,0.4811,0.0766,0.337,0.0485,0.9311,0.0637,0.0207305034550839,0.0204014478446857,0.8933859822309971,0.0023033892727871,0.0095426127015465,0.0023033892727871,0.046067785455742,0.0052648897663705,0.0177274668944895,0.9273814609141392,0.0014950875694147,0.0079026057240495,0.0454933788979068,,,,,,,,,,,,,,,,,,,,,,
Región Centro Sur,73,Tolima,73226,Cunday,0.8864,0.1347,0.95,0.0949,0.0919,0.7844,0.0644,0.4967,0.1779,0.6523,0.0072933549432739,0.3133441383036197,0.170718530524041,0.0027012425715829,0.0048622366288492,0.0072933549432739,0.4716369529983792,0.02215018908698,0.0088910842183255,0.1970857001728821,0.0012348728081007,0.0066683131637441,0.7861200296369474,,,,,,,,,,,,,,,,,,,,,,
Región Centro Sur,18,Caquetá,18205,Curillo,0.95,0.1814,0.95,0.1278,0.1238,0.95,0.0867,0.618,0.2396,0.8115,0.0214623499454347,0.120771189523463,0.2299017824663514,0.0029101491451436,0.0123681338668606,0.0141869770825754,0.5867588213895962,0.0116405965805747,0.0294023649728347,0.3173537871524449,0.0019175455417066,0.0099073186321508,0.6414189837008629,,,,,,,,,,,,,,,,,,,,,,
Región Centro Oriente,68,Santander,68229,Curití,0.95,0.108,0.95,0.0761,0.0737,0.95,0.0516,0.8125,0.1427,0.95,0.005531914893617,0.0686524822695035,0.1368794326241134,0.001418439716312,0.0043971631205673,0.0045390070921985,0.7714893617021277,0.0070921985815602,0.0067040634833766,0.1693802161718429,0.0005472704884389,0.0049254343959501,0.8184430154603913,,,,,,,,,,,,,,,,,,,,,,
Región Caribe,20,Cesar,20228,Curumaní,0.6365,0.3656,0.7469,0.2575,0.2495,0.5632,0.1748,0.3567,0.4829,0.4683,0.0121070518266779,0.1375672613990371,0.4633248371566129,0.0019824412347776,0.0121070518266779,0.0211696403285188,0.3386434437836307,0.0130982724440668,0.015256588072122,0.5384566889421258,0.0010717437901903,0.0126087504728281,0.4326062287227336,,,,,,,,,,,,,,,,,,,,,,
Región Eje Cafetero - Antioquia,5,Antioquia,05234,Dabeiba,0.692,0.2331,0.8122,0.1642,0.1591,0.6124,0.1114,0.3878,0.3078,0.5092,0.017189384800965,0.2631182147165259,0.2953860072376357,0.0034680337756332,0.0138721351025331,0.0111580217129071,0.3682147165259348,0.0275934861278648,0.0179951690821256,0.3820048309178744,0.002415458937198,0.0117149758454106,0.5858695652173913,,,,,,,,,,,,,,,,,,,,,,
Región Pacífico,76,Valle del Cauca,76233,Dagua,0.5635,0.3165,0.6614,0.2229,0.216,0.4987,0.1513,0.3158,0.418,0.4147,0.0178145920798819,0.2150799954612504,0.4010552592760694,0.0022126404175649,0.0181549982979689,0.021559060478838,0.2998411437648928,0.0242823102235334,0.0200801039185971,0.5086598830915783,0.0018943494262827,0.0149382983329725,0.4544273652305693,,,,,,,,,,,,,,,,,,,,,,
Región Caribe,44,La Guajira,44090,Dibula,0.3172,0.4599,0.3723,0.3239,0.3138,0.2807,0.2198,0.1778,0.6074,0.2334,0.0147527910685805,0.1972355130249867,0.5828017012227539,0.0011961722488038,0.009170653907496,0.0128920786815523,0.1687931951089845,0.0131578947368421,0.0161640269038837,0.6816012150141029,0.0011933174224343,0.0080277717509221,0.293013668908657,,,,,,,,,,,,,,,,,,,,,,
Región Caribe,44,La Guajira,44098,Distracción,0.3565,0.4118,0.4184,0.2901,0.281,0.3155,0.1968,0.1998,0.5439,0.2624,0.010650099844686,0.2527179942311959,0.5218548923896161,0.0004437541601952,0.0097625915242955,0.0062125582427335,0.1897049034834701,0.0086532061238074,0.0130375559447363,0.6024518388791593,0.001362132710644,0.0079782058766296,0.3751702665888305,,,,,,,,,,,,,,,,,,,,,,
Región Centro Sur,73,Tolima,73236,Dolores,0.95,0.158,0.95,0.1113,0.1078,0.9109,0.0755,0.5769,0.2087,0.7575,0.0101430429128738,0.2059817945383615,0.200260078023407,0.0015604681404421,0.0054616384915474,0.012483745123537,0.5477243172951886,0.0163849154746423,0.0107579462102689,0.2286063569682151,0.0004889975550122,0.00440097799511,0.7557457212713936,,,,,,,,,,,,,,,,,,,,,,
Región Eje Cafetero - Antioquia,5,Antioquia,05237,Don Matías,0.494,0.0969,0.5798,0.0683,0.0661,0.4372,0.0463,0.2768,0.128,0.3635,0.0263307229599364,0.5099307683577347,0.1228010441493587,0.0021563954148223,0.0177051413006469,0.0096470321189422,0.2628532516172965,0.048575644081262,0.0380517503805175,0.1855754595480623,0.0022245638683994,0.0175623463294696,0.7565858798735511,,,,,,,,,,,,,,,,,,,,,,
Región Eje Cafetero - Antioquia,66,Risaralda,66170,Dosquebradas,0.5773,0.2937,0.6776,0.2068,0.2004,0.5109,0.1404,0.3235,0.3878,0.4248,0.0212550311370126,0.2151426260342458,0.3721433374589469,0.0014813226652113,0.0187504263675434,0.01700597401838,0.3071892876982,0.0470319946204597,0.0282682421992673,0.4837377437880805,0.0011855364552459,0.0209218031815134,0.4658866743758928,,,,,,,,,,,,,,,,,,,,,,
Región Centro Oriente,15,Boyacá,15238,Duitama,0.7568,0.316,0.8881,0.2226,0.2157,0.6697,0.1511,0.4241,0.4174,0.5569,0.0144183320996792,0.1118153219837157,0.4005057981741919,0.0005705650135701,0.0084967924993831,0.0123982235381199,0.4026492721440908,0.0491456945472489,0.0244020294757187,0.5190112345977289,0.0004228074414109,0.0125181203189176,0.4436458081662237,,,,,,,,,,,,,,,,,,,,,,
Región Centro Oriente,54,Norte de Santander,54239,Durania,0.95,0.058,0.95,0.0409,0.0396,0.8816,0.0277,0.5583,0.0766,0.7331,0.0077383046078086,0.3520928596552937,0.0735138937741822,0.001406964474147,0.0094970102004924,0.0056278578965881,0.5300738656348927,0.0200492437565951,0.0121212121212121,0.1057239057239057,0.001010101010101,0.0057239057239057,0.8754208754208754,,,,,,,,,,,,,,,,,,,,,,
Región Eje Cafetero - Antioquia,5,Antioquia,05240,Ebéjico,0.3545,0.0894,0.416,0.0629,0.061,0.3137,0.0427,0.1986,0.118,0.2608,0.0150724637681159,0.6195169082125603,0.1132367149758454,0.0032850241545893,0.0141062801932367,0.0073429951690821,0.1885990338164251,0.0388405797101449,0.0174688057040998,0.1529411764705882,0.0035650623885918,0.0110516934046345,0.8149732620320855,,,,,,,,,,,,,,,,,,,,,,
Región Pacífico,76,Valle del Cauca,76243,El Águila,0.8398,0.1292,0.95,0.091,0.0881,0.7431,0.0617,0.4706,0.1706,0.6179,0.0173287123433751,0.3196480938416422,0.1636896827512663,0.0026659557451346,0.0191948813649693,0.0053319114902692,0.4468141828845641,0.0253265795787789,0.0255615801704105,0.238832946036664,0.0015491866769945,0.0203976245804286,0.7136586625355021,,,,,,,,,,,,,,,,,,,,,,
Región Eje Cafetero - Antioquia,5,Antioquia,05250,El Bagre,0.5733,0.2881,0.6729,0.2029,0.1966,0.5073,0.1377,0.3213,0.3805,0.4219,0.0258706467661691,0.2267827529021558,0.3650912106135986,0.0029850746268656,0.0146766169154228,0.0293532338308457,0.3050580431177446,0.0301824212271973,0.0283339356704011,0.483845319840983,0.0015178894109143,0.0124322370798698,0.4738706179978316,,,,,,,,,,,,,,,,,,,,,,
Región Caribe,47,Magdalena,47245,El Banco,0.3557,0.2653,0.4174,0.1869,0.1811,0.3147,0.1268,0.1993,0.3504,0.2617,0.0071860644926547,0.4277072815754764,0.3362441442670669,0.0015918497293855,0.0088688770637194,0.0161459043980533,0.1892481921135216,0.0130076863601218,0.009970625956725,0.417028670721112,0.0012825286500351,0.0067849902776053,0.5649331843945223,,,,,,,,,,,,,,,,,,,,,,
Región Pacífico,76,Valle del Cauca,76246,El Cairo,0.7447,0.1563,0.874,0.1101,0.1067,0.659,0.0747,0.4173,0.2065,0.548,0.0167130919220055,0.3360027855153203,0.1981197771587743,0.003133704735376,0.0118384401114206,0.0094011142061281,0.3962395543175487,0.0285515320334261,0.0192632646164244,0.2669820885434268,0.0037174721189591,0.0128421764109496,0.6971949983102399,,,,,,,,,,,,,,,,,,,,,,
Región Llano,50,Meta,50245,El Calvario,0.95,0.101,0.95,0.0711,0.0689,0.95,0.0483,0.6911,0.1334,0.9075,0.001254705144291,0.1932245922208281,0.1279799247176913,,0.0025094102885821,0.0062735257214554,0.6562107904642409,0.0125470514429109,0.0021905805038335,0.1840087623220153,0.0010952902519167,0.004381161007667,0.8083242059145673,,,,,,,,,,,,,,,,,,,,,,
Región Pacífico,27,Chocó,27135,El Cantón del San Pablo,0.1978,0.5322,0.2322,0.3749,0.3631,0.1751,0.2544,0.1109,0.7028,0.1456,0.0142729705619982,0.1333630686886708,0.6743978590544157,0.0080285459411239,0.0187332738626226,0.0165031222123104,0.1052631578947368,0.0294380017841213,0.015625,0.7684294871794872,0.0020032051282051,0.0176282051282051,0.1963141025641025,,,,,,,,,,,,,,,,,,,,,,
Región Centro Oriente,54,Norte de Santander,54245,El Carmen,0.95,0.1759,0.95,0.1239,0.12,0.898,0.0841,0.5687,0.2323,0.7468,0.0055346468895284,0.1963692716404693,0.2229355767102059,0.0019924728802302,0.0073057338941775,0.0090768208988266,0.5399601505423954,0.0168253265441664,0.008363201911589,0.2630426125049781,0.0009956192751891,0.0067702110712863,0.7208283552369574,,,,,,,,,,,,,,,,,,,,,,
Región Pacífico,27,Chocó,27245,El Carmen de Atrato,0.6835,0.2083,0.8021,0.1467,0.1421,0.6048,0.0996,0.383,0.2751,0.5029,0.013953488372093,0.3063953488372093,0.263953488372093,0.002906976744186,0.0119186046511627,0.0101744186046511,0.3636627906976744,0.0270348837209302,0.020343461030383,0.3717305151915456,0.0013210039630118,0.011889035667107,0.5947159841479525,,,,,,,,,,,,,,,,,,,,,,
Región Caribe,13,Bolívar,13244,El Carmen de Bolívar,0.3372,0.2657,0.3957,0.1872,0.1813,0.2984,0.127,0.1889,0.3509,0.2481,0.0172021479930827,0.4171293346682443,0.3367161190497861,0.0014562664967689,0.0122872485664876,0.0143351233275689,0.1793938290707199,0.0214799308273414,0.0193382517326179,0.4114315522766227,0.0012295998211491,0.0102466651762426,0.5577539309933676,,,,,,,,,,,,,,,,,,,,,,
Región Centro Oriente,68,Santander,68235,El Carmen de Chucurí,0.95,0.0418,0.95,0.0294,0.0285,0.95,0.02,0.8522,0.0552,0.95,0.0072513339718155,0.1053495690244903,0.0529484197564646,0.0006840881105486,0.0050622520180599,0.0160076617868381,0.8091394171569298,0.0035572581748529,0.007701344472001,0.0639603184962798,0.0002610625244746,0.004307531653831,0.9237697428534134,,,,,,,,,,,,,,,,,,,,,,
Región Eje Cafetero - Antioquia,5,Antioquia,05148,El Carmen de Viboral,0.6086,0.1694,0.7142,0.1193,0.1156,0.5385,0.081,0.341,0.2237,0.4478,0.0186216498433693,0.3649843369300383,0.2146536721197354,0.001775147928994,0.0158719108945353,0.0099547511312217,0.323807866341803,0.0503306648103028,0.0248919619706136,0.296732929991357,0.0011063094209161,0.0161452031114952,0.661123595505618,,,,,,,,,,,,,,,,,,,,,,
Región Llano,50,Meta,50251,El Castillo,0.8491,0.3335,0.95,0.2349,0.2276,0.7513,0.1594,0.4758,0.4405,0.6248,0.0166902404526166,0.0741159830268741,0.4226308345120226,0.0011315417256011,0.0147100424328147,0.0087694483734087,0.4517680339462517,0.0101838755304101,0.0192926045016077,0.5061629153269025,0.0016077170418006,0.0147374062165058,0.4581993569131832,,,,,,,,,,,,,,,,,,,,,,
Región Pacífico,76,Valle del Cauca,76248,El Cerrito,0.2505,0.5054,0.294,0.356,0.3449,0.2217,0.2416,0.1404,0.6675,0.1844,0.0191312636165577,0.1485566448801742,0.6404547930283224,0.0014297385620915,0.0179738562091503,0.0162037037037037,0.1333061002178649,0.022943899782135,0.0183304592195184,0.7288113942645462,0.0009580379383023,0.0145941112601392,0.2373059973174937,,,,,,,,,,,,,,,,,,,,,,
Región Pacífico,52,Nariño,52250,El Charco,0.0656,0.6459,0.077,0.455,0.4407,0.0581,0.3087,0.0368,0.853,0.0483,0.0121501076591817,0.0664410950476776,0.8185173792679176,0.005229160258382,0.0159950784374038,0.0313749615502922,0.0349123346662565,0.0153798831128883,0.0110230369085954,0.8801089918256131,0.0016101065147386,0.0104037651721575,0.0968540995788952,,,,,,,,,,,,,,,,,,,,,,
Región Centro Oriente,15,Boyacá,15244,El Cocuy,0.95,0.094,0.95,0.0662,0.0641,0.901,0.0449,0.5706,0.1241,0.7492,0.0198482194979568,0.2697022767075306,0.1190893169877408,0.0023350846468184,0.010507880910683,0.0052539404553415,0.5417396380618797,0.031523642732049,0.0211480362537764,0.1576032225579053,0.0020140986908358,0.0110775427995971,0.8081570996978852,,,,,,,,,,,,,,,,,,,,,,
Región Centro Oriente,25,Cundinamarca,25245,El Colegio,0.95,0.2302,0.95,0.1622,0.1571,0.8558,0.11,0.542,0.304,0.7117,0.0105380333951762,0.1375881261595547,0.2917254174397031,0.0009647495361781,0.0080148423005565,0.0110575139146567,0.514582560296846,0.0255287569573283,0.0165717991209741,0.3689026586929894,0.0010807695078896,0.0117443619857338,0.601700410692413,,,,,,,,,,,,,,,,,,,,,,
Región Caribe,20,Cesar,20238,El Copey,0.2926,0.47,0.3434,0.3311,0.3207,0.259,0.2247,0.164,0.6207,0.2153,0.0107296137339055,0.2060085836909871,0.5956223175965665,0.0018884120171673,0.0083261802575107,0.0121030042918454,0.1557081545064377,0.0096137339055793,0.0116678105696636,0.6697170746587356,0.0007626019980172,0.006329596583543,0.3115229161900404,,,,,,,,,,,,,,,,,,,,,,
Región Centro Sur,18,Caquetá,18247,El Doncello,0.917,0.2364,0.95,0.1665,0.1613,0.8115,0.113,0.5139,0.3122,0.6748,0.025025025025025,0.1228371228371228,0.2995852995852995,0.0017160017160017,0.0165880165880165,0.0316030316030316,0.4879164879164879,0.0147290147290147,0.0299502849521037,0.3973566145264944,0.0025463805020007,0.0147932581544804,0.5553534618649206,,,,,,,,,,,,,,,,,,,,,,
Región Llano,50,Meta,50270,El Dorado,0.95,0.1437,0.95,0.1012,0.098,0.8865,0.0687,0.5614,0.1897,0.7372,0.0087527352297593,0.2459518599562363,0.1820568927789934,0.0008752735229759,0.0056892778993435,0.0100656455142231,0.5330415754923413,0.0135667396061269,0.0155201342281879,0.2382550335570469,0.0008389261744966,0.0046140939597315,0.7407718120805369,,,,,,,,,,,,,,,,,,,,,,
Región Pacífico,76,Valle del Cauca,76250,El Dovio,0.7096,0.2094,0.8328,0.1475,0.1429,0.6279,0.1001,0.3977,0.2766,0.5222,0.0191358024691358,0.2711934156378601,0.2654320987654321,0.0037037037037037,0.0193415637860082,0.0246913580246913,0.3775720164609053,0.0189300411522633,0.0271457085828343,0.356686626746507,0.0027944111776447,0.0199600798403193,0.5934131736526946,,,,,,,,,,,,,,,,,,,,,,
Región Centro Sur,91,Amazonas,91263,El Encanto,0.1588,0.4668,0.1864,0.3288,0.3185,0.1405,0.2231,0.089,0.6165,0.1169,0.0070422535211267,0.2147887323943662,0.5915492957746479,0.0105633802816901,0.0140845070422535,0.028169014084507,0.0845070422535211,0.0492957746478873,0.0076045627376425,0.6387832699619772,,0.0152091254752851,0.338403041825095,,,,,,,,,,,,,,,,,,,,,,
Región Centro Oriente,15,Boyacá,15248,El Espino,0.95,0.0774,0.95,0.0545,0.0528,0.95,0.037,0.6266,0.1023,0.8228,0.0125588697017268,0.2660910518053375,0.0981161695447409,0.0031397174254317,0.0039246467817896,0.0062794348508634,0.5949764521193093,0.0149136577708006,0.0145243282498184,0.1234567901234567,,0.0050835148874364,0.8569353667392883,,,,,,,,,,,,,,,,,,,,,,
Región Centro Oriente,68,Santander,68245,El Guacamayo,0.95,0.0392,0.95,0.0276,0.0268,0.95,0.0188,0.8905,0.0518,0.95,0.0031746031746031,0.0846560846560846,0.0497354497354497,0.001058201058201,0.0031746031746031,0.0063492063492063,0.8455026455026455,0.0063492063492063,0.0103092783505154,0.0562324273664479,,0.0037488284910965,0.92970946579194,,,,,,,,,,,,,,,,,,,,,,
Región Caribe,13,Bolívar,13248,El Guamo,0.147,0.3023,0.1725,0.213,0.2063,0.1301,0.1445,0.0824,0.3993,0.1081,0.0108695652173913,0.484903381642512,0.3831521739130434,0.0033212560386473,0.0051328502415458,0.0057367149758454,0.0782004830917874,0.028683574879227,0.0094936708860759,0.5100210970464135,0.0007911392405063,0.0031645569620253,0.4765295358649789,,,,,,,,,,,,,,,,,,,,,,
Región Pacífico,27,Chocó,27250,El Litoral del San Juan,0.0378,0.7314,0.0444,0.5152,0.4991,0.0335,0.3496,0.0212,0.95,0.0278,0.002757099531293,0.0209539564378274,0.9269368624207334,0.0005514199062586,0.0079955886407499,0.0118555279845602,0.0201268265784394,0.0088227185001378,0.0027040314650934,0.9746804326450343,0.0009832841691248,0.0044247787610619,0.0172074729596853,,,,,,,,,,,,,,,,,,,,,,
Región Caribe,44,La Guajira,44110,El Molino,0.2476,0.3866,0.2906,0.2723,0.2638,0.2191,0.1848,0.1388,0.5106,0.1822,0.0112418300653594,0.3409150326797385,0.4899346405228758,0.0005228758169934,0.0065359477124183,0.006797385620915,0.1317647058823529,0.0122875816993464,0.0109942638623326,0.5642925430210325,0.0002390057361376,0.00717017208413,0.4173040152963671,,,,,,,,,,,,,,,,,,,,,,
Región Caribe,20,Cesar,20250,El Paso,0.3346,0.5274,0.3926,0.3715,0.3599,0.2961,0.2521,0.1875,0.6965,0.2462,0.0132484262919045,0.1039379300248865,0.6683501683501684,0.0013175230566534,0.0114185331576635,0.0150783194261455,0.1780120040989606,0.0086370955936173,0.0101461038961038,0.7466179653679653,0.0004734848484848,0.0075081168831168,0.235254329004329,,,,,,,,,,,,,,,,,,,,,,
Región Centro Sur,18,Caquetá,18256,El Paujil,0.8812,0.3052,0.95,0.215,0.2083,0.7797,0.1459,0.4938,0.4031,0.6484,0.0176192522561237,0.091104426299957,0.3867640739149119,0.0040825096691018,0.0103137086377309,0.0111731843575419,0.4688440051568543,0.0100988397077782,0.0198019801980198,0.50034141345169,0.0018777739842949,0.0119494708091498,0.4660293615568453,,,,,,,,,,,,,,,,,,,,,,
Región Pacífico,52,Nariño,52254,El Peñol,0.1024,0.6124,0.1202,0.4313,0.4179,0.0906,0.2927,0.0574,0.8088,0.0754,0.0114388922335942,0.1309452137266706,0.7760385310054184,0.0015051173991571,0.0096327513546056,0.009933774834437,0.0544852498494882,0.0060204695966285,0.0136428913355672,0.8609382479655338,0.0019147917663954,0.0081378650071804,0.1153662039253231,,,,,,,,,,,,,,,,,,,,,,
Región Caribe,13,Bolívar,13268,El Peñón,0.3622,0.2793,0.4251,0.1968,0.1906,0.3205,0.1335,0.203,0.3689,0.2665,0.0070306038047973,0.3974358974358974,0.3540115798180314,0.0008271298593879,0.0041356492969396,0.0198511166253101,0.1927212572373862,0.0239867659222497,0.0153117025154939,0.4659132336857455,0.0003645643456069,0.0036456434560699,0.5147648559970834,,,,,,,,,,,,,,,,,,,,,,
Región Centro Oriente,25,Cundinamarca,25258,El Peñón,0.95,0.0865,0.95,0.0609,0.059,0.95,0.0413,0.6298,0.1142,0.8271,0.0077054794520547,0.2461472602739726,0.1095890410958904,0.0012842465753424,0.0077054794520547,0.0064212328767123,0.5980308219178082,0.0231164383561643,0.0065009560229445,0.1384321223709369,0.0026768642447418,0.0049713193116634,0.8474187380497132,,,,,,,,,,,,,,,,,,,,,,
Región Centro Oriente,68,Santander,68250,El Peñón,0.95,0.0934,0.95,0.0658,0.0637,0.95,0.0446,0.8353,0.1233,0.95,0.0054455445544554,0.0574257425742574,0.1183168316831683,0.0019801980198019,0.0039603960396039,0.0103960396039603,0.7930693069306931,0.0094059405940594,0.007805724197745,0.1409366869037294,0.0021682567215958,0.0047701647875108,0.8443191673894189,,,,,,,,,,,,,,,,,,,,,,
Región Caribe,47,Magdalena,47258,El Piñon,0.0938,0.3171,0.1101,0.2234,0.2164,0.083,0.1516,0.0526,0.4188,0.0691,0.0130774456521739,0.5056046195652174,0.4018342391304347,0.0015285326086956,0.0067934782608695,0.0066236413043478,0.0499320652173913,0.0146059782608695,0.0111866326819597,0.494619088077032,0.0007080147267063,0.0060889266496743,0.4873973378646276,,,,,,,,,,,,,,,,,,,,,,
Región Centro Oriente,68,Santander,68255,El Playón,0.95,0.079,0.95,0.0556,0.0539,0.95,0.0378,0.8333,0.1043,0.95,0.0070371966106563,0.0802814878644262,0.1001005313801522,0.0018670113456843,0.0070371966106563,0.0084733591842596,0.7911819617980755,0.0040212552060893,0.0083964211975223,0.1218169304886441,0.0006882312456985,0.0064693737095664,0.8626290433585685,,,,,,,,,,,,,,,,,,,,,,
Región Caribe,47,Magdalena,47268,El Retén,0.1542,0.5161,0.181,0.3635,0.3522,0.1365,0.2467,0.0864,0.6816,0.1135,0.0168482207697893,0.2171387073347857,0.6540305010893246,0.0018881626724763,0.0088598402323892,0.0092955700798838,0.0820624546114742,0.0098765432098765,0.0156328794755421,0.773071104387292,0.0010085728693898,0.0071860816944024,0.2031013615733737,,,,,,,,,,,,,,,,,,,,,,
Región Llano,95,Guaviare,95025,El Retorno,0.95,0.2171,0.95,0.153,0.1482,0.95,0.1038,0.6137,0.2868,0.8058,0.0215417106652587,0.0775079197465681,0.2751847940865892,0.00168954593453,0.0092925026399155,0.0204857444561774,0.5826821541710665,0.0116156282998944,0.022581273116605,0.3311271169943547,0.0021413276231263,0.0107066381156316,0.6334436441502823,,,,,,,,,,,,,,,,,,,,,,
Región Caribe,70,Sucre,70233,El Roble,0.088,0.5485,0.1032,0.3864,0.3743,0.0778,0.2622,0.0493,0.7244,0.0647,0.0075187969924812,0.2144736842105263,0.6951127819548872,0.0009398496240601,0.0054511278195488,0.0193609022556391,0.0468045112781954,0.0103383458646616,0.0085858585858585,0.7523569023569023,0.0005050505050505,0.0035353535353535,0.235016835016835,,,,,,,,,,,,,,,,,,,,,,
Región Centro Oriente,25,Cundinamarca,25260,El Rosal,0.95,0.196,0.95,0.1381,0.1338,0.95,0.0937,0.6422,0.2589,0.8433,0.0203269995581087,0.0687877448814258,0.2484165561938429,0.0011783767859773,0.0217263219914567,0.0102371483281779,0.6097363381941375,0.0195905140668728,0.0251371792970487,0.3634880616936082,0.0007415097137772,0.0305502002076227,0.5800830490879431,,,,,,,,,,,,,,,,,,,,,,
Región Pacífico,52,Nariño,52256,El Rosario,0.0396,0.7126,0.0465,0.5019,0.4863,0.0351,0.3406,0.0222,0.9411,0.0291,0.0112412177985948,0.0459016393442622,0.9030444964871196,0.0014051522248243,0.0072599531615925,0.0046838407494145,0.0210772833723653,0.0053864168618266,0.0089285714285714,0.9395896656534954,0.0001899696048632,0.0106382978723404,0.0406534954407294,,,,,,,,,,,,,,,,,,,,,,
Región Eje Cafetero - Antioquia,5,Antioquia,05697,El Santuario,0.3077,0.0788,0.3612,0.0555,0.0538,0.2723,0.0377,0.1725,0.1041,0.2265,0.0133278443884114,0.6540935522050121,0.0998816446251222,0.0013379303247053,0.008696547110585,0.017084341069315,0.1637420882004837,0.0418360520763649,0.0159991742361684,0.1432700247729149,0.0011870355078447,0.0083608587943848,0.831182906688687,,,,,,,,,,,,,,,,,,,,,,
Región Pacífico,52,Nariño,52258,El Tablón de Gómez,0.2978,0.4849,0.3495,0.3416,0.3309,0.2635,0.2318,0.1669,0.6404,0.2191,0.0235160557898151,0.1691534219915666,0.6144988647421343,0.0025948751216347,0.0120012974375608,0.0051897502432695,0.1584495621148232,0.0145961725591955,0.0246633782162378,0.7203039594720704,0.0033328889481402,0.0101319824023463,0.2415677909612051,,,,,,,,,,,,,,,,,,,,,,
Región Pacífico,19,Cauca,19256,El Tambo,0.2777,0.4097,0.3259,0.2886,0.2796,0.2458,0.1958,0.1556,0.5411,0.2044,0.0296305797845048,0.2020266803488968,0.5192406362237044,0.0078886608517188,0.0319394561313494,0.0245638789122627,0.1477680861980503,0.0369420215495125,0.031959629941127,0.65442482011027,0.0065881693299691,0.0336417157275021,0.2733856648911317,,,,,,,,,,,,,,,,,,,,,,
Región Pacífico,52,Nariño,52260,El Tambo,0.2764,0.4351,0.3244,0.3065,0.2969,0.2446,0.208,0.1549,0.5746,0.2034,0.0180731671767963,0.2305786328523539,0.5513773502404897,0.0029150269639994,0.0217169508817956,0.0069960647135986,0.1470631103337706,0.0212796968371957,0.0190628458984134,0.6861394662403149,0.0025827081539786,0.0195547903086951,0.272660189398598,,,,,,,,,,,,,,,,,,,,,,
Región Centro Oriente,54,Norte de Santander,54250,El Tarra,0.4517,0.5448,0.5302,0.3838,0.3718,0.3998,0.2604,0.2531,0.7196,0.3324,0.0116088703676142,0.0267897008483405,0.6904301235302872,0.001339485042417,0.0120553653817532,0.0086322369400208,0.2403631492781664,0.0087810686114005,0.0180759432245541,0.8027417202474827,0.0016984107727769,0.0094625743054713,0.1680213514497149,,,,,,,,,,,,,,,,,,,,,,
Región Centro Oriente,54,Norte de Santander,54261,El Zulia,0.95,0.0804,0.95,0.0567,0.0549,0.95,0.0385,0.6596,0.1063,0.8662,0.0100371453410258,0.2223188176716984,0.1019521062198688,0.0011854896072077,0.0075871334861297,0.0153323322532205,0.6263336758081087,0.01525329961274,0.0096783583175665,0.1243632659001601,0.0007276961141027,0.0072769611410275,0.8579537185271431,,,,,,,,,,,,,,,,,,,,,,
Región Centro Sur,41,Huila,41244,Elías,0.95,0.1722,0.95,0.1213,0.1175,0.95,0.0823,0.6375,0.2275,0.8372,0.0109367570137898,0.1336186400380409,0.2182596291012838,0.0009510223490252,0.0080836899667142,0.0090347123157394,0.6053257251545411,0.0137898240608654,0.0128534704370179,0.2784918594687232,0.0004284490145672,0.0089974293059125,0.699228791773779,,,,,,,,,,,,,,,,,,,,,,
Región Centro Oriente,68,Santander,68264,Encino,0.95,0.0387,0.95,0.0273,0.0264,0.95,0.0185,0.9226,0.0511,0.95,0.0036049026676279,0.0540735400144196,0.0490266762797404,0.0014419610670511,0.0043258832011535,0.0057678442682047,0.8759913482335977,0.0057678442682047,0.0019854401058901,0.0615486432825943,0.00066181336863,0.00066181336863,0.9351422898742554,,,,,,,,,,,,,,,,,,,,,,
Región Centro Oriente,68,Santander,68266,Enciso,0.95,0.0825,0.95,0.0581,0.0563,0.95,0.0394,0.8468,0.109,0.95,0.0083088954056695,0.0669599217986314,0.104594330400782,0.0019550342130987,0.0009775171065493,0.0043988269794721,0.8040078201368523,0.0087976539589442,0.0050691244239631,0.1235023041474654,0.0009216589861751,0.0023041474654377,0.8682027649769585,,,,,,,,,,,,,,,,,,,,,,
Región Eje Cafetero - Antioquia,5,Antioquia,05264,Entrerrios,0.7593,0.0914,0.8911,0.0644,0.0623,0.6719,0.0437,0.4255,0.1207,0.5587,0.0203313253012048,0.394578313253012,0.1157756024096385,0.0016942771084337,0.008847891566265,0.0064006024096385,0.4039909638554217,0.0483810240963855,0.0247718383311603,0.1819705718010802,0.0009312721177127,0.0089402123300428,0.7833861054200038,,,,,,,,,,,,,,,,,,,,,,
Región Eje Cafetero - Antioquia,5,Antioquia,05266,Envigado,0.2,0.1312,0.2347,0.0924,0.0895,0.1769,0.0627,0.1121,0.1732,0.1471,0.0168124881567684,0.6234407773080416,0.1662103619291562,0.0004247227867042,0.0069458511117935,0.0071484112100678,0.1063963251677655,0.0726210623297025,0.0298837963861144,0.234394128941189,0.0005820215548672,0.0097271188595053,0.7254129342583239,,,,,,,,,,,,,,,,,,,,,,
Región Centro Sur,73,Tolima,73268,Espinal,0.8197,0.2318,0.95,0.1633,0.1582,0.7253,0.1108,0.4593,0.3061,0.6031,0.0149355987941901,0.2080844066867635,0.2937517127980268,0.0011510002740476,0.0150178130994793,0.0111263359824609,0.4361194847903535,0.0198136475746779,0.0172146401985111,0.3673748966087676,0.000801282051282,0.015612076095947,0.5989971050454922,,,,,,,,,,,,,,,,,,,,,,
Región Centro Oriente,25,Cundinamarca,25269,Facatativá,0.7447,0.3143,0.8739,0.2214,0.2145,0.659,0.1502,0.4173,0.4152,0.548,0.0215245848830058,0.1044747708437051,0.3983512460831112,0.0006296307142647,0.0245702404310774,0.0177321580226667,0.3962280727443114,0.0364892962778575,0.0286468646864686,0.5321745507884121,0.0005427209387605,0.0293215988265493,0.4093142647598093,,,,,,,,,,,,,,,,,,,,,,
Región Centro Sur,73,Tolima,73270,Falan,0.95,0.2169,0.95,0.1528,0.148,0.872,0.1037,0.5522,0.2865,0.7251,0.0154942671211651,0.1245739076541679,0.2748682987294701,0.0027889680818097,0.0139448404090486,0.0247908273938642,0.5243259993802293,0.0192128912302448,0.0213004484304932,0.3380044843049327,0.0016816143497757,0.0140134529147982,0.625,,,,,,,,,,,,,,,,,,,,,,
Región Eje Cafetero - Antioquia,17,Caldas,17272,Filadelfia,0.6503,0.1318,0.7632,0.0928,0.0899,0.5754,0.063,0.3644,0.174,0.4785,0.0143302180685358,0.4083073727933541,0.1669781931464174,0.0037383177570093,0.0157840083073727,0.0085150571131879,0.3460020768431983,0.0363447559709241,0.0225711481844946,0.2308145240431796,0.0027477919528949,0.0133464180569185,0.7305201177625122,,,,,,,,,,,,,,,,,,,,,,
Región Eje Cafetero - Antioquia,63,Quindío,63272,Filandia,0.4947,0.1848,0.5806,0.1302,0.1261,0.4378,0.0883,0.2772,0.244,0.364,0.0301183844011142,0.375,0.2341573816155988,0.0017409470752089,0.0224582172701949,0.0151462395543175,0.2632311977715877,0.0581476323119777,0.0320479862896315,0.3221936589545844,0.0025706940874035,0.0222793487574978,0.6209083119108826,,,,,,,,,,,,,,,,,,,,,,
Región Centro Oriente,15,Boyacá,15272,Firavitoba,0.8737,0.2894,0.95,0.2039,0.1975,0.7731,0.1383,0.4896,0.3823,0.6429,0.0178571428571428,0.0945550351288056,0.3668032786885246,0.0005854800936768,0.009367681498829,0.0058548009367681,0.4648711943793911,0.0401053864168618,0.0224215246636771,0.4817825112107623,0.0002802690582959,0.0098094170403587,0.4857062780269058,,,,,,,,,,,,,,,,,,,,,,
Región Centro Sur,73,Tolima,73275,Flandes,0.9071,0.2036,0.95,0.1434,0.1389,0.8027,0.0973,0.5083,0.2689,0.6675,0.0111609184887018,0.1983350105205379,0.2579818863781905,0.0010063123227518,0.0145457872106852,0.015552099533437,0.4826639831671393,0.0187540023785564,0.0148912767577629,0.3347152889415348,0.0005922666892292,0.0162450291902868,0.6335561384211862,,,,,,,,,,,,,,,,,,,,,,
Región Centro Sur,18,Caquetá,18001,Florencia,0.8295,0.2521,0.95,0.1776,0.172,0.734,0.1205,0.4648,0.3329,0.6104,0.0196015244073306,0.1657652861065964,0.3194670178781595,0.0014151207756543,0.0109987109790954,0.0170374936950064,0.4413355377458947,0.0243793084122625,0.0254457894051802,0.400689834699987,0.0010803071716777,0.013302095535598,0.559481973187557,,,,,,,,,,,,,,,,,,,,,,
Región Pacífico,19,Cauca,19290,Florencia,0.1411,0.5985,0.1656,0.4216,0.4084,0.1248,0.2861,0.079,0.7905,0.1038,0.0238817285822592,0.0959059893858984,0.7585291887793784,0.0072024260803639,0.0181956027293404,0.0072024260803639,0.0750568612585291,0.0140257771038665,0.0222640326121041,0.8184383819379115,0.0053308247099404,0.0103480714957666,0.1436186892442772,,,,,,,,,,,,,,,,,,,,,,
Región Centro Oriente,15,Boyacá,15276,Floresta,0.95,0.1718,0.95,0.121,0.1172,0.95,0.0821,0.606,0.2268,0.7958,0.0063445583211322,0.1473889702293802,0.2176671547096144,0.002440214738897,0.0082967301122498,0.0043923865300146,0.575402635431918,0.0380673499267935,0.0103000447828034,0.2727272727272727,0.0013434841021047,0.0067174205105239,0.7089117778772951,,,,,,,,,,,,,,,,,,,,,,
Región Centro Oriente,68,Santander,68271,Florián,0.95,0.1625,0.95,0.1145,0.1109,0.95,0.0777,0.7658,0.2147,0.95,0.0036962365591397,0.0453629032258064,0.2059811827956989,0.0016801075268817,0.0033602150537634,0.0063844086021505,0.7271505376344086,0.0063844086021505,0.0036242826940501,0.2485653881002718,0.0003020235578375,0.001812141347025,0.7456961643008154,,,,,,,,,,,,,,,,,,,,,,
Región Pacífico,76,Valle del Cauca,76275,Florida,0.182,0.5513,0.2135,0.3884,0.3762,0.161,0.2635,0.102,0.7282,0.1339,0.0170767960363336,0.1305697770437655,0.6986952931461602,0.0012551610239471,0.0186292320396366,0.0171098265895953,0.0968125516102394,0.019851362510322,0.0182262996941896,0.7772477064220183,0.0009480122324159,0.014006116207951,0.189571865443425,,,,,,,,,,,,,,,,,,,,,,
Región Centro Oriente,68,Santander,68276,Floridablanca,0.95,0.1542,0.95,0.1086,0.1052,0.95,0.0737,0.7058,0.2036,0.9268,0.0065591475742349,0.0996647985828026,0.195384888935719,0.0002568340917622,0.0031215220383407,0.0106289801052361,0.6701657567715296,0.0142180719003747,0.0109455741666064,0.2469747010814253,0.0002495091891607,0.0041956939966775,0.7376345215661297,,,,,,,,,,,,,,,,,,,,,,
Región Centro Oriente,25,Cundinamarca,25279,Fomeque,0.95,0.1041,0.95,0.0733,0.071,0.95,0.0498,0.7523,0.1375,0.95,0.0061795149080797,0.1177197589989185,0.1319326432875019,0.0010814151089139,0.0050980997991657,0.0043256604356558,0.7143519233740151,0.0193109840877491,0.0156317846287451,0.1781733970183818,0.001302648719062,0.0043421623968736,0.8005500072369374,,,,,,,,,,,,,,,,,,,,,,
Región Caribe,44,La Guajira,44279,Fonseca,0.2667,0.5077,0.313,0.3576,0.3464,0.236,0.2427,0.1494,0.6705,0.1962,0.0136465476271301,0.1620612397311426,0.6433566433566433,0.001154185620205,0.008147192613212,0.0160228121393169,0.1418969380134428,0.0137144408989069,0.0140538633423497,0.7323297659649536,0.000882041632365,0.0082323885687404,0.2445019404915912,,,,,,,,,,,,,,,,,,,,,,
Región Llano,81,Arauca,81300,Fortul,0.95,0.3018,0.95,0.2126,0.2059,0.8774,0.1443,0.5556,0.3986,0.7296,0.0160336239103362,0.0344022415940224,0.3824719800747198,0.0037359900373599,0.0185242839352428,0.0088729763387297,0.5275529265255293,0.0084059775840597,0.0205389657683903,0.4968681718863802,0.0030589949016751,0.0166059723233794,0.4629278951201748,,,,,,,,,,,,,,,,,,,,,,
Región Centro Oriente,25,Cundinamarca,25281,Fosca,0.95,0.105,0.95,0.074,0.0716,0.95,0.0502,0.8017,0.1387,0.95,0.0050330292544825,0.0849323686693929,0.1330607109153821,0.0003145643284051,0.0025165146272412,0.0034602076124567,0.7612456747404844,0.0094369298521547,0.0079213329691341,0.1570609123190385,0.0005462988254575,0.0049166894291177,0.8295547664572521,,,,,,,,,,,,,,,,,,,,,,
Región Pacífico,52,Nariño,52520,Francisco Pizarro,0.0588,0.6657,0.069,0.4689,0.4543,0.052,0.3182,0.0329,0.8792,0.0432,0.0141818181818181,0.0756363636363636,0.8436363636363636,0.0014545454545454,0.0127272727272727,0.0127272727272727,0.0312727272727272,0.0083636363636363,0.0068792995622263,0.9108818011257036,0.0003126954346466,0.0090681676047529,0.0728580362726704,,,,,,,,,,,,,,,,,,,,,,
Región Eje Cafetero - Antioquia,5,Antioquia,05282,Fredonia,0.3237,0.1284,0.3798,0.0905,0.0876,0.2864,0.0614,0.1814,0.1696,0.2382,0.0175681923254738,0.5821775312066574,0.1627369394359685,0.0017337031900138,0.012713823393435,0.0064724919093851,0.172214516874711,0.044382801664355,0.0225663716814159,0.2273230088495575,0.0022123893805309,0.0139380530973451,0.7339601769911505,,,,,,,,,,,,,,,,,,,,,,
Región Centro Sur,73,Tolima,73283,Fresno,0.95,0.1433,0.95,0.1009,0.0978,0.902,0.0685,0.5712,0.1892,0.7501,0.0172092676748863,0.1940698800566192,0.1815540490203382,0.0027564627877523,0.0159427847724055,0.0201147284511659,0.5423526782388438,0.0260001489979885,0.0230812800906258,0.2531860662701784,0.0017700368167657,0.0163551401869158,0.705607476635514,,,,,,,,,,,,,,,,,,,,,,
Región Eje Cafetero - Antioquia,5,Antioquia,05284,Frontino,0.4626,0.1818,0.5429,0.128,0.124,0.4094,0.0869,0.2592,0.2401,0.3404,0.0259949802796701,0.4204015776263894,0.2303693079956973,0.0060953746862674,0.0186446755109358,0.008067407673001,0.2461455718895661,0.0442811043384725,0.0283897678545024,0.3391985805116073,0.0028094041106018,0.0193701020257282,0.6102321454975602,,,,,,,,,,,,,,,,,,,,,,
Región Llano,50,Meta,50287,Fuente de Oro,0.95,0.1924,0.95,0.1356,0.1313,0.95,0.092,0.6547,0.2542,0.8598,0.0141984184040258,0.0819554277498202,0.2438892882818116,0.001078360891445,0.0149173256649892,0.0115025161754133,0.6216750539180446,0.01078360891445,0.0182094081942336,0.3188332490305176,0.0008430281571404,0.0153431124599561,0.6467712021581521,,,,,,,,,,,,,,,,,,,,,,
Región Caribe,47,Magdalena,47288,Fundación,0.4509,0.3559,0.5292,0.2507,0.2429,0.399,0.1701,0.2527,0.47,0.3318,0.0155491181732981,0.25675215131635,0.4510096276731703,0.0011076084178239,0.0096702734940785,0.0138877055465621,0.239925023430178,0.0120984919485388,0.0141249339073948,0.5538560314223129,0.0005665080444142,0.0093284991313543,0.4221240274945237,,,,,,,,,,,,,,,,,,,,,,
Región Pacífico,52,Nariño,52287,Funes,0.1524,0.4385,0.1788,0.3089,0.2992,0.1348,0.2096,0.0854,0.5791,0.1121,0.0111386138613861,0.3276608910891089,0.5556930693069307,0.0030940594059405,0.0111386138613861,0.0030940594059405,0.0810643564356435,0.0071163366336633,0.0121604139715394,0.6395860284605434,0.0028460543337645,0.0082794307891332,0.3371280724450194,,,,,,,,,,,,,,,,,,,,,,
Región Centro Oriente,25,Cundinamarca,25286,Funza,0.7078,0.3216,0.8307,0.2266,0.2195,0.6263,0.1537,0.3966,0.4248,0.5208,0.0215165913392822,0.1124888940394792,0.4075984084675706,0.0003669795650326,0.0168810599915015,0.0174218719820759,0.3765982925792869,0.0471279020357708,0.0277020017673953,0.5364237138356323,0.0005186921274061,0.0207668959157797,0.4145886963537865,,,,,,,,,,,,,,,,,,,,,,
Región Centro Oriente,25,Cundinamarca,25288,Fúquene,0.95,0.196,0.95,0.1381,0.1337,0.95,0.0937,0.6705,0.2589,0.8805,0.0133767172812725,0.0607375271149674,0.2483731019522776,0.0014461315979754,0.0093998553868402,0.0061460592913955,0.6366594360086768,0.0238611713665943,0.0185847033595425,0.3420300214438885,0.0021443888491779,0.0096497498213009,0.6275911365260901,,,,,,,,,,,,,,,,,,,,,,
Región Centro Oriente,25,Cundinamarca,25290,Fusagasugá,0.7471,0.2453,0.8768,0.1728,0.1674,0.6611,0.1172,0.4187,0.324,0.5498,0.0166515458161769,0.2088212715472119,0.3108521180822109,0.0006001814502058,0.0099797613231907,0.0156326331216414,0.3975155279503105,0.0399469607090515,0.0243909138352514,0.4015848600543851,0.0006180130194742,0.0140082951080836,0.5593979179828055,,,,,,,,,,,,,,,,,,,,,,
Región Centro Oriente,25,Cundinamarca,25293,Gachala,0.95,0.1803,0.95,0.127,0.123,0.95,0.0862,0.6475,0.2381,0.8503,0.0086858006042296,0.1110271903323262,0.2284743202416918,0.002643504531722,0.0064199395770392,0.0060422960725075,0.6148036253776435,0.0219033232628398,0.0164099129269926,0.275954454119223,0.000669792364367,0.0110515740120562,0.695914266577361,,,,,,,,,,,,,,,,,,,,,,
Región Centro Oriente,25,Cundinamarca,25295,Gachancipá,0.9351,0.2875,0.95,0.2025,0.1962,0.8275,0.1374,0.524,0.3797,0.6881,0.0192757009345794,0.0603971962616822,0.3643691588785047,0.0008177570093457,0.0174065420560747,0.0164719626168224,0.4975467289719626,0.023714953271028,0.0303030303030303,0.5019157088122606,0.0008127249506559,0.0254266805990943,0.4415418553349587,,,,,,,,,,,,,,,,,,,,,,
Región Centro Oriente,15,Boyacá,15293,Gachantivá,0.95,0.1609,0.95,0.1134,0.1098,0.95,0.0769,0.7077,0.2125,0.9293,0.0131219245489338,0.0754510661563696,0.2039365773646801,0.0027337342810278,0.0071077091306724,0.0098414434117003,0.6719518862766539,0.0158556588299617,0.0145875251509054,0.2409456740442656,,0.0090543259557344,0.7354124748490946,,,,,,,,,,,,,,,,,,,,,,
Región Centro Oriente,25,Cundinamarca,25297,Gachetá,0.95,0.1548,0.95,0.109,0.1056,0.95,0.074,0.6566,0.2044,0.8622,0.016093341380004,0.1204988935827801,0.196137598068799,0.0028163347415007,0.008046670690002,0.0086501709917521,0.6234158117079058,0.024341178837256,0.0242266120014908,0.2545657845695117,0.0005590756615728,0.0098770033544539,0.7107715244129705,,,,,,,,,,,,,,,,,,,,,,
Región Centro Oriente,68,Santander,68296,Galán,0.95,0.0708,0.95,0.0499,0.0483,0.95,0.0338,0.6822,0.0935,0.8958,0.0125598086124401,0.2266746411483253,0.089712918660287,0.0005980861244019,0.0047846889952153,0.0053827751196172,0.6477272727272727,0.0125598086124401,0.0073446327683615,0.1016949152542373,0.0005649717514124,0.003954802259887,0.8864406779661017,,,,,,,,,,,,,,,,,,,,,,
Región Caribe,8,Atlántico,08296,Galapa,0.2435,0.5141,0.2857,0.3621,0.3508,0.2154,0.2457,0.1364,0.679,0.1791,0.0144381305810042,0.1675171054157485,0.651513394410298,0.0013336425837875,0.0069581352197611,0.0109590629711237,0.1295372840078859,0.0177432448103908,0.0140533256328809,0.7693714505727212,0.0009625565501973,0.0077967080565983,0.2078159591876022,,,,,,,,,,,,,,,,,,,,,,
Región Caribe,70,Sucre,70235,Galeras,0.41,0.2387,0.4812,0.1682,0.1629,0.3628,0.1141,0.2298,0.3153,0.3017,0.0154767848227658,0.3679480778831752,0.3025461807289066,0.0027458811782326,0.0074887668497254,0.0715177234148776,0.218172740888667,0.0141038442336495,0.0215916101172116,0.3681883610939749,0.0018507094386181,0.0084310096648159,0.5999383096853794,,,,,,,,,,,,,,,,,,,,,,
Región Centro Oriente,25,Cundinamarca,25299,Gama,0.95,0.111,0.95,0.0782,0.0758,0.95,0.0531,0.6951,0.1466,0.9127,0.010608598548297,0.1312116136236739,0.1407035175879397,0.0005583472920156,0.0094919039642657,0.0089335566722501,0.6599664991624791,0.0385259631490787,0.019300991131977,0.2013562858633281,0.0010432968179447,0.0125195618153364,0.7657798643714137,,,,,,,,,,,,,,,,,,,,,,
Región Caribe,20,Cesar,20295,Gamarra,0.95,0.2044,0.95,0.144,0.1395,0.8993,0.0977,0.5695,0.27,0.7478,0.0076543629869025,0.1575097805749277,0.2590576628678346,0.0018710665079095,0.005102908657935,0.0168395985711855,0.5407382207858479,0.011226399047457,0.0093269081299549,0.3222446758899425,0.001088139281828,0.0041971086584797,0.6631431680397948,,,,,,,,,,,,,,,,,,,,,,
Región Centro Oriente,68,Santander,68298,Gambita,0.95,0.0594,0.95,0.0419,0.0405,0.95,0.0284,0.8385,0.0785,0.95,0.0052757793764988,0.097841726618705,0.0752997601918465,0.0047961630695443,0.0091127098321342,0.003357314148681,0.7961630695443646,0.0081534772182254,0.0035508211273857,0.0927652019529516,0.0008877052818464,0.0035508211273857,0.8992454505104306,,,,,,,,,,,,,,,,,,,,,,
Región Centro Oriente,15,Boyacá,15296,Gameza,0.95,0.1253,0.95,0.0883,0.0855,0.95,0.0599,0.7648,0.1655,0.95,0.0074441687344913,0.0748552522746071,0.1588089330024814,0.0012406947890818,0.0074441687344913,0.0037220843672456,0.7262200165425972,0.0202646815550041,0.0132450331125827,0.2267238021036229,0.0003895597974289,0.0062329567588624,0.753408648227503,,,,,,,,,,,,,,,,,,,,,,
Región Centro Oriente,15,Boyacá,15299,Garagoa,0.9275,0.2476,0.95,0.1744,0.169,0.8208,0.1184,0.5198,0.327,0.6825,0.0176258512484977,0.1167044999332354,0.3137935638937107,0.0010682334089998,0.0112164507944985,0.0117505674989985,0.4935238349579383,0.0343169982641207,0.0212338233446412,0.4046990827993466,0.0007538635506973,0.0167106420404573,0.5566025882648574,,,,,,,,,,,,,,,,,,,,,,
Región Centro Sur,41,Huila,41298,Garzón,0.9356,0.2113,0.95,0.1489,0.1442,0.8279,0.101,0.5243,0.2791,0.6884,0.0148134199541788,0.1663685152057245,0.2678341650189875,0.0014436807582462,0.0109217587797759,0.0191444622289175,0.4977874023161661,0.0216865957380033,0.0210913369613178,0.3425797911457567,0.0009413148992498,0.0125606706868657,0.6228268863068098,,,,,,,,,,,,,,,,,,,,,,
Región Eje Cafetero - Antioquia,63,Quindío,63302,Génova,0.6068,0.2022,0.7121,0.1424,0.138,0.5369,0.0966,0.34,0.267,0.4465,0.016522423288749,0.3233674272226593,0.2562286913191712,0.002884867558353,0.018620508785733,0.023865722528193,0.3228429058484133,0.035667453448728,0.0150061500615006,0.3276752767527675,0.0034440344403444,0.0204182041820418,0.6334563345633456,,,,,,,,,,,,,,,,,,,,,,
Región Centro Sur,41,Huila,41306,Gigante,0.8901,0.206,0.95,0.1451,0.1406,0.7876,0.0985,0.4988,0.2721,0.655,0.0159235668789808,0.1757212439115773,0.261052828774822,0.0013113525665043,0.0127388535031847,0.0449606594230048,0.4735856125889846,0.0147058823529411,0.0207566999474513,0.3324575232089683,0.001050972149238,0.0133123138903485,0.6324224908039937,,,,,,,,,,,,,,,,,,,,,,
Región Pacífico,76,Valle del Cauca,76306,Ginebra,0.3727,0.3776,0.4374,0.266,0.2577,0.3298,0.1805,0.2089,0.4988,0.2743,0.019350060179613,0.2450699009350986,0.4785667993704287,0.0018516803999629,0.0209239885195815,0.0142579390797148,0.1983149708360337,0.0216646606795667,0.020358960621484,0.569336547906063,0.0009822305562996,0.0170550942048397,0.3922671667113135,,,,,,,,,,,,,,,,,,,,,,
Región Eje Cafetero - Antioquia,5,Antioquia,05306,Giraldo,0.4076,0.1978,0.4783,0.1393,0.135,0.3606,0.0945,0.2284,0.2612,0.2999,0.0212677231025854,0.4487072560467056,0.2506255212677231,0.0020850708924103,0.0104253544620517,0.0050041701417848,0.2168473728106755,0.0450375312760633,0.0287044220325833,0.3603568657874321,0.0011636927851047,0.0104732350659425,0.5993017843289372,,,,,,,,,,,,,,,,,,,,,,
Región Centro Oriente,25,Cundinamarca,25307,Girardot,0.7981,0.2298,0.9366,0.1619,0.1568,0.7062,0.1098,0.4472,0.3035,0.5873,0.0135142671251975,0.2105586021005669,0.2912352449112371,0.0007063853517984,0.0111906310995445,0.0193326517334324,0.4246491309601264,0.0288130867180964,0.0192794897134129,0.3767675860210224,0.0006109064774054,0.0148953373461503,0.5884466804420088,,,,,,,,,,,,,,,,,,,,,,
Región Eje Cafetero - Antioquia,5,Antioquia,05308,Girardota,0.4296,0.2013,0.5042,0.1418,0.1374,0.3802,0.0962,0.2408,0.2659,0.3162,0.0229651458185143,0.4146258849032957,0.255123124343732,0.0015242353419367,0.0175117704840294,0.0116180604952071,0.2286014293940317,0.0480303492192527,0.0341551454062521,0.3544575359259007,0.0012599604985357,0.023428454675475,0.5866989034938364,,,,,,,,,,,,,,,,,,,,,,
Región Centro Oriente,68,Santander,68307,Girón,0.95,0.142,0.95,0.1001,0.0969,0.95,0.0679,0.766,0.1876,0.95,0.0070711138484862,0.0646349552281233,0.1800113706353342,0.0003671767660018,0.003695456483631,0.0099256170938551,0.7273061069787274,0.0069882029658407,0.0108575979760594,0.2307854482419358,0.0003865164328047,0.0045210710018974,0.7534493663473025,,,,,,,,,,,,,,,,,,,,,,
Región Eje Cafetero - Antioquia,5,Antioquia,05310,Gómez Plata,0.3336,0.0957,0.3915,0.0674,0.0653,0.2952,0.0457,0.1869,0.1264,0.2455,0.0228093947606142,0.6041102077687444,0.1212737127371273,0.0020325203252032,0.019873532068654,0.0088075880758807,0.1775067750677506,0.0435862691960252,0.0339402112834344,0.174645987862441,0.0024724657226342,0.0222521915037086,0.7666891436277815,,,,,,,,,,,,,,,,,,,,,,
Región Caribe,20,Cesar,20310,González,0.95,0.143,0.95,0.1007,0.0975,0.95,0.0683,0.6962,0.1888,0.9142,0.0106067034365719,0.1196436147645311,0.1811624946966482,0.0021213406873143,0.0084853627492575,0.0055154857870173,0.6610097581671617,0.0114552397114976,0.0100775193798449,0.2422480620155038,0.001937984496124,0.0069767441860465,0.7387596899224806,,,,,,,,,,,,,,,,,,,,,,
Región Centro Oriente,54,Norte de Santander,54313,Gramalote,0.7308,0.0513,0.8577,0.0362,0.035,0.6467,0.0245,0.4095,0.0678,0.5378,0.0046256143394044,0.5134431916738942,0.0650477016478751,0.0014455044810638,0.00520381613183,0.0049147152356172,0.3888407054061867,0.0164787510841283,0.006785411365564,0.0918857789086796,0.0011309018942606,0.0019790783149561,0.8982188295165394,,,,,,,,,,,,,,,,,,,,,,
Región Eje Cafetero - Antioquia,5,Antioquia,05313,Granada,0.2441,0.0753,0.2865,0.0531,0.0514,0.216,0.036,0.1368,0.0995,0.1796,0.0128771155261221,0.69186902133922,0.0954746136865342,0.0040470934510669,0.0125091979396615,0.0112214863870493,0.1298749080206034,0.0421265636497424,0.0167896678966789,0.142250922509225,0.0025830258302583,0.0084870848708487,0.8298892988929889,,,,,,,,,,,,,,,,,,,,,,
Región Centro Oriente,25,Cundinamarca,25312,Granada,0.9236,0.2972,0.95,0.2094,0.2028,0.8173,0.1421,0.5176,0.3925,0.6796,0.0119921683798335,0.0768477728830151,0.3766519823788546,0.0017131669114047,0.0166421928536465,0.0066079295154185,0.491434165442976,0.0181106216348507,0.0180351210251542,0.4762695775984812,0.0018984337921214,0.0156620787850023,0.4881347887992406,,,,,,,,,,,,,,,,,,,,,,
Región Llano,50,Meta,50313,Granada,0.95,0.218,0.95,0.1535,0.1487,0.9414,0.1042,0.5961,0.2879,0.7828,0.0165886604656674,0.0982581906511049,0.2762308193613366,0.0015996208306179,0.0167367735055394,0.0107826293026838,0.5660287931749511,0.0137745127080988,0.0213492496197882,0.3666102327182989,0.0009756377514419,0.0159832419868575,0.5950816379236133,,,,,,,,,,,,,,,,,,,,,,
Región Centro Oriente,68,Santander,68318,Guaca,0.95,0.0553,0.95,0.039,0.0377,0.95,0.0264,0.8676,0.0731,0.95,0.0045439792275235,0.0902304446608244,0.0701071080817916,0.0009737098344693,0.0029211295034079,0.0048685491723466,0.8237585199610516,0.0025965595585848,0.0060085836909871,0.0786838340486409,0.0017167381974248,0.0031473533619456,0.9104434907010014,,,,,,,,,,,,,,,,,,,,,,
Región Centro Oriente,15,Boyacá,15317,Guacamayas,0.95,0.0927,0.95,0.0653,0.0633,0.8603,0.0443,0.5448,0.1225,0.7154,0.0080645161290322,0.314516129032258,0.1175115207373272,0.0034562211981566,0.0092165898617511,0.0034562211981566,0.5172811059907834,0.0264976958525345,0.0178384050367261,0.161594963273872,,0.0167890870933892,0.8037775445960126,,,,,,,,,,,,,,,,,,,,,,
Región Pacífico,76,Valle del Cauca,76318,Guacarí,0.1644,0.5023,0.1929,0.3538,0.3428,0.1455,0.2401,0.0921,0.6634,0.121,0.0156296428359184,0.1965293872942295,0.6365365186902002,0.001901705592203,0.0189576276222737,0.0266238782908421,0.0874784572413383,0.0163427824329945,0.0165257066547963,0.7305809036278655,0.0010015579790785,0.0166926329846427,0.2351991987536167,,,,,,,,,,,,,,,,,,,,,,
Región Pacífico,19,Cauca,19300,Guachené,0.0807,0.602,0.0947,0.4241,0.4108,0.0714,0.2878,0.0452,0.7951,0.0594,0.0183681753602597,0.0917393951694743,0.7629389080576415,0.0030444489547391,0.0435356200527704,0.0227318855287193,0.0429267302618226,0.0147148366145727,0.0173822188449848,0.8522986322188449,0.0019946808510638,0.0293503039513677,0.0989741641337386,,,,,,,,,,,,,,,,,,,,,,
Región Centro Oriente,25,Cundinamarca,25317,Guachetá,0.95,0.1235,0.95,0.087,0.0843,0.95,0.059,0.7375,0.1632,0.95,0.0222101841820151,0.0639219934994582,0.156554712892741,0.0012639942217407,0.0209461899602744,0.0074033947273383,0.7002527988443481,0.0274467316720837,0.0314637482900136,0.2325581395348837,0.0013679890560875,0.0208618331053351,0.7137482900136799,,,,,,,,,,,,,,,,,,,,,,
Región Pacífico,52,Nariño,52317,Guachucal,0.1752,0.6066,0.2056,0.4273,0.414,0.1551,0.29,0.0982,0.8012,0.1289,0.013560854333823,0.0962820657701435,0.7687874336083174,0.0011300711944852,0.0110746977059554,0.0037292349418013,0.0932308735450333,0.0122047689004407,0.0163604549431321,0.8411198600174978,0.0011373578302712,0.0104111986001749,0.1309711286089238,,,,,,,,,,,,,,,,,,,,,,
Región Pacífico,76,Valle del Cauca,76111,Guadalajara de Buga,0.3128,0.4321,0.3671,0.3044,0.2948,0.2768,0.2065,0.1753,0.5707,0.2302,0.0228402461440102,0.1929193638615839,0.547558539119316,0.0010708862782705,0.0175976983936705,0.0157436266283065,0.1664349076959961,0.035834731878846,0.0240965712876171,0.6586396151948692,0.0008633448445979,0.0146460286137148,0.3017544400592007,,,,,,,,,,,,,,,,,,,,,,
Región Eje Cafetero - Antioquia,5,Antioquia,05315,Guadalupe,0.3869,0.2139,0.454,0.1506,0.1459,0.3423,0.1022,0.2168,0.2824,0.2847,0.0229213483146067,0.4269662921348314,0.2710112359550561,0.0053932584269662,0.0206741573033707,0.0103370786516853,0.2058426966292134,0.0368539325842696,0.0288350634371395,0.3925413302575932,0.0061514801999231,0.0249903883121876,0.5474817377931565,,,,,,,,,,,,,,,,,,,,,,
Región Centro Sur,41,Huila,41319,Guadalupe,0.95,0.2086,0.95,0.147,0.1424,0.95,0.0997,0.6061,0.2756,0.7959,0.0132996409096954,0.1098550339140843,0.2643968612847453,0.0015959569091634,0.0127676552733076,0.0087777630003989,0.5754754621625217,0.0138316265460832,0.0156843524077931,0.3397867908344565,0.0011028060286729,0.0133562063472613,0.6300698443818159,,,,,,,,,,,,,,,,,,,,,,
Región Centro Oriente,68,Santander,68320,Guadalupe,0.95,0.0597,0.95,0.042,0.0407,0.95,0.0285,0.7845,0.0788,0.95,0.0062133241284086,0.1553331032102174,0.0755954435623058,0.0013807386952019,0.0037970314118053,0.0082844321712115,0.7449085260614429,0.0044874007594062,0.0055266579973992,0.0929778933680104,0.0006501950585175,0.0019505851755526,0.8988946684005201,,,,,,,,,,,,,,,,,,,,,,
Región Centro Oriente,25,Cundinamarca,25320,Guaduas,0.95,0.1751,0.95,0.1233,0.1195,0.9141,0.0837,0.5788,0.2312,0.7601,0.0136935049386411,0.1623765339718647,0.221864711164322,0.00172104160431,0.0108500448967375,0.0169111044597425,0.5496108949416343,0.0229721640227476,0.0165301135546931,0.2874083656748598,0.000646830530401,0.0136553111973551,0.6817593790426908,,,,,,,,,,,,,,,,,,,,,,
Región Pacífico,52,Nariño,52320,Guaitarilla,0.1758,0.5969,0.2064,0.4205,0.4073,0.1556,0.2853,0.0985,0.7884,0.1294,0.0113559322033898,0.1049152542372881,0.7564406779661017,0.0013559322033898,0.0115254237288135,0.0069491525423728,0.0935593220338983,0.0138983050847457,0.0112578179291174,0.8497567755385684,0.0015288394718554,0.007088255733148,0.1303683113273106,,,,,,,,,,,,,,,,,,,,,,
Región Pacífico,52,Nariño,52323,Gualmatán,0.3213,0.5124,0.3771,0.361,0.3497,0.2843,0.2449,0.1801,0.6768,0.2364,0.0275449101796407,0.1128742514970059,0.6494011976047904,0.0014970059880239,0.0143712574850299,0.0053892215568862,0.1709580838323353,0.0179640718562874,0.0235672201392608,0.7648634172469202,0.0018746652383502,0.0083020889126941,0.2013926084627745,,,,,,,,,,,,,,,,,,,,,,
Región Caribe,47,Magdalena,47318,Guamal,0.3728,0.2666,0.4376,0.1878,0.1819,0.3299,0.1274,0.2089,0.3521,0.2744,0.0074284465807297,0.4218920690408564,0.3378850775617216,0.0013109023377758,0.0049158837666593,0.0137644745466462,0.1983832204500764,0.0144199257155341,0.0084266973092023,0.3981614478598104,0.000957579239682,0.0044048645025375,0.5880494110887676,,,,,,,,,,,,,,,,,,,,,,
Región Llano,50,Meta,50318,Guamal,0.95,0.1583,0.95,0.1115,0.108,0.95,0.0757,0.6331,0.2091,0.8313,0.0108982448089939,0.1359412641963978,0.2006424228518986,0.0009177469312836,0.0094069060456579,0.0184696569920844,0.6011242399908225,0.022599518182861,0.0187625642171096,0.267254858163949,0.0004467277194549,0.011503238775966,0.7020326111235202,,,,,,,,,,,,,,,,,,,,,,
Región Centro Sur,73,Tolima,73319,Guamo,0.9309,0.1601,0.95,0.1128,0.1093,0.8238,0.0765,0.5217,0.2115,0.685,0.011032531824611,0.2432107496463932,0.2028995756718529,0.0015558698727015,0.012022630834512,0.013083451202263,0.4953323903818953,0.0208628005657708,0.013507370608481,0.2604714591856614,0.0016884213260601,0.0116241314371063,0.7127086174426911,,,,,,,,,,,,,,,,,,,,,,
Región Pacífico,19,Cauca,19318,Guapi,0.0344,0.6939,0.0404,0.4888,0.4735,0.0304,0.3317,0.0193,0.9164,0.0253,0.0079554494828957,0.0494563776186687,0.8793423495094139,0.001723680721294,0.0133916732962079,0.0232033943251127,0.0182975338106603,0.0066295412357464,0.0083333333333333,0.9339460784313726,0.0002450980392156,0.0068627450980392,0.0506127450980392,,,,,,,,,,,,,,,,,,,,,,
Región Centro Oriente,68,Santander,68322,Guapotá,0.95,0.0329,0.95,0.0232,0.0225,0.95,0.0157,0.9126,0.0435,0.95,0.0053110773899848,0.0690440060698027,0.0417298937784522,,0.003793626707132,0.0060698027314112,0.866464339908953,0.007587253414264,0.0064469914040114,0.0594555873925501,,0.0028653295128939,0.9312320916905444,,,,,,,,,,,,,,,,,,,,,,
Región Caribe,70,Sucre,70265,Guaranda,0.4274,0.2211,0.5016,0.1557,0.1509,0.3782,0.1057,0.2395,0.292,0.3145,0.0137457044673539,0.3927632908833636,0.2801697998787144,0.0022235698403072,0.0058621386699009,0.0547806751566606,0.2274105518496058,0.0230442692540933,0.0157339821573398,0.3456609894566099,0.0019464720194647,0.0038929440389294,0.6327656123276562,,,,,,,,,,,,,,,,,,,,,,
Región Eje Cafetero - Antioquia,5,Antioquia,05318,Guarne,0.4408,0.1451,0.5173,0.1022,0.099,0.3901,0.0693,0.247,0.1916,0.3244,0.0193957478552778,0.4672510257366654,0.1838493099589705,0.0014919806042521,0.0133532264080566,0.0232002983961208,0.2345393509884371,0.0569190600522193,0.0310494103597551,0.2594043887147335,0.0014181221077772,0.017726526347216,0.690401552470518,,,,,,,,,,,,,,,,,,,,,,
Región Centro Oriente,25,Cundinamarca,25322,Guasca,0.95,0.2125,0.95,0.1497,0.145,0.9089,0.1016,0.5756,0.2807,0.7558,0.0236855158730158,0.0966021825396825,0.2693452380952381,0.0013640873015873,0.0190972222222222,0.0080605158730158,0.5465029761904762,0.0353422619047619,0.0295348264828944,0.3670932808269751,0.0011075559931085,0.0219049963081466,0.5803593403888753,,,,,,,,,,,,,,,,,,,,,,
Región Eje Cafetero - Antioquia,5,Antioquia,05321,Guatapé,0.3424,0.115,0.4018,0.081,0.0785,0.303,0.055,0.1919,0.1519,0.252,0.0131936360108653,0.5981761738455569,0.1457120682964687,0.0011641443538998,0.0083430345362824,0.0122235157159487,0.1821885913853317,0.0389988358556461,0.0204949729311678,0.2039829853054911,0.0011600928074245,0.0088940448569218,0.7654679040989946,,,,,,,,,,,,,,,,,,,,,,
Región Centro Oriente,25,Cundinamarca,25324,Guataquí,0.6275,0.2792,0.7364,0.1966,0.1905,0.5553,0.1334,0.3516,0.3687,0.4617,0.0119521912350597,0.2541832669322709,0.3537848605577689,0.0031872509960159,0.0135458167330677,0.0135458167330677,0.3338645418326693,0.0159362549800796,0.0131004366812227,0.4184861717612809,,0.0109170305676855,0.5574963609898108,,,,,,,,,,,,,,,,,,,,,,
Región Centro Oriente,25,Cundinamarca,25326,Guatavita,0.95,0.1485,0.95,0.1046,0.1014,0.95,0.071,0.6864,0.1962,0.9013,0.0182097973839446,0.0866888945883559,0.1882533983072582,0.0017953321364452,0.008720184662734,0.0074378045652731,0.651705565529623,0.0371890228263657,0.0274752475247524,0.2680693069306931,0.0009900990099009,0.0113861386138613,0.692079207920792,,,,,,,,,,,,,,,,,,,,,,
Región Centro Oriente,15,Boyacá,15322,Guateque,0.95,0.2042,0.95,0.1438,0.1393,0.9159,0.0976,0.58,0.2697,0.7616,0.0142231947483588,0.1177972283005105,0.2587527352297593,0.0009117432530999,0.0127644055433989,0.0092997811816192,0.550692924872356,0.0355579868708971,0.0185801928133216,0.3447852760736196,0.0010517090271691,0.0141980718667835,0.621384750219106,,,,,,,,,,,,,,,,,,,,,,
Región Eje Cafetero - Antioquia,66,Risaralda,66318,Guática,0.8015,0.1642,0.9406,0.1157,0.1121,0.7093,0.0785,0.4491,0.2169,0.5898,0.0175591098748261,0.2896383866481224,0.2081015299026425,0.0059109874826147,0.0203407510431154,0.0071279554937413,0.4264603616133519,0.0248609179415855,0.0266947095939168,0.2989807474518686,0.0022650056625141,0.0234589872188966,0.6486005500728037,,,,,,,,,,,,,,,,,,,,,,
Región Centro Oriente,68,Santander,68324,Guavatá,0.95,0.1813,0.95,0.1277,0.1237,0.95,0.0866,0.7178,0.2394,0.9425,0.0058436815193571,0.0635500365230095,0.2297297297297297,0.0003652300949598,0.0054784514243973,0.0047479912344777,0.6815193571950329,0.0087655222790357,0.0107976314872866,0.2922326715430163,0.0006966213862765,0.0066179031696273,0.6896551724137931,,,,,,,,,,,,,,,,,,,,,,
Región Centro Oriente,25,Cundinamarca,25328,Guayabal de Siquima,0.95,0.1846,0.95,0.13,0.126,0.853,0.0882,0.5401,0.2438,0.7093,0.0200605601816805,0.1767600302800908,0.2339137017411052,0.0015140045420136,0.0083270249810749,0.0109765329295987,0.5128690386071159,0.0355791067373202,0.0209613299602457,0.2934586194434405,0.0007228044813877,0.00650524033249,0.6783520057824358,,,,,,,,,,,,,,,,,,,,,,
Región Centro Oriente,25,Cundinamarca,25335,Guayabetal,0.95,0.1327,0.95,0.0935,0.0905,0.95,0.0634,0.7585,0.1752,0.95,0.006979695431472,0.0796319796954314,0.1681472081218274,0.0015862944162436,0.0085659898477157,0.0057106598984771,0.7201776649746193,0.0092005076142131,0.0125535823637477,0.2176974892835272,0.0012247397428046,0.0107164727495407,0.7578077158603796,,,,,,,,,,,,,,,,,,,,,,
Región Centro Oriente,15,Boyacá,15325,Guayatá,0.95,0.1092,0.95,0.0769,0.0745,0.95,0.0522,0.6912,0.1443,0.9077,0.013799051315222,0.1539456662354463,0.1384217335058215,0.0025873221216041,0.0030185424752048,0.006899525657611,0.6563173781802502,0.02501078050884,0.0126933756445854,0.1840539468464894,0.0035700119000396,0.0063466878222927,0.7933359777865926,,,,,,,,,,,,,,,,,,,,,,
Región Centro Oriente,68,Santander,68327,Güepsa,0.95,0.1782,0.95,0.1255,0.1216,0.95,0.0852,0.7563,0.2354,0.95,0.0063618290258449,0.0365805168986083,0.225844930417495,0.0007952286282306,0.0055666003976143,0.0027833001988071,0.7180914512922465,0.003976143141153,0.0112824370063933,0.2685220007521625,0.0003760812335464,0.0075216246709289,0.7122978563369687,,,,,,,,,,,,,,,,,,,,,,
Región Centro Oriente,15,Boyacá,15332,Güicán,0.7525,0.2495,0.8831,0.1757,0.1702,0.6659,0.1193,0.4217,0.3295,0.5537,0.0236220472440944,0.2010902483343428,0.3161720169594185,0.001817080557238,0.0205935796486977,0.0133252574197456,0.4003634161114476,0.0230163537250151,0.0302690582959641,0.3951793721973094,0.0011210762331838,0.0140134529147982,0.5594170403587444,,,,,,,,,,,,,,,,,,,,,,
Región Centro Oriente,25,Cundinamarca,25339,Gutiérrez,0.95,0.0896,0.95,0.0631,0.0612,0.95,0.0429,0.8111,0.1184,0.95,0.0031413612565445,0.0952879581151832,0.1136125654450261,0.0020942408376963,0.000523560209424,0.0047120418848167,0.7701570680628272,0.0104712041884816,0.0049900199600798,0.1452095808383233,,0.0019960079840319,0.8478043912175649,,,,,,,,,,,,,,,,,,,,,,
Región Centro Oriente,54,Norte de Santander,54344,Hacarí,0.438,0.5397,0.5141,0.3802,0.3683,0.3876,0.258,0.2455,0.7128,0.3223,0.0105655686761963,0.0450590428837787,0.6839651957737726,0.0043505282784338,0.0074580484773151,0.0071472964574269,0.2330640149160969,0.0083903045369794,0.0099951243295953,0.7786445636274988,0.0014627011214041,0.0065821550463188,0.2033154558751828,,,,,,,,,,,,,,,,,,,,,,
Región Caribe,13,Bolívar,13300,Hatillo de Loba,0.258,0.1805,0.3027,0.1271,0.1232,0.2283,0.0863,0.1446,0.2384,0.1898,0.0053823727293115,0.5839874411302983,0.2287508409957389,0.0031397174254317,0.0067279659116393,0.0177169769006503,0.1372505045974433,0.0170441803094864,0.0058503126891264,0.3048214645955215,0.0014121444422029,0.0056485777688117,0.6822675005043373,,,,,,,,,,,,,,,,,,,,,,
Región Centro Oriente,68,Santander,68344,Hato,0.95,0.0917,0.95,0.0646,0.0626,0.95,0.0438,0.8373,0.1211,0.95,0.0083523158694001,0.0478359908883826,0.1161731207289293,0.0045558086560364,0.0091116173120728,0.0075930144267274,0.7949886104783599,0.0113895216400911,0.0072833211944646,0.1318281136198106,0.0007283321194464,0.0058266569555717,0.8543335761107065,,,,,,,,,,,,,,,,,,,,,,
Región Llano,85,Casanare,85125,Hato Corozal,0.95,0.1167,0.95,0.0822,0.0797,0.95,0.0558,0.6918,0.1542,0.9085,0.0073968026723932,0.16296826533047,0.1479360534478644,0.0011930326890956,0.0064423765211166,0.0076354092102123,0.656883798616082,0.0095442615127654,0.0087215486066794,0.1769836205062752,0.0006381620931716,0.0055307381408211,0.8081259306530525,,,,,,,,,,,,,,,,,,,,,,
Región Caribe,44,La Guajira,44378,Hatonuevo,0.2198,0.559,0.2579,0.3938,0.3815,0.1945,0.2672,0.1231,0.7383,0.1617,0.0126621853994059,0.1270908238236673,0.7084570892605909,0.0023448491480381,0.0056276379552915,0.0170392371424105,0.1169298108488353,0.0098483664217602,0.010710035700119,0.7957159857199524,0.0007933359777865,0.0070078011371149,0.1857728414650271,,,,,,,,,,,,,,,,,,,,,,
Región Eje Cafetero - Antioquia,5,Antioquia,05347,Heliconia,0.4149,0.1086,0.4869,0.0765,0.0741,0.3671,0.0519,0.2325,0.1434,0.3053,0.0187637969094922,0.5573951434878587,0.1376011773362766,0.0036791758646063,0.0154525386313465,0.0047829286239882,0.2207505518763796,0.0415746872700515,0.0201528839471855,0.1907574704656011,0.0027797081306462,0.012856150104239,0.7734537873523281,,,,,,,,,,,,,,,,,,,,,,
Región Centro Oriente,54,Norte de Santander,54347,Herrán,0.95,0.0284,0.95,0.02,0.0194,0.95,0.0136,0.6406,0.0375,0.8411,0.0055376095985233,0.3179510844485463,0.0359944623904014,0.0013844023996308,0.0059990770650669,0.0083064143977849,0.6082141209044762,0.0166128287955699,0.0048379293662312,0.0527334300919206,0.0009675858732462,0.0024189646831156,0.9390420899854862,,,,,,,,,,,,,,,,,,,,,,
Región Centro Sur,73,Tolima,73347,Herveo,0.9376,0.1357,0.95,0.0956,0.0926,0.8297,0.0649,0.5254,0.1793,0.6899,0.0138369483919222,0.2427075542258788,0.1720269259536275,0.0048616305160807,0.0183246073298429,0.0168287210172026,0.4988780852655198,0.0325355272999252,0.0169435215946843,0.2262458471760797,0.0019933554817275,0.0166112956810631,0.7382059800664452,,,,,,,,,,,,,,,,,,,,,,
Región Eje Cafetero - Antioquia,5,Antioquia,05353,Hispania,0.4125,0.1575,0.4841,0.1109,0.1075,0.365,0.0753,0.2312,0.208,0.3035,0.0194805194805194,0.5004329004329005,0.1995670995670995,0.0047619047619047,0.0095238095238095,0.0034632034632034,0.2194805194805194,0.0432900432900432,0.0156571899464359,0.2661722290894108,0.0032962505150391,0.0140090646889163,0.7008652657601978,,,,,,,,,,,,,,,,,,,,,,
Región Centro Sur,41,Huila,41349,Hobo,0.95,0.2291,0.95,0.1614,0.1564,0.8972,0.1095,0.5681,0.3026,0.746,0.0106351550960118,0.1137370753323486,0.2903988183161004,0.0011816838995568,0.0106351550960118,0.0268833087149187,0.5394387001477104,0.0070901033973412,0.0150902721638372,0.3532740501212611,0.0010778765831312,0.0107787658313123,0.6197790353004581,,,,,,,,,,,,,,,,,,,,,,
Región Centro Sur,73,Tolima,73349,Honda,0.7425,0.2523,0.8714,0.1777,0.1721,0.657,0.1206,0.4161,0.3332,0.5464,0.0134431579765327,0.2183541844743181,0.3196829590488771,0.0013210039630118,0.0150749864014297,0.0117336234361644,0.3950578910560261,0.0253321936436397,0.0197952732199307,0.407496612976065,0.0009784735812133,0.019042601234382,0.5526870389884089,,,,,,,,,,,,,,,,,,,,,,
Región Centro Sur,73,Tolima,73001,Ibagué,0.5945,0.2727,0.6977,0.1921,0.1861,0.5261,0.1304,0.3332,0.3602,0.4375,0.0180186303408407,0.2486764158772858,0.3456343187476748,0.0006975646052142,0.0135112898148413,0.0164195976304266,0.3163294508199067,0.0407127321638096,0.0239732927583355,0.4328706116125088,0.0007712028680409,0.0150870903418999,0.5272978024192148,,,,,,,,,,,,,,,,,,low,0.0,0.0,0.0,0.0
Región Centro Sur,73,Tolima,73352,Icononzo,0.7872,0.3139,0.9239,0.2211,0.2142,0.6966,0.1501,0.4412,0.4146,0.5793,0.0118725265569672,0.123724224119975,0.3978337846282024,0.0010414496979795,0.012497396375755,0.0147885857113101,0.4188710685273901,0.0193709643824203,0.0121791268502904,0.4650552744987821,0.0009368559115608,0.0103054150271688,0.5115233277121979,,,,,,,,,,,,,,,,,,,,,,
Región Pacífico,52,Nariño,52352,Iles,0.2469,0.5786,0.2897,0.4075,0.3948,0.2184,0.2765,0.1383,0.7641,0.1817,0.0073730202075368,0.0988530857454942,0.733205898416166,0.0027307482250136,0.0068268705625341,0.0035499726925177,0.1313489896231567,0.0161114145275805,0.0070377479206653,0.8475154617189166,0.00042653017701,0.0087438686287054,0.1362763915547025,,,,,,,,,,,,,,,,,,,,,,
Región Pacífico,52,Nariño,52354,Imués,0.2451,0.5194,0.2876,0.3659,0.3545,0.2169,0.2483,0.1373,0.686,0.1803,0.0183014012010294,0.1555619102087503,0.6582785244495282,0.0025736345438947,0.0097226193880468,0.0085787818129825,0.1303974835573348,0.0165856448384329,0.014436296975252,0.7818515123739689,0.0016040329972502,0.0091659028414298,0.1929422548120989,,,,,,,,,,,,,,,,,,,,,,
Región Llano,94,Guainía,94001,Inírida,0.5598,0.3407,0.657,0.24,0.2325,0.4954,0.1629,0.3137,0.45,0.4119,0.0161161275574351,0.1765916104697679,0.4318207795176592,0.0010286889930277,0.0089153046062407,0.0156589324494227,0.2978626128700423,0.0520059435364041,0.0159880834160873,0.484111221449851,0.0015888778550148,0.0084409136047666,0.48987090367428,,,,,,,,,,,,,,,,,,,,,,
Región Pacífico,19,Cauca,19355,Inzá,0.2105,0.5675,0.2471,0.3998,0.3873,0.1863,0.2713,0.118,0.7496,0.1549,0.0124574209245742,0.1127007299270073,0.7192214111922142,0.0054501216545012,0.0116788321167883,0.0106082725060827,0.1120194647201946,0.0158637469586374,0.0132382892057026,0.7836897488119484,0.0017820773930753,0.0116259334691106,0.1896639511201629,,,,,,,,,,,,,,,,,,,,,,
Región Pacífico,52,Nariño,52356,Ipiales,0.3248,0.4954,0.3811,0.3489,0.338,0.2874,0.2368,0.182,0.6542,0.239,0.0218336114029125,0.1111454406887886,0.627757523326948,0.0022039588868977,0.0199386187151125,0.0153659189684648,0.1727944962821067,0.0289604317287688,0.0236911567049374,0.7578255307434456,0.0021537415186306,0.0209706411024565,0.1953589299305297,,,,,,,,,,,,,,,,,,,,,,
Región Centro Sur,41,Huila,41357,Iquira,0.6746,0.2956,0.7917,0.2082,0.2017,0.597,0.1413,0.378,0.3904,0.4964,0.0122960510759044,0.2026483802317332,0.3745566327737054,0.0023646252069047,0.0127689761172854,0.0148971388034996,0.3589501064081343,0.0215180893828328,0.0143793613871854,0.432226686403045,0.0012687671812222,0.0099386762529075,0.5421865087756397,,,,,,,,,,,,,,,,,,,,,,
Región Centro Sur,41,Huila,41359,Isnos,0.95,0.2805,0.95,0.1976,0.1914,0.8971,0.1341,0.5681,0.3705,0.746,0.0154798761609907,0.0571564658251964,0.355481463840597,0.0019052155275065,0.0118282130666031,0.0083353179328411,0.5394141462252917,0.0103993014209732,0.0242549730089477,0.4747467277970864,0.0014789617688382,0.0157509428381276,0.4837683945869999,,,,,,,,,,,,,,,,,,,,,,
Región Pacífico,27,Chocó,27361,Istmina,0.1338,0.5587,0.157,0.3936,0.3813,0.1184,0.2671,0.075,0.738,0.0984,0.0259755120723194,0.11523057558073,0.7080901705000572,0.0051493305870236,0.0287218217187321,0.017622153564481,0.0711751916695274,0.0280352443071289,0.0230143962393497,0.8231319165605719,0.0024483400254627,0.0192929194006463,0.1321124277739692,,,,,,,,,,,,,,,,,,,,,,
Región Eje Cafetero - Antioquia,5,Antioquia,05360,Itagui,0.3222,0.1864,0.3782,0.1313,0.1272,0.2851,0.0891,0.1806,0.2462,0.2371,0.0210400509584255,0.4932723058030877,0.2362605971854663,0.0010112883419467,0.0127658736152244,0.0108943335018813,0.171446207997058,0.0533093425969096,0.0310619374767002,0.3243529317782393,0.0009253341854396,0.0165761303722639,0.6270836661873569,,,,,,,,,,,,,,,,,,,,,,
Región Eje Cafetero - Antioquia,5,Antioquia,05361,Ituango,0.4958,0.1793,0.5819,0.1263,0.1224,0.4387,0.0857,0.2778,0.2369,0.3648,0.0333683105981112,0.3448058761804827,0.2272822665267576,0.0115424973767051,0.0251836306400839,0.0193074501573976,0.2637985309548793,0.0747114375655823,0.0355590675622283,0.3445278546029237,0.0059265112603713,0.019952587909917,0.5940339786645594,,,,,,,,,,,,,,,,,,,,,,
Región Centro Oriente,15,Boyacá,15362,Iza,0.853,0.2254,0.95,0.1588,0.1538,0.7548,0.1077,0.478,0.2977,0.6277,0.0088560885608856,0.192619926199262,0.2856088560885609,0.0007380073800738,0.0081180811808118,0.0044280442804428,0.4538745387453874,0.0457564575645756,0.0146648044692737,0.3533519553072625,0.0006983240223463,0.0083798882681564,0.6229050279329609,,,,,,,,,,,,,,,,,,,,,,
Región Pacífico,19,Cauca,19364,Jambaló,0.0269,0.7227,0.0315,0.509,0.4931,0.0238,0.3454,0.0151,0.95,0.0198,0.0077663870767319,0.015843429636533,0.9158123640882262,0.0038831935383659,0.0127368748058403,0.0251630941286113,0.0142901522211867,0.0045045045045045,0.0132046724225495,0.957465718638903,0.0011427120365667,0.010157440325038,0.0180294565769426,,,,,,,,,,,,,,,,,,,,,,
Región Pacífico,76,Valle del Cauca,76364,Jamundí,0.2918,0.4457,0.3424,0.3139,0.3041,0.2582,0.213,0.1635,0.5886,0.2147,0.0228302516733175,0.1697801236903607,0.5648102513553475,0.0012559818121114,0.01777452741697,0.0290147697101702,0.1552488910793494,0.039285203262373,0.023151088274349,0.6777033658564748,0.0010392009699209,0.0171901160441083,0.2809162288551469,,,,,,,,,,,,,,,,,,,,,,
Región Eje Cafetero - Antioquia,5,Antioquia,05364,Jardín,0.2916,0.1809,0.3422,0.1274,0.1234,0.258,0.0865,0.1634,0.2389,0.2146,0.0198121703332046,0.5160169818602856,0.2292551138556542,0.0029589605043097,0.0075903769458381,0.0063038723787469,0.1551524507912003,0.0629100733307603,0.0260880471591621,0.2981311927756177,0.0018813495547472,0.0090304778627869,0.664868932647686,,,,,,,,,,,,,,,,,,,,,,
Región Centro Oriente,15,Boyacá,15367,Jenesano,0.95,0.1863,0.95,0.1312,0.1271,0.95,0.089,0.6768,0.246,0.8888,0.0106790799561883,0.07092004381161,0.2360350492880613,0.003012048192771,0.0065717415115005,0.0090361445783132,0.6426615553121577,0.0210843373493975,0.0133531157270029,0.3083580613254204,0.0012363996043521,0.0066765578635014,0.670375865479723,,,,,,,,,,,,,,,,,,,,,,
Región Eje Cafetero - Antioquia,5,Antioquia,05368,Jericó,0.3708,0.113,0.4352,0.0796,0.0771,0.3281,0.054,0.2078,0.1492,0.2729,0.0222290357197608,0.5707496550666871,0.1431856507741836,0.0024528591139046,0.0156369768511421,0.0059788440901425,0.1973018549747049,0.0424651234094741,0.0229885057471264,0.2156321839080459,0.0019923371647509,0.0144061302681992,0.7449808429118774,,,,,,,,,,,,,,,,,,,,,,
Región Centro Oriente,15,Boyacá,15368,Jericó,0.95,0.0855,0.95,0.0602,0.0583,0.95,0.0409,0.7711,0.1129,0.95,0.0077380952380952,0.1107142857142857,0.1083333333333333,0.0035714285714285,0.006547619047619,0.0119047619047619,0.7321428571428571,0.019047619047619,0.0067183462532299,0.1421188630490956,0.0041343669250645,0.0051679586563307,0.8418604651162791,,,,,,,,,,,,,,,,,,,,,,
Región Centro Oriente,25,Cundinamarca,25368,Jerusalén,0.8128,0.1866,0.95,0.1314,0.1273,0.7193,0.0892,0.4555,0.2464,0.5981,0.0099160945842868,0.2898550724637681,0.236460717009916,0.0030511060259344,0.003813882532418,0.007627765064836,0.4324942791762013,0.0167810831426392,0.0101596516690856,0.2576197387518142,0.0014513788098693,0.0014513788098693,0.7293178519593614,,,,,,,,,,,,,,,,,,,,,,
Región Centro Oriente,68,Santander,68368,Jesús María,0.95,0.1968,0.95,0.1386,0.1343,0.95,0.0941,0.6878,0.2599,0.9032,0.0040221216691804,0.0809451985922574,0.2493715434891905,0.0015082956259426,0.0050276520864756,0.0010055304172951,0.6530920060331825,0.0050276520864756,0.0081809432146294,0.2747834456207892,0.0009624639076034,0.0057747834456207,0.710298363811357,,,,,,,,,,,,,,,,,,,,,,
Región Centro Oriente,68,Santander,68370,Jordán,0.95,0.0511,0.95,0.036,0.0349,0.95,0.0244,0.8253,0.0675,0.95,0.0024449877750611,0.1320293398533007,0.0647921760391198,0.0024449877750611,0.0024449877750611,0.0036674816625916,0.7836185819070904,0.0085574572127139,0.0054466230936819,0.0795206971677559,,0.0010893246187363,0.9139433551198256,,,,,,,,,,,,,,,,,,,,,,
Región Caribe,8,Atlántico,08372,Juan de Acosta,0.3287,0.3314,0.3857,0.2335,0.2262,0.2908,0.1584,0.1842,0.4377,0.2419,0.0124823060095225,0.3623729249774803,0.4200231630420795,0.0012868356710848,0.0060481276540985,0.0048899755501222,0.1748809677004246,0.0180156993951872,0.0116899330382476,0.5057314720236069,0.0006809669731018,0.0040858018386108,0.4778118261264328,,,,,,,,,,,,,,,,,,,,,,
Región Centro Oriente,25,Cundinamarca,25372,Junín,0.95,0.1542,0.95,0.1086,0.1053,0.95,0.0737,0.6111,0.2037,0.8025,0.0129589632829373,0.160187185025198,0.1954643628509719,0.0032397408207343,0.0122390208783297,0.009719222462203,0.5802735781137509,0.0259179265658747,0.0186799501867995,0.2518679950186799,0.0006226650062266,0.012453300124533,0.7163760896637609,,,,,,,,,,,,,,,,,,,,,,
Región Pacífico,27,Chocó,27372,Juradó,0.1087,0.6185,0.1276,0.4357,0.4221,0.0962,0.2956,0.0609,0.8169,0.08,0.0204626334519572,0.092526690391459,0.7838078291814946,0.0071174377224199,0.0106761565836298,0.0124555160142348,0.0578291814946619,0.0151245551601423,0.014318010550113,0.840241145440844,0.0007535795026375,0.0113036925395629,0.1333835719668425,,,,,,,,,,,,,,,,,,,,,,
Región Caribe,23,Córdoba,23350,La Apartada,0.287,0.4816,0.3368,0.3392,0.3286,0.254,0.2302,0.1608,0.636,0.2112,0.0155024946543121,0.1831789023521026,0.6102993585174625,0.003207412687099,0.0112259444048467,0.0114041339985744,0.1527084818246614,0.0124732715609408,0.0198051948051948,0.7287337662337663,0.0022727272727272,0.0079545454545454,0.2412337662337662,,,,,,,,,,,,,,,,,,,,,,
Región Centro Sur,41,Huila,41378,La Argentina,0.783,0.289,0.9189,0.2036,0.1972,0.6929,0.1381,0.4388,0.3817,0.5761,0.0285806555788793,0.1596964314548684,0.36621992572259,0.0033909252381721,0.0124333925399644,0.0040368157597287,0.4165993864040045,0.0090424673017923,0.0293242668933276,0.4589885252868678,0.0012749681257968,0.0127496812579685,0.4976625584360391,,,,,,,,,,,,,,,,,,,,,,
Región Centro Oriente,68,Santander,68377,La Belleza,0.95,0.0837,0.95,0.059,0.0571,0.95,0.04,0.8217,0.1105,0.95,0.0073574494175352,0.0916615573267933,0.1060698957694665,0.0009196811771919,0.0021459227467811,0.0064377682403433,0.7801961986511343,0.0052115266707541,0.0119176598049837,0.1411159263271939,0.0002708559046587,0.0024377031419284,0.844257854821235,,,,,,,,,,,,,,,,,,,,,,
Región Centro Oriente,25,Cundinamarca,25377,La Calera,0.7151,0.2875,0.8393,0.2025,0.1962,0.6328,0.1374,0.4007,0.3797,0.5262,0.0198655256723716,0.1466992665036675,0.3643643031784841,0.0004889975550122,0.0081295843520782,0.0159535452322738,0.3805012224938875,0.0639975550122249,0.0276684555754323,0.4677400119260584,0.0002385211687537,0.0104353011329755,0.49391771019678,,,,,,,,,,,,,,,,,,,,,,
Región Centro Oriente,15,Boyacá,15380,La Capilla,0.95,0.1572,0.95,0.1107,0.1073,0.95,0.0751,0.6989,0.2076,0.9177,0.0146568954030646,0.0906062624916722,0.1992005329780146,,0.0039973351099267,0.0073284477015323,0.6635576282478348,0.0206528980679546,0.0143454871488344,0.2432755528989838,0.0005977286312014,0.0077704722056186,0.7340107591153616,,,,,,,,,,,,,,,,,,,,,,
Región Eje Cafetero - Antioquia,5,Antioquia,05376,La Ceja,0.4909,0.1274,0.5762,0.0897,0.0869,0.4344,0.0609,0.2751,0.1682,0.3613,0.0173839140848335,0.4756496433078369,0.1613999845476319,0.0011846815524479,0.0121043549924025,0.0091941590048674,0.2612222823147647,0.0618609801952149,0.0286084813902217,0.2387239009207625,0.0009077940604331,0.015717805732071,0.7160420178965115,,,,,,,,,,,,,,,,,,,,,,
Región Eje Cafetero - Antioquia,66,Risaralda,66383,La Celia,0.95,0.1572,0.95,0.1108,0.1073,0.8538,0.0752,0.5407,0.2077,0.71,0.0123839009287925,0.2257247396566282,0.1992682240360259,0.0028145229383619,0.017450042217844,0.0092879256965944,0.5133689839572193,0.0197016605685336,0.0178477690288713,0.2711286089238845,0.0034120734908136,0.0167979002624671,0.6908136482939633,,,,,,,,,,,,,,,,,,,,,,
Región Centro Sur,91,Amazonas,91405,La Chorrera,0.0583,0.6382,0.0685,0.4496,0.4355,0.0516,0.3051,0.0327,0.8429,0.0429,0.0049019607843137,0.1258169934640522,0.8088235294117647,0.0016339869281045,0.011437908496732,0.011437908496732,0.0310457516339869,0.0049019607843137,0.0045385779122541,0.903177004538578,0.0030257186081694,0.0060514372163388,0.0832072617246596,,,,,,,,,,,,,,,,,,,,,,
Región Pacífico,52,Nariño,52378,La Cruz,0.259,0.5394,0.3039,0.3799,0.3681,0.2292,0.2578,0.1451,0.7124,0.1906,0.0200778014807378,0.1151963859957334,0.6835236541598695,0.002258752666583,0.0133015434809888,0.0091604969255866,0.1377839126615635,0.0186974526289371,0.020174091141833,0.7994879672299027,0.0019457245263696,0.0155657962109575,0.162826420890937,,,,,,,,,,,,,,,,,,,,,,
Región Pacífico,76,Valle del Cauca,76377,La Cumbre,0.3626,0.3253,0.4255,0.2292,0.222,0.3209,0.1555,0.2032,0.4297,0.2668,0.0199776473875384,0.3105616093880972,0.4122659960882928,0.0016764459346186,0.0139703827884884,0.0157865325509918,0.1929309863090248,0.0328303995529477,0.021484906173511,0.5108784335055752,0.0013598041881968,0.0114223551808539,0.4548545009518629,,,,,,,,,,,,,,,,,,,,,,
Región Eje Cafetero - Antioquia,17,Caldas,17380,La Dorada,0.8186,0.1879,0.95,0.1323,0.1282,0.7244,0.0898,0.4587,0.2481,0.6024,0.0149483187230145,0.2403833573204239,0.2380936804919534,0.0024859348423393,0.0267565092241266,0.018121156613895,0.4355619521130446,0.0236490906712024,0.0202059078225728,0.3235511081176432,0.0015394977388626,0.0279996151255652,0.6267038711953559,,,,,,,,,,,,,,,,,,,,,,
Región Centro Oriente,54,Norte de Santander,54385,La Esperanza,0.95,0.085,0.95,0.0599,0.058,0.95,0.0407,0.8455,0.1123,0.95,0.0042040894324479,0.0638257213835276,0.1077775654500286,0.001146569845213,0.0049684693292566,0.0070705140454806,0.8027899866233518,0.0082170838906936,0.0053201247477527,0.1441937259218492,0.0011007154650522,0.0053201247477527,0.8440653091175931,,,,,,,,,,,,,,,,,,,,,,
Región Eje Cafetero - Antioquia,5,Antioquia,05380,La Estrella,0.3329,0.1946,0.3907,0.1371,0.1328,0.2946,0.093,0.1866,0.2571,0.245,0.0219108701037738,0.4722398084175176,0.2466624459797957,0.0010459963114866,0.0139557928927303,0.0101296484901869,0.1771312174846541,0.0569242203198546,0.0318450061240396,0.3430575659726088,0.0009186059458857,0.0165349070259436,0.6076439149315221,,,,,,,,,,,,,,,,,,,,,,
Región Pacífico,52,Nariño,52381,La Florida,0.1297,0.5685,0.1522,0.4005,0.388,0.1148,0.2718,0.0727,0.7509,0.0954,0.0112014453477868,0.1644083107497741,0.7205058717253839,0.0023486901535682,0.00903342366757,0.0057813911472448,0.0690153568202348,0.0177055103884372,0.016,0.8116923076923077,0.001076923076923,0.0066153846153846,0.1646153846153846,,,,,,,,,,,,,,,,,,,,,,
Región Caribe,20,Cesar,20383,La Gloria,0.7485,0.2706,0.8784,0.1906,0.1846,0.6624,0.1293,0.4194,0.3573,0.5508,0.0095381526104417,0.2105087014725569,0.3428714859437751,0.001004016064257,0.0083668005354752,0.021251673360107,0.3982597054886211,0.0081994645247657,0.0094397076735688,0.4098660170523751,0.000456760048721,0.0086784409257003,0.5715590742996346,,,,,,,,,,,,,,,,,,,,,,
Región Llano,94,Guainía,94885,La Guadalupe,0.9049,0.3215,0.95,0.2264,0.2194,0.8008,0.1537,0.5071,0.4246,0.6659,0.0555555555555555,,0.4074074074074074,,,0.037037037037037,0.4814814814814814,0.0185185185185185,,0.3396226415094339,,0.0188679245283018,0.6415094339622641,,,,,,,,,,,,,,,,,,,,,,
Región Caribe,20,Cesar,20400,La Jagua de Ibirico,0.422,0.4724,0.4953,0.3328,0.3224,0.3734,0.2258,0.2365,0.624,0.3105,0.013182556541297,0.1007747094839435,0.5987129826315132,0.0011245782831438,0.0144945645382981,0.0361114582031738,0.2245407972010496,0.0110583531175809,0.0140399332527763,0.702169284768974,0.0007480292306807,0.0143851775130905,0.2686575752344784,,,,,,,,,,,,,,,,,,,,,,
Región Caribe,44,La Guajira,44420,La Jagua del Pilar,0.2279,0.4676,0.2675,0.3294,0.3191,0.2017,0.2235,0.1277,0.6175,0.1677,0.0090425531914893,0.2404255319148936,0.5925531914893617,0.001063829787234,0.0095744680851063,0.0111702127659574,0.1212765957446808,0.0148936170212765,0.0105456212746446,0.6148555708390646,,0.0064190738193489,0.3681797340669417,,,,,,,,,,,,,,,,,,,,,,
Región Pacífico,52,Nariño,52385,La Llanada,0.2149,0.5408,0.2522,0.3809,0.369,0.1902,0.2585,0.1204,0.7142,0.1582,0.025041736227045,0.1176961602671118,0.6853088480801336,0.0029215358931552,0.015025041736227,0.0242070116861435,0.1143572621035058,0.0154424040066777,0.0200831024930747,0.7977839335180056,0.0020775623268698,0.0128116343490304,0.1672437673130194,,,,,,,,,,,,,,,,,,,,,,
Región Llano,50,Meta,50350,La Macarena,0.8704,0.3402,0.95,0.2396,0.2321,0.7703,0.1626,0.4878,0.4493,0.6405,0.0202020202020202,0.044702342574683,0.4311197077154524,0.0027938964109176,0.0122501611863313,0.018267784225231,0.4631420588867397,0.0075220287986245,0.0320300751879699,0.5780451127819549,0.0031578947368421,0.0123308270676691,0.3744360902255639,,,,,,,,,,,,,,,,,,,,,,
Región Eje Cafetero - Antioquia,17,Caldas,17388,La Merced,0.7631,0.1428,0.8956,0.1006,0.0975,0.6753,0.0683,0.4276,0.1886,0.5616,0.0233066278222869,0.3208302986161689,0.1809905316824472,0.0072833211944646,0.0160233066278222,0.0123816460305899,0.4060451565914056,0.0331391114348142,0.0290108353722474,0.259699405802167,0.0045438657811953,0.0136315973435861,0.693114295700804,,,,,,,,,,,,,,,,,,,,,,
Región Centro Oriente,25,Cundinamarca,25386,La Mesa,0.8731,0.2107,0.95,0.1484,0.1438,0.7727,0.1007,0.4893,0.2783,0.6425,0.014615336774675,0.1893774488463213,0.267056408980658,0.0011194726040176,0.0105106038932769,0.013744635860439,0.46458113066733,0.0389949623732819,0.0195098452459806,0.3457578129704342,0.0008430180044559,0.0113807430601553,0.622508580718974,,,,,,,,,,,,,,,,,,,,,,
Región Centro Sur,18,Caquetá,18410,La Montañita,0.6428,0.3917,0.7544,0.2759,0.2673,0.5688,0.1872,0.3602,0.5173,0.473,0.018876404494382,0.1033707865168539,0.4964044943820225,0.0024719101123595,0.0092134831460674,0.017752808988764,0.3420224719101123,0.0098876404494382,0.0182010955999293,0.5815515108676445,0.001943806326206,0.0090121929669552,0.3892913942392649,,,,,,,,,,,,,,,,,,,,,,
Región Centro Oriente,25,Cundinamarca,25394,La Palma,0.95,0.19,0.95,0.1338,0.1296,0.8697,0.0908,0.5508,0.2509,0.7232,0.0161711006781429,0.1705790297339593,0.2407407407407407,0.0041731872717788,0.0117370892018779,0.0159102764736567,0.5229525299947835,0.0177360459050599,0.0148639378001372,0.2849302538303224,0.0027441115938714,0.0077749828493025,0.6896867139263664,,,,,,,,,,,,,,,,,,,,,,
Región Caribe,20,Cesar,20621,La Paz,0.6219,0.2636,0.7299,0.1857,0.1799,0.5503,0.126,0.3485,0.3481,0.4576,0.011603894188219,0.2857704789064805,0.3340544792998328,0.0009833808634083,0.0063919756121545,0.0168158127642836,0.3309076605369259,0.013472317828695,0.0127215300929987,0.4109492893490086,0.0012282856641516,0.0075451833655027,0.5675557115283383,,,,,,,,,,,,,,,,,,,,,,
Región Centro Oriente,68,Santander,68397,La Paz,0.95,0.0655,0.95,0.0462,0.0447,0.95,0.0313,0.8661,0.0865,0.95,0.0079928952042628,0.075044404973357,0.0830373001776199,0.0013321492007104,0.0026642984014209,0.0017761989342806,0.822380106571936,0.005772646536412,0.0068686868686868,0.0965656565656565,0.002020202020202,0.0024242424242424,0.8921212121212121,,,,,,,,,,,,,,,,,,,,,,
Región Centro Sur,91,Amazonas,91407,La Pedrera,0.2025,0.568,0.2377,0.4001,0.3876,0.1792,0.2715,0.1135,0.7502,0.149,0.021551724137931,0.1206896551724138,0.7198275862068966,,0.0086206896551724,,0.1077586206896551,0.021551724137931,0.0167130919220055,0.7799442896935933,,0.0139275766016713,0.1894150417827298,,,,,,,,,,,,,,,,,,,,,,
Región Centro Oriente,25,Cundinamarca,25398,La Peña,0.95,0.0844,0.95,0.0595,0.0576,0.95,0.0403,0.7488,0.1115,0.95,0.0099648300117233,0.1339390386869871,0.1069753810082063,0.0041031652989449,0.0090855803048065,0.0105509964830011,0.7110199296600235,0.0143610785463071,0.0123018042646254,0.1380535811919081,0.0016402405686167,0.0049207217058501,0.8430836522689995,,,,,,,,,,,,,,,,,,,,,,
Región Eje Cafetero - Antioquia,5,Antioquia,05390,La Pintada,0.6576,0.1475,0.7717,0.1039,0.1007,0.5819,0.0705,0.3685,0.1948,0.4839,0.0125333333333333,0.4138666666666666,0.1869333333333333,0.0021333333333333,0.0104,0.0114666666666666,0.3498666666666666,0.0128,0.0152271592611083,0.2319021467798302,0.0017473789316025,0.010733899151273,0.7403894158761857,,,,,,,,,,,,,,,,,,,,,,
Región Centro Sur,41,Huila,41396,La Plata,0.861,0.2392,0.95,0.1685,0.1633,0.7619,0.1144,0.4825,0.316,0.6336,0.0165724396875404,0.1804842259721203,0.3031807000129472,0.0019852401709032,0.0122998575805964,0.0100125156445556,0.4581157481334427,0.0173492727978939,0.01989950550327,0.381958845110863,0.0013159993619397,0.0130802360823097,0.5837454139416175,,,,,,,,,,,,,,,,,,,,,,
Región Centro Oriente,54,Norte de Santander,54398,La Playa,0.95,0.1389,0.95,0.0978,0.0948,0.95,0.0664,0.7385,0.1834,0.95,0.00926243567753,0.0898799313893653,0.1759862778730703,0.0020583190394511,0.0072041166380789,0.0054888507718696,0.7012006861063464,0.0089193825042881,0.0093233082706766,0.2502255639097744,0.0015037593984962,0.0072180451127819,0.7317293233082707,,,,,,,,,,,,,,,,,,,,,,
Región Llano,99,Vichada,99524,La Primavera,0.95,0.1041,0.95,0.0733,0.071,0.8934,0.0497,0.5658,0.1375,0.7429,0.0175619834710743,0.2524104683195592,0.1318870523415977,0.0017217630853994,0.0065426997245179,0.0265151515151515,0.5371900826446281,0.0261707988980716,0.016725352112676,0.1737089201877934,0.0005868544600938,0.0070422535211267,0.8019366197183099,,,,,,,,,,,,,,,,,,,,,,
Región Llano,85,Casanare,85136,La Salina,0.5235,0.4807,0.6144,0.3386,0.328,0.4633,0.2298,0.2934,0.6349,0.3852,0.0280561122244488,0.0420841683366733,0.6092184368737475,0.0140280561122244,0.0080160320641282,0.0120240480961923,0.2785571142284569,0.0080160320641282,0.0281195079086115,0.7381370826010545,,0.0070298769771528,0.226713532513181,,,,,,,,,,,,,,,,,,,,,,
Región Pacífico,19,Cauca,19392,La Sierra,0.2882,0.4828,0.3383,0.3401,0.3294,0.2551,0.2308,0.1615,0.6376,0.2121,0.017875279301239,0.1661588462319723,0.6118220597196831,0.0046719479991874,0.0221409709526711,0.0069063579118423,0.1533617712776762,0.0170627666057282,0.0223214285714285,0.7039285714285715,0.0030357142857142,0.0180357142857142,0.2526785714285714,,,,,,,,,,,,,,,,,,,,,,
Región Eje Cafetero - Antioquia,63,Quindío,63401,La Tebaida,0.6094,0.2587,0.7152,0.1823,0.1766,0.5393,0.1237,0.3415,0.3417,0.4484,0.023099896385689,0.2319132077771682,0.3279088194063509,0.0029865301395745,0.033095629914061,0.0196257694886329,0.3242518437252392,0.0371183031632839,0.0257205943784687,0.4522289192576237,0.0025064152294563,0.0359252849555409,0.4836187861789103,,,,,,,,,,,,,,,,,,,,,,
Región Pacífico,52,Nariño,52390,La Tola,0.1354,0.5876,0.1589,0.4139,0.401,0.1198,0.2809,0.0759,0.7761,0.0996,0.0149253731343283,0.1075656201749871,0.7447246525990736,0.0041173443129181,0.0118373648996397,0.031394750386001,0.0720535254760679,0.013381369016984,0.0119402985074626,0.8592750533049041,0.0017057569296375,0.0076759061833688,0.1194029850746268,,,,,,,,,,,,,,,,,,,,,,
Región Eje Cafetero - Antioquia,5,Antioquia,05400,La Unión,0.5732,0.1181,0.6727,0.0832,0.0806,0.5073,0.0565,0.3212,0.156,0.4218,0.0154755424216502,0.4499572284003422,0.1497005988023952,0.0016330974414806,0.0125204137180185,0.0100318842833812,0.3050003888327242,0.0556808461000077,0.0251198021332508,0.2154892564538568,0.0021641675684031,0.0118256299273458,0.7454011439171433,,,,,,,,,,,,,,,,,,,,,,
Región Pacífico,52,Nariño,52399,La Unión,0.3824,0.4093,0.4488,0.2883,0.2793,0.3384,0.1956,0.2143,0.5406,0.2814,0.0236270753512132,0.1962005108556832,0.5186781609195402,0.0034323116219667,0.0225893997445721,0.0151660280970625,0.2034642401021711,0.0168422733077905,0.02050655259048,0.628980783594758,0.0033951246010728,0.0258708494601751,0.3212466897535139,,,,,,,,,,,,,,,,,,,,,,
Región Caribe,70,Sucre,70400,La Unión,0.2036,0.4943,0.2389,0.3482,0.3373,0.1801,0.2363,0.1141,0.6528,0.1498,0.0143549589858314,0.2127143922445936,0.6263982102908278,0.0020507084265473,0.0078299776286353,0.0164056674123788,0.1083146905294556,0.01193139448173,0.0142760027192386,0.7075118966689327,0.0018694765465669,0.0059483344663494,0.2703942895989123,,,,,,,,,,,,,,,,,,,,,,
Región Pacífico,76,Valle del Cauca,76400,La Unión,0.8638,0.1738,0.95,0.1224,0.1186,0.7644,0.0831,0.484,0.2295,0.6356,0.0189725267956141,0.2402981397067882,0.2202168288776641,0.002155968954047,0.0222988788961438,0.0096094616237526,0.4595909818898608,0.0268572132561291,0.02297165200391,0.303213587487781,0.0017717497556207,0.0234604105571847,0.6485826001955034,,,,,,,,,,,,,,,,,,,,,,
Región Centro Oriente,15,Boyacá,15403,La Uvita,0.95,0.0789,0.95,0.0556,0.0538,0.9207,0.0377,0.583,0.1042,0.7656,0.0114285714285714,0.2678571428571428,0.1,0.0007142857142857,0.0085714285714285,0.0035714285714285,0.5535714285714286,0.0542857142857142,0.0147435897435897,0.1301282051282051,,0.0044871794871794,0.8506410256410256,,,,,,,,,,,,,,,,,,,,,,
Región Pacífico,19,Cauca,19397,La Vega,0.1202,0.589,0.141,0.4149,0.4019,0.1064,0.2815,0.0673,0.7779,0.0884,0.0105436122141585,0.1399424893879227,0.7464055867451732,0.0054772011502122,0.0131452827605093,0.0086265918115842,0.0639463234287279,0.0119129125017116,0.0109034267912772,0.8078549176680018,0.0021139296840231,0.0086782376502002,0.1704494882064975,,,,,,,,,,,,,,,,,,,,,,
Región Centro Oriente,25,Cundinamarca,25402,La Vega,0.95,0.1516,0.95,0.1068,0.1034,0.95,0.0725,0.6081,0.2002,0.7986,0.0131779568721411,0.1700065345240688,0.1921150076236114,0.0007623611413635,0.0070790677412328,0.0084948812894794,0.5774341102156393,0.0309300805924635,0.0147514698022447,0.2582576162479957,0.0005344735435595,0.0099412079102084,0.7165152324959915,,,,,,,,,,,,,,,,,,,,,,
Región Centro Oriente,15,Boyacá,15401,La Victoria,0.95,0.1037,0.95,0.073,0.0708,0.95,0.0496,0.7254,0.1369,0.95,0.0013831258644536,0.1313969571230982,0.1313969571230982,0.0013831258644536,0.0027662517289073,0.0207468879668049,0.6887966804979253,0.0221300138312586,0.0095808383233532,0.1784431137724551,,0.0047904191616766,0.807185628742515,,,,,,,,,,,,,,,,,,,,,,
Región Pacífico,76,Valle del Cauca,76403,La Victoria,0.6106,0.2028,0.7166,0.1429,0.1384,0.5403,0.0969,0.3422,0.2679,0.4493,0.0225091029460443,0.3427672955974842,0.2570340946706388,0.0026481297583581,0.0158887785501489,0.0117510758027143,0.3248924197285667,0.0225091029460443,0.0208500400962309,0.3406575781876503,0.0019246190858059,0.0194065757818765,0.6171611868484362,,,,,,,,,,,,,,,,,,,,,,
Región Centro Sur,91,Amazonas,91430,La Victoria,0.6652,0.6137,0.7806,0.4323,0.4188,0.5886,0.2934,0.3727,0.8106,0.4895,,0.074074074074074,0.7777777777777778,0.074074074074074,,,,0.074074074074074,0.0909090909090909,0.8181818181818182,0.0454545454545454,,0.0454545454545454,,,,,,,,,,,,,,,,,,,,,,
Región Eje Cafetero - Antioquia,66,Risaralda,66400,La Virginia,0.6592,0.294,0.7736,0.2071,0.2006,0.5833,0.1405,0.3694,0.3883,0.485,0.0245887545136699,0.1869089241703444,0.3725568865707571,0.0021207084312489,0.0298618673697483,0.0100303777153665,0.350719321373302,0.0232131598555625,0.028145882885944,0.4962056858081323,0.0022086306489976,0.0267300940083814,0.4467097066485446,,,,,,,,,,,,,,,,,,,,,,
Región Centro Oriente,54,Norte de Santander,54377,Labateca,0.95,0.0566,0.95,0.0399,0.0387,0.95,0.0271,0.7437,0.0748,0.95,0.0038896746817538,0.1966053748231966,0.0717821782178217,0.001060820367751,0.0049504950495049,0.0042432814710042,0.7061527581329562,0.0113154172560113,0.0064745872450631,0.0844933635480738,0.0016186468112657,0.0038847523470378,0.9035286500485594,,,,,,,,,,,,,,,,,,,,,,
Región Centro Oriente,15,Boyacá,15377,Labranzagrande,0.95,0.1304,0.95,0.0918,0.089,0.95,0.0623,0.7646,0.1722,0.95,0.0115141047783534,0.0650546919976971,0.1652274035693725,0.001727115716753,0.003454231433506,0.0097869890616004,0.7259643062751872,0.0172711571675302,0.0111434108527131,0.190891472868217,0.001453488372093,0.00484496124031,0.7916666666666666,,,,,,,,,,,,,,,,,,,,,,
Región Centro Oriente,68,Santander,68385,Landázuri,0.95,0.1339,0.95,0.0943,0.0914,0.95,0.064,0.7815,0.1769,0.95,0.0067886102206298,0.0456345464831227,0.1697152555157458,0.0020742975674146,0.0082971902696586,0.0201772581557608,0.7420328116160664,0.0052800301716009,0.0089005235602094,0.2090750436300174,0.0006980802792321,0.0083769633507853,0.7729493891797556,,,,,,,,,,,,,,,,,,,,,,
Región Centro Oriente,68,Santander,68406,Lebríja,0.95,0.0789,0.95,0.0556,0.0538,0.95,0.0377,0.8596,0.1042,0.95,0.0052255704581083,0.0610085350984149,0.0999825814318063,0.0006531963072635,0.0040933635255182,0.0089705626197526,0.8161470127155548,0.0039191778435812,0.008034188034188,0.1323076923076923,0.0001282051282051,0.0052136752136752,0.8543162393162393,,,,,,,,,,,,,,,,,,,,,,
Región Centro Sur,86,Putumayo,86573,Leguízamo,0.4456,0.3335,0.5229,0.2349,0.2275,0.3943,0.1594,0.2497,0.4404,0.3279,0.0188265399378541,0.2354231401937488,0.422591847925425,0.0036556388228842,0.017912630232133,0.0361908243465545,0.2370681776640467,0.0283312008773533,0.0151490202535814,0.5195125967396674,0.0031286020088918,0.0082331631812942,0.4539766178165651,,,,,,,,,,,,,,,,,,,,,,
Región Pacífico,52,Nariño,52405,Leiva,0.1051,0.6754,0.1234,0.4758,0.4609,0.093,0.3228,0.0589,0.8921,0.0773,0.0145657255889228,0.045495414493796,0.8559611580650962,0.0032368279086495,0.0070131271354073,0.009350836180543,0.0559251933105556,0.0084517173170293,0.0152730638691761,0.898333847577908,0.0020055538414069,0.0074051218759642,0.0769824128355445,,,,,,,,,,,,,,,,,,,,,,
Región Llano,50,Meta,50400,Lejanías,0.95,0.1757,0.95,0.1238,0.1199,0.95,0.084,0.6263,0.2321,0.8224,0.0150137449777965,0.1021357580883907,0.2226686403045041,0.0023260731655741,0.0154366673715373,0.0357369422710932,0.5946288855994925,0.0120532882216113,0.0204737053392211,0.2910477719791248,0.0014050582095543,0.016057808109193,0.6710156563629065,,,,,,,,,,,,,,,,,,,,,,
Región Centro Oriente,25,Cundinamarca,25407,Lenguazaque,0.95,0.0671,0.95,0.0473,0.0458,0.95,0.0321,0.8572,0.0886,0.95,0.0129580886819194,0.0554768171694675,0.0850374569750961,0.0012148208139299,0.0113383275966794,0.0034419923061348,0.8139299453330634,0.0166025511237092,0.0219230769230769,0.1269230769230769,0.0009615384615384,0.0111538461538461,0.8390384615384615,,,,,,,,,,,,,,,,,,,,,,
Región Centro Sur,73,Tolima,73408,Lérida,0.6694,0.2959,0.7856,0.2084,0.2019,0.5924,0.1414,0.3751,0.3908,0.4926,0.01342764656516,0.2054909483275386,0.3750149862126843,0.001318786716221,0.0155856611917036,0.0158254405946529,0.3561923030811653,0.0171442273108739,0.0151768775806271,0.4570918424283004,0.000669568128557,0.0151768775806271,0.5118848342818881,,,,,,,,,,,,,,,,,,,,,,
Región Centro Sur,91,Amazonas,91001,Leticia,0.4141,0.3297,0.486,0.2322,0.225,0.3664,0.1576,0.232,0.4354,0.3047,0.0181255526083112,0.2787908930150309,0.4177718832891247,0.0032603890362511,0.0103337754199823,0.0151967285587975,0.2203249336870026,0.0361958443854995,0.0213867391759046,0.4922610332566409,0.0018301610541727,0.0092030955866973,0.4753189709265843,,,,,,,,,,,,,,,,,,,,,,
Región Centro Sur,73,Tolima,73411,Líbano,0.5505,0.3195,0.6461,0.2251,0.218,0.4871,0.1527,0.3085,0.422,0.4051,0.0148283806935664,0.2249069533880782,0.4049152241980268,0.0022449341289064,0.0226856501447391,0.0115791339280439,0.2929048266083771,0.0259348969102617,0.0212422843796919,0.5073680698437413,0.001723850303064,0.0242451203914808,0.4454206750820219,,,,,,,,,,,,,,,,,,,,,,
Región Eje Cafetero - Antioquia,5,Antioquia,05411,Liborina,0.4263,0.0938,0.5003,0.0661,0.064,0.3772,0.0448,0.2389,0.1238,0.3137,0.0154901526886479,0.5808807258242974,0.1188315999114848,0.0028767426421774,0.0097366674042929,0.0044257579110422,0.2268200929409161,0.0409382606771409,0.023107076542191,0.1702083763152465,0.0026820713843614,0.0059830823189601,0.7980193934392408,,,,,,,,,,,,,,,,,,,,,,
Región Pacífico,52,Nariño,52411,Linares,0.108,0.6187,0.1268,0.4358,0.4222,0.0956,0.2957,0.0605,0.8171,0.0795,0.0175364462286076,0.1016268751320515,0.7840693006549757,0.0014789773927741,0.010775406718783,0.0135220790196492,0.0574688358335094,0.0135220790196492,0.0096463022508038,0.8553054662379421,0.00152310035539,0.0088001353866982,0.1247249957691656,,,,,,,,,,,,,,,,,,,,,,
Región Pacífico,27,Chocó,27413,Lloró,0.1354,0.483,0.1589,0.3402,0.3296,0.1198,0.2309,0.0759,0.638,0.0996,0.0130737943056362,0.2106333527019175,0.6121441022661244,0.0107495642068564,0.0357350377687391,0.015398024404416,0.0720511330621731,0.0302149912841371,0.013617677286742,0.762332990750257,0.001284686536485,0.0174717368961973,0.2052929085303186,,,,,,,,,,,,,,,,,,,,,,
Región Pacífico,19,Cauca,19418,López,0.0723,0.6519,0.0849,0.4592,0.4449,0.064,0.3116,0.0405,0.861,0.0532,0.0139951891537284,0.0793789634813033,0.82615350973103,0.0074349442379182,0.0076536190684452,0.0126831401705663,0.0384867701727531,0.0142138639842554,0.0094867016771133,0.8920887684228358,0.0018634592580044,0.0055903777740132,0.0909706928680332,,,,,,,,,,,,,,,,,,,,,,
Región Caribe,23,Córdoba,23417,Lorica,0.2451,0.4394,0.2876,0.3095,0.2999,0.2169,0.21,0.1373,0.5804,0.1803,0.0126292431896511,0.2642698645012039,0.5568906095085218,0.0015343940323875,0.0070346064869458,0.0133138189887163,0.1303998866909022,0.0139275766016713,0.0155995713094907,0.6524629857500099,0.0007740245306235,0.0084150359226769,0.3227483824871988,,,,,,,,,,,,,,,,,,,,,,
Región Pacífico,52,Nariño,52418,Los Andes,0.1615,0.6116,0.1895,0.4308,0.4174,0.1429,0.2924,0.0905,0.8078,0.1188,0.0185387131952017,0.0772082878953108,0.7751363140676117,0.001308615049073,0.0146128680479825,0.0128680479825517,0.0859323882224645,0.0143947655398037,0.0192028985507246,0.8559782608695652,0.0016304347826086,0.0139492753623188,0.1092391304347826,,,,,,,,,,,,,,,,,,,,,,
Región Caribe,23,Córdoba,23419,Los Córdobas,0.2878,0.3533,0.3378,0.2489,0.2411,0.2547,0.1689,0.1613,0.4666,0.2118,0.0154783467808331,0.3492507821505022,0.4477194137987815,0.0021406224271365,0.0049398979087765,0.0102091223448048,0.1531368351720731,0.017124979417092,0.0146949864163991,0.5448258829340578,0.0016053346505309,0.0053099530748332,0.4335638429241788,,,,,,,,,,,,,,,,,,,,,,
Región Caribe,70,Sucre,70418,Los Palmitos,0.1142,0.5478,0.134,0.3859,0.3738,0.1011,0.2619,0.064,0.7236,0.084,0.0085046066619418,0.193036853295535,0.6942771084337349,0.0012402551381998,0.0050496102055279,0.0272856130403968,0.060772501771793,0.0098334514528703,0.0127224477052763,0.7539025913206369,0.0003122073056509,0.0050733687168279,0.2279893849516078,,,,,,,,,,,,,,,,,,,,,,
Región Centro Oriente,54,Norte de Santander,54405,Los Patios,0.95,0.104,0.95,0.0732,0.0709,0.9169,0.0497,0.5806,0.1373,0.7624,0.0106046724690792,0.2527027027027027,0.1317453046266605,0.0003206596426935,0.0061612459917544,0.0200412276683463,0.5513055428309666,0.0271186440677966,0.013128763726532,0.1774929153382926,0.0001992561105207,0.006929684732554,0.8022493800921006,,,,,,,,,,,,,,,,,,,,,,
Región Centro Oriente,68,Santander,68418,Los Santos,0.95,0.0715,0.95,0.0503,0.0488,0.95,0.0342,0.8567,0.0944,0.95,0.005135520684736,0.0758915834522111,0.0905848787446505,0.0007132667617689,0.0035663338088445,0.002567760342368,0.8134094151212553,0.0081312410841654,0.0073160818317301,0.1112315404416745,0.0005419319875355,0.0041999729034006,0.8767104728356592,,,,,,,,,,,,,,,,,,,,,,
Región Centro Oriente,54,Norte de Santander,54418,Lourdes,0.808,0.0331,0.9482,0.0233,0.0226,0.715,0.0158,0.4528,0.0437,0.5946,0.0080357142857142,0.4995535714285714,0.0419642857142857,0.0008928571428571,0.00625,0.0013392857142857,0.4299107142857143,0.0120535714285714,0.0081161896625373,0.0593763348996155,0.0012815036309269,0.0055531824006834,0.9256727894062368,,,,,,,,,,,,,,,,,,,,,,
Región Caribe,8,Atlántico,08421,Luruaco,0.3003,0.274,0.3524,0.193,0.187,0.2657,0.131,0.1683,0.3619,0.221,0.0127145581691036,0.4329307056579783,0.3472133926679381,0.0036024581479126,0.0097478279296461,0.0085823267641449,0.1597796143250688,0.0254291163382072,0.0148778890240479,0.4911574810517451,0.0021521474688874,0.0069243005520726,0.4848881819032469,,,,,,,,,,,,,,,,,,,,,,
Región Centro Oriente,15,Boyacá,15425,Macanal,0.95,0.1368,0.95,0.0964,0.0933,0.95,0.0654,0.7183,0.1807,0.9432,0.008420009905894,0.0965824665676077,0.1733531451213472,0.0029717682020802,0.0069341258048538,0.0079247152055473,0.6820208023774146,0.021792966815255,0.0096830985915492,0.2205105633802817,0.0017605633802816,0.0044014084507042,0.7636443661971831,,,,,,,,,,,,,,,,,,,,,,
Región Centro Oriente,68,Santander,68425,Macaravita,0.95,0.0568,0.95,0.04,0.0387,0.95,0.0271,0.8831,0.075,0.95,0.0039968025579536,0.0775379696243005,0.0719424460431654,0.0007993605115907,0.0023980815347721,0.0015987210231814,0.8385291766586731,0.0031974420463629,0.0060150375939849,0.0932330827067669,,0.0037593984962406,0.8969924812030076,,,,,,,,,,,,,,,,,,,,,,
Región Eje Cafetero - Antioquia,5,Antioquia,05425,Maceo,0.7194,0.1143,0.8443,0.0805,0.078,0.6366,0.0546,0.4032,0.1509,0.5294,0.0134652377026655,0.4171475680131904,0.1448200054960154,0.001923605386095,0.0093432261610332,0.0049464138499587,0.3827974718329211,0.0255564715581203,0.0133703329969727,0.2003027245206861,0.0027749747729566,0.0093340060544904,0.7742179616548941,,,,,,,,,,,,,,,,,,,,,,
Región Centro Oriente,25,Cundinamarca,25426,Macheta,0.95,0.1011,0.95,0.0712,0.069,0.95,0.0483,0.6761,0.1335,0.8878,0.008256192144108,0.175381536152114,0.1280960720540405,0.0010007505629221,0.0100075056292219,0.0107580685514135,0.6419814861145859,0.0245183887915936,0.019108280254777,0.1696997270245678,0.0009099181073703,0.0122838944494995,0.7979981801637852,,,,,,,,,,,,,,,,,,,,,,
Región Centro Oriente,25,Cundinamarca,25430,Madrid,0.7652,0.3159,0.898,0.2225,0.2155,0.6771,0.151,0.4288,0.4172,0.5631,0.0196181436127816,0.0947576262589667,0.4002970799217448,0.0005253242518658,0.0209223969277588,0.0167560321715817,0.407144409825375,0.0399789870299253,0.0287905092592592,0.5336009837962963,0.0005063657407407,0.0254087094907407,0.4116934317129629,,,,,,,,,,,,,,,,,,,,,,
Región Caribe,13,Bolívar,13430,Magangué,0.2026,0.4394,0.2378,0.3095,0.2999,0.1793,0.21,0.1135,0.5804,0.1491,0.0124140940329442,0.2705574342751172,0.5568888404058034,0.0017235736882295,0.0084433293334787,0.0231482491545762,0.10779971637395,0.0190247627359005,0.0152583099719663,0.6829595514617541,0.0011613936724068,0.0083500200240288,0.2922707248698438,,,,,,,,,,,,,,,,,,,,,,
Región Pacífico,52,Nariño,52427,Magüí,0.0383,0.7172,0.045,0.5052,0.4894,0.0339,0.3428,0.0215,0.9472,0.0282,0.0091452690819556,0.0295462539570875,0.90889905029898,0.0017587055926837,0.0073865634892718,0.01301442138586,0.0204009848751319,0.0098487513190291,0.0063001145475372,0.9576174112256588,0.0020045819014891,0.0074455899198167,0.0266323024054982,,,,,,,,,,,,,,,,,,,,,,
Región Caribe,13,Bolívar,13433,Mahates,0.2564,0.3251,0.3009,0.229,0.2218,0.2269,0.1554,0.1437,0.4293,0.1887,0.0186358099878197,0.3780755176613885,0.4119366626065773,0.0034104750304506,0.0084043848964677,0.0176613885505481,0.1364190012180268,0.025456760048721,0.0143376845709394,0.5215065268564092,0.0020329552749839,0.0075968328696768,0.4545260004279906,,,,,,,,,,,,,,,,,,,,,,
Región Caribe,44,La Guajira,44430,Maicao,0.3943,0.3946,0.4627,0.2779,0.2692,0.3489,0.1886,0.221,0.5211,0.2901,0.0202445181408701,0.2202643171806167,0.5000247487996832,0.0016086719794089,0.0122011582438251,0.0185368509627283,0.2097955749146166,0.0173241597782507,0.0198441951744336,0.6160865493813632,0.0015939112589906,0.0126118228367635,0.3498635213484489,,,,,,,,,,,,,,,,,,,,,,
Región Caribe,70,Sucre,70429,Majagual,0.3515,0.2015,0.4125,0.142,0.1375,0.3111,0.0963,0.197,0.2662,0.2587,0.0109096617219998,0.4943097088140648,0.2553959657797661,0.0018836825994819,0.0056510477984459,0.0260576092928341,0.1870339847735656,0.0187583392198414,0.0106268399511739,0.3208874847418683,0.0014360594528613,0.0044517843038701,0.6625978315502262,,,,,,,,,,,,,,,,,,,,,,
Región Centro Oriente,68,Santander,68432,Málaga,0.95,0.1474,0.95,0.1038,0.1006,0.95,0.0705,0.7174,0.1947,0.9421,0.0135135135135135,0.0947849257708412,0.1868100494861058,0.0003806623524933,0.0053292729349067,0.0049486105824134,0.681195279786829,0.0130376855728968,0.0149892933618843,0.23796666977004,0.0004655060050274,0.0085653104925053,0.7380132203705427,,,,,,,,,,,,,,,,,,,,,,
Región Caribe,8,Atlántico,08433,Malambo,0.1943,0.5272,0.228,0.3714,0.3597,0.1719,0.252,0.1089,0.6963,0.143,0.0138604989779632,0.179346456472433,0.6681040517458628,0.0008400302410886,0.0071962590653263,0.0124324475681124,0.1033797216699801,0.0148405342592333,0.0134878288946392,0.7854771119100507,0.000732785271016,0.0055187890723396,0.1947834848519544,,,,,,,,,,,,,,,,,,,,,,
Región Pacífico,52,Nariño,52435,Mallama,0.1285,0.6591,0.1508,0.4643,0.4498,0.1137,0.3151,0.072,0.8706,0.0946,0.0136747163223741,0.0570264765784114,0.8353215013092814,0.002618562700029,0.0084375909223159,0.0052371254000581,0.0683735816118708,0.009310445155659,0.0148165569143932,0.8939322671683914,0.0014111006585136,0.0087017873941674,0.0811382878645343,,,,,,,,,,,,,,,,,,,,,,
Región Caribe,8,Atlántico,08436,Manatí,0.1647,0.2475,0.1933,0.1744,0.1689,0.1458,0.1183,0.0923,0.3269,0.1212,0.0151387720773759,0.5483599663582843,0.3137089991589571,0.0023549201009251,0.0043734230445752,0.008915054667788,0.0876366694701429,0.0195121951219512,0.0165587836820713,0.4240553966581364,0.002258015956646,0.0046665663104019,0.5524612373927442,,,,,,,,,,,,,,,,,,,,,,
Región Caribe,20,Cesar,20443,Manaure,0.5438,0.3621,0.6382,0.2551,0.2471,0.4812,0.1731,0.3047,0.4783,0.4001,0.0116079105760963,0.200773860705073,0.4589423903697334,0.0002149613069647,0.0111779879621668,0.0137575236457437,0.2893379191745486,0.0141874462596732,0.0112098956320061,0.5376884422110553,0.0005798221878623,0.0112098956320061,0.43931194433707,,,,,,,,,,,,,,,,,,,,,,
Región Caribe,44,La Guajira,44560,Manaure,0.2633,0.4034,0.309,0.2842,0.2753,0.233,0.1928,0.1475,0.5328,0.1937,0.0176865935620799,0.2730810045985143,0.5112604645678576,0.0044806037023935,0.0127343473646975,0.0211060016507487,0.1400778210116731,0.0195731635420351,0.0159325210871602,0.6386285535770072,0.0020306154326772,0.0156982193064667,0.3277100905966885,,,,,,,,,,,,,,,,,,,,,,
Región Llano,85,Casanare,85139,Maní,0.95,0.1368,0.95,0.0964,0.0934,0.95,0.0654,0.7292,0.1807,0.95,0.0087658271879782,0.0781967441213301,0.1733685821622373,0.0009739807986642,0.0069570057047446,0.0308891053290663,0.6923612077361904,0.0084875469597885,0.0115631095012538,0.2241571468375592,0.0011145165784341,0.0079409306213429,0.7552242964614099,,,,,,,,,,,,,,,,,,,,,,
Región Eje Cafetero - Antioquia,17,Caldas,17001,Manizales,0.4671,0.2617,0.5482,0.1843,0.1786,0.4133,0.1251,0.2618,0.3456,0.3437,0.0245015930814747,0.2697269003186163,0.3315976331360947,0.0015430131998179,0.0204642694583522,0.0145334547109695,0.2485343650432407,0.0890987710514337,0.0372804635162049,0.4587407206228499,0.0013941698352344,0.0245292413543364,0.4780554046713742,,,,,,,,,,,,,,,,,,,,,,
Región Centro Oriente,25,Cundinamarca,25436,Manta,0.95,0.1176,0.95,0.0828,0.0802,0.9322,0.0562,0.5903,0.1553,0.7752,0.0124810892586989,0.2303328290468986,0.1490166414523449,0.0026475037821482,0.0037821482602118,0.0086989409984871,0.5605143721633888,0.0325264750378214,0.0132219902574808,0.2045929018789144,0.0020876826722338,0.0034794711203897,0.7766179540709812,,,,,,,,,,,,,,,,,,,,,,
Región Eje Cafetero - Antioquia,17,Caldas,17433,Manzanares,0.8628,0.1119,0.95,0.0788,0.0763,0.7635,0.0535,0.4835,0.1477,0.6349,0.0157081327590575,0.3334177856599949,0.1417532303014948,0.0040537116797567,0.0139346338991639,0.0072206739295667,0.459082847732455,0.0248289840385102,0.020958450790538,0.2163255300894717,0.0028189729133472,0.0159333251623973,0.7439637210442456,,,,,,,,,,,,,,,,,,,,,,
Región Llano,50,Meta,50325,Mapiripán,0.95,0.2253,0.95,0.1587,0.1537,0.8964,0.1077,0.5677,0.2976,0.7454,0.0153203342618384,0.1109563602599814,0.2855153203342618,0.000928505106778,0.022284122562674,0.011142061281337,0.5389972144846796,0.0148560817084493,0.0207055214723926,0.3730828220858895,0.0026840490797546,0.0195552147239263,0.5839723926380368,,,,,,,,,,,,,,,,,,,,,,
Región Llano,94,Guainía,94663,Mapiripana,0.6652,0.2194,0.7806,0.1546,0.1497,0.5886,0.1049,0.3727,0.2898,0.4895,,,,,,,,,,,,,,,,,,,,,,,,,,,,,,,,,,,
Región Caribe,13,Bolívar,13440,Margarita,0.3319,0.2187,0.3895,0.1541,0.1492,0.2937,0.1045,0.186,0.2889,0.2442,0.0073269327943405,0.5027791814047499,0.2771601819100556,0.001010611419909,0.0053057099545224,0.0136432541687721,0.1766043456291056,0.0161697827185447,0.0077501709596535,0.3255071803054479,0.0009117848187827,0.0027353544563483,0.6630955094597675,,,,,,,,,,,,,,,,,,,,,,
Región Caribe,13,Bolívar,13442,María la Baja,0.1304,0.436,0.1531,0.3071,0.2975,0.1154,0.2084,0.0731,0.5758,0.096,0.0144351991931417,0.3107034795763994,0.5525088250126071,0.0033408976298537,0.0111573373676248,0.0166414523449319,0.0694024205748865,0.0218103883005547,0.0139730364063096,0.6877353856230555,0.0017466295507887,0.0068227716827684,0.2897221767370777,,,,,,,,,,,,,,,,,,,,,,
Región Eje Cafetero - Antioquia,5,Antioquia,05440,Marinilla,0.4615,0.1498,0.5416,0.1055,0.1022,0.4084,0.0716,0.2586,0.1979,0.3396,0.0154169586545199,0.4695164681149264,0.1898451933490476,0.0016882206791106,0.0094604064470918,0.0104160030579091,0.2455564757596993,0.0581002739376951,0.0230644597642723,0.2648600565492264,0.0012707691330177,0.0113416145121834,0.6994631000413,,,,,,,,,,,,,,,,,,,,,,
Región Centro Oriente,15,Boyacá,15442,Maripí,0.95,0.0788,0.95,0.0555,0.0538,0.95,0.0377,0.8212,0.1041,0.95,0.0006983240223463,0.0914804469273743,0.0998603351955307,0.0010474860335195,0.003840782122905,0.0139664804469273,0.7796787709497207,0.0094273743016759,0.0056267583619881,0.1503594873397936,0.0009377930603313,0.0056267583619881,0.8374492028758987,,,,,,,,,,,,,,,,,,,,,,
Región Centro Sur,73,Tolima,73443,Mariquita,0.8607,0.2288,0.95,0.1612,0.1561,0.7617,0.1094,0.4823,0.3022,0.6334,0.0179875989931855,0.1650807293265394,0.2899502731904966,0.0019645159309963,0.0201976794155565,0.0263981828227638,0.4579777764135306,0.020443243906931,0.0204624277456647,0.3683815028901734,0.001271676300578,0.019421965317919,0.5904624277456647,,,,,,,,,,,,,,,,,,,,,,
Región Eje Cafetero - Antioquia,17,Caldas,17442,Marmato,0.8273,0.193,0.95,0.1359,0.1317,0.7321,0.0922,0.4636,0.2549,0.6087,0.0299967394848386,0.1946527551353113,0.2445386371046625,0.0042386697098141,0.0270622758395826,0.0192370394522334,0.4401695467883925,0.0401043364851646,0.0332608019894311,0.362760335716506,0.0037301834006838,0.0307740130556419,0.569474665837737,,,,,,,,,,,,,,,,,,,,,,
Región Eje Cafetero - Antioquia,17,Caldas,17444,Marquetalia,0.95,0.0892,0.95,0.0628,0.0609,0.9468,0.0426,0.5996,0.1178,0.7874,0.0142739950779327,0.2452830188679245,0.1130434782608695,0.0049220672682526,0.0124692370795734,0.0119770303527481,0.5693191140278917,0.0287120590648072,0.0215270249341799,0.1742295183521759,0.0024779309276753,0.0119250425894378,0.7898404831965309,,,,,,,,,,,,,,,,,,,,,,
Región Eje Cafetero - Antioquia,66,Risaralda,66440,Marsella,0.5601,0.2354,0.6573,0.1658,0.1607,0.4956,0.1125,0.3138,0.311,0.4121,0.0173505572441742,0.3200354609929078,0.2983789260385005,0.0050658561296859,0.0227963525835866,0.0115248226950354,0.297998986828774,0.0268490374873353,0.0242098986285032,0.3712581991651759,0.0038163387000596,0.0214669051878354,0.5792486583184258,,,,,,,,,,,,,,,,,,,,,,
Región Eje Cafetero - Antioquia,17,Caldas,17446,Marulanda,0.7814,0.1134,0.917,0.0799,0.0774,0.6914,0.0542,0.4379,0.1498,0.575,0.0228937728937728,0.3415750915750916,0.1437728937728937,0.01007326007326,0.0119047619047619,0.0091575091575091,0.4157509157509158,0.0448717948717948,0.0351035103510351,0.2025202520252025,0.0054005400540054,0.0243024302430243,0.7326732673267327,,,,,,,,,,,,,,,,,,,,,,
Región Centro Oriente,68,Santander,68444,Matanza,0.95,0.0574,0.95,0.0404,0.0392,0.95,0.0274,0.8597,0.0758,0.95,0.0070984915705412,0.0910973084886128,0.0727595385980479,0.0005915409642117,0.0026619343389529,0.0050280981958,0.8163265306122449,0.0044365572315882,0.0081598199212155,0.0945413618458075,0.0005627462014631,0.0042205965109735,0.8925154755205402,,,,,,,,,,,,,,,,,,,,,,
Región Eje Cafetero - Antioquia,5,Antioquia,05001,Medellín,0.2334,0.1912,0.2739,0.1347,0.1305,0.2065,0.0914,0.1308,0.2525,0.1717,0.0205174743344888,0.5300668190579269,0.2422739915206738,0.0007467288882173,0.0107168773027801,0.0105499614336491,0.1241652010282017,0.060962946434062,0.0331566488544267,0.3336487771385023,0.0008196146732595,0.0145418695482593,0.6178330897855522,Medellin,2427129.0,260000.0,3500.0,30000.0,10.2,680000.0,850000.0,0.1071224479621808,0.001442032953337,0.0123602824571747,10.2,0.8,0.125,0.098,2569007.0,2569007.0,medium,0.0,0.0,0.0,0.0
Región Centro Oriente,25,Cundinamarca,25438,Medina,0.95,0.099,0.95,0.0697,0.0675,0.95,0.0473,0.7596,0.1307,0.95,0.0053218449062341,0.1272174353775975,0.1254434870755195,0.0010136847440446,0.0053218449062341,0.0040547389761784,0.7212366953877344,0.0103902686264571,0.0089737689829728,0.1548550391164289,0.0011504832029452,0.0075931891394385,0.8274275195582145,,,,,,,,,,,,,,,,,,,,,,
Región Pacífico,27,Chocó,27425,Medio Atrato,0.1015,0.6199,0.1191,0.4367,0.423,0.0898,0.2963,0.0569,0.8187,0.0747,0.0088055130168453,0.1006891271056661,0.7856049004594181,0.0019142419601837,0.0202909647779479,0.0072741194486983,0.0539816232771822,0.0214395099540581,0.0103406326034063,0.8813868613138686,0.0,0.0188564476885644,0.0894160583941605,,,,,,,,,,,,,,,,,,,,,,
Región Pacífico,27,Chocó,27430,Medio Baudó,0.0605,0.6379,0.071,0.4493,0.4353,0.0536,0.3049,0.0339,0.8425,0.0445,0.0061808718282368,0.1229668184775536,0.8083929733246584,0.0022771633051398,0.007156798959011,0.0094339622641509,0.0322055953155497,0.0113858165256994,0.0049212598425196,0.9234744094488188,0.0007381889763779,0.0049212598425196,0.0659448818897637,,,,,,,,,,,,,,,,,,,,,,
Región Pacífico,27,Chocó,27450,Medio San Juan,0.0523,0.6291,0.0614,0.4431,0.4293,0.0463,0.3007,0.0293,0.8309,0.0385,0.0165313225058004,0.0739559164733178,0.7972737819025522,0.0037703016241299,0.0217517401392111,0.0116009280742459,0.0278422273781902,0.0472737819025522,0.0176612255820176,0.8985817500668986,0.0013379716350013,0.0173936312550173,0.065025421461065,,,,,,,,,,,,,,,,,,,,,,
Región Centro Sur,73,Tolima,73449,Melgar,0.95,0.1466,0.95,0.1032,0.1,0.8705,0.07,0.5513,0.1936,0.7239,0.0119962920551829,0.2321827798680407,0.1857244124543323,0.0007088718032608,0.0092698620426413,0.0180489666830252,0.5234200338077322,0.0186487812857843,0.0140045620921967,0.2531430693331918,0.0003713330857779,0.0110869449896557,0.7213940904991778,,,,,,,,,,,,,,,,,,,,,,
Región Pacífico,19,Cauca,19450,Mercaderes,0.1001,0.6263,0.1175,0.4411,0.4274,0.0886,0.2993,0.0561,0.8271,0.0737,0.0151098901098901,0.1011904761904761,0.7936507936507936,0.0048840048840048,0.0105311355311355,0.0155677655677655,0.0532661782661782,0.0057997557997558,0.0116049382716049,0.865679012345679,0.0025925925925925,0.0125925925925925,0.1075308641975308,,,,,,,,,,,,,,,,,,,,,,
Región Llano,50,Meta,50330,Mesetas,0.8157,0.3378,0.95,0.238,0.2305,0.7218,0.1615,0.4571,0.4462,0.6002,0.0190895741556534,0.0776169498636459,0.4281518774910845,0.0018879798615481,0.0111181036291168,0.0174113698342773,0.434025592615901,0.0106985525487728,0.0195219850392264,0.5022806057288816,0.0020069330414158,0.0082101806239737,0.4679802955665024,,,,,,,,,,,,,,,,,,,,,,
Región Centro Sur,18,Caquetá,18460,Milán,0.8072,0.3041,0.9474,0.2142,0.2075,0.7143,0.1454,0.4524,0.4017,0.594,0.0113487560017459,0.1030117852466172,0.3854212134439109,0.0021824530772588,0.0078568310781318,0.0497599301615015,0.4295067656045395,0.0109122653862941,0.0161169415292353,0.4400299850074962,0.0011244377811094,0.0048725637181409,0.537856071964018,,,,,,,,,,,,,,,,,,,,,,
Región Centro Oriente,15,Boyacá,15455,Miraflores,0.9234,0.2884,0.95,0.2032,0.1968,0.8171,0.1379,0.5175,0.381,0.6795,0.0179408766564729,0.0717635066258919,0.3655453618756371,0.0020387359836901,0.0081549439347604,0.0156982670744138,0.491335372069317,0.0275229357798165,0.0218579234972677,0.4673073299415866,0.0013190126248351,0.0090446579988694,0.5004710759374411,,,,,,,,,,,,,,,,,,,,,,
Región Llano,95,Guaviare,95200,Miraflores,0.2434,0.5301,0.2857,0.3734,0.3618,0.2154,0.2534,0.1364,0.7002,0.1791,0.0302245250431778,0.0949913644214162,0.6718480138169257,0.005181347150259,0.0189982728842832,0.0129533678756476,0.1295336787564766,0.0362694300518134,0.0313479623824451,0.7210031347962382,0.0023510971786833,0.0195924764890282,0.225705329153605,,,,,,,,,,,,,,,,,,,,,,
Región Pacífico,19,Cauca,19455,Miranda,0.1683,0.5767,0.1975,0.4063,0.3936,0.1489,0.2757,0.0943,0.7617,0.1238,0.0184328517543235,0.1050459042061063,0.7309088321115935,0.0017792327948188,0.0209949469788627,0.0155149099708205,0.0895309942352857,0.0177923279481887,0.0191226096737907,0.8064580162773771,0.0011248593925759,0.0172037318864553,0.1560907827698008,,,,,,,,,,,,,,,,,,,,,,
Región Centro Sur,91,Amazonas,91460,Miriti Paraná,0.0783,0.6247,0.0919,0.44,0.4263,0.0693,0.2986,0.0439,0.8251,0.0576,0.0104166666666666,0.1458333333333333,0.7916666666666666,,,,0.0416666666666666,0.0104166666666666,0.018018018018018,0.918918918918919,,,0.063063063063063,,,,,,,,,,,,,,,,,,,,,,
Región Eje Cafetero - Antioquia,66,Risaralda,66456,Mistrató,0.7277,0.341,0.854,0.2402,0.2327,0.6439,0.163,0.4078,0.4504,0.5355,0.0143149284253578,0.1138377641445126,0.4321745057941377,0.0057941376959781,0.0218132242672119,0.0086912065439672,0.3871847307430129,0.0161895023858214,0.0190097259062776,0.5251989389920424,0.0042735042735042,0.0207780725022104,0.4307397583259652,,,,,,,,,,,,,,,,,,,,,,
Región Llano,97,Vaupés,97001,Mitú,0.3042,0.5208,0.357,0.3669,0.3554,0.2691,0.2489,0.1704,0.6879,0.2238,0.0159478071765132,0.1134469010511054,0.6600217470097861,0.0007249003262051,0.0036245016310257,0.008880028996013,0.161833997825299,0.0355201159840521,0.0121934127540294,0.725718290119131,0.0012613875262789,0.0053258584442887,0.2555010511562719,,,,,,,,,,,,,,,,,,,,,,
Región Centro Sur,86,Putumayo,86001,Mocoa,0.2772,0.5296,0.3253,0.3731,0.3614,0.2453,0.2532,0.1553,0.6995,0.2039,0.0169599321602713,0.1151155395378418,0.6711893152427391,0.0010175959296162,0.0112359550561797,0.0175959296162815,0.1474666101335594,0.0194191223235107,0.0196577243293247,0.760368485969781,0.0010792476102374,0.01140918902251,0.2074853530681467,,,,,,,,,,,,,,,,,,,,,,
Región Centro Oriente,68,Santander,68464,Mogotes,0.95,0.0637,0.95,0.0449,0.0435,0.95,0.0304,0.8929,0.0841,0.95,0.0044298921417565,0.049306625577812,0.0807010785824345,0.0017334360554699,0.0084745762711864,0.0048151001540832,0.8478428351309707,0.0026964560862865,0.0063444672513528,0.0979660384400074,0.0007464079119238,0.0065310692293338,0.8884120171673819,,,,,,,,,,,,,,,,,,,,,,
Región Centro Oriente,68,Santander,68468,Molagavita,0.95,0.0526,0.95,0.0371,0.0359,0.95,0.0251,0.8353,0.0695,0.95,0.0064367816091954,0.1181609195402298,0.0666666666666666,0.0004597701149425,0.0045977011494252,0.0059770114942528,0.7931034482758621,0.0045977011494252,0.0086812732534105,0.0793716411740388,0.0008267879288962,0.0041339396444811,0.9069863579991732,,,,,,,,,,,,,,,,,,,,,,
Región Caribe,23,Córdoba,23464,Momil,0.2926,0.366,0.3434,0.2578,0.2497,0.2589,0.1749,0.164,0.4833,0.2153,0.0141769493305329,0.3399842478340771,0.4637700183775269,0.0010501443948542,0.0043318456287739,0.0114203202940404,0.1556839065371488,0.0095825676030454,0.0140171320502836,0.541995772610969,0.0012237178774057,0.0060073423072644,0.4367560351540772,,,,,,,,,,,,,,,,,,,,,,
Región Caribe,13,Bolívar,13468,Mompós,0.2103,0.347,0.2468,0.2445,0.2368,0.1861,0.1659,0.1178,0.4584,0.1547,0.0114758302346454,0.3874855750737274,0.4397999743556866,0.0025003205539171,0.0083985126298243,0.0194255673804333,0.1118733170919348,0.0190409026798307,0.0108071213241567,0.545077071838917,0.0014219896479153,0.0048347648029122,0.4378590523860986,,,,,,,,,,,,,,,,,,,,,,
Región Centro Oriente,15,Boyacá,15464,Mongua,0.95,0.0976,0.95,0.0687,0.0666,0.95,0.0467,0.7491,0.1289,0.95,0.0039898440333696,0.132752992383025,0.1236851650344577,0.0007254261878853,0.0050779833151976,0.0025389916575988,0.7112803772216177,0.019949220166848,0.0095661086436624,0.1807311240177656,0.0006832934745473,0.0068329347454731,0.8021865391185514,,,,,,,,,,,,,,,,,,,,,,
Región Centro Oriente,15,Boyacá,15466,Monguí,0.95,0.206,0.95,0.1451,0.1405,0.95,0.0984,0.602,0.272,0.7905,0.0142800476001586,0.1027370091233637,0.261007536691789,0.0003966679888932,0.0119000396667988,0.0059500198333994,0.57159857199524,0.032130107100357,0.0229533282325937,0.3527161438408569,0.0015302218821729,0.0145371078806426,0.6082631981637338,,,,,,,,,,,,,,,,,,,,,,
Región Centro Oriente,15,Boyacá,15469,Moniquirá,0.95,0.2059,0.95,0.145,0.1405,0.9282,0.0984,0.5878,0.2719,0.7718,0.013002773925104,0.113124133148405,0.2609223300970874,0.0016470180305131,0.0112690707350901,0.018637309292649,0.5580790568654647,0.0233183079056865,0.0180475799835931,0.3318293683347005,0.001312551271534,0.013371616078753,0.6354388843314192,,,,,,,,,,,,,,,,,,,,,,
Región Eje Cafetero - Antioquia,5,Antioquia,05467,Montebello,0.4533,0.1087,0.532,0.0765,0.0741,0.4012,0.0519,0.254,0.1435,0.3336,0.0175718849840255,0.5239616613418531,0.1376996805111821,0.0073482428115015,0.0166134185303514,0.0121405750798722,0.2412140575079872,0.0434504792332268,0.029618320610687,0.1987786259541984,0.0042748091603053,0.0216793893129771,0.7456488549618321,,,,,,,,,,,,,,,,,,,,,,
Región Caribe,13,Bolívar,13458,Montecristo,0.3944,0.3369,0.4628,0.2373,0.2299,0.349,0.161,0.221,0.4449,0.2902,0.0088216761184625,0.2908002520478891,0.4269061121613106,0.0012602394454946,0.0088216761184625,0.0368620037807183,0.2098298676748582,0.016698172652804,0.0163979229297622,0.5239136376059033,0.0008198961464881,0.0046460781634326,0.4542224651544138,,,,,,,,,,,,,,,,,,,,,,
Región Caribe,23,Córdoba,23466,Montelíbano,0.1856,0.5588,0.2178,0.3936,0.3813,0.1642,0.2671,0.104,0.738,0.1366,0.0151774469596667,0.1345948913359382,0.7081086317693028,0.0014208673749475,0.0100429489456518,0.0208932088997965,0.0987502825588529,0.0110117221558433,0.0160460992907801,0.7933806146572104,0.0006205673758865,0.0084219858156028,0.1815307328605201,,,,,,,,,,,,,,,,,,,,,,
Región Eje Cafetero - Antioquia,63,Quindío,63470,Montenegro,0.6362,0.2046,0.7467,0.1441,0.1396,0.563,0.0978,0.3565,0.2702,0.4682,0.0230123180291153,0.2949608062709966,0.2592945128779395,0.0030795072788353,0.0326427771556551,0.0123740201567749,0.338521836506159,0.036114221724524,0.0278817466775155,0.3668565229183618,0.0020070518036343,0.0357472199620287,0.5675074586384594,,,,,,,,,,,,,,,,,,,,,,
Región Caribe,23,Córdoba,23001,Montería,0.323,0.3696,0.3791,0.2603,0.2522,0.2859,0.1767,0.181,0.4881,0.2377,0.0149454327311321,0.3039962160540827,0.468390207886297,0.0009632911100343,0.0078909116079462,0.0124881751690085,0.1718811287233797,0.0194446367181191,0.0184726289704888,0.5714176001966045,0.0007833459624403,0.0085451268713264,0.4007812979991398,,,,,,,,,,,,,,,,,,,,,,
Región Llano,85,Casanare,85162,Monterrey,0.95,0.1619,0.95,0.1141,0.1105,0.95,0.0774,0.6916,0.2139,0.9082,0.0124720555359454,0.0750676550182374,0.2052006118366866,0.0010589481115425,0.0127073773385104,0.0236498411577832,0.6566654900576538,0.0131780209436404,0.0203393770339377,0.2792887029288703,0.0005811250581125,0.0132496513249651,0.6865411436541143,,,,,,,,,,,,,,,,,,,,,,
Región Caribe,23,Córdoba,23500,Moñitos,0.209,0.3594,0.2453,0.2532,0.2452,0.1849,0.1718,0.1171,0.4747,0.1538,0.0126757028112449,0.379894578313253,0.4554467871485944,0.0026355421686746,0.0041415662650602,0.0126757028112449,0.1111947791164658,0.0213353413654618,0.0115886045388701,0.5265089328826654,0.0010622887493964,0.0042491549975857,0.4565910188314824,,,,,,,,,,,,,,,,,,,,,,
Región Caribe,13,Bolívar,13473,Morales,0.7931,0.1859,0.9308,0.131,0.1269,0.7018,0.0889,0.4444,0.2456,0.5836,0.0094260225551254,0.2178084497559333,0.235650563878135,0.0028614711328059,0.0069011950850025,0.0935869382258879,0.4219828311732032,0.0117825281939067,0.0068595287801968,0.2716969877721443,0.0004473605726215,0.0052192066805845,0.7157769161944527,,,,,,,,,,,,,,,,,,,,,,
Región Pacífico,19,Cauca,19473,Morales,0.2507,0.4484,0.2942,0.3158,0.306,0.2218,0.2143,0.1405,0.5922,0.1844,0.0248843187660668,0.1605141388174807,0.5682262210796916,0.0053470437017994,0.0199485861182519,0.0582005141388174,0.1333676092544987,0.0295115681233933,0.0322235688315391,0.6914521993298638,0.0029942254223996,0.0216724887716546,0.2516575176445427,,,,,,,,,,,,,,,,,,,,,,
Región Centro Sur,18,Caquetá,18479,Morelia,0.95,0.1599,0.95,0.1127,0.1091,0.9018,0.0765,0.5711,0.2113,0.7499,0.0157657657657657,0.1998873873873874,0.2027027027027027,0.0011261261261261,0.0129504504504504,0.0112612612612612,0.5422297297297297,0.0140765765765765,0.0181017612524461,0.2534246575342466,0.0029354207436399,0.0088062622309197,0.7167318982387475,,,,,,,,,,,,,,,,,,,,,,
Región Llano,94,Guainía,94888,Morichal,0.12,0.6212,0.1408,0.4376,0.4239,0.1062,0.2969,0.0672,0.8204,0.0883,0.0212765957446808,0.0425531914893617,0.7872340425531915,,,0.0425531914893617,0.0638297872340425,0.0425531914893617,0.015625,0.765625,,,0.21875,,,,,,,,,,,,,,,,,,,,,,
Región Caribe,70,Sucre,70473,Morroa,0.1924,0.4711,0.2258,0.3319,0.3215,0.1702,0.2252,0.1078,0.6222,0.1415,0.0126446379577716,0.2462125730645353,0.5970416318740308,0.0011928903733746,0.0082309435762853,0.0187283788619825,0.1023499940355481,0.0135989502564714,0.0127741111347668,0.6935277836917181,0.0008516074089844,0.0086225250159676,0.2842239727485629,,,,,,,,,,,,,,,,,,,,,,
Región Centro Oriente,25,Cundinamarca,25473,Mosquera,0.6444,0.3328,0.7563,0.2344,0.2271,0.5702,0.1591,0.3611,0.4395,0.4742,0.0217728890326755,0.124894856033646,0.4217567130378518,0.000452927855063,0.014073115496603,0.0205435134260757,0.3428663862827564,0.0536395988353283,0.0287189883193358,0.5442932071950317,0.0004504939344209,0.0162499597773272,0.4102873507738842,,,,,,,,,,,,,,,,,,,,,,
Región Pacífico,52,Nariño,52473,Mosquera,0.0529,0.7101,0.0621,0.5002,0.4846,0.0468,0.3394,0.0297,0.9379,0.0389,0.0097323600973236,0.0337156760514424,0.899895724713243,0.0024330900243309,0.0086896072297532,0.0079944386513729,0.0281543274244004,0.0093847758081334,0.0075346594333936,0.9454490657022304,0.0012055455093429,0.0057263411693791,0.040084388185654,,,,,,,,,,,,,,,,,,,,,,
Región Centro Oriente,15,Boyacá,15476,Motavita,0.95,0.3092,0.95,0.2178,0.211,0.8711,0.1478,0.5517,0.4083,0.7244,0.0102379634753735,0.0381848367459878,0.3918096292197011,0.0008301051466519,0.009131156613171,0.0066408411732152,0.5237963475373547,0.0193691200885445,0.0138284250960307,0.4878361075544174,0.0005121638924455,0.0128040973111395,0.4850192061459667,,,,,,,,,,,,,,,,,,,,,,
Región Centro Sur,73,Tolima,73461,Murillo,0.6798,0.2354,0.7978,0.1658,0.1606,0.6016,0.1125,0.381,0.3109,0.5002,0.0179257362355953,0.2592829705505762,0.2983354673495518,0.0076824583866837,0.02752880921895,0.0051216389244558,0.3617157490396927,0.0224071702944942,0.0216647662485746,0.3683010262257696,0.0045610034207525,0.0239452679589509,0.5815279361459521,,,,,,,,,,,,,,,,,,,,,,
Región Eje Cafetero - Antioquia,5,Antioquia,05475,Murindó,0.0427,0.6823,0.0501,0.4806,0.4656,0.0378,0.3261,0.0239,0.9011,0.0314,0.0104803493449781,0.0620087336244541,0.8646288209606987,0.005240174672489,0.0017467248908296,0.016593886462882,0.022707423580786,0.016593886462882,0.0079840319361277,0.918829008649368,0.0039920159680638,0.0026613439787092,0.0665335994677312,,,,,,,,,,,,,,,,,,,,,,
Región Eje Cafetero - Antioquia,5,Antioquia,05480,Mutatá,0.5807,0.3209,0.6815,0.226,0.219,0.5139,0.1534,0.3254,0.4238,0.4273,0.0148088853311987,0.2195317190314188,0.4066439863918351,0.0020012007204322,0.0100060036021612,0.0132079247548529,0.3089853912347408,0.02481488893336,0.0165122156697556,0.5159224936815501,0.0020219039595619,0.0101095197978096,0.4554338668913226,,,,,,,,,,,,,,,,,,,,,,
Región Centro Oriente,54,Norte de Santander,54480,Mutiscua,0.95,0.0344,0.95,0.0242,0.0235,0.95,0.0164,0.8828,0.0454,0.95,0.0085127691537305,0.085628442663996,0.043565348022033,0.0025037556334501,0.0030045067601402,0.0050075112669003,0.8382573860791187,0.0135202804206309,0.0081669691470054,0.058076225045372,0.0013611615245009,0.0040834845735027,0.9283121597096188,,,,,,,,,,,,,,,,,,,,,,
Región Centro Oriente,15,Boyacá,15480,Muzo,0.95,0.1465,0.95,0.1032,0.1,0.95,0.07,0.7267,0.1935,0.95,0.0098497906919477,0.0682098005417384,0.1856685545432159,0.003201181974883,0.0103422802265451,0.0199458261511942,0.6899778379709431,0.0128047278995321,0.0148114901256732,0.2450628366247755,0.0020197486535008,0.0112208258527827,0.7268850987432675,,,,,,,,,,,,,,,,,,,,,,
Región Eje Cafetero - Antioquia,5,Antioquia,05483,Nariño,0.3801,0.0564,0.4461,0.0398,0.0385,0.3364,0.027,0.213,0.0745,0.2797,0.0209709853490376,0.6388968687158862,0.0715311692042516,0.0051709278942832,0.0080436656133295,0.0094800344728526,0.202240735420856,0.043665613329503,0.0163721413721413,0.1068087318087318,0.0033783783783783,0.007016632016632,0.8664241164241164,,,,,,,,,,,,,,,,,,,,,,
Región Centro Oriente,25,Cundinamarca,25483,Nariño,0.637,0.2746,0.7475,0.1934,0.1874,0.5637,0.1312,0.3569,0.3627,0.4687,0.00976290097629,0.2608089260808926,0.3479776847977684,,0.004881450488145,0.00836820083682,0.3389121338912134,0.0292887029288702,0.0107731305449936,0.4372623574144487,0.0006337135614702,0.0038022813688212,0.5475285171102662,,,,,,,,,,,,,,,,,,,,,,
Región Pacífico,52,Nariño,52480,Nariño,0.2474,0.5164,0.2903,0.3638,0.3524,0.2189,0.2468,0.1386,0.6821,0.182,0.0163291966035271,0.1401045068582625,0.6544741998693664,0.0026126714565643,0.0202482037883736,0.0065316786414108,0.1316133246244284,0.0280862181580666,0.0155261644623346,0.7800460034502588,0.0017251293847038,0.0218516388729154,0.1808510638297872,,,,,,,,,,,,,,,,,,,,,,
Región Centro Sur,41,Huila,41483,Nátaga,0.782,0.2281,0.9178,0.1607,0.1557,0.692,0.109,0.4382,0.3013,0.5755,0.018896447467876,0.2392290249433106,0.2891156462585034,0.0022675736961451,0.0147392290249433,0.0045351473922902,0.4160997732426303,0.0151171579743008,0.0187702265372168,0.3553398058252427,0.001294498381877,0.0129449838187702,0.6116504854368932,,,,,,,,,,,,,,,,,,,,,,
Región Centro Sur,73,Tolima,73483,Natagaima,0.4471,0.3595,0.5247,0.2532,0.2453,0.3956,0.1718,0.2505,0.4748,0.329,0.0126050420168067,0.2552182163187855,0.4555435077256709,0.0018975332068311,0.0113851992409867,0.0081322851721333,0.237869341284901,0.0173488750338845,0.0107922492028452,0.5246504782928624,0.0015943095413294,0.0104243316163845,0.4525386313465783,,,,,,,,,,,,,,,,,,,,,,
Región Eje Cafetero - Antioquia,5,Antioquia,05495,Nechí,0.4557,0.2724,0.5348,0.1919,0.1859,0.4033,0.1302,0.2554,0.3598,0.3354,0.0132774283717679,0.3186582809224318,0.3452131376659678,0.0024458420684835,0.0090845562543675,0.0478686233403214,0.2424877707896575,0.020964360587002,0.0149405279953582,0.3800406150275602,0.0024659123875834,0.0065274151436031,0.5960255294458949,,,,,,,,,,,,,,,,,,,,,,
Región Eje Cafetero - Antioquia,5,Antioquia,05490,Necoclí,0.5401,0.2743,0.6338,0.1932,0.1872,0.4779,0.1311,0.3027,0.3622,0.3974,0.0187535364966453,0.2791205238056745,0.3475870988602376,0.0040417104518632,0.0144693234176703,0.0192385417508689,0.2873656131274755,0.0294236520895643,0.0221701399885982,0.4027997719642744,0.0032305061126243,0.0121619053651738,0.5596376765693292,,,,,,,,,,,,,,,,,,,,,,
Región Eje Cafetero - Antioquia,17,Caldas,17486,Neira,0.6596,0.1562,0.7741,0.11,0.1066,0.5837,0.0747,0.3696,0.2063,0.4854,0.0172238170200944,0.3316047782202055,0.1979812945643115,0.0044448560051856,0.0264839336975645,0.0131493656820075,0.3509584220761181,0.0581535327345124,0.0267976775346136,0.2836087539079946,0.0042876284055381,0.0268870031263957,0.6584189370254578,,,,,,,,,,,,,,,,,,,,,,
Región Centro Sur,41,Huila,41001,Neiva,0.609,0.3118,0.7147,0.2197,0.2128,0.5389,0.1491,0.3413,0.4119,0.4481,0.0154444150557171,0.2106903412031233,0.3951895764573295,0.0006267465528939,0.0104189426958151,0.0173879043665259,0.3240222178778016,0.0262198557907931,0.0201552902742193,0.4905069310032333,0.0005538089750618,0.0126592900057059,0.4761246797417796,,,,,,,,,,,,,,,,,,high,0.0,0.0,0.0,1.0
Región Centro Oriente,25,Cundinamarca,25486,Nemocón,0.95,0.2332,0.95,0.1643,0.1591,0.9377,0.1115,0.5938,0.308,0.7797,0.0144077521356623,0.0648986357261252,0.2955501721280122,0.0010200178503123,0.021675379319138,0.0123677164350376,0.5638148667601683,0.0262654596455437,0.0211553078287306,0.390549784646567,0.0011401064099315,0.0234355206485938,0.5637192804661768,,,,,,,,,,,,,,,,,,,,,,
Región Centro Oriente,25,Cundinamarca,25488,Nilo,0.9061,0.1819,0.95,0.1282,0.1242,0.8018,0.087,0.5077,0.2403,0.6667,0.0128093158660844,0.2131004366812227,0.2305676855895196,0.0011644832605531,0.0098981077147016,0.022707423580786,0.4820960698689956,0.0276564774381368,0.0164942689404528,0.3058428850992452,0.0011182555213866,0.009784735812133,0.6667598546267822,,,,,,,,,,,,,,,,,,,,,,
Región Centro Oriente,25,Cundinamarca,25489,Nimaima,0.95,0.1116,0.95,0.0786,0.0762,0.95,0.0534,0.6891,0.1474,0.9048,0.0079106561191251,0.1465798045602606,0.1414611447184737,0.0013959981386691,0.0060493252675663,0.0102373196835737,0.654257794322941,0.0321079571893904,0.0078341013824884,0.1857142857142857,0.0013824884792626,0.0036866359447004,0.8013824884792626,,,,,,,,,,,,,,,,,,,,,,
Región Centro Oriente,15,Boyacá,15491,Nobsa,0.634,0.4086,0.7441,0.2878,0.2788,0.561,0.1953,0.3553,0.5397,0.4665,0.0135063277677337,0.0646602148250558,0.5178134637881527,0.0007444432627884,0.0103158566414973,0.0089333191534616,0.3373391470807189,0.0466872274805913,0.0195426195426195,0.6412681912681912,0.0002079002079002,0.01008316008316,0.3288981288981289,,,,,,,,,,,,,,,,,,,,,,
Región Centro Oriente,25,Cundinamarca,25491,Nocaima,0.95,0.2109,0.95,0.1486,0.1439,0.888,0.1008,0.5623,0.2785,0.7384,0.0137518684603886,0.1414050822122571,0.2672645739910314,0.0011958146487294,0.0080717488789237,0.0059790732436472,0.533931240657698,0.0284005979073243,0.0149640287769784,0.3381294964028777,0.0020143884892086,0.0071942446043165,0.6376978417266187,,,,,,,,,,,,,,,,,,,,,,
Región Eje Cafetero - Antioquia,17,Caldas,17495,Norcasia,0.95,0.1864,0.95,0.1313,0.1272,0.9187,0.0891,0.5818,0.2462,0.7639,0.015056461731493,0.1436637390213299,0.236198243412798,0.004077791718946,0.0163111668757841,0.0134880803011292,0.5523839397741531,0.0188205771643663,0.0188905547226386,0.3022488755622189,0.0038980509745127,0.0227886056971514,0.6521739130434783,,,,,,,,,,,,,,,,,,,,,,
Región Caribe,13,Bolívar,13490,Norosí,0.5539,0.4265,0.65,0.3004,0.2911,0.4901,0.2039,0.3104,0.5633,0.4076,0.014735432016075,0.0977896851975887,0.5405224380442063,0.0026791694574681,0.0093770931011386,0.0241125251172136,0.2947086403215003,0.0160750167448091,0.0115546218487394,0.6271008403361344,0.0010504201680672,0.0063025210084033,0.3539915966386555,,,,,,,,,,,,,,,,,,,,,,
Región Pacífico,27,Chocó,27491,Nóvita,0.1279,0.488,0.1501,0.3437,0.333,0.1131,0.2332,0.0716,0.6445,0.0941,0.027621483375959,0.1406649616368286,0.6184143222506394,0.0127877237851662,0.0352941176470588,0.0296675191815856,0.0680306905370844,0.0675191815856777,0.0228105906313645,0.7230142566191446,0.0057026476578411,0.020366598778004,0.2281059063136456,,,,,,,,,,,,,,,,,,,,,,
Región Caribe,47,Magdalena,47460,Nueva Granada,0.3735,0.2853,0.4383,0.2009,0.1947,0.3305,0.1364,0.2093,0.3768,0.2748,0.0126523684616571,0.39114334207684,0.3615182842153988,0.0010800802345317,0.0069433729362752,0.0132695571671038,0.1987347631538343,0.0146582317543588,0.0127642053252813,0.4626681306615426,0.0005489980785067,0.0057644798243206,0.5182541861103486,,,,,,,,,,,,,,,,,,,,,,
Región Centro Oriente,15,Boyacá,15494,Nuevo Colón,0.95,0.2254,0.95,0.1588,0.1538,0.95,0.1077,0.6114,0.2977,0.8029,0.0110578695171396,0.0799852561739771,0.2856616291927755,0.0003685956505713,0.0095834869148544,0.0081091043125691,0.5805381496498341,0.0246959085882786,0.0174945329584504,0.3552014995313964,0.000624804748516,0.0115588878475476,0.6151202749140894,,,,,,,,,,,,,,,,,,,,,,
Región Llano,85,Casanare,85225,Nunchía,0.95,0.0915,0.95,0.0645,0.0625,0.95,0.0437,0.7714,0.1209,0.95,0.0076505429417571,0.1201875616979269,0.1159921026653504,0.0007403751233958,0.0041954590325765,0.0111056268509378,0.7324777887462981,0.0076505429417571,0.0110559566787003,0.1394404332129964,0.0020306859205776,0.0049638989169675,0.8425090252707581,,,,,,,,,,,,,,,,,,,,,,
Región Pacífico,27,Chocó,27495,Nuquí,0.1053,0.6594,0.1236,0.4645,0.45,0.0932,0.3152,0.059,0.8709,0.0775,0.0120331950207468,0.0614107883817427,0.8356846473029046,0.0049792531120331,0.0041493775933609,0.0074688796680497,0.0560165975103734,0.0182572614107883,0.0080815179198875,0.8865073787772312,0.0038650737877723,0.0049191848208011,0.0966268446943078,,,,,,,,,,,,,,,,,,,,,,
Región Pacífico,76,Valle del Cauca,76497,Obando,0.4173,0.3486,0.4898,0.2455,0.2379,0.3693,0.1666,0.2339,0.4604,0.3071,0.0194174757281553,0.2547644732110751,0.441747572815534,0.0035958288385472,0.0293060050341603,0.0073714491190219,0.2220424307802948,0.021754764473211,0.0163993512344566,0.5707334654892774,0.0023427644620652,0.0254099837808614,0.3851144350333393,,,,,,,,,,,,,,,,,,,,,,
Región Centro Oriente,68,Santander,68498,Ocamonte,0.95,0.0554,0.95,0.039,0.0378,0.95,0.0265,0.8837,0.0731,0.95,0.0078799249530956,0.0660412757973733,0.0701688555347092,0.0003752345215759,0.0045028142589118,0.0060037523452157,0.8390243902439024,0.0060037523452157,0.0088235294117647,0.0900735294117647,0.0011029411764705,0.0014705882352941,0.8985294117647059,,,,,,,,,,,,,,,,,,,,,,
Región Centro Oriente,54,Norte de Santander,54498,Ocaña,0.95,0.1693,0.95,0.1193,0.1155,0.95,0.0809,0.6453,0.2236,0.8474,0.0098007904507165,0.1327997125633757,0.2145794243283165,0.0006187871771328,0.0067667371950976,0.0077647810291828,0.6127190706215817,0.0149506966345961,0.0141994760621132,0.2773263981168609,0.0006264474733285,0.0094156953566953,0.698431982991002,,,,,,,,,,,,,,,,,,,,,,
Región Centro Oriente,68,Santander,68500,Oiba,0.95,0.0908,0.95,0.064,0.062,0.95,0.0434,0.8424,0.12,0.95,0.0027481409634658,0.0599741351438732,0.1150986097639831,0.001454898157129,0.0046880051729712,0.0108309085030714,0.7998706757193663,0.0053346265761396,0.0067974663988876,0.1376486945774756,0.0007724393635099,0.0049436119264637,0.8498377877336629,,,,,,,,,,,,,,,,,,,,,,
Región Centro Oriente,15,Boyacá,15500,Oicatá,0.95,0.2566,0.95,0.1807,0.1751,0.8629,0.1226,0.5464,0.3389,0.7175,0.0087288597926895,0.0921985815602836,0.3251500272776868,0.000545553737043,0.0098199672667757,0.0076377523186033,0.5188216039279869,0.0370976541189307,0.0155359917141377,0.4282755049197307,,0.0139823925427239,0.5422061108234075,,,,,,,,,,,,,,,,,,,,,,
Región Eje Cafetero - Antioquia,5,Antioquia,05501,Olaya,0.5666,0.0845,0.665,0.0595,0.0576,0.5014,0.0404,0.3175,0.1116,0.417,0.018970189701897,0.5203252032520326,0.1070460704607046,0.0020325203252032,0.0060975609756097,0.005420054200542,0.301490514905149,0.0386178861788617,0.0175544794188861,0.1392251815980629,0.0006053268765133,0.0042372881355932,0.8383777239709443,,,,,,,,,,,,,,,,,,,,,,
Región Pacífico,52,Nariño,52490,Olaya Herrera,0.08,0.6262,0.0939,0.4411,0.4273,0.0708,0.2993,0.0448,0.8271,0.0589,0.017416325912464,0.0631531122217174,0.7935786763592306,0.0065121914281387,0.0268059972739663,0.0325609571406936,0.0425564137513251,0.017416325912464,0.0131139110311133,0.8857032656209822,0.0020570840833119,0.0195422987914631,0.0795834404731293,,,,,,,,,,,,,,,,,,,,,,
Región Centro Oriente,68,Santander,68502,Onzaga,0.95,0.0508,0.95,0.0358,0.0346,0.95,0.0243,0.898,0.067,0.95,0.0041058394160583,0.0538321167883211,0.0643248175182481,0.0018248175182481,0.0054744525547445,0.0132299270072992,0.8526459854014599,0.0045620437956204,0.0051063829787234,0.0791489361702127,0.0038297872340425,0.0038297872340425,0.9080851063829788,,,,,,,,,,,,,,,,,,,,,,
Región Centro Sur,41,Huila,41503,Oporapa,0.95,0.1042,0.95,0.0734,0.0711,0.95,0.0498,0.7046,0.1377,0.9253,0.0099029510794216,0.1596355714002773,0.132105367399485,0.0007922360863537,0.0081204198851257,0.0061398296692414,0.6690433749257279,0.0142602495543672,0.0149466192170818,0.1743772241992882,0.0010676156583629,0.0080071174377224,0.8016014234875445,,,,,,,,,,,,,,,,,,,,,,
Región Centro Sur,86,Putumayo,86320,Orito,0.1451,0.656,0.1703,0.4621,0.4477,0.1284,0.3136,0.0813,0.8664,0.1068,0.0105469708118714,0.0511405445180279,0.8313711062055433,0.0015943095413294,0.0091366200637723,0.0068064753495217,0.0772013735589894,0.0122025999509443,0.0103132371495967,0.8882549783312305,0.0008777223106039,0.0086126501728015,0.0919414120357671,,,,,,,,,,,,,,,,,,,,,,
Región Llano,85,Casanare,85230,Orocué,0.95,0.1635,0.95,0.1152,0.1116,0.95,0.0782,0.6739,0.216,0.8849,0.0152635344621989,0.1080372048652516,0.2072501788695444,0.0019079418077748,0.008347245409015,0.0088242308609587,0.6398759837824947,0.0104936799427617,0.0112260620735197,0.2372881355932203,0.0011005943209333,0.0074840413823464,0.7429011666299802,,,,,,,,,,,,,,,,,,,,,,
Región Centro Sur,73,Tolima,73504,Ortega,0.6589,0.2377,0.7733,0.1675,0.1622,0.5831,0.1136,0.3692,0.314,0.4849,0.012565445026178,0.2747263207996192,0.3012851023322228,0.0056163731556401,0.0169443122322703,0.0123750594954783,0.3505949547834364,0.0258924321751546,0.0126391562735414,0.35766301163472,0.0034318238888423,0.0109650958399598,0.6153009123629363,,,,,,,,,,,,,,,,,,,,,,
Región Pacífico,52,Nariño,52506,Ospina,0.3804,0.4212,0.4465,0.2967,0.2874,0.3366,0.2013,0.2132,0.5563,0.2799,0.0397727272727272,0.1704545454545454,0.5337357954545454,0.0053267045454545,0.0177556818181818,0.0092329545454545,0.2024147727272727,0.0213068181818181,0.0276195899772209,0.6930523917995444,0.0014236902050113,0.0162300683371298,0.2616742596810933,,,,,,,,,,,,,,,,,,,,,,
Región Centro Oriente,15,Boyacá,15507,Otanche,0.95,0.1093,0.95,0.077,0.0746,0.95,0.0523,0.7209,0.1444,0.9467,0.0101849370142053,0.139104797641383,0.1385687483248459,0.0005360493165371,0.0050924685071026,0.0099169123559367,0.684534977217904,0.0120611096220852,0.0084012849023968,0.1744502100321225,0.0007412898443291,0.0049419322955275,0.8114652829256239,,,,,,,,,,,,,,,,,,,,,,
Región Caribe,70,Sucre,70508,Ovejas,0.146,0.4866,0.1713,0.3427,0.332,0.1292,0.2326,0.0818,0.6426,0.1074,0.0094299185597942,0.2569224174882126,0.6166309472781826,0.001800257179597,0.0071153021860265,0.0128589798542648,0.0776682383197599,0.017573939134162,0.0101162615129095,0.6829986410991997,0.0007549448890231,0.0055865921787709,0.3005435603200966,,,,,,,,,,,,,,,,,,,,,,
Región Centro Oriente,15,Boyacá,15511,Pachavita,0.95,0.1526,0.95,0.1075,0.1041,0.95,0.0729,0.6082,0.2015,0.7987,0.0136286201022146,0.1737649063032368,0.1933560477001703,0.0008517887563884,0.0034071550255536,0.0102214650766609,0.5775127768313458,0.0272572402044293,0.0135644310474755,0.2207987942727957,0.0007535795026375,0.0075357950263752,0.7573474001507159,,,,,,,,,,,,,,,,,,,,,,
Región Centro Oriente,25,Cundinamarca,25513,Pacho,0.95,0.1301,0.95,0.0916,0.0888,0.95,0.0622,0.602,0.1718,0.7905,0.0147525263701408,0.2135428192077893,0.1648594821863244,0.0008851515822084,0.0062698237073098,0.0053846721251014,0.5715866342111087,0.0227188906100169,0.0177920685959271,0.2218649517684887,0.0004287245444801,0.0072168631654162,0.7526973919256877,,,,,,,,,,,,,,,,,,,,,,
Región Llano,97,Vaupés,97511,Pacoa,0.0752,0.6123,0.0882,0.4313,0.4178,0.0665,0.2927,0.0421,0.8087,0.0553,0.02,0.072,0.776,0.012,0.02,0.048,0.04,0.012,0.0336134453781512,0.8613445378151261,0.0084033613445378,0.0084033613445378,0.088235294117647,,,,,,,,,,,,,,,,,,,,,,
Región Eje Cafetero - Antioquia,17,Caldas,17513,Pácora,0.6565,0.0891,0.7705,0.0627,0.0608,0.581,0.0426,0.3679,0.1177,0.4831,0.0210035005834305,0.4183197199533255,0.1128938156359393,0.0074387397899649,0.0306301050175029,0.0150233372228704,0.3493290548424737,0.0453617269544924,0.0289156626506024,0.1879518072289156,0.0042523033309709,0.025797306874557,0.7530829199149539,,,,,,,,,,,,,,,,,,,,,,
Región Pacífico,19,Cauca,19513,Padilla,0.0974,0.5859,0.1143,0.4127,0.3998,0.0862,0.28,0.0546,0.7738,0.0717,0.0260344026034402,0.0871687587168758,0.7424453742445374,0.00325430032543,0.0520688052068805,0.0199907019990702,0.0518363551836355,0.0172013017201301,0.0179926295252547,0.8215911554303057,0.0019510080208107,0.030999349663993,0.1274658573596358,,,,,,,,,,,,,,,,,,,,,,
Región Centro Oriente,15,Boyacá,15514,Páez,0.95,0.122,0.95,0.0859,0.0832,0.95,0.0583,0.7404,0.1611,0.95,0.0121872995509942,0.0711994868505452,0.1545862732520846,0.0006414368184733,0.0038486209108402,0.0359204618345093,0.7030147530468249,0.018601667735728,0.0237131289762868,0.2024291497975708,0.0011567379988432,0.0052053209947946,0.7674956622325043,,,,,,,,,,,,,,,,,,,,,,
Región Pacífico,19,Cauca,19517,Páez,0.1894,0.6027,0.2223,0.4246,0.4113,0.1676,0.2881,0.1061,0.7961,0.1394,0.0125970664365832,0.0755823986194995,0.7638481449525453,0.0056082830025884,0.0199309749784296,0.0096635030198446,0.100776531492666,0.0119930974978429,0.0128073770491803,0.8180620608899297,0.002927400468384,0.0160275175644028,0.150175644028103,,,,,,,,,,,,,,,,,,,,,,
Región Centro Sur,41,Huila,41518,Paicol,0.95,0.1352,0.95,0.0953,0.0923,0.95,0.0646,0.6092,0.1786,0.8,0.0110361741263028,0.2124463519313304,0.1713672593500919,0.0003065603923973,0.0045984058859595,0.0039852851011649,0.5784794604537093,0.0177805027590435,0.0165916760404949,0.2215973003374578,0.0014060742407199,0.0081552305961754,0.7522497187851519,,,,,,,,,,,,,,,,,,,,,,
Región Caribe,20,Cesar,20517,Pailitas,0.9106,0.2673,0.95,0.1883,0.1824,0.8058,0.1278,0.5103,0.353,0.6701,0.0060438176781667,0.0781918912112818,0.338705615713926,0.0013850415512465,0.0100730294636111,0.0710148577184588,0.4845127171996978,0.0100730294636111,0.0105142857142857,0.4105142857142857,0.0003428571428571,0.0104,0.5682285714285714,,,,,,,,,,,,,,,,,,,,,,
Región Centro Oriente,25,Cundinamarca,25518,Paime,0.95,0.1246,0.95,0.0878,0.0851,0.929,0.0596,0.5883,0.1646,0.7725,0.0065818341377797,0.2413339183852567,0.1579640193067134,0.0013163668275559,0.0078982009653356,0.0096533567354102,0.5585783238262396,0.0166739798157086,0.0108695652173913,0.2012882447665056,0.001207729468599,0.0040257648953301,0.782608695652174,,,,,,,,,,,,,,,,,,,,,,
Región Centro Oriente,15,Boyacá,15516,Paipa,0.8906,0.2795,0.95,0.1969,0.1907,0.7881,0.1336,0.4991,0.3692,0.6553,0.0143496374016355,0.0981330041660237,0.3542148845342797,0.0005657563133261,0.0079205883865658,0.0077148588180836,0.4738466286066965,0.0432546417733888,0.0188892714840867,0.4576221161886959,0.0006886713561906,0.0099365438536081,0.5128633971174185,,,,,,,,,,,,,,,,,,,,,,
Región Centro Oriente,15,Boyacá,15518,Pajarito,0.95,0.1216,0.95,0.0857,0.083,0.95,0.0581,0.8037,0.1606,0.95,0.011417697431018,0.0418648905803996,0.154138915318744,,0.0009514747859181,0.0123691722169362,0.7630827783063748,0.0161750713606089,0.0158311345646438,0.1978891820580474,,0.001759014951627,0.7845206684256816,,,,,,,,,,,,,,,,,,,,,,
Región Centro Sur,41,Huila,41524,Palermo,0.9335,0.2218,0.95,0.1563,0.1514,0.8261,0.106,0.5231,0.293,0.6869,0.0113241858158373,0.17920317407836,0.281120846420896,0.0006612663250123,0.0073565878657629,0.0095057034220532,0.496693668374938,0.01413456769714,0.0156987085298894,0.3432835820895522,0.0006960018560049,0.0072693527182739,0.6330523548062795,,,,,,,,,,,,,,,,,,,,,,
Región Eje Cafetero - Antioquia,17,Caldas,17524,Palestina,0.5445,0.2919,0.639,0.2056,0.1992,0.4818,0.1395,0.3051,0.3856,0.4007,0.018642146366041,0.2473863206953016,0.3699458370071797,0.0032749716588991,0.0296007053785111,0.0151152538103035,0.2897090313641516,0.026325733719612,0.0214396933764522,0.4816145646185172,0.0023954964666427,0.0244340639597556,0.4701161815786321,,,,,,,,,,,,,,,,,,,,,,
Región Centro Sur,41,Huila,41530,Palestina,0.95,0.1982,0.95,0.1396,0.1353,0.95,0.0947,0.6084,0.2618,0.799,0.0127071823204419,0.1270718232044199,0.2511970534069981,0.0023941068139963,0.0108655616942909,0.0079189686924493,0.5777163904235727,0.0101289134438305,0.015088708340242,0.3216713646161498,0.0011606698723263,0.0122699386503067,0.649809318520975,,,,,,,,,,,,,,,,,,,,,,
Región Centro Oriente,68,Santander,68522,Palmar,0.95,0.0716,0.95,0.0504,0.0488,0.95,0.0342,0.8017,0.0945,0.95,0.0020855057351407,0.1053180396246089,0.0907194994786235,,0.0052137643378519,0.0333680917622523,0.7612095933263816,0.0020855057351407,0.005736137667304,0.1042065009560229,0.0009560229445506,0.0047801147227533,0.884321223709369,,,,,,,,,,,,,,,,,,,,,,
Región Caribe,8,Atlántico,08520,Palmar de Varela,0.1313,0.5032,0.1541,0.3544,0.3434,0.1162,0.2405,0.0736,0.6646,0.0966,0.0168701002282425,0.2448149250769078,0.6376897886275678,0.0021831894413019,0.005656445370646,0.0099235883695544,0.0698620621216632,0.0129999007641163,0.0125579435313948,0.7785924989464812,0.0010956595027391,0.005394016013485,0.2023598820058997,,,,,,,,,,,,,,,,,,,,,,
Región Centro Oriente,68,Santander,68524,Palmas del Socorro,0.95,0.0531,0.95,0.0374,0.0362,0.95,0.0254,0.8369,0.0701,0.95,0.0054512416717141,0.1108419139915203,0.0672319806178073,0.0042398546335554,0.003634161114476,0.0054512416717141,0.7946698970321018,0.0084797092671108,0.005099150141643,0.0855524079320113,0.001699716713881,0.0039660056657223,0.9036827195467422,,,,,,,,,,,,,,,,,,,,,,
Región Pacífico,76,Valle del Cauca,76520,Palmira,0.3053,0.4293,0.3583,0.3024,0.293,0.2701,0.2052,0.1711,0.567,0.2246,0.0243619186805156,0.1857743097238895,0.5440524035701237,0.0012722480296466,0.0166697113628059,0.0219022391565321,0.1624236651182212,0.043543504358265,0.0244537331364353,0.6560959126974195,0.0007008234675743,0.0148174104572873,0.3039321202412835,,,,,,,,,,,,,,,,,,,,,,
Región Caribe,70,Sucre,70523,Palmito,0.2004,0.3927,0.2351,0.2766,0.268,0.1773,0.1877,0.1123,0.5187,0.1474,0.0091558038485412,0.3499379267535692,0.4976722532588454,0.0021725636250775,0.0062073246430788,0.0119490999379267,0.1066108007448789,0.0162942271880819,0.0112006556481355,0.6176751809862041,0.0025952738696899,0.0053271411009424,0.363201748395028,,,,,,,,,,,,,,,,,,,,,,
Región Centro Sur,73,Tolima,73520,Palocabildo,0.95,0.1959,0.95,0.138,0.1337,0.8818,0.0936,0.5584,0.2588,0.7333,0.0194690265486725,0.1544879898862199,0.2482932996207332,0.002275600505689,0.011378002528445,0.0197218710493046,0.5302149178255373,0.0141592920353982,0.0194909424443934,0.2999312084384316,0.0020637468470534,0.0096308186195826,0.6688832836505388,,,,,,,,,,,,,,,,,,,,,,
Región Centro Oriente,54,Norte de Santander,54518,Pamplona,0.95,0.2011,0.95,0.1417,0.1372,0.8815,0.0961,0.5582,0.2656,0.733,0.0179040852575488,0.1430195381882771,0.2548845470692717,0.000817051509769,0.0107637655417406,0.016234458259325,0.5300177619893428,0.0263587921847246,0.0233242277789451,0.323247180780276,0.000630384534566,0.0115220284373467,0.641276178468866,,,,,,,,,,,,,,,,,,,,,,
Región Centro Oriente,54,Norte de Santander,54520,Pamplonita,0.95,0.049,0.95,0.0345,0.0334,0.95,0.0234,0.7228,0.0647,0.9492,0.0102284350494374,0.2072962836685987,0.0620525059665871,0.0013637913399249,0.0085236958745311,0.0102284350494374,0.686327991817252,0.0139788612342311,0.0141661300708306,0.0872504829362524,0.0016097875080489,0.0067611075338055,0.8902124919510624,,,,,,,,,,,,,,,,,,,,,,
Región Llano,94,Guainía,94887,Pana Pana,0.2848,0.44,0.3342,0.3099,0.3002,0.252,0.2103,0.1596,0.5811,0.2095,0.0181818181818181,0.1272727272727272,0.5575757575757576,,0.006060606060606,0.0181818181818181,0.1515151515151515,0.1212121212121212,0.0235294117647058,0.4705882352941176,,0.0058823529411764,0.5,,,,,,,,,,,,,,,,,,,,,,
Región Centro Oriente,25,Cundinamarca,25524,Pandi,0.95,0.2334,0.95,0.1644,0.1593,0.9079,0.1116,0.575,0.3083,0.755,0.009145129224652,0.1057654075546719,0.2958250497017892,0.0027833001988071,0.0087475149105367,0.0063618290258449,0.5459244532803181,0.0254473161033797,0.0084130019120458,0.3598470363288719,,0.0076481835564053,0.6240917782026769,,,,,,,,,,,,,,,,,,,,,,
Región Centro Oriente,15,Boyacá,15522,Panqueba,0.95,0.1025,0.95,0.0722,0.0699,0.95,0.049,0.7362,0.1353,0.95,0.0084951456310679,0.1298543689320388,0.1298543689320388,0.0012135922330097,0.0072815533980582,0.0084951456310679,0.6990291262135923,0.0157766990291262,0.015200868621064,0.1780673181324647,0.002171552660152,0.00542888165038,0.7991313789359392,,,,,,,,,,,,,,,,,,,,,,
Región Llano,97,Vaupés,97777,Papunaua,0.0723,0.6272,0.0848,0.4418,0.428,0.064,0.2998,0.0405,0.8284,0.0532,,0.0384615384615384,0.7948717948717948,,,0.0256410256410256,0.0384615384615384,0.1025641025641025,,0.8840579710144928,,,0.1159420289855072,,,,,,,,,,,,,,,,,,,,,,
Región Centro Oriente,68,Santander,68533,Páramo,0.95,0.0698,0.95,0.0492,0.0476,0.95,0.0334,0.8826,0.0922,0.95,0.0072806698216235,0.0531488896978522,0.0884601383327266,0.0007280669821623,0.0029122679286494,0.0040043684018929,0.8380050964688751,0.0054605023662176,0.0058539944903581,0.0977961432506887,0.0003443526170798,0.0048209366391184,0.8911845730027548,,,,,,,,,,,,,,,,,,,,,,
Región Centro Oriente,25,Cundinamarca,25530,Paratebueno,0.95,0.1014,0.95,0.0714,0.0692,0.95,0.0485,0.8019,0.1339,0.95,0.0058087578194816,0.0755138516532618,0.1284629133154602,0.0006702412868632,0.0071492403932082,0.0111706881143878,0.7613941018766756,0.0098302055406613,0.0058848255569567,0.1649852879361076,0.0002101723413198,0.0060949978982765,0.8228247162673392,,,,,,,,,,,,,,,,,,,,,,
Región Centro Oriente,25,Cundinamarca,25535,Pasca,0.8115,0.3397,0.95,0.2393,0.2318,0.7181,0.1624,0.4547,0.4487,0.5971,0.0151422140372416,0.0795989359525271,0.4305299774913034,0.0010231225700838,0.0108450992428892,0.0098219766728054,0.4317577245754041,0.021280949457745,0.0155083285468121,0.5368562129044611,0.0009573042312847,0.012636415852958,0.434041738464484,,,,,,,,,,,,,,,,,,,,,,
Región Pacífico,52,Nariño,52001,Pasto,0.1655,0.551,0.1943,0.3881,0.376,0.1465,0.2633,0.0928,0.7277,0.1218,0.0185616134751773,0.1341775467440361,0.69821889103804,0.0008915618955512,0.013559800128949,0.0124163845905867,0.088073218891038,0.0341009832366215,0.0189382377461811,0.8092417871281942,0.0005193550885409,0.0112936953025698,0.1600069247345139,,,,,,,,,,,,,,,,,,,,,,
Región Pacífico,19,Cauca,19532,Patía,0.1462,0.5945,0.1715,0.4187,0.4056,0.1294,0.2841,0.0819,0.7851,0.1076,0.0191039499626079,0.0959276633353729,0.7533482901624855,0.0050309334421102,0.0201917193554966,0.0140050309334421,0.0777755115915426,0.014616901216942,0.0202702702702702,0.8173240808375943,0.0035914292671049,0.0193571950328707,0.1394570245921597,,,,,,,,,,,,,,,,,,,,,,
Región Centro Oriente,15,Boyacá,15531,Pauna,0.95,0.1514,0.95,0.1066,0.1033,0.95,0.0724,0.7123,0.2,0.9353,0.0089121887287024,0.0901703800786369,0.1918741808650065,0.0020969855832241,0.0065530799475753,0.0110091743119266,0.6762778505897772,0.0131061598951507,0.0100175306786877,0.2414224893563736,0.0005008765339343,0.0060105184072126,0.7420485850237917,,,,,,,,,,,,,,,,,,,,,,
Región Centro Oriente,15,Boyacá,15533,Paya,0.95,0.091,0.95,0.0641,0.0621,0.95,0.0435,0.7666,0.1201,0.95,0.0192102454642476,0.0832443970117396,0.1152614727854856,0.0032017075773745,0.007470651013874,0.0192102454642476,0.727854855923159,0.0245464247598719,0.0105465004793863,0.1639501438159156,0.0019175455417066,0.0086289549376797,0.8149568552253116,,,,,,,,,,,,,,,,,,,,,,
Región Llano,85,Casanare,85250,Paz de Ariporo,0.95,0.1317,0.95,0.0928,0.0899,0.95,0.063,0.6761,0.174,0.8878,0.0105654470749364,0.1404813148111915,0.1669601513076371,0.0017609078458227,0.0093915085110545,0.0165655775125546,0.6419487380160438,0.0123263549207591,0.011843339587242,0.1976430581613508,0.0009380863039399,0.0082082551594746,0.7813672607879925,,,,,,,,,,,,,,,,,,,,,,
Región Centro Oriente,15,Boyacá,15537,Paz de Río,0.6267,0.353,0.7355,0.2486,0.2409,0.5546,0.1687,0.3512,0.4662,0.4612,0.0132705479452054,0.1327054794520548,0.4473458904109589,0.0012842465753424,0.0115582191780821,0.0111301369863013,0.3334760273972603,0.0492294520547945,0.0152243589743589,0.5649038461538461,0.000801282051282,0.0080128205128205,0.4110576923076923,,,,,,,,,,,,,,,,,,,,,,
Región Caribe,47,Magdalena,47541,Pedraza,0.0882,0.3116,0.1035,0.2195,0.2126,0.078,0.1489,0.0494,0.4115,0.0649,0.0079978672354038,0.5099973340442548,0.3948280458544388,0.0023993601706211,0.0082644628099173,0.010397227406025,0.0469208211143695,0.0191948813649693,0.0072863766835946,0.4879664385073968,0.0013247957606535,0.0041951865754029,0.4992272024729521,,,,,,,,,,,,,,,,,,,,,,
Región Caribe,20,Cesar,20550,Pelaya,0.95,0.1748,0.95,0.1232,0.1193,0.95,0.0836,0.67,0.2309,0.8797,0.008963027511515,0.1002116270384663,0.2215859579235652,0.0014938379185858,0.0064732976472052,0.0189219469687538,0.6361259803311341,0.0062243246607743,0.0094711917916337,0.2699289660615627,0.0009020182658698,0.0060886232946217,0.7136092005863118,,,,,,,,,,,,,,,,,,,,,,
Región Eje Cafetero - Antioquia,17,Caldas,17541,Pensilvania,0.7094,0.1163,0.8326,0.0819,0.0793,0.6278,0.0556,0.3976,0.1536,0.522,0.0261538461538461,0.3919780219780219,0.1473626373626373,0.0058241758241758,0.0159340659340659,0.0075824175824175,0.3774725274725274,0.0276923076923076,0.0277897923875432,0.2229671280276816,0.0048659169550173,0.0184904844290657,0.7258866782006921,,,,,,,,,,,,,,,,,,,,,,
Región Eje Cafetero - Antioquia,5,Antioquia,05541,Peñol,0.3567,0.1186,0.4186,0.0836,0.0809,0.3156,0.0567,0.1999,0.1567,0.2625,0.0166700548892051,0.5670868062614353,0.1503354340313071,0.0024395202276885,0.0110794877007521,0.0129091278715186,0.1897743443789388,0.0497052246391543,0.0245300090479541,0.2122247913943902,0.0017090580074394,0.012265004523977,0.749271137026239,,,,,,,,,,,,,,,,,,,,,,
Región Eje Cafetero - Antioquia,5,Antioquia,05543,Peque,0.5208,0.1539,0.6112,0.1084,0.105,0.4609,0.0736,0.2919,0.2033,0.3833,0.0135605006954102,0.4269819193324061,0.1950625869262865,0.0052155771905424,0.0146036161335187,0.0114742698191933,0.2771210013908206,0.0559805285118219,0.016247700797057,0.289086450030656,0.0042918454935622,0.0088902513795217,0.681483752299203,,,,,,,,,,,,,,,,,,,,,,
Región Eje Cafetero - Antioquia,66,Risaralda,66001,Pereira,0.5316,0.2799,0.6239,0.1972,0.191,0.4704,0.1338,0.2979,0.3697,0.3912,0.0204472308299733,0.2556801186872615,0.3547616483810116,0.0015593655655392,0.0158768141084696,0.0143692944568741,0.2828593420354706,0.0544461859353999,0.0277517322484266,0.4531855889644651,0.0013548089759074,0.017596624499396,0.5001112453118047,,,,,,,,,,,,,,,,,,,,,,
Región Centro Oriente,15,Boyacá,15542,Pesca,0.95,0.1533,0.95,0.108,0.1046,0.95,0.0733,0.7054,0.2025,0.9263,0.0090037757769387,0.0897473133894859,0.1943072901539355,0.0020331106593087,0.0075515538774324,0.0052279988382224,0.66976474005228,0.0223642172523961,0.0105429625724828,0.2467053241960991,0.0007907221929362,0.0071164997364259,0.7348444913020559,,,,,,,,,,,,,,,,,,,,,,
Región Pacífico,19,Cauca,19533,Piamonte,0.5943,0.4268,0.6975,0.3006,0.2912,0.5259,0.204,0.333,0.5636,0.4373,0.0210565201329885,0.0794237162910971,0.5408200960472849,0.0025858884373845,0.0147765053564831,0.0129294421869227,0.3162172146287403,0.0121906169190986,0.0223373259954677,0.6448688896082875,0.002266105535772,0.0074457753318225,0.32308190352865,,,,,,,,,,,,,,,,,,,,,,
Región Centro Oriente,68,Santander,68547,Piedecuesta,0.95,0.1366,0.95,0.0962,0.0932,0.95,0.0653,0.7754,0.1804,0.95,0.0054105341631744,0.064677909432854,0.1730693203510634,0.0002033186115597,0.003863053619636,0.008799177689171,0.736216692458009,0.007759993674532,0.008824123762265,0.2186833419404091,0.0002918921346296,0.0042324359521296,0.7679682062105665,,,,,,,,,,,,,,,,,,,,,,
Región Centro Sur,73,Tolima,73547,Piedras,0.7506,0.3072,0.8809,0.2164,0.2096,0.6642,0.1468,0.4206,0.4057,0.5523,0.0132701421800947,0.1680884676145339,0.3892575039494471,0.0009478672985781,0.0104265402843601,0.0069510268562401,0.3993680884676145,0.0116903633491311,0.0126881085866037,0.4650339333136618,0.0008852168781351,0.0129831808793154,0.5084095603422839,,,,,,,,,,,,,,,,,,,,,,
Región Pacífico,19,Cauca,19548,Piendamó,0.3884,0.3777,0.4558,0.266,0.2577,0.3437,0.1805,0.2177,0.4988,0.2858,0.023572419009202,0.1740829446615404,0.478633556031766,0.0039707550737425,0.0211773603932938,0.0509265095172066,0.206668347409555,0.0409681079036934,0.02973875896818,0.6235828906292787,0.0020263979407415,0.023111890026836,0.3215400624349636,,,,,,,,,,,,,,,,,,,,,,
Región Eje Cafetero - Antioquia,63,Quindío,63548,Pijao,0.6928,0.1953,0.8131,0.1376,0.1333,0.6131,0.0934,0.3882,0.258,0.5098,0.0242833052276559,0.2883642495784148,0.2475548060708263,0.0047217537942664,0.0202360876897133,0.0107925801011804,0.3686340640809443,0.0354131534569983,0.0221437740693196,0.332798459563543,0.0032092426187419,0.0202182284980744,0.6216302952503209,,,,,,,,,,,,,,,,,,,,,,
Región Caribe,47,Magdalena,47545,Pijiño del Carmen,0.4584,0.2741,0.5379,0.1931,0.187,0.4056,0.131,0.2569,0.362,0.3373,0.0126811594202898,0.3571105072463768,0.3473731884057971,0.0022644927536231,0.0072463768115942,0.0153985507246376,0.2438858695652173,0.0140398550724637,0.0119047619047619,0.3930623973727422,0.001231527093596,0.0047208538587848,0.5890804597701149,,,,,,,,,,,,,,,,,,,,,,
Región Centro Oriente,68,Santander,68549,Pinchote,0.95,0.1073,0.95,0.0756,0.0732,0.95,0.0513,0.8155,0.1417,0.95,0.006546014632268,0.0685406237966884,0.1359260685406238,,0.0011551790527531,0.0034655371582595,0.7743550250288794,0.0100115517905275,0.012267657992565,0.1687732342007435,0.0011152416356877,0.0037174721189591,0.8141263940520446,,,,,,,,,,,,,,,,,,,,,,
Región Caribe,13,Bolívar,13549,Pinillos,0.1575,0.1839,0.1849,0.1296,0.1255,0.1394,0.0879,0.0883,0.2429,0.1159,0.0045835515976951,0.5979570455735987,0.2331063383970665,0.001571503404924,0.0077265584075432,0.0584075432163436,0.0838135149292823,0.0128339444735463,0.0069493521790341,0.3296819787985866,0.0012956419316843,0.004946996466431,0.6571260306242639,,,,,,,,,,,,,,,,,,,,,,
Región Caribe,8,Atlántico,08549,Piojó,0.0997,0.3749,0.117,0.2641,0.2558,0.0882,0.1792,0.0558,0.4952,0.0733,0.0057995028997514,0.4415907207953604,0.4751449875724938,0.0016570008285004,0.0053852526926263,0.008285004142502,0.0530240265120132,0.0091135045567522,0.0086206896551724,0.6289511494252874,0.0021551724137931,0.0032327586206896,0.3570402298850574,,,,,,,,,,,,,,,,,,,,,,
Región Centro Oriente,15,Boyacá,15550,Pisba,0.95,0.1674,0.95,0.1179,0.1142,0.892,0.08,0.5649,0.2211,0.7418,0.009090909090909,0.1878787878787878,0.2121212121212121,0.0015151515151515,0.0106060606060606,0.0227272727272727,0.5363636363636364,0.0196969696969696,0.0133333333333333,0.2706666666666666,0.0026666666666666,0.0106666666666666,0.7026666666666667,,,,,,,,,,,,,,,,,,,,,,
Región Centro Sur,41,Huila,41548,Pital,0.95,0.1718,0.95,0.121,0.1173,0.95,0.0821,0.6234,0.227,0.8186,0.0095927297206327,0.1588690676539885,0.2177717940087512,0.001346348030966,0.0037024570851565,0.005385392123864,0.5918882531134299,0.011443958263211,0.0132638559924206,0.2783830727933049,0.0006316121901152,0.006000315806095,0.7017211432180641,,,,,,,,,,,,,,,,,,,,,,
Región Centro Sur,41,Huila,41551,Pitalito,0.8875,0.2638,0.95,0.1858,0.18,0.7853,0.1261,0.4973,0.3484,0.653,0.015349541428099,0.1304014897060615,0.3343311115365204,0.0010963958162927,0.0100938027531717,0.0189693879326847,0.47219853465829,0.0175597361688797,0.0203758687069724,0.426376064471924,0.0008646285360044,0.0113706809357564,0.5410127573493425,,,,,,,,,,,,,,,,,,,,,,
Región Caribe,47,Magdalena,47551,Pivijay,0.1693,0.4645,0.1987,0.3272,0.3169,0.1498,0.222,0.0949,0.6134,0.1246,0.0132075471698113,0.263084495488105,0.588597210828548,0.0014766201804757,0.0079573420836751,0.0253486464315012,0.0900738310090237,0.0102543068088597,0.013393170184419,0.6981978823364421,0.001121940957857,0.0070121309866068,0.280274875534675,,,,,,,,,,,,,,,,,,,,,,
Región Centro Sur,73,Tolima,73555,Planadas,0.8953,0.2063,0.95,0.1453,0.1408,0.7923,0.0986,0.5017,0.2725,0.6588,0.0151863323009291,0.1603556798881007,0.2614646817863922,0.0043960435607952,0.0173843540813268,0.0412628634229193,0.4763712658607253,0.023578779098811,0.0170201146809866,0.3352143442249932,0.0027304996814417,0.0174751979612269,0.6275598434513516,,,,,,,,,,,,,,,,,,,,,,
Región Caribe,23,Córdoba,23555,Planeta Rica,0.3937,0.38,0.462,0.2677,0.2593,0.3483,0.1816,0.2206,0.5019,0.2897,0.0131309480785447,0.2553106051479741,0.4815885636268722,0.0017266995944263,0.0080713167088302,0.0156206079588804,0.2094526763843713,0.0150985825001003,0.017020667953944,0.577594221554745,0.0013945505256382,0.0094400343273975,0.394550525638275,,,,,,,,,,,,,,,,,,,,,,
Región Caribe,47,Magdalena,47555,Plato,0.239,0.4183,0.2805,0.2947,0.2855,0.2115,0.2,0.134,0.5525,0.1759,0.0117478351993822,0.297391208427555,0.5301417461805747,0.0019855496111632,0.0083282775357123,0.0112514477965914,0.1271854834261761,0.0119684518228448,0.0139662076374645,0.637122765895107,0.0009278249829084,0.0066412735618712,0.3413419279226486,,,,,,,,,,,,,,,,,,,,,,
Región Pacífico,52,Nariño,52540,Policarpa,0.0836,0.6998,0.0981,0.4929,0.4775,0.074,0.3345,0.0468,0.9243,0.0615,0.0161396574440052,0.0237154150197628,0.8868577075098815,0.0023056653491436,0.0108695652173913,0.0080698287220026,0.0444664031620553,0.0075757575757575,0.0111913357400722,0.9392298435619736,0.0014440433212996,0.0086642599277978,0.0394705174488567,,,,,,,,,,,,,,,,,,,,,,
Región Caribe,8,Atlántico,08558,Polonuevo,0.1366,0.5068,0.1603,0.357,0.3459,0.1208,0.2423,0.0765,0.6694,0.1005,0.0160405812996983,0.2377296408006581,0.6423087469152728,0.0020564847820126,0.0085001370989854,0.0075404442007129,0.0726624622977789,0.0131615026048807,0.0126826911462737,0.7682087208600072,0.0010870878125377,0.0073680396183113,0.2106534605628699,,,,,,,,,,,,,,,,,,,,,,
Región Caribe,8,Atlántico,08560,Ponedera,0.2572,0.3732,0.3018,0.2629,0.2547,0.2276,0.1784,0.1441,0.493,0.1892,0.0166248845494128,0.3343449003826362,0.4730175484892466,0.0030347011479086,0.0083124422747064,0.0069930069930069,0.1368254387122311,0.020847077450851,0.0149710785981626,0.6062152659634796,0.0014744244073948,0.0063513666780083,0.3709878643529545,,,,,,,,,,,,,,,,,,,,,,
Región Pacífico,19,Cauca,19001,Popayán,0.232,0.4738,0.2722,0.3337,0.3233,0.2053,0.2265,0.13,0.6258,0.1707,0.0199774813025619,0.1863831072028381,0.6004252133929638,0.0011762559834946,0.015115203894854,0.0157693783455676,0.1234313965995508,0.0377219632781688,0.0249843408828815,0.710034128094505,0.001159067360546,0.0160396190297786,0.2477828446322888,,,,,,,,,,,,,,,,,,,,,,
Región Llano,85,Casanare,85263,Pore,0.95,0.1127,0.95,0.0794,0.0769,0.95,0.0539,0.7195,0.1489,0.9448,0.007627293341579,0.1296639868068439,0.1428571428571428,0.0016491445062873,0.0080395794681508,0.0193774479488765,0.6831581117295403,0.007627293341579,0.0103953963244848,0.1750510488212363,0.0016706886950064,0.0070540189344718,0.8058288472248004,,,,,,,,,,,,,,,,,,,,,,
Región Pacífico,52,Nariño,52560,Potosí,0.4476,0.4641,0.5253,0.3269,0.3167,0.3961,0.2219,0.2508,0.613,0.3294,0.0181386309652342,0.114662060030231,0.5882098898725977,0.0028071690779529,0.0088533793996976,0.0075577629021809,0.2381774994601598,0.0215936082919455,0.017000801924619,0.7430633520449078,0.0025661587810745,0.0097834803528468,0.2275862068965517,,,,,,,,,,,,,,,,,,,,,,
Región Pacífico,76,Valle del Cauca,76563,Pradera,0.2378,0.5056,0.2791,0.3561,0.345,0.2104,0.2417,0.1333,0.6677,0.175,0.0216304022570854,0.1370922925661522,0.6407044842474244,0.0016671653913563,0.0256914461591074,0.024238019920489,0.1265335784208951,0.0224426110374898,0.0202077127445455,0.7483294420739071,0.0013283954593027,0.0202479671524031,0.2098864825698414,,,,,,,,,,,,,,,,,,,,,,
Región Centro Sur,73,Tolima,73563,Prado,0.95,0.1721,0.95,0.1212,0.1175,0.95,0.0823,0.6025,0.2273,0.7912,0.0098595020951441,0.1639142223317722,0.2181414838550653,0.0027113630761646,0.01059896475228,0.0083805767808725,0.5720976090707419,0.014296278037959,0.0091047040971168,0.2662042055061782,0.0006503360069369,0.0114892694558855,0.7125514849338825,,,,,,,,,,,,,,,,,,,,,,
Región Pacífico,52,Nariño,52565,Providencia,0.0621,0.6744,0.0728,0.475,0.4602,0.0549,0.3224,0.0348,0.8907,0.0457,0.011572498298162,0.0816882232811436,0.8546630360789653,0.0020422055820285,0.0034036759700476,0.0064669843430905,0.0330156569094622,0.0071477195371,0.0071797817346352,0.9353819643882826,,0.0011487650775416,0.0562894887995404,,,,,,,,,,,,,,,,,,,,,,
Región Caribe,88,"Archipiélago de San Andrés, Providencia y Santa Catalina",88564,Providencia,0.2237,0.3873,0.2625,0.2728,0.2643,0.198,0.1851,0.1254,0.5116,0.1646,0.0260642919200695,0.312771503040834,0.4908774978279757,,0.0043440486533449,0.0208514335360556,0.1190269331016507,0.0260642919200695,0.0355521936459909,0.5665658093797277,,0.0030257186081694,0.394856278366112,,,,,,,,,,,,,,,,,,,,,,
Región Caribe,20,Cesar,20570,Pueblo Bello,0.6147,0.3648,0.7214,0.257,0.2489,0.5439,0.1744,0.3445,0.4818,0.4523,0.010795847750865,0.1458823529411764,0.4622837370242214,0.0022145328719723,0.010795847750865,0.026159169550173,0.3270588235294118,0.0148096885813148,0.0145049400882909,0.5768341391633383,0.0015766239226403,0.0125078831196132,0.3945764137061173,,,,,,,,,,,,,,,,,,,,,,
Región Caribe,23,Córdoba,23570,Pueblo Nuevo,0.3975,0.3432,0.4665,0.2417,0.2342,0.3518,0.164,0.2228,0.4533,0.2925,0.0090140845070422,0.3062374245472837,0.4349295774647887,0.0027364185110663,0.0059557344064386,0.0110261569416499,0.2115090543259557,0.0185915492957746,0.0140505544458984,0.498588057028721,0.0016530064053998,0.0057166471520077,0.479991734967973,,,,,,,,,,,,,,,,,,,,,,
Región Eje Cafetero - Antioquia,66,Risaralda,66572,Pueblo Rico,0.3813,0.4428,0.4475,0.3119,0.3022,0.3374,0.2116,0.2137,0.5848,0.2806,0.0140398550724637,0.161231884057971,0.561141304347826,0.0072463768115942,0.0192481884057971,0.0117753623188405,0.2028985507246377,0.0224184782608695,0.0195096685082872,0.6807665745856354,0.0037983425414364,0.0174378453038674,0.2784875690607735,,,,,,,,,,,,,,,,,,,,,,
Región Caribe,47,Magdalena,47570,Pueblo Viejo,0.2635,0.3717,0.3092,0.2618,0.2537,0.2332,0.1777,0.1477,0.491,0.1939,0.0138135812032016,0.3040278853601859,0.4710818486961012,0.0033565711334882,0.0121352956364575,0.0357603924606248,0.1402013942680093,0.0196230312419313,0.0176056338028169,0.6479940247545881,0.0025608194622279,0.0152582159624413,0.3165813060179257,,,,,,,,,,,,,,,,,,,,,,
Región Eje Cafetero - Antioquia,5,Antioquia,05576,Pueblorrico,0.3296,0.1133,0.3868,0.0798,0.0773,0.2917,0.0542,0.1847,0.1496,0.2425,0.0153234960272417,0.6137911464245176,0.1435868331441543,0.0019863791146424,0.010783200908059,0.0068104426787741,0.1753688989784336,0.032349602724177,0.0164319248826291,0.1841418883672405,0.0010432968179447,0.0096504955659885,0.7887323943661971,,,,,,,,,,,,,,,,,,,,,,
Región Centro Oriente,68,Santander,68572,Puente Nacional,0.95,0.1904,0.95,0.1341,0.1299,0.95,0.091,0.6734,0.2514,0.8843,0.0074101984426023,0.0869128359708616,0.2412710374277819,0.0008791760864104,0.004772670183371,0.0087917608641044,0.6394122079879427,0.0105501130369253,0.0100302114803625,0.307190332326284,0.0010876132930513,0.0068882175226586,0.6748036253776435,,,,,,,,,,,,,,,,,,,,,,
Región Pacífico,52,Nariño,52573,Puerres,0.1939,0.5724,0.2276,0.4032,0.3906,0.1716,0.2736,0.1087,0.756,0.1427,0.0153019023986765,0.1261373035566584,0.7253928866832092,0.0014474772539288,0.009925558312655,0.0024813895781637,0.1031844499586435,0.0161290322580645,0.0106715731370745,0.8147194112235511,0.0009199632014719,0.008095676172953,0.1655933762649494,,,,,,,,,,,,,,,,,,,,,,
Región Centro Sur,91,Amazonas,91530,Puerto Alegría,0.4076,0.4944,0.4783,0.3482,0.3373,0.3607,0.2363,0.2284,0.6529,0.2999,0.0120481927710843,0.0843373493975903,0.6265060240963856,0.0240963855421686,,,0.216867469879518,0.036144578313253,0.0121951219512195,0.6829268292682927,,,0.3048780487804878,,,,,,,,,,,,,,,,,,,,,,
Región Centro Sur,91,Amazonas,91536,Puerto Arica,0.3295,0.4816,0.3867,0.3393,0.3287,0.2916,0.2302,0.1847,0.6361,0.2425,,0.1623376623376623,0.6103896103896104,0.0129870129870129,,0.0259740259740259,0.1753246753246753,0.0129870129870129,0.0114285714285714,0.7942857142857143,0.0057142857142857,,0.1885714285714285,,,,,,,,,,,,,,,,,,,,,,
Región Centro Sur,86,Putumayo,86568,Puerto Asís,0.3607,0.516,0.4233,0.3635,0.3521,0.3192,0.2466,0.2021,0.6815,0.2654,0.023270030157307,0.0742114271741788,0.6539245252261798,0.0037085337028282,0.0190724590431168,0.0184611622789143,0.1919064308419594,0.0154454315755155,0.0229406782781603,0.7617925396766948,0.0020252605221489,0.0183009905365099,0.1949405309864859,,,,,,,,,,,,,,,,,,,,,,
Región Eje Cafetero - Antioquia,5,Antioquia,05579,Puerto Berrío,0.643,0.2041,0.7546,0.1438,0.1393,0.569,0.0975,0.3603,0.2695,0.4731,0.0198576753642832,0.3214503558115893,0.2586241951880718,0.0027109454422229,0.018298881735005,0.0118603863097255,0.3421213148085394,0.0250762453405625,0.0204028250065393,0.3356003138896155,0.0022233847763536,0.0178524718807219,0.6239210044467696,,,,,,,,,,,,,,,,,,,,,,
Región Centro Oriente,15,Boyacá,15572,Puerto Boyacá,0.95,0.1741,0.95,0.1226,0.1188,0.9153,0.0832,0.5796,0.2299,0.7611,0.0120929014232078,0.1479525015279839,0.2206408801187462,0.0027067143979743,0.0236182659565179,0.0240548327949009,0.5503361564655549,0.0185977473151139,0.0180491385638412,0.3035536940282395,0.0019862688371691,0.0240943045900082,0.6523165939807418,,,,,,,,,,,,,,,,,,,,,,
Región Centro Sur,86,Putumayo,86569,Puerto Caicedo,0.1766,0.6135,0.2073,0.4322,0.4187,0.1563,0.2933,0.099,0.8103,0.13,0.0186746987951807,0.0710843373493975,0.7775100401606426,0.0012048192771084,0.0170682730923694,0.0068273092369477,0.0939759036144578,0.0136546184738955,0.0166368515205724,0.8511627906976744,0.001252236135957,0.0110912343470483,0.1198568872987477,,,,,,,,,,,,,,,,,,,,,,
Región Llano,99,Vichada,99001,Puerto Carreño,0.704,0.222,0.8263,0.1564,0.1515,0.623,0.1061,0.3945,0.2932,0.5181,0.0193336075689016,0.2466748937337172,0.281365693130399,0.0021938845468257,0.0133004250651309,0.0201563142739613,0.3746057863704922,0.0423693953105717,0.0207004453002768,0.3373450475388133,0.0027680828017812,0.0093874112408232,0.6297990131183054,,,,,,,,,,,,,,,,,,,,,,
Región Caribe,8,Atlántico,08573,Puerto Colombia,0.2671,0.4124,0.3134,0.2905,0.2814,0.2363,0.1971,0.1497,0.5446,0.1965,0.0145331366442659,0.2786974812872206,0.5225919248210675,0.0007649019286455,0.0037152379391356,0.0074851117303174,0.142107851171939,0.030104354477408,0.0141408230934269,0.6431148819972694,0.0006826604251999,0.0041934854690852,0.3378681490150185,,,,,,,,,,,,,,,,,,,,,,
Región Llano,94,Guainía,94884,Puerto Colombia,0.2155,0.2063,0.2529,0.1453,0.1408,0.1907,0.0986,0.1208,0.2725,0.1586,0.036697247706422,0.4862385321100917,0.2614678899082568,0.0045871559633027,0.0045871559633027,0.055045871559633,0.1146788990825688,0.036697247706422,0.003831417624521,0.1532567049808429,0.0076628352490421,0.003831417624521,0.8314176245210728,,,,,,,,,,,,,,,,,,,,,,
Región Llano,50,Meta,50450,Puerto Concordia,0.95,0.2781,0.95,0.1959,0.1898,0.893,0.1329,0.5655,0.3673,0.7426,0.01419055893426,0.0616854908774978,0.3524471474080509,0.0026064291920069,0.0107153200115841,0.01419055893426,0.5369244135534318,0.0072400810889081,0.0156772038036494,0.4155744024672321,0.0025700334104343,0.0174762271909534,0.5487021331277306,,,,,,,,,,,,,,,,,,,,,,
Región Caribe,23,Córdoba,23574,Puerto Escondido,0.2624,0.3565,0.3079,0.2512,0.2433,0.2322,0.1704,0.147,0.4709,0.1931,0.0112212943632567,0.3533402922755741,0.4518528183716075,0.0020876826722338,0.0036534446764091,0.0163100208768267,0.1396137787056367,0.0219206680584551,0.0097164386278009,0.4965298433472139,0.0009914733293674,0.0037675986515962,0.4889946460440214,,,,,,,,,,,,,,,,,,,,,,
Región Llano,50,Meta,50568,Puerto Gaitán,0.95,0.2556,0.95,0.1801,0.1744,0.9238,0.1222,0.585,0.3376,0.7682,0.0168301294625343,0.0458611220086308,0.3239701843860337,0.002314633189486,0.0280894468418987,0.0197332287171439,0.555433503334641,0.0077677520596312,0.0198709900861509,0.4431360664963851,0.0011688817697735,0.0256288151002207,0.5101952465474696,,,,,,,,,,,,,,,,,,,,,,
Región Centro Sur,86,Putumayo,86571,Puerto Guzmán,0.4492,0.4648,0.5272,0.3274,0.3172,0.3975,0.2222,0.2517,0.6139,0.3305,0.0255933952528379,0.0891640866873065,0.5890608875128999,0.0055727554179566,0.0185758513931888,0.0130030959752321,0.2390092879256966,0.0200206398348813,0.0216594468510496,0.6929356881039653,0.0031656114628457,0.0124958347217594,0.2697434188603799,,,,,,,,,,,,,,,,,,,,,,
Región Caribe,23,Córdoba,23580,Puerto Libertador,0.2636,0.5357,0.3094,0.3773,0.3655,0.2333,0.256,0.1477,0.7075,0.194,0.0155469574393246,0.1207175518818149,0.6788603587759409,0.0020400984875131,0.0093563137530777,0.0189940204009848,0.1402743580724586,0.0142103411888849,0.0190452634182537,0.7772075191689339,0.0007420232500618,0.0076675735839722,0.1953376205787781,,,,,,,,,,,,,,,,,,,,,,
Región Llano,50,Meta,50577,Puerto Lleras,0.95,0.1607,0.95,0.1132,0.1097,0.95,0.0768,0.6952,0.2123,0.9129,0.0162623300453212,0.0847773926952812,0.2036790189282858,0.0013329778725673,0.0109304185550519,0.0133297787256731,0.6600906424953346,0.0095974406824846,0.0166874221668742,0.2707347447073474,0.0012453300124533,0.0134495641344956,0.6978829389788294,,,,,,,,,,,,,,,,,,,,,,
Región Llano,50,Meta,50573,Puerto López,0.95,0.1603,0.95,0.1129,0.1094,0.95,0.0766,0.6425,0.2117,0.8436,0.0138547638547638,0.1397761397761397,0.2031122031122031,0.0012285012285012,0.012012012012012,0.0077805077805077,0.61001911001911,0.0122167622167622,0.0132146709816612,0.2663834951456311,0.0008764832793959,0.013282092772384,0.7062432578209277,,,,,,,,,,,,,,,,,,,,,,
Región Eje Cafetero - Antioquia,5,Antioquia,05585,Puerto Nare,0.5606,0.3005,0.6579,0.2117,0.2051,0.4961,0.1436,0.3141,0.3969,0.4125,0.0112248266754704,0.2542093100033014,0.3808187520633873,0.0019808517662594,0.0122152525586001,0.0163420270716408,0.2982832618025751,0.0249257180587652,0.0137028962939894,0.470725630644659,0.0015571473061351,0.009965742759265,0.5040485829959515,,,,,,,,,,,,,,,,,,,,,,
Región Centro Sur,91,Amazonas,91540,Puerto Nariño,0.1943,0.4971,0.228,0.3502,0.3392,0.1719,0.2376,0.1089,0.6566,0.1429,0.0201342281879194,0.1955257270693512,0.6299776286353468,0.0040268456375838,0.0076062639821029,0.0134228187919463,0.1033557046979865,0.0259507829977628,0.0105949470252648,0.7123064384678076,0.0028524857375713,0.0069274653626731,0.267318663406683,,,,,,,,,,,,,,,,,,,,,,
Región Centro Oriente,68,Santander,68573,Puerto Parra,0.95,0.113,0.95,0.0796,0.0771,0.95,0.054,0.7279,0.1493,0.95,0.0069554220676572,0.1188744862472336,0.1432184634840341,0.0015807777426493,0.0132785330382548,0.0123300663926651,0.6911160290863104,0.012646221941195,0.0063547082611207,0.1860196418255343,0.0023108030040439,0.0089543616406701,0.7963604852686309,,,,,,,,,,,,,,,,,,,,,,
Región Centro Sur,18,Caquetá,18592,Puerto Rico,0.9089,0.2323,0.95,0.1636,0.1585,0.8043,0.111,0.5093,0.3068,0.6688,0.0292456382578134,0.1250156897200953,0.294339148989582,0.0032634617798418,0.0155642023346303,0.0341408309275762,0.4836199322204091,0.0148110957700514,0.0334880964141064,0.4106490170897955,0.0022720537390101,0.0151140966116763,0.5384767361454115,,,,,,,,,,,,,,,,,,,,,,
Región Llano,50,Meta,50590,Puerto Rico,0.95,0.2667,0.95,0.1879,0.182,0.9079,0.1275,0.575,0.3522,0.755,0.0189028148756934,0.0511608793918224,0.3379905485925621,0.0026710499280871,0.0226011916991986,0.01417711115677,0.54592151222519,0.0065748921306759,0.0207593042827753,0.4228539367869833,0.003366373667477,0.0237516364316439,0.5292687488311203,,,,,,,,,,,,,,,,,,,,,,
Región Llano,81,Arauca,81591,Puerto Rondón,0.95,0.0736,0.95,0.0518,0.0502,0.95,0.0352,0.6248,0.0972,0.8204,0.0075966850828729,0.2651933701657458,0.093232044198895,0.0048342541436464,0.0075966850828729,0.0172651933701657,0.5932320441988951,0.011049723756906,0.0102681118083285,0.0992584141471762,0.0005704506560182,0.0051340559041642,0.8847689674843126,,,,,,,,,,,,,,,,,,,,,,
Región Centro Oriente,25,Cundinamarca,25572,Puerto Salgar,0.8597,0.2057,0.95,0.1449,0.1404,0.7608,0.0983,0.4818,0.2717,0.6326,0.0145470257813625,0.2141725478899611,0.2606942243986749,0.0011522396658504,0.020308224110615,0.0149791156560564,0.4574391473426473,0.0167074751548322,0.0163321799307958,0.3276124567474048,0.0009688581314878,0.0185467128027681,0.6365397923875432,,,,,,,,,,,,,,,,,,,,,,
Región Centro Oriente,54,Norte de Santander,54553,Puerto Santander,0.95,0.0702,0.95,0.0495,0.0479,0.95,0.0336,0.6407,0.0927,0.8413,0.0068936703572174,0.2588259870482557,0.0889910173386254,0.0018800919156047,0.0064758721537497,0.0154585335283058,0.6083141842490077,0.0131606434092333,0.0075654704170708,0.1355965082444229,0.0013579049466537,0.005819592628516,0.8496605237633366,,,,,,,,,,,,,,,,,,,,,,
Región Centro Sur,91,Amazonas,91669,Puerto Santander,0.1766,0.519,0.2072,0.3656,0.3542,0.1563,0.2481,0.099,0.6855,0.1299,,0.1812080536912751,0.6577181208053692,,,0.0335570469798657,0.0939597315436241,0.0335570469798657,,0.723404255319149,,0.0106382978723404,0.2659574468085106,,,,,,,,,,,,,,,,,,,,,,
Región Pacífico,19,Cauca,19573,Puerto Tejada,0.0892,0.6395,0.1047,0.4505,0.4364,0.079,0.3057,0.05,0.8447,0.0657,0.0169628050225065,0.0644870883676853,0.8104714522624971,0.0019900497512437,0.0226486614546316,0.0199004975124378,0.0474769012082444,0.0160625444207533,0.0181031792036384,0.8730548000178356,0.0015606188968653,0.0171668078655192,0.0901145940161412,,,,,,,,,,,,,,,,,,,,,,
Región Eje Cafetero - Antioquia,5,Antioquia,05591,Puerto Triunfo,0.95,0.1159,0.95,0.0817,0.0791,0.9456,0.0554,0.5988,0.1531,0.7864,0.0091133004926108,0.237807881773399,0.1469211822660098,0.0013546798029556,0.0072660098522167,0.0104679802955665,0.5685960591133005,0.0184729064039408,0.0122415983369904,0.2415983369904146,0.0010393809908765,0.0078531008199561,0.7372675828617623,,,,,,,,,,,,,,,,,,,,,,
Región Centro Oriente,68,Santander,68575,Puerto Wilches,0.8453,0.3204,0.95,0.2257,0.2187,0.748,0.1532,0.4737,0.4232,0.622,0.0101058710298363,0.0885466794995187,0.4060910215866905,0.0014436958614051,0.0134057472844768,0.0223429121407947,0.4497456345387048,0.0083184380585728,0.0119874230315734,0.4912878291628455,0.0004585353072186,0.0126424734704572,0.4836237390279052,,,,,,,,,,,,,,,,,,,,,,
Región Centro Oriente,25,Cundinamarca,25580,Pulí,0.95,0.145,0.95,0.1021,0.0989,0.95,0.0693,0.6345,0.1915,0.8331,0.009789156626506,0.1694277108433735,0.1837349397590361,0.0022590361445783,0.0060240963855421,0.0105421686746987,0.6024096385542169,0.0158132530120481,0.0123372172721041,0.2323509252912954,0.002056202878684,0.0054832076764907,0.7477724468814256,,,,,,,,,,,,,,,,,,,,,,
Región Pacífico,52,Nariño,52585,Pupiales,0.5136,0.439,0.6027,0.3093,0.2996,0.4545,0.2099,0.2878,0.5798,0.3779,0.0228299918878201,0.0959554988990613,0.5563796500173832,0.0028972070923629,0.0208598910650133,0.0054467493336423,0.2732645729516746,0.022366438753042,0.0210373242850218,0.6863790596219098,0.0021328162869607,0.0191953465826466,0.2712554532234609,,,,,,,,,,,,,,,,,,,,,,
Región Pacífico,19,Cauca,19585,Puracé,0.2003,0.5104,0.235,0.3595,0.3483,0.1772,0.244,0.1122,0.6741,0.1474,0.020713218022635,0.1742472773862908,0.6468076019645527,0.0036301516122143,0.0200726030322442,0.0085415332052103,0.1065556267349989,0.0194319880418535,0.0158450704225352,0.7463028169014084,0.003169014084507,0.0174295774647887,0.2172535211267605,,,,,,,,,,,,,,,,,,,,,,
Región Centro Sur,73,Tolima,73585,Purificación,0.7178,0.2859,0.8424,0.2014,0.1951,0.6352,0.1367,0.4022,0.3776,0.5282,0.0148995148995149,0.1945599445599445,0.3623527373527374,0.0027720027720027,0.0174982674982674,0.0059771309771309,0.3819300069300069,0.020010395010395,0.0163842710997442,0.441656010230179,0.0021579283887468,0.014945652173913,0.5248561381074168,,,,,,,,,,,,,,,,,,,,,,
Región Caribe,23,Córdoba,23586,Purísima,0.3788,0.3094,0.4445,0.218,0.2111,0.3352,0.1479,0.2122,0.4087,0.2787,0.0117077739619107,0.35576022478926,0.392132375897596,0.0018732438339057,0.0074929753356228,0.0165469871995004,0.2015298157976896,0.0129566031845145,0.0113001365950577,0.4665342108530982,0.0016143052278653,0.0063330435862411,0.5142183037377375,,,,,,,,,,,,,,,,,,,,,,
Región Centro Oriente,25,Cundinamarca,25592,Quebradanegra,0.95,0.0836,0.95,0.0589,0.057,0.95,0.0399,0.6505,0.1104,0.8541,0.0094959824689554,0.2238860482103725,0.1059167275383491,0.0018261504747991,0.004017531044558,0.0189919649379108,0.6176040905770636,0.0182615047479912,0.0132607956477388,0.1370282216933016,,0.0071404284257055,0.842570554233254,,,,,,,,,,,,,,,,,,,,,,
Región Centro Oriente,25,Cundinamarca,25594,Quetame,0.95,0.2142,0.95,0.1509,0.1462,0.95,0.1024,0.6207,0.283,0.815,0.0113128124177847,0.0968166272033675,0.271507498026835,0.0010523546435148,0.0094711917916337,0.0076295711654827,0.5893186003683242,0.012891344383057,0.0162013958125623,0.3444666001994018,0.0004985044865403,0.0102193419740777,0.6286141575274178,,,,,,,,,,,,,,,,,,,,,,
Región Pacífico,27,Chocó,27001,Quibdó,0.1128,0.5535,0.1324,0.3899,0.3777,0.0998,0.2645,0.0632,0.731,0.083,0.0195816644414775,0.1429313158285121,0.7014043415912575,0.0030163675023488,0.0293230480146368,0.0133264105226722,0.0600059338377095,0.0304109182613855,0.0177707048604203,0.8176955551134982,0.0015914064054107,0.0203125345357292,0.1426297990849413,,,,,,,,,,,,,,,,,,,,,,
Región Eje Cafetero - Antioquia,63,Quindío,63594,Quimbaya,0.5971,0.2485,0.7008,0.175,0.1695,0.5284,0.1188,0.3346,0.3281,0.4394,0.0232292460015232,0.2684691546077685,0.3148641787255649,0.0036811373445036,0.0225945671490225,0.0105991368367605,0.3177202335618177,0.0388423457730388,0.0287823336021338,0.42621425469884,0.002729359220892,0.0266732832950809,0.5156007691830532,,,,,,,,,,,,,,,,,,,,,,
Región Eje Cafetero - Antioquia,66,Risaralda,66594,Quinchía,0.5432,0.3081,0.6375,0.217,0.2102,0.4807,0.1473,0.3044,0.4069,0.3997,0.0309685167710388,0.1822939006605473,0.3904091961911298,0.0089216779617397,0.0369734923222098,0.0137256584026765,0.2890108947413571,0.0476966629493008,0.0299792960662525,0.5383022774327122,0.005631469979296,0.036687370600414,0.389399585921325,,,,,,,,,,,,,,,,,,,,,,
Región Centro Oriente,15,Boyacá,15580,Quípama,0.95,0.0995,0.95,0.0701,0.0679,0.95,0.0476,0.7548,0.1315,0.95,0.0052398226521563,0.1140669085046352,0.1261588069326884,0.0032245062474808,0.0092704554615074,0.0112857718661829,0.7166465135026199,0.0141072148327287,0.0101046553590761,0.1479610249007578,0.0036088054853843,0.0079393720678455,0.8303861421869361,,,,,,,,,,,,,,,,,,,,,,
Región Centro Oriente,25,Cundinamarca,25596,Quipile,0.95,0.1168,0.95,0.0822,0.0797,0.932,0.0558,0.5902,0.1542,0.775,0.0105035526722273,0.228606734630831,0.1479765214704973,0.0027803521779425,0.0067964164349706,0.0200803212851405,0.5603954278653074,0.0228606734630831,0.0082895827576678,0.1685548494059132,0.0019342359767891,0.0033158331030671,0.8179054987565626,,,,,,,,,,,,,,,,,,,,,,
Región Centro Oriente,54,Norte de Santander,54599,Ragonvalia,0.95,0.042,0.95,0.0296,0.0287,0.95,0.0201,0.6088,0.0555,0.7994,0.0109402720283855,0.3267297457125961,0.0532229450029568,0.002956830277942,0.0068007096392667,0.0106445890005913,0.57806031933767,0.0106445890005913,0.0082304526748971,0.0579297245963912,0.0018993352326685,0.0034821145932257,0.9284583729028172,,,,,,,,,,,,,,,,,,,,,,
Región Centro Oriente,15,Boyacá,15599,Ramiriquí,0.95,0.2003,0.95,0.1411,0.1367,0.95,0.0957,0.6557,0.2646,0.861,0.0100353094220405,0.0761940159821594,0.2538561605649507,0.0011150343802267,0.0076194015982159,0.0068760453447314,0.622560862293254,0.0217431704144211,0.0187165775401069,0.3203542780748663,0.0015040106951871,0.0093582887700534,0.6500668449197861,,,,,,,,,,,,,,,,,,,,,,
Región Centro Oriente,15,Boyacá,15600,Ráquira,0.95,0.1714,0.95,0.1207,0.117,0.95,0.0819,0.6914,0.2264,0.9079,0.0153015301530153,0.069006900690069,0.2172217221722172,0.0018001800180018,0.0054005400540054,0.0069006900690069,0.6564656465646564,0.0279027902790279,0.023830281894798,0.2917756466143563,0.002324905550712,0.009590235396687,0.6724789305434467,,,,,,,,,,,,,,,,,,,,,,
Región Llano,85,Casanare,85279,Recetor,0.95,0.1523,0.95,0.1073,0.1039,0.95,0.0728,0.6876,0.2011,0.9029,0.0075187969924812,0.1077694235588972,0.1929824561403508,,0.0112781954887218,0.0225563909774436,0.6528822055137845,0.0050125313283208,0.0100896860986547,0.2623318385650224,0.0011210762331838,0.0033632286995515,0.7230941704035875,,,,,,,,,,,,,,,,,,,,,,
Región Caribe,13,Bolívar,13580,Regidor,0.5017,0.3915,0.5888,0.2758,0.2671,0.444,0.1871,0.2811,0.5171,0.3692,0.0045475216007276,0.2055479763528876,0.4961346066393815,0.001819008640291,0.0054570259208731,0.0077307867212369,0.2669395179627103,0.0118235561618917,0.007421875,0.544921875,0.0015625,0.00703125,0.4390625,,,,,,,,,,,,,,,,,,,,,,
Región Eje Cafetero - Antioquia,5,Antioquia,05604,Remedios,0.615,0.2911,0.7218,0.205,0.1986,0.5442,0.1391,0.3447,0.3844,0.4526,0.0337048475896334,0.1846381093057607,0.3688733718275815,0.0042970323620249,0.01678528266416,0.0295420974889217,0.3272458708204646,0.0349133879414529,0.0304449648711943,0.4747593026281551,0.0028623471246422,0.0161332292479833,0.4758001561280249,,,,,,,,,,,,,,,,,,,,,,
Región Caribe,47,Magdalena,47605,Remolino,0.1802,0.4514,0.2115,0.3179,0.308,0.1594,0.2157,0.101,0.5961,0.1326,0.0125404530744336,0.2726537216828479,0.5720064724919094,0.0016181229773462,0.0088996763754045,0.0153721682847896,0.0958737864077669,0.0210355987055016,0.0066465256797583,0.7293051359516616,0.0009063444108761,0.0051359516616314,0.2580060422960725,,,,,,,,,,,,,,,,,,,,,,
Región Caribe,8,Atlántico,08606,Repelón,0.1573,0.3404,0.1847,0.2398,0.2323,0.1392,0.1627,0.0882,0.4496,0.1158,0.016225352112676,0.4219718309859155,0.4314366197183099,0.0023661971830985,0.0074366197183098,0.0101408450704225,0.0837183098591549,0.0267042253521126,0.0154808283781012,0.5703301209760099,0.0017428747180643,0.0085093295058437,0.4039368464219807,,,,,,,,,,,,,,,,,,,,,,
Región Llano,50,Meta,50606,Restrepo,0.95,0.1714,0.95,0.1207,0.1169,0.9162,0.0819,0.5802,0.2263,0.7618,0.0111912689604143,0.1703662597114317,0.2171661117277099,0.0002774694783573,0.0055493895671476,0.0213651498335183,0.5508694043655198,0.0232149463559008,0.0139379129332971,0.2863607566295592,0.0003620237125531,0.0077835098198932,0.6915557969046973,,,,,,,,,,,,,,,,,,,,,,
Región Pacífico,76,Valle del Cauca,76606,Restrepo,0.6482,0.2939,0.7607,0.207,0.2005,0.5736,0.1405,0.3632,0.3881,0.4769,0.023741690408357,0.2051282051282051,0.3724053724053724,0.0024420024420024,0.0195360195360195,0.0097680097680097,0.3448650115316782,0.0221136887803554,0.0199061747178901,0.4830734119437048,0.00202865474832,0.0225687840750602,0.4724229745150247,,,,,,,,,,,,,,,,,,,,,,
Región Eje Cafetero - Antioquia,5,Antioquia,05607,Retiro,0.2465,0.0922,0.2892,0.065,0.0629,0.2181,0.0441,0.1381,0.1218,0.1814,0.0135163824216262,0.6654872266647796,0.1169060929870497,0.0013445616021512,0.0080673696129077,0.0062274432099639,0.1311301394098082,0.0573207840917132,0.0233091874058667,0.1714838987305458,0.0011475292261349,0.0087499103492792,0.7953094742881732,,,,,,,,,,,,,,,,,,,,,,
Región Centro Oriente,25,Cundinamarca,25612,Ricaurte,0.8866,0.1989,0.95,0.1401,0.1357,0.7846,0.0951,0.4968,0.2627,0.6524,0.013532876930425,0.2135010348670593,0.2520299315395637,0.0007960515841426,0.0093934086928832,0.0103486705938544,0.4717401687629358,0.0286578570291354,0.0170206575501891,0.3185917951702066,0.0007273785277858,0.0103287750945592,0.6533313936572592,,,,,,,,,,,,,,,,,,,,,,
Región Pacífico,52,Nariño,52612,Ricaurte,0.0949,0.6614,0.1114,0.4659,0.4513,0.084,0.3161,0.0532,0.8735,0.0698,0.0116297594392225,0.0629281503903138,0.8381392384897244,0.0027083001433805,0.0135415007169029,0.0113111358929424,0.0505018320853911,0.009240082842122,0.0093448240058145,0.9171425604817776,0.0014536392897933,0.0059183885370158,0.0661405876855985,,,,,,,,,,,,,,,,,,,,,,
Región Centro Sur,73,Tolima,73616,Rio Blanco,0.9302,0.1313,0.95,0.0925,0.0896,0.8231,0.0628,0.5213,0.1734,0.6845,0.017656054497428,0.2284165160572779,0.1664117892395384,0.0047268177394689,0.0130682608091199,0.0588071736410399,0.4949256221326289,0.0159877658834978,0.0180752929444028,0.2049364248317128,0.0026178010471204,0.0119670905011219,0.762403390675642,,,,,,,,,,,,,,,,,,,,,,
Región Caribe,20,Cesar,20614,Río de Oro,0.95,0.1721,0.95,0.1213,0.1175,0.95,0.0823,0.626,0.2274,0.822,0.0109022138168873,0.1405050617421292,0.2181555234175103,0.0024474357548114,0.007898542663255,0.0126821670931138,0.5943931471798866,0.0130159083324062,0.0159005198246865,0.2920191621649169,0.0013250433187238,0.0087656711854041,0.6819896035062685,,,,,,,,,,,,,,,,,,,,,,
Región Pacífico,27,Chocó,27580,Río Iro,0.0686,0.4734,0.0805,0.3335,0.3231,0.0607,0.2263,0.0385,0.6253,0.0505,0.0174157303370786,0.248314606741573,0.6,0.0073033707865168,0.0286516853932584,0.0191011235955056,0.0365168539325842,0.0426966292134831,0.0137203166226912,0.7736147757255937,0.0031662269129287,0.0221635883905013,0.1873350923482849,,,,,,,,,,,,,,,,,,,,,,
Región Pacífico,27,Chocó,27600,Río Quito,0.0893,0.5222,0.1048,0.3678,0.3563,0.079,0.2496,0.05,0.6896,0.0657,0.0170236133992311,0.1776496430532674,0.6617243272926964,0.0057660626029654,0.0340472267984623,0.0233388248215266,0.0475013728720483,0.0329489291598023,0.013164431197218,0.7560854446100348,0.003725782414307,0.0188772975658221,0.2081470442126179,,,,,,,,,,,,,,,,,,,,,,
Región Caribe,13,Bolívar,13600,Río Viejo,0.5558,0.2341,0.6523,0.1649,0.1598,0.4918,0.1119,0.3114,0.3092,0.409,0.0090791180285343,0.3291180285343709,0.296692607003891,0.0006485084306095,0.0061608300907911,0.0382619974059662,0.2957198443579766,0.0243190661478599,0.011417432470064,0.3589529379003063,0.0011138958507379,0.0052910052910052,0.6232247284878863,,,,,,,,,,,,,,,,,,,,,,
Región Pacífico,76,Valle del Cauca,76616,Riofrío,0.5252,0.2858,0.6164,0.2013,0.195,0.4647,0.1366,0.2943,0.3775,0.3865,0.0155965687548739,0.2778788666493371,0.362230309331947,0.0029893423446841,0.0219651676631141,0.0097478554717962,0.2794385235248245,0.0301533662594229,0.0200501253132832,0.4646616541353383,0.0018796992481203,0.0218045112781954,0.4916040100250626,,,,,,,,,,,,,,,,,,,,,,
Región Caribe,44,La Guajira,44001,Riohacha,0.3746,0.4232,0.4397,0.2981,0.2888,0.3315,0.2023,0.2099,0.5589,0.2757,0.0164245752707488,0.1955037725196325,0.5362794915225239,0.001351605673322,0.0101798148813495,0.0226693356601481,0.1993361734161405,0.0182552310561344,0.019942814232902,0.6441918900184843,0.000823128465804,0.0118414972273567,0.3232006700554529,,,,,,,,,,,,,,,,,,,,,,
Región Eje Cafetero - Antioquia,5,Antioquia,05615,Rionegro,0.4303,0.1413,0.505,0.0995,0.0964,0.3808,0.0675,0.2411,0.1867,0.3166,0.0164426147886383,0.4926955444642792,0.1790957776239571,0.0008986362587586,0.0110629409693127,0.0136252686800976,0.2289458025186102,0.0572334146963459,0.0262044409759904,0.2540574814959334,0.0008169835018107,0.0149983538392127,0.7039227401870526,,,,,,,,,,,,,,,,,,,,,,
Región Centro Oriente,68,Santander,68615,Rionegro,0.95,0.0832,0.95,0.0586,0.0567,0.95,0.0397,0.8452,0.1098,0.95,0.0067944014132354,0.0646827014540019,0.1053811659192825,0.0012909362685147,0.0061149612719119,0.0075417855686913,0.8025546949313765,0.0056393531729854,0.0069911445502363,0.1293694653438977,0.0005992409614488,0.0059258272854384,0.8571143218589786,,,,,,,,,,,,,,,,,,,,,,
Región Eje Cafetero - Antioquia,17,Caldas,17614,Riosucio,0.4402,0.2624,0.5166,0.1848,0.1791,0.3895,0.1254,0.2467,0.3466,0.3239,0.0253694142780843,0.3336300516289834,0.332561865764643,0.0072547623286451,0.0253249065337368,0.0077888552608153,0.2341997507566316,0.03387039344846,0.0284011070896316,0.4272088567170534,0.0034915903768362,0.0263998296785182,0.5144986161379604,,,,,,,,,,,,,,,,,,,,,,
Región Pacífico,27,Chocó,27615,Riosucio,0.1751,0.5855,0.2055,0.4124,0.3995,0.1549,0.2799,0.0981,0.7733,0.1288,0.0114306784660766,0.0876352015732546,0.7420108161258604,0.0027040314650934,0.0170845624385447,0.0239675516224188,0.0931661750245821,0.0220009832841691,0.012386618550668,0.8086413732566078,0.0020481810201892,0.0200916804837608,0.156832146688774,,,,,,,,,,,,,,,,,,,,,,
Región Eje Cafetero - Antioquia,17,Caldas,17616,Risaralda,0.7737,0.1547,0.908,0.109,0.1056,0.6846,0.0739,0.4335,0.2043,0.5693,0.0182062092755845,0.3062476044461479,0.1960521272518206,0.0047911077041011,0.0231889612878497,0.0116903027980069,0.4116519739363741,0.0281717133001149,0.0209499729095177,0.2905905725121907,0.0046956835831677,0.0204081632653061,0.6633556077298176,,,,,,,,,,,,,,,,,,,,,,
Región Centro Sur,41,Huila,41615,Rivera,0.7319,0.2829,0.8589,0.1993,0.1931,0.6476,0.1352,0.4101,0.3737,0.5385,0.0143266475644699,0.1788520195951566,0.3585359090488955,0.0012015897957297,0.0138644976430354,0.0241242258988815,0.3894075238007209,0.0196875866531102,0.0193851409052092,0.4469684030742955,0.001195559350982,0.0137489325362937,0.5187019641332195,,,,,,,,,,,,,,,,,,,,,,
Región Pacífico,52,Nariño,52621,Roberto Payán,0.0407,0.7173,0.0478,0.5052,0.4894,0.036,0.3428,0.0228,0.9473,0.03,0.0068842427332993,0.0326364099949005,0.9089750127485976,0.0025497195308516,0.0091789903110657,0.0079041305456399,0.0216726160122386,0.0101988781234064,0.004835784807576,0.9534555712270804,0.000201491033649,0.005843239975821,0.0356639129558734,,,,,,,,,,,,,,,,,,,,,,
Región Pacífico,76,Valle del Cauca,76622,Roldanillo,0.4978,0.2895,0.5842,0.2039,0.1976,0.4405,0.1384,0.2789,0.3824,0.3663,0.0212234013000722,0.2918495471970665,0.3669092727373743,0.0015000833379632,0.0150008333796322,0.0118339907772654,0.2648480471137285,0.0268348241568976,0.0220381110190555,0.4736813035073184,0.0016017674675504,0.0170118751726042,0.4856669428334714,,,,,,,,,,,,,,,,,,,,,,
Región Centro Sur,73,Tolima,73622,Roncesvalles,0.95,0.1242,0.95,0.0875,0.0847,0.9414,0.0594,0.5962,0.164,0.7828,0.0224845418774592,0.2085441259134345,0.1573917931422147,0.0011242270938729,0.0084317032040472,0.0202360876897133,0.5660483417650365,0.0157391793142214,0.0110165247871807,0.1872809213820731,,0.0115172759138708,0.7901852779168753,,,,,,,,,,,,,,,,,,,,,,
Región Centro Oriente,15,Boyacá,15621,Rondón,0.95,0.1644,0.95,0.1158,0.1122,0.95,0.0786,0.6436,0.2171,0.8452,0.0080409356725146,0.1381578947368421,0.2083333333333333,0.0007309941520467,0.0036549707602339,0.0043859649122807,0.6111111111111112,0.0255847953216374,0.0138522427440633,0.2506596306068601,0.0013192612137203,0.0052770448548812,0.728891820580475,,,,,,,,,,,,,,,,,,,,,,
Región Pacífico,19,Cauca,19622,Rosas,0.3218,0.4269,0.3777,0.3007,0.2913,0.2848,0.2041,0.1803,0.5638,0.2368,0.0197909717589504,0.2074716477651768,0.5410273515677118,0.0048921503224371,0.0273515677118078,0.0075605959528574,0.1712252612853013,0.0206804536357571,0.0198019801980198,0.6394059405940594,0.0033663366336633,0.0186138613861386,0.3188118811881188,,,,,,,,,,,,,,,,,,,,,,
Región Centro Sur,73,Tolima,73624,Rovira,0.95,0.1355,0.95,0.0955,0.0925,0.8814,0.0648,0.5581,0.179,0.7329,0.0148645672759304,0.2404756661528297,0.1717683329663069,0.0023122660207002,0.0123320854437348,0.0102400352345298,0.5299493503633561,0.0180576965426117,0.0169120573020294,0.1998607242339833,0.0017906884202148,0.0122363708714683,0.769200159172304,,,,,,,,,,,,,,,,,,,,,,
Región Centro Oriente,68,Santander,68655,Sabana de Torres,0.95,0.1419,0.95,0.1,0.0969,0.95,0.0678,0.7652,0.1875,0.95,0.006267409470752,0.0487465181058495,0.1798746518105849,0.0009749303621169,0.0082869080779944,0.0247910863509749,0.7265320334261839,0.0045264623955431,0.0091314935064935,0.2288284632034632,0.0006764069264069,0.0097402597402597,0.7516233766233766,,,,,,,,,,,,,,,,,,,,,,
Región Caribe,8,Atlántico,08634,Sabanagrande,0.2314,0.4727,0.2716,0.333,0.3226,0.2048,0.226,0.1297,0.6244,0.1703,0.0185528756957328,0.2128520829819531,0.5990892224658458,0.0007589812784617,0.0081801315567549,0.0204924945184685,0.1231236296171361,0.0169505818856468,0.0160776361529548,0.7312427578215527,0.001231170336037,0.0095596755504055,0.2418887601390498,,,,,,,,,,,,,,,,,,,,,,
Región Eje Cafetero - Antioquia,5,Antioquia,05628,Sabanalarga,0.4258,0.0916,0.4997,0.0645,0.0625,0.3768,0.0438,0.2386,0.121,0.3133,0.0237665463297232,0.5788206979542719,0.1161251504211793,0.0048134777376654,0.0114320096269554,0.0063176895306859,0.2265342960288808,0.0321901323706377,0.0177789934354485,0.1608315098468271,0.0046498905908096,0.0082056892778993,0.8085339168490153,,,,,,,,,,,,,,,,,,,,,,
Región Caribe,8,Atlántico,08638,Sabanalarga,0.2671,0.4219,0.3135,0.2972,0.2879,0.2363,0.2017,0.1497,0.5573,0.1965,0.0147868047520952,0.2729068487738804,0.534695374890651,0.0013545164658407,0.008155317888083,0.0095098343539238,0.1421113525411293,0.0164799503343962,0.0143152898404362,0.6781458291254292,0.0007574227428802,0.0078014542516663,0.2989800040395879,,,,,,,,,,,,,,,,,,,,,,
Región Llano,85,Casanare,85300,Sabanalarga,0.95,0.1415,0.95,0.0997,0.0966,0.95,0.0676,0.6766,0.1869,0.8885,0.0098414434117003,0.1306724986331328,0.1793329688354292,0.0010934937124111,0.0021869874248223,0.0207763805358119,0.6424275560415528,0.0136686714051394,0.0198675496688741,0.2297503820682628,,0.0091696383087111,0.7412124299541518,,,,,,,,,,,,,,,,,,,,,,
Región Caribe,47,Magdalena,47660,Sabanas de San Angel,0.2621,0.2354,0.3076,0.1659,0.1607,0.2319,0.1125,0.1469,0.311,0.1929,0.0133114888388285,0.5144378455867294,0.2983821421257424,0.0026622977677657,0.0051198033995494,0.009010853983207,0.1394634446037272,0.0176121236944501,0.0106897942718838,0.3664784187172247,0.0018152480839048,0.0048406615570794,0.6161758773699072,,,,,,,,,,,,,,,,,,,,,,
Región Eje Cafetero - Antioquia,5,Antioquia,05631,Sabaneta,0.2517,0.1582,0.2954,0.1114,0.1079,0.2228,0.0756,0.1411,0.2089,0.1852,0.0180595423603707,0.5586648076765357,0.2004428770606085,0.0004592799147051,0.0065447387845485,0.0101697695398999,0.1339457065529402,0.0717132781103912,0.0296769220457135,0.2786882498826999,0.0003686574167169,0.0088645351565118,0.6824016354983578,,,,,,,,,,,,,,,,,,,,,,
Región Centro Oriente,15,Boyacá,15632,Saboyá,0.95,0.2153,0.95,0.1517,0.147,0.9494,0.1029,0.6012,0.2844,0.7895,0.0112661846309063,0.0976963174709937,0.2729107112829998,0.0026904321506642,0.0164788969228182,0.0090802085084916,0.57087607196906,0.0190011770640659,0.0145813734713076,0.3461900282220131,0.0017246785826277,0.0203825650674192,0.6171213546566322,,,,,,,,,,,,,,,,,,,,,,
Región Llano,85,Casanare,85315,Sácama,0.6475,0.4196,0.7599,0.2956,0.2863,0.573,0.2006,0.3628,0.5542,0.4764,0.0335260115606936,0.0439306358381502,0.5317919075144508,0.0034682080924855,0.0034682080924855,0.0231213872832369,0.3445086705202312,0.0161849710982658,0.0334029227557411,0.6242171189979123,0.0020876826722338,0.0073068893528183,0.3329853862212943,,,,,,,,,,,,,,,,,,,,,,
Región Centro Oriente,15,Boyacá,15638,Sáchica,0.95,0.1986,0.95,0.1399,0.1355,0.95,0.0949,0.65,0.2623,0.8535,0.0097790655559579,0.0521550162984425,0.2517203911626222,0.0007243752263672,0.0076059398768562,0.008692502716407,0.617167692864904,0.0521550162984425,0.013360739979445,0.3086673518328194,0.000685166152792,0.0095923261390887,0.6676944158958548,,,,,,,,,,,,,,,,,,,,,,
Región Caribe,23,Córdoba,23660,Sahagún,0.3073,0.4394,0.3607,0.3095,0.2998,0.2719,0.21,0.1722,0.5803,0.2261,0.0105868926498798,0.2297064322657407,0.5568317024014764,0.0014569118325522,0.0081829881261685,0.0169244591214821,0.163514071340116,0.012796542262584,0.0148874526409627,0.6522620904836194,0.0010697570759973,0.0084020503677289,0.3233786494316915,,,,,,,,,,,,,,,,,,,,,,
Región Centro Sur,41,Huila,41660,Saladoblanco,0.95,0.114,0.95,0.0803,0.0778,0.95,0.0545,0.6889,0.1506,0.9047,0.0087780898876404,0.1678370786516854,0.1444873595505618,0.0015800561797752,0.0049157303370786,0.0070224719101123,0.6541432584269663,0.0112359550561797,0.0085589791472144,0.1758481170245876,0.001244942421413,0.0034235916588857,0.8109243697478992,,,,,,,,,,,,,,,,,,,,,,
Región Eje Cafetero - Antioquia,17,Caldas,17653,Salamina,0.5133,0.162,0.6024,0.1141,0.1105,0.4543,0.0774,0.2877,0.2139,0.3777,0.0230644726193687,0.4135419476665767,0.2052872943080658,0.0041812786619908,0.0215807930941462,0.0053951982735365,0.2731319125977879,0.0538171027785271,0.0271177685950413,0.2982954545454545,0.0047778925619834,0.0240185950413223,0.6457902892561983,,,,,,,,,,,,,,,,,,,,,,
Región Caribe,47,Magdalena,47675,Salamina,0.172,0.3119,0.2018,0.2197,0.2128,0.1522,0.1491,0.0964,0.412,0.1265,0.0133560670645069,0.470872406933788,0.395282750781472,0.0011366865586814,0.0051150895140664,0.0085251491901108,0.0915032679738562,0.014208581983518,0.014091014091014,0.501039501039501,0.0023100023100023,0.0064680064680064,0.4760914760914761,,,,,,,,,,,,,,,,,,,,,,
Región Centro Oriente,54,Norte de Santander,54660,Salazar,0.95,0.0504,0.95,0.0355,0.0344,0.95,0.0241,0.6351,0.0665,0.8339,0.0071570576540755,0.2667992047713717,0.0638170974155069,0.0025844930417495,0.0059642147117296,0.0391650099403578,0.6029821073558648,0.0115308151093439,0.0059723777528928,0.0865994774169466,0.0003732736095558,0.0057857409481149,0.9012691302724898,,,,,,,,,,,,,,,,,,,,,,
Región Centro Sur,73,Tolima,73671,Saldaña,0.9425,0.1825,0.95,0.1286,0.1246,0.834,0.0872,0.5281,0.2411,0.6935,0.0172437964390859,0.203981494462358,0.2313192205243235,0.0008411608019066,0.014720314033366,0.0063087060142997,0.5014720314033366,0.0241132763213234,0.0145492335671603,0.2990387113535983,0.0011691348402182,0.0114315406599116,0.6738113795791114,,,,,,,,,,,,,,,,,,,,,,
Región Eje Cafetero - Antioquia,63,Quindío,63690,Salento,0.5721,0.2081,0.6714,0.1466,0.142,0.5063,0.0995,0.3206,0.2748,0.421,0.0219039595619208,0.3535523729289525,0.2636899747262005,0.0008424599831508,0.0109519797809604,0.0095478798090424,0.3044088739118225,0.03510249929795,0.0302447071762441,0.3337915864723673,0.0008248556502612,0.0175969205389056,0.6175419301622216,,,,,,,,,,,,,,,,,,,,,,
Región Eje Cafetero - Antioquia,5,Antioquia,05642,Salgar,0.4199,0.0658,0.4928,0.0464,0.0449,0.3716,0.0315,0.2353,0.0869,0.309,0.0122664653708246,0.6365351953198717,0.0834119645216078,0.0016984336667295,0.0098131722966597,0.0049065861483298,0.2234383846008681,0.0279297980751085,0.0133626522327469,0.1270297699594046,0.0038903924221921,0.006765899864682,0.8489512855209743,,,,,,,,,,,,,,,,,,,,,,
Región Centro Oriente,15,Boyacá,15646,Samacá,0.95,0.2066,0.95,0.1455,0.141,0.95,0.0987,0.6603,0.2728,0.8671,0.0134514785950677,0.0439841998505391,0.2617700437706843,0.0017081242660403,0.0101419878296146,0.0127041742286751,0.6269883634034376,0.029251628055941,0.0212249848392965,0.3648675965231453,0.0007074994946432,0.0124317768344451,0.6007681423084698,,,,,,,,,,,,,,,,,,,,,,
Región Eje Cafetero - Antioquia,17,Caldas,17662,Samaná,0.95,0.131,0.95,0.0923,0.0894,0.8834,0.0626,0.5594,0.1731,0.7346,0.0172921265636497,0.2375521216580819,0.1660534706892323,0.00392445425558,0.0148393426539121,0.0062545989698307,0.5311503556536669,0.0229335295560461,0.0181797903189828,0.2314298460852108,0.0033459736783403,0.01739906312737,0.729645326790096,,,,,,,,,,,,,,,,,,,,,,
Región Pacífico,52,Nariño,52678,Samaniego,0.0758,0.6762,0.089,0.4763,0.4614,0.0671,0.3232,0.0425,0.8931,0.0558,0.0120614035087719,0.0578007518796992,0.8569078947368421,0.0014097744360902,0.0099467418546365,0.0115131578947368,0.0403352130325814,0.0100250626566416,0.0108688862514835,0.911737147854332,0.0009994378162283,0.0068086701230557,0.0695858579549003,,,,,,,,,,,,,,,,,,,,,,
Región Caribe,70,Sucre,70670,Sampués,0.2192,0.4378,0.2573,0.3084,0.2988,0.194,0.2093,0.1228,0.5783,0.1613,0.0106767322728498,0.2485845241304934,0.5548665408465894,0.0017794553788083,0.0081962793205715,0.0456187651658128,0.1166352116473442,0.0136424912375303,0.0180094786729857,0.6822274881516588,0.0014691943127962,0.0092417061611374,0.2890521327014218,,,,,,,,,,,,,,,,,,,,,,
Región Centro Sur,41,Huila,41668,San Agustín,0.95,0.2566,0.95,0.1808,0.1751,0.8439,0.1227,0.5344,0.3389,0.7017,0.0204457021577644,0.104209409267775,0.325221082419526,0.0017686593562079,0.0100459851432614,0.0162716660771135,0.5073929961089494,0.0146444994694021,0.0224169683114244,0.4131580618530514,0.0023496539023306,0.0106051946402489,0.5514701212929447,,,,,,,,,,,,,,,,,,,,,,
Región Caribe,20,Cesar,20710,San Alberto,0.95,0.2226,0.95,0.1568,0.1519,0.95,0.1064,0.6517,0.2939,0.8558,0.0077451918893046,0.0586545992515881,0.2820468192498477,0.0006961970237577,0.0099208075885475,0.0158384822904882,0.6188321294926464,0.0062657732138195,0.0098551718227783,0.3504156311594824,0.0010283657554203,0.0095123832376381,0.6291884480246808,,,,,,,,,,,,,,,,,,,,,,
Región Centro Oriente,68,Santander,68669,San Andrés,0.95,0.098,0.95,0.069,0.0668,0.95,0.0468,0.792,0.1294,0.95,0.0068545316070068,0.0936785986290936,0.1241431835491241,0.0012693577050012,0.0088855039350088,0.0048235592790048,0.751967504442752,0.0083777608530083,0.0089877010406811,0.1565752128666035,0.0011825922421948,0.0047303689687795,0.8285241248817408,,,,,,,,,,,,,,,,,,,,,,
Región Caribe,88,"Archipiélago de San Andrés, Providencia y Santa Catalina",88001,San Andrés,0.3375,0.3134,0.3961,0.2207,0.2138,0.2987,0.1498,0.1891,0.4139,0.2484,0.0359441672090836,0.3025963694221451,0.3971215737325522,0.0013741230925001,0.0054964923700007,0.0386200911260577,0.1795761915093657,0.0392709915382946,0.0398834574295888,0.5044350922628682,0.0011006798316607,0.0060861120103593,0.4484946584655228,,,,,,,,,,,,,,,,,,,,,,
Región Eje Cafetero - Antioquia,5,Antioquia,05647,San Andrés de Cuerquía,0.6013,0.1061,0.7056,0.0748,0.0724,0.5321,0.0507,0.3369,0.1402,0.4424,0.029646017699115,0.4185840707964601,0.1345132743362831,0.0079646017699115,0.025221238938053,0.0172566371681415,0.3199115044247788,0.0469026548672566,0.0225435984687367,0.1884304551254785,0.0034028073160357,0.0212675457252233,0.7643555933645257,,,,,,,,,,,,,,,,,,,,,,
Región Pacífico,52,Nariño,52835,San Andrés de Tumaco,0.1699,0.4623,0.1994,0.3256,0.3155,0.1503,0.221,0.0952,0.6106,0.125,0.025089314712569,0.2181511854498213,0.5858436180578109,0.00552127314063,0.0215776226047418,0.0273627801234166,0.0903905488795063,0.0260636570315037,0.0226648835081297,0.7224079679031463,0.0027275286830435,0.0179840923488421,0.2342155275568381,,,,,,,,,,,,,,,,,,,,,,
Región Caribe,23,Córdoba,23670,San Andrés Sotavento,0.1676,0.4396,0.1966,0.3097,0.3,0.1483,0.2101,0.0939,0.5807,0.1233,0.0090156270869507,0.2928409242687325,0.5571657539735542,0.0022038199545879,0.0080138907439561,0.0247094964605315,0.0891545345265126,0.0168959529851743,0.011565401531194,0.6544496932182223,0.0017375251126676,0.0072215887495248,0.3250257913883911,,,,,,,,,,,,,,,,,,,,,,
Región Caribe,23,Córdoba,23672,San Antero,0.1878,0.3366,0.2204,0.2371,0.2297,0.1662,0.1609,0.1052,0.4446,0.1382,0.0144473455178416,0.4175805047867711,0.4266318537859008,0.0025239338555265,0.0084421235857267,0.0134029590948651,0.0999129677980853,0.0170583115752828,0.0165555472320023,0.516368267285939,0.001722975503783,0.0091392613678927,0.4562139486103828,,,,,,,,,,,,,,,,,,,,,,
Región Centro Sur,73,Tolima,73675,San Antonio,0.95,0.1249,0.95,0.088,0.0852,0.9325,0.0597,0.5905,0.165,0.7754,0.0151963686599565,0.2091967633708308,0.1582790605881192,0.0029603315571343,0.0134201697256759,0.0211170317742253,0.5606867969212552,0.0191434774028024,0.0169333829549683,0.2108299218459248,0.0018608113137327,0.0137700037216226,0.7566058801637514,,,,,,,,,,,,,,,,,,,,,,
Región Centro Oriente,25,Cundinamarca,25645,San Antonio del Tequendama,0.95,0.2001,0.95,0.141,0.1366,0.9433,0.0957,0.5974,0.2643,0.7844,0.0110719677906391,0.1234692165744002,0.2536487166582788,0.0013420567018956,0.0043616842811608,0.0060392551585304,0.5671867136386513,0.0328803891964435,0.017327935222672,0.3323076923076923,0.0016194331983805,0.0076113360323886,0.6411336032388664,,,,,,,,,,,,,,,,,,,,,,
Región Centro Oriente,68,Santander,68673,San Benito,0.95,0.0709,0.95,0.0499,0.0484,0.95,0.0339,0.8988,0.0936,0.95,0.0024953212726138,0.0417966313162819,0.0898315658140985,0.0018714909544603,0.0018714909544603,0.0031191515907673,0.8533998752339363,0.0056144728633811,0.0052447552447552,0.1095571095571095,0.0011655011655011,0.0029137529137529,0.8811188811188811,,,,,,,,,,,,,,,,,,,,,,
Región Caribe,70,Sucre,70678,San Benito Abad,0.1758,0.4197,0.2063,0.2956,0.2864,0.1556,0.2006,0.0985,0.5543,0.1294,0.0064919451791295,0.3196681894686222,0.5318586198605434,0.0019235393123346,0.0030055301755229,0.0252464534743928,0.0935320990622745,0.0182736234671796,0.00814332247557,0.605288369419429,0.0006706265568116,0.004502778310021,0.3813949032381682,,,,,,,,,,,,,,,,,,,,,,
Región Centro Oriente,25,Cundinamarca,25649,San Bernardo,0.95,0.1987,0.95,0.14,0.1356,0.95,0.095,0.6342,0.2625,0.8328,0.0087912087912087,0.1028571428571428,0.2518681318681319,0.0006593406593406,0.0076923076923076,0.0041758241758241,0.6021978021978022,0.0217582417582417,0.009925558312655,0.3393300248138958,0.0008271298593879,0.0078577336641852,0.642059553349876,,,,,,,,,,,,,,,,,,,,,,
Región Pacífico,52,Nariño,52685,San Bernardo,0.3986,0.4141,0.4678,0.2917,0.2826,0.3527,0.198,0.2234,0.547,0.2933,0.0217725409836065,0.2085040983606557,0.5248463114754098,0.0017930327868852,0.0112704918032786,0.0053790983606557,0.2120901639344262,0.0143442622950819,0.0256750774679061,0.6111111111111112,0.0024347056219566,0.014165559982293,0.3466135458167331,,,,,,,,,,,,,,,,,,,,,,
Región Caribe,23,Córdoba,23675,San Bernardo del Viento,0.1598,0.4844,0.1875,0.3412,0.3305,0.1414,0.2315,0.0895,0.6397,0.1176,0.0138163138783101,0.2505535382162784,0.613851740324152,0.0018598884066955,0.0050482685324594,0.014436276680542,0.0850234700203702,0.0154105039411921,0.0125713460010114,0.7052958601257134,0.0015172314139151,0.0062856730005057,0.2743298894588541,,,,,,,,,,,,,,,,,,,,,,
Región Centro Oriente,54,Norte de Santander,54670,San Calixto,0.2228,0.6626,0.2615,0.4668,0.4522,0.1972,0.3167,0.1249,0.8752,0.164,0.0085071350164654,0.0208562019758507,0.8397365532381997,,0.0074094401756311,0.002469813391877,0.1185510428100987,0.002469813391877,0.006505159264244,0.9055630327501122,0.000224315836698,0.0103185284881112,0.0773889636608344,,,,,,,,,,,,,,,,,,,,,,
Región Eje Cafetero - Antioquia,5,Antioquia,05649,San Carlos,0.5217,0.1249,0.6123,0.088,0.0853,0.4617,0.0597,0.2924,0.165,0.3839,0.0114155251141552,0.4860327692720924,0.1583400483481063,0.0024174053182917,0.0096696212731668,0.0118184260005372,0.2775987107171636,0.0427074939564867,0.0156470437347697,0.2037963319225343,0.0017955623957932,0.0079517763242272,0.7708092856226754,,,,,,,,,,,,,,,,,,,,,,
Región Caribe,23,Córdoba,23678,San Carlos,0.2833,0.3444,0.3324,0.2426,0.235,0.2507,0.1646,0.1587,0.4548,0.2084,0.0128273650454302,0.3681186531266702,0.4363976483164083,0.0020042757883484,0.0069481560662747,0.0084179583110636,0.1507215392838054,0.0145644040619989,0.0111759469884284,0.4978736030066264,0.0024725546434576,0.0056374245870833,0.4828404707744041,,,,,,,,,,,,,,,,,,,,,,
Región Llano,50,Meta,50680,San Carlos de Guaroa,0.95,0.1488,0.95,0.1048,0.1016,0.95,0.0711,0.7049,0.1966,0.9256,0.0102127659574468,0.0883404255319148,0.188595744680851,0.0013617021276595,0.0134468085106382,0.0199148936170212,0.6692765957446809,0.0088510638297872,0.0114656031904287,0.2500830840810901,0.0006646726487205,0.0154536390827517,0.7223330009970089,,,,,,,,,,,,,,,,,,,,,,
Región Centro Oriente,25,Cundinamarca,25653,San Cayetano,0.95,0.0972,0.95,0.0684,0.0663,0.95,0.0464,0.7188,0.1283,0.9439,0.0052770448548812,0.1534740545294635,0.1231310466138962,0.0021987686895338,0.0048372911169744,0.015391380826737,0.6824978012313104,0.0131926121372031,0.0104838709677419,0.1512096774193548,0.0016129032258064,0.0028225806451612,0.8338709677419355,,,,,,,,,,,,,,,,,,,,,,
Región Centro Oriente,54,Norte de Santander,54673,San Cayetano,0.95,0.0763,0.95,0.0538,0.0521,0.95,0.0365,0.6642,0.1008,0.8721,0.0066857688634192,0.2311365807067812,0.0967048710601719,0.0014326647564469,0.0066857688634192,0.0162368672397325,0.6306112702960841,0.0105062082139446,0.0078722447143499,0.1311291048133153,0.0008996851102114,0.0047233468286099,0.8553756185335133,,,,,,,,,,,,,,,,,,,,,,
Región Caribe,13,Bolívar,13620,San Cristóbal,0.1177,0.4118,0.1382,0.29,0.281,0.1042,0.1968,0.066,0.5438,0.0866,0.0095078299776286,0.3901006711409396,0.5218120805369127,0.0008389261744966,0.0033557046979865,0.0036353467561521,0.0626398210290827,0.0081096196868008,0.0100225507391631,0.6484590328238536,,0.0027562014532698,0.3387622149837133,,,,,,,,,,,,,,,,,,,,,,
Región Caribe,20,Cesar,20750,San Diego,0.4989,0.3147,0.5855,0.2217,0.2148,0.4415,0.1504,0.2796,0.4156,0.3671,0.0143696930111038,0.2862181580666231,0.398824297844546,0.0015676028739386,0.0087524493794905,0.012671456564337,0.2654474199869366,0.0121489222730241,0.0143406785589366,0.4709105747930512,0.0006995452955578,0.0089774979596595,0.5050717033927947,,,,,,,,,,,,,,,,,,,,,,
Región Centro Oriente,15,Boyacá,15660,San Eduardo,0.95,0.1912,0.95,0.1347,0.1305,0.95,0.0914,0.6644,0.2525,0.8725,0.0228571428571428,0.0697142857142857,0.2422857142857143,0.0022857142857142,0.0022857142857142,0.0057142857142857,0.6308571428571429,0.024,0.0324214792299898,0.3009118541033435,0.0020263424518743,0.0050658561296859,0.6595744680851063,,,,,,,,,,,,,,,,,,,,,,
Región Caribe,13,Bolívar,13647,San Estanislao,0.1466,0.2645,0.1721,0.1863,0.1805,0.1297,0.1264,0.0822,0.3493,0.1079,0.0191752035723666,0.5210139217231415,0.3351720514841082,0.0021013921723141,0.0090622537431048,0.0164171263462043,0.0780141843971631,0.019043866561597,0.0196636161266386,0.4515211476626267,0.0016077170418006,0.0076675735839722,0.5195399455849616,,,,,,,,,,,,,,,,,,,,,,
Región Llano,94,Guainía,94883,San Felipe,0.8308,0.2516,0.95,0.1772,0.1717,0.7351,0.1203,0.4655,0.3323,0.6113,0.0072463768115942,0.1304347826086956,0.3188405797101449,0.0144927536231884,0.0072463768115942,0.0144927536231884,0.4420289855072464,0.0652173913043478,0.0141509433962264,0.3349056603773584,,0.0094339622641509,0.6415094339622641,,,,,,,,,,,,,,,,,,,,,,
Región Caribe,13,Bolívar,13650,San Fernando,0.351,0.3639,0.4119,0.2563,0.2483,0.3106,0.1739,0.1967,0.4806,0.2583,0.0057820179242555,0.3148308759757155,0.4611159294593813,0.0046256143394044,0.0037583116507661,0.0080948250939577,0.1867591789534547,0.0150332466030644,0.0099085365853658,0.5048272357723578,0.0005081300813008,0.0030487804878048,0.4817073170731707,,,,,,,,,,,,,,,,,,,,,,
Región Eje Cafetero - Antioquia,5,Antioquia,05652,San Francisco,0.3998,0.106,0.4692,0.0747,0.0724,0.3538,0.0507,0.2241,0.1401,0.2942,0.0098864884657634,0.5554741852801172,0.1343830098864884,0.0058586598315635,0.009154155986818,0.0131819846210179,0.2127425851336506,0.0593189307945807,0.01318391562294,0.1901779828609097,0.0023071852340145,0.0049439683586025,0.7893869479235333,,,,,,,,,,,,,,,,,,,,,,
Región Centro Oriente,25,Cundinamarca,25658,San Francisco,0.95,0.1561,0.95,0.11,0.1065,0.8979,0.0746,0.5686,0.2062,0.7467,0.0134803921568627,0.1915266106442577,0.197829131652661,0.0014005602240896,0.0066526610644257,0.0129551820728291,0.5399159663865546,0.0362394957983193,0.0170473917490623,0.257927037163314,0.0001704739174906,0.009035117627003,0.7158199795431299,,,,,,,,,,,,,,,,,,,,,,
Región Centro Sur,86,Putumayo,86755,San Francisco,0.2536,0.4662,0.2976,0.3284,0.3182,0.2244,0.2229,0.1421,0.6158,0.1866,0.0234003656307129,0.2146252285191956,0.5908592321755027,0.0018281535648994,0.0109689213893967,0.0043875685557586,0.1349177330895795,0.0190127970749542,0.0236704580387334,0.7002766676913618,0.0027666769136181,0.0150630187519213,0.2582231786043652,,,,,,,,,,,,,,,,,,,,,,
Región Centro Oriente,68,Santander,68679,San Gil,0.95,0.1501,0.95,0.1058,0.1025,0.95,0.0718,0.7529,0.1983,0.95,0.0054352890020809,0.069882287169612,0.1902661738671305,0.0002795291486784,0.0030127030468677,0.0066465819796875,0.7148492095536851,0.0096282262322576,0.0101950218902121,0.2362612129932951,0.0004592352202798,0.0033371092673667,0.7497474206288461,,,,,,,,,,,,,,,,,,,,,,
Región Caribe,13,Bolívar,13654,San Jacinto,0.2392,0.3453,0.2807,0.2432,0.2356,0.2117,0.165,0.134,0.4561,0.176,0.0133120340788072,0.3756123535676251,0.4375931842385516,0.0022364217252396,0.0085197018104366,0.0145899893503727,0.1272630457933972,0.0208732694355697,0.0175532388844337,0.5347055154593247,0.0015147465027176,0.0087320680744898,0.4374944310790341,,,,,,,,,,,,,,,,,,,,,,
Región Caribe,13,Bolívar,13655,San Jacinto del Cauca,0.3815,0.2732,0.4477,0.1924,0.1864,0.3376,0.1306,0.2138,0.3608,0.2807,0.010204081632653,0.3611516034985422,0.3462099125364432,0.0014577259475218,0.0065597667638483,0.0491982507288629,0.2029883381924198,0.0222303206997084,0.0139384116693679,0.4074554294975688,0.0009724473257698,0.0029173419773095,0.5747163695299838,,,,,,,,,,,,,,,,,,,,,,
Región Eje Cafetero - Antioquia,5,Antioquia,05656,San Jerónimo,0.4804,0.1017,0.5638,0.0716,0.0694,0.4251,0.0486,0.2692,0.1343,0.3535,0.0162023016353725,0.5461841308298001,0.1288612961841308,0.0021199273167777,0.0140823743185947,0.0054512416717141,0.2556026650514839,0.0314960629921259,0.0218192540173964,0.1723426212590299,0.0017691287041132,0.0128261831048208,0.7912428129146395,,,,,,,,,,,,,,,,,,,,,,
Región Centro Oriente,68,Santander,68682,San Joaquín,0.95,0.0734,0.95,0.0517,0.0501,0.95,0.0351,0.8599,0.097,0.95,0.0041911148365465,0.0678960603520536,0.0930427493713327,0.0016764459346186,0.0016764459346186,0.0092204526404023,0.8164291701592624,0.0058675607711651,0.012022630834512,0.1011315417256011,0.0014144271570014,0.0042432814710042,0.8811881188118812,,,,,,,,,,,,,,,,,,,,,,
Región Eje Cafetero - Antioquia,17,Caldas,17665,San José,0.7908,0.1628,0.9281,0.1147,0.1111,0.6998,0.0778,0.4432,0.2151,0.5819,0.0134253931722286,0.2953586497890295,0.206367472190257,0.002301495972382,0.0138089758342922,0.0118910625239739,0.4207901802838512,0.0360567702339854,0.023512123438648,0.3210874357090374,0.0011021307861866,0.0157972079353416,0.6385011021307861,,,,,,,,,,,,,,,,,,,,,,
Región Eje Cafetero - Antioquia,5,Antioquia,05658,San José de La Montaña,0.5732,0.091,0.6727,0.0641,0.0621,0.5073,0.0435,0.3212,0.1201,0.4218,0.0375494071146245,0.41699604743083,0.1152832674571805,0.0059288537549407,0.025691699604743,0.0158102766798418,0.3050065876152832,0.077733860342556,0.0299674267100977,0.1785016286644951,0.0052117263843648,0.0188925081433224,0.7674267100977199,,,,,,,,,,,,,,,,,,,,,,
Región Centro Oriente,68,Santander,68684,San José de Miranda,0.95,0.0772,0.95,0.0544,0.0527,0.95,0.0369,0.8057,0.1019,0.95,0.010948905109489,0.1051094890510948,0.0978102189781021,0.0021897810218978,0.0021897810218978,0.0080291970802919,0.7649635036496351,0.0087591240875912,0.0076601671309192,0.1197771587743732,0.0003481894150417,0.0052228412256267,0.866991643454039,,,,,,,,,,,,,,,,,,,,,,
Región Centro Oriente,15,Boyacá,15664,San José de Pare,0.95,0.1035,0.95,0.0729,0.0706,0.95,0.0495,0.749,0.1367,0.95,0.0047570506286102,0.1199456337071016,0.1311586816173972,0.00067957866123,0.0037376826367652,0.0084947332653754,0.7111790689772342,0.0200475705062861,0.0070856438693776,0.158656808379544,0.0006161429451632,0.0036968576709796,0.8299445471349353,,,,,,,,,,,,,,,,,,,,,,
Región Caribe,23,Córdoba,23682,San José de Uré,0.1494,0.5703,0.1754,0.4017,0.3892,0.1322,0.2726,0.0837,0.7532,0.11,0.012539184952978,0.1410658307210031,0.7227130236534626,0.0034197777144485,0.0068395554288971,0.0210886292390994,0.079509831860929,0.0128241664291821,0.017457585443816,0.7941971969510696,0.0012294074256208,0.0071305630686009,0.1799852471108925,,,,,,,,,,,,,,,,,,,,,,
Región Centro Sur,18,Caquetá,18610,San José del Fragua,0.95,0.2553,0.95,0.1799,0.1742,0.8628,0.122,0.5464,0.3372,0.7175,0.0183689947517157,0.0976988292289059,0.323576907549455,0.0024222850222042,0.0143318530480419,0.0111021396851029,0.5187727089220832,0.0137262817924909,0.0217511520737327,0.3939170506912442,0.0020276497695852,0.0132718894009216,0.5690322580645162,,,,,,,,,,,,,,,,,,,,,,
Región Llano,95,Guaviare,95001,San José del Guaviare,0.9024,0.2659,0.95,0.1873,0.1815,0.7986,0.1271,0.5057,0.3512,0.664,0.0229004252303331,0.1014794472005669,0.3369950389794472,0.0016389085754783,0.0174964564138908,0.0201098511693834,0.4801559177888023,0.0192239546420978,0.0321684038422235,0.4189658696096464,0.0013079910075618,0.0195381156754547,0.5280196198651135,,,,,,,,,,,,,,,,,,,,,,
Región Pacífico,27,Chocó,27660,San José del Palmar,0.5696,0.3963,0.6684,0.2792,0.2705,0.504,0.1894,0.3192,0.5235,0.4191,0.0213740458015267,0.0984732824427481,0.5022900763358779,0.0106870229007633,0.032824427480916,0.0122137404580152,0.3030534351145038,0.0190839694656488,0.0138705416116248,0.6017173051519155,0.0026420079260237,0.0171730515191545,0.3645970937912813,,,,,,,,,,,,,,,,,,,,,,
Región Llano,50,Meta,50683,San Juan de Arama,0.95,0.2301,0.95,0.1621,0.157,0.8605,0.11,0.5449,0.3039,0.7155,0.0128405887879736,0.1368618853742562,0.2915753210147197,0.0009395552771688,0.0122142186031944,0.0134669589727528,0.517381772627623,0.0147196993423113,0.0197907831495617,0.368108566581849,0.001696352841391,0.0115917444161718,0.5988125530110263,,,,,,,,,,,,,,,,,,,,,,
Región Caribe,70,Sucre,70702,San Juan de Betulia,0.1407,0.4791,0.1651,0.3375,0.3269,0.1245,0.229,0.0789,0.6328,0.1035,0.008475773414324,0.276451476197203,0.60714790224608,0.0011301031219098,0.0049442011583557,0.0179403870603192,0.0748693318265291,0.0090408249752789,0.0114152289531716,0.671812167596316,0.0015566221299779,0.0054481774549228,0.3097678038656116,,,,,,,,,,,,,,,,,,,,,,
Región Centro Oriente,25,Cundinamarca,25662,San Juan de Río Seco,0.95,0.1792,0.95,0.1262,0.1223,0.8691,0.0856,0.5504,0.2367,0.7227,0.0120244431302976,0.1961364084368224,0.2270845653459491,0.0013798541297062,0.0082791247782377,0.0128129312044155,0.5225704711216242,0.0197122018529469,0.0157769216657494,0.2834342322509631,0.0014676206200697,0.0097229866079618,0.689598238855256,,,,,,,,,,,,,,,,,,,,,,
Región Eje Cafetero - Antioquia,5,Antioquia,05659,San Juan de Urabá,0.3582,0.2925,0.4204,0.206,0.1996,0.317,0.1398,0.2007,0.3863,0.2636,0.013573407202216,0.3650969529085872,0.3706371191135734,0.003185595567867,0.0052631578947368,0.0173130193905817,0.1905817174515235,0.0343490304709141,0.0132594283230083,0.4133246386262362,0.0020649929355504,0.0052168242582328,0.566134115856972,,,,,,,,,,,,,,,,,,,,,,
Región Caribe,44,La Guajira,44650,San Juan del Cesar,0.4628,0.3075,0.5431,0.2166,0.2098,0.4095,0.147,0.2593,0.4062,0.3405,0.0120228434024646,0.3196272918545236,0.3897204688908927,0.0010219416892094,0.0089570183348361,0.0069131349564171,0.2462278328824767,0.0155094679891794,0.0149300644350149,0.4659227827544659,0.0005762481010005,0.0112106448740112,0.5073602598355074,,,,,,,,,,,,,,,,,,,,,,
Región Caribe,13,Bolívar,13657,San Juan Nepomuceno,0.3848,0.2883,0.4516,0.203,0.1967,0.3405,0.1378,0.2157,0.3807,0.2832,0.0158204007834865,0.3767515443724574,0.3653005876148862,0.002410727738436,0.0080608708753955,0.0076841946662648,0.2047611872834111,0.0192104866656621,0.0150420003907013,0.4523669987627792,0.0015628052353975,0.0069675066744806,0.5240606889366413,,,,,,,,,,,,,,,,,,,,,,
Región Llano,50,Meta,50686,San Juanito,0.95,0.0828,0.95,0.0583,0.0565,0.95,0.0396,0.7554,0.1094,0.95,0.0271604938271604,0.1296296296296296,0.1049382716049382,0.0024691358024691,0.0024691358024691,0.0037037037037037,0.717283950617284,0.0123456790123456,0.024390243902439,0.1629711751662971,,0.0099778270509977,0.802660753880266,,,,,,,,,,,,,,,,,,,,,,
Región Pacífico,52,Nariño,52687,San Lorenzo,0.2217,0.4814,0.2602,0.3391,0.3285,0.1962,0.2301,0.1242,0.6359,0.1631,0.0212652133208506,0.1849672328473987,0.6101377557844055,0.0049485087601979,0.0242075698809683,0.0148455262805938,0.1179617493647184,0.0216664437608666,0.0191430161380077,0.7381190873678353,0.0027824151363383,0.0240400667779632,0.2159154145798553,,,,,,,,,,,,,,,,,,,,,,
Región Eje Cafetero - Antioquia,5,Antioquia,05660,San Luis,0.8818,0.1081,0.95,0.0761,0.0738,0.7803,0.0517,0.4941,0.1428,0.6488,0.014,0.3273333333333333,0.137,0.0038333333333333,0.0061666666666666,0.011,0.4691666666666667,0.0315,0.0165458556571068,0.1790104002521273,0.0025212732429877,0.0048849669082886,0.7970375039394895,,,,,,,,,,,,,,,,,,,,,,
Región Centro Sur,73,Tolima,73678,San Luis,0.9271,0.1329,0.95,0.0936,0.0907,0.8204,0.0635,0.5195,0.1755,0.6822,0.0109652286827297,0.2806232866830183,0.168373972009811,0.0021641898715914,0.010820949357957,0.0124080219304573,0.4932910113980666,0.0213533400663684,0.0097419694576092,0.2080042127435492,0.0013164823591363,0.0080305423907319,0.7729067930489731,,,,,,,,,,,,,,,,,,,,,,
Región Centro Oriente,15,Boyacá,15667,San Luis de Gaceno,0.95,0.0867,0.95,0.061,0.0591,0.95,0.0414,0.7909,0.1145,0.95,0.0091172813924575,0.099461251554082,0.1098217985909656,0.0008288437629506,0.0070451719850808,0.0058019063406547,0.7509324492333195,0.016991297140489,0.0082768999247554,0.1437170805116629,0.0011286681715575,0.0086531226486079,0.8382242287434161,,,,,,,,,,,,,,,,,,,,,,
Región Llano,85,Casanare,85325,San Luis de Gaceno,0.95,0.0977,0.95,0.0688,0.0667,0.95,0.0467,0.7514,0.129,0.95,0.0108465608465608,0.1182539682539682,0.1238095238095238,0.0031746031746031,0.0068783068783068,0.0103174603174603,0.7134920634920635,0.0132275132275132,0.0117130307467057,0.1461688628599316,0.0007320644216691,0.0058565153733528,0.8355295265983407,,,,,,,,,,,,,,,,,,,,,,
Región Caribe,70,Sucre,70742,San Luis de Sincé,0.1915,0.3675,0.2247,0.2589,0.2508,0.1694,0.1756,0.1073,0.4853,0.1409,0.0157742402315484,0.3600578871201157,0.4657018813314038,0.0022431259044862,0.0101302460202604,0.0282199710564399,0.1018813314037626,0.0159913169319826,0.0177698507068304,0.5531113753468093,0.0011890606420927,0.0110978993261989,0.4168318139780684,,,,,,,,,,,,,,,,,,,,,,
Región Caribe,70,Sucre,70708,San Marcos,0.3402,0.3838,0.3992,0.2703,0.2619,0.301,0.1834,0.1906,0.5069,0.2503,0.0122928383018961,0.2696461454237794,0.4863385258547752,0.002787040262778,0.0079629721793659,0.0215995620365301,0.1810083113522122,0.0183646045886627,0.0150053116147308,0.578125,0.0016820113314447,0.0079674220963172,0.397220254957507,,,,,,,,,,,,,,,,,,,,,,
Región Caribe,20,Cesar,20770,San Martín,0.95,0.2053,0.95,0.1446,0.1401,0.95,0.0981,0.6471,0.2711,0.8497,0.0082984002053212,0.0689537171699888,0.2601591239626999,0.0027376165625802,0.0160834973051586,0.0207887757720934,0.6144238172640945,0.0085550517580631,0.0117879882980554,0.34064704870074,0.0008604371020478,0.0138530373429702,0.6328514885561866,,,,,,,,,,,,,,,,,,,,,,
Región Llano,50,Meta,50689,San Martín,0.95,0.1401,0.95,0.0987,0.0956,0.95,0.067,0.6621,0.185,0.8694,0.0149356223175965,0.1303862660944206,0.1775107296137339,0.0010300429184549,0.011931330472103,0.0203433476394849,0.6286695278969957,0.0151931330472103,0.0166357034284749,0.2416821482857625,0.0006755615605472,0.0150312447221753,0.72597534200304,,,,,,,,,,,,,,,,,,,,,,
Región Caribe,13,Bolívar,13667,San Martín de Loba,0.3184,0.361,0.3737,0.2543,0.2464,0.2818,0.1726,0.1785,0.4768,0.2343,0.009438202247191,0.3085393258426966,0.4575280898876404,0.0031460674157303,0.0042696629213483,0.0240449438202247,0.169438202247191,0.0235955056179775,0.0092100602196245,0.4895501239815799,0.0005313496280552,0.0046050301098122,0.4961034360609281,,,,,,,,,,,,,,,,,,,,,,
Región Centro Oriente,15,Boyacá,15673,San Mateo,0.95,0.0652,0.95,0.046,0.0445,0.95,0.0312,0.6328,0.0862,0.831,0.0089520800421274,0.2759347024749868,0.0826750921537651,0.0015797788309636,0.0047393364928909,0.0052659294365455,0.6008425487098473,0.020010531858873,0.0157517899761336,0.118854415274463,0.0028639618138424,0.0066825775656324,0.8558472553699285,,,,,,,,,,,,,,,,,,,,,,
Región Centro Oriente,68,Santander,68686,San Miguel,0.95,0.1133,0.95,0.0798,0.0773,0.95,0.0542,0.7311,0.1497,0.95,0.0077220077220077,0.1335907335907336,0.1436293436293436,0.0046332046332046,0.0054054054054054,0.0061776061776061,0.6942084942084942,0.0046332046332046,0.0085531004989308,0.1746258018531717,0.0035637918745545,0.0028510334996436,0.8104062722736992,,,,,,,,,,,,,,,,,,,,,,
Región Centro Sur,86,Putumayo,86757,San Miguel,0.1294,0.6514,0.1519,0.4589,0.4445,0.1145,0.3114,0.0725,0.8604,0.0952,0.0200892857142857,0.0470467032967032,0.8255494505494505,0.0042925824175824,0.0127060439560439,0.010473901098901,0.0688530219780219,0.0109890109890109,0.012638674343491,0.892009549220615,0.0014042971492767,0.008706642325516,0.0852408369611009,,,,,,,,,,,,,,,,,,,,,,
Región Centro Oriente,15,Boyacá,15676,San Miguel de Sema,0.95,0.1286,0.95,0.0906,0.0878,0.95,0.0615,0.6989,0.1699,0.9178,0.0133819951338199,0.1155717761557177,0.1630170316301703,0.0030413625304136,0.0091240875912408,0.0036496350364963,0.6636253041362531,0.028588807785888,0.0196873190503763,0.2223508975101331,0.0011580775911986,0.0086855819339895,0.7481181239143022,,,,,,,,,,,,,,,,,,,,,,
Región Caribe,70,Sucre,70713,San Onofre,0.102,0.4352,0.1197,0.3065,0.297,0.0903,0.208,0.0572,0.5748,0.0751,0.0139631777490006,0.3336523844378132,0.5514892179494398,0.0038286132537582,0.0093463205900568,0.0139631777490006,0.0542762231856314,0.0194808850852992,0.0137399298176246,0.676222013542233,0.0023723619828992,0.008896357435872,0.298769337221371,,,,,,,,,,,,,,,,,,,,,,
Región Pacífico,52,Nariño,52693,San Pablo,0.0841,0.666,0.0987,0.4691,0.4545,0.0744,0.3183,0.0471,0.8796,0.0619,0.0109321908701433,0.0717979022012114,0.843994681636874,0.0020682523267838,0.0098980647067513,0.0075343477618555,0.0447628896439651,0.0090116708524154,0.0102818434740534,0.8910124591750332,0.00193540583041,0.0078625861860408,0.0889077053344623,,,,,,,,,,,,,,,,,,,,,,
Región Caribe,13,Bolívar,13670,San Pablo de Borbur,0.9367,0.2849,0.95,0.2007,0.1944,0.8289,0.1362,0.5249,0.3763,0.6893,0.0085001075962986,0.0903808908973531,0.3610931783946632,0.0021519259737465,0.0093608779857972,0.0221648375295889,0.4983860555196901,0.007962126102862,0.0114503816793893,0.4458798199256215,0.001957330201605,0.0071442552358582,0.533568212957526,,,,,,,,,,,,,,,,,,,,,,
Región Centro Oriente,15,Boyacá,15681,San Pablo de Borbur,0.95,0.0842,0.95,0.0593,0.0575,0.95,0.0402,0.7754,0.1112,0.95,0.0072895957587806,0.1096752816434725,0.1066931742876076,0.002650762094102,0.0102717031146454,0.0152418820410868,0.7362491716368456,0.0119284294234592,0.0079365079365079,0.1431623931623931,0.0012210012210012,0.0079365079365079,0.8397435897435898,,,,,,,,,,,,,,,,,,,,,,
Región Eje Cafetero - Antioquia,5,Antioquia,05664,San Pedro,0.6631,0.1021,0.7782,0.0719,0.0696,0.5868,0.0488,0.3716,0.1348,0.4879,0.0215172850249189,0.4260738865596076,0.1293410331461118,0.0018194763072541,0.0159797484376236,0.0102839965192627,0.3528201882762439,0.0421643857289771,0.0303541315345699,0.1868772037406101,0.0015330369461904,0.0155603250038325,0.7656753027747969,,,,,,,,,,,,,,,,,,,,,,
Región Caribe,70,Sucre,70717,San Pedro,0.2171,0.4225,0.2548,0.2976,0.2883,0.1921,0.2019,0.1217,0.558,0.1598,0.0125,0.3036830357142857,0.5353794642857143,0.0010044642857142,0.0058035714285714,0.01328125,0.1155133928571428,0.0128348214285714,0.0159910368710531,0.6070482786718272,0.0021389284986759,0.0063149317579955,0.3685068242004481,,,,,,,,,,,,,,,,,,,,,,
Región Pacífico,76,Valle del Cauca,76670,San Pedro,0.4169,0.3532,0.4892,0.2488,0.241,0.3689,0.1688,0.2336,0.4665,0.3068,0.0181727657455812,0.2649987552900174,0.447597709733632,0.001244709982574,0.0191685337316405,0.0065969629076425,0.2218073188946975,0.0204132437142145,0.015625,0.5655048076923077,0.0018028846153846,0.0164663461538461,0.4006009615384615,,,,,,,,,,,,,,,,,,,,,,
Región Pacífico,52,Nariño,52694,San Pedro de Cartago,0.6045,0.3454,0.7094,0.2433,0.2357,0.5349,0.1651,0.3388,0.4562,0.4448,0.0248468345813478,0.1660993873383253,0.4377127297481279,0.0051055139550714,0.0146358066712049,0.0081688223281143,0.3216473791695031,0.0217835262083049,0.0267558528428093,0.5211817168338907,0.0041806020066889,0.0284280936454849,0.4194537346711259,,,,,,,,,,,,,,,,,,,,,,
Región Eje Cafetero - Antioquia,5,Antioquia,05665,San Pedro de Uraba,0.5747,0.1954,0.6745,0.1377,0.1334,0.5086,0.0934,0.3221,0.2581,0.4229,0.0210221094599492,0.3471064395312311,0.2476742781200918,0.0027787845837863,0.0084571704723933,0.0218678265071885,0.3057871209375377,0.0453062703878216,0.0192061459667093,0.2757148954332052,0.0015364916773367,0.006060606060606,0.6974818608621426,,,,,,,,,,,,,,,,,,,,,,
Región Caribe,23,Córdoba,23686,San Pelayo,0.2458,0.4282,0.2885,0.3016,0.2922,0.2175,0.2047,0.1378,0.5656,0.1809,0.012410417759133,0.2862553166695799,0.5426790188195537,0.0008157082095204,0.0048942492571228,0.0094971741537027,0.1308046378838198,0.0126434772475674,0.0130761994355597,0.6032455315145814,0.0008936970837253,0.0057855126999059,0.3769990592662277,,,,,,,,,,,,,,,,,,,,,,
Región Eje Cafetero - Antioquia,5,Antioquia,05667,San Rafael,0.4955,0.1356,0.5815,0.0955,0.0925,0.4384,0.0648,0.2776,0.179,0.3646,0.0167118337850045,0.4805781391147244,0.1717856067449563,0.0039144835892803,0.0137006925624811,0.0102378801565793,0.2636254140319181,0.0394459500150557,0.0162429378531073,0.2351694915254237,0.0019774011299435,0.011864406779661,0.7347457627118644,,,,,,,,,,,,,,,,,,,,,,
Región Eje Cafetero - Antioquia,5,Antioquia,05670,San Roque,0.5595,0.0816,0.6566,0.0575,0.0557,0.4951,0.039,0.3135,0.1078,0.4117,0.0163425175580767,0.5226904376012966,0.1034575904916261,0.0040518638573743,0.0121555915721231,0.013911399243652,0.2976769313884387,0.0297136682874122,0.0218008255933952,0.1634416924664602,0.0043859649122807,0.0128998968008255,0.7974716202270382,,,,,,,,,,,,,,,,,,,,,,
Región Pacífico,19,Cauca,19693,San Sebastián,0.0988,0.5826,0.116,0.4104,0.3976,0.0874,0.2785,0.0554,0.7695,0.0727,0.0144277011862776,0.1587047130490541,0.7383776851554985,0.0060916960564283,0.0099390830394357,0.0073741583840974,0.0525809554344341,0.0125040076947739,0.0147628267182962,0.8339787028073572,0.0024201355275895,0.0079864472410454,0.1408518877057115,,,,,,,,,,,,,,,,,,,,,,
Región Caribe,47,Magdalena,47692,San Sebastián de Buenavista,0.2416,0.3167,0.2836,0.2231,0.2161,0.2138,0.1514,0.1354,0.4183,0.1778,0.0075112669003505,0.4330245368052078,0.4013520280420631,0.0021281922884326,0.0032548823234852,0.0113920881321982,0.1285678517776665,0.0127691537305958,0.0104855254160018,0.457829952131297,0.0012537041258263,0.0030772737633918,0.527353544563483,,,,,,,,,,,,,,,,,,,,,,
Región Eje Cafetero - Antioquia,5,Antioquia,05674,San Vicente,0.4584,0.092,0.5379,0.0648,0.0628,0.4056,0.044,0.2569,0.1215,0.3373,0.014945652173913,0.5325116459627329,0.1165566770186335,0.0042701863354037,0.015236801242236,0.0091226708074534,0.2438858695652173,0.0634704968944099,0.0207142187646452,0.1625269472302933,0.0021557784234698,0.0149967194676164,0.799606336113975,,,,,,,,,,,,,,,,,,,,,,
Región Centro Oriente,68,Santander,68689,San Vicente de Chucurí,0.95,0.1021,0.95,0.0719,0.0696,0.95,0.0488,0.7907,0.1348,0.95,0.0086553108987674,0.0869685639108156,0.1293449660711813,0.001038637307852,0.0065780362830632,0.0108710704888519,0.7507270461154965,0.0058163689239717,0.0080677159105938,0.1542785345853723,0.0006612881893929,0.0060177225234757,0.8309747387911652,,,,,,,,,,,,,,,,,,,,,,
Región Centro Sur,18,Caquetá,18753,San Vicente del Caguán,0.9097,0.2809,0.95,0.1979,0.1917,0.805,0.1343,0.5098,0.371,0.6694,0.0222593210907067,0.0875533296234464,0.3560254745563593,0.003338898163606,0.0145303901564335,0.0204043776664811,0.4840165708279231,0.0118716379150435,0.0341865509761388,0.485119305856833,0.0027331887201735,0.0126681127982646,0.46529284164859,,,,,,,,,,,,,,,,,,,,,,
Región Caribe,47,Magdalena,47703,San Zenón,0.1968,0.2865,0.231,0.2018,0.1955,0.1741,0.1369,0.1103,0.3783,0.1448,0.006251395400759,0.487385577137754,0.363027461486939,0.001339584728734,0.0046885465505693,0.0169680732306318,0.1047108729627148,0.0156284885018977,0.0087907794491111,0.4346552060949404,0.0009767532721234,0.0023442078530963,0.5532330533307287,,,,,,,,,,,,,,,,,,,,,,
Región Pacífico,52,Nariño,52683,Sandoná,0.2095,0.5288,0.2458,0.3725,0.3609,0.1854,0.2528,0.1174,0.6984,0.1541,0.020580589254766,0.1485051993067591,0.6701689774696707,0.0024913344887348,0.0140814558058925,0.0070407279029462,0.1114601386481802,0.0256715771230502,0.0173958882445967,0.7933579335793358,0.0017571604287471,0.0154630117729748,0.1720260059743454,,,,,,,,,,,,,,,,,,,,,,
Región Caribe,47,Magdalena,47707,Santa Ana,0.3139,0.2071,0.3683,0.1459,0.1413,0.2777,0.099,0.1759,0.2735,0.231,0.0091816367265469,0.5214903526280772,0.2624085163007318,0.0009314703925482,0.0035928143712574,0.0215568862275449,0.1669993346640053,0.013838988689288,0.0099736957474791,0.3125822007891276,0.0003288031565103,0.0040552389302937,0.6730600613765892,,,,,,,,,,,,,,,,,,,,,,
Región Eje Cafetero - Antioquia,5,Antioquia,05679,Santa Bárbara,0.405,0.151,0.4753,0.1064,0.103,0.3584,0.0722,0.227,0.1994,0.298,0.0207488011803762,0.4884728882331243,0.1913500553301365,0.0026742899299151,0.0189044632976761,0.0139247510143858,0.2155108815935079,0.0484138694208779,0.0272253160081322,0.2584637143109697,0.0026518164942985,0.0178555643949438,0.6938035887916556,,,,,,,,,,,,,,,,,,,,,,
Región Pacífico,52,Nariño,52696,Santa Bárbara,0.1058,0.6384,0.1241,0.4497,0.4356,0.0936,0.3051,0.0593,0.8432,0.0778,0.0134680134680134,0.0673400673400673,0.809042809042809,0.0033670033670033,0.0101010101010101,0.0269360269360269,0.0562770562770562,0.0134680134680134,0.0085353362922499,0.8907476954592011,0.0003414134516899,0.0061454421304199,0.094230112666439,,,,,,,,,,,,,,,,,,,,,,
Región Centro Oriente,68,Santander,68705,Santa Bárbara,0.95,0.0616,0.95,0.0434,0.0421,0.95,0.0295,0.8532,0.0814,0.95,0.0053872053872053,0.0868686868686868,0.0781144781144781,0.0033670033670033,0.0053872053872053,0.0074074074074074,0.8101010101010101,0.0033670033670033,0.0057070386810399,0.0894102726696258,0.0025364616360177,0.0025364616360177,0.8998097653772986,,,,,,,,,,,,,,,,,,,,,,
Región Caribe,47,Magdalena,47720,Santa Bárbara de Pinto,0.1197,0.4244,0.1405,0.2989,0.2896,0.1059,0.2028,0.0671,0.5605,0.0881,0.0079601990049751,0.3706467661691542,0.5378109452736318,0.0017412935323383,0.0062189054726368,0.0044776119402985,0.0636815920398009,0.0074626865671641,0.009578970817554,0.6518155491200713,0.0017821341055914,0.0026732011583871,0.334150144798396,,,,,,,,,,,,,,,,,,,,,,
Región Caribe,13,Bolívar,13673,Santa Catalina,0.1541,0.4587,0.1809,0.3231,0.313,0.1364,0.2193,0.0864,0.6058,0.1134,0.0189685832839359,0.283738391622209,0.5813080418889548,0.0023710729104919,0.0071132187314759,0.0079035763683066,0.0819996048211815,0.0165975103734439,0.0148160762942779,0.719516348773842,0.0013623978201634,0.0057901907356948,0.2585149863760217,,,,,,,,,,,,,,,,,,,,,,
Región Centro Oriente,15,Boyacá,15757,Socha,0.95,0.2326,0.95,0.1638,0.1587,0.8815,0.1112,0.5582,0.3071,0.733,0.0179157957599283,0.0842042400716631,0.2947148402508211,0.0026873693639892,0.0194087787399223,0.0089578978799641,0.5300089578978799,0.0421021200358315,0.0254078630649906,0.4025140411874833,0.0034768654720513,0.0238031559240438,0.5447980743514309,,,,,,,,,,,,,,,,,,,,,,
Región Centro Oriente,68,Santander,68720,Santa Helena del Opón,0.95,0.0595,0.95,0.0419,0.0406,0.95,0.0285,0.9098,0.0786,0.95,0.0083813514929282,0.0429544264012572,0.0754321634363541,0.002095337873232,0.0036668412781561,0.001571503404924,0.8638030382399162,0.002095337873232,0.0098376783079193,0.087063453025086,0.0004918839153959,0.0019675356615838,0.9006394490900148,,,,,,,,,,,,,,,,,,,,,,
Región Centro Sur,73,Tolima,73686,Santa Isabel,0.95,0.1294,0.95,0.0911,0.0883,0.95,0.0619,0.6053,0.1709,0.7948,0.0098077677520596,0.2216555511965476,0.163985876814437,0.0054923499411533,0.0066692820714005,0.0058846606512357,0.5747351902706944,0.0117693213024715,0.0113879003558718,0.2039145907473309,0.0007117437722419,0.0117437722419928,0.7722419928825622,,,,,,,,,,,,,,,,,,,,,,
Región Caribe,8,Atlántico,08675,Santa Lucía,0.0771,0.201,0.0905,0.1416,0.1371,0.0682,0.0961,0.0432,0.2655,0.0567,0.0092362344582593,0.661278863232682,0.2547069271758437,0.0010657193605683,0.0053285968028419,0.0074600355239786,0.0410301953818827,0.0198934280639431,0.0086073334480977,0.3766569116887588,0.0024100533654673,0.0044758133930108,0.6078498881046652,,,,,,,,,,,,,,,,,,,,,,
Región Centro Oriente,15,Boyacá,15690,Santa María,0.95,0.201,0.95,0.1416,0.1371,0.95,0.0961,0.6195,0.2654,0.8135,0.0225201072386058,0.0756032171581769,0.2546916890080429,0.0037533512064343,0.0150134048257372,0.0112600536193029,0.5882037533512064,0.0289544235924932,0.0265095729013254,0.3392243495336279,0.0019636720667648,0.0147275405007363,0.6175748649975454,,,,,,,,,,,,,,,,,,,,,,
Región Centro Sur,41,Huila,41676,Santa María,0.95,0.1328,0.95,0.0935,0.0906,0.95,0.0635,0.6525,0.1754,0.8568,0.0096342902084152,0.169484860401101,0.1683051513959889,0.0009830908375933,0.0068816358631537,0.0068816358631537,0.6195438458513567,0.0182854895792371,0.0145116279069767,0.2132093023255813,0.0011162790697674,0.0055813953488372,0.7655813953488372,,,,,,,,,,,,,,,,,,,,,,
Región Caribe,47,Magdalena,47001,Santa Marta,0.3596,0.4021,0.422,0.2833,0.2744,0.3182,0.1922,0.2015,0.5311,0.2646,0.0176782435542682,0.225736377977191,0.5096175230805038,0.0004448007447826,0.0088287775737671,0.020584964700406,0.1913263854767384,0.0257829268923427,0.0199134242065125,0.6216647741641171,0.0003768476692467,0.0090939292815597,0.3489510246785638,,,,,,,,,,,,,,,,,,,,,,
Región Caribe,13,Bolívar,13683,Santa Rosa,0.1918,0.4795,0.2251,0.3378,0.3272,0.1697,0.2292,0.1075,0.6333,0.1411,0.0177878395860284,0.2262289780077619,0.6076972833117723,0.0017787839586028,0.0114812419146183,0.0124514877102199,0.1020375161707632,0.0205368693402328,0.0182760501909438,0.7206764866339335,0.0019094380796508,0.0073649754500818,0.25177304964539,,,,,,,,,,,,,,,,,,,,,,
Región Pacífico,19,Cauca,19701,Santa Rosa,0.2486,0.556,0.2917,0.3916,0.3794,0.22,0.2657,0.1393,0.7343,0.1829,0.020072053525476,0.1204323211528564,0.7045805455481214,0.0005146680391147,0.0051466803911477,0.0046320123520329,0.1322696860524961,0.0123520329387545,0.0159362549800796,0.7556440903054449,0.0013280212483399,0.0053120849933598,0.2217795484727755,,,,,,,,,,,,,,,,,,,,,,
Región Eje Cafetero - Antioquia,66,Risaralda,66682,Santa Rosa de Cabal,0.6598,0.2413,0.7743,0.17,0.1647,0.5838,0.1154,0.3697,0.3187,0.4855,0.0213244998835433,0.2384772650811314,0.3058409461452861,0.0021479775368132,0.0218162055847415,0.0142853445821795,0.3510519914080898,0.0450557697782148,0.0268194345207716,0.4076247830968664,0.0016841890374604,0.0244462590588955,0.5394253342860059,,,,,,,,,,,,,,,,,,,,,,
Región Eje Cafetero - Antioquia,5,Antioquia,05686,Santa Rosa de Osos,0.5787,0.1036,0.6791,0.073,0.0707,0.5121,0.0495,0.3243,0.1369,0.4258,0.0301718650541056,0.4301082113303628,0.1313176320814767,0.0052196053469127,0.0227880330999363,0.0111394016549968,0.307893061744112,0.0613621896880967,0.0409444698803061,0.1990973902805939,0.0030741055660932,0.0232847145006213,0.7335993197723853,,,,,,,,,,,,,,,,,,,,,,
Región Centro Oriente,15,Boyacá,15693,Santa Rosa de Viterbo,0.95,0.2053,0.95,0.1446,0.1401,0.9001,0.0981,0.57,0.2712,0.7485,0.0107238605898123,0.1318699731903485,0.2602211796246649,0.0015080428954423,0.0090482573726541,0.0105563002680965,0.5412198391420912,0.03485254691689,0.0193892389723703,0.3625787687833252,0.0014541929229277,0.0126030053320407,0.603974793989336,,,,,,,,,,,,,,,,,,,,,,
Región Caribe,13,Bolívar,13688,Santa Rosa del Sur,0.95,0.1173,0.95,0.0826,0.08,0.95,0.0561,0.8115,0.1549,0.95,0.009103118937472,0.0449186688553947,0.1486345321593792,0.0010446202059394,0.0071631099835845,0.0124608267422772,0.7705566333383077,0.0061184897776451,0.0103460577952194,0.1863717445594006,0.0010702818408847,0.0047805922226186,0.7974313235818765,,,,,,,,,,,,,,,,,,,,,,
Región Llano,99,Vichada,99624,Santa Rosalía,0.95,0.1072,0.95,0.0755,0.0732,0.95,0.0513,0.6106,0.1416,0.8018,0.0104529616724738,0.2411149825783972,0.1358885017421602,0.0013937282229965,0.0020905923344947,0.0146341463414634,0.5797909407665506,0.0146341463414634,0.0078692493946731,0.1543583535108958,,0.0030266343825665,0.8347457627118644,,,,,,,,,,,,,,,,,,,,,,
Región Centro Oriente,15,Boyacá,15696,Santa Sofía,0.95,0.0968,0.95,0.0682,0.0661,0.95,0.0463,0.734,0.1279,0.95,0.0085378868729989,0.1254002134471718,0.1227321237993596,0.0010672358591248,0.0080042689434365,0.0069370330843116,0.6969050160085379,0.0304162219850586,0.0123334977799704,0.168722249629995,0.0009866798223976,0.0059200789343857,0.8120374938332511,,,,,,,,,,,,,,,,,,,,,,
Región Pacífico,52,Nariño,52699,Santacruz,0.0945,0.6793,0.1109,0.4785,0.4636,0.0836,0.3247,0.0529,0.8972,0.0695,0.0135067533766883,0.0500250125062531,0.8609304652326163,0.0022511255627813,0.0060030015007503,0.0092546273136568,0.0502751375687843,0.0077538769384692,0.0075516693163751,0.9187201907790143,0.000993640699523,0.0065580286168521,0.0661764705882353,,,,,,,,,,,,,,,,,,,,,,
Región Eje Cafetero - Antioquia,5,Antioquia,05042,Santafé de Antioquia,0.5362,0.1667,0.6292,0.1174,0.1138,0.4745,0.0797,0.3005,0.2202,0.3945,0.0320464054773678,0.3979650057055914,0.2112970711297071,0.0027577025484975,0.0201597565614302,0.0088436667934575,0.2852795739825028,0.0416508178014454,0.0286417951290705,0.2827693149685305,0.0026452613335765,0.0164188634497856,0.6695247651190368,,,,,,,,,,,,,,,,,,,,,,
Región Centro Oriente,15,Boyacá,15686,Santana,0.95,0.1465,0.95,0.1032,0.1,0.95,0.07,0.6959,0.1935,0.9138,0.0056874381800197,0.1107814045499505,0.1857072205736894,0.0017309594460929,0.0044510385756676,0.0205242334322453,0.6607319485657764,0.0103857566765578,0.0053130053130053,0.2173712173712173,,0.0083160083160083,0.768999768999769,,,,,,,,,,,,,,,,,,,,,,
Región Pacífico,19,Cauca,19698,Santander de Quilichao,0.2243,0.4889,0.2632,0.3444,0.3336,0.1985,0.2337,0.1257,0.6457,0.165,0.0228787719482704,0.135274944800757,0.6195983597939229,0.0027547050783303,0.0299232467669014,0.0433182630638208,0.1193355062559142,0.0269162022920828,0.0255791683547567,0.7368973518470775,0.0021177857169165,0.0267209310890943,0.208684762992155,,,,,,,,,,,,,,,,,,,,,,
Región Centro Oriente,54,Norte de Santander,54680,Santiago,0.8276,0.0822,0.95,0.0579,0.0561,0.7323,0.0393,0.4638,0.1086,0.609,0.0062532569046378,0.4220948410630536,0.1042209484106305,0.0020844189682126,0.0041688379364252,0.0020844189682126,0.440333507034914,0.0187597707139134,0.0084367245657568,0.1379652605459057,0.0024813895781637,0.0064516129032258,0.8446650124069479,,,,,,,,,,,,,,,,,,,,,,
Región Centro Sur,86,Putumayo,86760,Santiago,0.1608,0.5741,0.1887,0.4044,0.3918,0.1423,0.2744,0.0901,0.7582,0.1183,0.0197433366238894,0.1365580783152352,0.7275419545903258,0.0006581112207963,0.0098716683119447,0.0046067785455742,0.0855544587035209,0.0154656136887133,0.0183946488294314,0.8060200668896321,0.0011148272017837,0.0080824972129319,0.1663879598662207,,,,,,,,,,,,,,,,,,,,,,
Región Caribe,70,Sucre,70820,Santiago de Tolú,0.1156,0.4961,0.1356,0.3494,0.3385,0.1023,0.2371,0.0648,0.6552,0.085,0.0157292659675881,0.2391960597394344,0.628693994280267,0.002065459167461,0.0153320622815379,0.0239911026374324,0.0614871306005719,0.013504925325707,0.0178750897343862,0.7536252692031586,0.001651112706389,0.0122038765254845,0.2146446518305814,,,,,,,,,,,,,,,,,,,,,,
Región Eje Cafetero - Antioquia,5,Antioquia,05690,Santo Domingo,0.3959,0.0992,0.4646,0.0699,0.0677,0.3503,0.0474,0.2218,0.131,0.2913,0.0162027420024927,0.5756127960116327,0.1256751142501038,0.006439551308683,0.0170336518487744,0.0070627336933942,0.2106356460324054,0.0413377648525135,0.0220529270248596,0.1800320769847634,0.0032076984763432,0.0152365677626303,0.7794707297514034,,,,,,,,,,,,,,,,,,,,,,
Región Caribe,8,Atlántico,08685,Santo Tomás,0.1827,0.5056,0.2144,0.3562,0.345,0.1617,0.2417,0.1024,0.6678,0.1344,0.0170185437906398,0.2077546760857349,0.6407642289475797,0.0015252468491611,0.005779882796821,0.0097134141446576,0.097214417596532,0.0202295897888737,0.0155092916026267,0.761422383680313,0.000698616738857,0.0048903171719994,0.2174793908062037,,,,,,,,,,,,,,,,,,,,,,
Región Eje Cafetero - Antioquia,66,Risaralda,66687,Santuario,0.8223,0.1461,0.95,0.1029,0.0997,0.7277,0.0698,0.4608,0.1929,0.6051,0.0183862906104962,0.2843627275972867,0.1851124598357729,0.0053552302749018,0.0232059978579078,0.0130310603355944,0.4375223134594788,0.0330239200285612,0.0232558139534883,0.2792420327304048,0.0046511627906976,0.0268733850129198,0.6659776055124892,,,,,,,,,,,,,,,,,,,,,,
Región Pacífico,52,Nariño,52720,Sapuyes,0.1874,0.5149,0.2199,0.3627,0.3513,0.1658,0.2461,0.105,0.68,0.1379,0.0191620656057161,0.1796037674569665,0.6524845729132835,0.0029230269568041,0.0116921078272166,0.0025982461838259,0.0997076973043195,0.0318285157518674,0.0173336732092786,0.7700739230180984,0.0020392556716798,0.0104511853173591,0.200101962783584,,,,,,,,,,,,,,,,,,,,,,
Región Llano,81,Arauca,81736,Saravena,0.95,0.2168,0.95,0.1527,0.1479,0.95,0.1036,0.6246,0.2863,0.8202,0.0173584123529716,0.0703145240686046,0.2747292605834499,0.0022799108762112,0.0141458106637649,0.0153893984144256,0.5930359085963003,0.0127467744442717,0.0212028337436567,0.3680349696025725,0.0013063357282821,0.0131136009646786,0.5963422599608099,,,,,,,,,,,,,,,,,,,,,,
Región Centro Oriente,54,Norte de Santander,54720,Sardinata,0.95,0.0609,0.95,0.0429,0.0416,0.95,0.0291,0.6043,0.0805,0.7935,0.0085696148963182,0.3101988997037664,0.0772323317816335,0.002644942869234,0.0078290308929327,0.0058188743123148,0.5737410071942446,0.0139652983495556,0.0079013297359799,0.0994411254576989,0.0010599344767777,0.0073231836577375,0.8842744266718058,,,,,,,,,,,,,,,,,,,,,,
Región Centro Oriente,25,Cundinamarca,25718,Sasaima,0.95,0.1369,0.95,0.0964,0.0934,0.95,0.0654,0.6037,0.1808,0.7927,0.0130032062700391,0.190951193444959,0.1734948343427146,0.0010687566797292,0.0081938012112575,0.0114000712504453,0.5732098325614535,0.0286783042394014,0.0150165880914964,0.2469006460625109,0.000349222978872,0.0111751353239043,0.7265584075432163,,,,,,,,,,,,,,,,,,,,,,
Región Centro Oriente,15,Boyacá,15720,Sativanorte,0.95,0.1053,0.95,0.0742,0.0719,0.95,0.0503,0.7363,0.1391,0.95,0.0037707390648567,0.1380090497737556,0.1334841628959276,0.0007541478129713,0.0052790346907993,,0.6990950226244343,0.0196078431372549,0.0056657223796034,0.1607648725212464,0.0007082152974504,0.0084985835694051,0.8243626062322946,,,,,,,,,,,,,,,,,,,,,,
Región Centro Oriente,15,Boyacá,15723,Sativasur,0.95,0.1748,0.95,0.1231,0.1193,0.8714,0.0835,0.5518,0.2308,0.7246,0.0198347107438016,0.1785123966942148,0.2214876033057851,0.0016528925619834,0.0231404958677685,0.0016528925619834,0.5239669421487604,0.0297520661157024,0.0182648401826484,0.2983257229832572,,0.0273972602739726,0.6560121765601218,,,,,,,,,,,,,,,,,,,,,,
Región Eje Cafetero - Antioquia,5,Antioquia,05736,Segovia,0.5465,0.3599,0.6414,0.2535,0.2456,0.4836,0.1721,0.3063,0.4754,0.4022,0.0432852386237513,0.1406518010291595,0.4561598224195338,0.0024215518111189,0.0189688225204318,0.0212894763394208,0.290788013318535,0.0264352739380486,0.0382213812677388,0.604162724692526,0.0025543992431409,0.017123935666982,0.3379375591296121,,,,,,,,,,,,,,,,,,,,,,
Región Centro Oriente,25,Cundinamarca,25736,Sesquilé,0.95,0.2365,0.95,0.1666,0.1614,0.8806,0.113,0.5577,0.3124,0.7323,0.0182481751824817,0.0799878345498783,0.2997262773722627,0.0015206812652068,0.020985401459854,0.0167274939172749,0.5295012165450121,0.0333029197080292,0.0243496672716273,0.4153055051421657,0.0012099213551119,0.0237447065940713,0.5353901996370236,,,,,,,,,,,,,,,,,,,,,,
Región Pacífico,76,Valle del Cauca,76736,Sevilla,0.4461,0.2842,0.5236,0.2002,0.1939,0.3948,0.1358,0.25,0.3754,0.3283,0.0248734790567459,0.2869064283406913,0.3601808980295036,0.0033918380531926,0.029072897598794,0.0129751265209432,0.2373748250242274,0.0452245073759018,0.0313671648096319,0.485346147753076,0.0033268205101124,0.0315783915086867,0.4483814754184929,,,,,,,,,,,,,,,,,,,,,,
Región Centro Oriente,15,Boyacá,15740,Siachoque,0.95,0.1632,0.95,0.115,0.1114,0.95,0.078,0.7107,0.2156,0.9333,0.0094363682733996,0.0558530986993114,0.2068349910737056,0.0033154807447079,0.0112216271359347,0.0079061463912267,0.6748278500382555,0.0306044376434583,0.0150765606595995,0.2822143698468787,0.0004711425206124,0.0127208480565371,0.6895170789163722,,,,,,,,,,,,,,,,,,,,,,
Región Centro Oriente,25,Cundinamarca,25740,Sibaté,0.7001,0.33,0.8216,0.2325,0.2252,0.6195,0.1577,0.3923,0.4359,0.5151,0.0201223346481449,0.1208483393357343,0.4182244326301949,0.0009146515749156,0.0202366660950094,0.0118904704739038,0.3724918538844109,0.0352712513576859,0.022239519626376,0.5336928722339598,0.0007783831869231,0.0221839208273101,0.4211053041254309,,,,,,,,,,,,,,,,,,,,,,
Región Centro Sur,86,Putumayo,86749,Sibundoy,0.1629,0.5451,0.1912,0.384,0.372,0.1442,0.2606,0.0913,0.72,0.1199,0.0178654652788566,0.1670032623893118,0.6908497747397856,0.0021749262078608,0.0100978716793537,0.0052819636476619,0.086686344570452,0.0200403914867174,0.0178428761651131,0.7793608521970705,0.0009320905459387,0.0118508655126498,0.1900133155792277,,,,,,,,,,,,,,,,,,,,,,
Región Centro Oriente,54,Norte de Santander,54743,Silos,0.95,0.0216,0.95,0.0152,0.0147,0.95,0.0103,0.9261,0.0285,0.95,0.0064957264957264,0.0564102564102564,0.0273504273504273,0.0017094017094017,0.0044444444444444,0.0188034188034188,0.8793162393162394,0.0054700854700854,0.0078443677439598,0.0345152180734232,0.0012550988390335,0.0025101976780671,0.953875117665516,,,,,,,,,,,,,,,,,,,,,,
Región Centro Oriente,25,Cundinamarca,25743,Silvania,0.95,0.2005,0.95,0.1412,0.1368,0.8408,0.0958,0.5325,0.2648,0.6992,0.0107351425626932,0.1784610099622122,0.2540364136035726,0.0007729302645139,0.010391618000687,0.0098763311576777,0.5055822741326005,0.0301442803160425,0.0190373264610524,0.3275417740460554,0.0006650594396874,0.0105578186050378,0.642198021448167,,,,,,,,,,,,,,,,,,,,,,
Región Pacífico,19,Cauca,19743,Silvia,0.129,0.6134,0.1513,0.4321,0.4186,0.1141,0.2932,0.0723,0.8101,0.0949,0.0183412495432955,0.0731457800511509,0.7773474607234198,0.0035805626598465,0.0162952137376689,0.0252831567409572,0.0686152721958348,0.017391304347826,0.0161242690921977,0.8688795700194909,0.002480656783415,0.0114582718091075,0.1010572322957888,,,,,,,,,,,,,,,,,,,,,,
Región Centro Oriente,68,Santander,68745,Simacota,0.95,0.1042,0.95,0.0734,0.0711,0.95,0.0498,0.7996,0.1376,0.95,0.0049569527785024,0.0847899817375423,0.132011479259066,0.0005217845030002,0.0057396295330028,0.006000521784503,0.7591964518653797,0.0067831985390033,0.0069016514666009,0.1565195957604141,0.0009859502095144,0.0044367759428148,0.8311560266206557,,,,,,,,,,,,,,,,,,,,,,
Región Centro Oriente,25,Cundinamarca,25745,Simijaca,0.95,0.1739,0.95,0.1225,0.1186,0.95,0.0831,0.6678,0.2296,0.877,0.0125628140703517,0.092964824120603,0.2203203517587939,0.0009422110552763,0.0103643216080402,0.0092650753768844,0.634108040201005,0.0194723618090452,0.0219497426581895,0.2910990009082652,0.0009082652134423,0.0110505600968816,0.6749924311232213,,,,,,,,,,,,,,,,,,,,,,
Región Caribe,13,Bolívar,13744,Simití,0.95,0.1961,0.95,0.1381,0.1338,0.9027,0.0937,0.5717,0.259,0.7507,0.008965083359547,0.1421830764391318,0.2485058194400755,0.0017301038062283,0.0045611827618748,0.0401069518716577,0.5427807486631016,0.0111670336583831,0.0080510827318156,0.3006662965019434,0.0015269294836202,0.0037479178234314,0.6860077734591893,,,,,,,,,,,,,,,,,,,,,,
Región Caribe,70,Sucre,70001,Sincelejo,0.2076,0.4464,0.2436,0.3144,0.3046,0.1837,0.2134,0.1163,0.5895,0.1527,0.0131006610268178,0.2493406856868856,0.5656831181285749,0.0011901907730246,0.0092817755248826,0.03438709456451,0.1104394287084289,0.0165770455868753,0.0180356853328803,0.6737285845538561,0.0008956076620779,0.0098053597486121,0.2975347627025733,,,,,,,,,,,,,,,,,,,,,,
Región Pacífico,27,Chocó,27745,Sipí,0.0997,0.6364,0.1171,0.4483,0.4342,0.0883,0.3042,0.0559,0.8405,0.0734,0.0072840790842872,0.068678459937565,0.8064516129032258,0.0010405827263267,0.0197710718002081,0.0197710718002081,0.0530697190426638,0.023933402705515,0.0103626943005181,0.8741672834937083,0.001480384900074,0.0155440414507772,0.0984455958549222,,,,,,,,,,,,,,,,,,,,,,
Región Caribe,47,Magdalena,47745,Sitionuevo,0.2009,0.4277,0.2358,0.3013,0.2919,0.1778,0.2044,0.1126,0.5649,0.1478,0.0131297274154417,0.2898530041387184,0.5420293991722563,0.0032824318538604,0.0121307264164407,0.0105608677037248,0.1068931068931069,0.0221207364064506,0.0144020037570444,0.7053224796493425,0.0006261740763932,0.0166562304320601,0.2629931120851597,,,,,,,,,,,,,,,,,,,,,,
Región Centro Oriente,25,Cundinamarca,25754,Soacha,0.4702,0.4279,0.5518,0.3014,0.292,0.4161,0.2045,0.2635,0.5651,0.346,0.0197642676232618,0.1098047718067231,0.5422485242088873,0.0007489824678972,0.0175370302845147,0.0224448364557361,0.2501847818588562,0.0372668052941234,0.0243699925081479,0.6666030415964802,0.000481959906662,0.0185673861071478,0.2899776198815619,,,,,,,,,,,,,,,,,,,,,,
Región Centro Oriente,15,Boyacá,15753,Soatá,0.95,0.1742,0.95,0.1227,0.1188,0.8591,0.0832,0.544,0.23,0.7144,0.0123799359658484,0.199359658484525,0.2207043756670224,0.0010672358591248,0.0083244397011739,0.0100320170757737,0.5165421558164355,0.031590181430096,0.017958030669895,0.2786521388216303,0.0002017756255044,0.0104923325262308,0.6926957223567393,,,,,,,,,,,,,,,,,,,,,,
Región Centro Oriente,68,Santander,68755,Socorro,0.95,0.1145,0.95,0.0807,0.0781,0.95,0.0547,0.7578,0.1512,0.95,0.0046717776712985,0.1084690943938667,0.1451245807379013,0.0007187350263536,0.0034738859607091,0.0065884044082414,0.7195136559655008,0.0114398658361284,0.008568781843446,0.1754284390921723,0.0003473830477072,0.0037633163501621,0.8118920796665122,,,,,,,,,,,,,,,,,,,,,,
Región Centro Oriente,15,Boyacá,15755,Socotá,0.95,0.1708,0.95,0.1203,0.1165,0.95,0.0816,0.6807,0.2255,0.8939,0.0113562621674237,0.0833874107722258,0.2164179104477611,0.0025957170668397,0.0146009085009733,0.0094094743672939,0.6463335496430889,0.0158987670343932,0.016,0.2995555555555556,0.0005925925925925,0.016,0.6678518518518518,,,,,,,,,,,,,,,,,,,,,,
Región Centro Oriente,15,Boyacá,15759,Sogamoso,0.7446,0.321,0.8738,0.2261,0.219,0.6589,0.1534,0.4173,0.4239,0.5479,0.0144831531721417,0.1091656378910602,0.4067778748005179,0.0006774863749962,0.0102676823943874,0.0138357773027009,0.3961789768450212,0.0486134112191743,0.0229035833025489,0.527831547838936,0.0004728481714074,0.0128851126708533,0.4359069080162541,,,,,,,,,,,,,,,,,,,,,,
Región Centro Sur,18,Caquetá,18756,Solano,0.6112,0.408,0.7173,0.2874,0.2784,0.5409,0.195,0.3425,0.5388,0.4498,0.0285354595048258,0.0898027696181284,0.516995383969786,0.0041963911036508,0.0109106168694922,0.0113302559798573,0.3252203105329416,0.0130088124213176,0.020949720670391,0.6002094972067039,0.0031424581005586,0.0059357541899441,0.3697625698324022,,,,,,,,,,,,,,,,,,,,,,
Región Caribe,8,Atlántico,08758,Soledad,0.2209,0.5141,0.2593,0.3621,0.3508,0.1955,0.2457,0.1238,0.679,0.1626,0.0144056137490264,0.1735880096377123,0.6514846007701435,0.0006842484549815,0.0061727945725994,0.0178486937405824,0.1175524287180532,0.018263610356901,0.0151022002343444,0.7643907973292168,0.0006881544441757,0.005530033911755,0.2142888140805078,,,,,,,,,,,,,,,,,,,,,,
Región Centro Sur,18,Caquetá,18785,Solita,0.95,0.1614,0.95,0.1137,0.1102,0.95,0.0772,0.6448,0.2132,0.8468,0.0264471057884231,0.1147704590818363,0.2045908183632734,0.0024950099800399,0.0169660678642714,0.0104790419161676,0.6122754491017964,0.0119760479041916,0.0271966527196652,0.2610878661087866,0.002928870292887,0.0142259414225941,0.694560669456067,,,,,,,,,,,,,,,,,,,,,,
Región Centro Oriente,15,Boyacá,15761,Somondoco,0.95,0.1652,0.95,0.1164,0.1128,0.95,0.079,0.6492,0.2182,0.8525,0.0091324200913242,0.1095890410958904,0.2093933463796477,0.0013046314416177,0.0084801043705153,0.009784735812133,0.6164383561643836,0.0358773646444879,0.0178263369752731,0.2668200115008625,0.0017251293847038,0.0057504312823461,0.7078780908568143,,,,,,,,,,,,,,,,,,,,,,
Región Eje Cafetero - Antioquia,5,Antioquia,05756,Sonsón,0.5475,0.0678,0.6426,0.0478,0.0463,0.4845,0.0324,0.3068,0.0896,0.4029,0.0192652948487777,0.5380472310454357,0.0859687888413202,0.0035216130368733,0.015536528103853,0.0079408921419693,0.2913271647562491,0.0383924872255213,0.0219021310181531,0.138713496448303,0.0026966587740068,0.015982636148382,0.820705077611155,,,,,,,,,,,,,,,,,,,,,,
Región Eje Cafetero - Antioquia,5,Antioquia,05761,Sopetrán,0.4656,0.1493,0.5464,0.1052,0.1019,0.412,0.0714,0.2609,0.1972,0.3426,0.0146163215590742,0.4928440925700365,0.1892509135200974,0.0025883069427527,0.01278928136419,0.004415347137637,0.2477161997563946,0.0357795371498173,0.0170964937699217,0.2421037380469429,0.0013039698638075,0.0118806143146913,0.7276151840046363,,,,,,,,,,,,,,,,,,,,,,
Región Caribe,13,Bolívar,13760,Soplaviento,0.1028,0.5291,0.1207,0.3727,0.3611,0.091,0.2529,0.0576,0.6988,0.0757,0.0154405086285195,0.2311534968210717,0.6705267938237965,0.0027247956403269,0.0052225249772933,0.0090826521344232,0.0547229791099,0.0111262488646684,0.0135214579659024,0.7771898883009994,0.001763668430335,0.0041152263374485,0.2034097589653145,,,,,,,,,,,,,,,,,,,,,,
Región Centro Oriente,25,Cundinamarca,25758,Sopó,0.6817,0.3307,0.8,0.2329,0.2256,0.6032,0.1581,0.382,0.4367,0.5016,0.0226727127233929,0.126633769005068,0.41904507868765,0.000600160042678,0.0135369431848492,0.0111363030141371,0.3626967191251,0.0436783142171245,0.027675033025099,0.5309114927344782,0.0003963011889035,0.0153896961690885,0.4256274768824306,,,,,,,,,,,,,,,,,,,,,,
Región Centro Oriente,15,Boyacá,15762,Sora,0.95,0.2467,0.95,0.1738,0.1684,0.95,0.1179,0.6326,0.3259,0.8307,0.0060340098738343,0.0449808008776741,0.3126714207350521,0.0016456390565002,0.006582556226001,0.0032912781130005,0.6006582556226001,0.0241360394953373,0.0173116089613034,0.3966395112016293,0.0015274949083503,0.0066191446028513,0.5779022403258656,,,,,,,,,,,,,,,,,,,,,,
Región Centro Oriente,15,Boyacá,15764,Soracá,0.95,0.1519,0.95,0.107,0.1037,0.95,0.0726,0.6862,0.2006,0.9011,0.0106120434353405,0.0853899308983218,0.192497532082922,0.0019743336623889,0.0140671273445212,0.0111056268509378,0.6515301085883515,0.0328232971372161,0.0139990667288847,0.269715352309846,0.0011665888940737,0.0174988334111059,0.6976201586560896,,,,,,,,,,,,,,,,,,,,,,
Región Centro Oriente,15,Boyacá,15763,Sotaquirá,0.95,0.1984,0.95,0.1397,0.1354,0.95,0.0948,0.6852,0.262,0.8998,0.0085219707057256,0.0524633821571238,0.2513981358189081,0.0026631158455392,0.0066577896138482,0.0058588548601864,0.6505992010652464,0.0218375499334221,0.0135527589545014,0.3368828654404646,0.0021781219748305,0.0118586640851887,0.6355275895450145,,,,,,,,,,,,,,,,,,,,,,
Región Pacífico,19,Cauca,19760,Sotara,0.2461,0.4906,0.2888,0.3456,0.3348,0.2178,0.2345,0.1379,0.648,0.1811,0.0242470648289943,0.1684532924961715,0.6217457886676876,0.0058703420112302,0.0219499744767738,0.009188361408882,0.1309341500765696,0.0176110260336906,0.019674355495251,0.7121212121212122,0.0045228403437358,0.0176390773405698,0.2460425146992311,,,,,,,,,,,,,,,,,,,,,,
Región Centro Oriente,68,Santander,68770,Suaita,0.95,0.0762,0.95,0.0537,0.052,0.95,0.0364,0.8543,0.1006,0.95,0.0048262548262548,0.071042471042471,0.0965250965250965,0.0009652509652509,0.0042471042471042,0.0059845559845559,0.8111969111969112,0.0052123552123552,0.0056974820804999,0.1273662929608527,0.000735158978129,0.0047785333578386,0.8614225326226796,,,,,,,,,,,,,,,,,,,,,,
Región Caribe,8,Atlántico,08770,Suan,0.2062,0.2805,0.242,0.1976,0.1914,0.1824,0.1341,0.1155,0.3705,0.1517,0.0172963131543013,0.4920345926263086,0.355484751934456,0.001820664542558,0.002730996813837,0.0043240782885753,0.1096950386891215,0.016613563950842,0.0176635889201124,0.4546366920915295,0.0010036130068245,0.0048173424327579,0.5218787635487756,,,,,,,,,,,,,,,,,,,,,,
Región Pacífico,19,Cauca,19780,Suárez,0.1818,0.5141,0.2134,0.3622,0.3509,0.1609,0.2458,0.1019,0.6791,0.1338,0.0231285749813479,0.1250932603829893,0.6515792091519522,0.0046008455608057,0.0421536931111663,0.0387963193235513,0.0967421039542402,0.0179059935339467,0.0312422718654686,0.7184073860357761,0.0038743714450581,0.0492951941307394,0.1971807765229577,,,,,,,,,,,,,,,,,,,,,,
Región Centro Sur,73,Tolima,73770,Suárez,0.8766,0.1644,0.95,0.1158,0.1122,0.7757,0.0786,0.4912,0.2172,0.645,0.0085579803166452,0.2884039366709456,0.2083868207103123,0.0012836970474967,0.0077021822849807,0.0042789901583226,0.4664099272571673,0.0149764655541292,0.0100821508588498,0.2460791635548917,0.0014936519790888,0.0115758028379387,0.7307692307692307,,,,,,,,,,,,,,,,,,,,,,
Región Centro Sur,41,Huila,41770,Suaza,0.95,0.2096,0.95,0.1477,0.1431,0.95,0.1002,0.6453,0.2769,0.8474,0.0127468132966758,0.0787303174206448,0.2656835791052237,0.0026243439140214,0.0086228442889277,0.009372656835791,0.6127218195451137,0.0094976255936016,0.0150126060050424,0.343685537474215,0.0013752005500802,0.0093972037588815,0.6305294522117809,,,,,,,,,,,,,,,,,,,,,,
Región Centro Oriente,25,Cundinamarca,25769,Subachoque,0.95,0.146,0.95,0.1028,0.0996,0.95,0.0698,0.6351,0.1928,0.8339,0.0163269778654394,0.1396011396011396,0.1849660311198772,0.0003287310979618,0.0135875520490905,0.0083278544817006,0.6030024106947184,0.0338593030900723,0.0275711159737417,0.2665207877461706,0.0010940919037199,0.0167396061269146,0.6880743982494529,,,,,,,,,,,,,,,,,,,,,,
Región Pacífico,19,Cauca,19785,Sucre,0.0468,0.7168,0.055,0.5049,0.4891,0.0414,0.3426,0.0262,0.9467,0.0345,0.0074766355140186,0.0451713395638629,0.908411214953271,0.0006230529595015,0.0062305295950155,0.0018691588785046,0.0249221183800623,0.0052959501557632,0.0073844687946641,0.9423535016674608,0.001191043353978,0.0057170080990948,0.0433539780848022,,,,,,,,,,,,,,,,,,,,,,
Región Centro Oriente,68,Santander,68773,Sucre,0.95,0.0813,0.95,0.0573,0.0555,0.95,0.0389,0.8581,0.1074,0.95,0.0046235138705416,0.0617569352708058,0.1030383091149273,0.0019815059445178,0.0036327608982826,0.0062747688243064,0.8147291941875826,0.0039630118890356,0.005913660555884,0.1363098758131283,0.0005913660555884,0.004435245416913,0.8527498521584861,,,,,,,,,,,,,,,,,,,,,,
Región Caribe,70,Sucre,70771,Sucre,0.2194,0.2759,0.2575,0.1943,0.1883,0.1942,0.1319,0.123,0.3644,0.1615,0.0098098583020467,0.4625166525372411,0.3496427273828267,0.0020588591498122,0.0054499212789148,0.0287029187356182,0.1167494247305316,0.0250696378830083,0.0105173695952406,0.4401359821523425,0.0014873047912461,0.0035057898650802,0.5443535535960905,,,,,,,,,,,,,,,,,,,,,,
Región Centro Oriente,25,Cundinamarca,25772,Suesca,0.95,0.2544,0.95,0.1792,0.1736,0.8968,0.1216,0.5679,0.336,0.7457,0.0191744015632633,0.0545920859794821,0.3224230581338544,0.0007327796775769,0.0250366389838788,0.007572056668295,0.5392037127503664,0.0312652662432828,0.0272482893450635,0.4552785923753665,0.0009775171065493,0.0273704789833822,0.4891251221896383,,,,,,,,,,,,,,,,,,,,,,
Región Centro Oriente,25,Cundinamarca,25777,Supatá,0.95,0.1053,0.95,0.0741,0.0718,0.95,0.0503,0.6959,0.139,0.9138,0.0140056022408963,0.1526610644257703,0.1334033613445378,0.0003501400560224,0.0070028011204481,0.0063025210084033,0.6607142857142857,0.0255602240896358,0.0165932949542837,0.1906535726379952,,0.0077886894683372,0.7849644429393837,,,,,,,,,,,,,,,,,,,,,,
Región Eje Cafetero - Antioquia,17,Caldas,17777,Supía,0.5988,0.1931,0.7027,0.136,0.1318,0.5299,0.0923,0.3355,0.255,0.4406,0.0262770137524557,0.3028814669286182,0.2446791093647675,0.0054027504911591,0.0552554027504911,0.0107236411263916,0.3185985592665357,0.0361820563195808,0.0333036220727655,0.3368446641277044,0.0040515355319666,0.0508062555708613,0.574993922696702,,,,,,,,,,,,,,,,,,,,,,
Región Centro Oriente,68,Santander,68780,Suratá,0.95,0.0737,0.95,0.0519,0.0503,0.95,0.0352,0.819,0.0973,0.95,0.0057747834456207,0.1020211742059672,0.0933589990375361,0.0038498556304138,0.0057747834456207,0.0048123195380173,0.7776708373435997,0.0067372473532242,0.0071748878923766,0.1192825112107623,0.000896860986547,0.0026905829596412,0.8699551569506726,,,,,,,,,,,,,,,,,,,,,,
Región Centro Oriente,25,Cundinamarca,25779,Susa,0.95,0.1533,0.95,0.108,0.1046,0.95,0.0733,0.7225,0.2025,0.9487,0.0146609651802076,0.0675015271838729,0.1942577886377519,0.0006108735491753,0.0048869883934025,0.0076359193646915,0.6860109957238851,0.0244349419670128,0.0164208182577233,0.2521569718897857,0.0013915947676036,0.0094628444197049,0.7205677706651823,,,,,,,,,,,,,,,,,,,,,,
Región Centro Oriente,15,Boyacá,15774,Susacón,0.95,0.1105,0.95,0.0779,0.0754,0.95,0.0528,0.6734,0.146,0.8843,0.0067024128686327,0.17828418230563,0.1400804289544236,0.0033512064343163,0.0073726541554959,0.0020107238605898,0.6394101876675603,0.0227882037533512,0.0081148564294631,0.2166042446941323,0.0037453183520599,0.0168539325842696,0.7546816479400749,,,,,,,,,,,,,,,,,,,,,,
Región Centro Oriente,15,Boyacá,15776,Sutamarchán,0.95,0.1898,0.95,0.1337,0.1296,0.95,0.0907,0.6598,0.2507,0.8663,0.0083594566353187,0.0893416927899686,0.2405956112852664,0.0013061650992685,0.0020898641588296,0.0036572622779519,0.6264367816091954,0.0282131661442006,0.0141554702495201,0.2780710172744721,0.0004798464491362,0.005278310940499,0.7020153550863724,,,,,,,,,,,,,,,,,,,,,,
Región Centro Oriente,25,Cundinamarca,25781,Sutatausa,0.95,0.1677,0.95,0.1181,0.1144,0.95,0.0802,0.7003,0.2215,0.9195,0.0223166843783209,0.0534891958908962,0.2125398512221041,0.0035423308537017,0.0155862557562876,0.0077931278781438,0.6648955012398158,0.0198370527807297,0.023103448275862,0.2848275862068966,0.0017241379310344,0.016551724137931,0.6737931034482758,,,,,,,,,,,,,,,,,,,,,,
Región Centro Oriente,15,Boyacá,15778,Sutatenza,0.95,0.1662,0.95,0.1171,0.1134,0.95,0.0794,0.6189,0.2195,0.8128,0.0102632753235162,0.14413208389112,0.2106202588130299,0.002677376171352,0.0129406514948683,0.0071396697902722,0.5876840696117804,0.0245426149040606,0.0187678498572011,0.2717258261933905,0.0016319869441044,0.0134638922888616,0.6944104447164423,,,,,,,,,,,,,,,,,,,,,,
Región Centro Oriente,25,Cundinamarca,25785,Tabio,0.95,0.2112,0.95,0.1488,0.1441,0.8695,0.101,0.5506,0.279,0.723,0.0200297316328925,0.1245598935920507,0.2676629371723652,0.0005476879743369,0.0118144120178389,0.0089194898677724,0.5228072920741726,0.0436585556685705,0.0285220397579948,0.3755794767030722,0.0003928655614048,0.0163432073544433,0.5791624106230848,,,,,,,,,,,,,,,,,,,,,,
Región Pacífico,27,Chocó,27787,Tadó,0.1137,0.4609,0.1335,0.3247,0.3145,0.1006,0.2203,0.0637,0.6087,0.0837,0.0185932292580249,0.2183827398701982,0.5841080512190844,0.0096474302753902,0.0534993860726188,0.0247325030696369,0.0605156990001754,0.030520961234871,0.0204587724736515,0.7044327340359579,0.004494730316181,0.0478921264724116,0.2227216367017979,,,,,,,,,,,,,,,,,,,,,,
Región Caribe,13,Bolívar,13780,Talaigua Nuevo,0.2409,0.2904,0.2827,0.2046,0.1982,0.2132,0.1388,0.135,0.3836,0.1773,0.0087738069762465,0.439760325272844,0.3680719024181468,0.0010699764605178,0.0027819387973464,0.0282473785576717,0.1281831799700406,0.0231114915471859,0.0166324051579144,0.4632778919828069,0.0007475238273219,0.0042982620071014,0.5150439170248552,,,,,,,,,,,,,,,,,,,,,,
Región Caribe,20,Cesar,20787,Tamalameque,0.5555,0.3742,0.6519,0.2636,0.2554,0.4915,0.1789,0.3113,0.4943,0.4088,0.0078870900788709,0.1828559568285595,0.4742631797426318,0.0008302200083022,0.0058115400581154,0.0203403902034039,0.2955583229555832,0.012453300124533,0.0072992700729927,0.5199860966284324,0.0013903371567605,0.0045185957594716,0.4668057003823427,,,,,,,,,,,,,,,,,,,,,,
Región Llano,85,Casanare,85400,Támara,0.95,0.1298,0.95,0.0914,0.0886,0.95,0.062,0.6534,0.1714,0.858,0.0072852760736196,0.1614263803680981,0.1644938650306748,0.0049846625766871,0.0095858895705521,0.0168711656441717,0.620398773006135,0.0149539877300613,0.0064080944350758,0.1858347386172006,0.0026981450252951,0.0057335581787521,0.7993254637436762,,,,,,,,,,,,,,,,,,,,,,
Región Llano,81,Arauca,81794,Tame,0.95,0.1861,0.95,0.1311,0.127,0.95,0.089,0.6456,0.2458,0.8478,0.0155828283342669,0.0958394866833019,0.2358812445892957,0.0024952895045067,0.0126292203493405,0.0105922493252533,0.6130264296990375,0.0139532515149972,0.0187404870624048,0.3025114155251142,0.0013793759512937,0.0099410197869101,0.667427701674277,,,,,,,,,,,,,,,,,,,,,,
Región Eje Cafetero - Antioquia,5,Antioquia,05789,Támesis,0.4085,0.1471,0.4794,0.1036,0.1004,0.3614,0.0703,0.2289,0.1943,0.3006,0.0200936883629191,0.4935897435897436,0.1863905325443787,0.0045611439842209,0.0161489151873767,0.0109714003944773,0.2173323471400394,0.0509122287968441,0.0211614764939281,0.2446795719610436,0.002284477576049,0.0108212095707586,0.7210532643982205,,,,,,,,,,,,,,,,,,,,,,
Región Pacífico,52,Nariño,52786,Taminango,0.0539,0.6814,0.0632,0.48,0.465,0.0477,0.3257,0.0302,0.9,0.0396,0.0114422230604803,0.0809757324280145,0.8635734942788885,0.0008801710046523,0.0064126744624669,0.0013831258644536,0.0286684270086759,0.0066641518923676,0.0094193147707276,0.8977331539178139,0.0004140358140979,0.0060035193044198,0.0864299761929406,,,,,,,,,,,,,,,,,,,,,,
Región Pacífico,52,Nariño,52788,Tangua,0.2197,0.5323,0.2578,0.375,0.3633,0.1944,0.2545,0.1231,0.7031,0.1617,0.0168152350081037,0.1450567260940032,0.6746353322528363,0.0024311183144246,0.0184359805510534,0.0093192868719611,0.1168962722852512,0.0164100486223662,0.0109536082474226,0.8226481958762887,0.0011275773195876,0.009020618556701,0.15625,,,,,,,,,,,,,,,,,,,,,,
Región Llano,97,Vaupés,97666,Taraira,0.3685,0.42,0.4325,0.2958,0.2866,0.3261,0.2007,0.2065,0.5547,0.2712,0.0140056022408963,0.1512605042016806,0.5322128851540616,0.0028011204481792,0.0084033613445378,0.0308123249299719,0.196078431372549,0.0644257703081232,0.02073732718894,0.6428571428571429,,0.0023041474654377,0.3341013824884792,,,,,,,,,,,,,,,,,,,,,,
Región Centro Sur,91,Amazonas,91798,Tarapacá,0.6341,0.4418,0.7442,0.3112,0.3015,0.5612,0.2112,0.3554,0.5835,0.4666,0.0171149144254278,0.0513447432762836,0.5599022004889975,0.0073349633251833,0.0024449877750611,0.0220048899755501,0.3374083129584352,0.0024449877750611,0.0108459869848156,0.6008676789587852,0.0043383947939262,0.0130151843817787,0.3709327548806941,,,,,,,,,,,,,,,,,,,,,,
Región Eje Cafetero - Antioquia,5,Antioquia,05790,Tarazá,0.6915,0.3277,0.8115,0.2308,0.2236,0.6119,0.1566,0.3875,0.4328,0.5088,0.0177093677590201,0.1406818934127772,0.4152598477325389,0.0051307514068189,0.0114200595829195,0.0158887785501489,0.3679245283018867,0.0259847732538894,0.0222159332106976,0.5910570256119995,0.0029715579453799,0.0131597566152539,0.370595726616669,,,,,,,,,,,,,,,,,,,,,,
Región Centro Sur,41,Huila,41791,Tarqui,0.95,0.1927,0.95,0.1357,0.1315,0.9336,0.0921,0.5912,0.2545,0.7764,0.0107391910739191,0.1617852161785216,0.2442119944211994,0.00139470013947,0.00697350069735,0.004741980474198,0.5613668061366807,0.008786610878661,0.011703187250996,0.3004233067729083,0.0008715139442231,0.0065986055776892,0.6804033864541833,,,,,,,,,,,,,,,,,,,,,,
Región Eje Cafetero - Antioquia,5,Antioquia,05792,Tarso,0.323,0.2,0.3791,0.1409,0.1365,0.2858,0.0956,0.181,0.2641,0.2377,0.0130529369108049,0.5181290790427846,0.2534445250181291,0.0018129079042784,0.0126903553299492,0.0032632342277012,0.1718636693255982,0.0257432922407541,0.0210734277247283,0.3292723081988805,0.0032927230819888,0.0092196246295686,0.6371419163648337,,,,,,,,,,,,,,,,,,,,,,
Región Centro Oriente,15,Boyacá,15790,Tasco,0.95,0.2433,0.95,0.1714,0.166,0.9248,0.1163,0.5856,0.3213,0.769,0.0121212121212121,0.0746212121212121,0.3083333333333333,0.0015151515151515,0.0083333333333333,0.0079545454545454,0.556060606060606,0.031060606060606,0.0146801817546312,0.4016078294302691,0.00069905627403,0.0132820692065711,0.5697308633344984,,,,,,,,,,,,,,,,,,,,,,
Región Llano,85,Casanare,85410,Tauramena,0.95,0.1575,0.95,0.1109,0.1075,0.95,0.0753,0.7131,0.208,0.9364,0.0111428571428571,0.0692142857142857,0.1995714285714285,0.0008571428571428,0.0136428571428571,0.0182142857142857,0.6770714285714285,0.0102857142857142,0.0160340546293011,0.2570415040794608,0.0003547357218871,0.0145441645973749,0.7120255409719759,,,,,,,,,,,,,,,,,,,,,,
Región Centro Oriente,25,Cundinamarca,25793,Tausa,0.95,0.1019,0.95,0.0718,0.0695,0.95,0.0487,0.7753,0.1346,0.95,0.0220873786407767,0.0638349514563106,0.129126213592233,0.0019417475728155,0.0169902912621359,0.0092233009708737,0.7361650485436894,0.020631067961165,0.0261998608856944,0.1910503130071875,0.0004637143519591,0.0171574310224901,0.7651286807326687,,,,,,,,,,,,,,,,,,,,,,
Región Centro Sur,41,Huila,41799,Tello,0.8711,0.182,0.95,0.1282,0.1242,0.7709,0.087,0.4882,0.2404,0.641,0.0102432778489116,0.2403511980976769,0.2306566672763856,0.002194988110481,0.0074995427108103,0.0318273276019754,0.4635083226632522,0.0137186756905066,0.0095349615255938,0.2806958849113415,0.0010036801605888,0.0080294412847106,0.7007360321177651,,,,,,,,,,,,,,,,,,,,,,
Región Centro Oriente,25,Cundinamarca,25797,Tena,0.95,0.1988,0.95,0.1401,0.1357,0.9291,0.095,0.5883,0.2626,0.7726,0.0087318087318087,0.1415800415800416,0.251975051975052,0.0012474012474012,0.0085239085239085,0.0062370062370062,0.5586278586278586,0.023076923076923,0.0121236613457264,0.3186502323701758,,0.0058597696504344,0.6633663366336634,,,,,,,,,,,,,,,,,,,,,,
Región Caribe,47,Magdalena,47798,Tenerife,0.1409,0.3655,0.1654,0.2574,0.2494,0.1247,0.1747,0.079,0.4827,0.1037,0.0158267388588088,0.4148271553519367,0.4631403581840899,0.0024989587671803,0.0041649312786339,0.0091628488129945,0.0749687630154102,0.0154102457309454,0.0147339226902409,0.5668226729069162,0.001386722135552,0.0039868261397122,0.4130698561275784,,,,,,,,,,,,,,,,,,,,,,
Región Centro Oriente,25,Cundinamarca,25799,Tenjo,0.9423,0.204,0.95,0.1437,0.1392,0.8338,0.0975,0.528,0.2695,0.6934,0.0224415088333598,0.1414929173961483,0.2585548304949864,0.0007162183670221,0.0153589049816966,0.0074009231258952,0.5013528569154863,0.052681839885405,0.0300841403397364,0.3683124305445309,0.0009525321479599,0.0212732179711065,0.5793776789966661,,,,,,,,,,,,,,,,,,,,,,
Región Centro Oriente,15,Boyacá,15798,Tenza,0.95,0.1352,0.95,0.0952,0.0922,0.95,0.0646,0.6773,0.1785,0.8894,0.0094059405940594,0.1128712871287128,0.1712871287128713,0.0024752475247524,0.0074257425742574,0.0074257425742574,0.6430693069306931,0.046039603960396,0.0143304970891177,0.2261531571876399,0.0026869682042095,0.0129870129870129,0.7438423645320197,,,,,,,,,,,,,,,,,,,,,,
Región Centro Oriente,54,Norte de Santander,54800,Teorama,0.3758,0.5764,0.4411,0.406,0.3933,0.3326,0.2755,0.2106,0.7612,0.2765,0.0102156640181611,0.0359440030268634,0.7304199772985244,0.0015134317063942,0.0128641695043511,0.0026485054861899,0.1999621642073401,0.0064320847521755,0.0101616628175519,0.8585065434949961,0.0006158583525789,0.0058506543494996,0.1248652809853733,,,,,,,,,,,,,,,,,,,,,,
Región Centro Sur,41,Huila,41801,Teruel,0.8888,0.1319,0.95,0.0929,0.09,0.7865,0.063,0.4981,0.1742,0.654,0.0109409190371991,0.3279540481400437,0.1671225382932166,0.0010940919037199,0.0051969365426695,0.0035557986870897,0.4729212253829322,0.0112144420131291,0.0090842131107291,0.2229315001227596,0.0009820770930518,0.0076110974711514,0.7593911122023079,,,,,,,,,,,,,,,,,,,,,,
Región Centro Sur,41,Huila,41797,Tesalia,0.95,0.1676,0.95,0.1181,0.1144,0.9161,0.0801,0.5801,0.2213,0.7618,0.0127034537514886,0.1963080587534736,0.2123858674077014,0.000992457324335,0.0127034537514886,0.0035728463676061,0.5508138150059547,0.0105200476379515,0.0166312125314252,0.2809901373041965,0.0011603171533552,0.0148907368013923,0.6863275962096307,,,,,,,,,,,,,,,,,,,,,,
Región Centro Oriente,25,Cundinamarca,25805,Tibacuy,0.8142,0.2621,0.95,0.1846,0.1788,0.7205,0.1253,0.4563,0.3461,0.5991,0.0082203041512535,0.187422934648582,0.3321002877106453,,0.0094533497739416,0.0049321824907521,0.4332100287710645,0.0246609124537607,0.0163424124513618,0.4062256809338521,0.001556420233463,0.0070038910505836,0.5688715953307393,,,,,,,,,,,,,,,,,,,,,,
Región Centro Oriente,15,Boyacá,15804,Tibaná,0.95,0.184,0.95,0.1296,0.1255,0.95,0.0879,0.6794,0.243,0.8922,0.013772749631087,0.057550418101328,0.2331529758976881,0.0012297097884899,0.0108214461387112,0.0100836202656173,0.6451057550418101,0.028283325135268,0.0153333333333333,0.3108888888888889,0.0008888888888888,0.0106666666666666,0.6622222222222223,,,,,,,,,,,,,,,,,,,,,,
Región Centro Oriente,15,Boyacá,15806,Tibasosa,0.8004,0.301,0.9393,0.212,0.2054,0.7082,0.1439,0.4485,0.3975,0.5889,0.0133227597145122,0.1110229976209357,0.3814432989690721,0.0006344171292624,0.0087232355273592,0.0106264869151467,0.4258524980174464,0.0483743061062648,0.0178247734138972,0.4873111782477341,0.0006042296072507,0.0128398791540785,0.4814199395770392,,,,,,,,,,,,,,,,,,,,,,
Región Centro Oriente,25,Cundinamarca,25807,Tibirita,0.95,0.1926,0.95,0.1357,0.1314,0.95,0.0921,0.6417,0.2544,0.8427,0.0082742316784869,0.0945626477541371,0.2440898345153664,0.00177304964539,0.0047281323877068,0.0088652482269503,0.609338061465721,0.0283687943262411,0.0143769968051118,0.3024494142705005,0.0026624068157614,0.0090521831735889,0.6714589989350372,,,,,,,,,,,,,,,,,,,,,,
Región Centro Oriente,54,Norte de Santander,54810,Tibú,0.95,0.2436,0.95,0.1716,0.1662,0.9326,0.1164,0.5906,0.3217,0.7755,0.0163276231263383,0.073340471092077,0.3086723768736616,0.0031584582441113,0.0141862955032119,0.0097430406852248,0.5607601713062098,0.0138115631691648,0.0139839480033482,0.4133142941553006,0.0014771776059874,0.0085183908611945,0.562706189374169,,,,,,,,,,,,,,,,,,,,,,
Región Caribe,23,Córdoba,23807,Tierralta,0.4144,0.3907,0.4863,0.2752,0.2666,0.3667,0.1867,0.2322,0.516,0.3049,0.0157483535812165,0.2296396285842843,0.4951118746676484,0.0026588129422833,0.0106761565836298,0.0133758743404098,0.2204769501370311,0.0123123491634965,0.0159124326090508,0.6001306975984316,0.0015030223819637,0.0089854598921744,0.3734683875183793,,,,,,,,,,,,,,,,,,,,,,
Región Centro Sur,41,Huila,41807,Timaná,0.95,0.1502,0.95,0.1058,0.1025,0.95,0.0718,0.6333,0.1983,0.8316,0.0141321656050955,0.1591361464968153,0.1902866242038216,0.001592356687898,0.008061305732484,0.0119426751592356,0.6013136942675159,0.0135350318471337,0.0173016923513283,0.249881819041316,0.0009454476694714,0.0093599319277677,0.7225111090101163,,,,,,,,,,,,,,,,,,,,,,
Región Pacífico,19,Cauca,19807,Timbío,0.3476,0.432,0.4079,0.3043,0.2948,0.3076,0.2065,0.1948,0.5705,0.2558,0.0194334027383431,0.1824720802574295,0.5474162407722885,0.0032809640986813,0.0244179443498012,0.013754811029087,0.1849328033314404,0.0242917534229288,0.0233575812684701,0.660093203000682,0.0021595817231188,0.0240963855421686,0.2902932484655603,,,,,,,,,,,,,,,,,,,,,,
Región Pacífico,19,Cauca,19809,Timbiquí,0.0243,0.7508,0.0285,0.5289,0.5123,0.0215,0.3589,0.0136,0.95,0.0179,0.0041683474519295,0.0168078526287481,0.9514589216081754,0.0005378512841199,0.0063197525884093,0.0032271077047196,0.0129084308188785,0.0045717359150194,0.00159507804489,0.9835934829668452,,0.0022786829212715,0.0125327560669932,,,,,,,,,,,,,,,,,,,,,,
Región Centro Oriente,15,Boyacá,15808,Tinjacá,0.95,0.2504,0.95,0.1763,0.1708,0.9141,0.1197,0.5789,0.3307,0.7601,0.0028625954198473,0.090648854961832,0.3172709923664122,0.0004770992366412,0.0052480916030534,0.0062022900763358,0.549618320610687,0.0276717557251908,0.0135640785781103,0.3797942001870907,0.0014031805425631,0.0070159027128157,0.59822263797942,,,,,,,,,,,,,,,,,,,,,,
Región Centro Oriente,15,Boyacá,15810,Tipacoque,0.95,0.1355,0.95,0.0955,0.0925,0.95,0.0648,0.7355,0.179,0.95,0.0059782608695652,0.0951086956521739,0.1717391304347826,0.0043478260869565,0.004891304347826,0.0038043478260869,0.6983695652173914,0.0157608695652173,0.010164569215876,0.228460793804453,0.0019361084220716,0.0077444336882865,0.7516940948693127,,,,,,,,,,,,,,,,,,,,,,
Región Caribe,13,Bolívar,13810,Tiquisio,0.54,0.2997,0.6338,0.2111,0.2045,0.4779,0.1433,0.3026,0.3959,0.3974,0.0144488464227452,0.255884409228618,0.3798648333721743,0.0013982754602656,0.006758331391284,0.0335586110463761,0.2873456070845956,0.0207410859939408,0.0144167758846657,0.4353117393746489,0.00112338513387,0.0044935405354802,0.544654559071335,,,,,,,,,,,,,,,,,,,,,,
Región Eje Cafetero - Antioquia,5,Antioquia,05809,Titiribí,0.4478,0.1101,0.5256,0.0776,0.0752,0.3963,0.0526,0.251,0.1455,0.3295,0.0125687352710133,0.5456925896831631,0.1395653312385441,0.0039277297721916,0.0123068866195339,0.0062843676355066,0.2382822728462948,0.0413720869337522,0.0212032865094089,0.1961304002120328,0.0029154518950437,0.0151073416379538,0.7646435197455606,,,,,,,,,,,,,,,,,,,,,,
Región Centro Oriente,15,Boyacá,15814,Toca,0.95,0.1971,0.95,0.1388,0.1345,0.95,0.0942,0.6845,0.2603,0.8989,0.0134010152284263,0.0483248730964467,0.249746192893401,0.0014213197969543,0.0085279187817258,0.0075126903553299,0.6499492385786803,0.0211167512690355,0.0182460270747498,0.3517755542475966,0.001373356876594,0.0113792426917794,0.61722581910928,,,,,,,,,,,,,,,,,,,,,,
Región Centro Oriente,25,Cundinamarca,25815,Tocaima,0.9191,0.187,0.95,0.1317,0.1276,0.8134,0.0894,0.5151,0.247,0.6764,0.014404745092501,0.2080214658946476,0.2369721790707527,0.0019771218754413,0.0104505013416184,0.0124276232170597,0.4890552181895212,0.0266911453184578,0.0160818713450292,0.2971823498139287,0.0011961722488038,0.0095693779904306,0.6759702286018076,,,,,,,,,,,,,,,,,,,,,,
Región Centro Oriente,25,Cundinamarca,25817,Tocancipá,0.8071,0.3285,0.9472,0.2314,0.2242,0.7142,0.157,0.4523,0.4339,0.5939,0.0190753579193502,0.0708454690897157,0.4162940476678836,0.0006153341264306,0.0175985560159166,0.0158345981868154,0.4294211756984042,0.0303154612954834,0.026021390812605,0.5580871204360119,0.0005327213867147,0.0208990697865016,0.3944596975781666,,,,,,,,,,,,,,,,,,,,,,
Región Centro Oriente,15,Boyacá,15816,Togüí,0.95,0.112,0.95,0.0789,0.0764,0.95,0.0535,0.6931,0.1479,0.9101,0.0088691796008869,0.1388026607538802,0.1419068736141907,0.0044345898004434,0.0115299334811529,0.0150776053215077,0.6580931263858093,0.0212860310421286,0.0141872719902715,0.1892987434130522,0.0028374543980543,0.0085123631941629,0.7851641670044589,,,,,,,,,,,,,,,,,,,,,,
Región Eje Cafetero - Antioquia,5,Antioquia,05819,Toledo,0.5883,0.1429,0.6904,0.1006,0.0975,0.5206,0.0683,0.3297,0.1887,0.4329,0.0384615384615384,0.3538461538461538,0.1810650887573964,0.0118343195266272,0.0254437869822485,0.0171597633136094,0.3130177514792899,0.059171597633136,0.0305793991416309,0.2483905579399141,0.0069742489270386,0.0252145922746781,0.6888412017167382,,,,,,,,,,,,,,,,,,,,,,
Región Centro Oriente,54,Norte de Santander,54820,Toledo,0.95,0.0612,0.95,0.0431,0.0418,0.95,0.0293,0.7377,0.0808,0.95,0.0083625573239816,0.1772322632856757,0.0775559751820879,0.0028324790936066,0.0079579174534664,0.0074183976261127,0.700431615861883,0.0182087941731858,0.0104520512150509,0.1042592108701332,0.0014371570420695,0.0077083877711,0.8761431931016462,,,,,,,,,,,,,,,,,,,,,,
Región Caribe,70,Sucre,70823,Tolú Viejo,0.1589,0.4195,0.1865,0.2955,0.2863,0.1406,0.2005,0.089,0.5541,0.1169,0.0119548584544758,0.3125478194338179,0.5316564651874521,0.0024866105585309,0.0077467482785003,0.0337605202754399,0.0845447589900535,0.0153022188217291,0.0177950670418804,0.6204270816090052,0.0014898195662969,0.0081112398609501,0.3521767919218672,,,,,,,,,,,,,,,,,,,,,,
Región Centro Oriente,68,Santander,68820,Tona,0.95,0.066,0.95,0.0465,0.0451,0.95,0.0316,0.8755,0.0872,0.95,0.0062821245002855,0.0608223872073101,0.0836664762992575,0.0011422044545973,0.0068532267275842,0.0051399200456881,0.8312392918332382,0.0048543689320388,0.010228802153432,0.1012113055181695,0.0010767160161507,0.005921938088829,0.8815612382234186,,,,,,,,,,,,,,,,,,,,,,
Región Centro Oriente,15,Boyacá,15820,Tópaga,0.95,0.1749,0.95,0.1232,0.1193,0.937,0.0836,0.5934,0.2309,0.7792,0.0157964019306713,0.1430451952610794,0.2215884159719175,0.0013163668275559,0.0162351908731899,0.0131636682755594,0.5634050021939447,0.0254497586660816,0.016820857863751,0.3132884777123633,0.0004205214465937,0.0185029436501261,0.6509671993271657,,,,,,,,,,,,,,,,,,,,,,
Región Centro Oriente,25,Cundinamarca,25823,Topaipí,0.95,0.1088,0.95,0.0767,0.0743,0.95,0.052,0.677,0.1437,0.889,0.0082346886258363,0.1724137931034483,0.1379310344827586,0.0025733401955738,0.0051466803911477,0.0113226968605249,0.6428203808543489,0.0195573854863613,0.0093002657218777,0.1802480070859167,0.0008857395925597,0.0057573073516386,0.8038086802480071,,,,,,,,,,,,,,,,,,,,,,
Región Pacífico,19,Cauca,19821,Toribio,0.0424,0.717,0.0498,0.5051,0.4893,0.0375,0.3427,0.0238,0.947,0.0312,0.0065112837587865,0.0260451350351461,0.908694043655198,0.0018497965223825,0.0088050314465408,0.0170921198668146,0.0225675175730669,0.0084350721420643,0.0125958720458938,0.9319074639895242,0.0016836066595996,0.0118476024194051,0.0419654548855771,,,,,,,,,,,,,,,,,,,,,,
Región Pacífico,76,Valle del Cauca,76823,Toro,0.8138,0.1731,0.95,0.122,0.1182,0.7201,0.0828,0.456,0.2287,0.5988,0.0180608365019011,0.2739226869455006,0.2194233206590621,0.0034854245880861,0.0167934093789607,0.0121989860583016,0.4329847908745247,0.0231305449936628,0.0196782758082149,0.3078244572856473,0.0020302982976729,0.018116507886928,0.6523504607215368,,,,,,,,,,,,,,,,,,,,,,
Región Centro Oriente,15,Boyacá,15822,Tota,0.95,0.1284,0.95,0.0904,0.0876,0.95,0.0614,0.7555,0.1696,0.95,0.006799417192812,0.052938319572608,0.1627003399708596,0.0038853812530354,0.0097134531325886,0.0165128703254006,0.7173385138416707,0.0301117047110247,0.0088673921805723,0.203950020153164,0.0016122531237404,0.0048367593712212,0.7807335751713019,,,,,,,,,,,,,,,,,,,,,,
Región Pacífico,19,Cauca,19824,Totoró,0.1182,0.6195,0.1387,0.4364,0.4227,0.1046,0.2961,0.0662,0.8182,0.0869,0.0131766947134465,0.089379266550246,0.7850452452770281,0.0042863946658199,0.0123829179234799,0.0153992697253532,0.0628671217653595,0.0174630893792665,0.0112944162436548,0.8578680203045685,0.0016497461928934,0.0098984771573604,0.1192893401015228,,,,,,,,,,,,,,,,,,,,,,
Región Llano,85,Casanare,85430,Trinidad,0.95,0.1058,0.95,0.0745,0.0722,0.95,0.0506,0.7608,0.1397,0.95,0.0069406392694063,0.1090410958904109,0.1340639269406392,0.0027397260273972,0.0076712328767123,0.0076712328767123,0.7223744292237443,0.0094977168949771,0.0090467414977383,0.1625062824593734,0.0011727257497068,0.0070363544982409,0.8202378957949406,,,,,,,,,,,,,,,,,,,,,,
Región Pacífico,76,Valle del Cauca,76828,Trujillo,0.6284,0.2118,0.7374,0.1492,0.1445,0.556,0.1012,0.3521,0.2797,0.4624,0.0169695510891804,0.3132747623059333,0.2683836803466121,0.0015645685401372,0.0146828739920568,0.0231074738235648,0.3343362618847033,0.027680828017812,0.0218753695163769,0.3705805841314887,0.0016554333688069,0.0178550313349887,0.5880335816483386,,,,,,,,,,,,,,,,,,,,,,
Región Caribe,8,Atlántico,08832,Tubará,0.1677,0.4388,0.1968,0.3091,0.2994,0.1484,0.2097,0.0939,0.5795,0.1234,0.0089015151515151,0.3181818181818182,0.556060606060606,0.0017045454545454,0.0043560606060606,0.0049242424242424,0.0892045454545454,0.0166666666666666,0.0121683285448707,0.6827784350177455,0.0006760182524928,0.0055771505830657,0.2988000676018252,,,,,,,,,,,,,,,,,,,,,,
Región Caribe,23,Córdoba,23815,Tuchín,0.2587,0.3458,0.3037,0.2435,0.2359,0.229,0.1653,0.145,0.4567,0.1904,0.0092600180283536,0.3528640498238138,0.4381709415717446,0.0039334589854953,0.0100794886503318,0.0354011308694583,0.1376710644923379,0.0126198475784643,0.0104797979797979,0.5438131313131314,0.0022727272727272,0.0070075757575757,0.4364267676767677,,,,,,,,,,,,,,,,,,,,,,
Región Pacífico,76,Valle del Cauca,76834,Tuluá,0.5025,0.3334,0.5898,0.2349,0.2275,0.4447,0.1594,0.2816,0.4404,0.3698,0.0218126249463581,0.2180320490679394,0.4225411080059869,0.0010362043520582,0.0185260778095268,0.0174584733255879,0.2673930563841701,0.0332004061083723,0.0247490218677019,0.5371791372215988,0.0009402201935033,0.0183393487205928,0.418792271996603,,,,,,,,,,,,,,,,,,,,,,
Región Centro Oriente,15,Boyacá,15001,Tunja,0.6195,0.3562,0.7271,0.2509,0.2431,0.5482,0.1702,0.3472,0.4704,0.4559,0.0159944965173273,0.1173252214291856,0.4513823200619142,0.000472955542179,0.0098568234585948,0.0162632212572018,0.3296392639091925,0.0590656978244045,0.0259642284600634,0.5723970284684459,0.0004191158750615,0.0135374427644883,0.3876821844319408,,,,,,,,,,,,,,,,,,,,,,
Región Centro Oriente,15,Boyacá,15832,Tununguá,0.95,0.1865,0.95,0.1313,0.1272,0.95,0.0891,0.6539,0.2463,0.8586,0.0042964554242749,0.0998925886143931,0.2363050483351235,0.0010741138560687,0.0032223415682062,0.0225563909774436,0.6208378088077336,0.0118152524167561,0.0104712041884816,0.2774869109947644,,0.0031413612565445,0.7089005235602094,,,,,,,,,,,,,,,,,,,,,,
Región Pacífico,52,Nariño,52838,Túquerres,0.1581,0.5811,0.1856,0.4093,0.3965,0.1399,0.2777,0.0886,0.7675,0.1164,0.0167372557024034,0.1216002449354493,0.736388222687146,0.0030106648976884,0.0185232433535745,0.0048987089860692,0.0841455324794611,0.0146961269582078,0.0142857142857142,0.8498933901918977,0.0009808102345415,0.0126226012793176,0.1222174840085287,,,,,,,,,,,,,,,,,,,,,,
Región Caribe,13,Bolívar,13836,Turbaco,0.2938,0.4342,0.3448,0.3058,0.2963,0.26,0.2075,0.1647,0.5734,0.2162,0.0195145475004018,0.2216685420350426,0.5502330814981514,0.0013181160585114,0.0063333869152869,0.0173927021379199,0.1563414242083266,0.0271981996463591,0.0188000230321874,0.6783842920481373,0.0009788679679852,0.0065353831980192,0.2953014337536707,,,,,,,,,,,,,,,,,,,,,,
Región Caribe,13,Bolívar,13838,Turbaná,0.2135,0.4543,0.2505,0.32,0.31,0.1889,0.2172,0.1196,0.6,0.1571,0.0202216066481994,0.2430747922437673,0.5757617728531856,0.0018005540166204,0.0065096952908587,0.0178670360110803,0.113573407202216,0.021191135734072,0.0204005473317576,0.7125264336360244,0.0014927229754944,0.0049757432516482,0.2606045528050753,,,,,,,,,,,,,,,,,,,,,,
Región Eje Cafetero - Antioquia,5,Antioquia,05837,Turbo,0.4359,0.4238,0.5116,0.2985,0.2892,0.3857,0.2026,0.2443,0.5598,0.3208,0.0251567162136267,0.143658810325477,0.5371054720648216,0.0026552790780433,0.0134953874791273,0.0231036653800881,0.2319399961676384,0.0228846732911773,0.0241785638685702,0.6371804219488675,0.001646400263424,0.0128419220547075,0.3241526918644307,,,,,,,,,,,,,,,,,,,,,,
Región Centro Oriente,15,Boyacá,15835,Turmequé,0.95,0.1896,0.95,0.1335,0.1294,0.95,0.0906,0.6126,0.2504,0.8044,0.0187634573977237,0.0898185173792679,0.2402337742233159,0.0009227929867733,0.0083051368809597,0.0107659181790218,0.5816671793294371,0.0495232236235004,0.025096525096525,0.3110865968008825,0.0011031439602868,0.0118587975730832,0.6508549365692223,,,,,,,,,,,,,,,,,,,,,,
Región Centro Oriente,15,Boyacá,15837,Tuta,0.95,0.2346,0.95,0.1652,0.1601,0.95,0.1121,0.6091,0.3098,0.7998,0.010289990645463,0.0656688493919551,0.2972871842843779,0.0003741814780168,0.0069223573433115,0.0097287184284377,0.5782974742750234,0.0314312441534144,0.0161290322580645,0.3842609003899326,0.0007089684509039,0.0109890109890109,0.5879120879120879,,,,,,,,,,,,,,,,,,,,,,
Región Centro Oriente,15,Boyacá,15839,Tutazá,0.95,0.1887,0.95,0.1329,0.1288,0.95,0.0902,0.6573,0.2493,0.8631,0.0059790732436472,0.0881913303437967,0.2391629297458893,,0.0134529147982062,0.0119581464872944,0.6240657698056801,0.0171898355754858,0.0129310344827586,0.3297413793103448,0.0007183908045977,0.0093390804597701,0.6472701149425287,,,,,,,,,,,,,,,,,,,,,,
Región Centro Oriente,25,Cundinamarca,25839,Ubalá,0.95,0.1174,0.95,0.0827,0.0801,0.95,0.0561,0.7235,0.1551,0.95,0.0110483672968328,0.1124478271544316,0.1487846795973484,0.0022096734593665,0.0078566167444144,0.0093297323839921,0.6869629265897373,0.0213601767738767,0.0140208050655811,0.1996834011759385,0.0015829941203075,0.0088195386702849,0.7758932609678878,,,,,,,,,,,,,,,,,,,,,,
Región Centro Oriente,25,Cundinamarca,25841,Ubaque,0.95,0.1614,0.95,0.1137,0.1102,0.95,0.0772,0.7038,0.2132,0.9242,0.0109997555609875,0.0872647274505011,0.2045954534343681,0.0009777560498655,0.0080664874113908,0.0036665851869958,0.6682962600831093,0.0161329748227817,0.0168302945301542,0.2632071061243571,0.0002337540906965,0.0063113604488078,0.7134174848059841,,,,,,,,,,,,,,,,,,,,,,
Región Pacífico,76,Valle del Cauca,76845,Ulloa,0.5134,0.2639,0.6026,0.1859,0.1801,0.4543,0.1261,0.2877,0.3486,0.3778,0.0239194292908099,0.3067561896768779,0.3344523709609736,0.0029374737725556,0.0234997901804448,0.0041963911036508,0.273185060847671,0.0310532941670163,0.0245800901269971,0.4588283490372798,0.0024580090126997,0.0253994264645637,0.4887341253584596,,,,,,,,,,,,,,,,,,,,,,
Región Centro Oriente,15,Boyacá,15842,Umbita,0.95,0.1431,0.95,0.1008,0.0976,0.95,0.0684,0.7189,0.189,0.944,0.0094261158857776,0.0859439977820903,0.1813141114499584,0.0016634322151372,0.0060992514555031,0.0052675353479345,0.6825616856113114,0.0277238702522872,0.0111959287531806,0.2264631043256997,0.0012722646310432,0.0063613231552162,0.7547073791348601,,,,,,,,,,,,,,,,,,,,,,
Región Centro Oriente,25,Cundinamarca,25845,Une,0.95,0.1821,0.95,0.1283,0.1243,0.95,0.087,0.6784,0.2405,0.8908,0.0132662397072278,0.0729643183897529,0.2307868252516011,0.0018298261665141,0.0075480329368709,0.0068618481244281,0.6440988106129918,0.0226440988106129,0.0162515829463908,0.2906289573659772,0.0012663571127057,0.0107640354579991,0.681089067116927,,,,,,,,,,,,,,,,,,,,,,
Región Pacífico,27,Chocó,27800,Unguía,0.3124,0.4895,0.3666,0.3448,0.334,0.2764,0.234,0.1751,0.6465,0.2299,0.0178094390026714,0.1303057287028791,0.620362125259721,0.0023745918670228,0.0080142475512021,0.0252300385871178,0.1662214306915999,0.0296823983377856,0.0198547215496368,0.6639225181598063,0.0021791767554479,0.0075060532687651,0.3065375302663438,,,,,,,,,,,,,,,,,,,,,,
Región Pacífico,27,Chocó,27810,Unión Panamericana,0.2105,0.4633,0.247,0.3263,0.3161,0.1862,0.2214,0.1179,0.6119,0.1549,0.022481625594466,0.1837440553393861,0.587116299178556,0.0043233895373973,0.0332900994379593,0.0216169476869865,0.1119757890185905,0.035451794206658,0.0153846153846153,0.7166979362101313,0.0015009380863039,0.0270168855534709,0.2393996247654784,,,,,,,,,,,,,,,,,,,,,,
Región Eje Cafetero - Antioquia,5,Antioquia,05842,Uramita,0.7168,0.1142,0.8413,0.0804,0.0779,0.6343,0.0546,0.4017,0.1508,0.5275,0.0158730158730158,0.3986394557823129,0.1446712018140589,0.0049886621315192,0.0113378684807256,0.0045351473922902,0.38140589569161,0.0385487528344671,0.0180310133429498,0.1893256401009736,0.0043274432023079,0.0108186080057699,0.7774972953479986,,,,,,,,,,,,,,,,,,,,,,
Región Llano,50,Meta,50370,Uribe,0.2113,0.6458,0.248,0.4549,0.4407,0.187,0.3087,0.1184,0.8529,0.1555,0.0137779002480022,0.0248002204464039,0.8184072747313309,0.0024800220446403,0.0090934141636814,0.0112978782033618,0.1124276660236979,0.0077156241388812,0.0143021914648212,0.8786620530565167,0.002076124567474,0.0064590542099192,0.0985005767012687,,,,,,,,,,,,,,,,,,,,,,
Región Caribe,44,La Guajira,44847,Uribia,0.2466,0.3877,0.2894,0.2731,0.2646,0.2182,0.1853,0.1382,0.512,0.1814,0.0214126807563959,0.2909482758620689,0.49130978865406,0.0041017797552836,0.0231507230255839,0.0209955506117908,0.1311874304783092,0.0168937708565072,0.0174378622654484,0.5732881422536595,0.002210433244916,0.0227920227920227,0.3842715394439532,,,,,,,,,,,,,,,,,,,,,,
Región Eje Cafetero - Antioquia,5,Antioquia,05847,Urrao,0.4967,0.1276,0.5829,0.0899,0.0871,0.4396,0.061,0.2784,0.1685,0.3655,0.0285875706214689,0.4574011299435028,0.1616949152542373,0.0038418079096045,0.011412429378531,0.0225988700564971,0.2642937853107344,0.0501694915254237,0.0294117647058823,0.2146542827657378,0.0031991744066047,0.0105263157894736,0.7422084623323013,,,,,,,,,,,,,,,,,,,,,,
Región Caribe,44,La Guajira,44855,Urumita,0.1962,0.4778,0.2303,0.3366,0.3261,0.1736,0.2284,0.11,0.6311,0.1444,0.0097389949357226,0.2555512271133619,0.6055707051032333,0.0009738994935722,0.0058433969614335,0.0093494351382937,0.1044020257109466,0.0085703155434359,0.0116398493666552,0.65576857240671,0.0003423485107839,0.0073604929818555,0.3248887367339952,,,,,,,,,,,,,,,,,,,,,,
Región Caribe,8,Atlántico,08849,Usiacurí,0.2356,0.4099,0.2765,0.2887,0.2797,0.2085,0.1959,0.132,0.5414,0.1734,0.0194641051567239,0.300808897876643,0.5194641051567239,0.0022750252780586,0.006319514661274,0.0085945399393326,0.1253791708796764,0.0176946410515672,0.0174081237911025,0.668815817751988,0.0015044057597249,0.0081667741242209,0.3041048785729637,,,,,,,,,,,,,,,,,,,,,,
Región Centro Oriente,25,Cundinamarca,25851,Útica,0.95,0.0858,0.95,0.0604,0.0585,0.8696,0.041,0.5507,0.1133,0.7232,0.0090877315623907,0.3198182453687522,0.1087032506116742,0.0020971688220901,0.0052429220552254,0.0080391471513456,0.5228940929744844,0.024117441454037,0.0121057661675692,0.1481363491557821,0.0012742911755336,0.0057343102899012,0.8327492832112138,,,,,,,,,,,,,,,,,,,,,,
Región Eje Cafetero - Antioquia,5,Antioquia,05854,Valdivia,0.5875,0.2401,0.6895,0.1691,0.1638,0.5199,0.1148,0.3292,0.3171,0.4323,0.0223280738314974,0.2962191128311998,0.3042572194105388,0.0059541530217326,0.0151830902054182,0.0104197677880321,0.3125930336409646,0.0330455492706162,0.0225798702858515,0.4222916166226279,0.0036031707902954,0.0165745856353591,0.534950756665866,,,,,,,,,,,,,,,,,,,,,,
Región Caribe,23,Córdoba,23855,Valencia,0.4445,0.3473,0.5217,0.2447,0.237,0.3934,0.166,0.2491,0.4587,0.3271,0.0160983044389407,0.2631929891407887,0.4401790817298533,0.0027624309392265,0.0067631929891407,0.0135263859782815,0.2365212421413602,0.020956372642408,0.0152241759914744,0.4988201263606607,0.0016746593590621,0.0058613077567176,0.478419730532085,,,,,,,,,,,,,,,,,,,,,,
Región Centro Sur,86,Putumayo,86865,Valle de Guamez,0.145,0.6674,0.1702,0.4701,0.4554,0.1283,0.319,0.0813,0.8814,0.1067,0.0111491006392151,0.0361230860710569,0.8457707744908577,0.0011149100639215,0.0091422625241563,0.0074327337594767,0.0771517764233685,0.012115356027947,0.011954459203036,0.9032258064516128,0.0011385199240986,0.0060088551549652,0.0776723592662871,,,,,,,,,,,,,,,,,,,,,,
Región Centro Oriente,68,Santander,68855,Valle de San José,0.95,0.0987,0.95,0.0695,0.0673,0.95,0.0472,0.8494,0.1303,0.95,0.0063500828271673,0.048591938155715,0.1250690226394257,0.0008282716731087,0.003589177250138,0.0033130866924351,0.8064605190502485,0.0057979017117614,0.00735101076398,0.1548962982410081,0.0005250721974271,0.0031504331845628,0.8340771856130218,,,,,,,,,,,,,,,,,,,,,,
Región Centro Sur,73,Tolima,73854,Valle de San Juan,0.7406,0.1149,0.8692,0.081,0.0784,0.6554,0.0549,0.415,0.1518,0.545,0.0109145652992096,0.4121189311253293,0.1456529920963492,0.0015054572826496,0.0090327436958976,0.0090327436958976,0.394053443733534,0.0176891230711328,0.0119561607439388,0.1770176021255396,,0.0092992361341746,0.8017270009963468,,,,,,,,,,,,,,,,,,,,,,
Región Caribe,20,Cesar,20001,Valledupar,0.455,0.376,0.5339,0.2648,0.2566,0.4026,0.1797,0.2549,0.4966,0.3348,0.0149211595805372,0.2207061231451475,0.4764655025378322,0.0006234303963488,0.0110923559199421,0.0166797038117475,0.2420733177671781,0.0174384068412663,0.0178463777718639,0.5742612435981687,0.0005919827075876,0.0116169817571567,0.3956834141652229,,,,,,,,,,,,,,,,,,high,1.0,0.0,0.0,1.0
Región Eje Cafetero - Antioquia,5,Antioquia,05856,Valparaíso,0.4475,0.1782,0.5251,0.1255,0.1216,0.396,0.0852,0.2507,0.2353,0.3293,0.0136746143057503,0.4726507713884993,0.2258064516129032,0.0024544179523141,0.0112201963534361,0.0066619915848527,0.238078541374474,0.0294530154277699,0.0201954397394136,0.2667752442996742,0.003257328990228,0.0094462540716612,0.7003257328990228,,,,,,,,,,,,,,,,,,,,,,
Región Centro Sur,18,Caquetá,18860,Valparaíso,0.95,0.1514,0.95,0.1066,0.1033,0.95,0.0723,0.6514,0.1999,0.8553,0.0172849915682967,0.1408094435075885,0.1918212478920742,0.001264755480607,0.0130691399662731,0.0075885328836424,0.6184654300168634,0.0096964586846543,0.0167910447761194,0.2604477611940298,0.0011194029850746,0.0085820895522388,0.7130597014925373,,,,,,,,,,,,,,,,,,,,,,
Región Eje Cafetero - Antioquia,5,Antioquia,05858,Vegachí,0.7069,0.1003,0.8296,0.0706,0.0684,0.6255,0.0479,0.3961,0.1325,0.5202,0.0197171024432061,0.4046292327475354,0.127089584226318,0.0030004286326618,0.0145735105015002,0.0130732961851693,0.3761251607372481,0.0417916845263609,0.0253572147313342,0.1706580800965989,0.0028174683034815,0.0142885892533709,0.7868786476152143,,,,,,,,,,,,,,,,,,,,,,
Región Centro Oriente,68,Santander,68861,Vélez,0.95,0.1844,0.95,0.1299,0.1259,0.95,0.0882,0.6764,0.2436,0.8882,0.0085249801744647,0.0870340999206978,0.2337430610626487,0.0008921490880253,0.0072363203806502,0.0091197462331482,0.642248215701824,0.0112014274385408,0.0130586720617987,0.279749862056281,0.000643737355159,0.0077248482619091,0.698822880264852,,,,,,,,,,,,,,,,,,,,,,
Región Centro Sur,73,Tolima,73861,Venadillo,0.8354,0.2297,0.95,0.1618,0.1568,0.7392,0.1098,0.4681,0.3034,0.6147,0.0112359550561797,0.2133179114342366,0.2911434236615994,0.0021480502313284,0.0133840052875082,0.0090879048248512,0.4444811632518176,0.0152015862524785,0.0113002862739189,0.3480488172367033,0.0013560343528702,0.0134096730450504,0.625885189091457,,,,,,,,,,,,,,,,,,,,,,
Región Eje Cafetero - Antioquia,5,Antioquia,05861,Venecia,0.2639,0.1126,0.3097,0.0793,0.0768,0.2336,0.0538,0.1479,0.1487,0.1942,0.0161038961038961,0.6410389610389611,0.1426839826839827,0.0019047619047619,0.0143722943722943,0.0096969696969696,0.1404329004329004,0.0337662337662337,0.0167286245353159,0.1922946941534302,0.001520784048665,0.0098006083136194,0.7796552889489693,,,,,,,,,,,,,,,,,,,,,,
Región Centro Oriente,25,Cundinamarca,25506,Venecia,0.95,0.2743,0.95,0.1932,0.1872,0.8455,0.1311,0.5354,0.3623,0.7031,0.0093196644920782,0.0945945945945946,0.34762348555452,0.0027958993476234,0.0093196644920782,0.0149114631873252,0.5083876980428704,0.0130475302889096,0.0128432240921169,0.4109831709477413,0.0026572187776793,0.0084145261293179,0.5651018600531443,,,,,,,,,,,,,,,,,,,,,,
Región Centro Oriente,15,Boyacá,15861,Ventaquemada,0.95,0.2149,0.95,0.1514,0.1466,0.95,0.1027,0.6426,0.2838,0.8438,0.010789814415192,0.0581211336498345,0.2723349158394476,0.0020140986908358,0.0079125305711408,0.0112214069917997,0.6101280391310603,0.0274780607106891,0.0224286662242866,0.3664233576642335,0.0018579960185799,0.0135368281353682,0.5957531519575315,,,,,,,,,,,,,,,,,,,,,,
Región Centro Oriente,25,Cundinamarca,25862,Vergara,0.95,0.1203,0.95,0.0848,0.0821,0.95,0.0575,0.6702,0.1589,0.88,0.0107115531752104,0.1548074470798265,0.1525121142565672,0.0028054067839836,0.0076511094108645,0.0066309614894159,0.6363172660035705,0.028564141800561,0.0130029440628066,0.2068204121687929,0.000981354268891,0.0051521099116781,0.7740431795878312,,,,,,,,,,,,,,,,,,,,,,
Región Pacífico,76,Valle del Cauca,76863,Versalles,0.6479,0.1623,0.7603,0.1143,0.1108,0.5733,0.0776,0.3631,0.2144,0.4767,0.0157181571815718,0.3867208672086721,0.2056910569105691,0.0035230352303523,0.016260162601626,0.0075880758807588,0.3447154471544715,0.0197831978319783,0.0203542162305048,0.2841660058154903,0.0013217023526301,0.0182394924662965,0.675918583135078,,,,,,,,,,,,,,,,,,,,,,
Región Centro Oriente,68,Santander,68867,Vetas,0.95,0.0315,0.95,0.0222,0.0215,0.95,0.0151,0.6085,0.0416,0.799,0.0161987041036717,0.3326133909287257,0.0399568034557235,0.0010799136069114,0.0107991360691144,0.0086393088552915,0.5777537796976242,0.0129589632829373,0.0206489675516224,0.0511307767944936,,0.0049164208456243,0.9233038348082596,,,,,,,,,,,,,,,,,,,,,,
Región Centro Oriente,25,Cundinamarca,25867,Vianí,0.95,0.1588,0.95,0.1118,0.1083,0.9382,0.0759,0.5941,0.2097,0.7801,0.0080645161290322,0.1867572156196944,0.2011884550084889,0.0025466893039049,0.0063667232597623,0.0084889643463497,0.5640916808149405,0.0224957555178268,0.0126632370399683,0.2504946576968738,0.000791452314998,0.0059358923624851,0.7301147605856747,,,,,,,,,,,,,,,,,,,,,,
Región Eje Cafetero - Antioquia,17,Caldas,17867,Victoria,0.9148,0.1347,0.95,0.0949,0.0919,0.8095,0.0644,0.5126,0.1779,0.6731,0.0111866637420486,0.2704540469401184,0.1706514586532134,0.0043869269576661,0.013599473568765,0.0149155516560649,0.4867295459530599,0.0280763325290633,0.0199875078076202,0.2494274411825942,0.0029148448886112,0.0212367270455965,0.7064334790755777,,,,,,,,,,,,,,,,,,,,,,
Región Eje Cafetero - Antioquia,5,Antioquia,05873,Vigía del Fuerte,0.0588,0.5471,0.0691,0.3853,0.3733,0.0521,0.2615,0.033,0.7225,0.0433,0.0104355716878402,0.1397459165154265,0.6932849364791288,0.0072595281306715,0.0117967332123411,0.0217785843920145,0.0313067150635208,0.0843920145190562,0.0183284457478005,0.8372434017595308,0.0043988269794721,0.0084310850439882,0.1315982404692082,,,,,,,,,,,,,,,,,,,,,,
Región Pacífico,76,Valle del Cauca,76869,Vijes,0.2686,0.4127,0.3153,0.2907,0.2816,0.2377,0.1973,0.1505,0.5451,0.1977,0.0166777851901267,0.2698465643762508,0.5230153435623749,0.0038358905937291,0.0153435623749166,0.0085056704469646,0.1429286190793862,0.0198465643762508,0.0176807900605288,0.6435170436444727,0.0014335775724753,0.0121057661675692,0.3252628225549538,,,,,,,,,,,,,,,,,,,,,,
Región Centro Oriente,54,Norte de Santander,54871,Villa Caro,0.6036,0.0495,0.7084,0.0348,0.0338,0.5341,0.0236,0.3382,0.0653,0.4442,0.0085701398285972,0.5832205683355887,0.0626973387460532,0.0031574199368516,0.0072169598556608,0.0040595399188092,0.3211547135769057,0.0099233198015336,0.0148637489677952,0.0891824938067712,0.000412881915772,0.0033030553261767,0.8922378199834847,,,,,,,,,,,,,,,,,,,,,,
Región Centro Oriente,15,Boyacá,15407,Villa de Leyva,0.9361,0.2283,0.95,0.1608,0.1558,0.8283,0.1091,0.5246,0.3015,0.6888,0.0120145891439605,0.1348423085174855,0.2893155975112637,0.0008581849388543,0.0071872988629049,0.0084745762711864,0.4980690838875777,0.0492383608667667,0.0234776228906823,0.3664186144010062,0.0009432973482863,0.0083848653181008,0.6007756000419243,,,,,,,,,,,,,,,,,,,,,,
Región Centro Oriente,25,Cundinamarca,25843,Villa de San Diego de Ubate,0.95,0.1932,0.95,0.1361,0.1319,0.95,0.0924,0.6299,0.2552,0.8271,0.0211464748697187,0.0792885137172143,0.2448856539902666,0.0006029544769369,0.0133511348464619,0.0100779534002325,0.5980877729445713,0.0325595417545975,0.0276410936630867,0.3426896581233152,0.0004706687775448,0.0177570493346455,0.6114415301014078,,,,,,,,,,,,,,,,,,,,,,
Región Centro Oriente,54,Norte de Santander,54874,Villa del Rosario,0.95,0.0714,0.95,0.0503,0.0487,0.95,0.0341,0.6275,0.0943,0.824,0.0078574711637374,0.2610694040140953,0.0904812974676618,0.0007441616143929,0.0061065026592834,0.0185602661472126,0.5958108078530937,0.0193700890805226,0.0098772493290509,0.1237405957147256,0.0004179682344141,0.0057195653130362,0.8602446214087729,,,,,,,,,,,,,,,,,,,,,,
Región Pacífico,19,Cauca,19845,Villa Rica,0.0851,0.6401,0.0999,0.4509,0.4368,0.0753,0.306,0.0477,0.8455,0.0626,0.0161572501800967,0.0633940516620356,0.811258618915303,0.001852423587527,0.0272717917052588,0.0209941339919728,0.0452814654728825,0.0137902644849233,0.0141912908242612,0.8797628304821151,0.0014580093312597,0.0191485225505443,0.0854393468118196,,,,,,,,,,,,,,,,,,,,,,
Región Centro Sur,86,Putumayo,86885,Villagarzón,0.4144,0.4608,0.4863,0.3246,0.3144,0.3667,0.2202,0.2322,0.6085,0.3049,0.0243783520234032,0.0998537298878595,0.5839102876645539,0.0020477815699658,0.023403217942467,0.0304241833252072,0.2204778156996587,0.0155046318868844,0.0266749933089481,0.6987242394504416,0.0010705682933357,0.0198947274511553,0.2536354714961192,,,,,,,,,,,,,,,,,,,,,,
Región Centro Oriente,25,Cundinamarca,25871,Villagómez,0.95,0.1292,0.95,0.091,0.0882,0.95,0.0618,0.6172,0.1707,0.8104,0.0041152263374485,0.2205761316872428,0.1637860082304526,0.0016460905349794,0.0049382716049382,0.0041152263374485,0.5860082304526749,0.0148148148148148,0.0069230769230769,0.2215384615384615,0.0015384615384615,0.0053846153846153,0.7646153846153846,,,,,,,,,,,,,,,,,,,,,,
Región Centro Sur,73,Tolima,73870,Villahermosa,0.749,0.1549,0.879,0.1091,0.1057,0.6628,0.074,0.4197,0.2045,0.5512,0.0246584471842719,0.3195601466177941,0.1962679106964345,0.0073308897034321,0.0133288903698767,0.0109963345551482,0.3985338220593135,0.0293235588137287,0.0242335766423357,0.2569343065693431,0.0040875912408759,0.0154744525547445,0.6992700729927007,,,,,,,,,,,,,,,,,,,,,,
Región Eje Cafetero - Antioquia,17,Caldas,17873,Villamaría,0.5755,0.2503,0.6754,0.1763,0.1708,0.5093,0.1196,0.3225,0.3306,0.4235,0.0222058513997053,0.2519118782010804,0.3171963797095348,0.0021399003718515,0.0223461727355644,0.0127692415631796,0.3062162351785589,0.0652143408405248,0.0325680539539434,0.4403326693923192,0.0018171017227522,0.0277806897997693,0.4975014851312157,,,,,,,,,,,,,,,,,,,,,,
Región Caribe,13,Bolívar,13873,Villanueva,0.1743,0.274,0.2045,0.193,0.187,0.1542,0.131,0.0977,0.3619,0.1282,0.01870817970777,0.496517820565342,0.347262051071965,0.0034139014065273,0.014474941963676,0.0086030315444489,0.0927215622012836,0.0182985115389867,0.0218143123171056,0.4878957169459962,0.0034583665868582,0.0107741420590582,0.4760574620909816,,,,,,,,,,,,,,,,,,,,,,
Región Caribe,44,La Guajira,44874,Villanueva,0.3211,0.4086,0.3768,0.2878,0.2788,0.2841,0.1953,0.1799,0.5397,0.2363,0.0139108441353145,0.2580883127832227,0.517862788491938,0.0009484666455896,0.011908525661292,0.0106439034671725,0.1708293813889767,0.0158077774264938,0.0119357444135331,0.599300008974244,0.0005384546351969,0.0118460019743336,0.3763797900026923,,,,,,,,,,,,,,,,,,,,,,
Región Centro Oriente,68,Santander,68872,Villanueva,0.95,0.0748,0.95,0.0527,0.0511,0.95,0.0358,0.8255,0.0988,0.95,0.0071614583333333,0.0950520833333333,0.0948350694444444,0.0013020833333333,0.0030381944444444,0.0041232638888888,0.7838541666666666,0.0106336805555555,0.0094552929085303,0.1243576567317574,0.001027749229188,0.0028776978417266,0.8622816032887975,,,,,,,,,,,,,,,,,,,,,,
Región Llano,85,Casanare,85440,Villanueva,0.95,0.159,0.95,0.112,0.1085,0.95,0.076,0.7031,0.2101,0.9233,0.0135135135135135,0.0713579433091628,0.2015491100856954,0.0010437266534827,0.019336409580312,0.012964183695891,0.6676005273566249,0.0126345858053175,0.0177267987486965,0.2754514022281982,0.000878107677954,0.0200867131331979,0.6858569782119532,,,,,,,,,,,,,,,,,,,,,,
Región Centro Oriente,25,Cundinamarca,25873,Villapinzón,0.95,0.1053,0.95,0.0741,0.0718,0.95,0.0503,0.7937,0.139,0.95,0.0146969389823636,0.064362456922765,0.1333873910399351,0.0005067909993918,0.005777417393067,0.0041556861950131,0.7535982160956821,0.0235151023717818,0.0239473942486995,0.1925606045735597,0.0005888703503778,0.0088330552556678,0.7740700755716949,,,,,,,,,,,,,,,,,,,,,,
Región Centro Sur,73,Tolima,73873,Villarrica,0.6022,0.1234,0.7067,0.0869,0.0842,0.5329,0.059,0.3375,0.1629,0.4431,0.0146938775510204,0.4779591836734694,0.1563265306122448,0.0008163265306122,0.010204081632653,0.0106122448979591,0.3204081632653061,0.0089795918367346,0.0155728587319243,0.1794586577678902,0.0007415647015202,0.0070448646644419,0.7971820541342232,,,,,,,,,,,,,,,,,,,,,,
Región Llano,50,Meta,50001,Villavicencio,0.8752,0.2245,0.95,0.1581,0.1532,0.7744,0.1073,0.4904,0.2965,0.644,0.0134861409421958,0.179591054886026,0.2844764695573497,0.0005216760473257,0.0093534885047867,0.018592860374221,0.4656570061500715,0.0283213035380232,0.0198037566135456,0.3658571593749875,0.0004784479149638,0.0118655082911036,0.6019951278053993,,,,,,,,,,,,,,,,,,extreme,0.0,12500.0,0.0,1.0
Región Centro Sur,41,Huila,41872,Villavieja,0.5963,0.3541,0.6998,0.2494,0.2416,0.5276,0.1693,0.3341,0.4677,0.4388,0.0098573281452658,0.1891050583657587,0.4487678339818418,0.0020752269779507,0.0140077821011673,0.0064850843060959,0.3172503242542153,0.0124513618677042,0.0124538745387453,0.529289667896679,0.0009225092250922,0.0138376383763837,0.4434963099630996,,,,,,,,,,,,,,,,,,,,,,
Región Centro Oriente,25,Cundinamarca,25875,Villeta,0.95,0.1388,0.95,0.0977,0.0947,0.95,0.0663,0.6059,0.1833,0.7956,0.0106591681925189,0.1917996337954486,0.1758435783416165,0.0015040544075333,0.007716453047345,0.0137980643473711,0.5752681140465603,0.023410933821606,0.0143192042070582,0.2319584362922131,0.0010137489704112,0.008870303491098,0.7438383070392194,,,,,,,,,,,,,,,,,,,,,,
Región Centro Oriente,25,Cundinamarca,25878,Viotá,0.938,0.2284,0.95,0.1609,0.1559,0.8301,0.1092,0.5257,0.3017,0.6903,0.0095794771878551,0.1669102126968663,0.2894950478973859,0.0014612761811982,0.0077934729663906,0.0079558369865237,0.4991069978892677,0.017697678194512,0.0118263473053892,0.3459580838323353,0.0013473053892215,0.0059880239520958,0.6348802395209581,,,,,,,,,,,,,,,,,,,,,,
Región Centro Oriente,15,Boyacá,15879,Viracachá,0.95,0.1158,0.95,0.0816,0.079,0.95,0.0553,0.7284,0.1529,0.95,0.0081521739130434,0.0944293478260869,0.1467391304347826,0.0020380434782608,0.0122282608695652,0.0115489130434782,0.6915760869565217,0.0332880434782608,0.0096700796359499,0.1820250284414107,0.0011376564277588,0.0119453924914675,0.7952218430034129,,,,,,,,,,,,,,,,,,,,,,
Región Llano,50,Meta,50711,Vista Hermosa,0.95,0.2659,0.95,0.1873,0.1814,0.8468,0.1271,0.5362,0.3512,0.7041,0.0167450871851646,0.0939662330473291,0.3369775809576529,0.0023526155549404,0.017713811237199,0.0124550235261555,0.5091336839191808,0.0106559645723775,0.0249728555917481,0.4323802629991555,0.0020509108456991,0.0197852575702738,0.5208107129931234,,,,,,,,,,,,,,,,,,,,,,
Región Eje Cafetero - Antioquia,17,Caldas,17877,Viterbo,0.672,0.1449,0.7887,0.1021,0.0989,0.5947,0.0693,0.3766,0.1914,0.4945,0.0198945981554677,0.3758893280632411,0.1836627140974967,0.0022397891963109,0.0185770750988142,0.0102766798418972,0.3575757575757576,0.0318840579710144,0.0245486426808676,0.2493830367580205,0.0015586439797376,0.0177945187686712,0.706715157812703,,,,,,,,,,,,,,,,,,,,,,
Región Centro Oriente,25,Cundinamarca,25885,Yacopí,0.95,0.0764,0.95,0.0538,0.0521,0.95,0.0365,0.641,0.1009,0.8417,0.007164790174002,0.2417604912998976,0.0968270214943705,0.0042988741044012,0.0061412487205731,0.0182190378710337,0.6085977482088024,0.0169907881269191,0.0054063480990582,0.1337635158702476,0.0010463899546564,0.0047087547959539,0.8550749912800837,,,,,,,,,,,,,,,,,,,,,,
Región Pacífico,52,Nariño,52885,Yacuanquer,0.1609,0.5582,0.1888,0.3932,0.3809,0.1424,0.2668,0.0902,0.7373,0.1184,0.0132806891600861,0.1448312993539124,0.7074659009332376,0.0039483129935391,0.0220746590093323,0.0069992821249102,0.0856066044508255,0.0157932519741564,0.0140754958413307,0.8198976327575176,0.0020793346129238,0.0183941138835572,0.1455534229046705,,,,,,,,,,,,,,,,,,,,,,
Región Centro Sur,41,Huila,41885,Yaguará,0.8993,0.2446,0.95,0.1723,0.1669,0.7958,0.1169,0.504,0.323,0.6618,0.0195813639432815,0.1501237902318253,0.3099257258609048,0.0011253657438667,0.0162052667116812,0.0072023407607472,0.4785055142921449,0.017330632455548,0.0175142435112893,0.3867904621228107,0.0002110149820637,0.0124498839417598,0.5830343954420764,,,,,,,,,,,,,,,,,,,,,,
Región Eje Cafetero - Antioquia,5,Antioquia,05885,Yalí,0.6905,0.1097,0.8104,0.0773,0.0749,0.6111,0.0524,0.387,0.1449,0.5081,0.0181891673403395,0.4211802748585287,0.1390460792239288,0.0052546483427647,0.009700889248181,0.0113177041228779,0.3674211802748585,0.0278900565885206,0.0188076650106458,0.1795599716110716,0.00319375443577,0.0095812633073101,0.7888573456352023,,,,,,,,,,,,,,,,,,,,,,
Región Eje Cafetero - Antioquia,5,Antioquia,05887,Yarumal,0.6866,0.1296,0.8058,0.0913,0.0884,0.6076,0.062,0.3847,0.1712,0.5052,0.0307895606210769,0.3511067063098778,0.1642550379914106,0.0028410967955071,0.0157251404030393,0.0130822596630327,0.3653121902874133,0.0568880079286422,0.037311475409836,0.244327868852459,0.0027540983606557,0.020327868852459,0.6952786885245902,,,,,,,,,,,,,,,,,,,,,,
Región Llano,97,Vaupés,97889,Yavaraté,0.1918,0.5448,0.2251,0.3838,0.3718,0.1697,0.2604,0.1075,0.7196,0.1411,0.0034013605442176,0.1088435374149659,0.6904761904761905,0.0068027210884353,0.010204081632653,0.0374149659863945,0.1020408163265306,0.0408163265306122,0.0158730158730158,0.7714285714285715,,,0.2126984126984127,,,,,,,,,,,,,,,,,,,,,,
Región Eje Cafetero - Antioquia,5,Antioquia,05890,Yolombó,0.4593,0.128,0.5391,0.0901,0.0873,0.4065,0.0612,0.2574,0.169,0.338,0.0209844159851874,0.4968369078845857,0.1621663323561178,0.0050918068199351,0.0120351797562104,0.0087949390526153,0.2444067273568893,0.0496836907884585,0.0227803738317757,0.2184579439252336,0.0027745327102803,0.0118282710280373,0.7441588785046729,,,,,,,,,,,,,,,,,,,,,,
Región Eje Cafetero - Antioquia,5,Antioquia,05893,Yondó,0.95,0.2486,0.95,0.1751,0.1696,0.9013,0.1188,0.5708,0.3283,0.7495,0.0130115658362989,0.0816281138790035,0.3150578291814946,0.0017793594306049,0.0143460854092526,0.0227980427046263,0.5419261565836299,0.0094528469750889,0.0159562841530054,0.3886338797814208,0.0020765027322404,0.0165027322404371,0.5768306010928962,,,,,,,,,,,,,,,,,,,,,,
Región Llano,85,Casanare,85001,Yopal,0.95,0.1974,0.95,0.139,0.1347,0.95,0.0943,0.6265,0.2607,0.8226,0.0118432067759885,0.1035972817255133,0.2501231102575466,0.0006894174422612,0.0082853203328901,0.0111907224109912,0.5948195203624366,0.019451420692372,0.0191867943404316,0.3279381639750369,0.0006312229050545,0.0115287504168453,0.6407150683626316,,,,,,,,,,,,,,,,,,,,,,
Región Pacífico,76,Valle del Cauca,76890,Yotoco,0.4399,0.3712,0.5163,0.2615,0.2533,0.3893,0.1774,0.2465,0.4903,0.3237,0.0201623129596753,0.2072026375855947,0.470453969059092,0.0019021049961957,0.0223180319553639,0.0162312959675374,0.2340857215318285,0.0276439259447121,0.0200097608589555,0.5850414836505613,0.001586139580283,0.0218399219131283,0.3715226939970717,,,,,,,,,,,,,,,,,,,,,,
Región Pacífico,76,Valle del Cauca,76892,Yumbo,0.2256,0.5218,0.2647,0.3675,0.3561,0.1996,0.2494,0.1264,0.6891,0.166,0.0177410018047468,0.1336363945925699,0.6612524261926652,0.0012428916811386,0.0164129805564068,0.0282800422242653,0.120015663840365,0.0214185991078421,0.017854270548496,0.7557986166961557,0.0008525012063696,0.0126749235965899,0.2128196879523886,,,,,,,,,,,,,,,,,,,,,,
Región Caribe,13,Bolívar,13894,Zambrano,0.095,0.5576,0.1115,0.3928,0.3805,0.0841,0.2665,0.0533,0.7365,0.0699,0.0158560102849796,0.2035568887936576,0.7066638097278766,0.0023569745018212,0.0100707092350546,0.0036425969573601,0.0505678165845296,0.0072851939147203,0.0098741529525653,0.8131655372700871,0.0009680542110358,0.0077444336882865,0.1682478218780251,,,,,,,,,,,,,,,,,,,,,,
Región Centro Oriente,68,Santander,68895,Zapatoca,0.95,0.1002,0.95,0.0706,0.0684,0.95,0.0479,0.7834,0.1324,0.95,0.0105530584326753,0.0934141098299785,0.1270275552081297,0.0009771350400625,0.0044948211842876,0.0078170803205002,0.7437951924956029,0.0119210474887629,0.0100991210024312,0.1556012717411632,0.0007480830372171,0.0043014774639985,0.8292500467551899,,,,,,,,,,,,,,,,,,,,,,
Región Caribe,47,Magdalena,47960,Zapayán,0.1963,0.2345,0.2304,0.1652,0.16,0.1737,0.1121,0.11,0.3097,0.1445,0.0100558659217877,0.5581005586592179,0.2972067039106145,0.003072625698324,0.0067039106145251,0.0053072625698324,0.1044692737430167,0.0150837988826815,0.0090972708187543,0.4075110800093305,0.0006997900629811,0.0032656869605784,0.5794261721483555,,,,,,,,,,,,,,,,,,,,,,
Región Eje Cafetero - Antioquia,5,Antioquia,05895,Zaragoza,0.5871,0.2688,0.689,0.1893,0.1834,0.5195,0.1285,0.329,0.355,0.432,0.0282437521396781,0.2256076686066415,0.3406367682300582,0.0032523108524477,0.0234508729887025,0.0208832591578226,0.31239301609038,0.045532351934269,0.0244648318042813,0.4279816513761468,0.0029051987767584,0.0214067278287461,0.5232415902140672,,,,,,,,,,,,,,,,,,,,,,
Región Pacífico,76,Valle del Cauca,76895,Zarzal,0.268,0.4677,0.3146,0.3295,0.3192,0.2372,0.2236,0.1502,0.6177,0.1972,0.0210897942119199,0.1812607423235936,0.5927439959121104,0.0014865053189018,0.0188135829423514,0.0171412644585868,0.1426116040321456,0.0248525108003902,0.0195329841072538,0.6950634821983486,0.0007990766225694,0.0177572582793216,0.2668471987925064,,,,,,,,,,,,,,,,,,,,,,
Región Centro Oriente,15,Boyacá,15897,Zetaquira,0.95,0.2072,0.95,0.146,0.1414,0.95,0.099,0.6463,0.2737,0.8487,0.010710035700119,0.0797302657675525,0.2625942086473621,0.0011900039666798,0.0059500198333994,0.0063466878222927,0.6136453788179294,0.0198333994446648,0.0093978419770274,0.3104768534632788,0.0013922728854855,0.0059171597633136,0.6728158719108945,,,,,,,,,,,,,,,,,,,,,,
Región Centro Oriente,25,Cundinamarca,25898,Zipacón,0.95,0.1883,0.95,0.1326,0.1285,0.9019,0.09,0.5712,0.2487,0.75,0.0076628352490421,0.1584813653779171,0.2385928247997213,0.0003483106931382,0.012539184952978,0.0083594566353187,0.542319749216301,0.0316962730755834,0.0171428571428571,0.3189915966386554,0.001344537815126,0.0161344537815126,0.6463865546218487,,,,,,,,,,,,,,,,,,,,,,
Región Centro Oriente,25,Cundinamarca,25899,Zipaquirá,0.6482,0.3624,0.7607,0.2553,0.2473,0.5736,0.1732,0.3632,0.4786,0.477,0.0201012672237286,0.1024569752642355,0.4592717613856455,0.0005257041668972,0.0150932433180233,0.014456864589674,0.3448896021249515,0.0432045819268441,0.0265058240876518,0.5840273358603326,0.0004288520598732,0.0173754253935755,0.3716625625985668,,,,,,,,,,,,,,,,,,,,,,
Región Caribe,47,Magdalena,47980,Zona Bananera,0.1653,0.5068,0.194,0.357,0.3458,0.1463,0.2422,0.0926,0.6693,0.1216,0.0174952542198963,0.1933712995741624,0.642245138782002,0.0023600636191062,0.0160586937560925,0.0279103175824739,0.087938022677133,0.0126212097891334,0.0153782781820678,0.7758707492333745,0.0007780676461165,0.0097029612339237,0.1982699437045173,,,,,,,,,,,,,,,,,,,,,,
