"","code_dane","code_rnec","municipio","departamento","ano","eleccion","_zona","zona","puesto","puesto2","mujeres","hombres","total","mesas"
"1",5001,1001,"Medellín","Antioquia",2006,"Congreso",NA,NA,NA,"SEC.ESC.LA ESPERAZA No 2",1603,6784,8387,25
"2",5001,1001,"Medellín","Antioquia",2006,"Congreso",NA,NA,NA,"JAR. INF. MARIA CARLA CRISTIN",10856,3072,13928,41
"3",5001,1001,"Medellín","Antioquia",2006,"Congreso",NA,NA,NA,"INST.EDUC.MARIA DE LOS A.",2111,1693,3804,12
"4",5001,1001,"Medellín","Antioquia",2006,"Congreso",NA,NA,NA,"SEC.ESC.PABLO VI",3898,2633,6531,19
"5",5001,1001,"Medellín","Antioquia",2006,"Congreso",NA,NA,NA,"SEC.ESC.AGRIPINA MONTES DEL V",4964,3705,8669,26
"6",5001,1001,"Medellín","Antioquia",2006,"Congreso",NA,NA,NA,"SEC.ESC.MEDELLIN",2437,1714,4151,13
"7",5001,1001,"Medellín","Antioquia",2006,"Congreso",NA,NA,NA,"SEC. ESC. DIVINA PROVIDENCIA",781,514,1295,4
"8",5001,1001,"Medellín","Antioquia",2006,"Congreso",NA,NA,NA,"SEC.ESC.LA FRONTERA",5357,5284,10641,31
"9",5001,1001,"Medellín","Antioquia",2006,"Congreso",NA,NA,NA,"SEC.ESC.MANUEL URIBE ANGEL",4564,2242,6806,20
"10",5001,1001,"Medellín","Antioquia",2006,"Congreso",NA,NA,NA,"INST.EDUC.BARRIO SANTA CRUZ",2842,2108,4950,15
"11",5001,1001,"Medellín","Antioquia",2006,"Congreso",NA,NA,NA,"SEC.ESC.REP.DE NICARAGUA",3132,2239,5371,16
"12",5001,1001,"Medellín","Antioquia",2006,"Congreso",NA,NA,NA,"SEC.ESC.ARZOBISPO GARCIA",3681,2659,6340,19
"13",5001,1001,"Medellín","Antioquia",2006,"Congreso",NA,NA,NA,"INST.EDUC.REPUBLICA DE HONDUR",2045,1409,3454,11
"14",5001,1001,"Medellín","Antioquia",2006,"Congreso",NA,NA,NA,"INST.EDUC.REPUBLICA BARBADOS",4472,3219,7691,23
"15",5001,1001,"Medellín","Antioquia",2006,"Congreso",NA,NA,NA,"INST.EDUC.SAN LORENZO DE A.",2968,2166,5134,15
"16",5001,1001,"Medellín","Antioquia",2006,"Congreso",NA,NA,NA,"INSTITUTO VICARIAL JESUS M.",4978,3838,8816,26
"17",5001,1001,"Medellín","Antioquia",2006,"Congreso",NA,NA,NA,"SEC.ESC.NTRA SRA DE LAS NIEVE",3654,2937,6591,20
"18",5001,1001,"Medellín","Antioquia",2006,"Congreso",NA,NA,NA,"INST.EDUC.MANUELA BELTRAN",9477,7564,17041,50
"19",5001,1001,"Medellín","Antioquia",2006,"Congreso",NA,NA,NA,"INST.EDUC.PEDRO LUIS VILLA",1927,1720,3647,11
"20",5001,1001,"Medellín","Antioquia",2006,"Congreso",NA,NA,NA,"COL.AGUSTINIANO DE SAN NICOLA",5696,5165,10861,32
"21",5001,1001,"Medellín","Antioquia",2006,"Congreso",NA,NA,NA,"INST.EDUC.MONS.FCO.CRISTO",5178,3809,8987,27
"22",5001,1001,"Medellín","Antioquia",2006,"Congreso",NA,NA,NA,"INST. EDUC.GILBERTO ALZATE A.",2975,2189,5164,16
"23",5001,1001,"Medellín","Antioquia",2006,"Congreso",NA,NA,NA,"INST. EDUC. CAMPO VALDES",2280,1729,4009,12
"24",5001,1001,"Medellín","Antioquia",2006,"Congreso",NA,NA,NA,"INST.EDUC.ALFONSO MORA NARANJ",4803,3928,8731,26
"25",5001,1001,"Medellín","Antioquia",2006,"Congreso",NA,NA,NA,"INST.EDUC.JOSE MARIA BRAVO M.",2571,1736,4307,13
"26",5001,1001,"Medellín","Antioquia",2006,"Congreso",NA,NA,NA,"INST. EDUC. FRANCISCO MIRANDA",6768,4822,11590,34
"27",5001,1001,"Medellín","Antioquia",2006,"Congreso",NA,NA,NA,"INST. EDUC. JAVIERA LONDOÑO",2734,2588,5322,16
"28",5001,1001,"Medellín","Antioquia",2006,"Congreso",NA,NA,NA,"ESC. HOGAR JOSE GREGORIO H.",4785,3683,8468,25
"29",5001,1001,"Medellín","Antioquia",2006,"Congreso",NA,NA,NA,"SEC.ESC.EDUARDO URIBE BOTERO",4496,3678,8174,24
"30",5001,1001,"Medellín","Antioquia",2006,"Congreso",NA,NA,NA,"COLISEO FERIAS AURELIO MEJIA",3795,3655,7450,22
"31",5001,1001,"Medellín","Antioquia",2006,"Congreso",NA,NA,NA,"SEC.ESC.TRICENTENARIO",2143,1766,3909,12
"32",5001,1001,"Medellín","Antioquia",2006,"Congreso",NA,NA,NA,"INST.EDUC.MARIA MONTESSORI",4039,2882,6921,21
"33",5001,1001,"Medellín","Antioquia",2006,"Congreso",NA,NA,NA,"INST.EDUC.REPUBLICA DE URUGUA",5029,3862,8891,26
"34",5001,1001,"Medellín","Antioquia",2006,"Congreso",NA,NA,NA,"COL.PARROQUIAL SAN JUDAS T.",4152,3425,7577,23
"35",5001,1001,"Medellín","Antioquia",2006,"Congreso",NA,NA,NA,"INST.EDUC.CIUDADELA LAS AMERI",3385,2318,5703,17
"36",5001,1001,"Medellín","Antioquia",2006,"Congreso",NA,NA,NA,"INST.EDUC. MAESTRO FDO. BOTER",4832,3860,8692,26
"37",5001,1001,"Medellín","Antioquia",2006,"Congreso",NA,NA,NA,"INST.EDUC.DOCE DE OCTUBRE",5027,3840,8867,26
"38",5001,1001,"Medellín","Antioquia",2006,"Congreso",NA,NA,NA,"SEC.ESC.LEON DE GREIFF",3084,1989,5073,15
"39",5001,1001,"Medellín","Antioquia",2006,"Congreso",NA,NA,NA,"INST.EDUC.ALFREDO COCK ARANGO",5299,4101,9400,28
"40",5001,1001,"Medellín","Antioquia",2006,"Congreso",NA,NA,NA,"SEC.ESC.SAN MARTIN DE PORRES",3021,2188,5209,16
"41",5001,1001,"Medellín","Antioquia",2006,"Congreso",NA,NA,NA,"INST.EDUC. KENNEDY",6459,4787,11246,33
"42",5001,1001,"Medellín","Antioquia",2006,"Congreso",NA,NA,NA,"COL.VIDA Y PAZ PROGRESAR UNID",1779,1366,3145,10
"43",5001,1001,"Medellín","Antioquia",2006,"Congreso",NA,NA,NA,"INST.EDUC.SAN VICENTE DE PAUL",4814,3640,8454,25
"44",5001,1001,"Medellín","Antioquia",2006,"Congreso",NA,NA,NA,"SEC.ESC.EL DIAMANTE",5635,4089,9724,29
"45",5001,1001,"Medellín","Antioquia",2006,"Congreso",NA,NA,NA,"INST.EDUC.FE Y ALEGRIA  VILLA",4910,3470,8380,25
"46",5001,1001,"Medellín","Antioquia",2006,"Congreso",NA,NA,NA,"INST. EDUC.MARISCAL ROBLEDO",7757,6353,14110,42
"47",5001,1001,"Medellín","Antioquia",2006,"Congreso",NA,NA,NA,"SEC.ESC.SANTA MARGARITA",2036,1377,3413,10
"48",5001,1001,"Medellín","Antioquia",2006,"Congreso",NA,NA,NA,"INST.EDUC.SN-FCO ASIS SEC EST",705,543,1248,4
"49",5001,1001,"Medellín","Antioquia",2006,"Congreso",NA,NA,NA,"INST.EDUC.VIDA PARA TO SEC.H.",4014,3010,7024,21
"50",5001,1001,"Medellín","Antioquia",2006,"Congreso",NA,NA,NA,"INST.EDUC.SAN FCO.DE ASIS",1975,1636,3611,11
"51",5001,1001,"Medellín","Antioquia",2006,"Congreso",NA,NA,NA,"ESC. REPUBLICA DEL PERU",2017,1558,3575,11
"52",5001,1001,"Medellín","Antioquia",2006,"Congreso",NA,NA,NA,"SEC.ESC. JULIA AGUDELO",7798,5695,13493,40
"53",5001,1001,"Medellín","Antioquia",2006,"Congreso",NA,NA,NA,"SEC.ESC.FCO.ANTONIO URIBE",3911,3179,7090,21
"54",5001,1001,"Medellín","Antioquia",2006,"Congreso",NA,NA,NA,"INST.EDUC.JUAN DE LA CRUZ P.",2328,1503,3831,12
"55",5001,1001,"Medellín","Antioquia",2006,"Congreso",NA,NA,NA,"INST.EDUC.VILLA TURBAY",963,610,1573,5
"56",5001,1001,"Medellín","Antioquia",2006,"Congreso",NA,NA,NA,"SEC.ESC.ALEJANDRO ECHAVARRIA",3344,2610,5954,18
"57",5001,1001,"Medellín","Antioquia",2006,"Congreso",NA,NA,NA,"INST.EDUC.MERCEDITAS GOMEZ",2813,1966,4779,14
"58",5001,1001,"Medellín","Antioquia",2006,"Congreso",NA,NA,NA,"INST.EDUC.MANUEL JOSE CAICEDO",2054,1513,3567,11
"59",5001,1001,"Medellín","Antioquia",2006,"Congreso",NA,NA,NA,"INST.EDUC. LA MILAGROSA",6207,4842,11049,33
"60",5001,1001,"Medellín","Antioquia",2006,"Congreso",NA,NA,NA,"SEC.ESC.MERCEDES YEPES ISAZA",1770,1376,3146,10
"61",5001,1001,"Medellín","Antioquia",2006,"Congreso",NA,NA,NA,"INT.EDUC.FEDERICO OZANAM",5870,5109,10979,32
"62",5001,1001,"Medellín","Antioquia",2006,"Congreso",NA,NA,NA,"ESC.NORMAL SUPERIOR ANTIOQUEÑ",3528,2850,6378,19
"63",5001,1001,"Medellín","Antioquia",2006,"Congreso",NA,NA,NA,"INST.EDUC.EL SALVADOR SEC.JOS",1920,1455,3375,10
"64",5001,1001,"Medellín","Antioquia",2006,"Congreso",NA,NA,NA,"IGLESIA EL ESPIRITU SANTO",4130,3018,7148,21
"65",5001,1001,"Medellín","Antioquia",2006,"Congreso",NA,NA,NA,"SEC.ESC.AGUSTIN NIETO  CABALL",1384,1003,2387,7
"66",5001,1001,"Medellín","Antioquia",2006,"Congreso",NA,NA,NA,"COL. SALECIANO EL SUFRAGIO",6358,5400,11758,35
"67",5001,1001,"Medellín","Antioquia",2006,"Congreso",NA,NA,NA,"INST. EDUC. CEFA",11030,11149,22179,65
"68",5001,1001,"Medellín","Antioquia",2006,"Congreso",NA,NA,NA,"CTRO. COMERCIAL SAN DIEGO",6159,5587,11746,35
"69",5001,1001,"Medellín","Antioquia",2006,"Congreso",NA,NA,NA,"ALCALDIA MPAL.(SOTANO)",8592,11305,19897,58
"70",5001,1001,"Medellín","Antioquia",2006,"Congreso",NA,NA,NA,"SENA",2171,3398,5569,17
"71",5001,1001,"Medellín","Antioquia",2006,"Congreso",NA,NA,NA,"INST.TECNOLOGICO METROPOLITAN",3854,4072,7926,24
"72",5001,1001,"Medellín","Antioquia",2006,"Congreso",NA,NA,NA,"BIBLIOTECA PUBLICA PILOTO",4825,3899,8724,26
"73",5001,1001,"Medellín","Antioquia",2006,"Congreso",NA,NA,NA,"SEC.ESC.CARLOS OBANDO VELASCO",5905,4102,10007,30
"74",5001,1001,"Medellín","Antioquia",2006,"Congreso",NA,NA,NA,"LIGA TENIS DE MESA ANT.",3114,3504,6618,20
"75",5001,1001,"Medellín","Antioquia",2006,"Congreso",NA,NA,NA,"SEC.ESC.AGRUPACION COLOMBIA",6277,4698,10975,32
"76",5001,1001,"Medellín","Antioquia",2006,"Congreso",NA,NA,NA,"INST.EDUC.LUCRECIO JARAMILLO",9747,6591,16338,48
"77",5001,1001,"Medellín","Antioquia",2006,"Congreso",NA,NA,NA,"INST.EDUC.CONCEJO DE MEDELLIN",9107,6730,15837,47
"78",5001,1001,"Medellín","Antioquia",2006,"Congreso",NA,NA,NA,"SEC.ESC.SANTA LUCIA",4934,3419,8353,25
"79",5001,1001,"Medellín","Antioquia",2006,"Congreso",NA,NA,NA,"INST.EDUC.RAFAEL URIBE",6737,4829,11566,34
"80",5001,1001,"Medellín","Antioquia",2006,"Congreso",NA,NA,NA,"SEC.ESC.PEDRO DE CASTRO",6351,5033,11384,34
"81",5001,1001,"Medellín","Antioquia",2006,"Congreso",NA,NA,NA,"INST.EDUC.LA PIEDAD",1455,1040,2495,8
"82",5001,1001,"Medellín","Antioquia",2006,"Congreso",NA,NA,NA,"SEC.ESC.REPUBLICA DE PANAMA",3331,2596,5927,18
"83",5001,1001,"Medellín","Antioquia",2006,"Congreso",NA,NA,NA,"SEC.ESC.MONSE/OR PERDOMO",8326,6566,14892,44
"84",5001,1001,"Medellín","Antioquia",2006,"Congreso",NA,NA,NA,"SEC. ESC. EL SOCORRO",2113,1743,3856,12
"85",5001,1001,"Medellín","Antioquia",2006,"Congreso",NA,NA,NA,"SEC.ESC.MUNICIPAL SAN JAVIER",5211,4217,9428,28
"86",5001,1001,"Medellín","Antioquia",2006,"Congreso",NA,NA,NA,"INST.EDUC.LA AMERICA SEC.ESC.",2963,2167,5130,15
"87",5001,1001,"Medellín","Antioquia",2006,"Congreso",NA,NA,NA,"COL. SAN LUCAS",2146,1688,3834,12
"88",5001,1001,"Medellín","Antioquia",2006,"Congreso",NA,NA,NA,"UNIVERSIDAD EAFIT",10748,8582,19330,57
"89",5001,1001,"Medellín","Antioquia",2006,"Congreso",NA,NA,NA,"IGLESIA DIVINA EUCARISTIA",5753,4302,10055,30
"90",5001,1001,"Medellín","Antioquia",2006,"Congreso",NA,NA,NA,"POLITECNICO JAIME ISAZA",3956,3401,7357,22
"91",5001,1001,"Medellín","Antioquia",2006,"Congreso",NA,NA,NA,"SEC. ESC.SANTISIMA TRINIDAD",2839,2242,5081,15
"92",5001,1001,"Medellín","Antioquia",2006,"Congreso",NA,NA,NA,"LOCAL ACCION COMUN. SANTA FE",2941,2185,5126,15
"93",5001,1001,"Medellín","Antioquia",2006,"Congreso",NA,NA,NA,"INST.EDUC.SANTO ANGEL",6364,5253,11617,34
"94",5001,1001,"Medellín","Antioquia",2006,"Congreso",NA,NA,NA,"SEC.ESC. GABRIELA MISTRAL",3644,3021,6665,20
"95",5001,1001,"Medellín","Antioquia",2006,"Congreso",NA,NA,NA,"SEC. ESC. LA COLINA",1229,1003,2232,7
"96",5001,1001,"Medellín","Antioquia",2006,"Congreso",NA,NA,NA,"INST.EDUC.FATIMA NUTIBARA SEC",3447,2658,6105,18
"97",5001,1001,"Medellín","Antioquia",2006,"Congreso",NA,NA,NA,"UNID.DEP.DE BLEN ""ANDRES ESCO",5928,4731,10659,31
"98",5001,1001,"Medellín","Antioquia",2006,"Congreso",NA,NA,NA,"LICEO SAN RAFAEL",9241,8016,17257,51
"99",5001,1001,"Medellín","Antioquia",2006,"Congreso",NA,NA,NA,"INST.EDUC.GUILLERMO VALENCIA",2518,2034,4552,14
"100",5001,1001,"Medellín","Antioquia",2006,"Congreso",NA,NA,NA,"SEC.ESC.JACKELINE KENNEDY",2915,1981,4896,15
"101",5001,1001,"Medellín","Antioquia",2006,"Congreso",NA,NA,NA,"INST. EDUC. JOSE MARIA BERNAL",3871,3189,7060,21
"102",5001,1001,"Medellín","Antioquia",2006,"Congreso",NA,NA,NA,"SEDE SOCIAL I.S.S.",4301,3541,7842,23
"103",5001,1001,"Medellín","Antioquia",2006,"Congreso",NA,NA,NA,"SEC.ESC.YERMO Y PARRES",3999,3516,7515,22
"104",5001,1001,"Medellín","Antioquia",2006,"Congreso",NA,NA,NA,"INST.EDUC.RAMON GIRALDO C.",4133,3278,7411,22
"105",5001,1001,"Medellín","Antioquia",2006,"Congreso",NA,NA,NA,"KIOSCO COMUNAL LOS ALPES",4657,3960,8617,26
"106",5001,1001,"Medellín","Antioquia",2006,"Congreso",NA,NA,NA,"INST.EDUC.ROBERTO BELARMINO",6888,5103,11991,35
"107",5001,1001,"Medellín","Antioquia",2006,"Congreso",NA,NA,NA,"INST.EDUC.REPUBLICA DE V.",2641,2127,4768,14
"108",5001,1001,"Medellín","Antioquia",2006,"Congreso",NA,NA,NA,"ESTADIO ATANASIO GIRARDOT",3,96140,96143,122
"109",5001,1001,"Medellín","Antioquia",2006,"Congreso",NA,NA,NA,"CTRO DE EXPOSICIONES Y CONV.",118101,2,118103,149
"110",5001,1001,"Medellín","Antioquia",2006,"Congreso",NA,NA,NA,"RECLUSION DE MUJERES",74,50,124,1
"111",5001,1001,"Medellín","Antioquia",2006,"Congreso",NA,NA,NA,"SEC.ESC. ALTAVISTA",1903,1478,3381,10
"112",5001,1001,"Medellín","Antioquia",2006,"Congreso",NA,NA,NA,"INST.EDUC.FE Y ALEGRIA EL LIM",1467,1024,2491,8
"113",5001,1001,"Medellín","Antioquia",2006,"Congreso",NA,NA,NA,"INST.EDUC.HECTOR ROGELIO MONT",891,936,1827,6
"114",5001,1001,"Medellín","Antioquia",2006,"Congreso",NA,NA,NA,"INST.EDUC.SAN ANTONIO DE PRAD",7949,6955,14904,44
"115",5001,1001,"Medellín","Antioquia",2006,"Congreso",NA,NA,NA,"INST.EDUC. SAN CRISTOBAL",6930,5944,12874,38
"116",5001,1001,"Medellín","Antioquia",2006,"Congreso",NA,NA,NA,"CASA DE GOBIERNO SANTA ELENA",1631,1616,3247,10
"117",5002,1004,"Abejorral","Antioquia",2006,"Congreso",NA,NA,NA,NA,6069,6147,12216,36
"118",5002,1004,"Abejorral","Antioquia",2006,"Congreso",NA,NA,NA,"CARCEL",0,0,0,0
"119",5002,1004,"Abejorral","Antioquia",2006,"Congreso",NA,NA,NA,"PANTANILLO",479,554,1033,4
"120",5002,1004,"Abejorral","Antioquia",2006,"Congreso",NA,NA,NA,"CHAGUALAL",211,298,509,2
"121",5002,1004,"Abejorral","Antioquia",2006,"Congreso",NA,NA,NA,"GUAICO GRANDE",162,258,420,2
"122",5002,1004,"Abejorral","Antioquia",2006,"Congreso",NA,NA,NA,"PORTUGAL",69,87,156,1
"123",5002,1004,"Abejorral","Antioquia",2006,"Congreso",NA,NA,NA,"PURIMA",109,140,249,1
"124",5004,1007,"Abriaquí","Antioquia",2006,"Congreso",NA,NA,NA,NA,732,787,1519,5
"125",5004,1007,"Abriaquí","Antioquia",2006,"Congreso",NA,NA,NA,"LA ANTIGUA",198,245,443,2
"126",5021,1010,"Alejandría","Antioquia",2006,"Congreso",NA,NA,NA,NA,1737,1729,3466,11
"127",5021,1010,"Alejandría","Antioquia",2006,"Congreso",NA,NA,NA,"SAN JOSE",8,5,13,1
"128",5030,1013,"Amagá","Antioquia",2006,"Congreso",NA,NA,NA,NA,7866,7409,15275,45
"129",5030,1013,"Amagá","Antioquia",2006,"Congreso",NA,NA,NA,"EL CEDRO",331,315,646,2
"130",5030,1013,"Amagá","Antioquia",2006,"Congreso",NA,NA,NA,"LA CLARITA",899,792,1691,5
"131",5031,1016,"Amalfi","Antioquia",2006,"Congreso",NA,NA,NA,NA,5664,5900,11564,34
"132",5031,1016,"Amalfi","Antioquia",2006,"Congreso",NA,NA,NA,"CARCEL",0,6,6,1
"133",5031,1016,"Amalfi","Antioquia",2006,"Congreso",NA,NA,NA,"PORTACHUELO",100,172,272,1
"134",5034,1019,"Andes","Antioquia",2006,"Congreso",NA,NA,NA,"LICEO JUAN DE DIOS URIBE",547,747,1294,4
"135",5034,1019,"Andes","Antioquia",2006,"Congreso",NA,NA,NA,"COL. SAN JUAN DE LOS ANDES",2319,2376,4695,14
"136",5034,1019,"Andes","Antioquia",2006,"Congreso",NA,NA,NA,"COL. MARCO FIDEL SUAREZ",1129,845,1974,6
"137",5034,1019,"Andes","Antioquia",2006,"Congreso",NA,NA,NA,"ESC. LUIS GUTIERREZ",752,598,1350,4
"138",5034,1019,"Andes","Antioquia",2006,"Congreso",NA,NA,NA,"PUESTO CENSO",6300,6747,13047,17
"139",5034,1019,"Andes","Antioquia",2006,"Congreso",NA,NA,NA,"CARCEL",5,19,24,1
"140",5034,1019,"Andes","Antioquia",2006,"Congreso",NA,NA,NA,"BUENOS AIRES",421,496,917,3
"141",5034,1019,"Andes","Antioquia",2006,"Congreso",NA,NA,NA,"SAN JOSE",312,406,718,3
"142",5034,1019,"Andes","Antioquia",2006,"Congreso",NA,NA,NA,"SANTA BARBARA",397,509,906,3
"143",5034,1019,"Andes","Antioquia",2006,"Congreso",NA,NA,NA,"SANTA RITA",680,727,1407,5
"144",5034,1019,"Andes","Antioquia",2006,"Congreso",NA,NA,NA,"TAPARTO",565,694,1259,4
"145",5034,1019,"Andes","Antioquia",2006,"Congreso",NA,NA,NA,"LA PIEDRA QUEBRADA ARRIBA",355,355,710,3
"146",5036,1022,"Angelópolis","Antioquia",2006,"Congreso",NA,NA,NA,NA,1797,1921,3718,11
"147",5036,1022,"Angelópolis","Antioquia",2006,"Congreso",NA,NA,NA,"ESTACION ANGELOPOLIS",300,270,570,2
"148",5036,1022,"Angelópolis","Antioquia",2006,"Congreso",NA,NA,NA,"SANTA ANA",48,63,111,1
"149",5038,1025,"Angostura","Antioquia",2006,"Congreso",NA,NA,NA,NA,3317,3492,6809,20
"150",5038,1025,"Angostura","Antioquia",2006,"Congreso",NA,NA,NA,"CANOAS",162,205,367,2
"151",5038,1025,"Angostura","Antioquia",2006,"Congreso",NA,NA,NA,"LA MONTA/ITA",189,177,366,2
"152",5040,1028,"Anorí","Antioquia",2006,"Congreso",NA,NA,NA,NA,2772,2988,5760,17
"153",5040,1028,"Anorí","Antioquia",2006,"Congreso",NA,NA,NA,"CRISTALINAS",161,208,369,2
"154",5040,1028,"Anorí","Antioquia",2006,"Congreso",NA,NA,NA,"LIBERIA",146,386,532,2
"155",5040,1028,"Anorí","Antioquia",2006,"Congreso",NA,NA,NA,"MONTEFRIO",230,303,533,2
"156",5040,1028,"Anorí","Antioquia",2006,"Congreso",NA,NA,NA,"MADRE SECA",79,171,250,1
"157",5040,1028,"Anorí","Antioquia",2006,"Congreso",NA,NA,NA,"LAS NIEVES",46,105,151,1
"158",5040,1028,"Anorí","Antioquia",2006,"Congreso",NA,NA,NA,"LA CASITA",82,113,195,1
"159",5040,1028,"Anorí","Antioquia",2006,"Congreso",NA,NA,NA,"SANTO DOMINGO",81,104,185,1
"160",5042,1031,"Santafé de Antioquia","Antioquia",2006,"Congreso",NA,NA,NA,NA,6662,6430,13092,39
"161",5042,1031,"Santafé de Antioquia","Antioquia",2006,"Congreso",NA,NA,NA,"CARCEL",1,10,11,1
"162",5042,1031,"Santafé de Antioquia","Antioquia",2006,"Congreso",NA,NA,NA,"CATIVO",52,58,110,1
"163",5042,1031,"Santafé de Antioquia","Antioquia",2006,"Congreso",NA,NA,NA,"EL PESCADO",160,205,365,2
"164",5042,1031,"Santafé de Antioquia","Antioquia",2006,"Congreso",NA,NA,NA,"GUASABRA",179,289,468,2
"165",5042,1031,"Santafé de Antioquia","Antioquia",2006,"Congreso",NA,NA,NA,"LAS AZULES",70,101,171,1
"166",5042,1031,"Santafé de Antioquia","Antioquia",2006,"Congreso",NA,NA,NA,"TONUSCO ARRIBA",132,167,299,1
"167",5042,1031,"Santafé de Antioquia","Antioquia",2006,"Congreso",NA,NA,NA,"SABANAS",144,218,362,2
"168",5044,1034,"Anza","Antioquia",2006,"Congreso",NA,NA,NA,NA,1388,1457,2845,9
"169",5044,1034,"Anza","Antioquia",2006,"Congreso",NA,NA,NA,"GUINTAR",278,406,684,2
"170",5044,1034,"Anza","Antioquia",2006,"Congreso",NA,NA,NA,"LA CEJITA",68,79,147,1
"171",5045,1035,"Apartadó","Antioquia",2006,"Congreso",NA,NA,NA,"ESC. PUEBLO NUEVO",7104,3069,10173,30
"172",5045,1035,"Apartadó","Antioquia",2006,"Congreso",NA,NA,NA,"COL. COOPERATIVO",2611,8078,10689,32
"173",5045,1035,"Apartadó","Antioquia",2006,"Congreso",NA,NA,NA,"IDEM JOSE CELESTINO MUTIS",3079,2773,5852,18
"174",5045,1035,"Apartadó","Antioquia",2006,"Congreso",NA,NA,NA,"ESC. ALFONSO LOPEZ",1962,1864,3826,12
"175",5045,1035,"Apartadó","Antioquia",2006,"Congreso",NA,NA,NA,"ESC. POLICARPA",2485,1721,4206,13
"176",5045,1035,"Apartadó","Antioquia",2006,"Congreso",NA,NA,NA,"COL. SAN FCO. DE ASIS",3634,4202,7836,23
"177",5045,1035,"Apartadó","Antioquia",2006,"Congreso",NA,NA,NA,"PUESTO CENSO",8422,5815,14237,18
"178",5045,1035,"Apartadó","Antioquia",2006,"Congreso",NA,NA,NA,"CARCEL",0,24,24,1
"179",5045,1035,"Apartadó","Antioquia",2006,"Congreso",NA,NA,NA,"EL REPOSO",950,1054,2004,6
"180",5045,1035,"Apartadó","Antioquia",2006,"Congreso",NA,NA,NA,"CHURIDO",356,566,922,3
"181",5045,1035,"Apartadó","Antioquia",2006,"Congreso",NA,NA,NA,"PUERTO GIRON",113,155,268,1
"182",5045,1035,"Apartadó","Antioquia",2006,"Congreso",NA,NA,NA,"SAN JOSE DE APARTADO",326,641,967,3
"183",5051,1037,"Arboletes","Antioquia",2006,"Congreso",NA,NA,NA,NA,5788,5777,11565,34
"184",5051,1037,"Arboletes","Antioquia",2006,"Congreso",NA,NA,NA,"BUENOS AIRES",294,432,726,3
"185",5051,1037,"Arboletes","Antioquia",2006,"Congreso",NA,NA,NA,"EL CARMELO",362,540,902,3
"186",5051,1037,"Arboletes","Antioquia",2006,"Congreso",NA,NA,NA,"SANTAFE DE LAS PLATAS",308,480,788,3
"187",5051,1037,"Arboletes","Antioquia",2006,"Congreso",NA,NA,NA,"LAS NARANJITAS",175,294,469,2
"188",5051,1037,"Arboletes","Antioquia",2006,"Congreso",NA,NA,NA,"GUADUAL",327,582,909,3
"189",5051,1037,"Arboletes","Antioquia",2006,"Congreso",NA,NA,NA,"LA CANDELARIA",501,664,1165,4
"190",5051,1037,"Arboletes","Antioquia",2006,"Congreso",NA,NA,NA,"LA TRINIDAD",452,689,1141,4
"191",5055,1039,"Argelia","Antioquia",2006,"Congreso",NA,NA,NA,NA,2466,2678,5144,15
"192",5055,1039,"Argelia","Antioquia",2006,"Congreso",NA,NA,NA,"EL PITAL",83,124,207,1
"193",5055,1039,"Argelia","Antioquia",2006,"Congreso",NA,NA,NA,"EL ROSARIO SAN JULIAN",95,113,208,1
"194",5055,1039,"Argelia","Antioquia",2006,"Congreso",NA,NA,NA,"GUADUALITO",32,58,90,1
"195",5055,1039,"Argelia","Antioquia",2006,"Congreso",NA,NA,NA,"LA MARGARITA",39,40,79,1
"196",5055,1039,"Argelia","Antioquia",2006,"Congreso",NA,NA,NA,"MESONES",38,43,81,1
"197",5055,1039,"Argelia","Antioquia",2006,"Congreso",NA,NA,NA,"SAN AGUSTIN",101,143,244,1
"198",5059,1040,"Armenia","Antioquia",2006,"Congreso",NA,NA,NA,NA,1980,2157,4137,13
"199",5059,1040,"Armenia","Antioquia",2006,"Congreso",NA,NA,NA,"LA HERRADURA",346,366,712,3
"200",5079,1043,"Barbosa","Antioquia",2006,"Congreso",NA,NA,NA,"COL. LUIS EDUARDO PEREZ MOLIN",898,1011,1909,6
"201",5079,1043,"Barbosa","Antioquia",2006,"Congreso",NA,NA,NA,"COL. MANUEL JOSE CAICEDO",501,268,769,3
"202",5079,1043,"Barbosa","Antioquia",2006,"Congreso",NA,NA,NA,"BIBLIOTECA ISOLDA ECHAVARRIA",752,870,1622,5
"203",5079,1043,"Barbosa","Antioquia",2006,"Congreso",NA,NA,NA,"COL. COOPERATIVO SIMON BOLIVA",814,700,1514,5
"204",5079,1043,"Barbosa","Antioquia",2006,"Congreso",NA,NA,NA,"PUESTO CENSO",9960,9279,19239,25
"205",5079,1043,"Barbosa","Antioquia",2006,"Congreso",NA,NA,NA,"CARCEL",1,18,19,1
"206",5079,1043,"Barbosa","Antioquia",2006,"Congreso",NA,NA,NA,"EL HATILLO",1378,1344,2722,8
"207",5086,1046,"Belmira","Antioquia",2006,"Congreso",NA,NA,NA,NA,1163,1189,2352,7
"208",5086,1046,"Belmira","Antioquia",2006,"Congreso",NA,NA,NA,"LABORES",175,266,441,2
"209",5086,1046,"Belmira","Antioquia",2006,"Congreso",NA,NA,NA,"LAS PLAYAS",439,529,968,3
"210",5086,1046,"Belmira","Antioquia",2006,"Congreso",NA,NA,NA,"QUEBRADITAS",41,72,113,1
"211",5088,1049,"Bello","Antioquia",2006,"Congreso",NA,NA,NA,"COL.JESUS DE LA BUENA E.",8937,11066,20003,59
"212",5088,1049,"Bello","Antioquia",2006,"Congreso",NA,NA,NA,"INST.EDUC.JORGE ELIECER GAITA",8884,6817,15701,46
"213",5088,1049,"Bello","Antioquia",2006,"Congreso",NA,NA,NA,"INST.EDUC.FERNANDO VELEZ",5941,4599,10540,31
"214",5088,1049,"Bello","Antioquia",2006,"Congreso",NA,NA,NA,"INST.EDUC.PLAYA RICA SECCION",1661,1349,3010,9
"215",5088,1049,"Bello","Antioquia",2006,"Congreso",NA,NA,NA,"INST.EDUC.LA MILAGROSA",2586,2231,4817,15
"216",5088,1049,"Bello","Antioquia",2006,"Congreso",NA,NA,NA,"INST.EDUC.SANTA CATALINA",3459,2534,5993,18
"217",5088,1049,"Bello","Antioquia",2006,"Congreso",NA,NA,NA,"INST.EDUC.CONCEJO DE BELLO",3362,2800,6162,18
"218",5088,1049,"Bello","Antioquia",2006,"Congreso",NA,NA,NA,"INST.EDUC.HERNAN VILLA BAENA",6137,4578,10715,32
"219",5088,1049,"Bello","Antioquia",2006,"Congreso",NA,NA,NA,"INST. EDUCATIVA EL MIRADOR",2118,1645,3763,11
"220",5088,1049,"Bello","Antioquia",2006,"Congreso",NA,NA,NA,"INST.EDUC.CIAL.ANTONIO ROLDAN",4933,3735,8668,26
"221",5088,1049,"Bello","Antioquia",2006,"Congreso",NA,NA,NA,"INST.EDUC.FE Y ALEGRIA",5000,3746,8746,26
"222",5088,1049,"Bello","Antioquia",2006,"Congreso",NA,NA,NA,"INST.EDUC.NAVARRA",1018,801,1819,6
"223",5088,1049,"Bello","Antioquia",2006,"Congreso",NA,NA,NA,"COLEGIO LA SALLE",6228,4236,10464,31
"224",5088,1049,"Bello","Antioquia",2006,"Congreso",NA,NA,NA,"INST.EDUC.LICEO ANTIOQUE/O",3967,3444,7411,22
"225",5088,1049,"Bello","Antioquia",2006,"Congreso",NA,NA,NA,"COL.PARROQUIAL SAN FCO.DE ASI",3655,3007,6662,20
"226",5088,1049,"Bello","Antioquia",2006,"Congreso",NA,NA,NA,"COL. SAN BUENAVENTURA",2727,2247,4974,15
"227",5088,1049,"Bello","Antioquia",2006,"Congreso",NA,NA,NA,"INST.EDUC.ATANASIO GIRARDOT",3068,2445,5513,17
"228",5088,1049,"Bello","Antioquia",2006,"Congreso",NA,NA,NA,"CTRO.EDUC.RAQUEL JARAMILLO",2747,2032,4779,14
"229",5088,1049,"Bello","Antioquia",2006,"Congreso",NA,NA,NA,"INST.EDUC.ALBERTO DIAZ MU/OZ",5784,4571,10355,31
"230",5088,1049,"Bello","Antioquia",2006,"Congreso",NA,NA,NA,"INST.EDUC.FEDERICO SIERRA A.",5061,3836,8897,26
"231",5088,1049,"Bello","Antioquia",2006,"Congreso",NA,NA,NA,"INST.EDUC.LA GABRIELA",1718,1462,3180,10
"232",5088,1049,"Bello","Antioquia",2006,"Congreso",NA,NA,NA,"INST.EDUC. LAS VEGAS",1328,1036,2364,7
"233",5088,1049,"Bello","Antioquia",2006,"Congreso",NA,NA,NA,"INST.EDUC.FONTIDUE/O JAIME A.",1859,1468,3327,10
"234",5088,1049,"Bello","Antioquia",2006,"Congreso",NA,NA,NA,"PUESTO CENSO",44025,33335,77360,98
"235",5088,1049,"Bello","Antioquia",2006,"Congreso",NA,NA,NA,"CARCEL",1,30,31,1
"236",5088,1049,"Bello","Antioquia",2006,"Congreso",NA,NA,NA,"CARCEL DISTRITO JUDICIAL",19,394,413,2
"237",5088,1049,"Bello","Antioquia",2006,"Congreso",NA,NA,NA,"SAN FELIX",842,913,1755,6
"238",5091,1052,"Betania","Antioquia",2006,"Congreso",NA,NA,NA,NA,3322,3761,7083,21
"239",5091,1052,"Betania","Antioquia",2006,"Congreso",NA,NA,NA,"CARCEL",0,0,0,0
"240",5091,1052,"Betania","Antioquia",2006,"Congreso",NA,NA,NA,"LA LIBIA",96,107,203,1
"241",5093,1055,"Betulia","Antioquia",2006,"Congreso",NA,NA,NA,NA,3934,4161,8095,24
"242",5093,1055,"Betulia","Antioquia",2006,"Congreso",NA,NA,NA,"ALTAMIRA",844,1016,1860,6
"243",5093,1055,"Betulia","Antioquia",2006,"Congreso",NA,NA,NA,"CANGREJO",61,72,133,1
"244",5093,1055,"Betulia","Antioquia",2006,"Congreso",NA,NA,NA,"LUCIANO RESTREPO",286,377,663,2
"245",5093,1055,"Betulia","Antioquia",2006,"Congreso",NA,NA,NA,"YERBAL",271,390,661,2
"246",5101,1058,"Ciudad Bolívar","Antioquia",2006,"Congreso",NA,NA,NA,NA,8927,9087,18014,53
"247",5101,1058,"Ciudad Bolívar","Antioquia",2006,"Congreso",NA,NA,NA,"CARCEL",1,21,22,1
"248",5101,1058,"Ciudad Bolívar","Antioquia",2006,"Congreso",NA,NA,NA,"ALFONSO LOPEZ",408,424,832,3
"249",5101,1058,"Ciudad Bolívar","Antioquia",2006,"Congreso",NA,NA,NA,"FARALLONES",356,455,811,3
"250",5101,1058,"Ciudad Bolívar","Antioquia",2006,"Congreso",NA,NA,NA,"LA LINDA",117,126,243,1
"251",5113,1061,"Buriticá","Antioquia",2006,"Congreso",NA,NA,NA,NA,1906,1933,3839,12
"252",5113,1061,"Buriticá","Antioquia",2006,"Congreso",NA,NA,NA,"URARCO",144,163,307,1
"253",5113,1061,"Buriticá","Antioquia",2006,"Congreso",NA,NA,NA,"EL NARANJO",163,184,347,2
"254",5113,1061,"Buriticá","Antioquia",2006,"Congreso",NA,NA,NA,"GUARCO",75,88,163,1
"255",5113,1061,"Buriticá","Antioquia",2006,"Congreso",NA,NA,NA,"TABACAL",267,356,623,2
"256",5113,1061,"Buriticá","Antioquia",2006,"Congreso",NA,NA,NA,"LA ANGELINA",56,66,122,1
"257",5107,1062,"Briceño","Antioquia",2006,"Congreso",NA,NA,NA,NA,1438,1742,3180,10
"258",5107,1062,"Briceño","Antioquia",2006,"Congreso",NA,NA,NA,"BUENAVISTA",49,53,102,1
"259",5107,1062,"Briceño","Antioquia",2006,"Congreso",NA,NA,NA,"BERLIN",109,145,254,1
"260",5107,1062,"Briceño","Antioquia",2006,"Congreso",NA,NA,NA,"CHORRILLOS",63,67,130,1
"261",5107,1062,"Briceño","Antioquia",2006,"Congreso",NA,NA,NA,"EL ANIME",9,26,35,1
"262",5107,1062,"Briceño","Antioquia",2006,"Congreso",NA,NA,NA,"EL ROBLAL",166,220,386,2
"263",5107,1062,"Briceño","Antioquia",2006,"Congreso",NA,NA,NA,"CHIRI",41,68,109,1
"264",5107,1062,"Briceño","Antioquia",2006,"Congreso",NA,NA,NA,"LAS AURAS",224,374,598,2
"265",5107,1062,"Briceño","Antioquia",2006,"Congreso",NA,NA,NA,"MORAVIA",65,84,149,1
"266",5120,1064,"Cáceres","Antioquia",2006,"Congreso",NA,NA,NA,NA,3299,3607,6906,21
"267",5120,1064,"Cáceres","Antioquia",2006,"Congreso",NA,NA,NA,"GUARUMO",1046,1288,2334,7
"268",5120,1064,"Cáceres","Antioquia",2006,"Congreso",NA,NA,NA,"EL JARDIN",1637,1646,3283,10
"269",5120,1064,"Cáceres","Antioquia",2006,"Congreso",NA,NA,NA,"MANIZALES",236,404,640,2
"270",5120,1064,"Cáceres","Antioquia",2006,"Congreso",NA,NA,NA,"PUERTO BELGICA",510,700,1210,4
"271",5120,1064,"Cáceres","Antioquia",2006,"Congreso",NA,NA,NA,"PIAMONTE",366,826,1192,4
"272",5125,1067,"Caicedo","Antioquia",2006,"Congreso",NA,NA,NA,NA,2208,2505,4713,14
"273",5125,1067,"Caicedo","Antioquia",2006,"Congreso",NA,NA,NA,"LA SALAZAR",82,98,180,1
"274",5129,1070,"Caldas","Antioquia",2006,"Congreso",NA,NA,NA,"ESC. SANTA MARIA GORETTI",1911,2343,4254,13
"275",5129,1070,"Caldas","Antioquia",2006,"Congreso",NA,NA,NA,"LICEO JOSE MARIA BERNAL",1718,1022,2740,8
"276",5129,1070,"Caldas","Antioquia",2006,"Congreso",NA,NA,NA,"ESC. FEDERICO ANGEL",1308,1689,2997,9
"277",5129,1070,"Caldas","Antioquia",2006,"Congreso",NA,NA,NA,"ESC. MARIA AUXILIADORA",4147,3671,7818,23
"278",5129,1070,"Caldas","Antioquia",2006,"Congreso",NA,NA,NA,"PUESTO CENSO",13146,11480,24626,32
"279",5129,1070,"Caldas","Antioquia",2006,"Congreso",NA,NA,NA,"CARCEL",3,35,38,1
"280",5134,1073,"Campamento","Antioquia",2006,"Congreso",NA,NA,NA,NA,1725,1980,3705,11
"281",5134,1073,"Campamento","Antioquia",2006,"Congreso",NA,NA,NA,"LA CHIQUITA",132,171,303,1
"282",5134,1073,"Campamento","Antioquia",2006,"Congreso",NA,NA,NA,"SOLITA",149,286,435,2
"283",5138,1076,"Cañasgordas","Antioquia",2006,"Congreso",NA,NA,NA,NA,4260,4373,8633,26
"284",5138,1076,"Cañasgordas","Antioquia",2006,"Congreso",NA,NA,NA,"CARCEL",0,0,0,0
"285",5138,1076,"Cañasgordas","Antioquia",2006,"Congreso",NA,NA,NA,"CESTILLAL",480,565,1045,4
"286",5138,1076,"Cañasgordas","Antioquia",2006,"Congreso",NA,NA,NA,"JUNTAS DE URAMITA",253,302,555,2
"287",5138,1076,"Cañasgordas","Antioquia",2006,"Congreso",NA,NA,NA,"LA BALSA",95,144,239,1
"288",5138,1076,"Cañasgordas","Antioquia",2006,"Congreso",NA,NA,NA,"SAN PASCUAL",303,391,694,3
"289",5142,1078,"Caracolí","Antioquia",2006,"Congreso",NA,NA,NA,NA,2007,1981,3988,12
"290",5142,1078,"Caracolí","Antioquia",2006,"Congreso",NA,NA,NA,"CASCARON",74,78,152,1
"291",5142,1078,"Caracolí","Antioquia",2006,"Congreso",NA,NA,NA,"EL BAGRE",43,89,132,1
"292",5142,1078,"Caracolí","Antioquia",2006,"Congreso",NA,NA,NA,"LAS AGUILAS",44,80,124,1
"293",5145,1079,"Caramanta","Antioquia",2006,"Congreso",NA,NA,NA,NA,1874,1853,3727,11
"294",5145,1079,"Caramanta","Antioquia",2006,"Congreso",NA,NA,NA,"ALEGRIAS",293,389,682,2
"295",5145,1079,"Caramanta","Antioquia",2006,"Congreso",NA,NA,NA,"BARRO BLANCO",101,97,198,1
"296",5145,1079,"Caramanta","Antioquia",2006,"Congreso",NA,NA,NA,"CHIRAPOTO",50,58,108,1
"297",5145,1079,"Caramanta","Antioquia",2006,"Congreso",NA,NA,NA,"SUCRE",154,166,320,1
"298",5147,1080,"Carepa","Antioquia",2006,"Congreso",NA,NA,NA,NA,11885,11593,23478,69
"299",5147,1080,"Carepa","Antioquia",2006,"Congreso",NA,NA,NA,"CAMPAMENTO",382,721,1103,4
"300",5147,1080,"Carepa","Antioquia",2006,"Congreso",NA,NA,NA,"BIJAGUAL EMBARCADERO",580,1019,1599,5
"301",5148,1082,"El Carmen de Viboral","Antioquia",2006,"Congreso",NA,NA,NA,"COLISEO MUNICIPAL",1340,2631,3971,12
"302",5148,1082,"El Carmen de Viboral","Antioquia",2006,"Congreso",NA,NA,NA,"CENTRO DE CONVENCIONES",5296,140,5436,16
"303",5148,1082,"El Carmen de Viboral","Antioquia",2006,"Congreso",NA,NA,NA,"CASA DE LA CULTURA",2874,3129,6003,18
"304",5148,1082,"El Carmen de Viboral","Antioquia",2006,"Congreso",NA,NA,NA,"SALON COMUNAL PARR. SAN JOSE",869,4008,4877,15
"305",5148,1082,"El Carmen de Viboral","Antioquia",2006,"Congreso",NA,NA,NA,"CARCEL",0,2,2,1
"306",5148,1082,"El Carmen de Viboral","Antioquia",2006,"Congreso",NA,NA,NA,"SANTA INES",116,142,258,1
"307",5148,1082,"El Carmen de Viboral","Antioquia",2006,"Congreso",NA,NA,NA,"LA CHAPA",274,215,489,2
"308",5148,1082,"El Carmen de Viboral","Antioquia",2006,"Congreso",NA,NA,NA,"LA ESPERANZA",171,174,345,2
"309",5148,1082,"El Carmen de Viboral","Antioquia",2006,"Congreso",NA,NA,NA,"SANTA RITA",69,96,165,1
"310",5148,1082,"El Carmen de Viboral","Antioquia",2006,"Congreso",NA,NA,NA,"CANADA",191,248,439,2
"311",5148,1082,"El Carmen de Viboral","Antioquia",2006,"Congreso",NA,NA,NA,"LA MADERA",197,216,413,2
"312",5150,1085,"Carolina","Antioquia",2006,"Congreso",NA,NA,NA,NA,1972,1875,3847,12
"313",5150,1085,"Carolina","Antioquia",2006,"Congreso",NA,NA,NA,"CARCEL",0,0,0,0
"314",5150,1085,"Carolina","Antioquia",2006,"Congreso",NA,NA,NA,"GUANACAS",46,38,84,1
"315",5154,1088,"Caucasia","Antioquia",2006,"Congreso",NA,NA,NA,"INST.EDUC LICEO CAUCASIA",4793,5340,10133,30
"316",5154,1088,"Caucasia","Antioquia",2006,"Congreso",NA,NA,NA,"ESC. SANTO DOMINGO",2444,1337,3781,11
"317",5154,1088,"Caucasia","Antioquia",2006,"Congreso",NA,NA,NA,"EDUC.SANTA TERESITA",2230,5020,7250,22
"318",5154,1088,"Caucasia","Antioquia",2006,"Congreso",NA,NA,NA,"INST.EDUC.STO DOMINGO EL CAME",2919,113,3032,9
"319",5154,1088,"Caucasia","Antioquia",2006,"Congreso",NA,NA,NA,"COL.DIVINO NI/O",2705,2363,5068,15
"320",5154,1088,"Caucasia","Antioquia",2006,"Congreso",NA,NA,NA,"ESC. LA MISERICORDIA",3673,2726,6399,19
"321",5154,1088,"Caucasia","Antioquia",2006,"Congreso",NA,NA,NA,"DIVINO NI/O CARACOLI",867,785,1652,5
"322",5154,1088,"Caucasia","Antioquia",2006,"Congreso",NA,NA,NA,"INST.EDUC.MARCO FIDEL SUAREZ",4146,3895,8041,24
"323",5154,1088,"Caucasia","Antioquia",2006,"Congreso",NA,NA,NA,"CARCEL",4,23,27,1
"324",5154,1088,"Caucasia","Antioquia",2006,"Congreso",NA,NA,NA,"CUTURU",615,802,1417,5
"325",5154,1088,"Caucasia","Antioquia",2006,"Congreso",NA,NA,NA,"EL PANDO",91,121,212,1
"326",5154,1088,"Caucasia","Antioquia",2006,"Congreso",NA,NA,NA,"LA ILUSION",96,130,226,1
"327",5154,1088,"Caucasia","Antioquia",2006,"Congreso",NA,NA,NA,"MARGENTO",392,506,898,3
"328",5154,1088,"Caucasia","Antioquia",2006,"Congreso",NA,NA,NA,"PALANCA",130,166,296,1
"329",5154,1088,"Caucasia","Antioquia",2006,"Congreso",NA,NA,NA,"PUERTO COLOMBIA",114,182,296,1
"330",5154,1088,"Caucasia","Antioquia",2006,"Congreso",NA,NA,NA,"PALOMAR",161,248,409,2
"331",5154,1088,"Caucasia","Antioquia",2006,"Congreso",NA,NA,NA,"PUERTO GLORIA",351,623,974,3
"332",5154,1088,"Caucasia","Antioquia",2006,"Congreso",NA,NA,NA,"PUERTO TRIANA",167,330,497,2
"333",5154,1088,"Caucasia","Antioquia",2006,"Congreso",NA,NA,NA,"SANTA ROSITA",81,103,184,1
"334",5190,1091,"Cisneros","Antioquia",2006,"Congreso",NA,NA,NA,NA,5009,4730,9739,29
"335",5197,1094,"Cocorná","Antioquia",2006,"Congreso",NA,NA,NA,NA,4571,4191,8762,26
"336",5197,1094,"Cocorná","Antioquia",2006,"Congreso",NA,NA,NA,"AGUALINDA",96,126,222,1
"337",5197,1094,"Cocorná","Antioquia",2006,"Congreso",NA,NA,NA,"LA PI/UELA",276,294,570,2
"338",5197,1094,"Cocorná","Antioquia",2006,"Congreso",NA,NA,NA,"CRUCES",247,335,582,2
"339",5197,1094,"Cocorná","Antioquia",2006,"Congreso",NA,NA,NA,"LA FLORIDA",82,118,200,1
"340",5197,1094,"Cocorná","Antioquia",2006,"Congreso",NA,NA,NA,"LA GRANJA",152,193,345,2
"341",5197,1094,"Cocorná","Antioquia",2006,"Congreso",NA,NA,NA,"LA PRIMAVERA",159,197,356,2
"342",5197,1094,"Cocorná","Antioquia",2006,"Congreso",NA,NA,NA,"PAILANIA",147,218,365,2
"343",5206,1097,"Concepción","Antioquia",2006,"Congreso",NA,NA,NA,NA,2146,2041,4187,13
"344",5209,1100,"Concordia","Antioquia",2006,"Congreso",NA,NA,NA,NA,6044,6368,12412,37
"345",5209,1100,"Concordia","Antioquia",2006,"Congreso",NA,NA,NA,"CARCEL",0,1,1,1
"346",5209,1100,"Concordia","Antioquia",2006,"Congreso",NA,NA,NA,"EL SOCORRO",140,206,346,2
"347",5209,1100,"Concordia","Antioquia",2006,"Congreso",NA,NA,NA,"MORELIA",137,166,303,1
"348",5209,1100,"Concordia","Antioquia",2006,"Congreso",NA,NA,NA,"MORITOS",255,290,545,2
"349",5212,1103,"Copacabana","Antioquia",2006,"Congreso",NA,NA,NA,"IDEM SAN LUIS GONZAGA",3382,3324,6706,20
"350",5212,1103,"Copacabana","Antioquia",2006,"Congreso",NA,NA,NA,"ESC. CAMILO TORRES",2204,1589,3793,12
"351",5212,1103,"Copacabana","Antioquia",2006,"Congreso",NA,NA,NA,"ESC. VILLA NUEVA",1874,1569,3443,11
"352",5212,1103,"Copacabana","Antioquia",2006,"Congreso",NA,NA,NA,"NORMAL PRESBITERO B.",2357,2034,4391,13
"353",5212,1103,"Copacabana","Antioquia",2006,"Congreso",NA,NA,NA,"PUESTO CENSO",0,9753,9753,13
"354",5212,1103,"Copacabana","Antioquia",2006,"Congreso",NA,NA,NA,"PUESTO CENSO",11924,670,12594,16
"355",5212,1103,"Copacabana","Antioquia",2006,"Congreso",NA,NA,NA,"CARCEL",0,5,5,1
"356",5212,1103,"Copacabana","Antioquia",2006,"Congreso",NA,NA,NA,"CIUDAD MACHADO",1363,1248,2611,8
"357",5172,1106,"Chigorodó","Antioquia",2006,"Congreso",NA,NA,NA,"ESC. SIMON BOLIVAR",1005,1529,2534,8
"358",5172,1106,"Chigorodó","Antioquia",2006,"Congreso",NA,NA,NA,"ESC. BRISAS DEL RIO",1070,384,1454,5
"359",5172,1106,"Chigorodó","Antioquia",2006,"Congreso",NA,NA,NA,"ESC. JOSE A. GALAN",809,1010,1819,6
"360",5172,1106,"Chigorodó","Antioquia",2006,"Congreso",NA,NA,NA,"LICEO MUNICIPAL",1778,1429,3207,10
"361",5172,1106,"Chigorodó","Antioquia",2006,"Congreso",NA,NA,NA,"PUESTO CENSO",10702,10036,20738,27
"362",5172,1106,"Chigorodó","Antioquia",2006,"Congreso",NA,NA,NA,"BARRANQUILLITA",113,216,329,1
"363",5234,1109,"Dabeiba","Antioquia",2006,"Congreso",NA,NA,NA,NA,5695,5947,11642,34
"364",5234,1109,"Dabeiba","Antioquia",2006,"Congreso",NA,NA,NA,"ARMENIA",344,441,785,3
"365",5234,1109,"Dabeiba","Antioquia",2006,"Congreso",NA,NA,NA,"CRUCES URAMA",69,182,251,1
"366",5234,1109,"Dabeiba","Antioquia",2006,"Congreso",NA,NA,NA,"URAMAGRANDE",318,422,740,3
"367",5234,1109,"Dabeiba","Antioquia",2006,"Congreso",NA,NA,NA,"LA BALSITA - ARGELIA",0,0,0,0
"368",5234,1109,"Dabeiba","Antioquia",2006,"Congreso",NA,NA,NA,"SANTA TERESA",44,39,83,1
"369",5237,1112,"Don Matías","Antioquia",2006,"Congreso",NA,NA,NA,NA,5430,5042,10472,31
"370",5237,1112,"Don Matías","Antioquia",2006,"Congreso",NA,NA,NA,"BELLAVISTA",260,319,579,2
"371",5240,1115,"Ebéjico","Antioquia",2006,"Congreso",NA,NA,NA,NA,3308,3444,6752,20
"372",5240,1115,"Ebéjico","Antioquia",2006,"Congreso",NA,NA,NA,"BRASIL",296,362,658,2
"373",5240,1115,"Ebéjico","Antioquia",2006,"Congreso",NA,NA,NA,"GUAYABAL",140,166,306,1
"374",5240,1115,"Ebéjico","Antioquia",2006,"Congreso",NA,NA,NA,"SEVILLA",914,1021,1935,6
"375",5240,1115,"Ebéjico","Antioquia",2006,"Congreso",NA,NA,NA,"LA CLARA",142,200,342,1
"376",5250,1117,"El Bagre","Antioquia",2006,"Congreso",NA,NA,NA,"LICEO EL BAGRE",259,4578,4837,15
"377",5250,1117,"El Bagre","Antioquia",2006,"Congreso",NA,NA,NA,"COLEGIO LAS DELICIAS",1234,3432,4666,14
"378",5250,1117,"El Bagre","Antioquia",2006,"Congreso",NA,NA,NA,"ESCUELA PORTUGAL",4460,439,4899,15
"379",5250,1117,"El Bagre","Antioquia",2006,"Congreso",NA,NA,NA,"COLEGIO 20 DE JULIO",4430,1840,6270,19
"380",5250,1117,"El Bagre","Antioquia",2006,"Congreso",NA,NA,NA,"CARCEL MUNICIPAL",0,1,1,1
"381",5250,1117,"El Bagre","Antioquia",2006,"Congreso",NA,NA,NA,"PUERTO CLAVER",1065,1585,2650,8
"382",5250,1117,"El Bagre","Antioquia",2006,"Congreso",NA,NA,NA,"PUERTO LOPEZ",488,929,1417,5
"383",5264,1118,"Entrerrios","Antioquia",2006,"Congreso",NA,NA,NA,NA,2451,2900,5351,16
"384",5266,1121,"Envigado","Antioquia",2006,"Congreso",NA,NA,NA,"ESC. MARCELIANO VELEZ",6678,8847,15525,46
"385",5266,1121,"Envigado","Antioquia",2006,"Congreso",NA,NA,NA,"ESC. FERNANDO GONZALEZ",19293,14344,33637,98
"386",5266,1121,"Envigado","Antioquia",2006,"Congreso",NA,NA,NA,"NORMAL DE SE/ORITAS",6292,4373,10665,32
"387",5266,1121,"Envigado","Antioquia",2006,"Congreso",NA,NA,NA,"ESC. JOSE MIGUEL DE LA CAL",5399,3995,9394,28
"388",5266,1121,"Envigado","Antioquia",2006,"Congreso",NA,NA,NA,"COL. LA SALLE",4509,3289,7798,23
"389",5266,1121,"Envigado","Antioquia",2006,"Congreso",NA,NA,NA,"COL. SAN MARCOS",7356,5706,13062,38
"390",5266,1121,"Envigado","Antioquia",2006,"Congreso",NA,NA,NA,"ESC. JOHN F. KENNEDY",3753,3456,7209,21
"391",5266,1121,"Envigado","Antioquia",2006,"Congreso",NA,NA,NA,"LICEO LA PAZ",4701,2954,7655,23
"392",5266,1121,"Envigado","Antioquia",2006,"Congreso",NA,NA,NA,"INT. UNIVER. ENVIGADO",5538,4523,10061,30
"393",5266,1121,"Envigado","Antioquia",2006,"Congreso",NA,NA,NA,"ESC. SAN RAFAEL",2876,2341,5217,16
"394",5266,1121,"Envigado","Antioquia",2006,"Congreso",NA,NA,NA,"IDEM EL SALADO",2298,1957,4255,13
"395",5266,1121,"Envigado","Antioquia",2006,"Congreso",NA,NA,NA,"ESC. CONCHA AGUDELO",3379,2920,6299,19
"396",5266,1121,"Envigado","Antioquia",2006,"Congreso",NA,NA,NA,"LICEO MANUEL URIBE ANGEL (MUA",4418,3488,7906,23
"397",5266,1121,"Envigado","Antioquia",2006,"Congreso",NA,NA,NA,"URBANIZACION MULTIFAMILIAR S.",1137,908,2045,6
"398",5266,1121,"Envigado","Antioquia",2006,"Congreso",NA,NA,NA,"PUESTO CENSO",20624,16650,37274,47
"399",5266,1121,"Envigado","Antioquia",2006,"Congreso",NA,NA,NA,"CARCEL",2,25,27,1
"400",5266,1121,"Envigado","Antioquia",2006,"Congreso",NA,NA,NA,"LAS PALMAS",1135,1099,2234,7
"401",5282,1124,"Fredonia","Antioquia",2006,"Congreso",NA,NA,NA,NA,6701,6513,13214,39
"402",5282,1124,"Fredonia","Antioquia",2006,"Congreso",NA,NA,NA,"CARCEL",3,14,17,1
"403",5282,1124,"Fredonia","Antioquia",2006,"Congreso",NA,NA,NA,"MINAS",268,295,563,2
"404",5282,1124,"Fredonia","Antioquia",2006,"Congreso",NA,NA,NA,"BERLIN",174,173,347,2
"405",5282,1124,"Fredonia","Antioquia",2006,"Congreso",NA,NA,NA,"LOS PALOMOS",321,328,649,2
"406",5282,1124,"Fredonia","Antioquia",2006,"Congreso",NA,NA,NA,"MARSELLA",256,258,514,2
"407",5282,1124,"Fredonia","Antioquia",2006,"Congreso",NA,NA,NA,"PUENTE IGLESIAS",160,200,360,2
"408",5282,1124,"Fredonia","Antioquia",2006,"Congreso",NA,NA,NA,"EL ZANCUDO",273,263,536,2
"409",5282,1124,"Fredonia","Antioquia",2006,"Congreso",NA,NA,NA,"PIEDRA VERDE",173,214,387,2
"410",5284,1127,"Frontino","Antioquia",2006,"Congreso",NA,NA,NA,NA,5048,4769,9817,29
"411",5284,1127,"Frontino","Antioquia",2006,"Congreso",NA,NA,NA,"CARAUTA",74,164,238,1
"412",5284,1127,"Frontino","Antioquia",2006,"Congreso",NA,NA,NA,"CHONTADURO",58,72,130,1
"413",5284,1127,"Frontino","Antioquia",2006,"Congreso",NA,NA,NA,"EL CERRO",68,109,177,1
"414",5284,1127,"Frontino","Antioquia",2006,"Congreso",NA,NA,NA,"EL MADERO",29,50,79,1
"415",5284,1127,"Frontino","Antioquia",2006,"Congreso",NA,NA,NA,"FUEMIA",119,191,310,1
"416",5284,1127,"Frontino","Antioquia",2006,"Congreso",NA,NA,NA,"JENGAMECODA",7,19,26,1
"417",5284,1127,"Frontino","Antioquia",2006,"Congreso",NA,NA,NA,"MURRI",255,329,584,2
"418",5284,1127,"Frontino","Antioquia",2006,"Congreso",NA,NA,NA,"MUSINGA",157,298,455,2
"419",5284,1127,"Frontino","Antioquia",2006,"Congreso",NA,NA,NA,"PONTON",86,95,181,1
"420",5284,1127,"Frontino","Antioquia",2006,"Congreso",NA,NA,NA,"NOBOGA",79,113,192,1
"421",5284,1127,"Frontino","Antioquia",2006,"Congreso",NA,NA,NA,"NUTIBARA",501,591,1092,4
"422",5284,1127,"Frontino","Antioquia",2006,"Congreso",NA,NA,NA,"PANTANOS",24,43,67,1
"423",5284,1127,"Frontino","Antioquia",2006,"Congreso",NA,NA,NA,"PARQUE LAS ORQUIDEAS",21,35,56,1
"424",5306,1130,"Giraldo","Antioquia",2006,"Congreso",NA,NA,NA,NA,1040,1134,2174,7
"425",5306,1130,"Giraldo","Antioquia",2006,"Congreso",NA,NA,NA,"MANGLAR",299,277,576,2
"426",5306,1130,"Giraldo","Antioquia",2006,"Congreso",NA,NA,NA,"PINGURO",48,59,107,1
"427",5308,1133,"Girardota","Antioquia",2006,"Congreso",NA,NA,NA,"COLEGIO COOPEDUCAMOS",618,2651,3269,10
"428",5308,1133,"Girardota","Antioquia",2006,"Congreso",NA,NA,NA,"ESCUELA COLOMBIA",3705,1553,5258,16
"429",5308,1133,"Girardota","Antioquia",2006,"Congreso",NA,NA,NA,"COL.ATANASIO GIRARDOT",698,5879,6577,20
"430",5308,1133,"Girardota","Antioquia",2006,"Congreso",NA,NA,NA,"COL.EMILIANO GARCIA",7111,986,8097,24
"431",5308,1133,"Girardota","Antioquia",2006,"Congreso",NA,NA,NA,"CARCEL",1,2,3,1
"432",5308,1133,"Girardota","Antioquia",2006,"Congreso",NA,NA,NA,"CABILDO",506,488,994,3
"433",5308,1133,"Girardota","Antioquia",2006,"Congreso",NA,NA,NA,"LA MANGA ARRIBA",346,343,689,3
"434",5308,1133,"Girardota","Antioquia",2006,"Congreso",NA,NA,NA,"SAN ANDRES",438,430,868,3
"435",5310,1136,"Gómez Plata","Antioquia",2006,"Congreso",NA,NA,NA,NA,2862,2893,5755,17
"436",5310,1136,"Gómez Plata","Antioquia",2006,"Congreso",NA,NA,NA,"CARCEL",0,0,0,0
"437",5310,1136,"Gómez Plata","Antioquia",2006,"Congreso",NA,NA,NA,"EL SALTO",288,350,638,2
"438",5310,1136,"Gómez Plata","Antioquia",2006,"Congreso",NA,NA,NA,"SAN MATIAS",177,209,386,2
"439",5310,1136,"Gómez Plata","Antioquia",2006,"Congreso",NA,NA,NA,"LA ESTRELLA",113,129,242,1
"440",5313,1139,"Granada","Antioquia",2006,"Congreso",NA,NA,NA,NA,5002,4586,9588,28
"441",5313,1139,"Granada","Antioquia",2006,"Congreso",NA,NA,NA,"SANTA ANA",228,239,467,2
"442",5313,1139,"Granada","Antioquia",2006,"Congreso",NA,NA,NA,"LOS MEDIOS",76,71,147,1
"443",5315,1140,"Guadalupe","Antioquia",2006,"Congreso",NA,NA,NA,NA,1978,2064,4042,12
"444",5315,1140,"Guadalupe","Antioquia",2006,"Congreso",NA,NA,NA,"CARCEL",0,0,0,0
"445",5315,1140,"Guadalupe","Antioquia",2006,"Congreso",NA,NA,NA,"GUADALUPE IV",199,273,472,2
"446",5315,1140,"Guadalupe","Antioquia",2006,"Congreso",NA,NA,NA,"MALABRIGO",48,71,119,1
"447",5315,1140,"Guadalupe","Antioquia",2006,"Congreso",NA,NA,NA,"SAN JUAN",61,54,115,1
"448",5318,1142,"Guarne","Antioquia",2006,"Congreso",NA,NA,NA,NA,9532,9126,18658,55
"449",5318,1142,"Guarne","Antioquia",2006,"Congreso",NA,NA,NA,"CARCEL",1,3,4,1
"450",5318,1142,"Guarne","Antioquia",2006,"Congreso",NA,NA,NA,"ALTO DE LA VIRGEN",215,228,443,2
"451",5318,1142,"Guarne","Antioquia",2006,"Congreso",NA,NA,NA,"BARRO BLANCO",133,143,276,1
"452",5318,1142,"Guarne","Antioquia",2006,"Congreso",NA,NA,NA,"LA HONDA",222,204,426,2
"453",5318,1142,"Guarne","Antioquia",2006,"Congreso",NA,NA,NA,"PIEDRAS BLANCAS",252,307,559,2
"454",5318,1142,"Guarne","Antioquia",2006,"Congreso",NA,NA,NA,"YOLOMBAL",147,126,273,1
"455",5321,1145,"Guatapé","Antioquia",2006,"Congreso",NA,NA,NA,NA,2618,2468,5086,15
"456",5347,1148,"Heliconia","Antioquia",2006,"Congreso",NA,NA,NA,NA,1728,1680,3408,10
"457",5347,1148,"Heliconia","Antioquia",2006,"Congreso",NA,NA,NA,"CARCEL",0,0,0,0
"458",5347,1148,"Heliconia","Antioquia",2006,"Congreso",NA,NA,NA,"ALTO DEL CORRAL",297,318,615,2
"459",5347,1148,"Heliconia","Antioquia",2006,"Congreso",NA,NA,NA,"LA PAVA",120,123,243,1
"460",5347,1148,"Heliconia","Antioquia",2006,"Congreso",NA,NA,NA,"PUEBLITO",258,305,563,2
"461",5347,1148,"Heliconia","Antioquia",2006,"Congreso",NA,NA,NA,"LLANOS DE SAN JOSE",185,218,403,2
"462",5353,1150,"Hispania","Antioquia",2006,"Congreso",NA,NA,NA,NA,2089,2114,4203,13
"463",5353,1150,"Hispania","Antioquia",2006,"Congreso",NA,NA,NA,"HOYO GRANDE",17,29,46,1
"464",5360,1151,"Itagüí","Antioquia",2006,"Congreso",NA,NA,NA,"IDEM DIEGO ECHAVARRIA MISA",9869,9941,19810,58
"465",5360,1151,"Itagüí","Antioquia",2006,"Congreso",NA,NA,NA,"COL. EL ROSARIO",7328,5854,13182,39
"466",5360,1151,"Itagüí","Antioquia",2006,"Congreso",NA,NA,NA,"ESC. ANTONIO JOSE DE SUCRE",2686,2190,4876,15
"467",5360,1151,"Itagüí","Antioquia",2006,"Congreso",NA,NA,NA,"ESC. JOHN F. KENNEDY",3373,2768,6141,18
"468",5360,1151,"Itagüí","Antioquia",2006,"Congreso",NA,NA,NA,"ESC. FELIPE DE RESTREPO",3444,2824,6268,19
"469",5360,1151,"Itagüí","Antioquia",2006,"Congreso",NA,NA,NA,"ESC. ESTEBAN OCHOA",3854,3118,6972,21
"470",5360,1151,"Itagüí","Antioquia",2006,"Congreso",NA,NA,NA,"ESC. SAN FRANCISCO",3546,2679,6225,19
"471",5360,1151,"Itagüí","Antioquia",2006,"Congreso",NA,NA,NA,"IST.EDUC.ISOLDA ECHAVARRIA",1733,1473,3206,10
"472",5360,1151,"Itagüí","Antioquia",2006,"Congreso",NA,NA,NA,"INST. EDUCATIVA SAN JOSE",1915,1690,3605,11
"473",5360,1151,"Itagüí","Antioquia",2006,"Congreso",NA,NA,NA,"ESC. SIMON BOLIVAR",4215,3588,7803,23
"474",5360,1151,"Itagüí","Antioquia",2006,"Congreso",NA,NA,NA,"INST. EDUC.ENRIQUE VELEZ E.",7037,5720,12757,38
"475",5360,1151,"Itagüí","Antioquia",2006,"Congreso",NA,NA,NA,"INST. EDUCATIVA PEDRO ESTRADA",2973,3401,6374,19
"476",5360,1151,"Itagüí","Antioquia",2006,"Congreso",NA,NA,NA,"ESC. ARNULFO FLOREZ",6501,5139,11640,34
"477",5360,1151,"Itagüí","Antioquia",2006,"Congreso",NA,NA,NA,"ESC. MARIA BERNAL",3604,2872,6476,19
"478",5360,1151,"Itagüí","Antioquia",2006,"Congreso",NA,NA,NA,"ESC. LOMA LINDA",2523,1824,4347,13
"479",5360,1151,"Itagüí","Antioquia",2006,"Congreso",NA,NA,NA,"ESC. EL ROSARIO",2572,1879,4451,13
"480",5360,1151,"Itagüí","Antioquia",2006,"Congreso",NA,NA,NA,"ESC. LA UNION",2288,1659,3947,12
"481",5360,1151,"Itagüí","Antioquia",2006,"Congreso",NA,NA,NA,"ESC. MARCELINA SALDA",3056,2413,5469,16
"482",5360,1151,"Itagüí","Antioquia",2006,"Congreso",NA,NA,NA,"TECNOLOGICO ANTIOQUIA",1353,1258,2611,8
"483",5360,1151,"Itagüí","Antioquia",2006,"Congreso",NA,NA,NA,"PUESTO CENSO (POLIDEPORTIVO J",0,26022,26022,33
"484",5360,1151,"Itagüí","Antioquia",2006,"Congreso",NA,NA,NA,"PUESTO CENSO",31853,0,31853,41
"485",5360,1151,"Itagüí","Antioquia",2006,"Congreso",NA,NA,NA,"CARCEL DISTRITO NACIONAL",5,123,128,1
"486",5360,1151,"Itagüí","Antioquia",2006,"Congreso",NA,NA,NA,"CARCEL YARUMITO",2,4,6,1
"487",5360,1151,"Itagüí","Antioquia",2006,"Congreso",NA,NA,NA,"EL MANZANILLO",1409,1220,2629,8
"488",5361,1154,"Ituango","Antioquia",2006,"Congreso",NA,NA,NA,NA,4663,4758,9421,28
"489",5361,1154,"Ituango","Antioquia",2006,"Congreso",NA,NA,NA,"CARCEL",1,11,12,1
"490",5361,1154,"Ituango","Antioquia",2006,"Congreso",NA,NA,NA,"BADILLO",51,105,156,1
"491",5361,1154,"Ituango","Antioquia",2006,"Congreso",NA,NA,NA,"BUILOPOLIS",93,184,277,1
"492",5361,1154,"Ituango","Antioquia",2006,"Congreso",NA,NA,NA,"FINLANDIA",27,52,79,1
"493",5361,1154,"Ituango","Antioquia",2006,"Congreso",NA,NA,NA,"EL CEDRAL",196,215,411,2
"494",5361,1154,"Ituango","Antioquia",2006,"Congreso",NA,NA,NA,"EL SOCORRO",23,38,61,1
"495",5361,1154,"Ituango","Antioquia",2006,"Congreso",NA,NA,NA,"LA GRANJA",368,501,869,3
"496",5361,1154,"Ituango","Antioquia",2006,"Congreso",NA,NA,NA,"PASCUITA",127,221,348,2
"497",5361,1154,"Ituango","Antioquia",2006,"Congreso",NA,NA,NA,"SANTA ANA",138,158,296,1
"498",5361,1154,"Ituango","Antioquia",2006,"Congreso",NA,NA,NA,"QUEBRADA DEL MEDIO",212,307,519,2
"499",5361,1154,"Ituango","Antioquia",2006,"Congreso",NA,NA,NA,"SANTA LUCIA",90,165,255,1
"500",5361,1154,"Ituango","Antioquia",2006,"Congreso",NA,NA,NA,"SAN JUANILLO",40,80,120,1
"501",5361,1154,"Ituango","Antioquia",2006,"Congreso",NA,NA,NA,"SANTA RITA DE ITUANGO",533,966,1499,5
"502",5361,1154,"Ituango","Antioquia",2006,"Congreso",NA,NA,NA,"LA HUNDIDA",76,164,240,1
"503",5361,1154,"Ituango","Antioquia",2006,"Congreso",NA,NA,NA,"LA PRENSA",23,33,56,1
"504",5361,1154,"Ituango","Antioquia",2006,"Congreso",NA,NA,NA,"SAN PABLO DEL RIOSUCIO",39,108,147,1
"505",5364,1157,"Jardín","Antioquia",2006,"Congreso",NA,NA,NA,NA,4694,4498,9192,27
"506",5364,1157,"Jardín","Antioquia",2006,"Congreso",NA,NA,NA,"CARCEL",0,1,1,1
"507",5364,1157,"Jardín","Antioquia",2006,"Congreso",NA,NA,NA,"LA CASCADA",153,150,303,1
"508",5364,1157,"Jardín","Antioquia",2006,"Congreso",NA,NA,NA,"LAS MACANAS",72,101,173,1
"509",5368,1160,"Jericó","Antioquia",2006,"Congreso",NA,NA,NA,NA,5080,4848,9928,29
"510",5368,1160,"Jericó","Antioquia",2006,"Congreso",NA,NA,NA,"CARCEL",0,0,0,0
"511",5368,1160,"Jericó","Antioquia",2006,"Congreso",NA,NA,NA,"PALO CABILDO",184,207,391,2
"512",5376,1163,"La Ceja","Antioquia",2006,"Congreso",NA,NA,NA,"ESC. MARIA J. MARULANDA",2323,2174,4497,14
"513",5376,1163,"La Ceja","Antioquia",2006,"Congreso",NA,NA,NA,"CTRO. EDUCATIVO LA PAZ",3053,2785,5838,17
"514",5376,1163,"La Ceja","Antioquia",2006,"Congreso",NA,NA,NA,"ESC. JUSTO PASTOR MEJIA",1648,1536,3184,10
"515",5376,1163,"La Ceja","Antioquia",2006,"Congreso",NA,NA,NA,"ESC. ALFONSO URIBE JARAMILLO",1892,1575,3467,11
"516",5376,1163,"La Ceja","Antioquia",2006,"Congreso",NA,NA,NA,"PUESTO CENSO",6169,6100,12269,16
"517",5376,1163,"La Ceja","Antioquia",2006,"Congreso",NA,NA,NA,"CARCEL",3,34,37,1
"518",5376,1163,"La Ceja","Antioquia",2006,"Congreso",NA,NA,NA,"SAN JOSE",549,635,1184,4
"519",5380,1166,"La Estrella","Antioquia",2006,"Congreso",NA,NA,NA,"ESC. RAFAEL POMBO",1167,1260,2427,8
"520",5380,1166,"La Estrella","Antioquia",2006,"Congreso",NA,NA,NA,"COL. DIVINO SALVADOR",797,662,1459,5
"521",5380,1166,"La Estrella","Antioquia",2006,"Congreso",NA,NA,NA,"ESC. MANUELA BELTRAN",1064,968,2032,6
"522",5380,1166,"La Estrella","Antioquia",2006,"Congreso",NA,NA,NA,"ESC. SANTA MARIA GORETTI",862,761,1623,5
"523",5380,1166,"La Estrella","Antioquia",2006,"Congreso",NA,NA,NA,"PUESTO CENSO",9011,7499,16510,21
"524",5380,1166,"La Estrella","Antioquia",2006,"Congreso",NA,NA,NA,"CARCEL",0,13,13,1
"525",5380,1166,"La Estrella","Antioquia",2006,"Congreso",NA,NA,NA,"LA TABLAZA",2439,2337,4776,14
"526",5380,1166,"La Estrella","Antioquia",2006,"Congreso",NA,NA,NA,"PUEBLO VIEJO",720,670,1390,5
"527",5585,1168,"Puerto Nare","Antioquia",2006,"Congreso",NA,NA,NA,NA,3244,3028,6272,19
"528",5585,1168,"Puerto Nare","Antioquia",2006,"Congreso",NA,NA,NA,"EL DELIRIO",109,185,294,1
"529",5585,1168,"Puerto Nare","Antioquia",2006,"Congreso",NA,NA,NA,"LA SIERRA",1553,1816,3369,10
"530",5585,1168,"Puerto Nare","Antioquia",2006,"Congreso",NA,NA,NA,"LA UNION",214,311,525,2
"531",5585,1168,"Puerto Nare","Antioquia",2006,"Congreso",NA,NA,NA,"LOS LIMONES",105,195,300,1
"532",5585,1168,"Puerto Nare","Antioquia",2006,"Congreso",NA,NA,NA,"LA PESCA",227,263,490,2
"533",5400,1169,"La Unión","Antioquia",2006,"Congreso",NA,NA,NA,NA,5602,5810,11412,34
"534",5400,1169,"La Unión","Antioquia",2006,"Congreso",NA,NA,NA,"CARCEL",0,0,0,0
"535",5400,1169,"La Unión","Antioquia",2006,"Congreso",NA,NA,NA,"MESOPOTAMIA",317,323,640,2
"536",5390,1170,"La Pintada","Antioquia",2006,"Congreso",NA,NA,NA,NA,2449,2429,4878,15
"537",5411,1172,"Liborina","Antioquia",2006,"Congreso",NA,NA,NA,NA,2389,2531,4920,15
"538",5411,1172,"Liborina","Antioquia",2006,"Congreso",NA,NA,NA,"CARCEL",0,0,0,0
"539",5411,1172,"Liborina","Antioquia",2006,"Congreso",NA,NA,NA,"EL CARMEN - LA VENTA",237,320,557,2
"540",5411,1172,"Liborina","Antioquia",2006,"Congreso",NA,NA,NA,"LA HONDA",196,290,486,2
"541",5411,1172,"Liborina","Antioquia",2006,"Congreso",NA,NA,NA,"LA MERCED",169,194,363,2
"542",5411,1172,"Liborina","Antioquia",2006,"Congreso",NA,NA,NA,"SAN DIEGO",685,848,1533,5
"543",5425,1175,"Maceo","Antioquia",2006,"Congreso",NA,NA,NA,NA,2353,2451,4804,14
"544",5425,1175,"Maceo","Antioquia",2006,"Congreso",NA,NA,NA,"LA SUSANA",219,263,482,2
"545",5425,1175,"Maceo","Antioquia",2006,"Congreso",NA,NA,NA,"LA FLORESTA",324,412,736,3
"546",5425,1175,"Maceo","Antioquia",2006,"Congreso",NA,NA,NA,"PUERTO NUS",62,101,163,1
"547",5440,1178,"Marinilla","Antioquia",2006,"Congreso",NA,NA,NA,"COLISEO MUNICIPAL",353,554,907,3
"548",5440,1178,"Marinilla","Antioquia",2006,"Congreso",NA,NA,NA,"ESC. NORMAL SUP RAFAEL M. GIR",858,612,1470,5
"549",5440,1178,"Marinilla","Antioquia",2006,"Congreso",NA,NA,NA,"COL. NACIONAL SAN JOSE",1697,1532,3229,10
"550",5440,1178,"Marinilla","Antioquia",2006,"Congreso",NA,NA,NA,"ESC. SABINA MU/OZ DE BONILLA",782,509,1291,4
"551",5440,1178,"Marinilla","Antioquia",2006,"Congreso",NA,NA,NA,"PUESTO CENSO",9842,8805,18647,24
"552",5440,1178,"Marinilla","Antioquia",2006,"Congreso",NA,NA,NA,"CARCEL",0,0,0,0
"553",5440,1178,"Marinilla","Antioquia",2006,"Congreso",NA,NA,NA,"LA PRIMAVERA",62,76,138,1
"554",5467,1181,"Montebello","Antioquia",2006,"Congreso",NA,NA,NA,NA,2566,2595,5161,16
"555",5467,1181,"Montebello","Antioquia",2006,"Congreso",NA,NA,NA,"SABALETAS",145,191,336,1
"556",5467,1181,"Montebello","Antioquia",2006,"Congreso",NA,NA,NA,"EL CARMELO",113,106,219,1
"557",5475,1184,"Murindó","Antioquia",2006,"Congreso",NA,NA,NA,NA,775,850,1625,5
"558",5475,1184,"Murindó","Antioquia",2006,"Congreso",NA,NA,NA,"OPOGADO",76,73,149,1
"559",5475,1184,"Murindó","Antioquia",2006,"Congreso",NA,NA,NA,"CAMPO ALEGRE",13,11,24,1
"560",5475,1184,"Murindó","Antioquia",2006,"Congreso",NA,NA,NA,"JEDEGA",48,52,100,1
"561",5480,1187,"Mutatá","Antioquia",2006,"Congreso",NA,NA,NA,NA,2566,2591,5157,15
"562",5480,1187,"Mutatá","Antioquia",2006,"Congreso",NA,NA,NA,"PAVARANDOCITO",107,142,249,1
"563",5480,1187,"Mutatá","Antioquia",2006,"Congreso",NA,NA,NA,"BAJIRA",989,1605,2594,8
"564",5480,1187,"Mutatá","Antioquia",2006,"Congreso",NA,NA,NA,"BEJUQUILLO",154,286,440,2
"565",5480,1187,"Mutatá","Antioquia",2006,"Congreso",NA,NA,NA,"PAVARANDOGRANDE",108,246,354,2
"566",5483,1190,"Nariño","Antioquia",2006,"Congreso",NA,NA,NA,NA,3039,3508,6547,20
"567",5483,1190,"Nariño","Antioquia",2006,"Congreso",NA,NA,NA,"CENTRO PARTICIPATIVO BALSORA",42,63,105,1
"568",5483,1190,"Nariño","Antioquia",2006,"Congreso",NA,NA,NA,"CENTRO PARTICIPATIVO UVITAL",38,35,73,1
"569",5483,1190,"Nariño","Antioquia",2006,"Congreso",NA,NA,NA,"PUERTO VENUS - SAMANA",411,498,909,3
"570",5483,1190,"Nariño","Antioquia",2006,"Congreso",NA,NA,NA,"CENTRO PARTICIPATIVO EL CARME",100,100,200,1
"571",5483,1190,"Nariño","Antioquia",2006,"Congreso",NA,NA,NA,"CENTRO PARTICIPATIVO LA LINDA",45,35,80,1
"572",5483,1190,"Nariño","Antioquia",2006,"Congreso",NA,NA,NA,"CENTRO PARTICIPATIVO LAS MANG",128,131,259,1
"573",5495,1191,"Nechí","Antioquia",2006,"Congreso",NA,NA,NA,NA,4693,5460,10153,30
"574",5495,1191,"Nechí","Antioquia",2006,"Congreso",NA,NA,NA,"BIJAGUAL",165,284,449,2
"575",5495,1191,"Nechí","Antioquia",2006,"Congreso",NA,NA,NA,"COLORADO",304,441,745,3
"576",5495,1191,"Nechí","Antioquia",2006,"Congreso",NA,NA,NA,"LA CONCHA",248,492,740,3
"577",5495,1191,"Nechí","Antioquia",2006,"Congreso",NA,NA,NA,"LAS FLORES",142,245,387,2
"578",5495,1191,"Nechí","Antioquia",2006,"Congreso",NA,NA,NA,"LOS CARGUEROS",198,343,541,2
"579",5490,1192,"Necoclí","Antioquia",2006,"Congreso",NA,NA,NA,NA,7596,6520,14116,42
"580",5490,1192,"Necoclí","Antioquia",2006,"Congreso",NA,NA,NA,"CARICIA",0,0,0,0
"581",5490,1192,"Necoclí","Antioquia",2006,"Congreso",NA,NA,NA,"CHANGAS",0,0,0,0
"582",5490,1192,"Necoclí","Antioquia",2006,"Congreso",NA,NA,NA,"EL MELLITO",749,1362,2111,7
"583",5490,1192,"Necoclí","Antioquia",2006,"Congreso",NA,NA,NA,"EL TOTUMO",711,895,1606,5
"584",5490,1192,"Necoclí","Antioquia",2006,"Congreso",NA,NA,NA,"MULATOS",449,562,1011,3
"585",5490,1192,"Necoclí","Antioquia",2006,"Congreso",NA,NA,NA,"PUEBLO NUEVO",894,1571,2465,8
"586",5490,1192,"Necoclí","Antioquia",2006,"Congreso",NA,NA,NA,"ZAPATA",364,524,888,3
"587",5501,1193,"Olaya","Antioquia",2006,"Congreso",NA,NA,NA,NA,250,230,480,2
"588",5501,1193,"Olaya","Antioquia",2006,"Congreso",NA,NA,NA,"LLANADAS",545,604,1149,4
"589",5501,1193,"Olaya","Antioquia",2006,"Congreso",NA,NA,NA,"EL PERCAL",124,127,251,1
"590",5501,1193,"Olaya","Antioquia",2006,"Congreso",NA,NA,NA,"SUCRE",277,247,524,2
"591",5541,1196,"Peñol","Antioquia",2006,"Congreso",NA,NA,NA,NA,6324,5922,12246,36
"592",5543,1199,"Peque","Antioquia",2006,"Congreso",NA,NA,NA,NA,1437,1815,3252,10
"593",5543,1199,"Peque","Antioquia",2006,"Congreso",NA,NA,NA,"BARBACOAS",49,54,103,1
"594",5543,1199,"Peque","Antioquia",2006,"Congreso",NA,NA,NA,"EL AGRIO",164,210,374,2
"595",5543,1199,"Peque","Antioquia",2006,"Congreso",NA,NA,NA,"JERIGUA",154,148,302,1
"596",5543,1199,"Peque","Antioquia",2006,"Congreso",NA,NA,NA,"LOMITAS",120,164,284,1
"597",5543,1199,"Peque","Antioquia",2006,"Congreso",NA,NA,NA,"LOS LLANOS",200,238,438,2
"598",5543,1199,"Peque","Antioquia",2006,"Congreso",NA,NA,NA,"VEGA DEL INGLES",45,97,142,1
"599",5576,1202,"Pueblorrico","Antioquia",2006,"Congreso",NA,NA,NA,NA,3187,3205,6392,19
"600",5576,1202,"Pueblorrico","Antioquia",2006,"Congreso",NA,NA,NA,"CARCEL",0,0,0,0
"601",5579,1205,"Puerto Berrío","Antioquia",2006,"Congreso",NA,NA,NA,"ESC. ENRIQUE OLAYA HERRERA",1093,1090,2183,7
"602",5579,1205,"Puerto Berrío","Antioquia",2006,"Congreso",NA,NA,NA,"ESC. LA MILLA",1072,771,1843,6
"603",5579,1205,"Puerto Berrío","Antioquia",2006,"Congreso",NA,NA,NA,"INSTITUTO LA INMACULADA",1573,1503,3076,9
"604",5579,1205,"Puerto Berrío","Antioquia",2006,"Congreso",NA,NA,NA,"ESC. LA ISLA",889,836,1725,6
"605",5579,1205,"Puerto Berrío","Antioquia",2006,"Congreso",NA,NA,NA,"PUESTO CENSO",8026,7432,15458,20
"606",5579,1205,"Puerto Berrío","Antioquia",2006,"Congreso",NA,NA,NA,"CARCEL",5,32,37,1
"607",5579,1205,"Puerto Berrío","Antioquia",2006,"Congreso",NA,NA,NA,"MURILLO",97,150,247,1
"608",5579,1205,"Puerto Berrío","Antioquia",2006,"Congreso",NA,NA,NA,"CRISTALINA",113,124,237,1
"609",5579,1205,"Puerto Berrío","Antioquia",2006,"Congreso",NA,NA,NA,"EL BRASIL",195,257,452,2
"610",5579,1205,"Puerto Berrío","Antioquia",2006,"Congreso",NA,NA,NA,"VIRGINIAS",225,307,532,2
"611",5579,1205,"Puerto Berrío","Antioquia",2006,"Congreso",NA,NA,NA,"GRECIA",138,140,278,1
"612",5591,1206,"Puerto Triunfo","Antioquia",2006,"Congreso",NA,NA,NA,NA,2007,1966,3973,12
"613",5591,1206,"Puerto Triunfo","Antioquia",2006,"Congreso",NA,NA,NA,"DORADAL",1024,1089,2113,7
"614",5591,1206,"Puerto Triunfo","Antioquia",2006,"Congreso",NA,NA,NA,"ESTACION COCORNA",388,454,842,3
"615",5591,1206,"Puerto Triunfo","Antioquia",2006,"Congreso",NA,NA,NA,"LA MERCED",333,400,733,3
"616",5591,1206,"Puerto Triunfo","Antioquia",2006,"Congreso",NA,NA,NA,"PUERTO PERALES NUEVO",593,624,1217,4
"617",5604,1208,"Remedios","Antioquia",2006,"Congreso",NA,NA,NA,NA,4377,4865,9242,27
"618",5604,1208,"Remedios","Antioquia",2006,"Congreso",NA,NA,NA,"LA CRUZADA",974,1267,2241,7
"619",5604,1208,"Remedios","Antioquia",2006,"Congreso",NA,NA,NA,"SANTA ISABEL",345,522,867,3
"620",5607,1211,"Retiro","Antioquia",2006,"Congreso",NA,NA,NA,NA,4892,4890,9782,29
"621",5607,1211,"Retiro","Antioquia",2006,"Congreso",NA,NA,NA,"LA FE",560,562,1122,4
"622",5615,1214,"Rionegro","Antioquia",2006,"Congreso",NA,NA,NA,"INSTI. JOSEFINA MU/OZ GONZALE",8549,9508,18057,53
"623",5615,1214,"Rionegro","Antioquia",2006,"Congreso",NA,NA,NA,"COLISEO RUBEN D. QUINTERO",3892,3411,7303,22
"624",5615,1214,"Rionegro","Antioquia",2006,"Congreso",NA,NA,NA,"ESC. MONSE/OR SAMUEL ALVAREZ",2164,1377,3541,11
"625",5615,1214,"Rionegro","Antioquia",2006,"Congreso",NA,NA,NA,"ESC. SANTANDER",1883,1773,3656,11
"626",5615,1214,"Rionegro","Antioquia",2006,"Congreso",NA,NA,NA,"PALACIO  LA CULTURA RICARDO R",505,493,998,3
"627",5615,1214,"Rionegro","Antioquia",2006,"Congreso",NA,NA,NA,"ESC. CUATRO ESQUINAS",862,871,1733,6
"628",5615,1214,"Rionegro","Antioquia",2006,"Congreso",NA,NA,NA,"INST. TEC SANTIAGO DE ARMA",776,776,1552,5
"629",5615,1214,"Rionegro","Antioquia",2006,"Congreso",NA,NA,NA,"CONC. EDUC. SAN ANTONIO",1985,1727,3712,11
"630",5615,1214,"Rionegro","Antioquia",2006,"Congreso",NA,NA,NA,"ESC. EDUARDO URIBE BOTERO",3519,2622,6141,18
"631",5615,1214,"Rionegro","Antioquia",2006,"Congreso",NA,NA,NA,"ESCUELA PASCUALA MU/OZ",961,820,1781,6
"632",5615,1214,"Rionegro","Antioquia",2006,"Congreso",NA,NA,NA,"PUESTO CENSO",6635,5990,12625,16
"633",5615,1214,"Rionegro","Antioquia",2006,"Congreso",NA,NA,NA,"AEROPUERTO",586,683,1269,4
"634",5615,1214,"Rionegro","Antioquia",2006,"Congreso",NA,NA,NA,"CORREGIMIENTO DEL SUR",1624,1655,3279,10
"635",5615,1214,"Rionegro","Antioquia",2006,"Congreso",NA,NA,NA,"EL TABLAZO",806,819,1625,5
"636",5615,1214,"Rionegro","Antioquia",2006,"Congreso",NA,NA,NA,"GARRIDO",768,904,1672,5
"637",5628,1217,"Sabanalarga","Antioquia",2006,"Congreso",NA,NA,NA,NA,2088,2272,4360,13
"638",5628,1217,"Sabanalarga","Antioquia",2006,"Congreso",NA,NA,NA,"EL ORO",138,217,355,2
"639",5628,1217,"Sabanalarga","Antioquia",2006,"Congreso",NA,NA,NA,"EL SOCORRO",92,138,230,1
"640",5628,1217,"Sabanalarga","Antioquia",2006,"Congreso",NA,NA,NA,"EL JUNCO",272,309,581,2
"641",5628,1217,"Sabanalarga","Antioquia",2006,"Congreso",NA,NA,NA,"OROBAJO",38,43,81,1
"642",5631,1218,"Sabaneta","Antioquia",2006,"Congreso",NA,NA,NA,"CAITES",1448,1687,3135,10
"643",5631,1218,"Sabaneta","Antioquia",2006,"Congreso",NA,NA,NA,"COL. LA DOCTORA",1051,582,1633,5
"644",5631,1218,"Sabaneta","Antioquia",2006,"Congreso",NA,NA,NA,"ESC. ADELAIDA CORREA",3221,3280,6501,19
"645",5631,1218,"Sabaneta","Antioquia",2006,"Congreso",NA,NA,NA,"COL. CONCEJO DE SABANETA",1245,643,1888,6
"646",5631,1218,"Sabaneta","Antioquia",2006,"Congreso",NA,NA,NA,"PUESTO CENSO",8902,7851,16753,22
"647",5631,1218,"Sabaneta","Antioquia",2006,"Congreso",NA,NA,NA,"CARCEL",1,6,7,1
"648",5642,1220,"Salgar","Antioquia",2006,"Congreso",NA,NA,NA,NA,4629,4959,9588,28
"649",5642,1220,"Salgar","Antioquia",2006,"Congreso",NA,NA,NA,"EL CONCILIO",83,129,212,1
"650",5642,1220,"Salgar","Antioquia",2006,"Congreso",NA,NA,NA,"LA CAMARA",149,265,414,2
"651",5642,1220,"Salgar","Antioquia",2006,"Congreso",NA,NA,NA,"LA GULUNGA",111,162,273,1
"652",5642,1220,"Salgar","Antioquia",2006,"Congreso",NA,NA,NA,"LA MARGARITA",111,150,261,1
"653",5642,1220,"Salgar","Antioquia",2006,"Congreso",NA,NA,NA,"PE/ALISA",161,189,350,2
"654",5647,1223,"San Andrés de Cuerquía","Antioquia",2006,"Congreso",NA,NA,NA,NA,1597,1647,3244,10
"655",5647,1223,"San Andrés de Cuerquía","Antioquia",2006,"Congreso",NA,NA,NA,"CRUCES",68,101,169,1
"656",5647,1223,"San Andrés de Cuerquía","Antioquia",2006,"Congreso",NA,NA,NA,"GUAYABAL",29,35,64,1
"657",5647,1223,"San Andrés de Cuerquía","Antioquia",2006,"Congreso",NA,NA,NA,"LA CIENAGA",87,110,197,1
"658",5647,1223,"San Andrés de Cuerquía","Antioquia",2006,"Congreso",NA,NA,NA,"MONTA/ADENTRO",22,44,66,1
"659",5647,1223,"San Andrés de Cuerquía","Antioquia",2006,"Congreso",NA,NA,NA,"SAN MIGUEL",110,113,223,1
"660",5647,1223,"San Andrés de Cuerquía","Antioquia",2006,"Congreso",NA,NA,NA,"EL PE/OL",86,113,199,1
"661",5647,1223,"San Andrés de Cuerquía","Antioquia",2006,"Congreso",NA,NA,NA,"SANTA GERTRUDIS",102,109,211,1
"662",5649,1226,"San Carlos","Antioquia",2006,"Congreso",NA,NA,NA,NA,4478,4196,8674,26
"663",5649,1226,"San Carlos","Antioquia",2006,"Congreso",NA,NA,NA,"EL JORDAN",606,688,1294,4
"664",5649,1226,"San Carlos","Antioquia",2006,"Congreso",NA,NA,NA,"EL CHOCO",59,73,132,1
"665",5649,1226,"San Carlos","Antioquia",2006,"Congreso",NA,NA,NA,"JUANES",25,42,67,1
"666",5649,1226,"San Carlos","Antioquia",2006,"Congreso",NA,NA,NA,"SAMANA DEL NORTE",104,150,254,1
"667",5649,1226,"San Carlos","Antioquia",2006,"Congreso",NA,NA,NA,"NARICES",219,237,456,2
"668",5652,1227,"San Francisco","Antioquia",2006,"Congreso",NA,NA,NA,NA,2235,2284,4519,14
"669",5652,1227,"San Francisco","Antioquia",2006,"Congreso",NA,NA,NA,"AQUITANIA",504,614,1118,4
"670",5652,1227,"San Francisco","Antioquia",2006,"Congreso",NA,NA,NA,"LA HONDA",31,39,70,1
"671",5656,1229,"San Jerónimo","Antioquia",2006,"Congreso",NA,NA,NA,NA,3973,3898,7871,23
"672",5656,1229,"San Jerónimo","Antioquia",2006,"Congreso",NA,NA,NA,"LLANO DE AGUIRRE",420,425,845,3
"673",5656,1229,"San Jerónimo","Antioquia",2006,"Congreso",NA,NA,NA,"LOS CEDROS",123,140,263,1
"674",5656,1229,"San Jerónimo","Antioquia",2006,"Congreso",NA,NA,NA,"LLANO DE SAN JUAN",200,225,425,2
"675",5656,1229,"San Jerónimo","Antioquia",2006,"Congreso",NA,NA,NA,"POLEAL",182,203,385,2
"676",5658,1230,"San José de La Montaña","Antioquia",2006,"Congreso",NA,NA,NA,NA,1354,1387,2741,8
"677",5658,1230,"San José de La Montaña","Antioquia",2006,"Congreso",NA,NA,NA,"CARCEL",0,0,0,0
"678",5659,1231,"San Juan de Urabá","Antioquia",2006,"Congreso",NA,NA,NA,NA,3691,3821,7512,22
"679",5659,1231,"San Juan de Urabá","Antioquia",2006,"Congreso",NA,NA,NA,"BELEN",52,41,93,1
"680",5659,1231,"San Juan de Urabá","Antioquia",2006,"Congreso",NA,NA,NA,"DAMAQUIEL",593,670,1263,4
"681",5659,1231,"San Juan de Urabá","Antioquia",2006,"Congreso",NA,NA,NA,"SAN JUANCITO",153,267,420,2
"682",5659,1231,"San Juan de Urabá","Antioquia",2006,"Congreso",NA,NA,NA,"SAN NICOLAS DEL RIO",202,282,484,2
"683",5659,1231,"San Juan de Urabá","Antioquia",2006,"Congreso",NA,NA,NA,"SIETE VUELTAS",242,344,586,2
"684",5659,1231,"San Juan de Urabá","Antioquia",2006,"Congreso",NA,NA,NA,"UVEROS",415,486,901,3
"685",5660,1232,"San Luis","Antioquia",2006,"Congreso",NA,NA,NA,NA,2927,2945,5872,18
"686",5660,1232,"San Luis","Antioquia",2006,"Congreso",NA,NA,NA,"BUENOS AIRES",145,176,321,1
"687",5660,1232,"San Luis","Antioquia",2006,"Congreso",NA,NA,NA,"EL PRODIGIO",134,219,353,2
"688",5660,1232,"San Luis","Antioquia",2006,"Congreso",NA,NA,NA,"EL SILENCIO",23,25,48,1
"689",5660,1232,"San Luis","Antioquia",2006,"Congreso",NA,NA,NA,"MONTELORO",143,200,343,1
"690",5660,1232,"San Luis","Antioquia",2006,"Congreso",NA,NA,NA,"PLAYA LINDA",118,139,257,1
"691",5660,1232,"San Luis","Antioquia",2006,"Congreso",NA,NA,NA,"EL VERGEL",121,127,248,1
"692",5660,1232,"San Luis","Antioquia",2006,"Congreso",NA,NA,NA,"SAN PABLO",36,37,73,1
"693",5664,1235,"San Pedro","Antioquia",2006,"Congreso",NA,NA,NA,NA,6268,6250,12518,37
"694",5664,1235,"San Pedro","Antioquia",2006,"Congreso",NA,NA,NA,"CARCEL",0,5,5,1
"695",5664,1235,"San Pedro","Antioquia",2006,"Congreso",NA,NA,NA,"CEREZALES",60,81,141,1
"696",5664,1235,"San Pedro","Antioquia",2006,"Congreso",NA,NA,NA,"EL ESPINAL",79,114,193,1
"697",5664,1235,"San Pedro","Antioquia",2006,"Congreso",NA,NA,NA,"OVEJAS",387,414,801,3
"698",5664,1235,"San Pedro","Antioquia",2006,"Congreso",NA,NA,NA,"PANTANILLO",279,352,631,2
"699",5665,1237,"San Pedro de Urabá","Antioquia",2006,"Congreso",NA,NA,NA,NA,7091,7384,14475,43
"700",5665,1237,"San Pedro de Urabá","Antioquia",2006,"Congreso",NA,NA,NA,"ARENAS MONAS",210,324,534,2
"701",5665,1237,"San Pedro de Urabá","Antioquia",2006,"Congreso",NA,NA,NA,"SANTA CATALINA",480,800,1280,4
"702",5665,1237,"San Pedro de Urabá","Antioquia",2006,"Congreso",NA,NA,NA,"ZAPINDONGA",290,493,783,3
"703",5667,1238,"San Rafael","Antioquia",2006,"Congreso",NA,NA,NA,NA,4828,4844,9672,29
"704",5667,1238,"San Rafael","Antioquia",2006,"Congreso",NA,NA,NA,"EL BIZCOCHO",113,142,255,1
"705",5667,1238,"San Rafael","Antioquia",2006,"Congreso",NA,NA,NA,"SAN JULIAN",163,152,315,1
"706",5670,1241,"San Roque","Antioquia",2006,"Congreso",NA,NA,NA,NA,3968,4164,8132,24
"707",5670,1241,"San Roque","Antioquia",2006,"Congreso",NA,NA,NA,"CRISTALES",362,477,839,3
"708",5670,1241,"San Roque","Antioquia",2006,"Congreso",NA,NA,NA,"PROVIDENCIA",385,442,827,3
"709",5670,1241,"San Roque","Antioquia",2006,"Congreso",NA,NA,NA,"FRAYLES",144,199,343,1
"710",5670,1241,"San Roque","Antioquia",2006,"Congreso",NA,NA,NA,"SAN JOSE DEL NUS",759,869,1628,5
"711",5674,1244,"San Vicente","Antioquia",2006,"Congreso",NA,NA,NA,NA,5404,5506,10910,32
"712",5674,1244,"San Vicente","Antioquia",2006,"Congreso",NA,NA,NA,"CARCEL",0,0,0,0
"713",5674,1244,"San Vicente","Antioquia",2006,"Congreso",NA,NA,NA,"CAMPO ALEGRE",36,36,72,1
"714",5674,1244,"San Vicente","Antioquia",2006,"Congreso",NA,NA,NA,"CORPOISABEL",140,137,277,1
"715",5674,1244,"San Vicente","Antioquia",2006,"Congreso",NA,NA,NA,"EL DIVINO NI/O",30,20,50,1
"716",5674,1244,"San Vicente","Antioquia",2006,"Congreso",NA,NA,NA,"EL PARAISO",28,33,61,1
"717",5674,1244,"San Vicente","Antioquia",2006,"Congreso",NA,NA,NA,"LA MAGDALENA",99,98,197,1
"718",5674,1244,"San Vicente","Antioquia",2006,"Congreso",NA,NA,NA,"LA PRIMAVERA",130,154,284,1
"719",5674,1244,"San Vicente","Antioquia",2006,"Congreso",NA,NA,NA,"LAS MINAS",73,59,132,1
"720",5674,1244,"San Vicente","Antioquia",2006,"Congreso",NA,NA,NA,"MARCO TULIO TORRES",162,156,318,1
"721",5674,1244,"San Vicente","Antioquia",2006,"Congreso",NA,NA,NA,"NUEVO HORIZONTE",362,371,733,3
"722",5674,1244,"San Vicente","Antioquia",2006,"Congreso",NA,NA,NA,"LA ESPERANZA",236,188,424,2
"723",5679,1247,"Santa Bárbara","Antioquia",2006,"Congreso",NA,NA,NA,NA,8721,8267,16988,50
"724",5679,1247,"Santa Bárbara","Antioquia",2006,"Congreso",NA,NA,NA,"CARCEL",0,10,10,1
"725",5679,1247,"Santa Bárbara","Antioquia",2006,"Congreso",NA,NA,NA,"DAMASCO",285,266,551,2
"726",5679,1247,"Santa Bárbara","Antioquia",2006,"Congreso",NA,NA,NA,"VERSALLES",480,474,954,3
"727",5686,1250,"Santa Rosa de Osos","Antioquia",2006,"Congreso",NA,NA,NA,NA,8309,8121,16430,48
"728",5686,1250,"Santa Rosa de Osos","Antioquia",2006,"Congreso",NA,NA,NA,"CARCEL",0,22,22,1
"729",5686,1250,"Santa Rosa de Osos","Antioquia",2006,"Congreso",NA,NA,NA,"ARAGON",339,421,760,3
"730",5686,1250,"Santa Rosa de Osos","Antioquia",2006,"Congreso",NA,NA,NA,"EL CHAQUIRO",105,108,213,1
"731",5686,1250,"Santa Rosa de Osos","Antioquia",2006,"Congreso",NA,NA,NA,"HOYO RICO",398,360,758,3
"732",5686,1250,"Santa Rosa de Osos","Antioquia",2006,"Congreso",NA,NA,NA,"RIO GRANDE",359,422,781,3
"733",5686,1250,"Santa Rosa de Osos","Antioquia",2006,"Congreso",NA,NA,NA,"SAN ISIDRO",437,473,910,3
"734",5686,1250,"Santa Rosa de Osos","Antioquia",2006,"Congreso",NA,NA,NA,"SAN PABLO",631,668,1299,4
"735",5686,1250,"Santa Rosa de Osos","Antioquia",2006,"Congreso",NA,NA,NA,"EL CANEY",116,139,255,1
"736",5690,1253,"Santo Domingo","Antioquia",2006,"Congreso",NA,NA,NA,NA,2450,2524,4974,15
"737",5690,1253,"Santo Domingo","Antioquia",2006,"Congreso",NA,NA,NA,"BOTERO",342,330,672,2
"738",5690,1253,"Santo Domingo","Antioquia",2006,"Congreso",NA,NA,NA,"EL LIMON",36,48,84,1
"739",5690,1253,"Santo Domingo","Antioquia",2006,"Congreso",NA,NA,NA,"PORCECITO",298,329,627,2
"740",5690,1253,"Santo Domingo","Antioquia",2006,"Congreso",NA,NA,NA,"SANTIAGO",448,395,843,3
"741",5690,1253,"Santo Domingo","Antioquia",2006,"Congreso",NA,NA,NA,"VERSALLES",303,379,682,2
"742",5690,1253,"Santo Domingo","Antioquia",2006,"Congreso",NA,NA,NA,"LA QUIEBRA",82,107,189,1
"743",5697,1256,"El Santuario","Antioquia",2006,"Congreso",NA,NA,NA,NA,10779,9001,19780,58
"744",5697,1256,"El Santuario","Antioquia",2006,"Congreso",NA,NA,NA,"EL RAMAL",73,40,113,1
"745",5697,1256,"El Santuario","Antioquia",2006,"Congreso",NA,NA,NA,"PANTANILLO VARGAS",66,56,122,1
"746",5736,1259,"Segovia","Antioquia",2006,"Congreso",NA,NA,NA,NA,8216,7885,16101,47
"747",5736,1259,"Segovia","Antioquia",2006,"Congreso",NA,NA,NA,"CARCEL",1,3,4,1
"748",5736,1259,"Segovia","Antioquia",2006,"Congreso",NA,NA,NA,"FRAGUAS",306,437,743,3
"749",5756,1262,"Sonsón","Antioquia",2006,"Congreso",NA,NA,NA,"INST.EDUC.ROSA MARIA HENAO",3498,2214,5712,17
"750",5756,1262,"Sonsón","Antioquia",2006,"Congreso",NA,NA,NA,"COLEGIO CELIA RAMOS TORO",2999,86,3085,9
"751",5756,1262,"Sonsón","Antioquia",2006,"Congreso",NA,NA,NA,"INST.EDUC.BRAULIO MEJIA",2961,2061,5022,15
"752",5756,1262,"Sonsón","Antioquia",2006,"Congreso",NA,NA,NA,"INST.EDUC.ENRIQUE TORO CALLE",520,4298,4818,15
"753",5756,1262,"Sonsón","Antioquia",2006,"Congreso",NA,NA,NA,"CARCEL",0,7,7,1
"754",5756,1262,"Sonsón","Antioquia",2006,"Congreso",NA,NA,NA,"ALTO DE SABANAS",289,309,598,2
"755",5756,1262,"Sonsón","Antioquia",2006,"Congreso",NA,NA,NA,"DANTAS",476,604,1080,4
"756",5756,1262,"Sonsón","Antioquia",2006,"Congreso",NA,NA,NA,"LA MORELIA",67,62,129,1
"757",5756,1262,"Sonsón","Antioquia",2006,"Congreso",NA,NA,NA,"SAN MIGUEL",428,541,969,3
"758",5756,1262,"Sonsón","Antioquia",2006,"Congreso",NA,NA,NA,"LOS PLANES",60,71,131,1
"759",5756,1262,"Sonsón","Antioquia",2006,"Congreso",NA,NA,NA,"LOS POTREROS",72,89,161,1
"760",5756,1262,"Sonsón","Antioquia",2006,"Congreso",NA,NA,NA,"BRASILAL",31,45,76,1
"761",5756,1262,"Sonsón","Antioquia",2006,"Congreso",NA,NA,NA,"EL SALADO",49,66,115,1
"762",5756,1262,"Sonsón","Antioquia",2006,"Congreso",NA,NA,NA,"LA TORRE",24,35,59,1
"763",5756,1262,"Sonsón","Antioquia",2006,"Congreso",NA,NA,NA,"LOS MEDIOS",227,281,508,2
"764",5756,1262,"Sonsón","Antioquia",2006,"Congreso",NA,NA,NA,"PALESTINA",25,38,63,1
"765",5756,1262,"Sonsón","Antioquia",2006,"Congreso",NA,NA,NA,"PERRILLO",21,18,39,1
"766",5756,1262,"Sonsón","Antioquia",2006,"Congreso",NA,NA,NA,"RIOVERDE DE LOS HENAOS",36,58,94,1
"767",5756,1262,"Sonsón","Antioquia",2006,"Congreso",NA,NA,NA,"LAS CRUCES",53,66,119,1
"768",5756,1262,"Sonsón","Antioquia",2006,"Congreso",NA,NA,NA,"ARENILLAL",87,94,181,1
"769",5756,1262,"Sonsón","Antioquia",2006,"Congreso",NA,NA,NA,"EL SALTO",73,84,157,1
"770",5756,1262,"Sonsón","Antioquia",2006,"Congreso",NA,NA,NA,"JERUSALEN LA FLORIDA",123,115,238,1
"771",5756,1262,"Sonsón","Antioquia",2006,"Congreso",NA,NA,NA,"LA LOMA",88,83,171,1
"772",5756,1262,"Sonsón","Antioquia",2006,"Congreso",NA,NA,NA,"LA MESA",23,42,65,1
"773",5756,1262,"Sonsón","Antioquia",2006,"Congreso",NA,NA,NA,"LLANADAS SANTA CLARA",163,183,346,2
"774",5756,1262,"Sonsón","Antioquia",2006,"Congreso",NA,NA,NA,"MANZANARES",102,110,212,1
"775",5756,1262,"Sonsón","Antioquia",2006,"Congreso",NA,NA,NA,"RIOVERDE DE LOS MONTES",151,209,360,2
"776",5756,1262,"Sonsón","Antioquia",2006,"Congreso",NA,NA,NA,"ROBLAL ARRIBA",87,135,222,1
"777",5756,1262,"Sonsón","Antioquia",2006,"Congreso",NA,NA,NA,"SAN PABLO LA QUIEBRA",18,23,41,1
"778",5761,1265,"Sopetrán","Antioquia",2006,"Congreso",NA,NA,NA,NA,4488,4144,8632,26
"779",5761,1265,"Sopetrán","Antioquia",2006,"Congreso",NA,NA,NA,"CORDOBA",163,141,304,1
"780",5761,1265,"Sopetrán","Antioquia",2006,"Congreso",NA,NA,NA,"GUAYABAL",218,250,468,2
"781",5761,1265,"Sopetrán","Antioquia",2006,"Congreso",NA,NA,NA,"HORIZONTES",199,227,426,2
"782",5761,1265,"Sopetrán","Antioquia",2006,"Congreso",NA,NA,NA,"MONTEGRANDE",168,230,398,2
"783",5761,1265,"Sopetrán","Antioquia",2006,"Congreso",NA,NA,NA,"NUEVO HORIZONTE",168,203,371,2
"784",5761,1265,"Sopetrán","Antioquia",2006,"Congreso",NA,NA,NA,"SAN NICOLAS",90,93,183,1
"785",5789,1268,"Támesis","Antioquia",2006,"Congreso",NA,NA,NA,NA,5461,5315,10776,32
"786",5789,1268,"Támesis","Antioquia",2006,"Congreso",NA,NA,NA,"CARCEL",1,20,21,1
"787",5789,1268,"Támesis","Antioquia",2006,"Congreso",NA,NA,NA,"PALERMO",590,608,1198,4
"788",5789,1268,"Támesis","Antioquia",2006,"Congreso",NA,NA,NA,"SAN PABLO",416,520,936,3
"789",5790,1270,"Tarazá","Antioquia",2006,"Congreso",NA,NA,NA,NA,7458,7830,15288,45
"790",5790,1270,"Tarazá","Antioquia",2006,"Congreso",NA,NA,NA,"BARRO BLANCO",252,409,661,2
"791",5790,1270,"Tarazá","Antioquia",2006,"Congreso",NA,NA,NA,"EL DOCE",461,630,1091,4
"792",5790,1270,"Tarazá","Antioquia",2006,"Congreso",NA,NA,NA,"LA CAUCANA",811,1541,2352,7
"793",5790,1270,"Tarazá","Antioquia",2006,"Congreso",NA,NA,NA,"GUAIMARO SAN MIGUEL",100,124,224,1
"794",5790,1270,"Tarazá","Antioquia",2006,"Congreso",NA,NA,NA,"PUERTO ANTIOQUIA",158,263,421,2
"795",5792,1271,"Tarso","Antioquia",2006,"Congreso",NA,NA,NA,NA,2600,2547,5147,15
"796",5809,1274,"Titiribí","Antioquia",2006,"Congreso",NA,NA,NA,NA,3123,2990,6113,18
"797",5809,1274,"Titiribí","Antioquia",2006,"Congreso",NA,NA,NA,"CARCEL",0,0,0,0
"798",5809,1274,"Titiribí","Antioquia",2006,"Congreso",NA,NA,NA,"ANTONIO JOSE",177,243,420,2
"799",5809,1274,"Titiribí","Antioquia",2006,"Congreso",NA,NA,NA,"EL LIBANO",347,371,718,3
"800",5809,1274,"Titiribí","Antioquia",2006,"Congreso",NA,NA,NA,"OTRAMINA",174,201,375,2
"801",5809,1274,"Titiribí","Antioquia",2006,"Congreso",NA,NA,NA,"SITIOVIEJO",171,148,319,1
"802",5819,1277,"Toledo","Antioquia",2006,"Congreso",NA,NA,NA,NA,1581,1772,3353,10
"803",5819,1277,"Toledo","Antioquia",2006,"Congreso",NA,NA,NA,"BUENAVISTA",87,121,208,1
"804",5819,1277,"Toledo","Antioquia",2006,"Congreso",NA,NA,NA,"EL VALLE",68,78,146,1
"805",5837,1280,"Turbo","Antioquia",2006,"Congreso",NA,NA,NA,"ESC. ANGEL MILAN",2661,2837,5498,16
"806",5837,1280,"Turbo","Antioquia",2006,"Congreso",NA,NA,NA,"SANTAFE LA PLAYA",1989,1134,3123,10
"807",5837,1280,"Turbo","Antioquia",2006,"Congreso",NA,NA,NA,"ESC. SAGRADO CORAZON",7155,3171,10326,31
"808",5837,1280,"Turbo","Antioquia",2006,"Congreso",NA,NA,NA,"SEDE UNIVERSIDAD DE ANTIO.",2120,5840,7960,24
"809",5837,1280,"Turbo","Antioquia",2006,"Congreso",NA,NA,NA,"PUESTO CENSO",6253,4568,10821,14
"810",5837,1280,"Turbo","Antioquia",2006,"Congreso",NA,NA,NA,"CARCEL DISTRITAL",1,36,37,1
"811",5837,1280,"Turbo","Antioquia",2006,"Congreso",NA,NA,NA,"BLANQUICET",149,301,450,2
"812",5837,1280,"Turbo","Antioquia",2006,"Congreso",NA,NA,NA,"EL TRES",1114,1604,2718,8
"813",5837,1280,"Turbo","Antioquia",2006,"Congreso",NA,NA,NA,"CURRULAO",2315,2845,5160,15
"814",5837,1280,"Turbo","Antioquia",2006,"Congreso",NA,NA,NA,"EL DOS",375,429,804,3
"815",5837,1280,"Turbo","Antioquia",2006,"Congreso",NA,NA,NA,"MACONDO",131,241,372,2
"816",5837,1280,"Turbo","Antioquia",2006,"Congreso",NA,NA,NA,"NUEVO ANTIOQUIA",272,511,783,3
"817",5837,1280,"Turbo","Antioquia",2006,"Congreso",NA,NA,NA,"NUEVA GRANADA",136,166,302,1
"818",5837,1280,"Turbo","Antioquia",2006,"Congreso",NA,NA,NA,"PUNTA DE PIEDRA",401,572,973,3
"819",5837,1280,"Turbo","Antioquia",2006,"Congreso",NA,NA,NA,"PUEBLO BELLO",475,867,1342,4
"820",5837,1280,"Turbo","Antioquia",2006,"Congreso",NA,NA,NA,"RIOGRANDE",968,1066,2034,6
"821",5837,1280,"Turbo","Antioquia",2006,"Congreso",NA,NA,NA,"NUEVA COLONIA",1968,2935,4903,15
"822",5837,1280,"Turbo","Antioquia",2006,"Congreso",NA,NA,NA,"NUEVO ORIENTE",145,306,451,2
"823",5837,1280,"Turbo","Antioquia",2006,"Congreso",NA,NA,NA,"SAN JOSE DE MULATOS",627,1134,1761,6
"824",5837,1280,"Turbo","Antioquia",2006,"Congreso",NA,NA,NA,"SAN PABLO DE TULAPA",36,58,94,1
"825",5837,1280,"Turbo","Antioquia",2006,"Congreso",NA,NA,NA,"SAN VICENTE",473,741,1214,4
"826",5837,1280,"Turbo","Antioquia",2006,"Congreso",NA,NA,NA,"BOCAS DEL ATRATO",96,103,199,1
"827",5837,1280,"Turbo","Antioquia",2006,"Congreso",NA,NA,NA,"ALTO MULATOS",159,303,462,2
"828",5837,1280,"Turbo","Antioquia",2006,"Congreso",NA,NA,NA,"LOMAS AISLADAS (EL CUARENTA)",102,226,328,1
"829",5842,1282,"Uramita","Antioquia",2006,"Congreso",NA,NA,NA,NA,2345,2610,4955,15
"830",5842,1282,"Uramita","Antioquia",2006,"Congreso",NA,NA,NA,"AMBALEMA",55,92,147,1
"831",5842,1282,"Uramita","Antioquia",2006,"Congreso",NA,NA,NA,"OROBAJO",122,144,266,1
"832",5847,1283,"Urrao","Antioquia",2006,"Congreso",NA,NA,NA,NA,7740,7622,15362,45
"833",5847,1283,"Urrao","Antioquia",2006,"Congreso",NA,NA,NA,"CARCEL",1,6,7,1
"834",5847,1283,"Urrao","Antioquia",2006,"Congreso",NA,NA,NA,"LA ENCARNACION",249,324,573,2
"835",5847,1283,"Urrao","Antioquia",2006,"Congreso",NA,NA,NA,"MANDE",141,190,331,1
"836",5847,1283,"Urrao","Antioquia",2006,"Congreso",NA,NA,NA,"NENDO",101,160,261,1
"837",5847,1283,"Urrao","Antioquia",2006,"Congreso",NA,NA,NA,"PUNTA DE OCAIDO",59,71,130,1
"838",5847,1283,"Urrao","Antioquia",2006,"Congreso",NA,NA,NA,"SANTA ISABEL",162,187,349,2
"839",5854,1286,"Valdivia","Antioquia",2006,"Congreso",NA,NA,NA,NA,3101,3263,6364,19
"840",5854,1286,"Valdivia","Antioquia",2006,"Congreso",NA,NA,NA,"PUERTO VALDIVIA",982,1248,2230,7
"841",5854,1286,"Valdivia","Antioquia",2006,"Congreso",NA,NA,NA,"RAUDAL",121,205,326,1
"842",5856,1289,"Valparaíso","Antioquia",2006,"Congreso",NA,NA,NA,NA,2483,2508,4991,15
"843",5856,1289,"Valparaíso","Antioquia",2006,"Congreso",NA,NA,NA,"LA HERRADURA",50,41,91,1
"844",5856,1289,"Valparaíso","Antioquia",2006,"Congreso",NA,NA,NA,"LA FABIANA",36,48,84,1
"845",5858,1290,"Vegachí","Antioquia",2006,"Congreso",NA,NA,NA,NA,3512,3684,7196,21
"846",5858,1290,"Vegachí","Antioquia",2006,"Congreso",NA,NA,NA,"EL TIGRE",274,405,679,2
"847",5873,1291,"Vigía del Fuerte","Antioquia",2006,"Congreso",NA,NA,NA,NA,969,995,1964,6
"848",5873,1291,"Vigía del Fuerte","Antioquia",2006,"Congreso",NA,NA,NA,"BAJO MURRI",189,205,394,2
"849",5873,1291,"Vigía del Fuerte","Antioquia",2006,"Congreso",NA,NA,NA,"BUCHADO",217,191,408,2
"850",5873,1291,"Vigía del Fuerte","Antioquia",2006,"Congreso",NA,NA,NA,"PALOBLANCO",54,54,108,1
"851",5873,1291,"Vigía del Fuerte","Antioquia",2006,"Congreso",NA,NA,NA,"SAN ALEJANDRO",47,62,109,1
"852",5873,1291,"Vigía del Fuerte","Antioquia",2006,"Congreso",NA,NA,NA,"SAN ANTONIO DE PADUA",232,234,466,2
"853",5873,1291,"Vigía del Fuerte","Antioquia",2006,"Congreso",NA,NA,NA,"SAN MIGUEL",78,72,150,1
"854",5873,1291,"Vigía del Fuerte","Antioquia",2006,"Congreso",NA,NA,NA,"VEGAEZ",207,272,479,2
"855",5861,1292,"Venecia","Antioquia",2006,"Congreso",NA,NA,NA,NA,3612,3333,6945,21
"856",5861,1292,"Venecia","Antioquia",2006,"Congreso",NA,NA,NA,"ARABIA",138,188,326,1
"857",5861,1292,"Venecia","Antioquia",2006,"Congreso",NA,NA,NA,"BOLOMBOLO",832,817,1649,5
"858",5861,1292,"Venecia","Antioquia",2006,"Congreso",NA,NA,NA,"EL CERRO",107,103,210,1
"859",5861,1292,"Venecia","Antioquia",2006,"Congreso",NA,NA,NA,"LA MINA",115,113,228,1
"860",5861,1292,"Venecia","Antioquia",2006,"Congreso",NA,NA,NA,"PALENQUE",222,216,438,2
"861",5885,1293,"Yalí","Antioquia",2006,"Congreso",NA,NA,NA,NA,2162,2458,4620,14
"862",5887,1295,"Yarumal","Antioquia",2006,"Congreso",NA,NA,NA,"ESC. EPIFANIO MEJIA",1462,1367,2829,9
"863",5887,1295,"Yarumal","Antioquia",2006,"Congreso",NA,NA,NA,"ESC. PEDRO PABLO BATANCUR",2415,1811,4226,13
"864",5887,1295,"Yarumal","Antioquia",2006,"Congreso",NA,NA,NA,"LICEO SAN LUIS",1329,1148,2477,8
"865",5887,1295,"Yarumal","Antioquia",2006,"Congreso",NA,NA,NA,"ESC. LA INMACULADA",1123,961,2084,7
"866",5887,1295,"Yarumal","Antioquia",2006,"Congreso",NA,NA,NA,"PUESTO CENSO",6282,5990,12272,16
"867",5887,1295,"Yarumal","Antioquia",2006,"Congreso",NA,NA,NA,"CARCEL",2,31,33,1
"868",5887,1295,"Yarumal","Antioquia",2006,"Congreso",NA,NA,NA,"CEDE/O",515,611,1126,4
"869",5887,1295,"Yarumal","Antioquia",2006,"Congreso",NA,NA,NA,"EL PUEBLITO",232,281,513,2
"870",5887,1295,"Yarumal","Antioquia",2006,"Congreso",NA,NA,NA,"EL CEDRO",257,343,600,2
"871",5887,1295,"Yarumal","Antioquia",2006,"Congreso",NA,NA,NA,"LLANOS DE CUIBA",523,652,1175,4
"872",5887,1295,"Yarumal","Antioquia",2006,"Congreso",NA,NA,NA,"LLANO DE YARUMAL",72,74,146,1
"873",5887,1295,"Yarumal","Antioquia",2006,"Congreso",NA,NA,NA,"OCHALI",159,256,415,2
"874",5887,1295,"Yarumal","Antioquia",2006,"Congreso",NA,NA,NA,"LA LOMA DE OCHALI",162,200,362,2
"875",5890,1298,"Yolombó","Antioquia",2006,"Congreso",NA,NA,NA,NA,4945,5183,10128,30
"876",5890,1298,"Yolombó","Antioquia",2006,"Congreso",NA,NA,NA,"CARCEL",0,0,0,0
"877",5890,1298,"Yolombó","Antioquia",2006,"Congreso",NA,NA,NA,"LA FLORESTA",488,632,1120,4
"878",5890,1298,"Yolombó","Antioquia",2006,"Congreso",NA,NA,NA,"LA ARGENTINA",30,43,73,1
"879",5890,1298,"Yolombó","Antioquia",2006,"Congreso",NA,NA,NA,"LA CANCANA",228,239,467,2
"880",5890,1298,"Yolombó","Antioquia",2006,"Congreso",NA,NA,NA,"EL RUBI",325,349,674,2
"881",5890,1298,"Yolombó","Antioquia",2006,"Congreso",NA,NA,NA,"BARE/O",101,151,252,1
"882",5893,1300,"Yondó","Antioquia",2006,"Congreso",NA,NA,NA,NA,2737,3081,5818,17
"883",5893,1300,"Yondó","Antioquia",2006,"Congreso",NA,NA,NA,"CUATRO BOCAS",28,108,136,1
"884",5893,1300,"Yondó","Antioquia",2006,"Congreso",NA,NA,NA,"SAN FRANCISCO",96,325,421,2
"885",5893,1300,"Yondó","Antioquia",2006,"Congreso",NA,NA,NA,"EL PORVENIR",36,82,118,1
"886",5893,1300,"Yondó","Antioquia",2006,"Congreso",NA,NA,NA,"SAN LUIS BELTRAN",81,313,394,2
"887",5893,1300,"Yondó","Antioquia",2006,"Congreso",NA,NA,NA,"SAN MIGUEL DEL TIGRE",262,356,618,2
"888",5895,1301,"Zaragoza","Antioquia",2006,"Congreso",NA,NA,NA,NA,5209,5549,10758,32
"889",5895,1301,"Zaragoza","Antioquia",2006,"Congreso",NA,NA,NA,"ESCARRALAO (LA PAJUILA)",214,299,513,2
"890",5895,1301,"Zaragoza","Antioquia",2006,"Congreso",NA,NA,NA,"BUENOS AIRES",563,761,1324,4
"891",5895,1301,"Zaragoza","Antioquia",2006,"Congreso",NA,NA,NA,"EL ESCARRALAO",0,0,0,0
"892",5895,1301,"Zaragoza","Antioquia",2006,"Congreso",NA,NA,NA,"PATO",510,851,1361,4
"893",8001,3001,"Barranquilla","Atlántico",2006,"Congreso",NA,NA,NA,"CTRO. DE EDUC. BASICA 114",4425,4617,9042,27
"894",8001,3001,"Barranquilla","Atlántico",2006,"Congreso",NA,NA,NA,"CTRO. DE EDUC. BASICA 75",5375,4566,9941,29
"895",8001,3001,"Barranquilla","Atlántico",2006,"Congreso",NA,NA,NA,"CTRO. SOCIAL DON BOSCO",8923,8077,17000,50
"896",8001,3001,"Barranquilla","Atlántico",2006,"Congreso",NA,NA,NA,"CTRO DE EDUC. BASICA 26",4700,13452,18152,53
"897",8001,3001,"Barranquilla","Atlántico",2006,"Congreso",NA,NA,NA,"CTRO DE EDUC. BASICA 17",19832,4925,24757,72
"898",8001,3001,"Barranquilla","Atlántico",2006,"Congreso",NA,NA,NA,"CTRO DE EDUC. BASICA 8",3009,2589,5598,17
"899",8001,3001,"Barranquilla","Atlántico",2006,"Congreso",NA,NA,NA,"CTRO DE EDUC. BASICA 79",6726,5734,12460,37
"900",8001,3001,"Barranquilla","Atlántico",2006,"Congreso",NA,NA,NA,"CTRO DE EDUC. BASICA 26 SEDE",3890,4564,8454,25
"901",8001,3001,"Barranquilla","Atlántico",2006,"Congreso",NA,NA,NA,"CTRO DE EDUC. BASICA 183",3801,3046,6847,20
"902",8001,3001,"Barranquilla","Atlántico",2006,"Congreso",NA,NA,NA,"COL. MARCO FIDEL SUAREZ",6701,3692,10393,31
"903",8001,3001,"Barranquilla","Atlántico",2006,"Congreso",NA,NA,NA,"INS. DIST.CASTILLO LA ALBORAY",7668,6472,14140,42
"904",8001,3001,"Barranquilla","Atlántico",2006,"Congreso",NA,NA,NA,"CTRO DE EDUC. BASICA 151",2489,3904,6393,19
"905",8001,3001,"Barranquilla","Atlántico",2006,"Congreso",NA,NA,NA,"COL.MPAL.BTO SIMON BOLIVAR",10075,4295,14370,42
"906",8001,3001,"Barranquilla","Atlántico",2006,"Congreso",NA,NA,NA,"CTRO DE EDUC. BASICA 56",6532,9355,15887,47
"907",8001,3001,"Barranquilla","Atlántico",2006,"Congreso",NA,NA,NA,"COLEGIO BTO MIXTO LAS NIEVES",5609,3723,9332,28
"908",8001,3001,"Barranquilla","Atlántico",2006,"Congreso",NA,NA,NA,"COLEGIO CALIXTO ALVAREZ",3119,4124,7243,22
"909",8001,3001,"Barranquilla","Atlántico",2006,"Congreso",NA,NA,NA,"CTRO DE EDUC. BASICA 20",8202,7015,15217,45
"910",8001,3001,"Barranquilla","Atlántico",2006,"Congreso",NA,NA,NA,"I.D.E.H",5069,4552,9621,28
"911",8001,3001,"Barranquilla","Atlántico",2006,"Congreso",NA,NA,NA,"COL.NAL JOSE EUSEBIO CARO",3983,4204,8187,24
"912",8001,3001,"Barranquilla","Atlántico",2006,"Congreso",NA,NA,NA,"CTRO DE EDUC. BASICA 49",6515,5507,12022,35
"913",8001,3001,"Barranquilla","Atlántico",2006,"Congreso",NA,NA,NA,"CTRO DE EDUC. BASICA 19",8079,6885,14964,44
"914",8001,3001,"Barranquilla","Atlántico",2006,"Congreso",NA,NA,NA,"ESC. NORMAL SUP. LA HACIENDA",6767,5593,12360,36
"915",8001,3001,"Barranquilla","Atlántico",2006,"Congreso",NA,NA,NA,"CTRO DE EDUC. BASICA 161",4859,4207,9066,27
"916",8001,3001,"Barranquilla","Atlántico",2006,"Congreso",NA,NA,NA,"CTRO COMUNITARIO B. LA PAZ",6332,5010,11342,33
"917",8001,3001,"Barranquilla","Atlántico",2006,"Congreso",NA,NA,NA,"COL LUIS SANCHEZ PORTO",3250,2423,5673,17
"918",8001,3001,"Barranquilla","Atlántico",2006,"Congreso",NA,NA,NA,"COL SAN CARLOS BORROMEO",3562,2851,6413,19
"919",8001,3001,"Barranquilla","Atlántico",2006,"Congreso",NA,NA,NA,"COLEGIO 12 DE OCTUBRE",1747,1355,3102,10
"920",8001,3001,"Barranquilla","Atlántico",2006,"Congreso",NA,NA,NA,"CTRO DE EDUC. BASICA 148",4586,4280,8866,26
"921",8001,3001,"Barranquilla","Atlántico",2006,"Congreso",NA,NA,NA,"CTRO DE EDUC. BASICA 185",12617,2724,15341,45
"922",8001,3001,"Barranquilla","Atlántico",2006,"Congreso",NA,NA,NA,"CTRO DE EDUC. BASICA 33",2634,8903,11537,34
"923",8001,3001,"Barranquilla","Atlántico",2006,"Congreso",NA,NA,NA,"COL NTRA SEÑORA DE FATIMA",4910,6316,11226,33
"924",8001,3001,"Barranquilla","Atlántico",2006,"Congreso",NA,NA,NA,"CTRO DE EDUC. BASICA 86",774,626,1400,5
"925",8001,3001,"Barranquilla","Atlántico",2006,"Congreso",NA,NA,NA,"INOCENCIO CHINCA SEDE 2",2732,1921,4653,14
"926",8001,3001,"Barranquilla","Atlántico",2006,"Congreso",NA,NA,NA,"CTRO DE EDUC. BASICA 93",3147,2411,5558,17
"927",8001,3001,"Barranquilla","Atlántico",2006,"Congreso",NA,NA,NA,"COL SOFIA CAMARGO DE LLERAS",9464,7517,16981,50
"928",8001,3001,"Barranquilla","Atlántico",2006,"Congreso",NA,NA,NA,"CTRO DE EDUC. BASICA 35",8132,6665,14797,44
"929",8001,3001,"Barranquilla","Atlántico",2006,"Congreso",NA,NA,NA,"COLEGIO CRUZADA SOCIAL",8219,4335,12554,37
"930",8001,3001,"Barranquilla","Atlántico",2006,"Congreso",NA,NA,NA,"CTRO DE EDUC. BASICA 39",5671,4589,10260,30
"931",8001,3001,"Barranquilla","Atlántico",2006,"Congreso",NA,NA,NA,"CTRO DE EDUC. BASICA 66",7768,6728,14496,43
"932",8001,3001,"Barranquilla","Atlántico",2006,"Congreso",NA,NA,NA,"CTRO DE EDUC. BASICA 103",2385,4811,7196,21
"933",8001,3001,"Barranquilla","Atlántico",2006,"Congreso",NA,NA,NA,"CTRO DE EDUC. BASICA 27",5406,9063,14469,43
"934",8001,3001,"Barranquilla","Atlántico",2006,"Congreso",NA,NA,NA,"CTRO DE EDUC. BASICA 123",9848,4741,14589,43
"935",8001,3001,"Barranquilla","Atlántico",2006,"Congreso",NA,NA,NA,"CTRO DE EDUC. BASICA 202",2609,2090,4699,14
"936",8001,3001,"Barranquilla","Atlántico",2006,"Congreso",NA,NA,NA,"COL COM. DIST. PABLO NERUDA",5427,3580,9007,27
"937",8001,3001,"Barranquilla","Atlántico",2006,"Congreso",NA,NA,NA,"COL MIGUEL ANGEL BUILES",5758,5157,10915,32
"938",8001,3001,"Barranquilla","Atlántico",2006,"Congreso",NA,NA,NA,"CTRO DE EDUC. BASICA 120",9961,8396,18357,54
"939",8001,3001,"Barranquilla","Atlántico",2006,"Congreso",NA,NA,NA,"CTRO DE EDUC. BASICA 179",4329,3985,8314,25
"940",8001,3001,"Barranquilla","Atlántico",2006,"Congreso",NA,NA,NA,"COL. B/QUILLA PARA SEÑORITAS",9444,5600,15044,44
"941",8001,3001,"Barranquilla","Atlántico",2006,"Congreso",NA,NA,NA,"INSTITUTO LA SALLE",7281,7213,14494,43
"942",8001,3001,"Barranquilla","Atlántico",2006,"Congreso",NA,NA,NA,"CTRO DE EDUC. BASICA 14",864,1058,1922,6
"943",8001,3001,"Barranquilla","Atlántico",2006,"Congreso",NA,NA,NA,"INST. TEC. DE COMERCIO B/QUIL",290,5831,6121,18
"944",8001,3001,"Barranquilla","Atlántico",2006,"Congreso",NA,NA,NA,"CTRO DE EDUC. BASICA 41",7445,6705,14150,42
"945",8001,3001,"Barranquilla","Atlántico",2006,"Congreso",NA,NA,NA,"COL B/QUILLA PARA VARONES",8323,7132,15455,45
"946",8001,3001,"Barranquilla","Atlántico",2006,"Congreso",NA,NA,NA,"CTRO DE EDUC. BASICA 43",5899,6615,12514,37
"947",8001,3001,"Barranquilla","Atlántico",2006,"Congreso",NA,NA,NA,"INST. TEC. NACIONAL COMERCIO",5020,4510,9530,28
"948",8001,3001,"Barranquilla","Atlántico",2006,"Congreso",NA,NA,NA,"UNIVERSIDAD LIBRE",8343,7580,15923,47
"949",8001,3001,"Barranquilla","Atlántico",2006,"Congreso",NA,NA,NA,"CTRO DE EDUC. BASICA 58",5641,4811,10452,31
"950",8001,3001,"Barranquilla","Atlántico",2006,"Congreso",NA,NA,NA,"HOGAR INFANTIL STA ROSA LIMA",4524,3814,8338,25
"951",8001,3001,"Barranquilla","Atlántico",2006,"Congreso",NA,NA,NA,"COL.ARQUIDIOCESANO ENRIQUE N.",8275,6382,14657,43
"952",8001,3001,"Barranquilla","Atlántico",2006,"Congreso",NA,NA,NA,"COLEGIO MILITAR ACOLSURE",5546,3987,9533,28
"953",8001,3001,"Barranquilla","Atlántico",2006,"Congreso",NA,NA,NA,"SEMINARIO CONCILIAR SAN LUIS",4371,3748,8119,24
"954",8001,3001,"Barranquilla","Atlántico",2006,"Congreso",NA,NA,NA,"ESCUELA BELLAS ARTES",7129,4091,11220,33
"955",8001,3001,"Barranquilla","Atlántico",2006,"Congreso",NA,NA,NA,"INSTITUTO PESTALOZZI",2094,4340,6434,19
"956",8001,3001,"Barranquilla","Atlántico",2006,"Congreso",NA,NA,NA,"COLEGIO BETANIA NORTE",4134,4267,8401,25
"957",8001,3001,"Barranquilla","Atlántico",2006,"Congreso",NA,NA,NA,"APANEXDA",6677,5591,12268,36
"958",8001,3001,"Barranquilla","Atlántico",2006,"Congreso",NA,NA,NA,"COLEGIO LICEO DE CERVANTES",9371,7913,17284,51
"959",8001,3001,"Barranquilla","Atlántico",2006,"Congreso",NA,NA,NA,"PATINODROMO",1053,911,1964,6
"960",8001,3001,"Barranquilla","Atlántico",2006,"Congreso",NA,NA,NA,"CTRO DE EDUC. BASICA 74",2548,3263,5811,17
"961",8001,3001,"Barranquilla","Atlántico",2006,"Congreso",NA,NA,NA,"CTRO DE EDUC. BASICA 155",3365,3069,6434,19
"962",8001,3001,"Barranquilla","Atlántico",2006,"Congreso",NA,NA,NA,"COLEGIO BIFFI LA SALLE",9240,7904,17144,50
"963",8001,3001,"Barranquilla","Atlántico",2006,"Congreso",NA,NA,NA,"PUESTO CENSO",3494,30200,33694,43
"964",8001,3001,"Barranquilla","Atlántico",2006,"Congreso",NA,NA,NA,"PUESTO CENSO",33533,263,33796,43
"965",8001,3001,"Barranquilla","Atlántico",2006,"Congreso",NA,NA,NA,"CARCEL EL BOSQUE",9,66,75,1
"966",8001,3001,"Barranquilla","Atlántico",2006,"Congreso",NA,NA,NA,"CENTRO REHABILITACION FEMENIN",24,2,26,1
"967",8001,3001,"Barranquilla","Atlántico",2006,"Congreso",NA,NA,NA,"CARCEL MODELO",6,89,95,1
"968",8001,3001,"Barranquilla","Atlántico",2006,"Congreso",NA,NA,NA,"EDUARDO SANTOS (LA PLAYA)",2591,2601,5192,16
"969",8001,3001,"Barranquilla","Atlántico",2006,"Congreso",NA,NA,NA,"JUAN MINA",1823,1990,3813,12
"970",8078,3004,"Baranoa","Atlántico",2006,"Congreso",NA,NA,NA,"ESC. MIXTA No 1",2270,2851,5121,15
"971",8078,3004,"Baranoa","Atlántico",2006,"Congreso",NA,NA,NA,"COL. BTO MIXTO BARANOA",2682,1823,4505,14
"972",8078,3004,"Baranoa","Atlántico",2006,"Congreso",NA,NA,NA,"ESC. MIXTA No 6 GUILLERMO L.",1908,2227,4135,13
"973",8078,3004,"Baranoa","Atlántico",2006,"Congreso",NA,NA,NA,"ESC.LAUREANO COBA GOENANGA",3322,2585,5907,18
"974",8078,3004,"Baranoa","Atlántico",2006,"Congreso",NA,NA,NA,"PUESTO CENSO",6233,6181,12414,16
"975",8078,3004,"Baranoa","Atlántico",2006,"Congreso",NA,NA,NA,"CAMPECHE",1190,1300,2490,8
"976",8078,3004,"Baranoa","Atlántico",2006,"Congreso",NA,NA,NA,"PITAL",620,698,1318,4
"977",8078,3004,"Baranoa","Atlántico",2006,"Congreso",NA,NA,NA,"SIBARCO",307,359,666,2
"978",8137,3007,"Campo de La Cruz","Atlántico",2006,"Congreso",NA,NA,NA,NA,7608,7688,15296,45
"979",8137,3007,"Campo de La Cruz","Atlántico",2006,"Congreso",NA,NA,NA,"BOHORQUEZ",605,723,1328,4
"980",8141,3010,"Candelaria","Atlántico",2006,"Congreso",NA,NA,NA,NA,3490,3810,7300,22
"981",8141,3010,"Candelaria","Atlántico",2006,"Congreso",NA,NA,NA,"CARRETO",464,487,951,3
"982",8141,3010,"Candelaria","Atlántico",2006,"Congreso",NA,NA,NA,"LE/A",547,635,1182,4
"983",8296,3013,"Galapa","Atlántico",2006,"Congreso",NA,NA,NA,"INST.EDUC BASICA No.6",772,4589,5361,16
"984",8296,3013,"Galapa","Atlántico",2006,"Congreso",NA,NA,NA,"COL.INDUS.FRANCISCO DE PAULA",4197,3733,7930,24
"985",8296,3013,"Galapa","Atlántico",2006,"Congreso",NA,NA,NA,"INST. EDUC. BASICA No. 2",3076,2467,5543,17
"986",8296,3013,"Galapa","Atlántico",2006,"Congreso",NA,NA,NA,"INST.EDUC BASICA No. 1",4740,1410,6150,18
"987",8296,3013,"Galapa","Atlántico",2006,"Congreso",NA,NA,NA,"PALUATO",106,156,262,1
"988",8372,3016,"Juan de Acosta","Atlántico",2006,"Congreso",NA,NA,NA,NA,4729,4885,9614,28
"989",8372,3016,"Juan de Acosta","Atlántico",2006,"Congreso",NA,NA,NA,"BOCATOCINO",100,135,235,1
"990",8372,3016,"Juan de Acosta","Atlántico",2006,"Congreso",NA,NA,NA,"CHORRERA",461,522,983,3
"991",8372,3016,"Juan de Acosta","Atlántico",2006,"Congreso",NA,NA,NA,"SACO",875,1025,1900,6
"992",8372,3016,"Juan de Acosta","Atlántico",2006,"Congreso",NA,NA,NA,"SANTA VERONICA",1085,1525,2610,8
"993",8421,3019,"Luruaco","Atlántico",2006,"Congreso",NA,NA,NA,NA,4991,4963,9954,29
"994",8421,3019,"Luruaco","Atlántico",2006,"Congreso",NA,NA,NA,"ARROYO DE PIEDRA",1174,1388,2562,8
"995",8421,3019,"Luruaco","Atlántico",2006,"Congreso",NA,NA,NA,"PENDALES",659,860,1519,5
"996",8421,3019,"Luruaco","Atlántico",2006,"Congreso",NA,NA,NA,"PALMAR DE CANDELARIA",682,840,1522,5
"997",8421,3019,"Luruaco","Atlántico",2006,"Congreso",NA,NA,NA,"SANTA CRUZ",1128,1258,2386,7
"998",8421,3019,"Luruaco","Atlántico",2006,"Congreso",NA,NA,NA,"SAN JUAN DE TOCAGUAS",229,276,505,2
"999",8433,3022,"Malambo","Atlántico",2006,"Congreso",NA,NA,NA,"ESC. PUB. MPAL EL CONCORD",4271,4180,8451,25
"1000",8433,3022,"Malambo","Atlántico",2006,"Congreso",NA,NA,NA,"COL.ANTIGUO ALBERTO PUMAREJO",2718,1577,4295,13
"1001",8433,3022,"Malambo","Atlántico",2006,"Congreso",NA,NA,NA,"MESOLANDIA",437,416,853,3
"1002",8433,3022,"Malambo","Atlántico",2006,"Congreso",NA,NA,NA,"ESCUELA SIMON BOLIVAR",3768,3804,7572,23
"1003",8433,3022,"Malambo","Atlántico",2006,"Congreso",NA,NA,NA,"ESC.COMUNAL ROBERTO MENDOZA",5545,4099,9644,29
"1004",8433,3022,"Malambo","Atlántico",2006,"Congreso",NA,NA,NA,"COLEGIO JUAN XXIII",786,695,1481,5
"1005",8433,3022,"Malambo","Atlántico",2006,"Congreso",NA,NA,NA,"PUESTO CENSO",7874,7346,15220,20
"1006",8433,3022,"Malambo","Atlántico",2006,"Congreso",NA,NA,NA,"CARACOLI",979,1045,2024,6
"1007",8436,3025,"Manatí","Atlántico",2006,"Congreso",NA,NA,NA,NA,5111,5344,10455,31
"1008",8520,3028,"Palmar de Varela","Atlántico",2006,"Congreso",NA,NA,NA,NA,7656,7451,15107,44
"1009",8520,3028,"Palmar de Varela","Atlántico",2006,"Congreso",NA,NA,NA,"BURRUSCO",43,93,136,1
"1010",8549,3031,"Piojó","Atlántico",2006,"Congreso",NA,NA,NA,NA,1574,1768,3342,10
"1011",8549,3031,"Piojó","Atlántico",2006,"Congreso",NA,NA,NA,"AGUASVIVAS",149,218,367,2
"1012",8549,3031,"Piojó","Atlántico",2006,"Congreso",NA,NA,NA,"EL CERRITO",257,422,679,2
"1013",8549,3031,"Piojó","Atlántico",2006,"Congreso",NA,NA,NA,"HIBACHARO",527,704,1231,4
"1014",8558,3034,"Polonuevo","Atlántico",2006,"Congreso",NA,NA,NA,NA,4604,4600,9204,27
"1015",8558,3034,"Polonuevo","Atlántico",2006,"Congreso",NA,NA,NA,"PITALITO",330,420,750,3
"1016",8560,3035,"Ponedera","Atlántico",2006,"Congreso",NA,NA,NA,NA,4453,4481,8934,26
"1017",8560,3035,"Ponedera","Atlántico",2006,"Congreso",NA,NA,NA,"LA RETIRADA",257,298,555,2
"1018",8560,3035,"Ponedera","Atlántico",2006,"Congreso",NA,NA,NA,"MARTILLO",503,549,1052,4
"1019",8560,3035,"Ponedera","Atlántico",2006,"Congreso",NA,NA,NA,"PUERTO GIRALDO",1197,1300,2497,8
"1020",8560,3035,"Ponedera","Atlántico",2006,"Congreso",NA,NA,NA,"SANTA RITA",202,265,467,2
"1021",8573,3037,"Puerto Colombia","Atlántico",2006,"Congreso",NA,NA,NA,"COLEGIO SIMON BOLIVAR",432,4711,5143,15
"1022",8573,3037,"Puerto Colombia","Atlántico",2006,"Congreso",NA,NA,NA,"COLEGIO SOCIEDAD DE CRISTO",1236,1440,2676,8
"1023",8573,3037,"Puerto Colombia","Atlántico",2006,"Congreso",NA,NA,NA,"COL.FRANCISCO JAVIER CISNEROS",6103,567,6670,20
"1024",8573,3037,"Puerto Colombia","Atlántico",2006,"Congreso",NA,NA,NA,"ESC.MIXTA No 1 MARIA MANCILLA",3350,3660,7010,21
"1025",8573,3037,"Puerto Colombia","Atlántico",2006,"Congreso",NA,NA,NA,"SALGAR",1066,1186,2252,7
"1026",8573,3037,"Puerto Colombia","Atlántico",2006,"Congreso",NA,NA,NA,"SABANILLA (MONTECARLO)",442,422,864,3
"1027",8606,3040,"Repelón","Atlántico",2006,"Congreso",NA,NA,NA,NA,5352,5457,10809,32
"1028",8606,3040,"Repelón","Atlántico",2006,"Congreso",NA,NA,NA,"ARROYO NEGRO",106,159,265,1
"1029",8606,3040,"Repelón","Atlántico",2006,"Congreso",NA,NA,NA,"CIEN PESOS",169,202,371,2
"1030",8606,3040,"Repelón","Atlántico",2006,"Congreso",NA,NA,NA,"LAS TABLAS",146,256,402,2
"1031",8606,3040,"Repelón","Atlántico",2006,"Congreso",NA,NA,NA,"ROTINET",607,653,1260,4
"1032",8606,3040,"Repelón","Atlántico",2006,"Congreso",NA,NA,NA,"VILLA ROSA",811,956,1767,6
"1033",8634,3043,"Sabanagrande","Atlántico",2006,"Congreso",NA,NA,NA,NA,8562,8333,16895,50
"1034",8638,3046,"Sabanalarga","Atlántico",2006,"Congreso",NA,NA,NA,"COL. BTO. MASCULINO",2414,2858,5272,16
"1035",8638,3046,"Sabanalarga","Atlántico",2006,"Congreso",NA,NA,NA,"CENTRO DESARROLLOVECINAL",3379,2904,6283,19
"1036",8638,3046,"Sabanalarga","Atlántico",2006,"Congreso",NA,NA,NA,"COL. MARCO FIDEL SUAREZ",6306,6066,12372,36
"1037",8638,3046,"Sabanalarga","Atlántico",2006,"Congreso",NA,NA,NA,"ESC. MAXIMO MERCADO",2443,2049,4492,14
"1038",8638,3046,"Sabanalarga","Atlántico",2006,"Congreso",NA,NA,NA,"COLEGIO DE BACHILLERATO FEMEN",3260,3173,6433,19
"1039",8638,3046,"Sabanalarga","Atlántico",2006,"Congreso",NA,NA,NA,"PUESTO CENSO",2861,2797,5658,8
"1040",8638,3046,"Sabanalarga","Atlántico",2006,"Congreso",NA,NA,NA,"CARCEL DEL CIRCUITO JUDICIAL",0,28,28,1
"1041",8638,3046,"Sabanalarga","Atlántico",2006,"Congreso",NA,NA,NA,"AGUADA DE PABLO",842,953,1795,6
"1042",8638,3046,"Sabanalarga","Atlántico",2006,"Congreso",NA,NA,NA,"CASCAJAL",673,705,1378,5
"1043",8638,3046,"Sabanalarga","Atlántico",2006,"Congreso",NA,NA,NA,"COLOMBIA",424,431,855,3
"1044",8638,3046,"Sabanalarga","Atlántico",2006,"Congreso",NA,NA,NA,"GALLEGO",328,390,718,3
"1045",8638,3046,"Sabanalarga","Atlántico",2006,"Congreso",NA,NA,NA,"ISABEL LOPEZ",891,957,1848,6
"1046",8638,3046,"Sabanalarga","Atlántico",2006,"Congreso",NA,NA,NA,"LA PE/A (GUAJARO)",1232,1308,2540,8
"1047",8638,3046,"Sabanalarga","Atlántico",2006,"Congreso",NA,NA,NA,"MOLINERO",613,672,1285,4
"1048",8675,3047,"Santa Lucía","Atlántico",2006,"Congreso",NA,NA,NA,NA,3287,3418,6705,20
"1049",8675,3047,"Santa Lucía","Atlántico",2006,"Congreso",NA,NA,NA,"ALGODONAL",340,325,665,2
"1050",8685,3049,"Santo Tomás","Atlántico",2006,"Congreso",NA,NA,NA,NA,10211,9874,20085,59
"1051",8685,3049,"Santo Tomás","Atlántico",2006,"Congreso",NA,NA,NA,"UVITO",25,71,96,1
"1052",8758,3052,"Soledad","Atlántico",2006,"Congreso",NA,NA,NA,"COLEGIO EUFEMIA BENEDETTI",11313,169,11482,34
"1053",8758,3052,"Soledad","Atlántico",2006,"Congreso",NA,NA,NA,"INSTITUCION EDUCATIVA No. 18",5655,1004,6659,20
"1054",8758,3052,"Soledad","Atlántico",2006,"Congreso",NA,NA,NA,"INOBASOL",14,15061,15075,44
"1055",8758,3052,"Soledad","Atlántico",2006,"Congreso",NA,NA,NA,"INST.EDUC.ANTONIO RAMON MOREN",807,617,1424,5
"1056",8758,3052,"Soledad","Atlántico",2006,"Congreso",NA,NA,NA,"INS.EDUC.BASICA No 8.",7008,7068,14076,41
"1057",8758,3052,"Soledad","Atlántico",2006,"Congreso",NA,NA,NA,"INS. EDUC. SAGRADO CORAZON",4994,3602,8596,25
"1058",8758,3052,"Soledad","Atlántico",2006,"Congreso",NA,NA,NA,"COLEGIO METROPOLITANO",14956,306,15262,45
"1059",8758,3052,"Soledad","Atlántico",2006,"Congreso",NA,NA,NA,"INST. EDUC. POLICARPA SALAVAR",844,657,1501,5
"1060",8758,3052,"Soledad","Atlántico",2006,"Congreso",NA,NA,NA,"COLEGIO JHON F. KENNEDY",7727,6289,14016,41
"1061",8758,3052,"Soledad","Atlántico",2006,"Congreso",NA,NA,NA,"COLEGIO JESUS MAESTRO",249,13095,13344,39
"1062",8758,3052,"Soledad","Atlántico",2006,"Congreso",NA,NA,NA,"INST.EDUC.TEC. MANUELA BELTRA",1079,709,1788,6
"1063",8758,3052,"Soledad","Atlántico",2006,"Congreso",NA,NA,NA,"INS. EDUC. VILLA MARIA",851,608,1459,5
"1064",8758,3052,"Soledad","Atlántico",2006,"Congreso",NA,NA,NA,"GRAN ABASTOS",4942,4034,8976,27
"1065",8758,3052,"Soledad","Atlántico",2006,"Congreso",NA,NA,NA,"INST. EDUC. BASICA No 32",2998,2644,5642,17
"1066",8758,3052,"Soledad","Atlántico",2006,"Congreso",NA,NA,NA,"INS. EDUC. BASICA 5",8132,5878,14010,41
"1067",8758,3052,"Soledad","Atlántico",2006,"Congreso",NA,NA,NA,"COLEGIO INEM",7919,6402,14321,42
"1068",8758,3052,"Soledad","Atlántico",2006,"Congreso",NA,NA,NA,"INS. EDUC. BASICA 1",5682,4684,10366,31
"1069",8758,3052,"Soledad","Atlántico",2006,"Congreso",NA,NA,NA,"COLEGIO SAN PANCRACIO",8201,6461,14662,43
"1070",8758,3052,"Soledad","Atlántico",2006,"Congreso",NA,NA,NA,"INST. TEC. INDUST. Y COMERCIA",8604,6489,15093,44
"1071",8758,3052,"Soledad","Atlántico",2006,"Congreso",NA,NA,NA,"INST. EDUC. NOROCCIDENTAL SOL",616,373,989,3
"1072",8758,3052,"Soledad","Atlántico",2006,"Congreso",NA,NA,NA,"COL.OLGA CASTELLANOS DE LEBOL",850,731,1581,5
"1073",8758,3052,"Soledad","Atlántico",2006,"Congreso",NA,NA,NA,"PUESTO CENSO",9301,8196,17497,23
"1074",8770,3055,"Suan","Atlántico",2006,"Congreso",NA,NA,NA,NA,3786,3897,7683,23
"1075",8832,3058,"Tubará","Atlántico",2006,"Congreso",NA,NA,NA,NA,2782,3022,5804,17
"1076",8832,3058,"Tubará","Atlántico",2006,"Congreso",NA,NA,NA,"CUATRO BOCAS",287,392,679,2
"1077",8832,3058,"Tubará","Atlántico",2006,"Congreso",NA,NA,NA,"EL MORRO",320,345,665,2
"1078",8832,3058,"Tubará","Atlántico",2006,"Congreso",NA,NA,NA,"GUAIMARAL",189,219,408,2
"1079",8832,3058,"Tubará","Atlántico",2006,"Congreso",NA,NA,NA,"JUARUCO",119,125,244,1
"1080",8849,3061,"Usiacurí","Atlántico",2006,"Congreso",NA,NA,NA,NA,2946,3102,6048,18
"1081",13001,5001,"Cartagena","Bolívar",2006,"Congreso",NA,NA,NA,"CTRO. CIAL. BOCAGRANDE",6279,8107,14386,42
"1082",13001,5001,"Cartagena","Bolívar",2006,"Congreso",NA,NA,NA,"UNIVERSIDAD TECN. DE BOLIVAR",7854,6700,14554,43
"1083",13001,5001,"Cartagena","Bolívar",2006,"Congreso",NA,NA,NA,"COLEGIO CRISTO REY",7343,6365,13708,40
"1084",13001,5001,"Cartagena","Bolívar",2006,"Congreso",NA,NA,NA,"COLISEO CUBIERTO COLDEPORTES",7362,7848,15210,45
"1085",13001,5001,"Cartagena","Bolívar",2006,"Congreso",NA,NA,NA,"COLEGIO JOSE DE LA VEGA",8145,5205,13350,39
"1086",13001,5001,"Cartagena","Bolívar",2006,"Congreso",NA,NA,NA,"COLEGIO LICEO BOLIVAR",6576,5231,11807,35
"1087",13001,5001,"Cartagena","Bolívar",2006,"Congreso",NA,NA,NA,"COLEGIO CORAZON DE MARIA",5054,4358,9412,28
"1088",13001,5001,"Cartagena","Bolívar",2006,"Congreso",NA,NA,NA,"ANTONIO NARIÑO",7388,6079,13467,40
"1089",13001,5001,"Cartagena","Bolívar",2006,"Congreso",NA,NA,NA,"ESC. CIUDAD DE TUNJA",5577,4767,10344,31
"1090",13001,5001,"Cartagena","Bolívar",2006,"Congreso",NA,NA,NA,"ESC. REPUBLICA DEL LIBANO",5627,4787,10414,31
"1091",13001,5001,"Cartagena","Bolívar",2006,"Congreso",NA,NA,NA,"COL.DPTAL.DE BTO.FEMENINO",11209,9710,20919,61
"1092",13001,5001,"Cartagena","Bolívar",2006,"Congreso",NA,NA,NA,"ESCUELA DE ACCION COMUNAL",2120,2005,4125,12
"1093",13001,5001,"Cartagena","Bolívar",2006,"Congreso",NA,NA,NA,"INST.EDUCACION FE Y ALEGRIA",9861,7704,17565,52
"1094",13001,5001,"Cartagena","Bolívar",2006,"Congreso",NA,NA,NA,"COLEGIO FE Y ALEGRIA",6074,4533,10607,31
"1095",13001,5001,"Cartagena","Bolívar",2006,"Congreso",NA,NA,NA,"INST. EDUCATIVA CAMILO TORRES",7160,6013,13173,39
"1096",13001,5001,"Cartagena","Bolívar",2006,"Congreso",NA,NA,NA,"ESCUELA GABRIELA SAN MARTIN",6298,5024,11322,33
"1097",13001,5001,"Cartagena","Bolívar",2006,"Congreso",NA,NA,NA,"CIUDADELA DE LA SALUD",6333,5308,11641,34
"1098",13001,5001,"Cartagena","Bolívar",2006,"Congreso",NA,NA,NA,"COL. BACHILLERATO TERMINAL",9004,7284,16288,48
"1099",13001,5001,"Cartagena","Bolívar",2006,"Congreso",NA,NA,NA,"CONC.ESC.SAN JUAN DE DAMASCO",6068,7198,13266,39
"1100",13001,5001,"Cartagena","Bolívar",2006,"Congreso",NA,NA,NA,"SENA PEDRO DE HEREDIA",7885,7142,15027,44
"1101",13001,5001,"Cartagena","Bolívar",2006,"Congreso",NA,NA,NA,"COL.ALBERTO ELIAS FERNANDEZ",7198,6968,14166,42
"1102",13001,5001,"Cartagena","Bolívar",2006,"Congreso",NA,NA,NA,"ESC. HIJOS DEL CHOFER",7726,5339,13065,38
"1103",13001,5001,"Cartagena","Bolívar",2006,"Congreso",NA,NA,NA,"INST. EDUCATIVO 20 DE JULIO",4748,4220,8968,27
"1104",13001,5001,"Cartagena","Bolívar",2006,"Congreso",NA,NA,NA,"ESC. HIJOS DEL AGRICULTOR",2951,3125,6076,18
"1105",13001,5001,"Cartagena","Bolívar",2006,"Congreso",NA,NA,NA,"COLEGIO INEM",11196,9468,20664,61
"1106",13001,5001,"Cartagena","Bolívar",2006,"Congreso",NA,NA,NA,"COLEGIO FE Y ALEGRIA",3775,2954,6729,20
"1107",13001,5001,"Cartagena","Bolívar",2006,"Congreso",NA,NA,NA,"CTRO. CIAL. LA PLAZUELA",11975,9877,21852,64
"1108",13001,5001,"Cartagena","Bolívar",2006,"Congreso",NA,NA,NA,"ESC. MIXTA TERNERA",3269,2929,6198,19
"1109",13001,5001,"Cartagena","Bolívar",2006,"Congreso",NA,NA,NA,"INST. EDUC. MERCEDES ABREGO",7793,6361,14154,42
"1110",13001,5001,"Cartagena","Bolívar",2006,"Congreso",NA,NA,NA,"INST. EDUC. JESUS NUESTRO SUE",2952,2312,5264,16
"1111",13001,5001,"Cartagena","Bolívar",2006,"Congreso",NA,NA,NA,"PL. LOS COCHES PL.  LA  ADUAN",18831,7721,26552,78
"1112",13001,5001,"Cartagena","Bolívar",2006,"Congreso",NA,NA,NA,"PALACIO DE LA PROCLAMACION",28,7675,7703,23
"1113",13001,5001,"Cartagena","Bolívar",2006,"Congreso",NA,NA,NA,"CONC. MIXTA ANTONIA SANTOS",6943,5974,12917,38
"1114",13001,5001,"Cartagena","Bolívar",2006,"Congreso",NA,NA,NA,"INST. FEMENINO PROM. SOCIAL",8076,6392,14468,43
"1115",13001,5001,"Cartagena","Bolívar",2006,"Congreso",NA,NA,NA,"COLEGIO COMFAMILIAR",2072,1605,3677,11
"1116",13001,5001,"Cartagena","Bolívar",2006,"Congreso",NA,NA,NA,"COL. JHON F. KENNEDY",6730,5488,12218,36
"1117",13001,5001,"Cartagena","Bolívar",2006,"Congreso",NA,NA,NA,"ESC. ANA MARIA PEREZ OTERO",5498,4392,9890,29
"1118",13001,5001,"Cartagena","Bolívar",2006,"Congreso",NA,NA,NA,"PUESTO CENSO",35980,0,35980,46
"1119",13001,5001,"Cartagena","Bolívar",2006,"Congreso",NA,NA,NA,"PUESTO CENSO",0,27312,27312,35
"1120",13001,5001,"Cartagena","Bolívar",2006,"Congreso",NA,NA,NA,"CARCEL DISTRITAL DE TERNERA",14,160,174,1
"1121",13001,5001,"Cartagena","Bolívar",2006,"Congreso",NA,NA,NA,"CARCEL DISTRITAL SAN DIEGO",15,14,29,1
"1122",13001,5001,"Cartagena","Bolívar",2006,"Congreso",NA,NA,NA,"ARROYO GRANDE",577,613,1190,4
"1123",13001,5001,"Cartagena","Bolívar",2006,"Congreso",NA,NA,NA,"ARCHIPIELAGO DE SAN BERNARDO",116,157,273,1
"1124",13001,5001,"Cartagena","Bolívar",2006,"Congreso",NA,NA,NA,"ARROYO DE PIEDRA",464,540,1004,3
"1125",13001,5001,"Cartagena","Bolívar",2006,"Congreso",NA,NA,NA,"BARU",478,548,1026,3
"1126",13001,5001,"Cartagena","Bolívar",2006,"Congreso",NA,NA,NA,"BAYUNCA",2739,2742,5481,16
"1127",13001,5001,"Cartagena","Bolívar",2006,"Congreso",NA,NA,NA,"BOCACHICA",1598,1614,3212,10
"1128",13001,5001,"Cartagena","Bolívar",2006,"Congreso",NA,NA,NA,"CA/O DE LORO",784,881,1665,5
"1129",13001,5001,"Cartagena","Bolívar",2006,"Congreso",NA,NA,NA,"ISLA FUERTE",242,286,528,2
"1130",13001,5001,"Cartagena","Bolívar",2006,"Congreso",NA,NA,NA,"ISLAS DEL ROSARIO",166,215,381,2
"1131",13001,5001,"Cartagena","Bolívar",2006,"Congreso",NA,NA,NA,"LA BOQUILLA",2675,2644,5319,16
"1132",13001,5001,"Cartagena","Bolívar",2006,"Congreso",NA,NA,NA,"PASACABALLOS",2647,2814,5461,16
"1133",13001,5001,"Cartagena","Bolívar",2006,"Congreso",NA,NA,NA,"PONTEZUELA",461,537,998,3
"1134",13001,5001,"Cartagena","Bolívar",2006,"Congreso",NA,NA,NA,"PUNTA CANOA",231,263,494,2
"1135",13001,5001,"Cartagena","Bolívar",2006,"Congreso",NA,NA,NA,"SANTA ANA",1229,1270,2499,8
"1136",13001,5001,"Cartagena","Bolívar",2006,"Congreso",NA,NA,NA,"TIERRABOMBA",636,628,1264,4
"1137",13006,5004,"Achí","Bolívar",2006,"Congreso",NA,NA,NA,NA,1848,2379,4227,13
"1138",13006,5004,"Achí","Bolívar",2006,"Congreso",NA,NA,NA,"BOYACA",119,171,290,1
"1139",13006,5004,"Achí","Bolívar",2006,"Congreso",NA,NA,NA,"BUENAVISTA",180,218,398,2
"1140",13006,5004,"Achí","Bolívar",2006,"Congreso",NA,NA,NA,"BUENOS AIRES",84,131,215,1
"1141",13006,5004,"Achí","Bolívar",2006,"Congreso",NA,NA,NA,"CENTRO ALEGRE",112,166,278,1
"1142",13006,5004,"Achí","Bolívar",2006,"Congreso",NA,NA,NA,"EL ALGARROBO",99,139,238,1
"1143",13006,5004,"Achí","Bolívar",2006,"Congreso",NA,NA,NA,"EL GALLEGO",124,171,295,1
"1144",13006,5004,"Achí","Bolívar",2006,"Congreso",NA,NA,NA,"GUACAMAYO",241,382,623,2
"1145",13006,5004,"Achí","Bolívar",2006,"Congreso",NA,NA,NA,"GUAMO",125,182,307,1
"1146",13006,5004,"Achí","Bolívar",2006,"Congreso",NA,NA,NA,"LOS NISPEROS",146,180,326,1
"1147",13006,5004,"Achí","Bolívar",2006,"Congreso",NA,NA,NA,"NUEVA ESPERANZA",127,169,296,1
"1148",13006,5004,"Achí","Bolívar",2006,"Congreso",NA,NA,NA,"PALENQUILLO",68,93,161,1
"1149",13006,5004,"Achí","Bolívar",2006,"Congreso",NA,NA,NA,"PAYANDE",111,140,251,1
"1150",13006,5004,"Achí","Bolívar",2006,"Congreso",NA,NA,NA,"PLAYA ALTA",471,776,1247,4
"1151",13006,5004,"Achí","Bolívar",2006,"Congreso",NA,NA,NA,"PUERTO VENECIA",188,250,438,2
"1152",13006,5004,"Achí","Bolívar",2006,"Congreso",NA,NA,NA,"PUERTO ISABEL",121,177,298,1
"1153",13006,5004,"Achí","Bolívar",2006,"Congreso",NA,NA,NA,"PROVIDENCIA",141,171,312,1
"1154",13006,5004,"Achí","Bolívar",2006,"Congreso",NA,NA,NA,"RIONEGRO",161,249,410,2
"1155",13006,5004,"Achí","Bolívar",2006,"Congreso",NA,NA,NA,"SANTA LUCIA",145,217,362,2
"1156",13006,5004,"Achí","Bolívar",2006,"Congreso",NA,NA,NA,"TACUYALTA",99,166,265,1
"1157",13006,5004,"Achí","Bolívar",2006,"Congreso",NA,NA,NA,"TRES CRUCES",283,355,638,2
"1158",13042,5005,"Arenal","Bolívar",2006,"Congreso",NA,NA,NA,NA,1422,1753,3175,10
"1159",13042,5005,"Arenal","Bolívar",2006,"Congreso",NA,NA,NA,"BUENAVISTA",245,311,556,2
"1160",13042,5005,"Arenal","Bolívar",2006,"Congreso",NA,NA,NA,"CARNIZALA",68,76,144,1
"1161",13042,5005,"Arenal","Bolívar",2006,"Congreso",NA,NA,NA,"SAN RAFAEL",96,151,247,1
"1162",13030,5006,"Altos del Rosario","Bolívar",2006,"Congreso",NA,NA,NA,NA,1333,1653,2986,9
"1163",13030,5006,"Altos del Rosario","Bolívar",2006,"Congreso",NA,NA,NA,"EL RUBIO",87,136,223,1
"1164",13030,5006,"Altos del Rosario","Bolívar",2006,"Congreso",NA,NA,NA,"LA PACHA",502,679,1181,4
"1165",13030,5006,"Altos del Rosario","Bolívar",2006,"Congreso",NA,NA,NA,"SAN ISIDRO",135,208,343,1
"1166",13030,5006,"Altos del Rosario","Bolívar",2006,"Congreso",NA,NA,NA,"SANTA LUCIA",46,79,125,1
"1167",13052,5007,"Arjona","Bolívar",2006,"Congreso",NA,NA,NA,"ESC. REPUBLICA DE COLOMBIA",1459,1641,3100,10
"1168",13052,5007,"Arjona","Bolívar",2006,"Congreso",NA,NA,NA,"COL. BENJAMIN HERRERA",3659,3277,6936,21
"1169",13052,5007,"Arjona","Bolívar",2006,"Congreso",NA,NA,NA,"INST.EDUC.CATALINA HERRERA",1550,2021,3571,11
"1170",13052,5007,"Arjona","Bolívar",2006,"Congreso",NA,NA,NA,"ESC.FCO.DE PAULA SANTANDER",2378,2267,4645,14
"1171",13052,5007,"Arjona","Bolívar",2006,"Congreso",NA,NA,NA,"ESC.MIXTA ANGELA DORADO",2306,1300,3606,11
"1172",13052,5007,"Arjona","Bolívar",2006,"Congreso",NA,NA,NA,"PUESTO CENSO",5178,5178,10356,14
"1173",13052,5007,"Arjona","Bolívar",2006,"Congreso",NA,NA,NA,"PUERTO BADEL (CA/O SALADO)",432,559,991,3
"1174",13052,5007,"Arjona","Bolívar",2006,"Congreso",NA,NA,NA,"GAMBOTE",405,488,893,3
"1175",13052,5007,"Arjona","Bolívar",2006,"Congreso",NA,NA,NA,"ROCHA",708,789,1497,5
"1176",13052,5007,"Arjona","Bolívar",2006,"Congreso",NA,NA,NA,"SINCERIN",794,828,1622,5
"1177",13062,5009,"Arroyohondo","Bolívar",2006,"Congreso",NA,NA,NA,NA,1380,1583,2963,9
"1178",13062,5009,"Arroyohondo","Bolívar",2006,"Congreso",NA,NA,NA,"MACHADO",188,220,408,2
"1179",13062,5009,"Arroyohondo","Bolívar",2006,"Congreso",NA,NA,NA,"MONROY",91,115,206,1
"1180",13062,5009,"Arroyohondo","Bolívar",2006,"Congreso",NA,NA,NA,"PILON",138,143,281,1
"1181",13062,5009,"Arroyohondo","Bolívar",2006,"Congreso",NA,NA,NA,"SATO",172,202,374,2
"1182",13062,5009,"Arroyohondo","Bolívar",2006,"Congreso",NA,NA,NA,"SAN FRANCISCO",62,74,136,1
"1183",13062,5009,"Arroyohondo","Bolívar",2006,"Congreso",NA,NA,NA,"SOLABANDA",0,0,0,0
"1184",13074,5010,"Barranco de Loba","Bolívar",2006,"Congreso",NA,NA,NA,NA,2313,2782,5095,15
"1185",13074,5010,"Barranco de Loba","Bolívar",2006,"Congreso",NA,NA,NA,"LOS CERRITOS",381,496,877,3
"1186",13074,5010,"Barranco de Loba","Bolívar",2006,"Congreso",NA,NA,NA,"RIONUEVO",174,216,390,2
"1187",13074,5010,"Barranco de Loba","Bolívar",2006,"Congreso",NA,NA,NA,"SAN ANTONIO",370,427,797,3
"1188",13074,5010,"Barranco de Loba","Bolívar",2006,"Congreso",NA,NA,NA,"LAS MINAS DE SANTA CRUZ",223,360,583,2
"1189",13074,5010,"Barranco de Loba","Bolívar",2006,"Congreso",NA,NA,NA,"LAS DELICIAS",125,226,351,2
"1190",13074,5010,"Barranco de Loba","Bolívar",2006,"Congreso",NA,NA,NA,"PUEBLITO MEJIA",177,508,685,2
"1191",13140,5013,"Calamar","Bolívar",2006,"Congreso",NA,NA,NA,NA,4314,4472,8786,26
"1192",13140,5013,"Calamar","Bolívar",2006,"Congreso",NA,NA,NA,"BARRANCA NUEVA",619,682,1301,4
"1193",13140,5013,"Calamar","Bolívar",2006,"Congreso",NA,NA,NA,"BARRANCA VIEJA",363,413,776,3
"1194",13140,5013,"Calamar","Bolívar",2006,"Congreso",NA,NA,NA,"HATO VIEJO",914,1166,2080,7
"1195",13140,5013,"Calamar","Bolívar",2006,"Congreso",NA,NA,NA,"SAN PEDRITO",35,37,72,1
"1196",13140,5013,"Calamar","Bolívar",2006,"Congreso",NA,NA,NA,"YUCAL",390,460,850,3
"1197",13160,5014,"Cantagallo","Bolívar",2006,"Congreso",NA,NA,NA,NA,1577,1845,3422,10
"1198",13160,5014,"Cantagallo","Bolívar",2006,"Congreso",NA,NA,NA,"BRISAS DE BOLIVAR",0,0,0,0
"1199",13160,5014,"Cantagallo","Bolívar",2006,"Congreso",NA,NA,NA,"LAVICTORIA",0,0,0,0
"1200",13160,5014,"Cantagallo","Bolívar",2006,"Congreso",NA,NA,NA,"SAN LORENZO",301,506,807,3
"1201",13188,5015,"Cicuco","Bolívar",2006,"Congreso",NA,NA,NA,NA,2161,2354,4515,14
"1202",13188,5015,"Cicuco","Bolívar",2006,"Congreso",NA,NA,NA,"CAMPO SERENO",67,69,136,1
"1203",13188,5015,"Cicuco","Bolívar",2006,"Congreso",NA,NA,NA,"LA PE/A",318,426,744,3
"1204",13188,5015,"Cicuco","Bolívar",2006,"Congreso",NA,NA,NA,"SAN FRANCISCO DE LOBA",446,524,970,3
"1205",13188,5015,"Cicuco","Bolívar",2006,"Congreso",NA,NA,NA,"SAN JAVIER",64,119,183,1
"1206",13212,5016,"Córdoba","Bolívar",2006,"Congreso",NA,NA,NA,NA,1712,2160,3872,12
"1207",13212,5016,"Córdoba","Bolívar",2006,"Congreso",NA,NA,NA,"GUAIMARAL",440,595,1035,4
"1208",13212,5016,"Córdoba","Bolívar",2006,"Congreso",NA,NA,NA,"SAN ANDRES",539,751,1290,4
"1209",13212,5016,"Córdoba","Bolívar",2006,"Congreso",NA,NA,NA,"SINCELEJITO",222,292,514,2
"1210",13212,5016,"Córdoba","Bolívar",2006,"Congreso",NA,NA,NA,"TACAMOCHO",553,652,1205,4
"1211",13212,5016,"Córdoba","Bolívar",2006,"Congreso",NA,NA,NA,"MARTIN ALONZO",262,393,655,2
"1212",13212,5016,"Córdoba","Bolívar",2006,"Congreso",NA,NA,NA,"PUEBLO NUEVO",190,261,451,2
"1213",13212,5016,"Córdoba","Bolívar",2006,"Congreso",NA,NA,NA,"SANTA LUCIA",125,192,317,1
"1214",13212,5016,"Córdoba","Bolívar",2006,"Congreso",NA,NA,NA,"TACAMOCHITO",149,208,357,2
"1215",13222,5018,"Clemencia","Bolívar",2006,"Congreso",NA,NA,NA,NA,3881,3889,7770,23
"1216",13222,5018,"Clemencia","Bolívar",2006,"Congreso",NA,NA,NA,"EL PE/IQUE",162,203,365,2
"1217",13222,5018,"Clemencia","Bolívar",2006,"Congreso",NA,NA,NA,"LAS CARAS",294,349,643,2
"1218",13244,5022,"El Carmen de Bolívar","Bolívar",2006,"Congreso",NA,NA,NA,"INST.EDUC.JULIO CESAR TURBAY",3460,7689,11149,33
"1219",13244,5022,"El Carmen de Bolívar","Bolívar",2006,"Congreso",NA,NA,NA,"PLAZA ESPIRITU SANTO",5095,2250,7345,22
"1220",13244,5022,"El Carmen de Bolívar","Bolívar",2006,"Congreso",NA,NA,NA,"COMEDOR INFANTIL BAX",727,752,1479,5
"1221",13244,5022,"El Carmen de Bolívar","Bolívar",2006,"Congreso",NA,NA,NA,"INST.EDUC.EDMUNDO MENDOZA",2003,2025,4028,12
"1222",13244,5022,"El Carmen de Bolívar","Bolívar",2006,"Congreso",NA,NA,NA,"COLEGIO FACIO LINCE",2408,1973,4381,13
"1223",13244,5022,"El Carmen de Bolívar","Bolívar",2006,"Congreso",NA,NA,NA,"PUESTO CENSO",3972,3854,7826,10
"1224",13244,5022,"El Carmen de Bolívar","Bolívar",2006,"Congreso",NA,NA,NA,"BAJO GRANDE",110,210,320,1
"1225",13244,5022,"El Carmen de Bolívar","Bolívar",2006,"Congreso",NA,NA,NA,"CARACOLI",291,408,699,3
"1226",13244,5022,"El Carmen de Bolívar","Bolívar",2006,"Congreso",NA,NA,NA,"CENTRO ALEGRE",39,79,118,1
"1227",13244,5022,"El Carmen de Bolívar","Bolívar",2006,"Congreso",NA,NA,NA,"EL HOBO",192,329,521,2
"1228",13244,5022,"El Carmen de Bolívar","Bolívar",2006,"Congreso",NA,NA,NA,"EL SALADO",178,281,459,2
"1229",13244,5022,"El Carmen de Bolívar","Bolívar",2006,"Congreso",NA,NA,NA,"GUAMANGA",118,207,325,1
"1230",13244,5022,"El Carmen de Bolívar","Bolívar",2006,"Congreso",NA,NA,NA,"HATO NUEVO",200,274,474,2
"1231",13244,5022,"El Carmen de Bolívar","Bolívar",2006,"Congreso",NA,NA,NA,"JESUS DEL MONTE",86,138,224,1
"1232",13244,5022,"El Carmen de Bolívar","Bolívar",2006,"Congreso",NA,NA,NA,"CANZONA",114,205,319,1
"1233",13244,5022,"El Carmen de Bolívar","Bolívar",2006,"Congreso",NA,NA,NA,"LA SIERRA",58,84,142,1
"1234",13244,5022,"El Carmen de Bolívar","Bolívar",2006,"Congreso",NA,NA,NA,"MACAYEPO",107,195,302,1
"1235",13244,5022,"El Carmen de Bolívar","Bolívar",2006,"Congreso",NA,NA,NA,"LAZARO",89,179,268,1
"1236",13244,5022,"El Carmen de Bolívar","Bolívar",2006,"Congreso",NA,NA,NA,"ARENAS",60,89,149,1
"1237",13244,5022,"El Carmen de Bolívar","Bolívar",2006,"Congreso",NA,NA,NA,"RAIZAL SANTA LUCIA",134,213,347,2
"1238",13244,5022,"El Carmen de Bolívar","Bolívar",2006,"Congreso",NA,NA,NA,"SAN CARLOS",76,160,236,1
"1239",13244,5022,"El Carmen de Bolívar","Bolívar",2006,"Congreso",NA,NA,NA,"SAN ISIDRO",260,409,669,2
"1240",13244,5022,"El Carmen de Bolívar","Bolívar",2006,"Congreso",NA,NA,NA,"SANTO DOMINGO DE MEZA",98,189,287,1
"1241",13244,5022,"El Carmen de Bolívar","Bolívar",2006,"Congreso",NA,NA,NA,"VERDUM",138,240,378,2
"1242",13248,5025,"El Guamo","Bolívar",2006,"Congreso",NA,NA,NA,NA,1530,1805,3335,10
"1243",13248,5025,"El Guamo","Bolívar",2006,"Congreso",NA,NA,NA,"LA ENEA",122,185,307,1
"1244",13248,5025,"El Guamo","Bolívar",2006,"Congreso",NA,NA,NA,"LATA",130,193,323,1
"1245",13248,5025,"El Guamo","Bolívar",2006,"Congreso",NA,NA,NA,"NERVITI",256,380,636,2
"1246",13248,5025,"El Guamo","Bolívar",2006,"Congreso",NA,NA,NA,"ROBLES",424,545,969,3
"1247",13248,5025,"El Guamo","Bolívar",2006,"Congreso",NA,NA,NA,"TASAJERA",87,148,235,1
"1248",13300,5026,"Hatillo de Loba","Bolívar",2006,"Congreso",NA,NA,NA,NA,1070,1360,2430,8
"1249",13300,5026,"Hatillo de Loba","Bolívar",2006,"Congreso",NA,NA,NA,"CERRO DE LAS AGUADAS",73,91,164,1
"1250",13300,5026,"Hatillo de Loba","Bolívar",2006,"Congreso",NA,NA,NA,"EL POZON",117,157,274,1
"1251",13300,5026,"Hatillo de Loba","Bolívar",2006,"Congreso",NA,NA,NA,"JUANA SANCHEZ",367,463,830,3
"1252",13300,5026,"Hatillo de Loba","Bolívar",2006,"Congreso",NA,NA,NA,"LA RIBONA",311,399,710,3
"1253",13300,5026,"Hatillo de Loba","Bolívar",2006,"Congreso",NA,NA,NA,"LA VICTORIA",556,799,1355,4
"1254",13300,5026,"Hatillo de Loba","Bolívar",2006,"Congreso",NA,NA,NA,"LAS BRISAS",95,126,221,1
"1255",13300,5026,"Hatillo de Loba","Bolívar",2006,"Congreso",NA,NA,NA,"PUEBLO NUEVO",96,166,262,1
"1256",13300,5026,"Hatillo de Loba","Bolívar",2006,"Congreso",NA,NA,NA,"SAN MIGUEL",656,899,1555,5
"1257",13268,5027,"El Peñón","Bolívar",2006,"Congreso",NA,NA,NA,NA,1292,1414,2706,8
"1258",13268,5027,"El Peñón","Bolívar",2006,"Congreso",NA,NA,NA,"BUENOS AIRES",132,220,352,2
"1259",13268,5027,"El Peñón","Bolívar",2006,"Congreso",NA,NA,NA,"CASTA/AL",179,193,372,2
"1260",13268,5027,"El Peñón","Bolívar",2006,"Congreso",NA,NA,NA,"CHAPETONA",234,329,563,2
"1261",13268,5027,"El Peñón","Bolívar",2006,"Congreso",NA,NA,NA,"LA HUMAREDA",89,142,231,1
"1262",13268,5027,"El Peñón","Bolívar",2006,"Congreso",NA,NA,NA,"EL JAPON",82,113,195,1
"1263",13268,5027,"El Peñón","Bolívar",2006,"Congreso",NA,NA,NA,"PE/ONCITO",322,364,686,2
"1264",13430,5028,"Magangué","Bolívar",2006,"Congreso",NA,NA,NA,"COLEGIO LICEO MODERNO",3221,3697,6918,21
"1265",13430,5028,"Magangué","Bolívar",2006,"Congreso",NA,NA,NA,"ESC. COMUNAL VERSALLES",4451,2863,7314,22
"1266",13430,5028,"Magangué","Bolívar",2006,"Congreso",NA,NA,NA,"COLEGIO DPTAL YATI",1218,1234,2452,8
"1267",13430,5028,"Magangué","Bolívar",2006,"Congreso",NA,NA,NA,"INST.EDUC.SAN JOSE N.1",3946,3228,7174,21
"1268",13430,5028,"Magangué","Bolívar",2006,"Congreso",NA,NA,NA,"LICEO EVANG. INTERAMERICANO",3649,2995,6644,20
"1269",13430,5028,"Magangué","Bolívar",2006,"Congreso",NA,NA,NA,"LICEO JOAQUIN FDO. VELEZ",2311,2025,4336,13
"1270",13430,5028,"Magangué","Bolívar",2006,"Congreso",NA,NA,NA,"ESC. OFICIAL CAMILO TORRES",1015,955,1970,6
"1271",13430,5028,"Magangué","Bolívar",2006,"Congreso",NA,NA,NA,"PUESTO CENSO",6732,7174,13906,18
"1272",13430,5028,"Magangué","Bolívar",2006,"Congreso",NA,NA,NA,"CARCEL",1,30,31,1
"1273",13430,5028,"Magangué","Bolívar",2006,"Congreso",NA,NA,NA,"BARBOSA",482,610,1092,4
"1274",13430,5028,"Magangué","Bolívar",2006,"Congreso",NA,NA,NA,"BARRANCO DE YUCA",601,711,1312,4
"1275",13430,5028,"Magangué","Bolívar",2006,"Congreso",NA,NA,NA,"BETANIA",178,217,395,2
"1276",13430,5028,"Magangué","Bolívar",2006,"Congreso",NA,NA,NA,"BOCAS DE SAN ANTONIO",173,223,396,2
"1277",13430,5028,"Magangué","Bolívar",2006,"Congreso",NA,NA,NA,"CASCAJAL",1375,1432,2807,9
"1278",13430,5028,"Magangué","Bolívar",2006,"Congreso",NA,NA,NA,"CEIBAL",280,363,643,2
"1279",13430,5028,"Magangué","Bolívar",2006,"Congreso",NA,NA,NA,"COYONGAL",268,344,612,2
"1280",13430,5028,"Magangué","Bolívar",2006,"Congreso",NA,NA,NA,"EL CUATRO",292,309,601,2
"1281",13430,5028,"Magangué","Bolívar",2006,"Congreso",NA,NA,NA,"GUAZO",214,255,469,2
"1282",13430,5028,"Magangué","Bolívar",2006,"Congreso",NA,NA,NA,"HENEQUEN",593,687,1280,4
"1283",13430,5028,"Magangué","Bolívar",2006,"Congreso",NA,NA,NA,"EMAUS",231,164,395,2
"1284",13430,5028,"Magangué","Bolívar",2006,"Congreso",NA,NA,NA,"ISLA GRANDE",381,431,812,3
"1285",13430,5028,"Magangué","Bolívar",2006,"Congreso",NA,NA,NA,"JUAN ARIAS",655,680,1335,4
"1286",13430,5028,"Magangué","Bolívar",2006,"Congreso",NA,NA,NA,"LA PASCUALA",460,621,1081,4
"1287",13430,5028,"Magangué","Bolívar",2006,"Congreso",NA,NA,NA,"LAS BRISAS",183,234,417,2
"1288",13430,5028,"Magangué","Bolívar",2006,"Congreso",NA,NA,NA,"MADRID",416,522,938,3
"1289",13430,5028,"Magangué","Bolívar",2006,"Congreso",NA,NA,NA,"PANSEGUITA",255,292,547,2
"1290",13430,5028,"Magangué","Bolívar",2006,"Congreso",NA,NA,NA,"PALMARITO",198,276,474,2
"1291",13430,5028,"Magangué","Bolívar",2006,"Congreso",NA,NA,NA,"PI/ALITO",371,461,832,3
"1292",13430,5028,"Magangué","Bolívar",2006,"Congreso",NA,NA,NA,"PLAYA DE LAS FLORES",146,235,381,2
"1293",13430,5028,"Magangué","Bolívar",2006,"Congreso",NA,NA,NA,"PUERTO KENNEDY",179,214,393,2
"1294",13430,5028,"Magangué","Bolívar",2006,"Congreso",NA,NA,NA,"PUNTA DE CARTAGENA",148,231,379,2
"1295",13430,5028,"Magangué","Bolívar",2006,"Congreso",NA,NA,NA,"EL RETIRO",556,677,1233,4
"1296",13430,5028,"Magangué","Bolívar",2006,"Congreso",NA,NA,NA,"ROMA",70,82,152,1
"1297",13430,5028,"Magangué","Bolívar",2006,"Congreso",NA,NA,NA,"SAN ANTO/ITO",161,182,343,1
"1298",13430,5028,"Magangué","Bolívar",2006,"Congreso",NA,NA,NA,"SAN JOSE DE LAS MARTAS",225,303,528,2
"1299",13430,5028,"Magangué","Bolívar",2006,"Congreso",NA,NA,NA,"SAN RAFAEL DE CORTINA",393,442,835,3
"1300",13430,5028,"Magangué","Bolívar",2006,"Congreso",NA,NA,NA,"SAN SEBASTIAN DE BUENAVISTA",273,329,602,2
"1301",13430,5028,"Magangué","Bolívar",2006,"Congreso",NA,NA,NA,"SANTA COITA",68,117,185,1
"1302",13430,5028,"Magangué","Bolívar",2006,"Congreso",NA,NA,NA,"SANTA FE",537,605,1142,4
"1303",13430,5028,"Magangué","Bolívar",2006,"Congreso",NA,NA,NA,"SANTA LUCIA",325,391,716,3
"1304",13430,5028,"Magangué","Bolívar",2006,"Congreso",NA,NA,NA,"SANTA MONICA",136,193,329,1
"1305",13430,5028,"Magangué","Bolívar",2006,"Congreso",NA,NA,NA,"SANTA PABLA",139,210,349,2
"1306",13430,5028,"Magangué","Bolívar",2006,"Congreso",NA,NA,NA,"SITIONUEVO",333,439,772,3
"1307",13430,5028,"Magangué","Bolívar",2006,"Congreso",NA,NA,NA,"TACALOA",275,404,679,2
"1308",13430,5028,"Magangué","Bolívar",2006,"Congreso",NA,NA,NA,"TACASALUMA",350,421,771,3
"1309",13430,5028,"Magangué","Bolívar",2006,"Congreso",NA,NA,NA,"TRES PUNTAS",140,189,329,1
"1310",13430,5028,"Magangué","Bolívar",2006,"Congreso",NA,NA,NA,"TOLU",123,211,334,1
"1311",13430,5028,"Magangué","Bolívar",2006,"Congreso",NA,NA,NA,"LA VENTURA",389,457,846,3
"1312",13430,5028,"Magangué","Bolívar",2006,"Congreso",NA,NA,NA,"ZABANETA",111,159,270,1
"1313",13433,5031,"Mahates","Bolívar",2006,"Congreso",NA,NA,NA,NA,3795,3896,7691,23
"1314",13433,5031,"Mahates","Bolívar",2006,"Congreso",NA,NA,NA,"EVITAR",496,568,1064,4
"1315",13433,5031,"Mahates","Bolívar",2006,"Congreso",NA,NA,NA,"GAMERO",284,327,611,2
"1316",13433,5031,"Mahates","Bolívar",2006,"Congreso",NA,NA,NA,"MALAGANA",1627,1744,3371,10
"1317",13433,5031,"Mahates","Bolívar",2006,"Congreso",NA,NA,NA,"MANDINGA",145,197,342,1
"1318",13433,5031,"Mahates","Bolívar",2006,"Congreso",NA,NA,NA,"SAN BASILIO DEL PALENQUE",729,732,1461,5
"1319",13433,5031,"Mahates","Bolívar",2006,"Congreso",NA,NA,NA,"SAN JOAQUIN",283,383,666,2
"1320",13440,5037,"Margarita","Bolívar",2006,"Congreso",NA,NA,NA,NA,966,1258,2224,7
"1321",13440,5037,"Margarita","Bolívar",2006,"Congreso",NA,NA,NA,"BOTON DE LEIVA",231,285,516,2
"1322",13440,5037,"Margarita","Bolívar",2006,"Congreso",NA,NA,NA,"CAUSADO",131,157,288,1
"1323",13440,5037,"Margarita","Bolívar",2006,"Congreso",NA,NA,NA,"CANTERA",120,156,276,1
"1324",13440,5037,"Margarita","Bolívar",2006,"Congreso",NA,NA,NA,"CA/O MONO",67,110,177,1
"1325",13440,5037,"Margarita","Bolívar",2006,"Congreso",NA,NA,NA,"COROCITO",148,210,358,2
"1326",13440,5037,"Margarita","Bolívar",2006,"Congreso",NA,NA,NA,"CHILLOA",269,353,622,2
"1327",13440,5037,"Margarita","Bolívar",2006,"Congreso",NA,NA,NA,"DO/A JUANA",148,183,331,1
"1328",13440,5037,"Margarita","Bolívar",2006,"Congreso",NA,NA,NA,"GUATACA SUR",338,471,809,3
"1329",13440,5037,"Margarita","Bolívar",2006,"Congreso",NA,NA,NA,"LA MONTA/A",121,152,273,1
"1330",13440,5037,"Margarita","Bolívar",2006,"Congreso",NA,NA,NA,"MAMONCITO",351,398,749,3
"1331",13440,5037,"Margarita","Bolívar",2006,"Congreso",NA,NA,NA,"SAN JOSE",125,181,306,1
"1332",13440,5037,"Margarita","Bolívar",2006,"Congreso",NA,NA,NA,"SANDOVAL",167,202,369,2
"1333",13442,5040,"María La Baja","Bolívar",2006,"Congreso",NA,NA,NA,NA,7748,7872,15620,46
"1334",13442,5040,"María La Baja","Bolívar",2006,"Congreso",NA,NA,NA,"CORREA",224,305,529,2
"1335",13442,5040,"María La Baja","Bolívar",2006,"Congreso",NA,NA,NA,"EL NISPERO",424,495,919,3
"1336",13442,5040,"María La Baja","Bolívar",2006,"Congreso",NA,NA,NA,"FLAMENCO",350,433,783,3
"1337",13442,5040,"María La Baja","Bolívar",2006,"Congreso",NA,NA,NA,"LOS BELLOS",440,544,984,3
"1338",13442,5040,"María La Baja","Bolívar",2006,"Congreso",NA,NA,NA,"MAMPUJAN",195,258,453,2
"1339",13442,5040,"María La Baja","Bolívar",2006,"Congreso",NA,NA,NA,"MATUYA",300,363,663,2
"1340",13442,5040,"María La Baja","Bolívar",2006,"Congreso",NA,NA,NA,"NUEVA FLORIDA",636,749,1385,5
"1341",13442,5040,"María La Baja","Bolívar",2006,"Congreso",NA,NA,NA,"/ANGUMA",212,271,483,2
"1342",13442,5040,"María La Baja","Bolívar",2006,"Congreso",NA,NA,NA,"RETIRO NUEVO",665,742,1407,5
"1343",13442,5040,"María La Baja","Bolívar",2006,"Congreso",NA,NA,NA,"SAN JOSE DEL PLAYON",1025,1338,2363,7
"1344",13442,5040,"María La Baja","Bolívar",2006,"Congreso",NA,NA,NA,"SAN PABLO",1701,1776,3477,11
"1345",13458,5041,"Montecristo","Bolívar",2006,"Congreso",NA,NA,NA,NA,1149,1549,2698,8
"1346",13458,5041,"Montecristo","Bolívar",2006,"Congreso",NA,NA,NA,"BETANIA",79,160,239,1
"1347",13458,5041,"Montecristo","Bolívar",2006,"Congreso",NA,NA,NA,"EL PARAISO",36,192,228,1
"1348",13458,5041,"Montecristo","Bolívar",2006,"Congreso",NA,NA,NA,"EL DORADO",40,98,138,1
"1349",13458,5041,"Montecristo","Bolívar",2006,"Congreso",NA,NA,NA,"PLATANAL",17,38,55,1
"1350",13458,5041,"Montecristo","Bolívar",2006,"Congreso",NA,NA,NA,"PUEBLO LINDO",144,245,389,2
"1351",13458,5041,"Montecristo","Bolívar",2006,"Congreso",NA,NA,NA,"PUERTO ESPA/A",40,70,110,1
"1352",13458,5041,"Montecristo","Bolívar",2006,"Congreso",NA,NA,NA,"REGENERACION",177,321,498,2
"1353",13458,5041,"Montecristo","Bolívar",2006,"Congreso",NA,NA,NA,"SAN AGUSTIN",130,215,345,2
"1354",13458,5041,"Montecristo","Bolívar",2006,"Congreso",NA,NA,NA,"SAN MATEO",53,85,138,1
"1355",13458,5041,"Montecristo","Bolívar",2006,"Congreso",NA,NA,NA,"TABURETERA",50,79,129,1
"1356",13458,5041,"Montecristo","Bolívar",2006,"Congreso",NA,NA,NA,"VILLA URIBE",118,254,372,2
"1357",13468,5043,"Mompós","Bolívar",2006,"Congreso",NA,NA,NA,NA,9308,8660,17968,53
"1358",13468,5043,"Mompós","Bolívar",2006,"Congreso",NA,NA,NA,"CALDERA",184,215,399,2
"1359",13468,5043,"Mompós","Bolívar",2006,"Congreso",NA,NA,NA,"ANCON",162,221,383,2
"1360",13468,5043,"Mompós","Bolívar",2006,"Congreso",NA,NA,NA,"CANDELARIA",373,476,849,3
"1361",13468,5043,"Mompós","Bolívar",2006,"Congreso",NA,NA,NA,"EL CARMEN DE CICUCO",92,123,215,1
"1362",13468,5043,"Mompós","Bolívar",2006,"Congreso",NA,NA,NA,"EL ROSARIO",44,66,110,1
"1363",13468,5043,"Mompós","Bolívar",2006,"Congreso",NA,NA,NA,"BOMBA",59,71,130,1
"1364",13468,5043,"Mompós","Bolívar",2006,"Congreso",NA,NA,NA,"GUAIMARAL",237,325,562,2
"1365",13468,5043,"Mompós","Bolívar",2006,"Congreso",NA,NA,NA,"GUATACA",540,621,1161,4
"1366",13468,5043,"Mompós","Bolívar",2006,"Congreso",NA,NA,NA,"LA LOBATA",177,234,411,2
"1367",13468,5043,"Mompós","Bolívar",2006,"Congreso",NA,NA,NA,"LA RINCONADA",519,614,1133,4
"1368",13468,5043,"Mompós","Bolívar",2006,"Congreso",NA,NA,NA,"LA JAGUA",45,67,112,1
"1369",13468,5043,"Mompós","Bolívar",2006,"Congreso",NA,NA,NA,"LA TRAVESIA",137,166,303,1
"1370",13468,5043,"Mompós","Bolívar",2006,"Congreso",NA,NA,NA,"LAS BOQUILLAS",484,569,1053,4
"1371",13468,5043,"Mompós","Bolívar",2006,"Congreso",NA,NA,NA,"LOMA DE SIMON",251,288,539,2
"1372",13468,5043,"Mompós","Bolívar",2006,"Congreso",NA,NA,NA,"LOS PI/ONES",189,218,407,2
"1373",13468,5043,"Mompós","Bolívar",2006,"Congreso",NA,NA,NA,"PUEBLO NUEVO",88,128,216,1
"1374",13468,5043,"Mompós","Bolívar",2006,"Congreso",NA,NA,NA,"SAN IGNACIO",188,239,427,2
"1375",13468,5043,"Mompós","Bolívar",2006,"Congreso",NA,NA,NA,"SAN LUIS",60,77,137,1
"1376",13468,5043,"Mompós","Bolívar",2006,"Congreso",NA,NA,NA,"SAN NICOLAS",150,215,365,2
"1377",13468,5043,"Mompós","Bolívar",2006,"Congreso",NA,NA,NA,"SANTA CRUZ",482,562,1044,4
"1378",13468,5043,"Mompós","Bolívar",2006,"Congreso",NA,NA,NA,"SANTA ELENA",74,114,188,1
"1379",13468,5043,"Mompós","Bolívar",2006,"Congreso",NA,NA,NA,"SANTA ROSA",137,179,316,1
"1380",13468,5043,"Mompós","Bolívar",2006,"Congreso",NA,NA,NA,"SANTA TERESITA",328,374,702,3
"1381",13468,5043,"Mompós","Bolívar",2006,"Congreso",NA,NA,NA,"VILLANUEVA",43,63,106,1
"1382",13473,5044,"Morales","Bolívar",2006,"Congreso",NA,NA,NA,NA,2353,2854,5207,16
"1383",13473,5044,"Morales","Bolívar",2006,"Congreso",NA,NA,NA,"BOCA DE LA HONDA",90,125,215,1
"1384",13473,5044,"Morales","Bolívar",2006,"Congreso",NA,NA,NA,"BODEGA CENTRAL",318,408,726,3
"1385",13473,5044,"Morales","Bolívar",2006,"Congreso",NA,NA,NA,"EL DIQUE",310,388,698,3
"1386",13473,5044,"Morales","Bolívar",2006,"Congreso",NA,NA,NA,"CORCOBADO",99,218,317,1
"1387",13473,5044,"Morales","Bolívar",2006,"Congreso",NA,NA,NA,"LA PALMA",164,187,351,2
"1388",13473,5044,"Morales","Bolívar",2006,"Congreso",NA,NA,NA,"LA ESMERALDA",85,91,176,1
"1389",13473,5044,"Morales","Bolívar",2006,"Congreso",NA,NA,NA,"LAS PAILAS",134,178,312,1
"1390",13473,5044,"Morales","Bolívar",2006,"Congreso",NA,NA,NA,"MICOAHUMADO",137,334,471,2
"1391",13473,5044,"Morales","Bolívar",2006,"Congreso",NA,NA,NA,"MINA GALLO",40,77,117,1
"1392",13473,5044,"Morales","Bolívar",2006,"Congreso",NA,NA,NA,"PAREDES DE ORORIA",42,50,92,1
"1393",13549,5059,"Pinillos","Bolívar",2006,"Congreso",NA,NA,NA,NA,1600,1907,3507,11
"1394",13549,5059,"Pinillos","Bolívar",2006,"Congreso",NA,NA,NA,"ARMENIA",436,552,988,3
"1395",13549,5059,"Pinillos","Bolívar",2006,"Congreso",NA,NA,NA,"BUENOS AIRES",63,75,138,1
"1396",13549,5059,"Pinillos","Bolívar",2006,"Congreso",NA,NA,NA,"EL LIBANO",69,80,149,1
"1397",13549,5059,"Pinillos","Bolívar",2006,"Congreso",NA,NA,NA,"LA RUFINA",94,142,236,1
"1398",13549,5059,"Pinillos","Bolívar",2006,"Congreso",NA,NA,NA,"LA UNION",77,112,189,1
"1399",13549,5059,"Pinillos","Bolívar",2006,"Congreso",NA,NA,NA,"LAS CONCHITAS",341,476,817,3
"1400",13549,5059,"Pinillos","Bolívar",2006,"Congreso",NA,NA,NA,"LAS FLORES",226,302,528,2
"1401",13549,5059,"Pinillos","Bolívar",2006,"Congreso",NA,NA,NA,"LA UNION (CABECERA)",110,134,244,1
"1402",13549,5059,"Pinillos","Bolívar",2006,"Congreso",NA,NA,NA,"LA VICTORIA",90,115,205,1
"1403",13549,5059,"Pinillos","Bolívar",2006,"Congreso",NA,NA,NA,"MANTEQUERA",230,309,539,2
"1404",13549,5059,"Pinillos","Bolívar",2006,"Congreso",NA,NA,NA,"NICARAGUA",91,117,208,1
"1405",13549,5059,"Pinillos","Bolívar",2006,"Congreso",NA,NA,NA,"PALENQUITO",580,788,1368,4
"1406",13549,5059,"Pinillos","Bolívar",2006,"Congreso",NA,NA,NA,"PALOMINO",372,429,801,3
"1407",13549,5059,"Pinillos","Bolívar",2006,"Congreso",NA,NA,NA,"PUERTO LOPEZ",321,442,763,3
"1408",13549,5059,"Pinillos","Bolívar",2006,"Congreso",NA,NA,NA,"PUERTO NUEVO",70,101,171,1
"1409",13549,5059,"Pinillos","Bolívar",2006,"Congreso",NA,NA,NA,"PUERTO BELLO",85,101,186,1
"1410",13549,5059,"Pinillos","Bolívar",2006,"Congreso",NA,NA,NA,"SANTA COA",183,240,423,2
"1411",13549,5059,"Pinillos","Bolívar",2006,"Congreso",NA,NA,NA,"SAN FRANCISCO",77,118,195,1
"1412",13549,5059,"Pinillos","Bolívar",2006,"Congreso",NA,NA,NA,"SANTA ELENA (EL ESTOPAL)",52,73,125,1
"1413",13549,5059,"Pinillos","Bolívar",2006,"Congreso",NA,NA,NA,"SANTA ROSA",141,150,291,1
"1414",13549,5059,"Pinillos","Bolívar",2006,"Congreso",NA,NA,NA,"TAPOA",70,118,188,1
"1415",13549,5059,"Pinillos","Bolívar",2006,"Congreso",NA,NA,NA,"VIDA TRANQUILA",72,109,181,1
"1416",13549,5059,"Pinillos","Bolívar",2006,"Congreso",NA,NA,NA,"LOS LIMONES",140,188,328,1
"1417",13549,5059,"Pinillos","Bolívar",2006,"Congreso",NA,NA,NA,"MONTECELIO",66,106,172,1
"1418",13580,5063,"Regidor","Bolívar",2006,"Congreso",NA,NA,NA,NA,753,948,1701,5
"1419",13580,5063,"Regidor","Bolívar",2006,"Congreso",NA,NA,NA,"EL PIÑAL",47,54,101,1
"1420",13580,5063,"Regidor","Bolívar",2006,"Congreso",NA,NA,NA,"SAN ANTONIO",265,321,586,2
"1421",13580,5063,"Regidor","Bolívar",2006,"Congreso",NA,NA,NA,"SAN CAYETANO",117,131,248,1
"1422",13580,5063,"Regidor","Bolívar",2006,"Congreso",NA,NA,NA,"SANTA TERESA",221,282,503,2
"1423",13600,5065,"Río Viejo","Bolívar",2006,"Congreso",NA,NA,NA,NA,1657,2061,3718,11
"1424",13600,5065,"Río Viejo","Bolívar",2006,"Congreso",NA,NA,NA,"BUENA SE/A",82,171,253,1
"1425",13600,5065,"Río Viejo","Bolívar",2006,"Congreso",NA,NA,NA,"COBADILLO",91,138,229,1
"1426",13600,5065,"Río Viejo","Bolívar",2006,"Congreso",NA,NA,NA,"CASA DE BARRO",25,99,124,1
"1427",13600,5065,"Río Viejo","Bolívar",2006,"Congreso",NA,NA,NA,"CAIMITAL",120,196,316,1
"1428",13600,5065,"Río Viejo","Bolívar",2006,"Congreso",NA,NA,NA,"HATILLO",61,105,166,1
"1429",13600,5065,"Río Viejo","Bolívar",2006,"Congreso",NA,NA,NA,"MACEDONIA",84,136,220,1
"1430",13600,5065,"Río Viejo","Bolívar",2006,"Congreso",NA,NA,NA,"NOROSI",263,404,667,2
"1431",13600,5065,"Río Viejo","Bolívar",2006,"Congreso",NA,NA,NA,"OLIVARES",46,90,136,1
"1432",13600,5065,"Río Viejo","Bolívar",2006,"Congreso",NA,NA,NA,"SANTA ELENA",116,174,290,1
"1433",13647,5070,"San Estanislao","Bolívar",2006,"Congreso",NA,NA,NA,NA,4293,4487,8780,26
"1434",13647,5070,"San Estanislao","Bolívar",2006,"Congreso",NA,NA,NA,"BAYANO",44,61,105,1
"1435",13647,5070,"San Estanislao","Bolívar",2006,"Congreso",NA,NA,NA,"LAS PIEDRAS",1199,1280,2479,8
"1436",13620,5072,"San Cristóbal","Bolívar",2006,"Congreso",NA,NA,NA,NA,1833,1882,3715,11
"1437",13620,5072,"San Cristóbal","Bolívar",2006,"Congreso",NA,NA,NA,"HIGUERETAL",571,615,1186,4
"1438",13650,5073,"San Fernando","Bolívar",2006,"Congreso",NA,NA,NA,NA,940,1050,1990,6
"1439",13650,5073,"San Fernando","Bolívar",2006,"Congreso",NA,NA,NA,"GUASIMAL",204,236,440,2
"1440",13650,5073,"San Fernando","Bolívar",2006,"Congreso",NA,NA,NA,"EL PALMAR",123,170,293,1
"1441",13650,5073,"San Fernando","Bolívar",2006,"Congreso",NA,NA,NA,"EL GATO",61,96,157,1
"1442",13650,5073,"San Fernando","Bolívar",2006,"Congreso",NA,NA,NA,"MENCHIQUEJO",254,298,552,2
"1443",13650,5073,"San Fernando","Bolívar",2006,"Congreso",NA,NA,NA,"JOLON",56,69,125,1
"1444",13650,5073,"San Fernando","Bolívar",2006,"Congreso",NA,NA,NA,"PORVENIR",55,59,114,1
"1445",13650,5073,"San Fernando","Bolívar",2006,"Congreso",NA,NA,NA,"PUNTA DE HORNOS",224,303,527,2
"1446",13650,5073,"San Fernando","Bolívar",2006,"Congreso",NA,NA,NA,"SANTA ROSA",497,578,1075,4
"1447",13650,5073,"San Fernando","Bolívar",2006,"Congreso",NA,NA,NA,"EL CONTADERO",93,135,228,1
"1448",13650,5073,"San Fernando","Bolívar",2006,"Congreso",NA,NA,NA,"LA GUADUA",82,131,213,1
"1449",13650,5073,"San Fernando","Bolívar",2006,"Congreso",NA,NA,NA,"LAS CUEVAS",120,136,256,1
"1450",13650,5073,"San Fernando","Bolívar",2006,"Congreso",NA,NA,NA,"PAMPANILLO",75,97,172,1
"1451",13654,5076,"San Jacinto","Bolívar",2006,"Congreso",NA,NA,NA,NA,6977,7763,14740,43
"1452",13654,5076,"San Jacinto","Bolívar",2006,"Congreso",NA,NA,NA,"ARENAS",55,97,152,1
"1453",13654,5076,"San Jacinto","Bolívar",2006,"Congreso",NA,NA,NA,"BAJO GRANDE",59,44,103,1
"1454",13654,5076,"San Jacinto","Bolívar",2006,"Congreso",NA,NA,NA,"EL PARAISO",103,177,280,1
"1455",13654,5076,"San Jacinto","Bolívar",2006,"Congreso",NA,NA,NA,"LAS CHARQUITAS",17,42,59,1
"1456",13654,5076,"San Jacinto","Bolívar",2006,"Congreso",NA,NA,NA,"LAS PALMAS",194,232,426,2
"1457",13654,5076,"San Jacinto","Bolívar",2006,"Congreso",NA,NA,NA,"LAS MERCEDES",26,43,69,1
"1458",13654,5076,"San Jacinto","Bolívar",2006,"Congreso",NA,NA,NA,"SAN CRISTOBAL",68,87,155,1
"1459",13655,5078,"San Jacinto del Cauca","Bolívar",2006,"Congreso",NA,NA,NA,NA,956,1179,2135,7
"1460",13655,5078,"San Jacinto del Cauca","Bolívar",2006,"Congreso",NA,NA,NA,"ASTILLEROS",135,233,368,2
"1461",13655,5078,"San Jacinto del Cauca","Bolívar",2006,"Congreso",NA,NA,NA,"BERMUDEZ",103,189,292,1
"1462",13655,5078,"San Jacinto del Cauca","Bolívar",2006,"Congreso",NA,NA,NA,"CAIMETAL",78,112,190,1
"1463",13655,5078,"San Jacinto del Cauca","Bolívar",2006,"Congreso",NA,NA,NA,"GALINDO",258,383,641,2
"1464",13655,5078,"San Jacinto del Cauca","Bolívar",2006,"Congreso",NA,NA,NA,"LA RAYA",65,112,177,1
"1465",13655,5078,"San Jacinto del Cauca","Bolívar",2006,"Congreso",NA,NA,NA,"TENCHE",293,439,732,3
"1466",13655,5078,"San Jacinto del Cauca","Bolívar",2006,"Congreso",NA,NA,NA,"MEJICO",145,268,413,2
"1467",13657,5079,"San Juan Nepomuceno","Bolívar",2006,"Congreso",NA,NA,NA,"INS.ED.NORM.SUP.MONTES DE MAR",844,4277,5121,15
"1468",13657,5079,"San Juan Nepomuceno","Bolívar",2006,"Congreso",NA,NA,NA,"INS.ED.DIOGENES ARRIETA ARRIB",3623,435,4058,12
"1469",13657,5079,"San Juan Nepomuceno","Bolívar",2006,"Congreso",NA,NA,NA,"INS.ED.NOR.SUP.M.DE MARIA PRI",4241,1351,5592,17
"1470",13657,5079,"San Juan Nepomuceno","Bolívar",2006,"Congreso",NA,NA,NA,"INS.ED.LA FLORESTA SAN JOSE",995,4306,5301,16
"1471",13657,5079,"San Juan Nepomuceno","Bolívar",2006,"Congreso",NA,NA,NA,"CORRALITO",33,78,111,1
"1472",13657,5079,"San Juan Nepomuceno","Bolívar",2006,"Congreso",NA,NA,NA,"SAN PEDRO CONSOLADO",442,561,1003,3
"1473",13657,5079,"San Juan Nepomuceno","Bolívar",2006,"Congreso",NA,NA,NA,"LA HAYA",50,108,158,1
"1474",13657,5079,"San Juan Nepomuceno","Bolívar",2006,"Congreso",NA,NA,NA,"SAN JOSE DEL PE/ON",120,179,299,1
"1475",13657,5079,"San Juan Nepomuceno","Bolívar",2006,"Congreso",NA,NA,NA,"SAN AGUSTIN",120,197,317,1
"1476",13657,5079,"San Juan Nepomuceno","Bolívar",2006,"Congreso",NA,NA,NA,"SAN CAYETANO",1412,1678,3090,9
"1477",13667,5082,"San Martín de Loba","Bolívar",2006,"Congreso",NA,NA,NA,NA,2414,2793,5207,16
"1478",13667,5082,"San Martín de Loba","Bolívar",2006,"Congreso",NA,NA,NA,"CHIMI",536,680,1216,4
"1479",13667,5082,"San Martín de Loba","Bolívar",2006,"Congreso",NA,NA,NA,"EL VARAL",108,149,257,1
"1480",13667,5082,"San Martín de Loba","Bolívar",2006,"Congreso",NA,NA,NA,"PAPAYAL",266,580,846,3
"1481",13667,5082,"San Martín de Loba","Bolívar",2006,"Congreso",NA,NA,NA,"PLAYITAS",226,363,589,2
"1482",13667,5082,"San Martín de Loba","Bolívar",2006,"Congreso",NA,NA,NA,"PUEBLO NVO CERRO DE JULIO",103,147,250,1
"1483",13670,5084,"San Pablo","Bolívar",2006,"Congreso",NA,NA,NA,NA,4724,5267,9991,30
"1484",13670,5084,"San Pablo","Bolívar",2006,"Congreso",NA,NA,NA,"CANALETAL",201,273,474,2
"1485",13670,5084,"San Pablo","Bolívar",2006,"Congreso",NA,NA,NA,"VALLECITO",49,116,165,1
"1486",13670,5084,"San Pablo","Bolívar",2006,"Congreso",NA,NA,NA,"AGUASUCIA",47,158,205,1
"1487",13670,5084,"San Pablo","Bolívar",2006,"Congreso",NA,NA,NA,"EL CARMEN",68,105,173,1
"1488",13670,5084,"San Pablo","Bolívar",2006,"Congreso",NA,NA,NA,"CA/ABRAVAL",79,180,259,1
"1489",13670,5084,"San Pablo","Bolívar",2006,"Congreso",NA,NA,NA,"EL SOCORRO",42,67,109,1
"1490",13670,5084,"San Pablo","Bolívar",2006,"Congreso",NA,NA,NA,"POZO AZUL",187,350,537,2
"1491",13670,5084,"San Pablo","Bolívar",2006,"Congreso",NA,NA,NA,"CERRO AZUL",50,112,162,1
"1492",13670,5084,"San Pablo","Bolívar",2006,"Congreso",NA,NA,NA,"SANTO DOMINGO",99,180,279,1
"1493",13670,5084,"San Pablo","Bolívar",2006,"Congreso",NA,NA,NA,"VILLANUEVA",30,58,88,1
"1494",13673,5091,"Santa Catalina","Bolívar",2006,"Congreso",NA,NA,NA,NA,2686,2740,5426,16
"1495",13673,5091,"Santa Catalina","Bolívar",2006,"Congreso",NA,NA,NA,"PUEBLO NUEVO",290,267,557,2
"1496",13673,5091,"Santa Catalina","Bolívar",2006,"Congreso",NA,NA,NA,"COLORADO",128,148,276,1
"1497",13673,5091,"Santa Catalina","Bolívar",2006,"Congreso",NA,NA,NA,"GALERAZAMBA",447,389,836,3
"1498",13673,5091,"Santa Catalina","Bolívar",2006,"Congreso",NA,NA,NA,"LOMA DE ARENA",700,733,1433,5
"1499",13683,5094,"Santa Rosa","Bolívar",2006,"Congreso",NA,NA,NA,NA,5014,4885,9899,29
"1500",13688,5095,"Santa Rosa del Sur","Bolívar",2006,"Congreso",NA,NA,NA,NA,3909,4277,8186,24
"1501",13688,5095,"Santa Rosa del Sur","Bolívar",2006,"Congreso",NA,NA,NA,"BUENAVISTA",163,283,446,2
"1502",13688,5095,"Santa Rosa del Sur","Bolívar",2006,"Congreso",NA,NA,NA,"SAN FRANCISCO",133,198,331,1
"1503",13688,5095,"Santa Rosa del Sur","Bolívar",2006,"Congreso",NA,NA,NA,"FATIMA",142,227,369,2
"1504",13688,5095,"Santa Rosa del Sur","Bolívar",2006,"Congreso",NA,NA,NA,"LOS ARRAYANES",64,134,198,1
"1505",13688,5095,"Santa Rosa del Sur","Bolívar",2006,"Congreso",NA,NA,NA,"LOS CANELOS",296,426,722,3
"1506",13688,5095,"Santa Rosa del Sur","Bolívar",2006,"Congreso",NA,NA,NA,"SAN ISIDRO",73,122,195,1
"1507",13688,5095,"Santa Rosa del Sur","Bolívar",2006,"Congreso",NA,NA,NA,"SAN JUAN DE RIOGRANDE",9,31,40,1
"1508",13688,5095,"Santa Rosa del Sur","Bolívar",2006,"Congreso",NA,NA,NA,"SAN JOSE",86,114,200,1
"1509",13688,5095,"Santa Rosa del Sur","Bolívar",2006,"Congreso",NA,NA,NA,"SAN PEDRO FRIO",106,330,436,2
"1510",13688,5095,"Santa Rosa del Sur","Bolívar",2006,"Congreso",NA,NA,NA,"SAN LUCAS",142,211,353,2
"1511",13688,5095,"Santa Rosa del Sur","Bolívar",2006,"Congreso",NA,NA,NA,"SANTA ISABEL",41,81,122,1
"1512",13688,5095,"Santa Rosa del Sur","Bolívar",2006,"Congreso",NA,NA,NA,"VILLA FLOR",189,270,459,2
"1513",13744,5097,"Simití","Bolívar",2006,"Congreso",NA,NA,NA,NA,2258,2488,4746,14
"1514",13744,5097,"Simití","Bolívar",2006,"Congreso",NA,NA,NA,"ANIMAS ALTAS",147,233,380,2
"1515",13744,5097,"Simití","Bolívar",2006,"Congreso",NA,NA,NA,"ANIMAS BAJAS",71,119,190,1
"1516",13744,5097,"Simití","Bolívar",2006,"Congreso",NA,NA,NA,"CAMPO PALLARES",99,166,265,1
"1517",13744,5097,"Simití","Bolívar",2006,"Congreso",NA,NA,NA,"EL DIAMANTE",31,67,98,1
"1518",13744,5097,"Simití","Bolívar",2006,"Congreso",NA,NA,NA,"EL PARAISO",32,85,117,1
"1519",13744,5097,"Simití","Bolívar",2006,"Congreso",NA,NA,NA,"EL GARZAL",116,208,324,1
"1520",13744,5097,"Simití","Bolívar",2006,"Congreso",NA,NA,NA,"LAS BRISAS",186,308,494,2
"1521",13744,5097,"Simití","Bolívar",2006,"Congreso",NA,NA,NA,"ORORIA",50,73,123,1
"1522",13744,5097,"Simití","Bolívar",2006,"Congreso",NA,NA,NA,"MONTERREY",182,343,525,2
"1523",13744,5097,"Simití","Bolívar",2006,"Congreso",NA,NA,NA,"SAN BLAS",216,350,566,2
"1524",13744,5097,"Simití","Bolívar",2006,"Congreso",NA,NA,NA,"SAN JOAQUIN",70,148,218,1
"1525",13744,5097,"Simití","Bolívar",2006,"Congreso",NA,NA,NA,"SAN LUIS",183,246,429,2
"1526",13744,5097,"Simití","Bolívar",2006,"Congreso",NA,NA,NA,"SANTA LUCIA",69,136,205,1
"1527",13744,5097,"Simití","Bolívar",2006,"Congreso",NA,NA,NA,"VERACRUZ (CERRO DE BURGOS)",186,236,422,2
"1528",13760,5106,"Soplaviento","Bolívar",2006,"Congreso",NA,NA,NA,NA,3341,3149,6490,19
"1529",13780,5110,"Talaigua Nuevo","Bolívar",2006,"Congreso",NA,NA,NA,NA,2082,2249,4331,13
"1530",13780,5110,"Talaigua Nuevo","Bolívar",2006,"Congreso",NA,NA,NA,"CA/O HONDO",77,90,167,1
"1531",13780,5110,"Talaigua Nuevo","Bolívar",2006,"Congreso",NA,NA,NA,"EL PORVENIR",125,167,292,1
"1532",13780,5110,"Talaigua Nuevo","Bolívar",2006,"Congreso",NA,NA,NA,"EL VESUBIO",281,356,637,2
"1533",13780,5110,"Talaigua Nuevo","Bolívar",2006,"Congreso",NA,NA,NA,"LAS MARIAS",69,94,163,1
"1534",13780,5110,"Talaigua Nuevo","Bolívar",2006,"Congreso",NA,NA,NA,"LOS MANGOS",52,64,116,1
"1535",13780,5110,"Talaigua Nuevo","Bolívar",2006,"Congreso",NA,NA,NA,"PATICO",229,303,532,2
"1536",13780,5110,"Talaigua Nuevo","Bolívar",2006,"Congreso",NA,NA,NA,"PE/ON DE DURAN",109,130,239,1
"1537",13780,5110,"Talaigua Nuevo","Bolívar",2006,"Congreso",NA,NA,NA,"SAN MARTIN (LA LADERA DE TALA",116,117,233,1
"1538",13780,5110,"Talaigua Nuevo","Bolívar",2006,"Congreso",NA,NA,NA,"TUPE",76,89,165,1
"1539",13780,5110,"Talaigua Nuevo","Bolívar",2006,"Congreso",NA,NA,NA,"TALAIGUA VIEJO",226,249,475,2
"1540",13810,5113,"Tiquisio","Bolívar",2006,"Congreso",NA,NA,NA,NA,1388,2027,3415,10
"1541",13810,5113,"Tiquisio","Bolívar",2006,"Congreso",NA,NA,NA,"AGUAS NEGRAS",107,142,249,1
"1542",13810,5113,"Tiquisio","Bolívar",2006,"Congreso",NA,NA,NA,"BOCAS DE SOLIS",60,106,166,1
"1543",13810,5113,"Tiquisio","Bolívar",2006,"Congreso",NA,NA,NA,"COLORADO",262,375,637,2
"1544",13810,5113,"Tiquisio","Bolívar",2006,"Congreso",NA,NA,NA,"EL SUDAN",371,572,943,3
"1545",13810,5113,"Tiquisio","Bolívar",2006,"Congreso",NA,NA,NA,"LA VENTURA",205,394,599,2
"1546",13810,5113,"Tiquisio","Bolívar",2006,"Congreso",NA,NA,NA,"MINA SECA",141,301,442,2
"1547",13810,5113,"Tiquisio","Bolívar",2006,"Congreso",NA,NA,NA,"PALMA ESTERAL",49,75,124,1
"1548",13810,5113,"Tiquisio","Bolívar",2006,"Congreso",NA,NA,NA,"PUERTO COCA",125,236,361,2
"1549",13810,5113,"Tiquisio","Bolívar",2006,"Congreso",NA,NA,NA,"QUEBRADA DEL MEDIO",65,122,187,1
"1550",13810,5113,"Tiquisio","Bolívar",2006,"Congreso",NA,NA,NA,"SABANAS DEL FIRME",98,160,258,1
"1551",13810,5113,"Tiquisio","Bolívar",2006,"Congreso",NA,NA,NA,"TIQUISIO NUEVO",314,514,828,3
"1552",13836,5118,"Turbaco","Bolívar",2006,"Congreso",NA,NA,NA,"COL. FELIPE SANTIAGO ESCOBAR",1991,2230,4221,13
"1553",13836,5118,"Turbaco","Bolívar",2006,"Congreso",NA,NA,NA,"ESC. MIXTA No4 POZA DE MANGA",1918,1448,3366,10
"1554",13836,5118,"Turbaco","Bolívar",2006,"Congreso",NA,NA,NA,"ESC. HILDA MARRUGO DE AHUMADA",889,830,1719,5
"1555",13836,5118,"Turbaco","Bolívar",2006,"Congreso",NA,NA,NA,"COL. CRISANTO LUQUE",1801,1880,3681,11
"1556",13836,5118,"Turbaco","Bolívar",2006,"Congreso",NA,NA,NA,"CON. ESC. ALFONSO LOPEZ",1118,1051,2169,7
"1557",13836,5118,"Turbaco","Bolívar",2006,"Congreso",NA,NA,NA,"CON. LA BUENA ESPERANZA",1148,879,2027,6
"1558",13836,5118,"Turbaco","Bolívar",2006,"Congreso",NA,NA,NA,"SENA",945,788,1733,6
"1559",13836,5118,"Turbaco","Bolívar",2006,"Congreso",NA,NA,NA,"PUESTO CENSO",10443,9956,20399,26
"1560",13836,5118,"Turbaco","Bolívar",2006,"Congreso",NA,NA,NA,"CA/AVERAL",735,773,1508,5
"1561",13836,5118,"Turbaco","Bolívar",2006,"Congreso",NA,NA,NA,"CHIQUITO",66,103,169,1
"1562",13838,5121,"Turbaná","Bolívar",2006,"Congreso",NA,NA,NA,NA,4371,4286,8657,26
"1563",13838,5121,"Turbaná","Bolívar",2006,"Congreso",NA,NA,NA,"BALLESTAS",600,715,1315,4
"1564",13838,5121,"Turbaná","Bolívar",2006,"Congreso",NA,NA,NA,"COVADO - PUEBLO NUEVO",125,142,267,1
"1565",13873,5124,"Villanueva","Bolívar",2006,"Congreso",NA,NA,NA,NA,5085,5063,10148,30
"1566",13873,5124,"Villanueva","Bolívar",2006,"Congreso",NA,NA,NA,"CIPACOA",434,558,992,3
"1567",13873,5124,"Villanueva","Bolívar",2006,"Congreso",NA,NA,NA,"ALGARROBO",77,138,215,1
"1568",13894,5127,"Zambrano","Bolívar",2006,"Congreso",NA,NA,NA,NA,3176,3576,6752,20
"1569",13894,5127,"Zambrano","Bolívar",2006,"Congreso",NA,NA,NA,"JESUS DEL RIO",63,164,227,1
"1570",15001,7001,"Tunja","Boyacá",2006,"Congreso",NA,NA,NA,"COL. BOY. SEDE CENTRAL",2391,8392,10783,32
"1571",15001,7001,"Tunja","Boyacá",2006,"Congreso",NA,NA,NA,"UNIV. SANTO TOMAS",4950,1150,6100,18
"1572",15001,7001,"Tunja","Boyacá",2006,"Congreso",NA,NA,NA,"COL. BOYACA INTEGRADA",706,4112,4818,15
"1573",15001,7001,"Tunja","Boyacá",2006,"Congreso",NA,NA,NA,"COLEGIO EL ROSARIO",6179,1514,7693,23
"1574",15001,7001,"Tunja","Boyacá",2006,"Congreso",NA,NA,NA,"UNIV. JUAN DE CASTELLANOS",5263,764,6027,18
"1575",15001,7001,"Tunja","Boyacá",2006,"Congreso",NA,NA,NA,"COL. SILVINO RODRIGUEZ-PLAZOL",2086,2109,4195,13
"1576",15001,7001,"Tunja","Boyacá",2006,"Congreso",NA,NA,NA,"C.A.S.D.",2485,1337,3822,12
"1577",15001,7001,"Tunja","Boyacá",2006,"Congreso",NA,NA,NA,"COL INEN B. PARAISO",1238,948,2186,7
"1578",15001,7001,"Tunja","Boyacá",2006,"Congreso",NA,NA,NA,"CONC. ESC. SIMON BOLIVAR",1512,1350,2862,9
"1579",15001,7001,"Tunja","Boyacá",2006,"Congreso",NA,NA,NA,"SENA",2668,2221,4889,15
"1580",15001,7001,"Tunja","Boyacá",2006,"Congreso",NA,NA,NA,"COL SALESIANO MALDONADO",3399,2658,6057,18
"1581",15001,7001,"Tunja","Boyacá",2006,"Congreso",NA,NA,NA,"COLISEO UNIBOYACA",2271,1691,3962,12
"1582",15001,7001,"Tunja","Boyacá",2006,"Congreso",NA,NA,NA,"COL. GUSTAVO ROJAS P.",1654,1241,2895,9
"1583",15001,7001,"Tunja","Boyacá",2006,"Congreso",NA,NA,NA,"CONCENTRACION ESCOLAR DEL SUR",797,715,1512,5
"1584",15001,7001,"Tunja","Boyacá",2006,"Congreso",NA,NA,NA,"COLISEO CUBIERTO MUNICIPAL",825,916,1741,6
"1585",15001,7001,"Tunja","Boyacá",2006,"Congreso",NA,NA,NA,"PUESTO CENSO(COLBOY SAN AGUST",10165,8080,18245,23
"1586",15001,7001,"Tunja","Boyacá",2006,"Congreso",NA,NA,NA,"CARCEL",6,47,53,1
"1587",15001,7001,"Tunja","Boyacá",2006,"Congreso",NA,NA,NA,"PUENTE DE BOYACA",301,370,671,2
"1588",15022,7007,"Almeida","Boyacá",2006,"Congreso",NA,NA,NA,NA,776,856,1632,5
"1589",15047,7008,"Aquitania","Boyacá",2006,"Congreso",NA,NA,NA,NA,4550,4464,9014,27
"1590",15047,7008,"Aquitania","Boyacá",2006,"Congreso",NA,NA,NA,"DIGANOME",15,15,30,1
"1591",15047,7008,"Aquitania","Boyacá",2006,"Congreso",NA,NA,NA,"HIRVA",70,75,145,1
"1592",15047,7008,"Aquitania","Boyacá",2006,"Congreso",NA,NA,NA,"LA ESPERANZA",9,14,23,1
"1593",15047,7008,"Aquitania","Boyacá",2006,"Congreso",NA,NA,NA,"MARAVILLA",32,42,74,1
"1594",15047,7008,"Aquitania","Boyacá",2006,"Congreso",NA,NA,NA,"MOMBITA",107,142,249,1
"1595",15047,7008,"Aquitania","Boyacá",2006,"Congreso",NA,NA,NA,"PRIMAVERA",62,79,141,1
"1596",15047,7008,"Aquitania","Boyacá",2006,"Congreso",NA,NA,NA,"SISVACA",83,93,176,1
"1597",15047,7008,"Aquitania","Boyacá",2006,"Congreso",NA,NA,NA,"SORIANO",68,78,146,1
"1598",15047,7008,"Aquitania","Boyacá",2006,"Congreso",NA,NA,NA,"SUSE",318,299,617,2
"1599",15047,7008,"Aquitania","Boyacá",2006,"Congreso",NA,NA,NA,"TOQUILLA",264,237,501,2
"1600",15051,7010,"Arcabuco","Boyacá",2006,"Congreso",NA,NA,NA,NA,1971,1950,3921,12
"1601",15087,7013,"Belén","Boyacá",2006,"Congreso",NA,NA,NA,NA,3144,2794,5938,18
"1602",15087,7013,"Belén","Boyacá",2006,"Congreso",NA,NA,NA,"SAN JOSE DE LA MONTA/A",98,108,206,1
"1603",15090,7016,"Berbeo","Boyacá",2006,"Congreso",NA,NA,NA,NA,717,803,1520,5
"1604",15092,7019,"Betéitiva","Boyacá",2006,"Congreso",NA,NA,NA,NA,570,484,1054,4
"1605",15092,7019,"Betéitiva","Boyacá",2006,"Congreso",NA,NA,NA,"OTENGA",419,335,754,3
"1606",15097,7022,"Boavita","Boyacá",2006,"Congreso",NA,NA,NA,NA,2295,2007,4302,13
"1607",15097,7022,"Boavita","Boyacá",2006,"Congreso",NA,NA,NA,"SAN FRANCISCO",290,247,537,2
"1608",15097,7022,"Boavita","Boyacá",2006,"Congreso",NA,NA,NA,"EL ESPIGON",117,161,278,1
"1609",15104,7025,"Boyacá","Boyacá",2006,"Congreso",NA,NA,NA,NA,1693,1999,3692,11
"1610",15106,7028,"Briceño","Boyacá",2006,"Congreso",NA,NA,NA,NA,907,981,1888,6
"1611",15109,7031,"Buenavista","Boyacá",2006,"Congreso",NA,NA,NA,NA,1618,1835,3453,11
"1612",15109,7031,"Buenavista","Boyacá",2006,"Congreso",NA,NA,NA,"CAMPOALEGRE",244,283,527,2
"1613",15109,7031,"Buenavista","Boyacá",2006,"Congreso",NA,NA,NA,"CAMPOHERMOSO",106,116,222,1
"1614",15109,7031,"Buenavista","Boyacá",2006,"Congreso",NA,NA,NA,"PISMAL",80,98,178,1
"1615",15114,7034,"Busbanzá","Boyacá",2006,"Congreso",NA,NA,NA,NA,352,326,678,2
"1616",15131,7037,"Caldas","Boyacá",2006,"Congreso",NA,NA,NA,NA,906,948,1854,6
"1617",15131,7037,"Caldas","Boyacá",2006,"Congreso",NA,NA,NA,"NARI/O",317,292,609,2
"1618",15131,7037,"Caldas","Boyacá",2006,"Congreso",NA,NA,NA,"EL CUBO",30,32,62,1
"1619",15131,7037,"Caldas","Boyacá",2006,"Congreso",NA,NA,NA,"QUIPE Y CHINGAGUTA",146,159,305,1
"1620",15135,7040,"Campohermoso","Boyacá",2006,"Congreso",NA,NA,NA,NA,795,907,1702,5
"1621",15135,7040,"Campohermoso","Boyacá",2006,"Congreso",NA,NA,NA,"LOS CEDROS",347,399,746,3
"1622",15135,7040,"Campohermoso","Boyacá",2006,"Congreso",NA,NA,NA,"VISTAHERMOSA",56,83,139,1
"1623",15162,7043,"Cerinza","Boyacá",2006,"Congreso",NA,NA,NA,NA,1669,1363,3032,9
"1624",15189,7046,"Ciénega","Boyacá",2006,"Congreso",NA,NA,NA,NA,1614,1670,3284,10
"1625",15204,7049,"Cómbita","Boyacá",2006,"Congreso",NA,NA,NA,NA,2871,2725,5596,17
"1626",15204,7049,"Cómbita","Boyacá",2006,"Congreso",NA,NA,NA,"CARCEL",5,116,121,1
"1627",15204,7049,"Cómbita","Boyacá",2006,"Congreso",NA,NA,NA,"EL BARNE",428,411,839,3
"1628",15204,7049,"Cómbita","Boyacá",2006,"Congreso",NA,NA,NA,"SANTA BARBARA (EL ESPARTILLAL",419,426,845,3
"1629",15212,7052,"Coper","Boyacá",2006,"Congreso",NA,NA,NA,NA,855,1067,1922,6
"1630",15212,7052,"Coper","Boyacá",2006,"Congreso",NA,NA,NA,"CANTINO",160,174,334,1
"1631",15212,7052,"Coper","Boyacá",2006,"Congreso",NA,NA,NA,"PEDRO GOMEZ",31,51,82,1
"1632",15212,7052,"Coper","Boyacá",2006,"Congreso",NA,NA,NA,"RICAURTE",52,87,139,1
"1633",15212,7052,"Coper","Boyacá",2006,"Congreso",NA,NA,NA,"TURTUR",248,304,552,2
"1634",15215,7055,"Corrales","Boyacá",2006,"Congreso",NA,NA,NA,NA,981,850,1831,6
"1635",15218,7058,"Covarachía","Boyacá",2006,"Congreso",NA,NA,NA,NA,816,917,1733,6
"1636",15218,7058,"Covarachía","Boyacá",2006,"Congreso",NA,NA,NA,"LA PALMERA",109,121,230,1
"1637",15218,7058,"Covarachía","Boyacá",2006,"Congreso",NA,NA,NA,"NOGONTOVA (LA CAPILLA DE SAN",180,212,392,2
"1638",15218,7058,"Covarachía","Boyacá",2006,"Congreso",NA,NA,NA,"SATOBA ARRIBA",111,150,261,1
"1639",15218,7058,"Covarachía","Boyacá",2006,"Congreso",NA,NA,NA,"TAPIAS",107,128,235,1
"1640",15223,7059,"Cubará","Boyacá",2006,"Congreso",NA,NA,NA,NA,992,1222,2214,7
"1641",15223,7059,"Cubará","Boyacá",2006,"Congreso",NA,NA,NA,"AGUABLANCA",67,84,151,1
"1642",15223,7059,"Cubará","Boyacá",2006,"Congreso",NA,NA,NA,"BOJABA",119,138,257,1
"1643",15223,7059,"Cubará","Boyacá",2006,"Congreso",NA,NA,NA,"COVARIA",14,29,43,1
"1644",15223,7059,"Cubará","Boyacá",2006,"Congreso",NA,NA,NA,"EL GUAMO",105,130,235,1
"1645",15223,7059,"Cubará","Boyacá",2006,"Congreso",NA,NA,NA,"CHUSCAL",43,52,95,1
"1646",15224,7060,"Cucaita","Boyacá",2006,"Congreso",NA,NA,NA,NA,1302,1361,2663,8
"1647",15226,7061,"Cuítiva","Boyacá",2006,"Congreso",NA,NA,NA,NA,604,499,1103,4
"1648",15226,7061,"Cuítiva","Boyacá",2006,"Congreso",NA,NA,NA,"LLANO DE ALARCON",239,248,487,2
"1649",15172,7064,"Chinavita","Boyacá",2006,"Congreso",NA,NA,NA,NA,1425,1341,2766,9
"1650",15172,7064,"Chinavita","Boyacá",2006,"Congreso",NA,NA,NA,"MONTEJO",90,101,191,1
"1651",15176,7067,"Chiquinquirá","Boyacá",2006,"Congreso",NA,NA,NA,"COL. LICEO NACIONAL",3050,2531,5581,17
"1652",15176,7067,"Chiquinquirá","Boyacá",2006,"Congreso",NA,NA,NA,"ESC. NORMAL SOR JOSEFA DEL",1472,1254,2726,8
"1653",15176,7067,"Chiquinquirá","Boyacá",2006,"Congreso",NA,NA,NA,"COL. SAGRADO CORAZON",2128,1731,3859,12
"1654",15176,7067,"Chiquinquirá","Boyacá",2006,"Congreso",NA,NA,NA,"COLPIO SEC PRIMARIA",2243,1776,4019,12
"1655",15176,7067,"Chiquinquirá","Boyacá",2006,"Congreso",NA,NA,NA,"PUESTO CENSO",9288,7265,16553,21
"1656",15176,7067,"Chiquinquirá","Boyacá",2006,"Congreso",NA,NA,NA,"CARCEL",7,48,55,1
"1657",15176,7067,"Chiquinquirá","Boyacá",2006,"Congreso",NA,NA,NA,"SASA MOYAVITA",237,266,503,2
"1658",15176,7067,"Chiquinquirá","Boyacá",2006,"Congreso",NA,NA,NA,"VARELA",161,128,289,1
"1659",15232,7068,"Chíquiza","Boyacá",2006,"Congreso",NA,NA,NA,NA,520,633,1153,4
"1660",15232,7068,"Chíquiza","Boyacá",2006,"Congreso",NA,NA,NA,"SAN PEDRO DE IGUAQUE",1265,1467,2732,8
"1661",15180,7070,"Chiscas","Boyacá",2006,"Congreso",NA,NA,NA,NA,1267,1262,2529,8
"1662",15180,7070,"Chiscas","Boyacá",2006,"Congreso",NA,NA,NA,"PUEBLO DE LAS MERCEDES",319,317,636,2
"1663",15180,7070,"Chiscas","Boyacá",2006,"Congreso",NA,NA,NA,"LAS CA/AS",139,148,287,1
"1664",15180,7070,"Chiscas","Boyacá",2006,"Congreso",NA,NA,NA,"LLANO DE TABACO",106,107,213,1
"1665",15183,7073,"Chita","Boyacá",2006,"Congreso",NA,NA,NA,NA,2303,2145,4448,13
"1666",15183,7073,"Chita","Boyacá",2006,"Congreso",NA,NA,NA,"CHIPAVIEJO",39,33,72,1
"1667",15183,7073,"Chita","Boyacá",2006,"Congreso",NA,NA,NA,"CANOAS",216,219,435,2
"1668",15183,7073,"Chita","Boyacá",2006,"Congreso",NA,NA,NA,"EL ARENAL",1,1,2,1
"1669",15183,7073,"Chita","Boyacá",2006,"Congreso",NA,NA,NA,"EL EMPALME",7,8,15,1
"1670",15183,7073,"Chita","Boyacá",2006,"Congreso",NA,NA,NA,"EL MORAL",419,356,775,3
"1671",15183,7073,"Chita","Boyacá",2006,"Congreso",NA,NA,NA,"MINAS",72,104,176,1
"1672",15183,7073,"Chita","Boyacá",2006,"Congreso",NA,NA,NA,"LA PLAYA",59,68,127,1
"1673",15183,7073,"Chita","Boyacá",2006,"Congreso",NA,NA,NA,"MONSERRATE",61,89,150,1
"1674",15185,7076,"Chitaraque","Boyacá",2006,"Congreso",NA,NA,NA,NA,2034,2425,4459,13
"1675",15185,7076,"Chitaraque","Boyacá",2006,"Congreso",NA,NA,NA,"GUAMOS Y LADERAS",97,143,240,1
"1676",15185,7076,"Chitaraque","Boyacá",2006,"Congreso",NA,NA,NA,"SANTO DOMINGO",104,101,205,1
"1677",15187,7077,"Chivatá","Boyacá",2006,"Congreso",NA,NA,NA,NA,1137,1094,2231,7
"1678",15236,7078,"Chivor","Boyacá",2006,"Congreso",NA,NA,NA,NA,676,923,1599,5
"1679",15236,7078,"Chivor","Boyacá",2006,"Congreso",NA,NA,NA,"SINAI",36,32,68,1
"1680",15238,7079,"Duitama","Boyacá",2006,"Congreso",NA,NA,NA,"INS. GUILLERMO LEON VALENCIA",1993,2658,4651,14
"1681",15238,7079,"Duitama","Boyacá",2006,"Congreso",NA,NA,NA,"INST.TECNICO IND. RAFAEL REYE",8575,448,9023,27
"1682",15238,7079,"Duitama","Boyacá",2006,"Congreso",NA,NA,NA,"U.P.T.C.",1640,1611,3251,10
"1683",15238,7079,"Duitama","Boyacá",2006,"Congreso",NA,NA,NA,"COLEGIO SIMON BOLIVAR",1642,1429,3071,9
"1684",15238,7079,"Duitama","Boyacá",2006,"Congreso",NA,NA,NA,"COLEGIO SALESIANO",2308,12976,15284,45
"1685",15238,7079,"Duitama","Boyacá",2006,"Congreso",NA,NA,NA,"COLISEO LAS AMERICAS",7927,1386,9313,28
"1686",15238,7079,"Duitama","Boyacá",2006,"Congreso",NA,NA,NA,"COLEGIO BOYACA",1689,1247,2936,9
"1687",15238,7079,"Duitama","Boyacá",2006,"Congreso",NA,NA,NA,"COLEGIO SAN FERNANDO",448,355,803,3
"1688",15238,7079,"Duitama","Boyacá",2006,"Congreso",NA,NA,NA,"PARQUE LA ESPERANZA",509,401,910,3
"1689",15238,7079,"Duitama","Boyacá",2006,"Congreso",NA,NA,NA,"COLEGIO JAIRO ANIBAL NI/O",203,137,340,1
"1690",15238,7079,"Duitama","Boyacá",2006,"Congreso",NA,NA,NA,"PUESTO CENSO",6945,5797,12742,17
"1691",15238,7079,"Duitama","Boyacá",2006,"Congreso",NA,NA,NA,"CARCEL",8,75,83,1
"1692",15238,7079,"Duitama","Boyacá",2006,"Congreso",NA,NA,NA,"EL CARMEN",77,97,174,1
"1693",15238,7079,"Duitama","Boyacá",2006,"Congreso",NA,NA,NA,"QUEBRADA DE BECERRAS",109,109,218,1
"1694",15238,7079,"Duitama","Boyacá",2006,"Congreso",NA,NA,NA,"SURBA Y BONZA (TRINIDAD)",520,473,993,3
"1695",15238,7079,"Duitama","Boyacá",2006,"Congreso",NA,NA,NA,"LA PRADERA",106,97,203,1
"1696",15238,7079,"Duitama","Boyacá",2006,"Congreso",NA,NA,NA,"TOCOGUA",111,115,226,1
"1697",15238,7079,"Duitama","Boyacá",2006,"Congreso",NA,NA,NA,"SAN ANTONIO NORTE",479,399,878,3
"1698",15238,7079,"Duitama","Boyacá",2006,"Congreso",NA,NA,NA,"AVENDA/OS",59,66,125,1
"1699",15244,7082,"El Cocuy","Boyacá",2006,"Congreso",NA,NA,NA,NA,1477,1414,2891,9
"1700",15244,7082,"El Cocuy","Boyacá",2006,"Congreso",NA,NA,NA,"EL CARRIZAL (PATIECITOS)",136,156,292,1
"1701",15244,7082,"El Cocuy","Boyacá",2006,"Congreso",NA,NA,NA,"EL PACHACUAL",164,180,344,1
"1702",15244,7082,"El Cocuy","Boyacá",2006,"Congreso",NA,NA,NA,"LA PLAYA",153,153,306,1
"1703",15248,7085,"El Espino","Boyacá",2006,"Congreso",NA,NA,NA,NA,925,849,1774,6
"1704",15248,7085,"El Espino","Boyacá",2006,"Congreso",NA,NA,NA,"SANTA ANA",214,224,438,2
"1705",15272,7088,"Firavitoba","Boyacá",2006,"Congreso",NA,NA,NA,NA,2135,2241,4376,13
"1706",15272,7088,"Firavitoba","Boyacá",2006,"Congreso",NA,NA,NA,"BARATOA",147,158,305,1
"1707",15272,7088,"Firavitoba","Boyacá",2006,"Congreso",NA,NA,NA,"DIRAVITA ALTO",78,68,146,1
"1708",15276,7091,"Floresta","Boyacá",2006,"Congreso",NA,NA,NA,NA,1499,1175,2674,8
"1709",15276,7091,"Floresta","Boyacá",2006,"Congreso",NA,NA,NA,"TOBASIA",221,181,402,2
"1710",15293,7094,"Gachantivá","Boyacá",2006,"Congreso",NA,NA,NA,NA,1112,1272,2384,7
"1711",15296,7097,"Gameza","Boyacá",2006,"Congreso",NA,NA,NA,NA,1773,1687,3460,11
"1712",15296,7097,"Gameza","Boyacá",2006,"Congreso",NA,NA,NA,"SASA",142,129,271,1
"1713",15299,7100,"Garagoa","Boyacá",2006,"Congreso",NA,NA,NA,NA,5599,4725,10324,31
"1714",15299,7100,"Garagoa","Boyacá",2006,"Congreso",NA,NA,NA,"BANCOS DE PARAMO",86,80,166,1
"1715",15299,7100,"Garagoa","Boyacá",2006,"Congreso",NA,NA,NA,"GUAYABAL",55,42,97,1
"1716",15299,7100,"Garagoa","Boyacá",2006,"Congreso",NA,NA,NA,"LA VALVANERA",61,82,143,1
"1717",15317,7103,"Guacamayas","Boyacá",2006,"Congreso",NA,NA,NA,NA,779,673,1452,5
"1718",15322,7106,"Guateque","Boyacá",2006,"Congreso",NA,NA,NA,NA,4393,3863,8256,24
"1719",15322,7106,"Guateque","Boyacá",2006,"Congreso",NA,NA,NA,"CARCEL",4,12,16,1
"1720",15325,7109,"Guayatá","Boyacá",2006,"Congreso",NA,NA,NA,NA,1950,2057,4007,12
"1721",15332,7112,"Güicán","Boyacá",2006,"Congreso",NA,NA,NA,NA,1404,1185,2589,8
"1722",15332,7112,"Güicán","Boyacá",2006,"Congreso",NA,NA,NA,"BOCOTA",27,46,73,1
"1723",15332,7112,"Güicán","Boyacá",2006,"Congreso",NA,NA,NA,"BACHIRA",27,30,57,1
"1724",15332,7112,"Güicán","Boyacá",2006,"Congreso",NA,NA,NA,"LA CUEVA",124,111,235,1
"1725",15332,7112,"Güicán","Boyacá",2006,"Congreso",NA,NA,NA,"TUNEBIA ARRIBA",9,11,20,1
"1726",15362,7118,"Iza","Boyacá",2006,"Congreso",NA,NA,NA,NA,892,955,1847,6
"1727",15367,7121,"Jenesano","Boyacá",2006,"Congreso",NA,NA,NA,NA,2196,2352,4548,14
"1728",15368,7124,"Jericó","Boyacá",2006,"Congreso",NA,NA,NA,NA,999,1062,2061,6
"1729",15368,7124,"Jericó","Boyacá",2006,"Congreso",NA,NA,NA,"CHEVA",213,241,454,2
"1730",15368,7124,"Jericó","Boyacá",2006,"Congreso",NA,NA,NA,"PUEBLOVIEJO",192,169,361,2
"1731",15377,7127,"Labranzagrande","Boyacá",2006,"Congreso",NA,NA,NA,NA,870,990,1860,6
"1732",15377,7127,"Labranzagrande","Boyacá",2006,"Congreso",NA,NA,NA,"LA AGUADA",152,165,317,1
"1733",15380,7130,"La Capilla","Boyacá",2006,"Congreso",NA,NA,NA,NA,1248,1301,2549,8
"1734",15403,7136,"La Uvita","Boyacá",2006,"Congreso",NA,NA,NA,NA,987,893,1880,6
"1735",15403,7136,"La Uvita","Boyacá",2006,"Congreso",NA,NA,NA,"CUSAGUI",291,251,542,2
"1736",15403,7136,"La Uvita","Boyacá",2006,"Congreso",NA,NA,NA,"EL CARMEN",60,40,100,1
"1737",15401,7137,"La Victoria","Boyacá",2006,"Congreso",NA,NA,NA,NA,512,651,1163,4
"1738",15401,7137,"La Victoria","Boyacá",2006,"Congreso",NA,NA,NA,"CHAPON O GUADUALITO",67,89,156,1
"1739",15401,7137,"La Victoria","Boyacá",2006,"Congreso",NA,NA,NA,"SANTA HELENA",37,46,83,1
"1740",15407,7139,"Villa de Leyva","Boyacá",2006,"Congreso",NA,NA,NA,NA,3562,3252,6814,20
"1741",15407,7139,"Villa de Leyva","Boyacá",2006,"Congreso",NA,NA,NA,"CARDONAL",114,126,240,1
"1742",15425,7142,"Macanal","Boyacá",2006,"Congreso",NA,NA,NA,NA,1248,1298,2546,8
"1743",15425,7142,"Macanal","Boyacá",2006,"Congreso",NA,NA,NA,"MUCE/O",199,230,429,2
"1744",15425,7142,"Macanal","Boyacá",2006,"Congreso",NA,NA,NA,"NARANJOS",186,187,373,2
"1745",15442,7148,"Maripí","Boyacá",2006,"Congreso",NA,NA,NA,NA,1691,2209,3900,12
"1746",15442,7148,"Maripí","Boyacá",2006,"Congreso",NA,NA,NA,"ZULIA",575,1281,1856,6
"1747",15442,7148,"Maripí","Boyacá",2006,"Congreso",NA,NA,NA,"GUAZO",44,80,124,1
"1748",15442,7148,"Maripí","Boyacá",2006,"Congreso",NA,NA,NA,"NARAPAY",220,308,528,2
"1749",15442,7148,"Maripí","Boyacá",2006,"Congreso",NA,NA,NA,"SABANETA",242,318,560,2
"1750",15442,7148,"Maripí","Boyacá",2006,"Congreso",NA,NA,NA,"SANTA ROSA",284,754,1038,4
"1751",15455,7151,"Miraflores","Boyacá",2006,"Congreso",NA,NA,NA,NA,3656,3629,7285,22
"1752",15455,7151,"Miraflores","Boyacá",2006,"Congreso",NA,NA,NA,"CARCEL",0,4,4,1
"1753",15455,7151,"Miraflores","Boyacá",2006,"Congreso",NA,NA,NA,"TUNJITA",48,67,115,1
"1754",15464,7154,"Mongua","Boyacá",2006,"Congreso",NA,NA,NA,NA,1630,1279,2909,9
"1755",15464,7154,"Mongua","Boyacá",2006,"Congreso",NA,NA,NA,"SIRGUAZA",114,156,270,1
"1756",15464,7154,"Mongua","Boyacá",2006,"Congreso",NA,NA,NA,"TUNJUELO",212,151,363,2
"1757",15466,7157,"Monguí","Boyacá",2006,"Congreso",NA,NA,NA,NA,1568,1321,2889,9
"1758",15469,7160,"Moniquirá","Boyacá",2006,"Congreso",NA,NA,NA,NA,7027,6896,13923,41
"1759",15469,7160,"Moniquirá","Boyacá",2006,"Congreso",NA,NA,NA,"CARCEL",1,26,27,1
"1760",15469,7160,"Moniquirá","Boyacá",2006,"Congreso",NA,NA,NA,"MACIEGAL",167,175,342,1
"1761",15469,7160,"Moniquirá","Boyacá",2006,"Congreso",NA,NA,NA,"PAJONALES",160,177,337,1
"1762",15469,7160,"Moniquirá","Boyacá",2006,"Congreso",NA,NA,NA,"PANTANILLO",103,99,202,1
"1763",15476,7161,"Motavita","Boyacá",2006,"Congreso",NA,NA,NA,NA,1509,1556,3065,9
"1764",15476,7161,"Motavita","Boyacá",2006,"Congreso",NA,NA,NA,"PANELAS",450,517,967,3
"1765",15480,7163,"Muzo","Boyacá",2006,"Congreso",NA,NA,NA,NA,3107,3456,6563,20
"1766",15480,7163,"Muzo","Boyacá",2006,"Congreso",NA,NA,NA,"MATECAFE",213,527,740,3
"1767",15491,7166,"Nobsa","Boyacá",2006,"Congreso",NA,NA,NA,NA,3739,3296,7035,21
"1768",15491,7166,"Nobsa","Boyacá",2006,"Congreso",NA,NA,NA,"BELENCITO",1026,872,1898,6
"1769",15494,7169,"Nuevo Colón","Boyacá",2006,"Congreso",NA,NA,NA,NA,1902,2112,4014,12
"1770",15500,7173,"Oicatá","Boyacá",2006,"Congreso",NA,NA,NA,NA,1218,1130,2348,7
"1771",15507,7176,"Otanche","Boyacá",2006,"Congreso",NA,NA,NA,NA,2275,2569,4844,15
"1772",15507,7176,"Otanche","Boyacá",2006,"Congreso",NA,NA,NA,"ALTOSANO",78,132,210,1
"1773",15507,7176,"Otanche","Boyacá",2006,"Congreso",NA,NA,NA,"PIZARRA",160,225,385,2
"1774",15507,7176,"Otanche","Boyacá",2006,"Congreso",NA,NA,NA,"SAN JOSE DE NAZARETH",87,121,208,1
"1775",15507,7176,"Otanche","Boyacá",2006,"Congreso",NA,NA,NA,"SANTA BARBARA",39,44,83,1
"1776",15507,7176,"Otanche","Boyacá",2006,"Congreso",NA,NA,NA,"BETANIA",106,183,289,1
"1777",15507,7176,"Otanche","Boyacá",2006,"Congreso",NA,NA,NA,"BUENAVISTA",47,84,131,1
"1778",15507,7176,"Otanche","Boyacá",2006,"Congreso",NA,NA,NA,"LA CUNCHALA",49,63,112,1
"1779",15507,7176,"Otanche","Boyacá",2006,"Congreso",NA,NA,NA,"CACHIPAY",70,134,204,1
"1780",15511,7178,"Pachavita","Boyacá",2006,"Congreso",NA,NA,NA,NA,969,1027,1996,6
"1781",15514,7179,"Páez","Boyacá",2006,"Congreso",NA,NA,NA,NA,955,1097,2052,6
"1782",15514,7179,"Páez","Boyacá",2006,"Congreso",NA,NA,NA,"LA URURIA",96,145,241,1
"1783",15514,7179,"Páez","Boyacá",2006,"Congreso",NA,NA,NA,"SIRASI",64,90,154,1
"1784",15516,7181,"Paipa","Boyacá",2006,"Congreso",NA,NA,NA,NA,9018,8128,17146,50
"1785",15516,7181,"Paipa","Boyacá",2006,"Congreso",NA,NA,NA,"PALERMO",396,432,828,3
"1786",15516,7181,"Paipa","Boyacá",2006,"Congreso",NA,NA,NA,"EL VENADO",73,75,148,1
"1787",15516,7181,"Paipa","Boyacá",2006,"Congreso",NA,NA,NA,"PANTANO DE VARGAS",269,252,521,2
"1788",15518,7184,"Pajarito","Boyacá",2006,"Congreso",NA,NA,NA,NA,530,590,1120,4
"1789",15518,7184,"Pajarito","Boyacá",2006,"Congreso",NA,NA,NA,"CORINTO",99,93,192,1
"1790",15522,7187,"Panqueba","Boyacá",2006,"Congreso",NA,NA,NA,NA,649,632,1281,4
"1791",15531,7190,"Pauna","Boyacá",2006,"Congreso",NA,NA,NA,NA,2689,3303,5992,18
"1792",15531,7190,"Pauna","Boyacá",2006,"Congreso",NA,NA,NA,"AGUAFRIA",106,140,246,1
"1793",15531,7190,"Pauna","Boyacá",2006,"Congreso",NA,NA,NA,"IBACAPI Y QUEBRADASECA",56,87,143,1
"1794",15533,7193,"Paya","Boyacá",2006,"Congreso",NA,NA,NA,NA,311,370,681,2
"1795",15533,7193,"Paya","Boyacá",2006,"Congreso",NA,NA,NA,"MORCOTE",155,196,351,2
"1796",15533,7193,"Paya","Boyacá",2006,"Congreso",NA,NA,NA,"VIJAGUAL",17,32,49,1
"1797",15537,7199,"Paz de Río","Boyacá",2006,"Congreso",NA,NA,NA,NA,2237,1977,4214,13
"1798",15537,7199,"Paz de Río","Boyacá",2006,"Congreso",NA,NA,NA,"PAZ VIEJO",122,119,241,1
"1799",15542,7202,"Pesca","Boyacá",2006,"Congreso",NA,NA,NA,NA,2900,2789,5689,17
"1800",15542,7202,"Pesca","Boyacá",2006,"Congreso",NA,NA,NA,"EL PALMAR",51,58,109,1
"1801",15542,7202,"Pesca","Boyacá",2006,"Congreso",NA,NA,NA,"EL HATO",125,135,260,1
"1802",15550,7205,"Pisba","Boyacá",2006,"Congreso",NA,NA,NA,NA,341,439,780,3
"1803",15572,7214,"Puerto Boyacá","Boyacá",2006,"Congreso",NA,NA,NA,"COLEGIO JOSE ANTONIO GALAN",119,4342,4461,13
"1804",15572,7214,"Puerto Boyacá","Boyacá",2006,"Congreso",NA,NA,NA,"COL.NACIONAL.SAN PEDRO CLAVER",1592,3003,4595,14
"1805",15572,7214,"Puerto Boyacá","Boyacá",2006,"Congreso",NA,NA,NA,"COLEGIO JHON F. KENNEDY",4485,252,4737,14
"1806",15572,7214,"Puerto Boyacá","Boyacá",2006,"Congreso",NA,NA,NA,"CONCENTRACION SIMON BOLIVAR",3908,1051,4959,15
"1807",15572,7214,"Puerto Boyacá","Boyacá",2006,"Congreso",NA,NA,NA,"CARCEL DEL CIRCUITO",4,23,27,1
"1808",15572,7214,"Puerto Boyacá","Boyacá",2006,"Congreso",NA,NA,NA,"PUERTO PALAGUA",215,375,590,2
"1809",15572,7214,"Puerto Boyacá","Boyacá",2006,"Congreso",NA,NA,NA,"AGUA NEGRO",217,349,566,2
"1810",15572,7214,"Puerto Boyacá","Boyacá",2006,"Congreso",NA,NA,NA,"CENTRO CALDERON",174,283,457,2
"1811",15572,7214,"Puerto Boyacá","Boyacá",2006,"Congreso",NA,NA,NA,"PUERTO GUTIERREZ",93,118,211,1
"1812",15572,7214,"Puerto Boyacá","Boyacá",2006,"Congreso",NA,NA,NA,"POZO BOYACA N 2",383,863,1246,4
"1813",15572,7214,"Puerto Boyacá","Boyacá",2006,"Congreso",NA,NA,NA,"KILOMETRO 25",139,201,340,1
"1814",15572,7214,"Puerto Boyacá","Boyacá",2006,"Congreso",NA,NA,NA,"PUERTO SERVIEZ",330,429,759,3
"1815",15572,7214,"Puerto Boyacá","Boyacá",2006,"Congreso",NA,NA,NA,"MARFIL",429,590,1019,3
"1816",15572,7214,"Puerto Boyacá","Boyacá",2006,"Congreso",NA,NA,NA,"PUERTO ROMERO",257,362,619,2
"1817",15572,7214,"Puerto Boyacá","Boyacá",2006,"Congreso",NA,NA,NA,"VASCONIA",0,0,0,0
"1818",15580,7215,"Quípama","Boyacá",2006,"Congreso",NA,NA,NA,NA,1228,1649,2877,9
"1819",15580,7215,"Quípama","Boyacá",2006,"Congreso",NA,NA,NA,"CORMAL",122,133,255,1
"1820",15580,7215,"Quípama","Boyacá",2006,"Congreso",NA,NA,NA,"EL PARQUE",81,91,172,1
"1821",15580,7215,"Quípama","Boyacá",2006,"Congreso",NA,NA,NA,"HUMBO",146,125,271,1
"1822",15580,7215,"Quípama","Boyacá",2006,"Congreso",NA,NA,NA,"LA YE",383,1216,1599,5
"1823",15580,7215,"Quípama","Boyacá",2006,"Congreso",NA,NA,NA,"VEGA DEL CORMAL",43,72,115,1
"1824",15599,7217,"Ramiriquí","Boyacá",2006,"Congreso",NA,NA,NA,NA,3340,3308,6648,20
"1825",15599,7217,"Ramiriquí","Boyacá",2006,"Congreso",NA,NA,NA,"CARCEL DEL CIRCUITO",0,0,0,0
"1826",15599,7217,"Ramiriquí","Boyacá",2006,"Congreso",NA,NA,NA,"EL ESCOBAL",252,246,498,2
"1827",15599,7217,"Ramiriquí","Boyacá",2006,"Congreso",NA,NA,NA,"GUAYABAL",92,86,178,1
"1828",15600,7220,"Ráquira","Boyacá",2006,"Congreso",NA,NA,NA,NA,1532,1484,3016,9
"1829",15600,7220,"Ráquira","Boyacá",2006,"Congreso",NA,NA,NA,"FIRITA PE/A ARRIBA",60,70,130,1
"1830",15600,7220,"Ráquira","Boyacá",2006,"Congreso",NA,NA,NA,"LA CANDELARIA",128,163,291,1
"1831",15600,7220,"Ráquira","Boyacá",2006,"Congreso",NA,NA,NA,"SAN CAYETANO",152,160,312,1
"1832",15621,7223,"Rondón","Boyacá",2006,"Congreso",NA,NA,NA,NA,931,931,1862,6
"1833",15621,7223,"Rondón","Boyacá",2006,"Congreso",NA,NA,NA,"RANCHOGRANDE",161,168,329,1
"1834",15632,7226,"Saboyá","Boyacá",2006,"Congreso",NA,NA,NA,NA,2375,2330,4705,14
"1835",15632,7226,"Saboyá","Boyacá",2006,"Congreso",NA,NA,NA,"GARAVITO",218,212,430,2
"1836",15632,7226,"Saboyá","Boyacá",2006,"Congreso",NA,NA,NA,"MERCHAN",484,456,940,3
"1837",15632,7226,"Saboyá","Boyacá",2006,"Congreso",NA,NA,NA,"ESCOBAL",67,53,120,1
"1838",15632,7226,"Saboyá","Boyacá",2006,"Congreso",NA,NA,NA,"MATA DE MORA (CASA BLANCA)",144,127,271,1
"1839",15632,7226,"Saboyá","Boyacá",2006,"Congreso",NA,NA,NA,"PUENTE DE TIERRA",377,358,735,3
"1840",15632,7226,"Saboyá","Boyacá",2006,"Congreso",NA,NA,NA,"VELANDIA (LA PALMA)",243,184,427,2
"1841",15632,7226,"Saboyá","Boyacá",2006,"Congreso",NA,NA,NA,"VINCULO",172,147,319,1
"1842",15638,7232,"Sáchica","Boyacá",2006,"Congreso",NA,NA,NA,NA,1137,1198,2335,7
"1843",15646,7235,"Samacá","Boyacá",2006,"Congreso",NA,NA,NA,NA,4500,4730,9230,27
"1844",15646,7235,"Samacá","Boyacá",2006,"Congreso",NA,NA,NA,"EL GACAL",247,361,608,2
"1845",15660,7237,"San Eduardo","Boyacá",2006,"Congreso",NA,NA,NA,NA,668,689,1357,4
"1846",15664,7238,"San José de Pare","Boyacá",2006,"Congreso",NA,NA,NA,NA,1772,2010,3782,11
"1847",15664,7238,"San José de Pare","Boyacá",2006,"Congreso",NA,NA,NA,"MU/OCES Y CAMACHOS",218,278,496,2
"1848",15664,7238,"San José de Pare","Boyacá",2006,"Congreso",NA,NA,NA,"SANTO DOMINGO",85,101,186,1
"1849",15667,7241,"San Luis de Gaceno","Boyacá",2006,"Congreso",NA,NA,NA,NA,1611,1670,3281,10
"1850",15667,7241,"San Luis de Gaceno","Boyacá",2006,"Congreso",NA,NA,NA,"GUAMAL",74,85,159,1
"1851",15667,7241,"San Luis de Gaceno","Boyacá",2006,"Congreso",NA,NA,NA,"HORIZONTES",132,187,319,1
"1852",15667,7241,"San Luis de Gaceno","Boyacá",2006,"Congreso",NA,NA,NA,"MESA DEL GUAVIO",84,147,231,1
"1853",15667,7241,"San Luis de Gaceno","Boyacá",2006,"Congreso",NA,NA,NA,"SAN CARLOS",90,136,226,1
"1854",15667,7241,"San Luis de Gaceno","Boyacá",2006,"Congreso",NA,NA,NA,"SANTA TERESA",243,322,565,2
"1855",15673,7247,"San Mateo","Boyacá",2006,"Congreso",NA,NA,NA,NA,1693,1595,3288,10
"1856",15673,7247,"San Mateo","Boyacá",2006,"Congreso",NA,NA,NA,"EL CHAPETON",210,232,442,2
"1857",15676,7248,"San Miguel de Sema","Boyacá",2006,"Congreso",NA,NA,NA,NA,1362,1253,2615,8
"1858",15681,7249,"San Pablo de Borbur","Boyacá",2006,"Congreso",NA,NA,NA,NA,1169,1278,2447,8
"1859",15681,7249,"San Pablo de Borbur","Boyacá",2006,"Congreso",NA,NA,NA,"CALAMACO",89,136,225,1
"1860",15681,7249,"San Pablo de Borbur","Boyacá",2006,"Congreso",NA,NA,NA,"COSCUEZ",461,907,1368,4
"1861",15681,7249,"San Pablo de Borbur","Boyacá",2006,"Congreso",NA,NA,NA,"CHANARES",110,168,278,1
"1862",15681,7249,"San Pablo de Borbur","Boyacá",2006,"Congreso",NA,NA,NA,"PE/AS BLANCAS",284,426,710,3
"1863",15681,7249,"San Pablo de Borbur","Boyacá",2006,"Congreso",NA,NA,NA,"SANTA BARBARA",500,898,1398,5
"1864",15686,7250,"Santana","Boyacá",2006,"Congreso",NA,NA,NA,NA,2749,3102,5851,18
"1865",15690,7251,"Santa María","Boyacá",2006,"Congreso",NA,NA,NA,NA,1594,1710,3304,10
"1866",15690,7251,"Santa María","Boyacá",2006,"Congreso",NA,NA,NA,"CULIMA",71,123,194,1
"1867",15690,7251,"Santa María","Boyacá",2006,"Congreso",NA,NA,NA,"NAZARETH",45,67,112,1
"1868",15693,7253,"Santa Rosa de Viterbo","Boyacá",2006,"Congreso",NA,NA,NA,NA,3526,2936,6462,19
"1869",15693,7253,"Santa Rosa de Viterbo","Boyacá",2006,"Congreso",NA,NA,NA,"CARCEL",10,26,36,1
"1870",15693,7253,"Santa Rosa de Viterbo","Boyacá",2006,"Congreso",NA,NA,NA,"EL IMPERIO (LA CRECIENTE)",333,290,623,2
"1871",15696,7256,"Santa Sofía","Boyacá",2006,"Congreso",NA,NA,NA,NA,1318,1334,2652,8
"1872",15720,7259,"Sativanorte","Boyacá",2006,"Congreso",NA,NA,NA,NA,1079,1077,2156,7
"1873",15720,7259,"Sativanorte","Boyacá",2006,"Congreso",NA,NA,NA,"LA JUPA",91,97,188,1
"1874",15723,7262,"Sativasur","Boyacá",2006,"Congreso",NA,NA,NA,NA,646,488,1134,4
"1875",15740,7265,"Siachoque","Boyacá",2006,"Congreso",NA,NA,NA,NA,2430,2589,5019,15
"1876",15753,7268,"Soatá","Boyacá",2006,"Congreso",NA,NA,NA,NA,3597,2978,6575,20
"1877",15753,7268,"Soatá","Boyacá",2006,"Congreso",NA,NA,NA,"CARCEL",0,2,2,1
"1878",15755,7271,"Socotá","Boyacá",2006,"Congreso",NA,NA,NA,NA,1940,2092,4032,12
"1879",15755,7271,"Socotá","Boyacá",2006,"Congreso",NA,NA,NA,"EL OSO",76,79,155,1
"1880",15755,7271,"Socotá","Boyacá",2006,"Congreso",NA,NA,NA,"COMEZA-HOYADA",227,279,506,2
"1881",15755,7271,"Socotá","Boyacá",2006,"Congreso",NA,NA,NA,"CHIPAVIEJO",21,38,59,1
"1882",15755,7271,"Socotá","Boyacá",2006,"Congreso",NA,NA,NA,"LA MANGA",122,106,228,1
"1883",15755,7271,"Socotá","Boyacá",2006,"Congreso",NA,NA,NA,"LOS PINOS",210,234,444,2
"1884",15755,7271,"Socotá","Boyacá",2006,"Congreso",NA,NA,NA,"PUEBLO VIEJO",50,58,108,1
"1885",15757,7274,"Socha","Boyacá",2006,"Congreso",NA,NA,NA,NA,2652,2552,5204,16
"1886",15757,7274,"Socha","Boyacá",2006,"Congreso",NA,NA,NA,"SANTA TERESA",54,63,117,1
"1887",15757,7274,"Socha","Boyacá",2006,"Congreso",NA,NA,NA,"SOCHA VIEJO",79,86,165,1
"1888",15759,7277,"Sogamoso","Boyacá",2006,"Congreso",NA,NA,NA,"INST. JOAQUIN GONZALEZ C.",1571,6744,8315,25
"1889",15759,7277,"Sogamoso","Boyacá",2006,"Congreso",NA,NA,NA,"COL. REYES PATRIA",6899,639,7538,22
"1890",15759,7277,"Sogamoso","Boyacá",2006,"Congreso",NA,NA,NA,"COLISEO CUBIERTO",3177,2753,5930,18
"1891",15759,7277,"Sogamoso","Boyacá",2006,"Congreso",NA,NA,NA,"UNDESCO",3634,2973,6607,20
"1892",15759,7277,"Sogamoso","Boyacá",2006,"Congreso",NA,NA,NA,"SENA",725,659,1384,5
"1893",15759,7277,"Sogamoso","Boyacá",2006,"Congreso",NA,NA,NA,"CONCENTRACION LIBERTADOR",2691,2119,4810,14
"1894",15759,7277,"Sogamoso","Boyacá",2006,"Congreso",NA,NA,NA,"CONCENTRACION MAGDALENA",3268,2131,5399,16
"1895",15759,7277,"Sogamoso","Boyacá",2006,"Congreso",NA,NA,NA,"CONCENTRACION ROSARIO",3017,2064,5081,15
"1896",15759,7277,"Sogamoso","Boyacá",2006,"Congreso",NA,NA,NA,"COLEGIO CHINCA",3221,2617,5838,17
"1897",15759,7277,"Sogamoso","Boyacá",2006,"Congreso",NA,NA,NA,"COLEGIO SUGAMUXI",2891,2369,5260,16
"1898",15759,7277,"Sogamoso","Boyacá",2006,"Congreso",NA,NA,NA,"COLEGIO POLITECNICO",870,803,1673,5
"1899",15759,7277,"Sogamoso","Boyacá",2006,"Congreso",NA,NA,NA,"PUESTO CENSO",7754,6683,14437,19
"1900",15759,7277,"Sogamoso","Boyacá",2006,"Congreso",NA,NA,NA,"CARCEL",14,96,110,1
"1901",15759,7277,"Sogamoso","Boyacá",2006,"Congreso",NA,NA,NA,"MORCA",436,400,836,3
"1902",15761,7280,"Somondoco","Boyacá",2006,"Congreso",NA,NA,NA,NA,1370,1298,2668,8
"1903",15762,7281,"Sora","Boyacá",2006,"Congreso",NA,NA,NA,NA,960,1074,2034,6
"1904",15763,7282,"Sotaquirá","Boyacá",2006,"Congreso",NA,NA,NA,NA,2054,2126,4180,13
"1905",15764,7283,"Soracá","Boyacá",2006,"Congreso",NA,NA,NA,NA,2122,2185,4307,13
"1906",15764,7283,"Soracá","Boyacá",2006,"Congreso",NA,NA,NA,"EL MORAL",190,194,384,2
"1907",15774,7286,"Susacón","Boyacá",2006,"Congreso",NA,NA,NA,NA,1107,1118,2225,7
"1908",15774,7286,"Susacón","Boyacá",2006,"Congreso",NA,NA,NA,"DESAGUADERO",73,81,154,1
"1909",15774,7286,"Susacón","Boyacá",2006,"Congreso",NA,NA,NA,"SIAPORA",41,60,101,1
"1910",15776,7289,"Sutamarchán","Boyacá",2006,"Congreso",NA,NA,NA,NA,2185,2303,4488,14
"1911",15778,7292,"Sutatenza","Boyacá",2006,"Congreso",NA,NA,NA,NA,1714,1729,3443,11
"1912",15790,7298,"Tasco","Boyacá",2006,"Congreso",NA,NA,NA,NA,2412,2341,4753,14
"1913",15798,7301,"Tenza","Boyacá",2006,"Congreso",NA,NA,NA,NA,1814,1721,3535,11
"1914",15804,7304,"Tibaná","Boyacá",2006,"Congreso",NA,NA,NA,NA,2785,2946,5731,17
"1915",15804,7304,"Tibaná","Boyacá",2006,"Congreso",NA,NA,NA,"EL CARMEN",187,192,379,2
"1916",15804,7304,"Tibaná","Boyacá",2006,"Congreso",NA,NA,NA,"SUPANECA ARRIBA",234,248,482,2
"1917",15804,7304,"Tibaná","Boyacá",2006,"Congreso",NA,NA,NA,"SUTA ARRIBA",160,167,327,1
"1918",15806,7307,"Tibasosa","Boyacá",2006,"Congreso",NA,NA,NA,NA,3344,2932,6276,19
"1919",15808,7310,"Tinjacá","Boyacá",2006,"Congreso",NA,NA,NA,NA,1002,998,2000,6
"1920",15810,7311,"Tipacoque","Boyacá",2006,"Congreso",NA,NA,NA,NA,1373,1461,2834,9
"1921",15810,7311,"Tipacoque","Boyacá",2006,"Congreso",NA,NA,NA,"LA CARRERA",151,158,309,1
"1922",15814,7313,"Toca","Boyacá",2006,"Congreso",NA,NA,NA,NA,2932,3060,5992,18
"1923",15816,7316,"Togüí","Boyacá",2006,"Congreso",NA,NA,NA,NA,1655,1903,3558,11
"1924",15816,7316,"Togüí","Boyacá",2006,"Congreso",NA,NA,NA,"GARIVAI",140,174,314,1
"1925",15820,7319,"Tópaga","Boyacá",2006,"Congreso",NA,NA,NA,NA,1049,858,1907,6
"1926",15820,7319,"Tópaga","Boyacá",2006,"Congreso",NA,NA,NA,"BADO CASTRO",270,261,531,2
"1927",15822,7322,"Tota","Boyacá",2006,"Congreso",NA,NA,NA,NA,1268,1287,2555,8
"1928",15822,7322,"Tota","Boyacá",2006,"Congreso",NA,NA,NA,"LA PUERTA",239,261,500,2
"1929",15822,7322,"Tota","Boyacá",2006,"Congreso",NA,NA,NA,"TOBAL",141,155,296,1
"1930",15832,7324,"Tununguá","Boyacá",2006,"Congreso",NA,NA,NA,NA,514,591,1105,4
"1931",15835,7325,"Turmequé","Boyacá",2006,"Congreso",NA,NA,NA,NA,2781,2877,5658,17
"1932",15837,7328,"Tuta","Boyacá",2006,"Congreso",NA,NA,NA,NA,2672,2638,5310,16
"1933",15837,7328,"Tuta","Boyacá",2006,"Congreso",NA,NA,NA,"EL CRUCE",190,221,411,2
"1934",15839,7331,"Tutazá","Boyacá",2006,"Congreso",NA,NA,NA,NA,408,318,726,3
"1935",15839,7331,"Tutazá","Boyacá",2006,"Congreso",NA,NA,NA,"PARAMO",424,428,852,3
"1936",15842,7334,"Umbita","Boyacá",2006,"Congreso",NA,NA,NA,NA,2682,2884,5566,17
"1937",15861,7337,"Ventaquemada","Boyacá",2006,"Congreso",NA,NA,NA,NA,4583,4604,9187,27
"1938",15861,7337,"Ventaquemada","Boyacá",2006,"Congreso",NA,NA,NA,"EL CARMEN",184,225,409,2
"1939",15879,7340,"Viracachá","Boyacá",2006,"Congreso",NA,NA,NA,NA,1158,1277,2435,8
"1940",15897,7346,"Zetaquira","Boyacá",2006,"Congreso",NA,NA,NA,NA,1615,1746,3361,10
"1941",17001,9001,"Manizales","Caldas",2006,"Congreso",NA,NA,NA,"ESC. SANTANDER",3112,3641,6753,20
"1942",17001,9001,"Manizales","Caldas",2006,"Congreso",NA,NA,NA,"ESC. SIETE DE AGOSTO",4580,2864,7444,22
"1943",17001,9001,"Manizales","Caldas",2006,"Congreso",NA,NA,NA,"CTRO EDC. ESTAMBUL",1772,1229,3001,9
"1944",17001,9001,"Manizales","Caldas",2006,"Congreso",NA,NA,NA,"ANTIGUO CTRO DIAGNOSTICO AUT.",830,707,1537,5
"1945",17001,9001,"Manizales","Caldas",2006,"Congreso",NA,NA,NA,"COL. MIXTO ADOLFO HOYOS",714,649,1363,4
"1946",17001,9001,"Manizales","Caldas",2006,"Congreso",NA,NA,NA,"ESC. JULIO ZULUAGA",3867,2567,6434,19
"1947",17001,9001,"Manizales","Caldas",2006,"Congreso",NA,NA,NA,"COL. MARIANO OSPINA PEREZ",1459,1107,2566,8
"1948",17001,9001,"Manizales","Caldas",2006,"Congreso",NA,NA,NA,"ESC. MIGUEL ABADIA MENDEZ",1544,1382,2926,9
"1949",17001,9001,"Manizales","Caldas",2006,"Congreso",NA,NA,NA,"TERMINAL DE TRANSPORTE",3245,3965,7210,21
"1950",17001,9001,"Manizales","Caldas",2006,"Congreso",NA,NA,NA,"LICEO FEMENINO ISABEL LA CATO",2547,2126,4673,14
"1951",17001,9001,"Manizales","Caldas",2006,"Congreso",NA,NA,NA,"(LA AVANZADA)ESC. FCO MARULAN",1224,1086,2310,7
"1952",17001,9001,"Manizales","Caldas",2006,"Congreso",NA,NA,NA,"INSTITUTO MANIZALES",4054,3146,7200,21
"1953",17001,9001,"Manizales","Caldas",2006,"Congreso",NA,NA,NA,"ESC. JOSE ANTONIO GALAN",1310,969,2279,7
"1954",17001,9001,"Manizales","Caldas",2006,"Congreso",NA,NA,NA,"PALACIO NACIONAL",10274,10145,20419,60
"1955",17001,9001,"Manizales","Caldas",2006,"Congreso",NA,NA,NA,"ESC. GRAN COLOMBIA",3482,2543,6025,18
"1956",17001,9001,"Manizales","Caldas",2006,"Congreso",NA,NA,NA,"PARQUEADERO REMO",4665,6513,11178,33
"1957",17001,9001,"Manizales","Caldas",2006,"Congreso",NA,NA,NA,"CTRO CIAL. PARQUE CALDAS",3803,3241,7044,21
"1958",17001,9001,"Manizales","Caldas",2006,"Congreso",NA,NA,NA,"ESC. LAS AMERICAS",2108,1598,3706,11
"1959",17001,9001,"Manizales","Caldas",2006,"Congreso",NA,NA,NA,"ESC. LA ASUNCION",2113,1546,3659,11
"1960",17001,9001,"Manizales","Caldas",2006,"Congreso",NA,NA,NA,"ESC. ANTONIA SANTOS",3363,2487,5850,18
"1961",17001,9001,"Manizales","Caldas",2006,"Congreso",NA,NA,NA,"FAC.CIENCIAS PARA LA SALUD U.",3340,2502,5842,17
"1962",17001,9001,"Manizales","Caldas",2006,"Congreso",NA,NA,NA,"INSTITUTO UNIVERSITARIO",3196,2586,5782,17
"1963",17001,9001,"Manizales","Caldas",2006,"Congreso",NA,NA,NA,"ESC. VICTORIANO VELEZ",1878,1407,3285,10
"1964",17001,9001,"Manizales","Caldas",2006,"Congreso",NA,NA,NA,"COL. LEONARDO DAVINCI",3437,2523,5960,18
"1965",17001,9001,"Manizales","Caldas",2006,"Congreso",NA,NA,NA,"COL. NTRA. SRA. DEL PERPETUO",1228,845,2073,7
"1966",17001,9001,"Manizales","Caldas",2006,"Congreso",NA,NA,NA,"ESC. ANDRES BELLO (NEVADO)",2841,2198,5039,15
"1967",17001,9001,"Manizales","Caldas",2006,"Congreso",NA,NA,NA,"ESC. NTRA. SRA. DE LOURDES",513,379,892,3
"1968",17001,9001,"Manizales","Caldas",2006,"Congreso",NA,NA,NA,"ESC. EL CARIBE",5025,3715,8740,26
"1969",17001,9001,"Manizales","Caldas",2006,"Congreso",NA,NA,NA,"ESC. VILLAHERMOSA",3893,2812,6705,20
"1970",17001,9001,"Manizales","Caldas",2006,"Congreso",NA,NA,NA,"(EL SOLFERINO)ESC. RAFAEL URI",2227,1663,3890,12
"1971",17001,9001,"Manizales","Caldas",2006,"Congreso",NA,NA,NA,"CTRO. EDUC. LA CAROLA",1438,1002,2440,8
"1972",17001,9001,"Manizales","Caldas",2006,"Congreso",NA,NA,NA,"CASA COMUNAL BOSQUE DEL NORTE",1632,1201,2833,9
"1973",17001,9001,"Manizales","Caldas",2006,"Congreso",NA,NA,NA,"COLISEO CUBIERTO",2266,2069,4335,13
"1974",17001,9001,"Manizales","Caldas",2006,"Congreso",NA,NA,NA,"FAC.CIENCIAS JURID.Y SOC. U.C",2526,1826,4352,13
"1975",17001,9001,"Manizales","Caldas",2006,"Congreso",NA,NA,NA,"CTRO CIAL SAN CANCIO",3951,2951,6902,21
"1976",17001,9001,"Manizales","Caldas",2006,"Congreso",NA,NA,NA,"FACULTAD DE ARQUITECTURA",2415,2377,4792,14
"1977",17001,9001,"Manizales","Caldas",2006,"Congreso",NA,NA,NA,"CONC. ATANACIO GIRARDOT",2433,1870,4303,13
"1978",17001,9001,"Manizales","Caldas",2006,"Congreso",NA,NA,NA,"CONCENTRACION BOLIVARIANA",3491,2644,6135,18
"1979",17001,9001,"Manizales","Caldas",2006,"Congreso",NA,NA,NA,"ESC. RUFINO J. CUERVO",3675,2657,6332,19
"1980",17001,9001,"Manizales","Caldas",2006,"Congreso",NA,NA,NA,"LICEO MIXTO ARANJUEZ",2193,1708,3901,12
"1981",17001,9001,"Manizales","Caldas",2006,"Congreso",NA,NA,NA,"ESC. MERCEDES ABREGO",1997,1464,3461,11
"1982",17001,9001,"Manizales","Caldas",2006,"Congreso",NA,NA,NA,"CONCENTRACION LA SULTANA",3138,2207,5345,16
"1983",17001,9001,"Manizales","Caldas",2006,"Congreso",NA,NA,NA,"ESC. LA CUMBRE",1011,726,1737,6
"1984",17001,9001,"Manizales","Caldas",2006,"Congreso",NA,NA,NA,"CONC. RICARDO FLOREZ",2035,1657,3692,11
"1985",17001,9001,"Manizales","Caldas",2006,"Congreso",NA,NA,NA,"COLEGIO PIO X",2586,2248,4834,15
"1986",17001,9001,"Manizales","Caldas",2006,"Congreso",NA,NA,NA,"HOGAR INFANTIL FLORIDABLANCA",3491,2508,5999,18
"1987",17001,9001,"Manizales","Caldas",2006,"Congreso",NA,NA,NA,"LUSITANIA",485,389,874,3
"1988",17001,9001,"Manizales","Caldas",2006,"Congreso",NA,NA,NA,"PUESTO CENSO",16045,14426,30471,39
"1989",17001,9001,"Manizales","Caldas",2006,"Congreso",NA,NA,NA,"CARCEL DISTRITO JUDICIAL",24,147,171,1
"1990",17001,9001,"Manizales","Caldas",2006,"Congreso",NA,NA,NA,"AGROTURISTICO EL TABLAZO",1728,1718,3446,11
"1991",17001,9001,"Manizales","Caldas",2006,"Congreso",NA,NA,NA,"EL MANANTIAL",557,584,1141,4
"1992",17001,9001,"Manizales","Caldas",2006,"Congreso",NA,NA,NA,"COLOMBIA",463,534,997,3
"1993",17001,9001,"Manizales","Caldas",2006,"Congreso",NA,NA,NA,"EL REMANSO",1710,1938,3648,11
"1994",17001,9001,"Manizales","Caldas",2006,"Congreso",NA,NA,NA,"RIOBLANCO",380,425,805,3
"1995",17001,9001,"Manizales","Caldas",2006,"Congreso",NA,NA,NA,"LA CRISTALINA",424,661,1085,4
"1996",17001,9001,"Manizales","Caldas",2006,"Congreso",NA,NA,NA,"PANORAMA",767,921,1688,5
"1997",17013,9004,"Aguadas","Caldas",2006,"Congreso",NA,NA,NA,NA,7141,6565,13706,40
"1998",17013,9004,"Aguadas","Caldas",2006,"Congreso",NA,NA,NA,"CARCEL",4,20,24,1
"1999",17013,9004,"Aguadas","Caldas",2006,"Congreso",NA,NA,NA,"ARMA",793,809,1602,5
"2000",17013,9004,"Aguadas","Caldas",2006,"Congreso",NA,NA,NA,"ENCIMADAS",214,275,489,2
"2001",17013,9004,"Aguadas","Caldas",2006,"Congreso",NA,NA,NA,"VIBORAL",352,400,752,3
"2002",17013,9004,"Aguadas","Caldas",2006,"Congreso",NA,NA,NA,"LA MERMITA",269,262,531,2
"2003",17013,9004,"Aguadas","Caldas",2006,"Congreso",NA,NA,NA,"ALTO DE LA MONTA/A",247,234,481,2
"2004",17013,9004,"Aguadas","Caldas",2006,"Congreso",NA,NA,NA,"BOCAS",38,69,107,1
"2005",17013,9004,"Aguadas","Caldas",2006,"Congreso",NA,NA,NA,"RIO ARRIBA",325,335,660,2
"2006",17013,9004,"Aguadas","Caldas",2006,"Congreso",NA,NA,NA,"EL EDEN",228,203,431,2
"2007",17042,9007,"Anserma","Caldas",2006,"Congreso",NA,NA,NA,"COLEGIO DE OCCIDENTE",513,5215,5728,17
"2008",17042,9007,"Anserma","Caldas",2006,"Congreso",NA,NA,NA,"ESC.URB.ANTONIO JOSE DE SUCRE",3510,1698,5208,16
"2009",17042,9007,"Anserma","Caldas",2006,"Congreso",NA,NA,NA,"ESCUELA SAN JOSE",5364,410,5774,17
"2010",17042,9007,"Anserma","Caldas",2006,"Congreso",NA,NA,NA,"ESC.NORMAL SUPERIOR DE ANSERM",1597,2372,3969,12
"2011",17042,9007,"Anserma","Caldas",2006,"Congreso",NA,NA,NA,"CARCEL",0,20,20,1
"2012",17042,9007,"Anserma","Caldas",2006,"Congreso",NA,NA,NA,"CHAPATA",143,162,305,1
"2013",17042,9007,"Anserma","Caldas",2006,"Congreso",NA,NA,NA,"BELLAVISTA",292,361,653,2
"2014",17042,9007,"Anserma","Caldas",2006,"Congreso",NA,NA,NA,"CONCHARI",246,273,519,2
"2015",17042,9007,"Anserma","Caldas",2006,"Congreso",NA,NA,NA,"LA NUBIA",146,198,344,1
"2016",17042,9007,"Anserma","Caldas",2006,"Congreso",NA,NA,NA,"LA PERLA",40,73,113,1
"2017",17042,9007,"Anserma","Caldas",2006,"Congreso",NA,NA,NA,"LA RICA",290,330,620,2
"2018",17042,9007,"Anserma","Caldas",2006,"Congreso",NA,NA,NA,"MARAPRA",399,397,796,3
"2019",17042,9007,"Anserma","Caldas",2006,"Congreso",NA,NA,NA,"PALO BLANCO",128,182,310,1
"2020",17042,9007,"Anserma","Caldas",2006,"Congreso",NA,NA,NA,"LA FLORESTA",147,180,327,1
"2021",17042,9007,"Anserma","Caldas",2006,"Congreso",NA,NA,NA,"SAN PEDRO",294,311,605,2
"2022",17050,9013,"Aranzazu","Caldas",2006,"Congreso",NA,NA,NA,NA,5214,5151,10365,31
"2023",17050,9013,"Aranzazu","Caldas",2006,"Congreso",NA,NA,NA,"ALEGRIAS",126,154,280,1
"2024",17050,9013,"Aranzazu","Caldas",2006,"Congreso",NA,NA,NA,"BUENOS AIRES",85,88,173,1
"2025",17050,9013,"Aranzazu","Caldas",2006,"Congreso",NA,NA,NA,"LA HONDITA",20,16,36,1
"2026",17050,9013,"Aranzazu","Caldas",2006,"Congreso",NA,NA,NA,"VARSOVIA",42,33,75,1
"2027",17050,9013,"Aranzazu","Caldas",2006,"Congreso",NA,NA,NA,"LA MARINA",30,21,51,1
"2028",17088,9022,"Belalcázar","Caldas",2006,"Congreso",NA,NA,NA,NA,3541,3666,7207,21
"2029",17088,9022,"Belalcázar","Caldas",2006,"Congreso",NA,NA,NA,"EL MADRO/O",178,284,462,2
"2030",17088,9022,"Belalcázar","Caldas",2006,"Congreso",NA,NA,NA,"EL AGUILA",124,181,305,1
"2031",17088,9022,"Belalcázar","Caldas",2006,"Congreso",NA,NA,NA,"LA CASCADA",121,161,282,1
"2032",17088,9022,"Belalcázar","Caldas",2006,"Congreso",NA,NA,NA,"QUIEBRA DE LA HABANA",201,286,487,2
"2033",17088,9022,"Belalcázar","Caldas",2006,"Congreso",NA,NA,NA,"SAN ISIDRO",125,178,303,1
"2034",17088,9022,"Belalcázar","Caldas",2006,"Congreso",NA,NA,NA,"EL CRUCERO",103,163,266,1
"2035",17174,9034,"Chinchiná","Caldas",2006,"Congreso",NA,NA,NA,"ESC. MARIA INMACULADA",3917,3875,7792,23
"2036",17174,9034,"Chinchiná","Caldas",2006,"Congreso",NA,NA,NA,"COL BARTOLOME MITRE",2561,2328,4889,15
"2037",17174,9034,"Chinchiná","Caldas",2006,"Congreso",NA,NA,NA,"COL. INST. CIAL. VERDUN",1847,1434,3281,10
"2038",17174,9034,"Chinchiná","Caldas",2006,"Congreso",NA,NA,NA,"ESC. JUAN XXIII",1626,1263,2889,9
"2039",17174,9034,"Chinchiná","Caldas",2006,"Congreso",NA,NA,NA,"PUESTO CENSO",7903,7312,15215,20
"2040",17174,9034,"Chinchiná","Caldas",2006,"Congreso",NA,NA,NA,"CARCEL",0,1,1,1
"2041",17174,9034,"Chinchiná","Caldas",2006,"Congreso",NA,NA,NA,"BAJO ESPA/OL",212,276,488,2
"2042",17174,9034,"Chinchiná","Caldas",2006,"Congreso",NA,NA,NA,"EL TREBOL",674,836,1510,5
"2043",17174,9034,"Chinchiná","Caldas",2006,"Congreso",NA,NA,NA,"LA FLORESTA",560,663,1223,4
"2044",17272,9037,"Filadelfia","Caldas",2006,"Congreso",NA,NA,NA,NA,3118,2949,6067,18
"2045",17272,9037,"Filadelfia","Caldas",2006,"Congreso",NA,NA,NA,"EL PINTADO",79,88,167,1
"2046",17272,9037,"Filadelfia","Caldas",2006,"Congreso",NA,NA,NA,"EL VERSO",125,176,301,1
"2047",17272,9037,"Filadelfia","Caldas",2006,"Congreso",NA,NA,NA,"LA PAILA",222,272,494,2
"2048",17272,9037,"Filadelfia","Caldas",2006,"Congreso",NA,NA,NA,"MORRITOS",151,196,347,2
"2049",17272,9037,"Filadelfia","Caldas",2006,"Congreso",NA,NA,NA,"SAMARIA",767,813,1580,5
"2050",17272,9037,"Filadelfia","Caldas",2006,"Congreso",NA,NA,NA,"SAN LUIS",210,219,429,2
"2051",17380,9049,"La Dorada","Caldas",2006,"Congreso",NA,NA,NA,"ESC. SANTANDER",6577,7636,14213,42
"2052",17380,9049,"La Dorada","Caldas",2006,"Congreso",NA,NA,NA,"ESC. SAN VICENTE",4464,2267,6731,20
"2053",17380,9049,"La Dorada","Caldas",2006,"Congreso",NA,NA,NA,"INSTITUTO NAL LA DORADA",3499,3225,6724,20
"2054",17380,9049,"La Dorada","Caldas",2006,"Congreso",NA,NA,NA,"INSTITUTO POLITECNICO",1419,1240,2659,8
"2055",17380,9049,"La Dorada","Caldas",2006,"Congreso",NA,NA,NA,"ESC. CON. LAS FERIAS",5978,4026,10004,30
"2056",17380,9049,"La Dorada","Caldas",2006,"Congreso",NA,NA,NA,"ESC. MARCO FIDEL SUAREZ",1395,1103,2498,8
"2057",17380,9049,"La Dorada","Caldas",2006,"Congreso",NA,NA,NA,"PUESTO CENSO",4380,3983,8363,11
"2058",17380,9049,"La Dorada","Caldas",2006,"Congreso",NA,NA,NA,"CARCEL",12,98,110,1
"2059",17380,9049,"La Dorada","Caldas",2006,"Congreso",NA,NA,NA,"BUENAVISTA",259,296,555,2
"2060",17380,9049,"La Dorada","Caldas",2006,"Congreso",NA,NA,NA,"EL PURNIO",32,46,78,1
"2061",17380,9049,"La Dorada","Caldas",2006,"Congreso",NA,NA,NA,"GUARINOCITO",952,945,1897,6
"2062",17380,9049,"La Dorada","Caldas",2006,"Congreso",NA,NA,NA,"LA ATARRAYA",20,68,88,1
"2063",17388,9052,"La Merced","Caldas",2006,"Congreso",NA,NA,NA,NA,1709,1598,3307,10
"2064",17388,9052,"La Merced","Caldas",2006,"Congreso",NA,NA,NA,"EL LIMON",198,228,426,2
"2065",17388,9052,"La Merced","Caldas",2006,"Congreso",NA,NA,NA,"EL TAMBOR",162,194,356,2
"2066",17388,9052,"La Merced","Caldas",2006,"Congreso",NA,NA,NA,"LA FELISA",214,207,421,2
"2067",17388,9052,"La Merced","Caldas",2006,"Congreso",NA,NA,NA,"MACIEGAL",60,85,145,1
"2068",17388,9052,"La Merced","Caldas",2006,"Congreso",NA,NA,NA,"PE/A RICA",167,160,327,1
"2069",17388,9052,"La Merced","Caldas",2006,"Congreso",NA,NA,NA,"SAN JOSE",248,305,553,2
"2070",17433,9055,"Manzanares","Caldas",2006,"Congreso",NA,NA,NA,NA,5903,5958,11861,35
"2071",17433,9055,"Manzanares","Caldas",2006,"Congreso",NA,NA,NA,"CARCEL",1,10,11,1
"2072",17433,9055,"Manzanares","Caldas",2006,"Congreso",NA,NA,NA,"AGUA BONITA",338,438,776,3
"2073",17433,9055,"Manzanares","Caldas",2006,"Congreso",NA,NA,NA,"LA CEIBA",125,107,232,1
"2074",17433,9055,"Manzanares","Caldas",2006,"Congreso",NA,NA,NA,"LAS MARGARITAS",246,287,533,2
"2075",17433,9055,"Manzanares","Caldas",2006,"Congreso",NA,NA,NA,"LOS PLANES",318,362,680,2
"2076",17433,9055,"Manzanares","Caldas",2006,"Congreso",NA,NA,NA,"SAN JUAN LA SIRIA",92,100,192,1
"2077",17433,9055,"Manzanares","Caldas",2006,"Congreso",NA,NA,NA,"SAN VICENTE",92,109,201,1
"2078",17442,9058,"Marmato","Caldas",2006,"Congreso",NA,NA,NA,NA,979,1051,2030,6
"2079",17442,9058,"Marmato","Caldas",2006,"Congreso",NA,NA,NA,"CABRAS",346,349,695,3
"2080",17442,9058,"Marmato","Caldas",2006,"Congreso",NA,NA,NA,"ECHANDIA",159,159,318,1
"2081",17442,9058,"Marmato","Caldas",2006,"Congreso",NA,NA,NA,"EL LLANO",408,371,779,3
"2082",17442,9058,"Marmato","Caldas",2006,"Congreso",NA,NA,NA,"LA MIEL",302,323,625,2
"2083",17442,9058,"Marmato","Caldas",2006,"Congreso",NA,NA,NA,"SAN JUAN",313,322,635,2
"2084",17444,9061,"Marquetalia","Caldas",2006,"Congreso",NA,NA,NA,NA,4447,5037,9484,28
"2085",17444,9061,"Marquetalia","Caldas",2006,"Congreso",NA,NA,NA,"SANTA ELENA",267,380,647,2
"2086",17444,9061,"Marquetalia","Caldas",2006,"Congreso",NA,NA,NA,"EL PLACER",186,230,416,2
"2087",17444,9061,"Marquetalia","Caldas",2006,"Congreso",NA,NA,NA,"PATIOBONITO",27,32,59,1
"2088",17446,9067,"Marulanda","Caldas",2006,"Congreso",NA,NA,NA,NA,642,659,1301,4
"2089",17446,9067,"Marulanda","Caldas",2006,"Congreso",NA,NA,NA,"MONTEBONITO",564,716,1280,4
"2090",17446,9067,"Marulanda","Caldas",2006,"Congreso",NA,NA,NA,"EL PARAMO",29,41,70,1
"2091",17446,9067,"Marulanda","Caldas",2006,"Congreso",NA,NA,NA,"EL ZANCUDO",57,90,147,1
"2092",17486,9076,"Neira","Caldas",2006,"Congreso",NA,NA,NA,NA,9103,9412,18515,54
"2093",17486,9076,"Neira","Caldas",2006,"Congreso",NA,NA,NA,"CARCEL",0,0,0,0
"2094",17495,9078,"Norcasia","Caldas",2006,"Congreso",NA,NA,NA,NA,2266,2369,4635,14
"2095",17513,9079,"Pácora","Caldas",2006,"Congreso",NA,NA,NA,NA,4330,4179,8509,25
"2096",17513,9079,"Pácora","Caldas",2006,"Congreso",NA,NA,NA,"CASTILLA",420,398,818,3
"2097",17513,9079,"Pácora","Caldas",2006,"Congreso",NA,NA,NA,"BUENOS AIRES",102,122,224,1
"2098",17513,9079,"Pácora","Caldas",2006,"Congreso",NA,NA,NA,"LAS COLES",343,396,739,3
"2099",17513,9079,"Pácora","Caldas",2006,"Congreso",NA,NA,NA,"LOS MORROS",136,127,263,1
"2100",17513,9079,"Pácora","Caldas",2006,"Congreso",NA,NA,NA,"SAN BARTOLOME",537,531,1068,4
"2101",17513,9079,"Pácora","Caldas",2006,"Congreso",NA,NA,NA,"SAN LORENZO",137,175,312,1
"2102",17524,9082,"Palestina","Caldas",2006,"Congreso",NA,NA,NA,NA,4072,4567,8639,26
"2103",17524,9082,"Palestina","Caldas",2006,"Congreso",NA,NA,NA,"CARCEL",0,0,0,0
"2104",17524,9082,"Palestina","Caldas",2006,"Congreso",NA,NA,NA,"ARAUCA",2148,2306,4454,13
"2105",17524,9082,"Palestina","Caldas",2006,"Congreso",NA,NA,NA,"LA PLATA",285,407,692,3
"2106",17524,9082,"Palestina","Caldas",2006,"Congreso",NA,NA,NA,"SANTAGUEDA",324,402,726,3
"2107",17541,9085,"Pensilvania","Caldas",2006,"Congreso",NA,NA,NA,NA,5031,5015,10046,30
"2108",17541,9085,"Pensilvania","Caldas",2006,"Congreso",NA,NA,NA,"CARCEL",0,11,11,1
"2109",17541,9085,"Pensilvania","Caldas",2006,"Congreso",NA,NA,NA,"ARBOLEDA",837,974,1811,6
"2110",17541,9085,"Pensilvania","Caldas",2006,"Congreso",NA,NA,NA,"AGUA BONITA",98,107,205,1
"2111",17541,9085,"Pensilvania","Caldas",2006,"Congreso",NA,NA,NA,"BOLIVIA",1036,1218,2254,7
"2112",17541,9085,"Pensilvania","Caldas",2006,"Congreso",NA,NA,NA,"EL HIGUERON",319,367,686,2
"2113",17541,9085,"Pensilvania","Caldas",2006,"Congreso",NA,NA,NA,"GUACAS",115,176,291,1
"2114",17541,9085,"Pensilvania","Caldas",2006,"Congreso",NA,NA,NA,"LA TORRE",0,0,0,0
"2115",17541,9085,"Pensilvania","Caldas",2006,"Congreso",NA,NA,NA,"LA QUIEBRA (SAN DANIEL)",791,957,1748,6
"2116",17541,9085,"Pensilvania","Caldas",2006,"Congreso",NA,NA,NA,"LA RIOJA",125,159,284,1
"2117",17541,9085,"Pensilvania","Caldas",2006,"Congreso",NA,NA,NA,"PUEBLONUEVO",273,386,659,2
"2118",17541,9085,"Pensilvania","Caldas",2006,"Congreso",NA,NA,NA,"SAMARIA",60,90,150,1
"2119",17614,9103,"Riosucio","Caldas",2006,"Congreso",NA,NA,NA,"CONC. ESC. FCO. DE PAULA SDER",2155,1955,4110,12
"2120",17614,9103,"Riosucio","Caldas",2006,"Congreso",NA,NA,NA,"CONC. ESC. ANTONIO NARI/O",1692,1086,2778,9
"2121",17614,9103,"Riosucio","Caldas",2006,"Congreso",NA,NA,NA,"INST. NAL. LOS FUNDADORES",2414,2030,4444,13
"2122",17614,9103,"Riosucio","Caldas",2006,"Congreso",NA,NA,NA,"COLISEO DE LOS DEPORTES",1265,1070,2335,7
"2123",17614,9103,"Riosucio","Caldas",2006,"Congreso",NA,NA,NA,"PUESTO CENSO",5113,5144,10257,13
"2124",17614,9103,"Riosucio","Caldas",2006,"Congreso",NA,NA,NA,"CARCEL",0,10,10,1
"2125",17614,9103,"Riosucio","Caldas",2006,"Congreso",NA,NA,NA,"BONAFONT",1282,1338,2620,8
"2126",17614,9103,"Riosucio","Caldas",2006,"Congreso",NA,NA,NA,"EL ORO",64,104,168,1
"2127",17614,9103,"Riosucio","Caldas",2006,"Congreso",NA,NA,NA,"EL SALADO",193,210,403,2
"2128",17614,9103,"Riosucio","Caldas",2006,"Congreso",NA,NA,NA,"FLORENCIA",175,219,394,2
"2129",17614,9103,"Riosucio","Caldas",2006,"Congreso",NA,NA,NA,"LOS CHANCOS",97,97,194,1
"2130",17614,9103,"Riosucio","Caldas",2006,"Congreso",NA,NA,NA,"QUIEBRALOMO",177,170,347,2
"2131",17614,9103,"Riosucio","Caldas",2006,"Congreso",NA,NA,NA,"SAN JERONIMO",304,265,569,2
"2132",17614,9103,"Riosucio","Caldas",2006,"Congreso",NA,NA,NA,"SAN LORENZO",2005,1873,3878,12
"2133",17614,9103,"Riosucio","Caldas",2006,"Congreso",NA,NA,NA,"SANTA MARIA",259,238,497,2
"2134",17614,9103,"Riosucio","Caldas",2006,"Congreso",NA,NA,NA,"LLANOGRANDE",125,98,223,1
"2135",17614,9103,"Riosucio","Caldas",2006,"Congreso",NA,NA,NA,"LAS ESTANCIAS",170,173,343,1
"2136",17614,9103,"Riosucio","Caldas",2006,"Congreso",NA,NA,NA,"MEJIAL",45,68,113,1
"2137",17614,9103,"Riosucio","Caldas",2006,"Congreso",NA,NA,NA,"SIPIRRA",220,224,444,2
"2138",17616,9106,"Risaralda","Caldas",2006,"Congreso",NA,NA,NA,NA,3822,4237,8059,24
"2139",17616,9106,"Risaralda","Caldas",2006,"Congreso",NA,NA,NA,"CARCEL",0,0,0,0
"2140",17616,9106,"Risaralda","Caldas",2006,"Congreso",NA,NA,NA,"ALTO ARAUCA",168,265,433,2
"2141",17616,9106,"Risaralda","Caldas",2006,"Congreso",NA,NA,NA,"LA BOHEMIA",152,158,310,1
"2142",17616,9106,"Risaralda","Caldas",2006,"Congreso",NA,NA,NA,"LA QUIEBRA DE SANTA BARBARA",168,279,447,2
"2143",17616,9106,"Risaralda","Caldas",2006,"Congreso",NA,NA,NA,"EL PALO",366,490,856,3
"2144",17653,9109,"Salamina","Caldas",2006,"Congreso",NA,NA,NA,NA,7198,6657,13855,41
"2145",17653,9109,"Salamina","Caldas",2006,"Congreso",NA,NA,NA,"EL PERRO",124,152,276,1
"2146",17653,9109,"Salamina","Caldas",2006,"Congreso",NA,NA,NA,"LA UNION",197,231,428,2
"2147",17653,9109,"Salamina","Caldas",2006,"Congreso",NA,NA,NA,"PORTACHUELO",97,111,208,1
"2148",17653,9109,"Salamina","Caldas",2006,"Congreso",NA,NA,NA,"SAN FELIX",610,606,1216,4
"2149",17662,9115,"Samaná","Caldas",2006,"Congreso",NA,NA,NA,NA,4494,4698,9192,27
"2150",17662,9115,"Samaná","Caldas",2006,"Congreso",NA,NA,NA,"BERLIN",271,324,595,2
"2151",17662,9115,"Samaná","Caldas",2006,"Congreso",NA,NA,NA,"EL CONGAL",75,101,176,1
"2152",17662,9115,"Samaná","Caldas",2006,"Congreso",NA,NA,NA,"CONFINES",103,173,276,1
"2153",17662,9115,"Samaná","Caldas",2006,"Congreso",NA,NA,NA,"SANTA RITA",272,334,606,2
"2154",17662,9115,"Samaná","Caldas",2006,"Congreso",NA,NA,NA,"FLORENCIA",915,1163,2078,7
"2155",17662,9115,"Samaná","Caldas",2006,"Congreso",NA,NA,NA,"ENCIMADAS",216,241,457,2
"2156",17662,9115,"Samaná","Caldas",2006,"Congreso",NA,NA,NA,"LOS POMOS",135,197,332,1
"2157",17662,9115,"Samaná","Caldas",2006,"Congreso",NA,NA,NA,"RANCHOLARGO",156,193,349,2
"2158",17662,9115,"Samaná","Caldas",2006,"Congreso",NA,NA,NA,"SAN DIEGO",761,952,1713,5
"2159",17662,9115,"Samaná","Caldas",2006,"Congreso",NA,NA,NA,"LA QUINTA",153,210,363,2
"2160",17662,9115,"Samaná","Caldas",2006,"Congreso",NA,NA,NA,"DULCE NOMBRE",61,100,161,1
"2161",17662,9115,"Samaná","Caldas",2006,"Congreso",NA,NA,NA,"CRISTALES",97,147,244,1
"2162",17665,9120,"San José","Caldas",2006,"Congreso",NA,NA,NA,NA,1927,2205,4132,13
"2163",17665,9120,"San José","Caldas",2006,"Congreso",NA,NA,NA,"PRIMAVERA",74,94,168,1
"2164",17777,9124,"Supía","Caldas",2006,"Congreso",NA,NA,NA,NA,9777,8517,18294,54
"2165",17867,9127,"Victoria","Caldas",2006,"Congreso",NA,NA,NA,NA,2826,2929,5755,17
"2166",17867,9127,"Victoria","Caldas",2006,"Congreso",NA,NA,NA,"ISAZA",366,437,803,3
"2167",17867,9127,"Victoria","Caldas",2006,"Congreso",NA,NA,NA,"EL LLANO",111,186,297,1
"2168",17867,9127,"Victoria","Caldas",2006,"Congreso",NA,NA,NA,"CA/AVERAL",300,387,687,2
"2169",17867,9127,"Victoria","Caldas",2006,"Congreso",NA,NA,NA,"LA PRADERA",150,215,365,2
"2170",17873,9130,"Villamaría","Caldas",2006,"Congreso",NA,NA,NA,"INSTITUTO VILLAMARIA",1364,1112,2476,8
"2171",17873,9130,"Villamaría","Caldas",2006,"Congreso",NA,NA,NA,"ANT. ESC. LAURA PINZON",1897,1424,3321,10
"2172",17873,9130,"Villamaría","Caldas",2006,"Congreso",NA,NA,NA,"COL GERARDO ARIAS RAMIREZ",3194,2728,5922,18
"2173",17873,9130,"Villamaría","Caldas",2006,"Congreso",NA,NA,NA,"ESC. RAFAEL POMBO",669,361,1030,3
"2174",17873,9130,"Villamaría","Caldas",2006,"Congreso",NA,NA,NA,"PUESTO CENSO",5694,5123,10817,14
"2175",17873,9130,"Villamaría","Caldas",2006,"Congreso",NA,NA,NA,"CARCEL",0,0,0,0
"2176",17873,9130,"Villamaría","Caldas",2006,"Congreso",NA,NA,NA,"EL PINDO",303,444,747,3
"2177",17873,9130,"Villamaría","Caldas",2006,"Congreso",NA,NA,NA,"LOS CUERVOS (ALTO DE LA CRUZ)",668,797,1465,5
"2178",17873,9130,"Villamaría","Caldas",2006,"Congreso",NA,NA,NA,"LLANITOS",442,453,895,3
"2179",17873,9130,"Villamaría","Caldas",2006,"Congreso",NA,NA,NA,"GALLINAZO",71,93,164,1
"2180",17873,9130,"Villamaría","Caldas",2006,"Congreso",NA,NA,NA,"RIOCLARO",398,442,840,3
"2181",17873,9130,"Villamaría","Caldas",2006,"Congreso",NA,NA,NA,"MIRAFLORES",172,198,370,2
"2182",17877,9133,"Viterbo","Caldas",2006,"Congreso",NA,NA,NA,NA,5579,5294,10873,32
"2183",17877,9133,"Viterbo","Caldas",2006,"Congreso",NA,NA,NA,"EL PORVENIR",23,33,56,1
"2184",17877,9133,"Viterbo","Caldas",2006,"Congreso",NA,NA,NA,"EL SOCORRO",71,81,152,1
"2185",17877,9133,"Viterbo","Caldas",2006,"Congreso",NA,NA,NA,"LA MARIA",55,65,120,1
"2186",17877,9133,"Viterbo","Caldas",2006,"Congreso",NA,NA,NA,"LA TESALIA",27,52,79,1
"2187",19001,11001,"Popayán","Cauca",2006,"Congreso",NA,NA,NA,"UNICAUCA- FAC. HUMANIDADES",2996,9587,12583,37
"2188",19001,11001,"Popayán","Cauca",2006,"Congreso",NA,NA,NA,"COL. FCO. ANTONIO ULLOA",5410,1352,6762,20
"2189",19001,11001,"Popayán","Cauca",2006,"Congreso",NA,NA,NA,"BACHI. Y ESC. SAN AGUSTIN",11683,1974,13657,40
"2190",19001,11001,"Popayán","Cauca",2006,"Congreso",NA,NA,NA,"COL. SAN FRANCISCO DE ASIS",1829,7031,8860,26
"2191",19001,11001,"Popayán","Cauca",2006,"Congreso",NA,NA,NA,"COL. MELVIN JONES",2420,1997,4417,13
"2192",19001,11001,"Popayán","Cauca",2006,"Congreso",NA,NA,NA,"I.S.S VILLAMARISTA",4049,3347,7396,22
"2193",19001,11001,"Popayán","Cauca",2006,"Congreso",NA,NA,NA,"SERVICIO DE SALUD LOS SAUCES",1770,1109,2879,9
"2194",19001,11001,"Popayán","Cauca",2006,"Congreso",NA,NA,NA,"COLEGIO DON BOSCO",4746,3585,8331,25
"2195",19001,11001,"Popayán","Cauca",2006,"Congreso",NA,NA,NA,"COL.BIENESTAR SOC. DE LA POLI",5913,3828,9741,29
"2196",19001,11001,"Popayán","Cauca",2006,"Congreso",NA,NA,NA,"PARQUE INFORMATICO",693,476,1169,4
"2197",19001,11001,"Popayán","Cauca",2006,"Congreso",NA,NA,NA,"INST. EDUCATIVA EL MIRADOR",4366,2850,7216,21
"2198",19001,11001,"Popayán","Cauca",2006,"Congreso",NA,NA,NA,"COL. JOSE EUSEBIO - CARO",5247,3929,9176,27
"2199",19001,11001,"Popayán","Cauca",2006,"Congreso",NA,NA,NA,"CTRO CIAL GALERIA LAS PALMAS",416,309,725,3
"2200",19001,11001,"Popayán","Cauca",2006,"Congreso",NA,NA,NA,"ESCUELA LOMAS DE GRANADA",637,484,1121,4
"2201",19001,11001,"Popayán","Cauca",2006,"Congreso",NA,NA,NA,"LA CASONA - YANACONAS",468,325,793,3
"2202",19001,11001,"Popayán","Cauca",2006,"Congreso",NA,NA,NA,"COLEGIO CHAMPAGNAT",2550,2318,4868,15
"2203",19001,11001,"Popayán","Cauca",2006,"Congreso",NA,NA,NA,"COL. SAGRADO CORAZON DE JESUS",2653,1962,4615,14
"2204",19001,11001,"Popayán","Cauca",2006,"Congreso",NA,NA,NA,"COL. NTRA SE/ORA DEL CARMEN",3416,2520,5936,18
"2205",19001,11001,"Popayán","Cauca",2006,"Congreso",NA,NA,NA,"ESCUELA MIXTA LA PAZ",423,256,679,2
"2206",19001,11001,"Popayán","Cauca",2006,"Congreso",NA,NA,NA,"SENA -  ALTO DE CAUCA",3990,3183,7173,21
"2207",19001,11001,"Popayán","Cauca",2006,"Congreso",NA,NA,NA,"ESCUELA PEDRO ANTONIO TORRES",1625,1134,2759,9
"2208",19001,11001,"Popayán","Cauca",2006,"Congreso",NA,NA,NA,"ESC.URBANA MIXTA LOS UVOS",600,374,974,3
"2209",19001,11001,"Popayán","Cauca",2006,"Congreso",NA,NA,NA,"PUESTO CENSO",18587,15437,34024,43
"2210",19001,11001,"Popayán","Cauca",2006,"Congreso",NA,NA,NA,"CARCEL",15,232,247,1
"2211",19001,11001,"Popayán","Cauca",2006,"Congreso",NA,NA,NA,"CARCEL",19,8,27,1
"2212",19001,11001,"Popayán","Cauca",2006,"Congreso",NA,NA,NA,"CAJETE",403,439,842,3
"2213",19001,11001,"Popayán","Cauca",2006,"Congreso",NA,NA,NA,"CALIBIO",356,354,710,3
"2214",19001,11001,"Popayán","Cauca",2006,"Congreso",NA,NA,NA,"EL CANELO",37,42,79,1
"2215",19001,11001,"Popayán","Cauca",2006,"Congreso",NA,NA,NA,"EL CHARCO",129,139,268,1
"2216",19001,11001,"Popayán","Cauca",2006,"Congreso",NA,NA,NA,"SAN BERNARDINO",113,100,213,1
"2217",19001,11001,"Popayán","Cauca",2006,"Congreso",NA,NA,NA,"EL TABLON",94,120,214,1
"2218",19001,11001,"Popayán","Cauca",2006,"Congreso",NA,NA,NA,"EL SENDERO PUEBLILLO ALTO",266,248,514,2
"2219",19001,11001,"Popayán","Cauca",2006,"Congreso",NA,NA,NA,"FIGUEROA",182,214,396,2
"2220",19001,11001,"Popayán","Cauca",2006,"Congreso",NA,NA,NA,"JULUMITO",554,492,1046,4
"2221",19001,11001,"Popayán","Cauca",2006,"Congreso",NA,NA,NA,"LA MESETA",131,161,292,1
"2222",19001,11001,"Popayán","Cauca",2006,"Congreso",NA,NA,NA,"LA REJOYA",205,242,447,2
"2223",19001,11001,"Popayán","Cauca",2006,"Congreso",NA,NA,NA,"LA YUNGA",108,142,250,1
"2224",19001,11001,"Popayán","Cauca",2006,"Congreso",NA,NA,NA,"LAS MERCEDES",213,240,453,2
"2225",19001,11001,"Popayán","Cauca",2006,"Congreso",NA,NA,NA,"LAS PIEDRAS",346,295,641,2
"2226",19001,11001,"Popayán","Cauca",2006,"Congreso",NA,NA,NA,"LOS CERRILLOS",132,152,284,1
"2227",19001,11001,"Popayán","Cauca",2006,"Congreso",NA,NA,NA,"OLAYA HERRERA (POBLAZON)",136,152,288,1
"2228",19001,11001,"Popayán","Cauca",2006,"Congreso",NA,NA,NA,"PUELENJE",567,493,1060,4
"2229",19001,11001,"Popayán","Cauca",2006,"Congreso",NA,NA,NA,"QUINTANA",99,123,222,1
"2230",19001,11001,"Popayán","Cauca",2006,"Congreso",NA,NA,NA,"SAMANGA",84,75,159,1
"2231",19001,11001,"Popayán","Cauca",2006,"Congreso",NA,NA,NA,"SAN RAFAEL",116,145,261,1
"2232",19001,11001,"Popayán","Cauca",2006,"Congreso",NA,NA,NA,"SANTA BARBARA",221,252,473,2
"2233",19001,11001,"Popayán","Cauca",2006,"Congreso",NA,NA,NA,"SANTA ROSA",477,520,997,3
"2234",19001,11001,"Popayán","Cauca",2006,"Congreso",NA,NA,NA,"VEREDA DE TORRES",269,246,515,2
"2235",19022,11004,"Almaguer","Cauca",2006,"Congreso",NA,NA,NA,NA,2257,2265,4522,14
"2236",19022,11004,"Almaguer","Cauca",2006,"Congreso",NA,NA,NA,"CAQUIONA",787,801,1588,5
"2237",19022,11004,"Almaguer","Cauca",2006,"Congreso",NA,NA,NA,"EL PE/OL (LA HONDA)",282,320,602,2
"2238",19022,11004,"Almaguer","Cauca",2006,"Congreso",NA,NA,NA,"EL TABLON",181,199,380,2
"2239",19022,11004,"Almaguer","Cauca",2006,"Congreso",NA,NA,NA,"GONZALO",88,69,157,1
"2240",19022,11004,"Almaguer","Cauca",2006,"Congreso",NA,NA,NA,"HIGUERAS (LA PILA)",114,152,266,1
"2241",19022,11004,"Almaguer","Cauca",2006,"Congreso",NA,NA,NA,"HUMOS O EL HATO",150,153,303,1
"2242",19022,11004,"Almaguer","Cauca",2006,"Congreso",NA,NA,NA,"LLACUANAS",408,414,822,3
"2243",19022,11004,"Almaguer","Cauca",2006,"Congreso",NA,NA,NA,"MARMATO (TARABITA)",228,194,422,2
"2244",19022,11004,"Almaguer","Cauca",2006,"Congreso",NA,NA,NA,"PRIMAVERA",108,127,235,1
"2245",19022,11004,"Almaguer","Cauca",2006,"Congreso",NA,NA,NA,"SAN JORGE (LA HERRADURA)",641,665,1306,4
"2246",19022,11004,"Almaguer","Cauca",2006,"Congreso",NA,NA,NA,"SAUJI",156,151,307,1
"2247",19050,11005,"Argelia","Cauca",2006,"Congreso",NA,NA,NA,NA,2762,2974,5736,17
"2248",19050,11005,"Argelia","Cauca",2006,"Congreso",NA,NA,NA,"BETANIA",78,105,183,1
"2249",19050,11005,"Argelia","Cauca",2006,"Congreso",NA,NA,NA,"BOLIVIA",18,36,54,1
"2250",19050,11005,"Argelia","Cauca",2006,"Congreso",NA,NA,NA,"EL DIVISO (PALOMOCHO)",207,270,477,2
"2251",19050,11005,"Argelia","Cauca",2006,"Congreso",NA,NA,NA,"EL MANGO",676,808,1484,5
"2252",19050,11005,"Argelia","Cauca",2006,"Congreso",NA,NA,NA,"EL PLATEADO",475,608,1083,4
"2253",19050,11005,"Argelia","Cauca",2006,"Congreso",NA,NA,NA,"LA BELLEZA",180,238,418,2
"2254",19050,11005,"Argelia","Cauca",2006,"Congreso",NA,NA,NA,"EL NARANJAL",72,89,161,1
"2255",19050,11005,"Argelia","Cauca",2006,"Congreso",NA,NA,NA,"LA EMBOSCADA",37,84,121,1
"2256",19050,11005,"Argelia","Cauca",2006,"Congreso",NA,NA,NA,"PUERTO RICO",167,168,335,1
"2257",19050,11005,"Argelia","Cauca",2006,"Congreso",NA,NA,NA,"SAN JUAN DE LA GUADUA",97,123,220,1
"2258",19050,11005,"Argelia","Cauca",2006,"Congreso",NA,NA,NA,"SANTA CLARA",33,60,93,1
"2259",19050,11005,"Argelia","Cauca",2006,"Congreso",NA,NA,NA,"SINAI",323,372,695,3
"2260",19075,11006,"Balboa","Cauca",2006,"Congreso",NA,NA,NA,NA,4060,4207,8267,25
"2261",19075,11006,"Balboa","Cauca",2006,"Congreso",NA,NA,NA,"EL VIJAL",116,122,238,1
"2262",19075,11006,"Balboa","Cauca",2006,"Congreso",NA,NA,NA,"GUADUALITO",106,97,203,1
"2263",19075,11006,"Balboa","Cauca",2006,"Congreso",NA,NA,NA,"LA BERMEJA 0 PUERTO BERMEJA",422,497,919,3
"2264",19075,11006,"Balboa","Cauca",2006,"Congreso",NA,NA,NA,"LA PLANADA",370,354,724,3
"2265",19075,11006,"Balboa","Cauca",2006,"Congreso",NA,NA,NA,"LA LOMITA O LOMITAS",258,276,534,2
"2266",19075,11006,"Balboa","Cauca",2006,"Congreso",NA,NA,NA,"OLAYA",229,240,469,2
"2267",19075,11006,"Balboa","Cauca",2006,"Congreso",NA,NA,NA,"PURETO",302,339,641,2
"2268",19075,11006,"Balboa","Cauca",2006,"Congreso",NA,NA,NA,"SAN ALFONSO",610,711,1321,4
"2269",19100,11007,"Bolívar","Cauca",2006,"Congreso",NA,NA,NA,NA,4397,4041,8438,25
"2270",19100,11007,"Bolívar","Cauca",2006,"Congreso",NA,NA,NA,"CARCEL",3,14,17,1
"2271",19100,11007,"Bolívar","Cauca",2006,"Congreso",NA,NA,NA,"CAPELLANIAS",106,116,222,1
"2272",19100,11007,"Bolívar","Cauca",2006,"Congreso",NA,NA,NA,"CERRO PELADO (CERRO PELADO BA",163,172,335,1
"2273",19100,11007,"Bolívar","Cauca",2006,"Congreso",NA,NA,NA,"CHALGUAYACO",292,300,592,2
"2274",19100,11007,"Bolívar","Cauca",2006,"Congreso",NA,NA,NA,"BAJO LLANO",129,146,275,1
"2275",19100,11007,"Bolívar","Cauca",2006,"Congreso",NA,NA,NA,"EL CARMEN",223,221,444,2
"2276",19100,11007,"Bolívar","Cauca",2006,"Congreso",NA,NA,NA,"BUTUYACO",33,51,84,1
"2277",19100,11007,"Bolívar","Cauca",2006,"Congreso",NA,NA,NA,"EL RODEO",272,287,559,2
"2278",19100,11007,"Bolívar","Cauca",2006,"Congreso",NA,NA,NA,"MORALES",92,115,207,1
"2279",19100,11007,"Bolívar","Cauca",2006,"Congreso",NA,NA,NA,"GUACHICONO",230,222,452,2
"2280",19100,11007,"Bolívar","Cauca",2006,"Congreso",NA,NA,NA,"EL BOQUERON",51,60,111,1
"2281",19100,11007,"Bolívar","Cauca",2006,"Congreso",NA,NA,NA,"EL SALTO",45,53,98,1
"2282",19100,11007,"Bolívar","Cauca",2006,"Congreso",NA,NA,NA,"LA PLAYA DE SAN JORGE",134,145,279,1
"2283",19100,11007,"Bolívar","Cauca",2006,"Congreso",NA,NA,NA,"LERMA",314,373,687,2
"2284",19100,11007,"Bolívar","Cauca",2006,"Congreso",NA,NA,NA,"LA MEDINA",252,254,506,2
"2285",19100,11007,"Bolívar","Cauca",2006,"Congreso",NA,NA,NA,"LAS MINAS",71,47,118,1
"2286",19100,11007,"Bolívar","Cauca",2006,"Congreso",NA,NA,NA,"LOS POTREROS",159,140,299,1
"2287",19100,11007,"Bolívar","Cauca",2006,"Congreso",NA,NA,NA,"LOS MILAGROS",506,504,1010,3
"2288",19100,11007,"Bolívar","Cauca",2006,"Congreso",NA,NA,NA,"PALMA O POCOS",120,104,224,1
"2289",19100,11007,"Bolívar","Cauca",2006,"Congreso",NA,NA,NA,"LOS RASTROJOS",218,225,443,2
"2290",19100,11007,"Bolívar","Cauca",2006,"Congreso",NA,NA,NA,"MAZAMORRAS",239,249,488,2
"2291",19100,11007,"Bolívar","Cauca",2006,"Congreso",NA,NA,NA,"MELCHOR",201,215,416,2
"2292",19100,11007,"Bolívar","Cauca",2006,"Congreso",NA,NA,NA,"NUEVA GRANADA (CIMARRONAS)",142,126,268,1
"2293",19100,11007,"Bolívar","Cauca",2006,"Congreso",NA,NA,NA,"SAN JOSE DEL MORRO",270,246,516,2
"2294",19100,11007,"Bolívar","Cauca",2006,"Congreso",NA,NA,NA,"PORTACHUELO",72,101,173,1
"2295",19100,11007,"Bolívar","Cauca",2006,"Congreso",NA,NA,NA,"SAN JUAN",534,485,1019,3
"2296",19100,11007,"Bolívar","Cauca",2006,"Congreso",NA,NA,NA,"PUENTE FIERRO O TERREROS",3,6,9,1
"2297",19100,11007,"Bolívar","Cauca",2006,"Congreso",NA,NA,NA,"RIONEGRO",119,127,246,1
"2298",19100,11007,"Bolívar","Cauca",2006,"Congreso",NA,NA,NA,"SAN JUAN DE LAS VUELTAS",137,126,263,1
"2299",19100,11007,"Bolívar","Cauca",2006,"Congreso",NA,NA,NA,"SAN LORENZO",688,650,1338,4
"2300",19100,11007,"Bolívar","Cauca",2006,"Congreso",NA,NA,NA,"EL COCAL",104,107,211,1
"2301",19100,11007,"Bolívar","Cauca",2006,"Congreso",NA,NA,NA,"SAN MIGUEL",204,215,419,2
"2302",19100,11007,"Bolívar","Cauca",2006,"Congreso",NA,NA,NA,"EL GUADUAL",140,171,311,1
"2303",19100,11007,"Bolívar","Cauca",2006,"Congreso",NA,NA,NA,"SAQUE",85,74,159,1
"2304",19100,11007,"Bolívar","Cauca",2006,"Congreso",NA,NA,NA,"EL SILENCIO",87,91,178,1
"2305",19100,11007,"Bolívar","Cauca",2006,"Congreso",NA,NA,NA,"LA PARADA",212,217,429,2
"2306",19100,11007,"Bolívar","Cauca",2006,"Congreso",NA,NA,NA,"LA YUNGA",47,49,96,1
"2307",19100,11007,"Bolívar","Cauca",2006,"Congreso",NA,NA,NA,"SESTEADERO",132,91,223,1
"2308",19100,11007,"Bolívar","Cauca",2006,"Congreso",NA,NA,NA,"EL PEPINAL",96,110,206,1
"2309",19100,11007,"Bolívar","Cauca",2006,"Congreso",NA,NA,NA,"EL TAMBO",211,214,425,2
"2310",19100,11007,"Bolívar","Cauca",2006,"Congreso",NA,NA,NA,"ARRAYANES",67,85,152,1
"2311",19100,11007,"Bolívar","Cauca",2006,"Congreso",NA,NA,NA,"LA PRADERA",64,71,135,1
"2312",19100,11007,"Bolívar","Cauca",2006,"Congreso",NA,NA,NA,"ROMERILLOS",80,78,158,1
"2313",19100,11007,"Bolívar","Cauca",2006,"Congreso",NA,NA,NA,"LA ESPERANZA O LA CUEVA",175,197,372,2
"2314",19100,11007,"Bolívar","Cauca",2006,"Congreso",NA,NA,NA,"ANGONI",105,115,220,1
"2315",19100,11007,"Bolívar","Cauca",2006,"Congreso",NA,NA,NA,"LA PUENTE",119,91,210,1
"2316",19100,11007,"Bolívar","Cauca",2006,"Congreso",NA,NA,NA,"LA PLAYA DE SAN JUAN",159,171,330,1
"2317",19100,11007,"Bolívar","Cauca",2006,"Congreso",NA,NA,NA,"GUAYABILLAS",68,83,151,1
"2318",19100,11007,"Bolívar","Cauca",2006,"Congreso",NA,NA,NA,"LAS DANTAS",88,78,166,1
"2319",19100,11007,"Bolívar","Cauca",2006,"Congreso",NA,NA,NA,"LA CALDERA",46,61,107,1
"2320",19100,11007,"Bolívar","Cauca",2006,"Congreso",NA,NA,NA,"LA CARBONERA O MEJICO",354,402,756,3
"2321",19100,11007,"Bolívar","Cauca",2006,"Congreso",NA,NA,NA,"LADERAS",98,79,177,1
"2322",19100,11007,"Bolívar","Cauca",2006,"Congreso",NA,NA,NA,"TOLEDO",72,66,138,1
"2323",19100,11007,"Bolívar","Cauca",2006,"Congreso",NA,NA,NA,"YUNGUILLA",127,111,238,1
"2324",19100,11007,"Bolívar","Cauca",2006,"Congreso",NA,NA,NA,"LIMONGUAYCO BAJO",91,69,160,1
"2325",19100,11007,"Bolívar","Cauca",2006,"Congreso",NA,NA,NA,"TRUJILLO",59,53,112,1
"2326",19100,11007,"Bolívar","Cauca",2006,"Congreso",NA,NA,NA,"EL CIDRAL",93,110,203,1
"2327",19100,11007,"Bolívar","Cauca",2006,"Congreso",NA,NA,NA,"CHALGUAYACO CUCHO",42,44,86,1
"2328",19100,11007,"Bolívar","Cauca",2006,"Congreso",NA,NA,NA,"SAN ANTONIO DEL SILENCIO",97,103,200,1
"2329",19100,11007,"Bolívar","Cauca",2006,"Congreso",NA,NA,NA,"FLORIDA ALTA",77,84,161,1
"2330",19100,11007,"Bolívar","Cauca",2006,"Congreso",NA,NA,NA,"MONTE OSCURO",120,117,237,1
"2331",19100,11007,"Bolívar","Cauca",2006,"Congreso",NA,NA,NA,"SAN ANTONIO",85,84,169,1
"2332",19100,11007,"Bolívar","Cauca",2006,"Congreso",NA,NA,NA,"CHORRERA",54,47,101,1
"2333",19100,11007,"Bolívar","Cauca",2006,"Congreso",NA,NA,NA,"MELCHOR VIEJO",66,59,125,1
"2334",19100,11007,"Bolívar","Cauca",2006,"Congreso",NA,NA,NA,"LIMA",45,58,103,1
"2335",19100,11007,"Bolívar","Cauca",2006,"Congreso",NA,NA,NA,"EL VENERO",35,46,81,1
"2336",19100,11007,"Bolívar","Cauca",2006,"Congreso",NA,NA,NA,"EL BARRIAL",30,23,53,1
"2337",19100,11007,"Bolívar","Cauca",2006,"Congreso",NA,NA,NA,"GUACAYANES",121,132,253,1
"2338",19100,11007,"Bolívar","Cauca",2006,"Congreso",NA,NA,NA,"EL GUINEAL",65,81,146,1
"2339",19100,11007,"Bolívar","Cauca",2006,"Congreso",NA,NA,NA,"EL RECODO",30,34,64,1
"2340",19100,11007,"Bolívar","Cauca",2006,"Congreso",NA,NA,NA,"CARBONERO",79,82,161,1
"2341",19100,11007,"Bolívar","Cauca",2006,"Congreso",NA,NA,NA,"LA ESTRELLA",33,38,71,1
"2342",19100,11007,"Bolívar","Cauca",2006,"Congreso",NA,NA,NA,"BUENOS AIRES",57,51,108,1
"2343",19100,11007,"Bolívar","Cauca",2006,"Congreso",NA,NA,NA,"POTRERILLOS",7,14,21,1
"2344",19100,11007,"Bolívar","Cauca",2006,"Congreso",NA,NA,NA,"VILLA NUEVA",135,143,278,1
"2345",19100,11007,"Bolívar","Cauca",2006,"Congreso",NA,NA,NA,"PLACETILLAS",139,142,281,1
"2346",19110,11010,"Buenos Aires","Cauca",2006,"Congreso",NA,NA,NA,NA,2092,1895,3987,12
"2347",19110,11010,"Buenos Aires","Cauca",2006,"Congreso",NA,NA,NA,"AURES",82,119,201,1
"2348",19110,11010,"Buenos Aires","Cauca",2006,"Congreso",NA,NA,NA,"ALTO NAYA",57,130,187,1
"2349",19110,11010,"Buenos Aires","Cauca",2006,"Congreso",NA,NA,NA,"EL LLANITO",155,182,337,1
"2350",19110,11010,"Buenos Aires","Cauca",2006,"Congreso",NA,NA,NA,"EL CERAL",185,224,409,2
"2351",19110,11010,"Buenos Aires","Cauca",2006,"Congreso",NA,NA,NA,"EL PORVENIR",272,363,635,2
"2352",19110,11010,"Buenos Aires","Cauca",2006,"Congreso",NA,NA,NA,"LA BALSA",620,522,1142,4
"2353",19110,11010,"Buenos Aires","Cauca",2006,"Congreso",NA,NA,NA,"SAN IGNACIO",352,433,785,3
"2354",19110,11010,"Buenos Aires","Cauca",2006,"Congreso",NA,NA,NA,"TIMBA",730,752,1482,5
"2355",19110,11010,"Buenos Aires","Cauca",2006,"Congreso",NA,NA,NA,"SAN FRANCISCO",237,198,435,2
"2356",19110,11010,"Buenos Aires","Cauca",2006,"Congreso",NA,NA,NA,"ALTAMIRA",8,13,21,1
"2357",19110,11010,"Buenos Aires","Cauca",2006,"Congreso",NA,NA,NA,"CASCAJERO",249,193,442,2
"2358",19110,11010,"Buenos Aires","Cauca",2006,"Congreso",NA,NA,NA,"HONDURAS",507,465,972,3
"2359",19110,11010,"Buenos Aires","Cauca",2006,"Congreso",NA,NA,NA,"MAZAMORRERO",207,193,400,2
"2360",19110,11010,"Buenos Aires","Cauca",2006,"Congreso",NA,NA,NA,"PALOBLANCO",491,436,927,3
"2361",19130,11013,"Cajibío","Cauca",2006,"Congreso",NA,NA,NA,NA,2982,3028,6010,18
"2362",19130,11013,"Cajibío","Cauca",2006,"Congreso",NA,NA,NA,"DINDE",419,556,975,3
"2363",19130,11013,"Cajibío","Cauca",2006,"Congreso",NA,NA,NA,"CAMPOALEGRE",506,647,1153,4
"2364",19130,11013,"Cajibío","Cauca",2006,"Congreso",NA,NA,NA,"SANTA TERESA (CASAS BAJAS)",644,735,1379,5
"2365",19130,11013,"Cajibío","Cauca",2006,"Congreso",NA,NA,NA,"CHAUX",129,163,292,1
"2366",19130,11013,"Cajibío","Cauca",2006,"Congreso",NA,NA,NA,"EL CARMELO",885,1095,1980,6
"2367",19130,11013,"Cajibío","Cauca",2006,"Congreso",NA,NA,NA,"EL ROSARIO",563,687,1250,4
"2368",19130,11013,"Cajibío","Cauca",2006,"Congreso",NA,NA,NA,"EL TUNEL",381,340,721,3
"2369",19130,11013,"Cajibío","Cauca",2006,"Congreso",NA,NA,NA,"LA CAPILLA",584,681,1265,4
"2370",19130,11013,"Cajibío","Cauca",2006,"Congreso",NA,NA,NA,"LA PEDREGOSA",612,679,1291,4
"2371",19130,11013,"Cajibío","Cauca",2006,"Congreso",NA,NA,NA,"EL RECUERDO",320,381,701,3
"2372",19130,11013,"Cajibío","Cauca",2006,"Congreso",NA,NA,NA,"LA VENTA",461,432,893,3
"2373",19130,11013,"Cajibío","Cauca",2006,"Congreso",NA,NA,NA,"ORTEGA",306,361,667,2
"2374",19130,11013,"Cajibío","Cauca",2006,"Congreso",NA,NA,NA,"LA GRANJA",165,151,316,1
"2375",19130,11013,"Cajibío","Cauca",2006,"Congreso",NA,NA,NA,"SAN ANTONIO",151,210,361,2
"2376",19137,11016,"Caldono","Cauca",2006,"Congreso",NA,NA,NA,NA,2989,2775,5764,17
"2377",19137,11016,"Caldono","Cauca",2006,"Congreso",NA,NA,NA,"CERRO ALTO",460,510,970,3
"2378",19137,11016,"Caldono","Cauca",2006,"Congreso",NA,NA,NA,"EL PITAL",299,354,653,2
"2379",19137,11016,"Caldono","Cauca",2006,"Congreso",NA,NA,NA,"LA AGUADA",209,268,477,2
"2380",19137,11016,"Caldono","Cauca",2006,"Congreso",NA,NA,NA,"PESCADOR",691,879,1570,5
"2381",19137,11016,"Caldono","Cauca",2006,"Congreso",NA,NA,NA,"PIOYA",279,343,622,2
"2382",19137,11016,"Caldono","Cauca",2006,"Congreso",NA,NA,NA,"PLAN DE ZU/IGA",371,415,786,3
"2383",19137,11016,"Caldono","Cauca",2006,"Congreso",NA,NA,NA,"PUEBLO NUEVO",518,583,1101,4
"2384",19137,11016,"Caldono","Cauca",2006,"Congreso",NA,NA,NA,"SIBERIA (OVEJAS)",1228,1511,2739,8
"2385",19142,11019,"Caloto","Cauca",2006,"Congreso",NA,NA,NA,NA,4567,3788,8355,25
"2386",19142,11019,"Caloto","Cauca",2006,"Congreso",NA,NA,NA,"CAPONERA",586,524,1110,4
"2387",19142,11019,"Caloto","Cauca",2006,"Congreso",NA,NA,NA,"CARPINTERO",76,102,178,1
"2388",19142,11019,"Caloto","Cauca",2006,"Congreso",NA,NA,NA,"EL GUABAL",276,220,496,2
"2389",19142,11019,"Caloto","Cauca",2006,"Congreso",NA,NA,NA,"EL PALO",513,462,975,3
"2390",19142,11019,"Caloto","Cauca",2006,"Congreso",NA,NA,NA,"EL ALBA",109,130,239,1
"2391",19142,11019,"Caloto","Cauca",2006,"Congreso",NA,NA,NA,"EL PEDREGAL",161,214,375,2
"2392",19142,11019,"Caloto","Cauca",2006,"Congreso",NA,NA,NA,"EL PLACER",83,119,202,1
"2393",19142,11019,"Caloto","Cauca",2006,"Congreso",NA,NA,NA,"EL SILENCIO",98,83,181,1
"2394",19142,11019,"Caloto","Cauca",2006,"Congreso",NA,NA,NA,"GUACHENE",1515,1193,2708,8
"2395",19142,11019,"Caloto","Cauca",2006,"Congreso",NA,NA,NA,"HUASANO",116,148,264,1
"2396",19142,11019,"Caloto","Cauca",2006,"Congreso",NA,NA,NA,"LA ARROBLEDA",614,554,1168,4
"2397",19142,11019,"Caloto","Cauca",2006,"Congreso",NA,NA,NA,"LA SOFIA",87,159,246,1
"2398",19142,11019,"Caloto","Cauca",2006,"Congreso",NA,NA,NA,"LOMA PELADA",84,107,191,1
"2399",19142,11019,"Caloto","Cauca",2006,"Congreso",NA,NA,NA,"MIRAFLORES (HUELLA)",182,195,377,2
"2400",19142,11019,"Caloto","Cauca",2006,"Congreso",NA,NA,NA,"LLANO DE TAULA",303,300,603,2
"2401",19142,11019,"Caloto","Cauca",2006,"Congreso",NA,NA,NA,"OBANDO",365,355,720,3
"2402",19142,11019,"Caloto","Cauca",2006,"Congreso",NA,NA,NA,"PALOMERA",103,115,218,1
"2403",19142,11019,"Caloto","Cauca",2006,"Congreso",NA,NA,NA,"PARAMILLO O LA PLACA",182,218,400,2
"2404",19142,11019,"Caloto","Cauca",2006,"Congreso",NA,NA,NA,"LA CABA/A",599,520,1119,4
"2405",19142,11019,"Caloto","Cauca",2006,"Congreso",NA,NA,NA,"QUINTERO",251,228,479,2
"2406",19142,11019,"Caloto","Cauca",2006,"Congreso",NA,NA,NA,"SABANETAS",189,132,321,1
"2407",19142,11019,"Caloto","Cauca",2006,"Congreso",NA,NA,NA,"SAN JACINTO",392,403,795,3
"2408",19142,11019,"Caloto","Cauca",2006,"Congreso",NA,NA,NA,"SANTA RITA",120,108,228,1
"2409",19212,11022,"Corinto","Cauca",2006,"Congreso",NA,NA,NA,NA,4790,4377,9167,27
"2410",19212,11022,"Corinto","Cauca",2006,"Congreso",NA,NA,NA,"EL JAGUAL",171,237,408,2
"2411",19212,11022,"Corinto","Cauca",2006,"Congreso",NA,NA,NA,"EL BARRANCO",92,77,169,1
"2412",19212,11022,"Corinto","Cauca",2006,"Congreso",NA,NA,NA,"LA COMINERA",142,180,322,1
"2413",19212,11022,"Corinto","Cauca",2006,"Congreso",NA,NA,NA,"LOS ANDES",404,495,899,3
"2414",19212,11022,"Corinto","Cauca",2006,"Congreso",NA,NA,NA,"MEDIA NARANJA",308,335,643,2
"2415",19212,11022,"Corinto","Cauca",2006,"Congreso",NA,NA,NA,"QUEBRADITAS",270,248,518,2
"2416",19212,11022,"Corinto","Cauca",2006,"Congreso",NA,NA,NA,"RIONEGRO",317,347,664,2
"2417",19256,11025,"El Tambo","Cauca",2006,"Congreso",NA,NA,NA,NA,4294,4438,8732,26
"2418",19256,11025,"El Tambo","Cauca",2006,"Congreso",NA,NA,NA,"ALTO DEL REY",326,349,675,2
"2419",19256,11025,"El Tambo","Cauca",2006,"Congreso",NA,NA,NA,"BELEN LA CALERA",82,110,192,1
"2420",19256,11025,"El Tambo","Cauca",2006,"Congreso",NA,NA,NA,"BARAYA",113,156,269,1
"2421",19256,11025,"El Tambo","Cauca",2006,"Congreso",NA,NA,NA,"BUENAVISTA",41,47,88,1
"2422",19256,11025,"El Tambo","Cauca",2006,"Congreso",NA,NA,NA,"BETANIA",41,75,116,1
"2423",19256,11025,"El Tambo","Cauca",2006,"Congreso",NA,NA,NA,"CABUYAL",115,160,275,1
"2424",19256,11025,"El Tambo","Cauca",2006,"Congreso",NA,NA,NA,"CHAPA",269,290,559,2
"2425",19256,11025,"El Tambo","Cauca",2006,"Congreso",NA,NA,NA,"CIPRES PUEBLO NUEVO",116,102,218,1
"2426",19256,11025,"El Tambo","Cauca",2006,"Congreso",NA,NA,NA,"CHISQUIO",315,336,651,2
"2427",19256,11025,"El Tambo","Cauca",2006,"Congreso",NA,NA,NA,"EL CRUCERO DE PUEBLO NUEVO",178,167,345,2
"2428",19256,11025,"El Tambo","Cauca",2006,"Congreso",NA,NA,NA,"CUATRO ESQUINAS",466,539,1005,3
"2429",19256,11025,"El Tambo","Cauca",2006,"Congreso",NA,NA,NA,"CALICHALES",33,38,71,1
"2430",19256,11025,"El Tambo","Cauca",2006,"Congreso",NA,NA,NA,"EL PLACER",360,344,704,3
"2431",19256,11025,"El Tambo","Cauca",2006,"Congreso",NA,NA,NA,"EL HIGUERON",91,91,182,1
"2432",19256,11025,"El Tambo","Cauca",2006,"Congreso",NA,NA,NA,"EL PUENTE DEL RIO TIMBIO",84,85,169,1
"2433",19256,11025,"El Tambo","Cauca",2006,"Congreso",NA,NA,NA,"EL RETIRO",26,25,51,1
"2434",19256,11025,"El Tambo","Cauca",2006,"Congreso",NA,NA,NA,"EL ZARZAL",475,475,950,3
"2435",19256,11025,"El Tambo","Cauca",2006,"Congreso",NA,NA,NA,"EL HOYO",39,41,80,1
"2436",19256,11025,"El Tambo","Cauca",2006,"Congreso",NA,NA,NA,"EL OCHENTA Y UNO (LA GALLERA)",129,179,308,1
"2437",19256,11025,"El Tambo","Cauca",2006,"Congreso",NA,NA,NA,"GAMBOA (SAN ANTONIO)",118,178,296,1
"2438",19256,11025,"El Tambo","Cauca",2006,"Congreso",NA,NA,NA,"GUAZAVARITA",76,97,173,1
"2439",19256,11025,"El Tambo","Cauca",2006,"Congreso",NA,NA,NA,"GRANADA",42,68,110,1
"2440",19256,11025,"El Tambo","Cauca",2006,"Congreso",NA,NA,NA,"HUISITO",178,301,479,2
"2441",19256,11025,"El Tambo","Cauca",2006,"Congreso",NA,NA,NA,"JUANA CASTA/A",11,25,36,1
"2442",19256,11025,"El Tambo","Cauca",2006,"Congreso",NA,NA,NA,"LA BANDA",110,88,198,1
"2443",19256,11025,"El Tambo","Cauca",2006,"Congreso",NA,NA,NA,"LISBOA DAJUANDO",69,76,145,1
"2444",19256,11025,"El Tambo","Cauca",2006,"Congreso",NA,NA,NA,"LA ALIANZA",168,177,345,2
"2445",19256,11025,"El Tambo","Cauca",2006,"Congreso",NA,NA,NA,"LA CUCHILLA",133,146,279,1
"2446",19256,11025,"El Tambo","Cauca",2006,"Congreso",NA,NA,NA,"LA ROMELIA",56,81,137,1
"2447",19256,11025,"El Tambo","Cauca",2006,"Congreso",NA,NA,NA,"LAS PIEDRAS",312,314,626,2
"2448",19256,11025,"El Tambo","Cauca",2006,"Congreso",NA,NA,NA,"LA PAZ",97,119,216,1
"2449",19256,11025,"El Tambo","Cauca",2006,"Congreso",NA,NA,NA,"LOS ANDES",98,149,247,1
"2450",19256,11025,"El Tambo","Cauca",2006,"Congreso",NA,NA,NA,"VILLA AL MAR (FONDAS)",232,219,451,2
"2451",19256,11025,"El Tambo","Cauca",2006,"Congreso",NA,NA,NA,"LOS ANGELES",151,184,335,1
"2452",19256,11025,"El Tambo","Cauca",2006,"Congreso",NA,NA,NA,"LOS ANAYES",348,424,772,3
"2453",19256,11025,"El Tambo","Cauca",2006,"Congreso",NA,NA,NA,"LIMONCITO MIRRINGA",38,48,86,1
"2454",19256,11025,"El Tambo","Cauca",2006,"Congreso",NA,NA,NA,"MONTERREDONDO",124,150,274,1
"2455",19256,11025,"El Tambo","Cauca",2006,"Congreso",NA,NA,NA,"MOSQUERA",78,110,188,1
"2456",19256,11025,"El Tambo","Cauca",2006,"Congreso",NA,NA,NA,"LA LAGUNA",178,144,322,1
"2457",19256,11025,"El Tambo","Cauca",2006,"Congreso",NA,NA,NA,"LA VENTA",158,154,312,1
"2458",19256,11025,"El Tambo","Cauca",2006,"Congreso",NA,NA,NA,"LA VENTANA",37,55,92,1
"2459",19256,11025,"El Tambo","Cauca",2006,"Congreso",NA,NA,NA,"PANDIGUANDO",147,138,285,1
"2460",19256,11025,"El Tambo","Cauca",2006,"Congreso",NA,NA,NA,"LAS HUERTAS",27,43,70,1
"2461",19256,11025,"El Tambo","Cauca",2006,"Congreso",NA,NA,NA,"PIAGUA",423,384,807,3
"2462",19256,11025,"El Tambo","Cauca",2006,"Congreso",NA,NA,NA,"PLAYA RICA",146,245,391,2
"2463",19256,11025,"El Tambo","Cauca",2006,"Congreso",NA,NA,NA,"PUERTA LLAVE",55,69,124,1
"2464",19256,11025,"El Tambo","Cauca",2006,"Congreso",NA,NA,NA,"LOS LLANOS",108,116,224,1
"2465",19256,11025,"El Tambo","Cauca",2006,"Congreso",NA,NA,NA,"QUILCACE",243,271,514,2
"2466",19256,11025,"El Tambo","Cauca",2006,"Congreso",NA,NA,NA,"RIO HONDO",253,328,581,2
"2467",19256,11025,"El Tambo","Cauca",2006,"Congreso",NA,NA,NA,"RIOSUCIO",167,178,345,2
"2468",19256,11025,"El Tambo","Cauca",2006,"Congreso",NA,NA,NA,"RONDON (LA PALOMA)",89,128,217,1
"2469",19256,11025,"El Tambo","Cauca",2006,"Congreso",NA,NA,NA,"SABANETAS",110,137,247,1
"2470",19256,11025,"El Tambo","Cauca",2006,"Congreso",NA,NA,NA,"MURGUEITIO",34,46,80,1
"2471",19256,11025,"El Tambo","Cauca",2006,"Congreso",NA,NA,NA,"SAN JOAQUIN",602,621,1223,4
"2472",19256,11025,"El Tambo","Cauca",2006,"Congreso",NA,NA,NA,"SAN JUAN DE MECHENGUE",37,51,88,1
"2473",19256,11025,"El Tambo","Cauca",2006,"Congreso",NA,NA,NA,"SEGUENGUE",209,228,437,2
"2474",19256,11025,"El Tambo","Cauca",2006,"Congreso",NA,NA,NA,"URIBE",390,565,955,3
"2475",19256,11025,"El Tambo","Cauca",2006,"Congreso",NA,NA,NA,"PEPITAL",92,117,209,1
"2476",19256,11025,"El Tambo","Cauca",2006,"Congreso",NA,NA,NA,"VEINTE DE JULIO",22,52,74,1
"2477",19290,11027,"Florencia","Cauca",2006,"Congreso",NA,NA,NA,NA,1433,1471,2904,9
"2478",19290,11027,"Florencia","Cauca",2006,"Congreso",NA,NA,NA,"EL ROSARIO",147,177,324,1
"2479",19290,11027,"Florencia","Cauca",2006,"Congreso",NA,NA,NA,"MARSELLA",118,130,248,1
"2480",19318,11028,"Guapi","Cauca",2006,"Congreso",NA,NA,NA,NA,4663,4249,8912,26
"2481",19318,11028,"Guapi","Cauca",2006,"Congreso",NA,NA,NA,"ALFONSO LOPEZ (BALSITAS)",118,115,233,1
"2482",19318,11028,"Guapi","Cauca",2006,"Congreso",NA,NA,NA,"BOCA DE NAPI",172,192,364,2
"2483",19318,11028,"Guapi","Cauca",2006,"Congreso",NA,NA,NA,"NAPI (BELEN)",198,165,363,2
"2484",19318,11028,"Guapi","Cauca",2006,"Congreso",NA,NA,NA,"CASCAJERO O SAN FRANCISCO",161,155,316,1
"2485",19318,11028,"Guapi","Cauca",2006,"Congreso",NA,NA,NA,"BENJAMIN HERRERA (SAN VICENTE",63,41,104,1
"2486",19318,11028,"Guapi","Cauca",2006,"Congreso",NA,NA,NA,"CALLE LARGA",85,88,173,1
"2487",19318,11028,"Guapi","Cauca",2006,"Congreso",NA,NA,NA,"EL ATAJO",99,86,185,1
"2488",19318,11028,"Guapi","Cauca",2006,"Congreso",NA,NA,NA,"EL CARMELO",159,147,306,1
"2489",19318,11028,"Guapi","Cauca",2006,"Congreso",NA,NA,NA,"CONCEPCION",149,129,278,1
"2490",19318,11028,"Guapi","Cauca",2006,"Congreso",NA,NA,NA,"CHAMON",233,208,441,2
"2491",19318,11028,"Guapi","Cauca",2006,"Congreso",NA,NA,NA,"CHANZARA",156,164,320,1
"2492",19318,11028,"Guapi","Cauca",2006,"Congreso",NA,NA,NA,"ROSARIO",39,43,82,1
"2493",19318,11028,"Guapi","Cauca",2006,"Congreso",NA,NA,NA,"ISLAS GORGONA Y GORGONILLA",5,22,27,1
"2494",19318,11028,"Guapi","Cauca",2006,"Congreso",NA,NA,NA,"LAS JUNTAS",50,59,109,1
"2495",19318,11028,"Guapi","Cauca",2006,"Congreso",NA,NA,NA,"LA SOLEDAD",142,137,279,1
"2496",19318,11028,"Guapi","Cauca",2006,"Congreso",NA,NA,NA,"LIMONES",376,381,757,3
"2497",19318,11028,"Guapi","Cauca",2006,"Congreso",NA,NA,NA,"LLANTIN",101,118,219,1
"2498",19318,11028,"Guapi","Cauca",2006,"Congreso",NA,NA,NA,"OLAYA HERRERA (GUARE)",149,139,288,1
"2499",19318,11028,"Guapi","Cauca",2006,"Congreso",NA,NA,NA,"QUIROGA",171,191,362,2
"2500",19318,11028,"Guapi","Cauca",2006,"Congreso",NA,NA,NA,"SAN ANTONIO DEL NAPI",50,58,108,1
"2501",19318,11028,"Guapi","Cauca",2006,"Congreso",NA,NA,NA,"SAN ANTONIO (GUAJI)",246,180,426,2
"2502",19318,11028,"Guapi","Cauca",2006,"Congreso",NA,NA,NA,"SAN AGUSTIN",97,67,164,1
"2503",19318,11028,"Guapi","Cauca",2006,"Congreso",NA,NA,NA,"SAN FRANCISCO (CHUARE)",130,117,247,1
"2504",19318,11028,"Guapi","Cauca",2006,"Congreso",NA,NA,NA,"SANTA CLARA",73,64,137,1
"2505",19318,11028,"Guapi","Cauca",2006,"Congreso",NA,NA,NA,"URIBE URIBE (NARANJO)",92,83,175,1
"2506",19355,11031,"Inzá","Cauca",2006,"Congreso",NA,NA,NA,NA,2583,2785,5368,16
"2507",19355,11031,"Inzá","Cauca",2006,"Congreso",NA,NA,NA,"CALDERAS",203,228,431,2
"2508",19355,11031,"Inzá","Cauca",2006,"Congreso",NA,NA,NA,"GUANACAS",326,354,680,2
"2509",19355,11031,"Inzá","Cauca",2006,"Congreso",NA,NA,NA,"SAN JOSE (LA LAGUNA)",317,306,623,2
"2510",19355,11031,"Inzá","Cauca",2006,"Congreso",NA,NA,NA,"PEDREGAL",569,621,1190,4
"2511",19355,11031,"Inzá","Cauca",2006,"Congreso",NA,NA,NA,"LOS ALPES O RIOSUCIO",29,31,60,1
"2512",19355,11031,"Inzá","Cauca",2006,"Congreso",NA,NA,NA,"PUERTO VALENCIA",159,172,331,1
"2513",19355,11031,"Inzá","Cauca",2006,"Congreso",NA,NA,NA,"SAN MIGUEL",239,227,466,2
"2514",19355,11031,"Inzá","Cauca",2006,"Congreso",NA,NA,NA,"SAN ANDRES",395,435,830,3
"2515",19355,11031,"Inzá","Cauca",2006,"Congreso",NA,NA,NA,"SANTA ROSA",153,164,317,1
"2516",19355,11031,"Inzá","Cauca",2006,"Congreso",NA,NA,NA,"SANTA TERESA",238,232,470,2
"2517",19355,11031,"Inzá","Cauca",2006,"Congreso",NA,NA,NA,"TOPA",51,53,104,1
"2518",19355,11031,"Inzá","Cauca",2006,"Congreso",NA,NA,NA,"TUMBICHUCUE",113,129,242,1
"2519",19355,11031,"Inzá","Cauca",2006,"Congreso",NA,NA,NA,"SEGOVIA",127,146,273,1
"2520",19355,11031,"Inzá","Cauca",2006,"Congreso",NA,NA,NA,"TURMINA",620,690,1310,4
"2521",19364,11034,"Jambaló","Cauca",2006,"Congreso",NA,NA,NA,NA,1462,1579,3041,9
"2522",19364,11034,"Jambaló","Cauca",2006,"Congreso",NA,NA,NA,"LA MINA",414,505,919,3
"2523",19364,11034,"Jambaló","Cauca",2006,"Congreso",NA,NA,NA,"LA MARIA",179,217,396,2
"2524",19364,11034,"Jambaló","Cauca",2006,"Congreso",NA,NA,NA,"LOMA REDONDA",263,287,550,2
"2525",19364,11034,"Jambaló","Cauca",2006,"Congreso",NA,NA,NA,"VALLES HONDOS",122,117,239,1
"2526",19364,11034,"Jambaló","Cauca",2006,"Congreso",NA,NA,NA,"LA ESPERANZA",217,245,462,2
"2527",19392,11037,"La Sierra","Cauca",2006,"Congreso",NA,NA,NA,NA,2642,3006,5648,17
"2528",19392,11037,"La Sierra","Cauca",2006,"Congreso",NA,NA,NA,"LA DEPRESION",274,334,608,2
"2529",19392,11037,"La Sierra","Cauca",2006,"Congreso",NA,NA,NA,"JUANA CASTA/A (VILLEGAS)",76,80,156,1
"2530",19392,11037,"La Sierra","Cauca",2006,"Congreso",NA,NA,NA,"LOS ROBLES",146,135,281,1
"2531",19392,11037,"La Sierra","Cauca",2006,"Congreso",NA,NA,NA,"SAN PEDRO",69,96,165,1
"2532",19397,11040,"La Vega","Cauca",2006,"Congreso",NA,NA,NA,NA,1679,1646,3325,10
"2533",19397,11040,"La Vega","Cauca",2006,"Congreso",NA,NA,NA,"ALTAMIRA",378,466,844,3
"2534",19397,11040,"La Vega","Cauca",2006,"Congreso",NA,NA,NA,"ALBANIA",220,224,444,2
"2535",19397,11040,"La Vega","Cauca",2006,"Congreso",NA,NA,NA,"ARBELA",244,329,573,2
"2536",19397,11040,"La Vega","Cauca",2006,"Congreso",NA,NA,NA,"EL DIVISO",82,97,179,1
"2537",19397,11040,"La Vega","Cauca",2006,"Congreso",NA,NA,NA,"EL PALMAR",169,193,362,2
"2538",19397,11040,"La Vega","Cauca",2006,"Congreso",NA,NA,NA,"GUACHICONO",1112,1069,2181,7
"2539",19397,11040,"La Vega","Cauca",2006,"Congreso",NA,NA,NA,"CHAUPILOMA",60,47,107,1
"2540",19397,11040,"La Vega","Cauca",2006,"Congreso",NA,NA,NA,"PANCITARA",523,581,1104,4
"2541",19397,11040,"La Vega","Cauca",2006,"Congreso",NA,NA,NA,"SAN MIGUEL",771,891,1662,5
"2542",19397,11040,"La Vega","Cauca",2006,"Congreso",NA,NA,NA,"SANTA BARBARA",127,143,270,1
"2543",19397,11040,"La Vega","Cauca",2006,"Congreso",NA,NA,NA,"DOMINICAL",97,116,213,1
"2544",19397,11040,"La Vega","Cauca",2006,"Congreso",NA,NA,NA,"SANTA JUANA",217,229,446,2
"2545",19397,11040,"La Vega","Cauca",2006,"Congreso",NA,NA,NA,"LA CARRERA",50,59,109,1
"2546",19397,11040,"La Vega","Cauca",2006,"Congreso",NA,NA,NA,"PLACER (SANTA RITA)",249,268,517,2
"2547",19397,11040,"La Vega","Cauca",2006,"Congreso",NA,NA,NA,"LOS CIRUELOS",104,106,210,1
"2548",19397,11040,"La Vega","Cauca",2006,"Congreso",NA,NA,NA,"LOS UVOS",305,318,623,2
"2549",19397,11040,"La Vega","Cauca",2006,"Congreso",NA,NA,NA,"VILLAMARIA",169,219,388,2
"2550",19418,11043,"López","Cauca",2006,"Congreso",NA,NA,NA,NA,955,1006,1961,6
"2551",19418,11043,"López","Cauca",2006,"Congreso",NA,NA,NA,"AGUA CLARA (GOLONDRO)",129,161,290,1
"2552",19418,11043,"López","Cauca",2006,"Congreso",NA,NA,NA,"BAJO SIGUI",48,66,114,1
"2553",19418,11043,"López","Cauca",2006,"Congreso",NA,NA,NA,"BETANIA",115,124,239,1
"2554",19418,11043,"López","Cauca",2006,"Congreso",NA,NA,NA,"CACAO",67,78,145,1
"2555",19418,11043,"López","Cauca",2006,"Congreso",NA,NA,NA,"ALTO CHUARE (NAICIONA)",49,74,123,1
"2556",19418,11043,"López","Cauca",2006,"Congreso",NA,NA,NA,"CALLE LARGA (NAYA)",48,50,98,1
"2557",19418,11043,"López","Cauca",2006,"Congreso",NA,NA,NA,"CANDELARIA",38,69,107,1
"2558",19418,11043,"López","Cauca",2006,"Congreso",NA,NA,NA,"EL COCO",65,70,135,1
"2559",19418,11043,"López","Cauca",2006,"Congreso",NA,NA,NA,"RIO NAYA (DOS QUEBRADAS)",129,117,246,1
"2560",19418,11043,"López","Cauca",2006,"Congreso",NA,NA,NA,"CHIGUERO",68,68,136,1
"2561",19418,11043,"López","Cauca",2006,"Congreso",NA,NA,NA,"BOCAGRANDE",124,158,282,1
"2562",19418,11043,"López","Cauca",2006,"Congreso",NA,NA,NA,"ALTO NAYA",7,15,22,1
"2563",19418,11043,"López","Cauca",2006,"Congreso",NA,NA,NA,"EL PLAYON (EL SIGUI)",124,158,282,1
"2564",19418,11043,"López","Cauca",2006,"Congreso",NA,NA,NA,"EL TRUENO",74,78,152,1
"2565",19418,11043,"López","Cauca",2006,"Congreso",NA,NA,NA,"EL TRAPICHE",51,58,109,1
"2566",19418,11043,"López","Cauca",2006,"Congreso",NA,NA,NA,"GUAYABAL",165,178,343,1
"2567",19418,11043,"López","Cauca",2006,"Congreso",NA,NA,NA,"JOLI",149,173,322,1
"2568",19418,11043,"López","Cauca",2006,"Congreso",NA,NA,NA,"LAS CRUCES",56,51,107,1
"2569",19418,11043,"López","Cauca",2006,"Congreso",NA,NA,NA,"LA CONCEPCION",140,116,256,1
"2570",19418,11043,"López","Cauca",2006,"Congreso",NA,NA,NA,"LA SAGRADA FAMILIA",120,133,253,1
"2571",19418,11043,"López","Cauca",2006,"Congreso",NA,NA,NA,"NOANAMITO",218,247,465,2
"2572",19418,11043,"López","Cauca",2006,"Congreso",NA,NA,NA,"LAS PAVAS",44,36,80,1
"2573",19418,11043,"López","Cauca",2006,"Congreso",NA,NA,NA,"PLAYA GRANDE",82,108,190,1
"2574",19418,11043,"López","Cauca",2006,"Congreso",NA,NA,NA,"SAN ANTONIO DE CHUARE",216,237,453,2
"2575",19418,11043,"López","Cauca",2006,"Congreso",NA,NA,NA,"SAN ANTONIO DE GURUMENDY",76,84,160,1
"2576",19418,11043,"López","Cauca",2006,"Congreso",NA,NA,NA,"SAN BARTOLO",78,61,139,1
"2577",19418,11043,"López","Cauca",2006,"Congreso",NA,NA,NA,"SAN FERNANDO",29,34,63,1
"2578",19418,11043,"López","Cauca",2006,"Congreso",NA,NA,NA,"SAN ISIDRO",151,144,295,1
"2579",19418,11043,"López","Cauca",2006,"Congreso",NA,NA,NA,"SAN FRANCISCO ADENTRO",151,155,306,1
"2580",19418,11043,"López","Cauca",2006,"Congreso",NA,NA,NA,"SAN PEDRO DE NAYA",65,77,142,1
"2581",19418,11043,"López","Cauca",2006,"Congreso",NA,NA,NA,"SANTA ANA",62,78,140,1
"2582",19418,11043,"López","Cauca",2006,"Congreso",NA,NA,NA,"TAPARAL",77,71,148,1
"2583",19418,11043,"López","Cauca",2006,"Congreso",NA,NA,NA,"ZARAGOZA",259,260,519,2
"2584",19418,11043,"López","Cauca",2006,"Congreso",NA,NA,NA,"BRAZO DE LA ROTURA",136,161,297,1
"2585",19450,11046,"Mercaderes","Cauca",2006,"Congreso",NA,NA,NA,NA,3401,3460,6861,20
"2586",19450,11046,"Mercaderes","Cauca",2006,"Congreso",NA,NA,NA,"ALTO DE MAYO",84,103,187,1
"2587",19450,11046,"Mercaderes","Cauca",2006,"Congreso",NA,NA,NA,"CURACAS",104,101,205,1
"2588",19450,11046,"Mercaderes","Cauca",2006,"Congreso",NA,NA,NA,"CAJAMARCA",135,164,299,1
"2589",19450,11046,"Mercaderes","Cauca",2006,"Congreso",NA,NA,NA,"EL BADO",36,32,68,1
"2590",19450,11046,"Mercaderes","Cauca",2006,"Congreso",NA,NA,NA,"ARBOLEDAS",464,509,973,3
"2591",19450,11046,"Mercaderes","Cauca",2006,"Congreso",NA,NA,NA,"TABLONES ALTOS (EL MERCADO DE",100,143,243,1
"2592",19450,11046,"Mercaderes","Cauca",2006,"Congreso",NA,NA,NA,"EL PILON",113,118,231,1
"2593",19450,11046,"Mercaderes","Cauca",2006,"Congreso",NA,NA,NA,"ESMERALDAS",231,266,497,2
"2594",19450,11046,"Mercaderes","Cauca",2006,"Congreso",NA,NA,NA,"LA DESPENSA",51,65,116,1
"2595",19450,11046,"Mercaderes","Cauca",2006,"Congreso",NA,NA,NA,"MOJARRAS",282,286,568,2
"2596",19450,11046,"Mercaderes","Cauca",2006,"Congreso",NA,NA,NA,"SAN JOAQUIN",405,546,951,3
"2597",19450,11046,"Mercaderes","Cauca",2006,"Congreso",NA,NA,NA,"LOS LLANOS",90,126,216,1
"2598",19450,11046,"Mercaderes","Cauca",2006,"Congreso",NA,NA,NA,"LOS MEDIOS",64,80,144,1
"2599",19450,11046,"Mercaderes","Cauca",2006,"Congreso",NA,NA,NA,"SAN JUANITO",150,182,332,1
"2600",19450,11046,"Mercaderes","Cauca",2006,"Congreso",NA,NA,NA,"BUENOS AIRES",81,80,161,1
"2601",19450,11046,"Mercaderes","Cauca",2006,"Congreso",NA,NA,NA,"EL CARBONERO",96,108,204,1
"2602",19450,11046,"Mercaderes","Cauca",2006,"Congreso",NA,NA,NA,"SOMBRERILLOS",184,195,379,2
"2603",19450,11046,"Mercaderes","Cauca",2006,"Congreso",NA,NA,NA,"VILLAMARIA",91,107,198,1
"2604",19455,11049,"Miranda","Cauca",2006,"Congreso",NA,NA,NA,NA,5532,4964,10496,31
"2605",19455,11049,"Miranda","Cauca",2006,"Congreso",NA,NA,NA,"CARCEL MUNICIPAL",0,4,4,1
"2606",19455,11049,"Miranda","Cauca",2006,"Congreso",NA,NA,NA,"CARAQUE/O",139,155,294,1
"2607",19455,11049,"Miranda","Cauca",2006,"Congreso",NA,NA,NA,"EL CA/ON",108,91,199,1
"2608",19455,11049,"Miranda","Cauca",2006,"Congreso",NA,NA,NA,"TULIPAN",89,85,174,1
"2609",19455,11049,"Miranda","Cauca",2006,"Congreso",NA,NA,NA,"LA MUNDA",79,95,174,1
"2610",19455,11049,"Miranda","Cauca",2006,"Congreso",NA,NA,NA,"MONTERREDONDO",187,204,391,2
"2611",19455,11049,"Miranda","Cauca",2006,"Congreso",NA,NA,NA,"ORTIGAL",648,664,1312,4
"2612",19455,11049,"Miranda","Cauca",2006,"Congreso",NA,NA,NA,"POTRERITO",290,317,607,2
"2613",19455,11049,"Miranda","Cauca",2006,"Congreso",NA,NA,NA,"SANTANA",265,274,539,2
"2614",19455,11049,"Miranda","Cauca",2006,"Congreso",NA,NA,NA,"TIERRADURA",70,70,140,1
"2615",19473,11052,"Morales","Cauca",2006,"Congreso",NA,NA,NA,NA,3514,3693,7207,21
"2616",19473,11052,"Morales","Cauca",2006,"Congreso",NA,NA,NA,"CARPINTERO",418,531,949,3
"2617",19473,11052,"Morales","Cauca",2006,"Congreso",NA,NA,NA,"CHIMBORAZO",353,434,787,3
"2618",19473,11052,"Morales","Cauca",2006,"Congreso",NA,NA,NA,"EL MEZON",256,341,597,2
"2619",19473,11052,"Morales","Cauca",2006,"Congreso",NA,NA,NA,"HONDURAS",264,384,648,2
"2620",19473,11052,"Morales","Cauca",2006,"Congreso",NA,NA,NA,"LOS CAFES",135,175,310,1
"2621",19473,11052,"Morales","Cauca",2006,"Congreso",NA,NA,NA,"LOS QUINGOS",95,95,190,1
"2622",19473,11052,"Morales","Cauca",2006,"Congreso",NA,NA,NA,"PAN DE AZUCAR (SAN GERARDO)",240,304,544,2
"2623",19473,11052,"Morales","Cauca",2006,"Congreso",NA,NA,NA,"SAN ISIDRO (GUADUALITO)",291,338,629,2
"2624",19473,11052,"Morales","Cauca",2006,"Congreso",NA,NA,NA,"SAN ROQUE",211,253,464,2
"2625",19473,11052,"Morales","Cauca",2006,"Congreso",NA,NA,NA,"TIERRADENTRO",244,295,539,2
"2626",19513,11053,"Padilla","Cauca",2006,"Congreso",NA,NA,NA,NA,1760,1457,3217,10
"2627",19513,11053,"Padilla","Cauca",2006,"Congreso",NA,NA,NA,"CUERNAVACA",167,157,324,1
"2628",19513,11053,"Padilla","Cauca",2006,"Congreso",NA,NA,NA,"EL CHAMIZO",117,112,229,1
"2629",19513,11053,"Padilla","Cauca",2006,"Congreso",NA,NA,NA,"LA PAILA",279,212,491,2
"2630",19513,11053,"Padilla","Cauca",2006,"Congreso",NA,NA,NA,"LAS COSECHAS",173,146,319,1
"2631",19513,11053,"Padilla","Cauca",2006,"Congreso",NA,NA,NA,"EL TETILLO",142,153,295,1
"2632",19513,11053,"Padilla","Cauca",2006,"Congreso",NA,NA,NA,"YARUMALES",336,259,595,2
"2633",19517,11055,"Paez","Cauca",2006,"Congreso",NA,NA,NA,NA,2638,2575,5213,16
"2634",19517,11055,"Paez","Cauca",2006,"Congreso",NA,NA,NA,"ARAUJO",40,67,107,1
"2635",19517,11055,"Paez","Cauca",2006,"Congreso",NA,NA,NA,"ARANZAZU",49,60,109,1
"2636",19517,11055,"Paez","Cauca",2006,"Congreso",NA,NA,NA,"AVIRAMA",401,449,850,3
"2637",19517,11055,"Paez","Cauca",2006,"Congreso",NA,NA,NA,"CHINAS",106,157,263,1
"2638",19517,11055,"Paez","Cauca",2006,"Congreso",NA,NA,NA,"COHETANDO",249,258,507,2
"2639",19517,11055,"Paez","Cauca",2006,"Congreso",NA,NA,NA,"EL CANELO",82,109,191,1
"2640",19517,11055,"Paez","Cauca",2006,"Congreso",NA,NA,NA,"EL COLORADO",71,97,168,1
"2641",19517,11055,"Paez","Cauca",2006,"Congreso",NA,NA,NA,"HUILA (IRLANDA)",311,365,676,2
"2642",19517,11055,"Paez","Cauca",2006,"Congreso",NA,NA,NA,"ITAIBE",381,423,804,3
"2643",19517,11055,"Paez","Cauca",2006,"Congreso",NA,NA,NA,"LAME",131,152,283,1
"2644",19517,11055,"Paez","Cauca",2006,"Congreso",NA,NA,NA,"LA PALMA",136,160,296,1
"2645",19517,11055,"Paez","Cauca",2006,"Congreso",NA,NA,NA,"LA TROJA",96,109,205,1
"2646",19517,11055,"Paez","Cauca",2006,"Congreso",NA,NA,NA,"MOSOCO",392,436,828,3
"2647",19517,11055,"Paez","Cauca",2006,"Congreso",NA,NA,NA,"RICAURTE",195,229,424,2
"2648",19517,11055,"Paez","Cauca",2006,"Congreso",NA,NA,NA,"RIOCHIQUITO",389,488,877,3
"2649",19517,11055,"Paez","Cauca",2006,"Congreso",NA,NA,NA,"SAN LUIS (POTRERILLO)",260,336,596,2
"2650",19517,11055,"Paez","Cauca",2006,"Congreso",NA,NA,NA,"TALAGA",211,244,455,2
"2651",19517,11055,"Paez","Cauca",2006,"Congreso",NA,NA,NA,"TARAVIRA",144,148,292,1
"2652",19517,11055,"Paez","Cauca",2006,"Congreso",NA,NA,NA,"TOEZ",71,94,165,1
"2653",19517,11055,"Paez","Cauca",2006,"Congreso",NA,NA,NA,"TOGOIMA",285,318,603,2
"2654",19517,11055,"Paez","Cauca",2006,"Congreso",NA,NA,NA,"VILLA RODRIGUEZ (GUADUALEJO)",101,112,213,1
"2655",19517,11055,"Paez","Cauca",2006,"Congreso",NA,NA,NA,"VITONCO",519,602,1121,4
"2656",19532,11058,"Patía","Cauca",2006,"Congreso",NA,NA,NA,NA,6620,5806,12426,37
"2657",19532,11058,"Patía","Cauca",2006,"Congreso",NA,NA,NA,"CARCEL",0,24,24,1
"2658",19532,11058,"Patía","Cauca",2006,"Congreso",NA,NA,NA,"ANGULO",192,180,372,2
"2659",19532,11058,"Patía","Cauca",2006,"Congreso",NA,NA,NA,"BELLO HORIZONTE",78,98,176,1
"2660",19532,11058,"Patía","Cauca",2006,"Congreso",NA,NA,NA,"CHONTADURO O SANTA CRUZ",327,386,713,3
"2661",19532,11058,"Patía","Cauca",2006,"Congreso",NA,NA,NA,"EL PLACER",154,185,339,1
"2662",19532,11058,"Patía","Cauca",2006,"Congreso",NA,NA,NA,"DON ALONSO",98,107,205,1
"2663",19532,11058,"Patía","Cauca",2006,"Congreso",NA,NA,NA,"EL HOYO",79,90,169,1
"2664",19532,11058,"Patía","Cauca",2006,"Congreso",NA,NA,NA,"EL ESTRECHO",535,436,971,3
"2665",19532,11058,"Patía","Cauca",2006,"Congreso",NA,NA,NA,"EL PURO",120,107,227,1
"2666",19532,11058,"Patía","Cauca",2006,"Congreso",NA,NA,NA,"GALINDEZ",174,134,308,1
"2667",19532,11058,"Patía","Cauca",2006,"Congreso",NA,NA,NA,"EL ZARZAL",62,103,165,1
"2668",19532,11058,"Patía","Cauca",2006,"Congreso",NA,NA,NA,"LA FLORIDA",175,149,324,1
"2669",19532,11058,"Patía","Cauca",2006,"Congreso",NA,NA,NA,"LA FONDA O PORTUGAL",257,298,555,2
"2670",19532,11058,"Patía","Cauca",2006,"Congreso",NA,NA,NA,"LA MESA",557,662,1219,4
"2671",19532,11058,"Patía","Cauca",2006,"Congreso",NA,NA,NA,"BRISAS",381,458,839,3
"2672",19532,11058,"Patía","Cauca",2006,"Congreso",NA,NA,NA,"GUAYABAL",110,109,219,1
"2673",19532,11058,"Patía","Cauca",2006,"Congreso",NA,NA,NA,"LAS TALLAS",95,106,201,1
"2674",19532,11058,"Patía","Cauca",2006,"Congreso",NA,NA,NA,"PAN DE AZUCAR",217,270,487,2
"2675",19532,11058,"Patía","Cauca",2006,"Congreso",NA,NA,NA,"PATIA",434,399,833,3
"2676",19532,11058,"Patía","Cauca",2006,"Congreso",NA,NA,NA,"PIEDRASENTADA",412,373,785,3
"2677",19532,11058,"Patía","Cauca",2006,"Congreso",NA,NA,NA,"SACHAMATES",46,49,95,1
"2678",19532,11058,"Patía","Cauca",2006,"Congreso",NA,NA,NA,"SANTA ROSA BAJA",208,295,503,2
"2679",19532,11058,"Patía","Cauca",2006,"Congreso",NA,NA,NA,"VERSALLES (BOQUIRROTO)",60,81,141,1
"2680",19533,11060,"Piamonte","Cauca",2006,"Congreso",NA,NA,NA,NA,446,496,942,3
"2681",19533,11060,"Piamonte","Cauca",2006,"Congreso",NA,NA,NA,"CAMPOALEGRE",68,88,156,1
"2682",19533,11060,"Piamonte","Cauca",2006,"Congreso",NA,NA,NA,"EL CEDRO",78,161,239,1
"2683",19533,11060,"Piamonte","Cauca",2006,"Congreso",NA,NA,NA,"MIRAFLOR",176,279,455,2
"2684",19533,11060,"Piamonte","Cauca",2006,"Congreso",NA,NA,NA,"NAPOLES",36,75,111,1
"2685",19533,11060,"Piamonte","Cauca",2006,"Congreso",NA,NA,NA,"PUERTO BELLO",32,50,82,1
"2686",19533,11060,"Piamonte","Cauca",2006,"Congreso",NA,NA,NA,"YAPURA",83,200,283,1
"2687",19548,11061,"Piendamó","Cauca",2006,"Congreso",NA,NA,NA,NA,6447,5708,12155,36
"2688",19548,11061,"Piendamó","Cauca",2006,"Congreso",NA,NA,NA,"TUNIA",799,762,1561,5
"2689",19548,11061,"Piendamó","Cauca",2006,"Congreso",NA,NA,NA,"CAMILO TORRES",114,132,246,1
"2690",19548,11061,"Piendamó","Cauca",2006,"Congreso",NA,NA,NA,"CA/ADULCE",230,297,527,2
"2691",19548,11061,"Piendamó","Cauca",2006,"Congreso",NA,NA,NA,"CORRALES",120,135,255,1
"2692",19548,11061,"Piendamó","Cauca",2006,"Congreso",NA,NA,NA,"EL AGRADO",149,168,317,1
"2693",19548,11061,"Piendamó","Cauca",2006,"Congreso",NA,NA,NA,"EL ARRAYAN",95,85,180,1
"2694",19548,11061,"Piendamó","Cauca",2006,"Congreso",NA,NA,NA,"EL CARMEN",216,278,494,2
"2695",19548,11061,"Piendamó","Cauca",2006,"Congreso",NA,NA,NA,"EL MANGO",170,192,362,2
"2696",19548,11061,"Piendamó","Cauca",2006,"Congreso",NA,NA,NA,"MATARREDONDA",119,122,241,1
"2697",19548,11061,"Piendamó","Cauca",2006,"Congreso",NA,NA,NA,"LA MARIA",195,219,414,2
"2698",19548,11061,"Piendamó","Cauca",2006,"Congreso",NA,NA,NA,"LA UNION",45,61,106,1
"2699",19548,11061,"Piendamó","Cauca",2006,"Congreso",NA,NA,NA,"LOMA CORTA",136,145,281,1
"2700",19548,11061,"Piendamó","Cauca",2006,"Congreso",NA,NA,NA,"LOS FARALLONES",163,161,324,1
"2701",19548,11061,"Piendamó","Cauca",2006,"Congreso",NA,NA,NA,"LOS UVALES",181,209,390,2
"2702",19548,11061,"Piendamó","Cauca",2006,"Congreso",NA,NA,NA,"MELCHOR",114,134,248,1
"2703",19548,11061,"Piendamó","Cauca",2006,"Congreso",NA,NA,NA,"SAN ISIDRO",177,204,381,2
"2704",19548,11061,"Piendamó","Cauca",2006,"Congreso",NA,NA,NA,"SAN JOSE",198,223,421,2
"2705",19548,11061,"Piendamó","Cauca",2006,"Congreso",NA,NA,NA,"SAN MIGUEL",111,122,233,1
"2706",19548,11061,"Piendamó","Cauca",2006,"Congreso",NA,NA,NA,"SAN PEDRO",172,183,355,2
"2707",19548,11061,"Piendamó","Cauca",2006,"Congreso",NA,NA,NA,"SANTA HELENA",315,354,669,2
"2708",19573,11064,"Puerto Tejada","Cauca",2006,"Congreso",NA,NA,NA,"COL NAL. JOSE HILARIO LOPEZ",3166,2342,5508,17
"2709",19573,11064,"Puerto Tejada","Cauca",2006,"Congreso",NA,NA,NA,"INST. EDUC. SAGRADO CORAZON",2239,1667,3906,12
"2710",19573,11064,"Puerto Tejada","Cauca",2006,"Congreso",NA,NA,NA,"COLEGIO FIDELINA ECHEVERRI",1281,1083,2364,7
"2711",19573,11064,"Puerto Tejada","Cauca",2006,"Congreso",NA,NA,NA,"ESCUELA URBANA DE NIÑAS",1420,1207,2627,8
"2712",19573,11064,"Puerto Tejada","Cauca",2006,"Congreso",NA,NA,NA,"PUESTO CENSO",5886,4746,10632,14
"2713",19573,11064,"Puerto Tejada","Cauca",2006,"Congreso",NA,NA,NA,"CARCEL",6,34,40,1
"2714",19573,11064,"Puerto Tejada","Cauca",2006,"Congreso",NA,NA,NA,"BOCAS DEL PALO",129,119,248,1
"2715",19573,11064,"Puerto Tejada","Cauca",2006,"Congreso",NA,NA,NA,"LAS BRISAS",231,224,455,2
"2716",19573,11064,"Puerto Tejada","Cauca",2006,"Congreso",NA,NA,NA,"LOS BANCOS",160,149,309,1
"2717",19573,11064,"Puerto Tejada","Cauca",2006,"Congreso",NA,NA,NA,"PERICONEGRO",373,332,705,3
"2718",19573,11064,"Puerto Tejada","Cauca",2006,"Congreso",NA,NA,NA,"SAN CARLOS",178,157,335,1
"2719",19573,11064,"Puerto Tejada","Cauca",2006,"Congreso",NA,NA,NA,"ZANJON RICO",159,137,296,1
"2720",19585,11067,"Puracé","Cauca",2006,"Congreso",NA,NA,NA,NA,1485,1316,2801,9
"2721",19585,11067,"Puracé","Cauca",2006,"Congreso",NA,NA,NA,"PURACE",845,830,1675,5
"2722",19585,11067,"Puracé","Cauca",2006,"Congreso",NA,NA,NA,"GUILLERMO VALENCIA O PALETARA",290,409,699,3
"2723",19585,11067,"Puracé","Cauca",2006,"Congreso",NA,NA,NA,"LA PLAYA",126,179,305,1
"2724",19585,11067,"Puracé","Cauca",2006,"Congreso",NA,NA,NA,"MOSCOPAN (SANTA LETICIA)",493,655,1148,4
"2725",19622,11070,"Rosas","Cauca",2006,"Congreso",NA,NA,NA,NA,2358,2472,4830,15
"2726",19622,11070,"Rosas","Cauca",2006,"Congreso",NA,NA,NA,"PARRAGA",314,299,613,2
"2727",19622,11070,"Rosas","Cauca",2006,"Congreso",NA,NA,NA,"GUALOTO (EL SAUCE)",237,303,540,2
"2728",19622,11070,"Rosas","Cauca",2006,"Congreso",NA,NA,NA,"MARQUES",99,125,224,1
"2729",19622,11070,"Rosas","Cauca",2006,"Congreso",NA,NA,NA,"LOMA BAJO",200,249,449,2
"2730",19622,11070,"Rosas","Cauca",2006,"Congreso",NA,NA,NA,"UFUGU",119,143,262,1
"2731",19693,11073,"San Sebastián","Cauca",2006,"Congreso",NA,NA,NA,NA,1116,1216,2332,7
"2732",19693,11073,"San Sebastián","Cauca",2006,"Congreso",NA,NA,NA,"EL ROSAL",618,634,1252,4
"2733",19693,11073,"San Sebastián","Cauca",2006,"Congreso",NA,NA,NA,"MARMATO",109,114,223,1
"2734",19693,11073,"San Sebastián","Cauca",2006,"Congreso",NA,NA,NA,"PARAMILLOS",223,244,467,2
"2735",19693,11073,"San Sebastián","Cauca",2006,"Congreso",NA,NA,NA,"SANTIAGO",607,570,1177,4
"2736",19693,11073,"San Sebastián","Cauca",2006,"Congreso",NA,NA,NA,"VALENCIA",255,301,556,2
"2737",19693,11073,"San Sebastián","Cauca",2006,"Congreso",NA,NA,NA,"VENECIA",160,175,335,1
"2738",19698,11076,"Santander de Quilichao","Cauca",2006,"Congreso",NA,NA,NA,"COL. FERNANDEZ GUERRA",5111,4843,9954,29
"2739",19698,11076,"Santander de Quilichao","Cauca",2006,"Congreso",NA,NA,NA,"COL. FRANCISCO JOSE DE CALDAS",2314,1026,3340,10
"2740",19698,11076,"Santander de Quilichao","Cauca",2006,"Congreso",NA,NA,NA,"ESC. LIBERTADOR",2011,1511,3522,11
"2741",19698,11076,"Santander de Quilichao","Cauca",2006,"Congreso",NA,NA,NA,"OBRAS PUBLICAS MUNICIPALES",1597,1333,2930,9
"2742",19698,11076,"Santander de Quilichao","Cauca",2006,"Congreso",NA,NA,NA,"PUESTO CENSO",11256,10216,21472,28
"2743",19698,11076,"Santander de Quilichao","Cauca",2006,"Congreso",NA,NA,NA,"CARCEL",3,49,52,1
"2744",19698,11076,"Santander de Quilichao","Cauca",2006,"Congreso",NA,NA,NA,"EL PALMAR",325,307,632,2
"2745",19698,11076,"Santander de Quilichao","Cauca",2006,"Congreso",NA,NA,NA,"EL CRUCERO",374,378,752,3
"2746",19698,11076,"Santander de Quilichao","Cauca",2006,"Congreso",NA,NA,NA,"EL TURCO",265,298,563,2
"2747",19698,11076,"Santander de Quilichao","Cauca",2006,"Congreso",NA,NA,NA,"LA ARROBLEDA",384,353,737,3
"2748",19698,11076,"Santander de Quilichao","Cauca",2006,"Congreso",NA,NA,NA,"LOMITAS",237,285,522,2
"2749",19698,11076,"Santander de Quilichao","Cauca",2006,"Congreso",NA,NA,NA,"MAZAMORRERO",283,330,613,2
"2750",19698,11076,"Santander de Quilichao","Cauca",2006,"Congreso",NA,NA,NA,"MONDOMO",1384,1490,2874,9
"2751",19698,11076,"Santander de Quilichao","Cauca",2006,"Congreso",NA,NA,NA,"QUINAMAYO",711,722,1433,5
"2752",19698,11076,"Santander de Quilichao","Cauca",2006,"Congreso",NA,NA,NA,"PARAMILLO",286,397,683,2
"2753",19698,11076,"Santander de Quilichao","Cauca",2006,"Congreso",NA,NA,NA,"SAN ISIDRO",296,316,612,2
"2754",19698,11076,"Santander de Quilichao","Cauca",2006,"Congreso",NA,NA,NA,"SAN ANTONIO",486,401,887,3
"2755",19698,11076,"Santander de Quilichao","Cauca",2006,"Congreso",NA,NA,NA,"SAN RAFAEL",337,318,655,2
"2756",19698,11076,"Santander de Quilichao","Cauca",2006,"Congreso",NA,NA,NA,"TRES QUEBRADAS",444,574,1018,3
"2757",19701,11079,"Santa Rosa","Cauca",2006,"Congreso",NA,NA,NA,NA,464,549,1013,3
"2758",19701,11079,"Santa Rosa","Cauca",2006,"Congreso",NA,NA,NA,"DESCANSE",120,119,239,1
"2759",19701,11079,"Santa Rosa","Cauca",2006,"Congreso",NA,NA,NA,"EL CARMELO (CUARIACO)",107,119,226,1
"2760",19701,11079,"Santa Rosa","Cauca",2006,"Congreso",NA,NA,NA,"LOS AZULES",14,18,32,1
"2761",19701,11079,"Santa Rosa","Cauca",2006,"Congreso",NA,NA,NA,"LA PRIMAVERA O LA PLANADA",30,33,63,1
"2762",19701,11079,"Santa Rosa","Cauca",2006,"Congreso",NA,NA,NA,"SAN JUAN VILLALOBOS",82,135,217,1
"2763",19701,11079,"Santa Rosa","Cauca",2006,"Congreso",NA,NA,NA,"SAN ANDRES",29,37,66,1
"2764",19701,11079,"Santa Rosa","Cauca",2006,"Congreso",NA,NA,NA,"SANTA CLARA",34,38,72,1
"2765",19701,11079,"Santa Rosa","Cauca",2006,"Congreso",NA,NA,NA,"SANTA MARTA",77,75,152,1
"2766",19701,11079,"Santa Rosa","Cauca",2006,"Congreso",NA,NA,NA,"VILLA MOSQUERA",55,71,126,1
"2767",19701,11079,"Santa Rosa","Cauca",2006,"Congreso",NA,NA,NA,"VILLALOBOS O SANTA MARIA",70,118,188,1
"2768",19743,11082,"Silvia","Cauca",2006,"Congreso",NA,NA,NA,NA,4165,3922,8087,24
"2769",19743,11082,"Silvia","Cauca",2006,"Congreso",NA,NA,NA,"CARCEL",1,11,12,1
"2770",19743,11082,"Silvia","Cauca",2006,"Congreso",NA,NA,NA,"GUAMBIA",507,511,1018,3
"2771",19743,11082,"Silvia","Cauca",2006,"Congreso",NA,NA,NA,"EL CACIQUE",441,417,858,3
"2772",19743,11082,"Silvia","Cauca",2006,"Congreso",NA,NA,NA,"MENDEZ",100,80,180,1
"2773",19743,11082,"Silvia","Cauca",2006,"Congreso",NA,NA,NA,"MIRAFLORES",88,100,188,1
"2774",19743,11082,"Silvia","Cauca",2006,"Congreso",NA,NA,NA,"PITAYO",676,664,1340,4
"2775",19743,11082,"Silvia","Cauca",2006,"Congreso",NA,NA,NA,"ALTO GRANDE",114,104,218,1
"2776",19743,11082,"Silvia","Cauca",2006,"Congreso",NA,NA,NA,"LA AGUADA",74,70,144,1
"2777",19743,11082,"Silvia","Cauca",2006,"Congreso",NA,NA,NA,"EL JARDIN",93,105,198,1
"2778",19743,11082,"Silvia","Cauca",2006,"Congreso",NA,NA,NA,"PUEBLITO",620,586,1206,4
"2779",19743,11082,"Silvia","Cauca",2006,"Congreso",NA,NA,NA,"EL SALADO",227,226,453,2
"2780",19743,11082,"Silvia","Cauca",2006,"Congreso",NA,NA,NA,"LA ESTRELLA",130,136,266,1
"2781",19743,11082,"Silvia","Cauca",2006,"Congreso",NA,NA,NA,"LAGUNA SECA",61,53,114,1
"2782",19743,11082,"Silvia","Cauca",2006,"Congreso",NA,NA,NA,"QUICHAYA",358,406,764,3
"2783",19743,11082,"Silvia","Cauca",2006,"Congreso",NA,NA,NA,"LOMA DEL CARMEN",92,112,204,1
"2784",19743,11082,"Silvia","Cauca",2006,"Congreso",NA,NA,NA,"SAN PEDRO DEL BOSQUE",145,158,303,1
"2785",19743,11082,"Silvia","Cauca",2006,"Congreso",NA,NA,NA,"TUMBURAO",75,94,169,1
"2786",19743,11082,"Silvia","Cauca",2006,"Congreso",NA,NA,NA,"USENDA",263,306,569,2
"2787",19743,11082,"Silvia","Cauca",2006,"Congreso",NA,NA,NA,"SAN ANTONIO",45,50,95,1
"2788",19743,11082,"Silvia","Cauca",2006,"Congreso",NA,NA,NA,"LA OVEJERA",426,376,802,3
"2789",19743,11082,"Silvia","Cauca",2006,"Congreso",NA,NA,NA,"MICHAMBE",110,106,216,1
"2790",19743,11082,"Silvia","Cauca",2006,"Congreso",NA,NA,NA,"VALLE NUEVO",105,124,229,1
"2791",19760,11085,"Sotará","Cauca",2006,"Congreso",NA,NA,NA,NA,589,620,1209,4
"2792",19760,11085,"Sotará","Cauca",2006,"Congreso",NA,NA,NA,"CHAPA",147,186,333,1
"2793",19760,11085,"Sotará","Cauca",2006,"Congreso",NA,NA,NA,"BUENAVISTA",72,84,156,1
"2794",19760,11085,"Sotará","Cauca",2006,"Congreso",NA,NA,NA,"CHIRIBIO",117,145,262,1
"2795",19760,11085,"Sotará","Cauca",2006,"Congreso",NA,NA,NA,"EL CARMEN",159,147,306,1
"2796",19760,11085,"Sotará","Cauca",2006,"Congreso",NA,NA,NA,"EL CRUCERO",308,289,597,2
"2797",19760,11085,"Sotará","Cauca",2006,"Congreso",NA,NA,NA,"HATO FRIO",52,67,119,1
"2798",19760,11085,"Sotará","Cauca",2006,"Congreso",NA,NA,NA,"LA PAZ",250,256,506,2
"2799",19760,11085,"Sotará","Cauca",2006,"Congreso",NA,NA,NA,"PIEDRELEON",57,97,154,1
"2800",19760,11085,"Sotará","Cauca",2006,"Congreso",NA,NA,NA,"RIO BLANCO",932,952,1884,6
"2801",19760,11085,"Sotará","Cauca",2006,"Congreso",NA,NA,NA,"SACHACOCO",316,317,633,2
"2802",19785,11086,"Sucre","Cauca",2006,"Congreso",NA,NA,NA,NA,754,735,1489,5
"2803",19785,11086,"Sucre","Cauca",2006,"Congreso",NA,NA,NA,"EL PARAISO",263,277,540,2
"2804",19785,11086,"Sucre","Cauca",2006,"Congreso",NA,NA,NA,"LA CEJA",169,183,352,2
"2805",19785,11086,"Sucre","Cauca",2006,"Congreso",NA,NA,NA,"CRUCERO BELLO",214,200,414,2
"2806",19785,11086,"Sucre","Cauca",2006,"Congreso",NA,NA,NA,"LA CUMBRE",89,93,182,1
"2807",19785,11086,"Sucre","Cauca",2006,"Congreso",NA,NA,NA,"CASCADAS",102,109,211,1
"2808",19785,11086,"Sucre","Cauca",2006,"Congreso",NA,NA,NA,"EL TESORO",38,34,72,1
"2809",19785,11086,"Sucre","Cauca",2006,"Congreso",NA,NA,NA,"MAZAMORRAS",87,86,173,1
"2810",19785,11086,"Sucre","Cauca",2006,"Congreso",NA,NA,NA,"EL RETIRO",145,129,274,1
"2811",19785,11086,"Sucre","Cauca",2006,"Congreso",NA,NA,NA,"TEQUENDAMA",87,91,178,1
"2812",19785,11086,"Sucre","Cauca",2006,"Congreso",NA,NA,NA,"EL FRESNO",100,113,213,1
"2813",19785,11086,"Sucre","Cauca",2006,"Congreso",NA,NA,NA,"EL CARMELO",78,84,162,1
"2814",19780,11087,"Suárez","Cauca",2006,"Congreso",NA,NA,NA,NA,3793,3797,7590,23
"2815",19780,11087,"Suárez","Cauca",2006,"Congreso",NA,NA,NA,"ALTAMIRA",128,172,300,1
"2816",19780,11087,"Suárez","Cauca",2006,"Congreso",NA,NA,NA,"AGUA CLARA CANELAR",268,350,618,2
"2817",19780,11087,"Suárez","Cauca",2006,"Congreso",NA,NA,NA,"ASNAZU",522,502,1024,3
"2818",19780,11087,"Suárez","Cauca",2006,"Congreso",NA,NA,NA,"BETULIA",370,580,950,3
"2819",19780,11087,"Suárez","Cauca",2006,"Congreso",NA,NA,NA,"BELLAVISTA",218,282,500,2
"2820",19780,11087,"Suárez","Cauca",2006,"Congreso",NA,NA,NA,"EL HATO (SANTA MARTA)",84,98,182,1
"2821",19780,11087,"Suárez","Cauca",2006,"Congreso",NA,NA,NA,"YOLOMBO",109,110,219,1
"2822",19780,11087,"Suárez","Cauca",2006,"Congreso",NA,NA,NA,"LOS ROBLES",129,153,282,1
"2823",19780,11087,"Suárez","Cauca",2006,"Congreso",NA,NA,NA,"LA MESETA",207,236,443,2
"2824",19780,11087,"Suárez","Cauca",2006,"Congreso",NA,NA,NA,"LA TOMA",450,464,914,3
"2825",19780,11087,"Suárez","Cauca",2006,"Congreso",NA,NA,NA,"MINDALA",168,217,385,2
"2826",19780,11087,"Suárez","Cauca",2006,"Congreso",NA,NA,NA,"MATECA/A",74,110,184,1
"2827",19807,11088,"Timbío","Cauca",2006,"Congreso",NA,NA,NA,NA,6572,5732,12304,36
"2828",19807,11088,"Timbío","Cauca",2006,"Congreso",NA,NA,NA,"CAMPOSANO",337,383,720,3
"2829",19807,11088,"Timbío","Cauca",2006,"Congreso",NA,NA,NA,"ALTO SAN JOSE",284,340,624,2
"2830",19807,11088,"Timbío","Cauca",2006,"Congreso",NA,NA,NA,"EL HATO",199,192,391,2
"2831",19807,11088,"Timbío","Cauca",2006,"Congreso",NA,NA,NA,"CINCO DIAS",430,419,849,3
"2832",19807,11088,"Timbío","Cauca",2006,"Congreso",NA,NA,NA,"EL GUAYABAL",87,97,184,1
"2833",19807,11088,"Timbío","Cauca",2006,"Congreso",NA,NA,NA,"LA CABA/A",234,224,458,2
"2834",19807,11088,"Timbío","Cauca",2006,"Congreso",NA,NA,NA,"LAS CRUCES",349,330,679,2
"2835",19807,11088,"Timbío","Cauca",2006,"Congreso",NA,NA,NA,"LAS PIEDRAS",148,116,264,1
"2836",19807,11088,"Timbío","Cauca",2006,"Congreso",NA,NA,NA,"LA CHORRERA (LAS PIEDRAS)",383,401,784,3
"2837",19807,11088,"Timbío","Cauca",2006,"Congreso",NA,NA,NA,"CUEVITAS (LAS YESCAS)",175,199,374,2
"2838",19807,11088,"Timbío","Cauca",2006,"Congreso",NA,NA,NA,"SAMBONI",251,271,522,2
"2839",19807,11088,"Timbío","Cauca",2006,"Congreso",NA,NA,NA,"URUBAMBA",276,253,529,2
"2840",19809,11091,"Timbiquí","Cauca",2006,"Congreso",NA,NA,NA,NA,1749,1631,3380,10
"2841",19809,11091,"Timbiquí","Cauca",2006,"Congreso",NA,NA,NA,"CAMARONES",89,108,197,1
"2842",19809,11091,"Timbiquí","Cauca",2006,"Congreso",NA,NA,NA,"BOCA DE PATIA",87,117,204,1
"2843",19809,11091,"Timbiquí","Cauca",2006,"Congreso",NA,NA,NA,"BUBUEY",118,131,249,1
"2844",19809,11091,"Timbiquí","Cauca",2006,"Congreso",NA,NA,NA,"CHACON",71,79,150,1
"2845",19809,11091,"Timbiquí","Cauca",2006,"Congreso",NA,NA,NA,"COTEJE",138,110,248,1
"2846",19809,11091,"Timbiquí","Cauca",2006,"Congreso",NA,NA,NA,"CHETE",96,98,194,1
"2847",19809,11091,"Timbiquí","Cauca",2006,"Congreso",NA,NA,NA,"ANGOSTURA",115,123,238,1
"2848",19809,11091,"Timbiquí","Cauca",2006,"Congreso",NA,NA,NA,"EL CHARCO",68,64,132,1
"2849",19809,11091,"Timbiquí","Cauca",2006,"Congreso",NA,NA,NA,"PETE",167,144,311,1
"2850",19809,11091,"Timbiquí","Cauca",2006,"Congreso",NA,NA,NA,"COROZAL",130,137,267,1
"2851",19809,11091,"Timbiquí","Cauca",2006,"Congreso",NA,NA,NA,"EL REALITO",92,90,182,1
"2852",19809,11091,"Timbiquí","Cauca",2006,"Congreso",NA,NA,NA,"CUERVAL",49,57,106,1
"2853",19809,11091,"Timbiquí","Cauca",2006,"Congreso",NA,NA,NA,"SAN BERNARDO",163,159,322,1
"2854",19809,11091,"Timbiquí","Cauca",2006,"Congreso",NA,NA,NA,"CUPI",110,154,264,1
"2855",19809,11091,"Timbiquí","Cauca",2006,"Congreso",NA,NA,NA,"GUANGUI",128,145,273,1
"2856",19809,11091,"Timbiquí","Cauca",2006,"Congreso",NA,NA,NA,"BRAZO CORTO",97,103,200,1
"2857",19809,11091,"Timbiquí","Cauca",2006,"Congreso",NA,NA,NA,"SAN JOSE",138,104,242,1
"2858",19809,11091,"Timbiquí","Cauca",2006,"Congreso",NA,NA,NA,"INFI",56,66,122,1
"2859",19809,11091,"Timbiquí","Cauca",2006,"Congreso",NA,NA,NA,"SANTA MARIA",301,296,597,2
"2860",19809,11091,"Timbiquí","Cauca",2006,"Congreso",NA,NA,NA,"SANTA ROSA DE SAIJA",157,153,310,1
"2861",19809,11091,"Timbiquí","Cauca",2006,"Congreso",NA,NA,NA,"CABECITAL",60,74,134,1
"2862",19809,11091,"Timbiquí","Cauca",2006,"Congreso",NA,NA,NA,"SOLEDAD DE YANTIN",94,96,190,1
"2863",19809,11091,"Timbiquí","Cauca",2006,"Congreso",NA,NA,NA,"SAN MIGUEL DE INFI",70,68,138,1
"2864",19809,11091,"Timbiquí","Cauca",2006,"Congreso",NA,NA,NA,"LOS BRAZOS SAIJA",166,180,346,2
"2865",19809,11091,"Timbiquí","Cauca",2006,"Congreso",NA,NA,NA,"PUERTO SAIJA",249,363,612,2
"2866",19809,11091,"Timbiquí","Cauca",2006,"Congreso",NA,NA,NA,"SAN MIGUEL DEL RIO",58,65,123,1
"2867",19821,11094,"Toribío","Cauca",2006,"Congreso",NA,NA,NA,NA,3064,3029,6093,18
"2868",19821,11094,"Toribío","Cauca",2006,"Congreso",NA,NA,NA,"LA CRUZ",95,112,207,1
"2869",19821,11094,"Toribío","Cauca",2006,"Congreso",NA,NA,NA,"EL TABLAZO",102,127,229,1
"2870",19821,11094,"Toribío","Cauca",2006,"Congreso",NA,NA,NA,"LA DESPENSA (RIONEGRO)",189,220,409,2
"2871",19821,11094,"Toribío","Cauca",2006,"Congreso",NA,NA,NA,"NATALA",320,347,667,2
"2872",19821,11094,"Toribío","Cauca",2006,"Congreso",NA,NA,NA,"SAN FRANCISCO",342,403,745,3
"2873",19821,11094,"Toribío","Cauca",2006,"Congreso",NA,NA,NA,"SANTO DOMINGO",46,65,111,1
"2874",19821,11094,"Toribío","Cauca",2006,"Congreso",NA,NA,NA,"TACUEYO",1609,1898,3507,11
"2875",19821,11094,"Toribío","Cauca",2006,"Congreso",NA,NA,NA,"LOPEZ",31,39,70,1
"2876",19824,11097,"Totoró","Cauca",2006,"Congreso",NA,NA,NA,NA,1827,1724,3551,11
"2877",19824,11097,"Totoró","Cauca",2006,"Congreso",NA,NA,NA,"GABRIEL LOPEZ",348,400,748,3
"2878",19824,11097,"Totoró","Cauca",2006,"Congreso",NA,NA,NA,"BUENA VISTA",145,132,277,1
"2879",19824,11097,"Totoró","Cauca",2006,"Congreso",NA,NA,NA,"JEVALA",134,164,298,1
"2880",19824,11097,"Totoró","Cauca",2006,"Congreso",NA,NA,NA,"EL HATICO",101,94,195,1
"2881",19824,11097,"Totoró","Cauca",2006,"Congreso",NA,NA,NA,"FLORENCIA",171,150,321,1
"2882",19824,11097,"Totoró","Cauca",2006,"Congreso",NA,NA,NA,"NOVIRAO",115,155,270,1
"2883",19824,11097,"Totoró","Cauca",2006,"Congreso",NA,NA,NA,"PANIQUITA",478,485,963,3
"2884",19824,11097,"Totoró","Cauca",2006,"Congreso",NA,NA,NA,"POLINDARA",213,248,461,2
"2885",19824,11097,"Totoró","Cauca",2006,"Congreso",NA,NA,NA,"PORTACHUELO",246,253,499,2
"2886",19845,11098,"Villa Rica","Cauca",2006,"Congreso",NA,NA,NA,NA,3304,2553,5857,18
"2887",19845,11098,"Villa Rica","Cauca",2006,"Congreso",NA,NA,NA,"JUAN IGNACIO",449,342,791,3
"2888",20001,12001,"Valledupar","Cesar",2006,"Congreso",NA,NA,NA,"COLEGIO NACIONAL LOPERENA",6273,9172,15445,45
"2889",20001,12001,"Valledupar","Cesar",2006,"Congreso",NA,NA,NA,"COLEGIO PABLO SEXTO",8449,3076,11525,34
"2890",20001,12001,"Valledupar","Cesar",2006,"Congreso",NA,NA,NA,"CONCENTRACION SAN JOAQUIN",2685,2085,4770,14
"2891",20001,12001,"Valledupar","Cesar",2006,"Congreso",NA,NA,NA,"ESC. DE BELLAS ARTES",4101,3285,7386,22
"2892",20001,12001,"Valledupar","Cesar",2006,"Congreso",NA,NA,NA,"PARQUEADERO MUNICIPAL",3004,4280,7284,22
"2893",20001,12001,"Valledupar","Cesar",2006,"Congreso",NA,NA,NA,"COLEGIO PRUDENCIA DAZA",2111,2824,4935,15
"2894",20001,12001,"Valledupar","Cesar",2006,"Congreso",NA,NA,NA,"COLEGIO SANTO DOMINGO",4019,3112,7131,21
"2895",20001,12001,"Valledupar","Cesar",2006,"Congreso",NA,NA,NA,"COLEGIO LICEO MODERNO",472,415,887,3
"2896",20001,12001,"Valledupar","Cesar",2006,"Congreso",NA,NA,NA,"COL.  FRANCISCO MOLINA SANCHE",3822,3511,7333,22
"2897",20001,12001,"Valledupar","Cesar",2006,"Congreso",NA,NA,NA,"CONC. RAFAEL VALLE MEZA",4951,3879,8830,26
"2898",20001,12001,"Valledupar","Cesar",2006,"Congreso",NA,NA,NA,"CONC. MILCIADES CANTILLO",4501,2593,7094,21
"2899",20001,12001,"Valledupar","Cesar",2006,"Congreso",NA,NA,NA,"CONC. ALFONSO ARAUJO",3292,2984,6276,19
"2900",20001,12001,"Valledupar","Cesar",2006,"Congreso",NA,NA,NA,"INST. TEC. ENRIQUE PUPO",2181,3249,5430,16
"2901",20001,12001,"Valledupar","Cesar",2006,"Congreso",NA,NA,NA,"INST. EDUC.RAFAEL VALLE MEZA",2794,2686,5480,16
"2902",20001,12001,"Valledupar","Cesar",2006,"Congreso",NA,NA,NA,"COL. JOSE EUGENIO MARTINEZ",6182,4915,11097,33
"2903",20001,12001,"Valledupar","Cesar",2006,"Congreso",NA,NA,NA,"COL. NACIONALIZADO UPAR",5060,4598,9658,29
"2904",20001,12001,"Valledupar","Cesar",2006,"Congreso",NA,NA,NA,"INT. TECNICO VILLA CORELCA",1283,1236,2519,8
"2905",20001,12001,"Valledupar","Cesar",2006,"Congreso",NA,NA,NA,"ESC. MIXTA No. 4",2641,2134,4775,14
"2906",20001,12001,"Valledupar","Cesar",2006,"Congreso",NA,NA,NA,"COLEGIO NAL.  ALFONSO LOPEZ",3805,3117,6922,21
"2907",20001,12001,"Valledupar","Cesar",2006,"Congreso",NA,NA,NA,"INST. EDUC.LOPERENA GARUPAL",5304,4462,9766,29
"2908",20001,12001,"Valledupar","Cesar",2006,"Congreso",NA,NA,NA,"ESC. MIXTA 12 DE MAYO",4031,3573,7604,23
"2909",20001,12001,"Valledupar","Cesar",2006,"Congreso",NA,NA,NA,"ESC. JESUS SIERRA URIBE",575,450,1025,3
"2910",20001,12001,"Valledupar","Cesar",2006,"Congreso",NA,NA,NA,"PUESTO CENSO",19613,13918,33531,43
"2911",20001,12001,"Valledupar","Cesar",2006,"Congreso",NA,NA,NA,"CARCEL",9,87,96,1
"2912",20001,12001,"Valledupar","Cesar",2006,"Congreso",NA,NA,NA,"EST. PENITENCIARIO Y CARCELAR",3,123,126,1
"2913",20001,12001,"Valledupar","Cesar",2006,"Congreso",NA,NA,NA,"ALTO DE LA VUELTA",96,141,237,1
"2914",20001,12001,"Valledupar","Cesar",2006,"Congreso",NA,NA,NA,"AGUAS BLANCAS",736,1073,1809,6
"2915",20001,12001,"Valledupar","Cesar",2006,"Congreso",NA,NA,NA,"ATANQUEZ",836,986,1822,6
"2916",20001,12001,"Valledupar","Cesar",2006,"Congreso",NA,NA,NA,"BADILLO",232,332,564,2
"2917",20001,12001,"Valledupar","Cesar",2006,"Congreso",NA,NA,NA,"CARACOLI",194,367,561,2
"2918",20001,12001,"Valledupar","Cesar",2006,"Congreso",NA,NA,NA,"CHEMESQUEMENA",174,224,398,2
"2919",20001,12001,"Valledupar","Cesar",2006,"Congreso",NA,NA,NA,"EL JABO",62,84,146,1
"2920",20001,12001,"Valledupar","Cesar",2006,"Congreso",NA,NA,NA,"EL PERRO",65,85,150,1
"2921",20001,12001,"Valledupar","Cesar",2006,"Congreso",NA,NA,NA,"FRAY MARTIN DE PORRES",97,109,206,1
"2922",20001,12001,"Valledupar","Cesar",2006,"Congreso",NA,NA,NA,"GUACOCHE",408,442,850,3
"2923",20001,12001,"Valledupar","Cesar",2006,"Congreso",NA,NA,NA,"GUATAPURI",234,328,562,2
"2924",20001,12001,"Valledupar","Cesar",2006,"Congreso",NA,NA,NA,"GUAIMARAL",297,365,662,2
"2925",20001,12001,"Valledupar","Cesar",2006,"Congreso",NA,NA,NA,"LA VEGA ARRIBA",108,152,260,1
"2926",20001,12001,"Valledupar","Cesar",2006,"Congreso",NA,NA,NA,"LA MINA",226,266,492,2
"2927",20001,12001,"Valledupar","Cesar",2006,"Congreso",NA,NA,NA,"LOS CORAZONES",185,277,462,2
"2928",20001,12001,"Valledupar","Cesar",2006,"Congreso",NA,NA,NA,"LOS HATICOS (HATICO NORTE O D",113,148,261,1
"2929",20001,12001,"Valledupar","Cesar",2006,"Congreso",NA,NA,NA,"LOS VENADOS",415,627,1042,4
"2930",20001,12001,"Valledupar","Cesar",2006,"Congreso",NA,NA,NA,"LAS RAICES",80,110,190,1
"2931",20001,12001,"Valledupar","Cesar",2006,"Congreso",NA,NA,NA,"LA SIERRA DE AZUCAR BUENA",106,336,442,2
"2932",20001,12001,"Valledupar","Cesar",2006,"Congreso",NA,NA,NA,"MARIANGOLA",844,1314,2158,7
"2933",20001,12001,"Valledupar","Cesar",2006,"Congreso",NA,NA,NA,"PATILLAL",499,592,1091,4
"2934",20001,12001,"Valledupar","Cesar",2006,"Congreso",NA,NA,NA,"RIOSECO",99,122,221,1
"2935",20001,12001,"Valledupar","Cesar",2006,"Congreso",NA,NA,NA,"SABANA DE CRESPO",308,384,692,3
"2936",20001,12001,"Valledupar","Cesar",2006,"Congreso",NA,NA,NA,"VALENCIA DE JESUS",479,677,1156,4
"2937",20001,12001,"Valledupar","Cesar",2006,"Congreso",NA,NA,NA,"VILLA GERMANIA",149,414,563,2
"2938",20011,12075,"Aguachica","Cesar",2006,"Congreso",NA,NA,NA,"COL. GUILLERMO LEON V.",1661,3206,4867,15
"2939",20011,12075,"Aguachica","Cesar",2006,"Congreso",NA,NA,NA,"CON. JORGE ELIECER GAITAN",3074,4174,7248,22
"2940",20011,12075,"Aguachica","Cesar",2006,"Congreso",NA,NA,NA,"COL. NAL. JOSE Ma.CAMPO SERRA",2286,2881,5167,16
"2941",20011,12075,"Aguachica","Cesar",2006,"Congreso",NA,NA,NA,"ESC. LA UNION",3114,2467,5581,17
"2942",20011,12075,"Aguachica","Cesar",2006,"Congreso",NA,NA,NA,"COLEGIO LA VICTORIA",3976,1000,4976,15
"2943",20011,12075,"Aguachica","Cesar",2006,"Congreso",NA,NA,NA,"COL. NAL NTRA. SE/ORA DEL CAR",3696,2067,5763,17
"2944",20011,12075,"Aguachica","Cesar",2006,"Congreso",NA,NA,NA,"PUESTO CENSO",4925,3988,8913,12
"2945",20011,12075,"Aguachica","Cesar",2006,"Congreso",NA,NA,NA,"CARCEL",2,55,57,1
"2946",20011,12075,"Aguachica","Cesar",2006,"Congreso",NA,NA,NA,"BARRANCA DE LEBRIJA",450,535,985,3
"2947",20011,12075,"Aguachica","Cesar",2006,"Congreso",NA,NA,NA,"BOQUERON",54,100,154,1
"2948",20011,12075,"Aguachica","Cesar",2006,"Congreso",NA,NA,NA,"BUTURAMA",79,109,188,1
"2949",20011,12075,"Aguachica","Cesar",2006,"Congreso",NA,NA,NA,"CERRO BRAVO",34,66,100,1
"2950",20011,12075,"Aguachica","Cesar",2006,"Congreso",NA,NA,NA,"CERRO REDONDO",35,58,93,1
"2951",20011,12075,"Aguachica","Cesar",2006,"Congreso",NA,NA,NA,"EL JUNCAL",72,101,173,1
"2952",20011,12075,"Aguachica","Cesar",2006,"Congreso",NA,NA,NA,"LA MORENA",17,38,55,1
"2953",20011,12075,"Aguachica","Cesar",2006,"Congreso",NA,NA,NA,"LAS JUNTAS",38,83,121,1
"2954",20011,12075,"Aguachica","Cesar",2006,"Congreso",NA,NA,NA,"LA YEGUERA",43,79,122,1
"2955",20011,12075,"Aguachica","Cesar",2006,"Congreso",NA,NA,NA,"LOMA DE CORREDOR",250,315,565,2
"2956",20011,12075,"Aguachica","Cesar",2006,"Congreso",NA,NA,NA,"LUCAICAL",63,84,147,1
"2957",20011,12075,"Aguachica","Cesar",2006,"Congreso",NA,NA,NA,"MUCURAS",23,35,58,1
"2958",20011,12075,"Aguachica","Cesar",2006,"Congreso",NA,NA,NA,"NOREAN",367,441,808,3
"2959",20011,12075,"Aguachica","Cesar",2006,"Congreso",NA,NA,NA,"PATI/O",217,246,463,2
"2960",20011,12075,"Aguachica","Cesar",2006,"Congreso",NA,NA,NA,"PUERTO AMALIA",110,105,215,1
"2961",20011,12075,"Aguachica","Cesar",2006,"Congreso",NA,NA,NA,"SAN MIGUEL",22,24,46,1
"2962",20011,12075,"Aguachica","Cesar",2006,"Congreso",NA,NA,NA,"SANTA BARBARA",15,23,38,1
"2963",20011,12075,"Aguachica","Cesar",2006,"Congreso",NA,NA,NA,"SANTA LUCIA",57,64,121,1
"2964",20011,12075,"Aguachica","Cesar",2006,"Congreso",NA,NA,NA,"SANTA ROSA DE CARACOL",37,75,112,1
"2965",20011,12075,"Aguachica","Cesar",2006,"Congreso",NA,NA,NA,"VILLA DE SN ANDRES DE TOTUMAL",248,282,530,2
"2966",20011,12075,"Aguachica","Cesar",2006,"Congreso",NA,NA,NA,"VILLANUEVA",42,39,81,1
"2967",20013,12150,"Agustín Codazzi","Cesar",2006,"Congreso",NA,NA,NA,"COL. COOPERATIVO",1941,3195,5136,15
"2968",20013,12150,"Agustín Codazzi","Cesar",2006,"Congreso",NA,NA,NA,"SAGRADO CORAZON DE JESUS (COL",2378,1253,3631,11
"2969",20013,12150,"Agustín Codazzi","Cesar",2006,"Congreso",NA,NA,NA,"COL NAL. AGUSTIN CODAZZI",2656,2897,5553,17
"2970",20013,12150,"Agustín Codazzi","Cesar",2006,"Congreso",NA,NA,NA,"ESC. MIXTA LAS FLORES",2203,1836,4039,12
"2971",20013,12150,"Agustín Codazzi","Cesar",2006,"Congreso",NA,NA,NA,"PUESTO CENSO",5587,6357,11944,16
"2972",20013,12150,"Agustín Codazzi","Cesar",2006,"Congreso",NA,NA,NA,"CASACARA",800,1135,1935,6
"2973",20013,12150,"Agustín Codazzi","Cesar",2006,"Congreso",NA,NA,NA,"LLERASCA",323,398,721,3
"2974",20013,12150,"Agustín Codazzi","Cesar",2006,"Congreso",NA,NA,NA,"SAN JACINTO",84,285,369,2
"2975",20013,12150,"Agustín Codazzi","Cesar",2006,"Congreso",NA,NA,NA,"SICARARE",157,449,606,2
"2976",20032,12170,"Astrea","Cesar",2006,"Congreso",NA,NA,NA,NA,3585,4269,7854,23
"2977",20032,12170,"Astrea","Cesar",2006,"Congreso",NA,NA,NA,"ARJONA",845,1182,2027,6
"2978",20032,12170,"Astrea","Cesar",2006,"Congreso",NA,NA,NA,"SANTA CECILIA",143,255,398,2
"2979",20045,12180,"Becerril","Cesar",2006,"Congreso",NA,NA,NA,NA,3647,4221,7868,23
"2980",20045,12180,"Becerril","Cesar",2006,"Congreso",NA,NA,NA,"ESTADOS UNIDOS",78,245,323,1
"2981",20045,12180,"Becerril","Cesar",2006,"Congreso",NA,NA,NA,"LA GUAJIRITA",131,261,392,2
"2982",20060,12200,"Bosconia","Cesar",2006,"Congreso",NA,NA,NA,NA,8225,8852,17077,50
"2983",20060,12200,"Bosconia","Cesar",2006,"Congreso",NA,NA,NA,"LOMA COLORADA",165,332,497,2
"2984",20228,12225,"Curumaní","Cesar",2006,"Congreso",NA,NA,NA,NA,7021,7185,14206,42
"2985",20228,12225,"Curumaní","Cesar",2006,"Congreso",NA,NA,NA,"CHAMPAN",173,181,354,2
"2986",20228,12225,"Curumaní","Cesar",2006,"Congreso",NA,NA,NA,"EL MAMEY LOS SERENOS",112,155,267,1
"2987",20228,12225,"Curumaní","Cesar",2006,"Congreso",NA,NA,NA,"GUAIMARAL",101,130,231,1
"2988",20228,12225,"Curumaní","Cesar",2006,"Congreso",NA,NA,NA,"SABANAGRANDE",256,290,546,2
"2989",20228,12225,"Curumaní","Cesar",2006,"Congreso",NA,NA,NA,"SAN ROQUE",691,719,1410,5
"2990",20228,12225,"Curumaní","Cesar",2006,"Congreso",NA,NA,NA,"SAN SEBASTIAN",124,148,272,1
"2991",20228,12225,"Curumaní","Cesar",2006,"Congreso",NA,NA,NA,"SANTA ISABEL",147,220,367,2
"2992",20175,12300,"Chimichagua","Cesar",2006,"Congreso",NA,NA,NA,NA,4962,5369,10331,31
"2993",20175,12300,"Chimichagua","Cesar",2006,"Congreso",NA,NA,NA,"CANDELARIA",586,682,1268,4
"2994",20175,12300,"Chimichagua","Cesar",2006,"Congreso",NA,NA,NA,"EL GUAMO",210,245,455,2
"2995",20175,12300,"Chimichagua","Cesar",2006,"Congreso",NA,NA,NA,"EL TREBOL DE PAJONAL",61,77,138,1
"2996",20175,12300,"Chimichagua","Cesar",2006,"Congreso",NA,NA,NA,"HIGOAMARILLO",165,214,379,2
"2997",20175,12300,"Chimichagua","Cesar",2006,"Congreso",NA,NA,NA,"LA MATA",315,407,722,3
"2998",20175,12300,"Chimichagua","Cesar",2006,"Congreso",NA,NA,NA,"LA BRILLANTINA",0,1,1,1
"2999",20175,12300,"Chimichagua","Cesar",2006,"Congreso",NA,NA,NA,"LAS FLORES",178,264,442,2
"3000",20175,12300,"Chimichagua","Cesar",2006,"Congreso",NA,NA,NA,"LAS VEGAS",155,219,374,2
"3001",20175,12300,"Chimichagua","Cesar",2006,"Congreso",NA,NA,NA,"MANDINGUILLA",610,818,1428,5
"3002",20175,12300,"Chimichagua","Cesar",2006,"Congreso",NA,NA,NA,"PIEDRAS BLANCAS",0,0,0,0
"3003",20175,12300,"Chimichagua","Cesar",2006,"Congreso",NA,NA,NA,"SALOA",879,957,1836,6
"3004",20175,12300,"Chimichagua","Cesar",2006,"Congreso",NA,NA,NA,"SEMPEGUA",306,396,702,3
"3005",20175,12300,"Chimichagua","Cesar",2006,"Congreso",NA,NA,NA,"ULTIMO CASO",0,0,0,0
"3006",20175,12300,"Chimichagua","Cesar",2006,"Congreso",NA,NA,NA,"SOLEDAD",224,298,522,2
"3007",20175,12300,"Chimichagua","Cesar",2006,"Congreso",NA,NA,NA,"TRONCONAL",77,135,212,1
"3008",20175,12300,"Chimichagua","Cesar",2006,"Congreso",NA,NA,NA,"ZAPATI",39,36,75,1
"3009",20178,12375,"Chiriguaná","Cesar",2006,"Congreso",NA,NA,NA,NA,5312,5181,10493,31
"3010",20178,12375,"Chiriguaná","Cesar",2006,"Congreso",NA,NA,NA,"CARCEL",4,20,24,1
"3011",20178,12375,"Chiriguaná","Cesar",2006,"Congreso",NA,NA,NA,"LA AURORA",250,349,599,2
"3012",20178,12375,"Chiriguaná","Cesar",2006,"Congreso",NA,NA,NA,"LA SIERRA",364,359,723,3
"3013",20178,12375,"Chiriguaná","Cesar",2006,"Congreso",NA,NA,NA,"POPONTE",387,506,893,3
"3014",20178,12375,"Chiriguaná","Cesar",2006,"Congreso",NA,NA,NA,"RINCON HONDO",820,861,1681,5
"3015",20238,12410,"El Copey","Cesar",2006,"Congreso",NA,NA,NA,NA,6604,7028,13632,40
"3016",20238,12410,"El Copey","Cesar",2006,"Congreso",NA,NA,NA,"CARACOLICITO",367,508,875,3
"3017",20238,12410,"El Copey","Cesar",2006,"Congreso",NA,NA,NA,"CHIMILA",245,453,698,3
"3018",20238,12410,"El Copey","Cesar",2006,"Congreso",NA,NA,NA,"SAN FRANCISCO DE ASIS",65,165,230,1
"3019",20250,12415,"El Paso","Cesar",2006,"Congreso",NA,NA,NA,NA,2213,2126,4339,13
"3020",20250,12415,"El Paso","Cesar",2006,"Congreso",NA,NA,NA,"CUATRO VIENTOS",438,614,1052,4
"3021",20250,12415,"El Paso","Cesar",2006,"Congreso",NA,NA,NA,"EL CARMEN",151,186,337,1
"3022",20250,12415,"El Paso","Cesar",2006,"Congreso",NA,NA,NA,"EL VALLITO",246,364,610,2
"3023",20250,12415,"El Paso","Cesar",2006,"Congreso",NA,NA,NA,"LA LOMA DE CALENTURA",1975,2626,4601,14
"3024",20250,12415,"El Paso","Cesar",2006,"Congreso",NA,NA,NA,"POTRERILLO",285,396,681,2
"3025",20295,12450,"Gamarra","Cesar",2006,"Congreso",NA,NA,NA,NA,3049,3052,6101,18
"3026",20295,12450,"Gamarra","Cesar",2006,"Congreso",NA,NA,NA,"CASCAJAL",56,49,105,1
"3027",20295,12450,"Gamarra","Cesar",2006,"Congreso",NA,NA,NA,"EL CONTENTO",164,210,374,2
"3028",20295,12450,"Gamarra","Cesar",2006,"Congreso",NA,NA,NA,"ESTACION",305,313,618,2
"3029",20295,12450,"Gamarra","Cesar",2006,"Congreso",NA,NA,NA,"MAHOMA",77,115,192,1
"3030",20295,12450,"Gamarra","Cesar",2006,"Congreso",NA,NA,NA,"PALENQUILLO",220,337,557,2
"3031",20295,12450,"Gamarra","Cesar",2006,"Congreso",NA,NA,NA,"PUERTO CAPULCO",72,82,154,1
"3032",20295,12450,"Gamarra","Cesar",2006,"Congreso",NA,NA,NA,"PUERTO MOSQUITO",227,277,504,2
"3033",20295,12450,"Gamarra","Cesar",2006,"Congreso",NA,NA,NA,"PUERTO VIEJO",102,118,220,1
"3034",20310,12525,"González","Cesar",2006,"Congreso",NA,NA,NA,NA,829,874,1703,5
"3035",20310,12525,"González","Cesar",2006,"Congreso",NA,NA,NA,"BUJARAVITA",29,46,75,1
"3036",20310,12525,"González","Cesar",2006,"Congreso",NA,NA,NA,"BURBURA",140,202,342,1
"3037",20310,12525,"González","Cesar",2006,"Congreso",NA,NA,NA,"CULEBRITA",100,140,240,1
"3038",20310,12525,"González","Cesar",2006,"Congreso",NA,NA,NA,"EL POTRERO",60,92,152,1
"3039",20310,12525,"González","Cesar",2006,"Congreso",NA,NA,NA,"LA FLORESTA",254,262,516,2
"3040",20310,12525,"González","Cesar",2006,"Congreso",NA,NA,NA,"MATA DE FIQUE",42,60,102,1
"3041",20310,12525,"González","Cesar",2006,"Congreso",NA,NA,NA,"MONTERA",114,106,220,1
"3042",20310,12525,"González","Cesar",2006,"Congreso",NA,NA,NA,"SAN ISIDRO",431,465,896,3
"3043",20310,12525,"González","Cesar",2006,"Congreso",NA,NA,NA,"VIJAGUAL",91,127,218,1
"3044",20383,12600,"La Gloria","Cesar",2006,"Congreso",NA,NA,NA,NA,2030,1970,4000,12
"3045",20383,12600,"La Gloria","Cesar",2006,"Congreso",NA,NA,NA,"AYACUCHO",717,922,1639,5
"3046",20383,12600,"La Gloria","Cesar",2006,"Congreso",NA,NA,NA,"BESOTE",248,343,591,2
"3047",20383,12600,"La Gloria","Cesar",2006,"Congreso",NA,NA,NA,"BUBETA",110,190,300,1
"3048",20383,12600,"La Gloria","Cesar",2006,"Congreso",NA,NA,NA,"CAROLINA",56,74,130,1
"3049",20383,12600,"La Gloria","Cesar",2006,"Congreso",NA,NA,NA,"LA MATA",449,540,989,3
"3050",20383,12600,"La Gloria","Cesar",2006,"Congreso",NA,NA,NA,"MOLINA",42,62,104,1
"3051",20383,12600,"La Gloria","Cesar",2006,"Congreso",NA,NA,NA,"SAN PABLO",128,179,307,1
"3052",20383,12600,"La Gloria","Cesar",2006,"Congreso",NA,NA,NA,"SIMA/A",384,422,806,3
"3053",20400,12608,"La Jagua de Ibirico","Cesar",2006,"Congreso",NA,NA,NA,NA,5400,5687,11087,33
"3054",20400,12608,"La Jagua de Ibirico","Cesar",2006,"Congreso",NA,NA,NA,"BOQUERON",81,133,214,1
"3055",20400,12608,"La Jagua de Ibirico","Cesar",2006,"Congreso",NA,NA,NA,"LA PALMITA",414,480,894,3
"3056",20400,12608,"La Jagua de Ibirico","Cesar",2006,"Congreso",NA,NA,NA,"VICTORIA DE SAN ISIDRO",435,630,1065,4
"3057",20443,12625,"Manaure","Cesar",2006,"Congreso",NA,NA,NA,NA,2002,2185,4187,13
"3058",20443,12625,"Manaure","Cesar",2006,"Congreso",NA,NA,NA,"JOSE CONCEPCION CAMPO URDIALE",54,75,129,1
"3059",20443,12625,"Manaure","Cesar",2006,"Congreso",NA,NA,NA,"LA TOMITA",70,79,149,1
"3060",20443,12625,"Manaure","Cesar",2006,"Congreso",NA,NA,NA,"PIE DEL CIELO",46,65,111,1
"3061",20443,12625,"Manaure","Cesar",2006,"Congreso",NA,NA,NA,"SABANA DE LEON",47,61,108,1
"3062",20517,12650,"Pailitas","Cesar",2006,"Congreso",NA,NA,NA,NA,4471,4487,8958,27
"3063",20517,12650,"Pailitas","Cesar",2006,"Congreso",NA,NA,NA,"EL BURRO",95,141,236,1
"3064",20517,12650,"Pailitas","Cesar",2006,"Congreso",NA,NA,NA,"LA FLORESTA",67,97,164,1
"3065",20517,12650,"Pailitas","Cesar",2006,"Congreso",NA,NA,NA,"PALESTINA",191,238,429,2
"3066",20517,12650,"Pailitas","Cesar",2006,"Congreso",NA,NA,NA,"LOS LLANOS",79,138,217,1
"3067",20517,12650,"Pailitas","Cesar",2006,"Congreso",NA,NA,NA,"RIVERA",69,97,166,1
"3068",20550,12700,"Pelaya","Cesar",2006,"Congreso",NA,NA,NA,NA,4161,4327,8488,25
"3069",20550,12700,"Pelaya","Cesar",2006,"Congreso",NA,NA,NA,"COSTILLAS",403,450,853,3
"3070",20550,12700,"Pelaya","Cesar",2006,"Congreso",NA,NA,NA,"SAN BERNARDO",370,400,770,3
"3071",20570,12720,"Pueblo Bello","Cesar",2006,"Congreso",NA,NA,NA,NA,2757,3348,6105,18
"3072",20570,12720,"Pueblo Bello","Cesar",2006,"Congreso",NA,NA,NA,"LA CAJA",153,236,389,2
"3073",20570,12720,"Pueblo Bello","Cesar",2006,"Congreso",NA,NA,NA,"LA HONDA",7,14,21,1
"3074",20570,12720,"Pueblo Bello","Cesar",2006,"Congreso",NA,NA,NA,"LAS MINAS DE HIRACAL",89,271,360,2
"3075",20570,12720,"Pueblo Bello","Cesar",2006,"Congreso",NA,NA,NA,"PALMARITO (NUEVO COLON)",78,224,302,1
"3076",20570,12720,"Pueblo Bello","Cesar",2006,"Congreso",NA,NA,NA,"NABUSIMAKE",809,834,1643,5
"3077",20614,12750,"Río de Oro","Cesar",2006,"Congreso",NA,NA,NA,NA,3399,3168,6567,20
"3078",20614,12750,"Río de Oro","Cesar",2006,"Congreso",NA,NA,NA,"DIEGO HERNANDEZ",78,115,193,1
"3079",20614,12750,"Río de Oro","Cesar",2006,"Congreso",NA,NA,NA,"EL GITANO",89,110,199,1
"3080",20614,12750,"Río de Oro","Cesar",2006,"Congreso",NA,NA,NA,"EL HOBO",46,93,139,1
"3081",20614,12750,"Río de Oro","Cesar",2006,"Congreso",NA,NA,NA,"EL SALOBRE",110,153,263,1
"3082",20614,12750,"Río de Oro","Cesar",2006,"Congreso",NA,NA,NA,"HONDURAS",18,44,62,1
"3083",20614,12750,"Río de Oro","Cesar",2006,"Congreso",NA,NA,NA,"LA PALESTINA",80,118,198,1
"3084",20614,12750,"Río de Oro","Cesar",2006,"Congreso",NA,NA,NA,"LINDSAY",103,151,254,1
"3085",20614,12750,"Río de Oro","Cesar",2006,"Congreso",NA,NA,NA,"LOS ANGELES",465,678,1143,4
"3086",20614,12750,"Río de Oro","Cesar",2006,"Congreso",NA,NA,NA,"MARQUEZ",173,229,402,2
"3087",20614,12750,"Río de Oro","Cesar",2006,"Congreso",NA,NA,NA,"MONTECITOS",177,236,413,2
"3088",20614,12750,"Río de Oro","Cesar",2006,"Congreso",NA,NA,NA,"MORRISON",204,237,441,2
"3089",20614,12750,"Río de Oro","Cesar",2006,"Congreso",NA,NA,NA,"PUERTO NUEVO",135,202,337,1
"3090",20710,12800,"San Alberto","Cesar",2006,"Congreso",NA,NA,NA,NA,4703,4592,9295,28
"3091",20710,12800,"San Alberto","Cesar",2006,"Congreso",NA,NA,NA,"EL LIBANO",186,269,455,2
"3092",20710,12800,"San Alberto","Cesar",2006,"Congreso",NA,NA,NA,"LA PALMA",160,191,351,2
"3093",20710,12800,"San Alberto","Cesar",2006,"Congreso",NA,NA,NA,"LA LLANA",229,400,629,2
"3094",20710,12800,"San Alberto","Cesar",2006,"Congreso",NA,NA,NA,"LA TRINIDAD",129,185,314,1
"3095",20710,12800,"San Alberto","Cesar",2006,"Congreso",NA,NA,NA,"PUERTO CARRE/O",90,106,196,1
"3096",20621,12825,"La Paz","Cesar",2006,"Congreso",NA,NA,NA,NA,5627,5228,10855,32
"3097",20621,12825,"La Paz","Cesar",2006,"Congreso",NA,NA,NA,"GUAYMARAL",115,261,376,2
"3098",20621,12825,"La Paz","Cesar",2006,"Congreso",NA,NA,NA,"LA LAGUNA DE LOS INDIOS",67,189,256,1
"3099",20621,12825,"La Paz","Cesar",2006,"Congreso",NA,NA,NA,"LOS ENCANTOS",70,217,287,1
"3100",20621,12825,"La Paz","Cesar",2006,"Congreso",NA,NA,NA,"MINGUILLO",103,219,322,1
"3101",20621,12825,"La Paz","Cesar",2006,"Congreso",NA,NA,NA,"SAN JOSE DE ORIENTE",929,1362,2291,7
"3102",20621,12825,"La Paz","Cesar",2006,"Congreso",NA,NA,NA,"VARASBLANCAS",222,286,508,2
"3103",20750,12850,"San Diego","Cesar",2006,"Congreso",NA,NA,NA,NA,3536,3320,6856,20
"3104",20750,12850,"San Diego","Cesar",2006,"Congreso",NA,NA,NA,"LAS PITILLAS",94,134,228,1
"3105",20750,12850,"San Diego","Cesar",2006,"Congreso",NA,NA,NA,"LOS BRASILES",96,168,264,1
"3106",20750,12850,"San Diego","Cesar",2006,"Congreso",NA,NA,NA,"LOS TUPES",86,107,193,1
"3107",20750,12850,"San Diego","Cesar",2006,"Congreso",NA,NA,NA,"MEDIA LUNA",621,873,1494,5
"3108",20750,12850,"San Diego","Cesar",2006,"Congreso",NA,NA,NA,"NUEVAS FLORES",85,176,261,1
"3109",20750,12850,"San Diego","Cesar",2006,"Congreso",NA,NA,NA,"TOCAYMO",51,88,139,1
"3110",20770,12875,"San Martín","Cesar",2006,"Congreso",NA,NA,NA,NA,2956,2990,5946,18
"3111",20770,12875,"San Martín","Cesar",2006,"Congreso",NA,NA,NA,"AGUAS BLANCAS",385,467,852,3
"3112",20770,12875,"San Martín","Cesar",2006,"Congreso",NA,NA,NA,"CUATRO BOCAS",117,140,257,1
"3113",20770,12875,"San Martín","Cesar",2006,"Congreso",NA,NA,NA,"LA CURVA",258,291,549,2
"3114",20770,12875,"San Martín","Cesar",2006,"Congreso",NA,NA,NA,"LOS BAGRES",72,144,216,1
"3115",20770,12875,"San Martín","Cesar",2006,"Congreso",NA,NA,NA,"MINAS",264,281,545,2
"3116",20770,12875,"San Martín","Cesar",2006,"Congreso",NA,NA,NA,"PITA LIMON",35,65,100,1
"3117",20770,12875,"San Martín","Cesar",2006,"Congreso",NA,NA,NA,"PUERTO OCULTO",87,134,221,1
"3118",20770,12875,"San Martín","Cesar",2006,"Congreso",NA,NA,NA,"SAN JOSE DE LAS AMERICAS",195,234,429,2
"3119",20770,12875,"San Martín","Cesar",2006,"Congreso",NA,NA,NA,"TERRAPLEN",141,138,279,1
"3120",20770,12875,"San Martín","Cesar",2006,"Congreso",NA,NA,NA,"TORCOROMA",90,183,273,1
"3121",20787,12900,"Tamalameque","Cesar",2006,"Congreso",NA,NA,NA,NA,2264,2272,4536,14
"3122",20787,12900,"Tamalameque","Cesar",2006,"Congreso",NA,NA,NA,"ANTEQUERA",314,344,658,2
"3123",20787,12900,"Tamalameque","Cesar",2006,"Congreso",NA,NA,NA,"BRISAS",40,48,88,1
"3124",20787,12900,"Tamalameque","Cesar",2006,"Congreso",NA,NA,NA,"LA BOCA",277,345,622,2
"3125",20787,12900,"Tamalameque","Cesar",2006,"Congreso",NA,NA,NA,"LAS PALMAS",104,110,214,1
"3126",20787,12900,"Tamalameque","Cesar",2006,"Congreso",NA,NA,NA,"MUNDO ALREVES",89,121,210,1
"3127",20787,12900,"Tamalameque","Cesar",2006,"Congreso",NA,NA,NA,"PASACORRIENDO",125,159,284,1
"3128",20787,12900,"Tamalameque","Cesar",2006,"Congreso",NA,NA,NA,"PALESTINA LA NUEVA",271,348,619,2
"3129",20787,12900,"Tamalameque","Cesar",2006,"Congreso",NA,NA,NA,"PUEBLO NUEVO",72,84,156,1
"3130",20787,12900,"Tamalameque","Cesar",2006,"Congreso",NA,NA,NA,"ZAPATOSA",541,671,1212,4
"3131",23001,13001,"Montería","Córdoba",2006,"Congreso",NA,NA,NA,"RANCHO GRANDE",2827,4632,7459,22
"3132",23001,13001,"Montería","Córdoba",2006,"Congreso",NA,NA,NA,"LA RIVERA",5738,2146,7884,23
"3133",23001,13001,"Montería","Córdoba",2006,"Congreso",NA,NA,NA,"EL DORADO",2602,1829,4431,13
"3134",23001,13001,"Montería","Córdoba",2006,"Congreso",NA,NA,NA,"JUAN XXIII",2252,1986,4238,13
"3135",23001,13001,"Montería","Córdoba",2006,"Congreso",NA,NA,NA,"COL. NI/O JESUS DE PRAGA",687,553,1240,4
"3136",23001,13001,"Montería","Córdoba",2006,"Congreso",NA,NA,NA,"MOCARI",3076,3499,6575,20
"3137",23001,13001,"Montería","Córdoba",2006,"Congreso",NA,NA,NA,"EL RECREO",1992,1001,2993,9
"3138",23001,13001,"Montería","Córdoba",2006,"Congreso",NA,NA,NA,"ALCAZARES",1433,1292,2725,8
"3139",23001,13001,"Montería","Córdoba",2006,"Congreso",NA,NA,NA,"SUCRE",2177,2124,4301,13
"3140",23001,13001,"Montería","Córdoba",2006,"Congreso",NA,NA,NA,"LA FLORESTA",3187,2511,5698,17
"3141",23001,13001,"Montería","Córdoba",2006,"Congreso",NA,NA,NA,"VILLA CIELO",594,340,934,3
"3142",23001,13001,"Montería","Córdoba",2006,"Congreso",NA,NA,NA,"PALACIO NACIONAL",2985,2628,5613,17
"3143",23001,13001,"Montería","Córdoba",2006,"Congreso",NA,NA,NA,"BAJOS DE LA GOBERNACION",2246,2473,4719,14
"3144",23001,13001,"Montería","Córdoba",2006,"Congreso",NA,NA,NA,"COLISEO CUBIERTO",3915,4106,8021,24
"3145",23001,13001,"Montería","Córdoba",2006,"Congreso",NA,NA,NA,"BOMBEROS",1062,1044,2106,7
"3146",23001,13001,"Montería","Córdoba",2006,"Congreso",NA,NA,NA,"LA PRADERA",4747,3980,8727,26
"3147",23001,13001,"Montería","Córdoba",2006,"Congreso",NA,NA,NA,"CANTACLARO",3362,2532,5894,18
"3148",23001,13001,"Montería","Córdoba",2006,"Congreso",NA,NA,NA,"EDMUNDO LOPEZ",2032,1326,3358,10
"3149",23001,13001,"Montería","Córdoba",2006,"Congreso",NA,NA,NA,"COL. SEVERO J. GARCIA",584,371,955,3
"3150",23001,13001,"Montería","Córdoba",2006,"Congreso",NA,NA,NA,"COMFACOR",3431,2752,6183,18
"3151",23001,13001,"Montería","Córdoba",2006,"Congreso",NA,NA,NA,"BUENAVISTA",1317,1162,2479,8
"3152",23001,13001,"Montería","Córdoba",2006,"Congreso",NA,NA,NA,"LA GRANJA",3687,3338,7025,21
"3153",23001,13001,"Montería","Córdoba",2006,"Congreso",NA,NA,NA,"COLEGIO SAN MARTIN",1766,1440,3206,10
"3154",23001,13001,"Montería","Córdoba",2006,"Congreso",NA,NA,NA,"SANTAFE",1752,1326,3078,9
"3155",23001,13001,"Montería","Córdoba",2006,"Congreso",NA,NA,NA,"I.P.C. LA GRANJA",4697,3473,8170,24
"3156",23001,13001,"Montería","Córdoba",2006,"Congreso",NA,NA,NA,"ESC. URBANA MIXTA",2133,1441,3574,11
"3157",23001,13001,"Montería","Córdoba",2006,"Congreso",NA,NA,NA,"P-5",2513,1820,4333,13
"3158",23001,13001,"Montería","Córdoba",2006,"Congreso",NA,NA,NA,"MOGAMBO",5034,3982,9016,27
"3159",23001,13001,"Montería","Córdoba",2006,"Congreso",NA,NA,NA,"PUESTO CENSO",26285,22244,48529,62
"3160",23001,13001,"Montería","Córdoba",2006,"Congreso",NA,NA,NA,"CARCEL",17,168,185,1
"3161",23001,13001,"Montería","Córdoba",2006,"Congreso",NA,NA,NA,"BUENOS AIRES",633,837,1470,5
"3162",23001,13001,"Montería","Córdoba",2006,"Congreso",NA,NA,NA,"CA/O VIEJO DE PALOTAL",436,518,954,3
"3163",23001,13001,"Montería","Córdoba",2006,"Congreso",NA,NA,NA,"EL CERRITO",293,304,597,2
"3164",23001,13001,"Montería","Córdoba",2006,"Congreso",NA,NA,NA,"GUASIMAL",397,555,952,3
"3165",23001,13001,"Montería","Córdoba",2006,"Congreso",NA,NA,NA,"GUATEQUE",306,414,720,3
"3166",23001,13001,"Montería","Córdoba",2006,"Congreso",NA,NA,NA,"JARAQUIEL",324,420,744,3
"3167",23001,13001,"Montería","Córdoba",2006,"Congreso",NA,NA,NA,"KILOMETRO 12",343,322,665,2
"3168",23001,13001,"Montería","Córdoba",2006,"Congreso",NA,NA,NA,"LA MANTA",320,388,708,3
"3169",23001,13001,"Montería","Córdoba",2006,"Congreso",NA,NA,NA,"LA VICTORIA",327,421,748,3
"3170",23001,13001,"Montería","Córdoba",2006,"Congreso",NA,NA,NA,"LAS PALOMAS",682,1019,1701,5
"3171",23001,13001,"Montería","Córdoba",2006,"Congreso",NA,NA,NA,"LETICIA",478,770,1248,4
"3172",23001,13001,"Montería","Córdoba",2006,"Congreso",NA,NA,NA,"LOMA VERDE",538,928,1466,5
"3173",23001,13001,"Montería","Córdoba",2006,"Congreso",NA,NA,NA,"LOS GARZONES",2032,2044,4076,12
"3174",23001,13001,"Montería","Córdoba",2006,"Congreso",NA,NA,NA,"MARTINICA",158,207,365,2
"3175",23001,13001,"Montería","Córdoba",2006,"Congreso",NA,NA,NA,"MORINDO CENTRAL",363,425,788,3
"3176",23001,13001,"Montería","Córdoba",2006,"Congreso",NA,NA,NA,"NUEVO PARAISO",197,283,480,2
"3177",23001,13001,"Montería","Córdoba",2006,"Congreso",NA,NA,NA,"NUEVA ESPERANZA",182,296,478,2
"3178",23001,13001,"Montería","Córdoba",2006,"Congreso",NA,NA,NA,"NUEVA LUCIA",556,820,1376,4
"3179",23001,13001,"Montería","Córdoba",2006,"Congreso",NA,NA,NA,"PATIO BONITO",594,888,1482,5
"3180",23001,13001,"Montería","Córdoba",2006,"Congreso",NA,NA,NA,"PUEBLO BUJO",426,706,1132,4
"3181",23001,13001,"Montería","Córdoba",2006,"Congreso",NA,NA,NA,"SAN ISIDRO",406,505,911,3
"3182",23001,13001,"Montería","Córdoba",2006,"Congreso",NA,NA,NA,"SAN ANTERITO",1145,1455,2600,8
"3183",23001,13001,"Montería","Córdoba",2006,"Congreso",NA,NA,NA,"SANTA CLARA",705,950,1655,5
"3184",23001,13001,"Montería","Córdoba",2006,"Congreso",NA,NA,NA,"SANTA ISABEL",514,655,1169,4
"3185",23001,13001,"Montería","Córdoba",2006,"Congreso",NA,NA,NA,"SANTA LUCIA",1073,1374,2447,8
"3186",23001,13001,"Montería","Córdoba",2006,"Congreso",NA,NA,NA,"EL SABANAL",1250,1316,2566,8
"3187",23001,13001,"Montería","Córdoba",2006,"Congreso",NA,NA,NA,"TRES PALMAS",613,806,1419,5
"3188",23001,13001,"Montería","Córdoba",2006,"Congreso",NA,NA,NA,"TRES PIEDRAS",353,517,870,3
"3189",23068,13004,"Ayapel","Córdoba",2006,"Congreso",NA,NA,NA,NA,9443,9981,19424,57
"3190",23068,13004,"Ayapel","Córdoba",2006,"Congreso",NA,NA,NA,"ALFONSO LOPEZ",273,455,728,3
"3191",23068,13004,"Ayapel","Córdoba",2006,"Congreso",NA,NA,NA,"EL TOTUMO",176,234,410,2
"3192",23068,13004,"Ayapel","Córdoba",2006,"Congreso",NA,NA,NA,"CECILIA",300,421,721,3
"3193",23068,13004,"Ayapel","Córdoba",2006,"Congreso",NA,NA,NA,"EL CEDRO",338,463,801,3
"3194",23068,13004,"Ayapel","Córdoba",2006,"Congreso",NA,NA,NA,"LAS DELICIAS",97,95,192,1
"3195",23068,13004,"Ayapel","Córdoba",2006,"Congreso",NA,NA,NA,"MARRALU",105,198,303,1
"3196",23068,13004,"Ayapel","Córdoba",2006,"Congreso",NA,NA,NA,"NARI/O",195,298,493,2
"3197",23068,13004,"Ayapel","Córdoba",2006,"Congreso",NA,NA,NA,"PALOTAL",296,434,730,3
"3198",23068,13004,"Ayapel","Córdoba",2006,"Congreso",NA,NA,NA,"POPALES",270,506,776,3
"3199",23068,13004,"Ayapel","Córdoba",2006,"Congreso",NA,NA,NA,"SINCELEJITO",217,335,552,2
"3200",23079,13007,"Buenavista","Córdoba",2006,"Congreso",NA,NA,NA,NA,4209,4573,8782,26
"3201",23079,13007,"Buenavista","Córdoba",2006,"Congreso",NA,NA,NA,"BELEN",312,429,741,3
"3202",23079,13007,"Buenavista","Córdoba",2006,"Congreso",NA,NA,NA,"EL VIAJANO",80,132,212,1
"3203",23079,13007,"Buenavista","Córdoba",2006,"Congreso",NA,NA,NA,"EL PARAISO",60,67,127,1
"3204",23079,13007,"Buenavista","Córdoba",2006,"Congreso",NA,NA,NA,"MEJOR ESQUINA",170,248,418,2
"3205",23079,13007,"Buenavista","Córdoba",2006,"Congreso",NA,NA,NA,"NUEVA ESTACION",301,373,674,2
"3206",23079,13007,"Buenavista","Córdoba",2006,"Congreso",NA,NA,NA,"PUERTO CORDOBA",191,215,406,2
"3207",23079,13007,"Buenavista","Córdoba",2006,"Congreso",NA,NA,NA,"SANTAFE DEL ARACAL",104,141,245,1
"3208",23079,13007,"Buenavista","Córdoba",2006,"Congreso",NA,NA,NA,"TIERRA SANTA",244,353,597,2
"3209",23079,13007,"Buenavista","Córdoba",2006,"Congreso",NA,NA,NA,"VILLA FATIMA",474,478,952,3
"3210",23090,13009,"Canalete","Córdoba",2006,"Congreso",NA,NA,NA,NA,3352,3524,6876,20
"3211",23090,13009,"Canalete","Córdoba",2006,"Congreso",NA,NA,NA,"BUENOS AIRES",172,255,427,2
"3212",23090,13009,"Canalete","Córdoba",2006,"Congreso",NA,NA,NA,"CORDOBITA FRONTERA",169,212,381,2
"3213",23090,13009,"Canalete","Córdoba",2006,"Congreso",NA,NA,NA,"CORDOBITA CENTRAL",100,169,269,1
"3214",23090,13009,"Canalete","Córdoba",2006,"Congreso",NA,NA,NA,"EL GUINEO",284,371,655,2
"3215",23090,13009,"Canalete","Córdoba",2006,"Congreso",NA,NA,NA,"EL LIMON",148,225,373,2
"3216",23090,13009,"Canalete","Córdoba",2006,"Congreso",NA,NA,NA,"CADILLO",140,218,358,2
"3217",23090,13009,"Canalete","Córdoba",2006,"Congreso",NA,NA,NA,"EL TOMATE",222,339,561,2
"3218",23090,13009,"Canalete","Córdoba",2006,"Congreso",NA,NA,NA,"POPAYAN",542,736,1278,4
"3219",23090,13009,"Canalete","Córdoba",2006,"Congreso",NA,NA,NA,"QUEBRADA DE URANGO",178,211,389,2
"3220",23090,13009,"Canalete","Córdoba",2006,"Congreso",NA,NA,NA,"SI SE VAN",253,339,592,2
"3221",23090,13009,"Canalete","Córdoba",2006,"Congreso",NA,NA,NA,"TIERRADENTRO",103,149,252,1
"3222",23162,13010,"Cereté","Córdoba",2006,"Congreso",NA,NA,NA,"ESC.URBANA DE NI/AS DEL CENTR",8354,8218,16572,49
"3223",23162,13010,"Cereté","Córdoba",2006,"Congreso",NA,NA,NA,"COL. NACIONALIZADO MARCELIANO",2419,1769,4188,13
"3224",23162,13010,"Cereté","Córdoba",2006,"Congreso",NA,NA,NA,"ESC. MIXTA SANTA TERESA",2942,2864,5806,17
"3225",23162,13010,"Cereté","Córdoba",2006,"Congreso",NA,NA,NA,"COLEGIO 24 DE MAYO",1860,1845,3705,11
"3226",23162,13010,"Cereté","Córdoba",2006,"Congreso",NA,NA,NA,"PUESTO CENSO",5653,4174,9827,13
"3227",23162,13010,"Cereté","Córdoba",2006,"Congreso",NA,NA,NA,"CARCEL DEL CIRCUITO",0,3,3,1
"3228",23162,13010,"Cereté","Córdoba",2006,"Congreso",NA,NA,NA,"CUERO CURTIDO",274,375,649,2
"3229",23162,13010,"Cereté","Córdoba",2006,"Congreso",NA,NA,NA,"LOS VENADOS CAMPANITO",357,364,721,3
"3230",23162,13010,"Cereté","Córdoba",2006,"Congreso",NA,NA,NA,"MANGUELITO",489,555,1044,4
"3231",23162,13010,"Cereté","Córdoba",2006,"Congreso",NA,NA,NA,"MARTINEZ",1416,1350,2766,9
"3232",23162,13010,"Cereté","Córdoba",2006,"Congreso",NA,NA,NA,"MATEO GOMEZ",1555,1488,3043,9
"3233",23162,13010,"Cereté","Córdoba",2006,"Congreso",NA,NA,NA,"RABOLARGO",1214,1347,2561,8
"3234",23162,13010,"Cereté","Córdoba",2006,"Congreso",NA,NA,NA,"RETIRO DE LOS INDIOS",1361,1317,2678,8
"3235",23162,13010,"Cereté","Córdoba",2006,"Congreso",NA,NA,NA,"SEVERA",639,747,1386,5
"3236",23162,13010,"Cereté","Córdoba",2006,"Congreso",NA,NA,NA,"TRES MARIA",178,238,416,2
"3237",23189,13013,"Ciénaga de Oro","Córdoba",2006,"Congreso",NA,NA,NA,"COL. ALIANZA PARA EL PROGRESO",666,840,1506,5
"3238",23189,13013,"Ciénaga de Oro","Córdoba",2006,"Congreso",NA,NA,NA,"ESC. SAN JOSE",886,488,1374,4
"3239",23189,13013,"Ciénaga de Oro","Córdoba",2006,"Congreso",NA,NA,NA,"COL. SAN ISIDRO",944,1783,2727,8
"3240",23189,13013,"Ciénaga de Oro","Córdoba",2006,"Congreso",NA,NA,NA,"COL. MADRE BERNARDA",2697,1745,4442,13
"3241",23189,13013,"Ciénaga de Oro","Córdoba",2006,"Congreso",NA,NA,NA,"PUESTO CENSO",6433,6750,13183,17
"3242",23189,13013,"Ciénaga de Oro","Córdoba",2006,"Congreso",NA,NA,NA,"BERASTEGUI",1302,1348,2650,8
"3243",23189,13013,"Ciénaga de Oro","Córdoba",2006,"Congreso",NA,NA,NA,"EL SIGLO (EGIPTO)",837,928,1765,6
"3244",23189,13013,"Ciénaga de Oro","Córdoba",2006,"Congreso",NA,NA,NA,"LAGUNETA",323,431,754,3
"3245",23189,13013,"Ciénaga de Oro","Córdoba",2006,"Congreso",NA,NA,NA,"LAS PALMITAS",325,412,737,3
"3246",23189,13013,"Ciénaga de Oro","Córdoba",2006,"Congreso",NA,NA,NA,"LOS MIMBRES",688,801,1489,5
"3247",23189,13013,"Ciénaga de Oro","Córdoba",2006,"Congreso",NA,NA,NA,"PIJIGUAYAL",485,608,1093,4
"3248",23189,13013,"Ciénaga de Oro","Córdoba",2006,"Congreso",NA,NA,NA,"PUNTA DE YA/EZ",407,478,885,3
"3249",23189,13013,"Ciénaga de Oro","Córdoba",2006,"Congreso",NA,NA,NA,"SAN ANTONIO DE TACHIRA",231,286,517,2
"3250",23189,13013,"Ciénaga de Oro","Córdoba",2006,"Congreso",NA,NA,NA,"SANTIAGO DEL SUR (SANTIAGO PO",129,150,279,1
"3251",23300,13014,"Cotorra","Córdoba",2006,"Congreso",NA,NA,NA,NA,4761,4758,9519,28
"3252",23300,13014,"Cotorra","Córdoba",2006,"Congreso",NA,NA,NA,"LOS GOMEZ",198,192,390,2
"3253",23168,13016,"Chimá","Córdoba",2006,"Congreso",NA,NA,NA,NA,2434,2666,5100,15
"3254",23168,13016,"Chimá","Córdoba",2006,"Congreso",NA,NA,NA,"ARACHE",820,840,1660,5
"3255",23168,13016,"Chimá","Córdoba",2006,"Congreso",NA,NA,NA,"CAMPO BELLO",274,299,573,2
"3256",23168,13016,"Chimá","Córdoba",2006,"Congreso",NA,NA,NA,"CAROLINA",386,481,867,3
"3257",23168,13016,"Chimá","Córdoba",2006,"Congreso",NA,NA,NA,"COROZALITO",460,565,1025,3
"3258",23168,13016,"Chimá","Córdoba",2006,"Congreso",NA,NA,NA,"PUNTA VERDE",161,192,353,2
"3259",23168,13016,"Chimá","Córdoba",2006,"Congreso",NA,NA,NA,"SITIOVIEJO",546,638,1184,4
"3260",23168,13016,"Chimá","Córdoba",2006,"Congreso",NA,NA,NA,"PIMENTAL",235,271,506,2
"3261",23182,13019,"Chinú","Córdoba",2006,"Congreso",NA,NA,NA,"COLEGIO SAN FRANCISCO DE ASIS",1585,4203,5788,17
"3262",23182,13019,"Chinú","Córdoba",2006,"Congreso",NA,NA,NA,"CENTRO EDUCATIVO LAS MERCEDES",3291,303,3594,11
"3263",23182,13019,"Chinú","Córdoba",2006,"Congreso",NA,NA,NA,"CTRO EDUC. MARIA AUXILIADORA",3217,1344,4561,14
"3264",23182,13019,"Chinú","Córdoba",2006,"Congreso",NA,NA,NA,"CTRO EDUC. JOSE YANCES MUTIS",905,3003,3908,12
"3265",23182,13019,"Chinú","Córdoba",2006,"Congreso",NA,NA,NA,"AGUAS VIVAS",152,177,329,1
"3266",23182,13019,"Chinú","Córdoba",2006,"Congreso",NA,NA,NA,"ANDALUCIA",67,108,175,1
"3267",23182,13019,"Chinú","Córdoba",2006,"Congreso",NA,NA,NA,"ARRIMADERO",188,231,419,2
"3268",23182,13019,"Chinú","Córdoba",2006,"Congreso",NA,NA,NA,"CACAOTAL",604,631,1235,4
"3269",23182,13019,"Chinú","Córdoba",2006,"Congreso",NA,NA,NA,"CEJA GRANDE",106,110,216,1
"3270",23182,13019,"Chinú","Córdoba",2006,"Congreso",NA,NA,NA,"CARBONERO",128,160,288,1
"3271",23182,13019,"Chinú","Córdoba",2006,"Congreso",NA,NA,NA,"EL CHORRILLO",116,168,284,1
"3272",23182,13019,"Chinú","Córdoba",2006,"Congreso",NA,NA,NA,"EL DESEO",119,120,239,1
"3273",23182,13019,"Chinú","Córdoba",2006,"Congreso",NA,NA,NA,"EL PARAISO",43,66,109,1
"3274",23182,13019,"Chinú","Córdoba",2006,"Congreso",NA,NA,NA,"EL PITAL",198,214,412,2
"3275",23182,13019,"Chinú","Córdoba",2006,"Congreso",NA,NA,NA,"EL TIGRE",147,214,361,2
"3276",23182,13019,"Chinú","Córdoba",2006,"Congreso",NA,NA,NA,"FLECHAS SABANAS",104,141,245,1
"3277",23182,13019,"Chinú","Córdoba",2006,"Congreso",NA,NA,NA,"GARBADO",94,119,213,1
"3278",23182,13019,"Chinú","Córdoba",2006,"Congreso",NA,NA,NA,"HEREDIA",273,316,589,2
"3279",23182,13019,"Chinú","Córdoba",2006,"Congreso",NA,NA,NA,"LA PANAMA",104,115,219,1
"3280",23182,13019,"Chinú","Córdoba",2006,"Congreso",NA,NA,NA,"LOS ANGELES",201,246,447,2
"3281",23182,13019,"Chinú","Córdoba",2006,"Congreso",NA,NA,NA,"LA PILONA",92,112,204,1
"3282",23182,13019,"Chinú","Córdoba",2006,"Congreso",NA,NA,NA,"NUEVO ORIENTE",228,297,525,2
"3283",23182,13019,"Chinú","Córdoba",2006,"Congreso",NA,NA,NA,"PALMITAL",200,252,452,2
"3284",23182,13019,"Chinú","Córdoba",2006,"Congreso",NA,NA,NA,"RETIRO DE LOS PEREZ",182,219,401,2
"3285",23182,13019,"Chinú","Córdoba",2006,"Congreso",NA,NA,NA,"PISABONITO",71,92,163,1
"3286",23182,13019,"Chinú","Córdoba",2006,"Congreso",NA,NA,NA,"SAN MATEO",398,438,836,3
"3287",23182,13019,"Chinú","Córdoba",2006,"Congreso",NA,NA,NA,"SAN RAFAEL",83,124,207,1
"3288",23182,13019,"Chinú","Córdoba",2006,"Congreso",NA,NA,NA,"SANTA CECILIA",80,110,190,1
"3289",23182,13019,"Chinú","Córdoba",2006,"Congreso",NA,NA,NA,"SANTA FE",79,102,181,1
"3290",23182,13019,"Chinú","Córdoba",2006,"Congreso",NA,NA,NA,"SANTA ROSA",380,415,795,3
"3291",23182,13019,"Chinú","Córdoba",2006,"Congreso",NA,NA,NA,"SEVILLA (FLECHAS)",208,239,447,2
"3292",23182,13019,"Chinú","Córdoba",2006,"Congreso",NA,NA,NA,"TIERRA GRATA",273,295,568,2
"3293",23182,13019,"Chinú","Córdoba",2006,"Congreso",NA,NA,NA,"NOVA",112,133,245,1
"3294",23182,13019,"Chinú","Córdoba",2006,"Congreso",NA,NA,NA,"VILLA FATIMA",183,214,397,2
"3295",23350,13020,"La Apartada","Córdoba",2006,"Congreso",NA,NA,NA,NA,5114,5461,10575,31
"3296",23350,13020,"La Apartada","Córdoba",2006,"Congreso",NA,NA,NA,"CAMPO ALEGRE",245,255,500,2
"3297",23350,13020,"La Apartada","Córdoba",2006,"Congreso",NA,NA,NA,"LA BALSA",85,79,164,1
"3298",23350,13020,"La Apartada","Córdoba",2006,"Congreso",NA,NA,NA,"PUERTO CORDOBA",110,94,204,1
"3299",23417,13022,"Lorica","Córdoba",2006,"Congreso",NA,NA,NA,"NORMAL SUPERIOR STA. TERESITA",5141,5533,10674,32
"3300",23417,13022,"Lorica","Córdoba",2006,"Congreso",NA,NA,NA,"ESC. URB. MIXTA STA TERESITA",1711,1058,2769,9
"3301",23417,13022,"Lorica","Córdoba",2006,"Congreso",NA,NA,NA,"COL. SANTA CRUZ DE LORICA",3275,3096,6371,19
"3302",23417,13022,"Lorica","Córdoba",2006,"Congreso",NA,NA,NA,"CTRO DOCENTE PAULO VI",2555,1723,4278,13
"3303",23417,13022,"Lorica","Córdoba",2006,"Congreso",NA,NA,NA,"COL. LACIDES C. BERSAL",1388,1137,2525,8
"3304",23417,13022,"Lorica","Córdoba",2006,"Congreso",NA,NA,NA,"PUESTO CENSO",4806,3821,8627,11
"3305",23417,13022,"Lorica","Córdoba",2006,"Congreso",NA,NA,NA,"CARCEL NACIONAL DEL CIRCUITO",0,10,10,1
"3306",23417,13022,"Lorica","Córdoba",2006,"Congreso",NA,NA,NA,"CAMPANO DE LOS INDIOS",264,350,614,2
"3307",23417,13022,"Lorica","Córdoba",2006,"Congreso",NA,NA,NA,"COTOCA ARRIBA",249,246,495,2
"3308",23417,13022,"Lorica","Córdoba",2006,"Congreso",NA,NA,NA,"CAMPO ALEGRE",154,217,371,2
"3309",23417,13022,"Lorica","Córdoba",2006,"Congreso",NA,NA,NA,"EL CARITO",843,888,1731,6
"3310",23417,13022,"Lorica","Córdoba",2006,"Congreso",NA,NA,NA,"MATA DE CA/A",489,494,983,3
"3311",23417,13022,"Lorica","Córdoba",2006,"Congreso",NA,NA,NA,"EL LAZO",474,658,1132,4
"3312",23417,13022,"Lorica","Córdoba",2006,"Congreso",NA,NA,NA,"EL RODEO",570,753,1323,4
"3313",23417,13022,"Lorica","Córdoba",2006,"Congreso",NA,NA,NA,"LA DOCTRINA",911,998,1909,6
"3314",23417,13022,"Lorica","Córdoba",2006,"Congreso",NA,NA,NA,"CASTILLERAL",642,750,1392,5
"3315",23417,13022,"Lorica","Córdoba",2006,"Congreso",NA,NA,NA,"LA PEINADA",332,425,757,3
"3316",23417,13022,"Lorica","Córdoba",2006,"Congreso",NA,NA,NA,"LAS FLORES",492,615,1107,4
"3317",23417,13022,"Lorica","Córdoba",2006,"Congreso",NA,NA,NA,"LA SUBIDA",299,356,655,2
"3318",23417,13022,"Lorica","Córdoba",2006,"Congreso",NA,NA,NA,"COTOCA ABAJO",489,548,1037,4
"3319",23417,13022,"Lorica","Córdoba",2006,"Congreso",NA,NA,NA,"LOS GOMEZ",446,559,1005,3
"3320",23417,13022,"Lorica","Córdoba",2006,"Congreso",NA,NA,NA,"LOS HIGALES",263,350,613,2
"3321",23417,13022,"Lorica","Córdoba",2006,"Congreso",NA,NA,NA,"LOS MONOS",980,1119,2099,7
"3322",23417,13022,"Lorica","Córdoba",2006,"Congreso",NA,NA,NA,"LOS MORALES",463,515,978,3
"3323",23417,13022,"Lorica","Córdoba",2006,"Congreso",NA,NA,NA,"NARI/O (GALLINAZO)",641,724,1365,4
"3324",23417,13022,"Lorica","Córdoba",2006,"Congreso",NA,NA,NA,"LAS CAMORRAS",207,280,487,2
"3325",23417,13022,"Lorica","Córdoba",2006,"Congreso",NA,NA,NA,"PALO DE AGUA",762,839,1601,5
"3326",23417,13022,"Lorica","Córdoba",2006,"Congreso",NA,NA,NA,"REMOLINO",444,552,996,3
"3327",23417,13022,"Lorica","Córdoba",2006,"Congreso",NA,NA,NA,"SAN ANTERITO",330,447,777,3
"3328",23417,13022,"Lorica","Córdoba",2006,"Congreso",NA,NA,NA,"SAN NICOLAS DE BARI",261,272,533,2
"3329",23417,13022,"Lorica","Córdoba",2006,"Congreso",NA,NA,NA,"SAN SEBASTIAN",702,758,1460,5
"3330",23417,13022,"Lorica","Córdoba",2006,"Congreso",NA,NA,NA,"MANANTIAL ARRIBA",272,346,618,2
"3331",23417,13022,"Lorica","Córdoba",2006,"Congreso",NA,NA,NA,"TIERRALTA",956,958,1914,6
"3332",23417,13022,"Lorica","Córdoba",2006,"Congreso",NA,NA,NA,"VILLA CONCEPCION",275,373,648,2
"3333",23417,13022,"Lorica","Córdoba",2006,"Congreso",NA,NA,NA,"CANDELARIA",413,519,932,3
"3334",23417,13022,"Lorica","Córdoba",2006,"Congreso",NA,NA,NA,"EL GUANABANO",216,272,488,2
"3335",23417,13022,"Lorica","Córdoba",2006,"Congreso",NA,NA,NA,"SANTA LUCIA",367,346,713,3
"3336",23419,13023,"Los Córdobas","Córdoba",2006,"Congreso",NA,NA,NA,NA,2911,3148,6059,18
"3337",23419,13023,"Los Córdobas","Córdoba",2006,"Congreso",NA,NA,NA,"GUAIMARO",168,176,344,1
"3338",23419,13023,"Los Córdobas","Córdoba",2006,"Congreso",NA,NA,NA,"EL EBANO",428,513,941,3
"3339",23419,13023,"Los Córdobas","Córdoba",2006,"Congreso",NA,NA,NA,"LA PONDERANCIA",110,140,250,1
"3340",23419,13023,"Los Córdobas","Córdoba",2006,"Congreso",NA,NA,NA,"MORINDO SANTANA",323,440,763,3
"3341",23419,13023,"Los Córdobas","Córdoba",2006,"Congreso",NA,NA,NA,"PUERTO REY",209,222,431,2
"3342",23419,13023,"Los Córdobas","Córdoba",2006,"Congreso",NA,NA,NA,"SANTA ROSA DE LA CA/A",377,522,899,3
"3343",23464,13024,"Momil","Córdoba",2006,"Congreso",NA,NA,NA,NA,4618,4892,9510,28
"3344",23464,13024,"Momil","Córdoba",2006,"Congreso",NA,NA,NA,"GUAYMARAL",105,120,225,1
"3345",23464,13024,"Momil","Córdoba",2006,"Congreso",NA,NA,NA,"SABANETA",438,518,956,3
"3346",23464,13024,"Momil","Córdoba",2006,"Congreso",NA,NA,NA,"SACANA",258,267,525,2
"3347",23466,13025,"Montelíbano","Córdoba",2006,"Congreso",NA,NA,NA,"ESC. SIMON BOLIVAR",3642,4493,8135,24
"3348",23466,13025,"Montelíbano","Córdoba",2006,"Congreso",NA,NA,NA,"ESC. SAN GABRIEL",2145,918,3063,9
"3349",23466,13025,"Montelíbano","Córdoba",2006,"Congreso",NA,NA,NA,"CTRO. EDUC. VILLAMATOSO",1825,1898,3723,11
"3350",23466,13025,"Montelíbano","Córdoba",2006,"Congreso",NA,NA,NA,"COL. INST. SAN JORGE",4150,3395,7545,22
"3351",23466,13025,"Montelíbano","Córdoba",2006,"Congreso",NA,NA,NA,"PUESTO CENSO",6404,7190,13594,18
"3352",23466,13025,"Montelíbano","Córdoba",2006,"Congreso",NA,NA,NA,"EL ANCLAR",340,501,841,3
"3353",23466,13025,"Montelíbano","Córdoba",2006,"Congreso",NA,NA,NA,"CORDOBA",188,230,418,2
"3354",23466,13025,"Montelíbano","Córdoba",2006,"Congreso",NA,NA,NA,"PALMAR",284,471,755,3
"3355",23466,13025,"Montelíbano","Córdoba",2006,"Congreso",NA,NA,NA,"PICA PICA NUEVO",366,505,871,3
"3356",23466,13025,"Montelíbano","Córdoba",2006,"Congreso",NA,NA,NA,"PUERTO ANCHICA",82,171,253,1
"3357",23466,13025,"Montelíbano","Córdoba",2006,"Congreso",NA,NA,NA,"PUERTO NUEVO",112,152,264,1
"3358",23466,13025,"Montelíbano","Córdoba",2006,"Congreso",NA,NA,NA,"SAN FRANCISCO",548,914,1462,5
"3359",23466,13025,"Montelíbano","Córdoba",2006,"Congreso",NA,NA,NA,"TIERRADENTRO",803,1347,2150,7
"3360",23466,13025,"Montelíbano","Córdoba",2006,"Congreso",NA,NA,NA,"URE",1117,1544,2661,8
"3361",23500,13027,"Moñitos","Córdoba",2006,"Congreso",NA,NA,NA,NA,3571,4158,7729,23
"3362",23500,13027,"Moñitos","Córdoba",2006,"Congreso",NA,NA,NA,"BROQUELES",243,305,548,2
"3363",23500,13027,"Moñitos","Córdoba",2006,"Congreso",NA,NA,NA,"LA RADA",289,394,683,2
"3364",23500,13027,"Moñitos","Córdoba",2006,"Congreso",NA,NA,NA,"LAS MUJERES",302,332,634,2
"3365",23500,13027,"Moñitos","Córdoba",2006,"Congreso",NA,NA,NA,"PERPETUO SOCORRO",253,353,606,2
"3366",23500,13027,"Moñitos","Córdoba",2006,"Congreso",NA,NA,NA,"RIO CEDRO",430,537,967,3
"3367",23500,13027,"Moñitos","Córdoba",2006,"Congreso",NA,NA,NA,"SANTANDER DE LA CRUZ",425,487,912,3
"3368",23500,13027,"Moñitos","Córdoba",2006,"Congreso",NA,NA,NA,"SAN JOSE DE BELLA COHITA",272,278,550,2
"3369",23555,13028,"Planeta Rica","Córdoba",2006,"Congreso",NA,NA,NA,"COL. NTRA.SRA DE LA CANDELARI",1230,2416,3646,11
"3370",23555,13028,"Planeta Rica","Córdoba",2006,"Congreso",NA,NA,NA,"COL. SIMON BOLIVAR",3346,1549,4895,15
"3371",23555,13028,"Planeta Rica","Córdoba",2006,"Congreso",NA,NA,NA,"COL. ALIANZA PARA EL PROGRESO",1187,1439,2626,8
"3372",23555,13028,"Planeta Rica","Córdoba",2006,"Congreso",NA,NA,NA,"CENTRO EDUCATIVO MA.INMACULAD",2030,1432,3462,11
"3373",23555,13028,"Planeta Rica","Córdoba",2006,"Congreso",NA,NA,NA,"PUESTO CENSO",10071,9969,20040,26
"3374",23555,13028,"Planeta Rica","Córdoba",2006,"Congreso",NA,NA,NA,"ARENOSO",416,636,1052,4
"3375",23555,13028,"Planeta Rica","Córdoba",2006,"Congreso",NA,NA,NA,"CAMPOBELLO",537,778,1315,4
"3376",23555,13028,"Planeta Rica","Córdoba",2006,"Congreso",NA,NA,NA,"CAROLINA",282,373,655,2
"3377",23555,13028,"Planeta Rica","Córdoba",2006,"Congreso",NA,NA,NA,"CENTRO ALEGRE",567,807,1374,4
"3378",23555,13028,"Planeta Rica","Córdoba",2006,"Congreso",NA,NA,NA,"EL ALMENDRO",280,447,727,3
"3379",23555,13028,"Planeta Rica","Córdoba",2006,"Congreso",NA,NA,NA,"MARA/ONAL",281,333,614,2
"3380",23555,13028,"Planeta Rica","Córdoba",2006,"Congreso",NA,NA,NA,"PLAZA BONITA",334,390,724,3
"3381",23555,13028,"Planeta Rica","Córdoba",2006,"Congreso",NA,NA,NA,"PROVIDENCIA",412,553,965,3
"3382",23555,13028,"Planeta Rica","Córdoba",2006,"Congreso",NA,NA,NA,"LAS PELONAS",174,212,386,2
"3383",23570,13031,"Pueblo Nuevo","Córdoba",2006,"Congreso",NA,NA,NA,NA,4588,4593,9181,27
"3384",23570,13031,"Pueblo Nuevo","Córdoba",2006,"Congreso",NA,NA,NA,"ARENA DEL SUR",204,286,490,2
"3385",23570,13031,"Pueblo Nuevo","Córdoba",2006,"Congreso",NA,NA,NA,"ARROYO DE LA ARENA",97,139,236,1
"3386",23570,13031,"Pueblo Nuevo","Córdoba",2006,"Congreso",NA,NA,NA,"BETANIA",329,416,745,3
"3387",23570,13031,"Pueblo Nuevo","Córdoba",2006,"Congreso",NA,NA,NA,"CINTURA",250,315,565,2
"3388",23570,13031,"Pueblo Nuevo","Córdoba",2006,"Congreso",NA,NA,NA,"EL CONTENTO",161,204,365,2
"3389",23570,13031,"Pueblo Nuevo","Córdoba",2006,"Congreso",NA,NA,NA,"CORCOVADO",123,164,287,1
"3390",23570,13031,"Pueblo Nuevo","Córdoba",2006,"Congreso",NA,NA,NA,"EL POBLADO",470,570,1040,4
"3391",23570,13031,"Pueblo Nuevo","Córdoba",2006,"Congreso",NA,NA,NA,"EL VARAL",406,373,779,3
"3392",23570,13031,"Pueblo Nuevo","Córdoba",2006,"Congreso",NA,NA,NA,"EL CAMPANO",194,221,415,2
"3393",23570,13031,"Pueblo Nuevo","Córdoba",2006,"Congreso",NA,NA,NA,"LA GRANJITA",275,310,585,2
"3394",23570,13031,"Pueblo Nuevo","Córdoba",2006,"Congreso",NA,NA,NA,"LA MAGDALENA",103,124,227,1
"3395",23570,13031,"Pueblo Nuevo","Córdoba",2006,"Congreso",NA,NA,NA,"LOS LIMONES",160,221,381,2
"3396",23570,13031,"Pueblo Nuevo","Córdoba",2006,"Congreso",NA,NA,NA,"EL CHIPAL",27,34,61,1
"3397",23570,13031,"Pueblo Nuevo","Córdoba",2006,"Congreso",NA,NA,NA,"EL ARCIAL",96,143,239,1
"3398",23570,13031,"Pueblo Nuevo","Córdoba",2006,"Congreso",NA,NA,NA,"LA ESPERANZA",88,96,184,1
"3399",23570,13031,"Pueblo Nuevo","Córdoba",2006,"Congreso",NA,NA,NA,"NEIVA",143,185,328,1
"3400",23570,13031,"Pueblo Nuevo","Córdoba",2006,"Congreso",NA,NA,NA,"NUEVA ESPERANZA N.1",58,86,144,1
"3401",23570,13031,"Pueblo Nuevo","Córdoba",2006,"Congreso",NA,NA,NA,"PUERTO SANTO",243,313,556,2
"3402",23570,13031,"Pueblo Nuevo","Córdoba",2006,"Congreso",NA,NA,NA,"PALMIRA",136,192,328,1
"3403",23570,13031,"Pueblo Nuevo","Córdoba",2006,"Congreso",NA,NA,NA,"PUEBLO REGAO",100,121,221,1
"3404",23580,13032,"Puerto Libertador","Córdoba",2006,"Congreso",NA,NA,NA,NA,5347,6489,11836,35
"3405",23580,13032,"Puerto Libertador","Córdoba",2006,"Congreso",NA,NA,NA,"EL BRILLANTE",247,380,627,2
"3406",23580,13032,"Puerto Libertador","Córdoba",2006,"Congreso",NA,NA,NA,"JUAN JOSE",350,619,969,3
"3407",23580,13032,"Puerto Libertador","Córdoba",2006,"Congreso",NA,NA,NA,"LA RICA",196,386,582,2
"3408",23580,13032,"Puerto Libertador","Córdoba",2006,"Congreso",NA,NA,NA,"PICA PICA",291,465,756,3
"3409",23580,13032,"Puerto Libertador","Córdoba",2006,"Congreso",NA,NA,NA,"PUERTO BELEN",98,167,265,1
"3410",23580,13032,"Puerto Libertador","Córdoba",2006,"Congreso",NA,NA,NA,"SAN JUAN",204,499,703,3
"3411",23580,13032,"Puerto Libertador","Córdoba",2006,"Congreso",NA,NA,NA,"SANTA FE DE LAS CLARAS",326,555,881,3
"3412",23580,13032,"Puerto Libertador","Córdoba",2006,"Congreso",NA,NA,NA,"TORNO ROJO",181,249,430,2
"3413",23580,13032,"Puerto Libertador","Córdoba",2006,"Congreso",NA,NA,NA,"VILLANUEVA",199,304,503,2
"3414",23574,13033,"Puerto Escondido","Córdoba",2006,"Congreso",NA,NA,NA,NA,2744,3095,5839,17
"3415",23574,13033,"Puerto Escondido","Córdoba",2006,"Congreso",NA,NA,NA,"CONTENTO ARRIBA",134,147,281,1
"3416",23574,13033,"Puerto Escondido","Córdoba",2006,"Congreso",NA,NA,NA,"CRISTO REY",511,592,1103,4
"3417",23574,13033,"Puerto Escondido","Córdoba",2006,"Congreso",NA,NA,NA,"EL ARIZAL",187,225,412,2
"3418",23574,13033,"Puerto Escondido","Córdoba",2006,"Congreso",NA,NA,NA,"EL PANTANO",783,996,1779,6
"3419",23574,13033,"Puerto Escondido","Córdoba",2006,"Congreso",NA,NA,NA,"LA CA/A DE CANALETE",80,102,182,1
"3420",23574,13033,"Puerto Escondido","Córdoba",2006,"Congreso",NA,NA,NA,"LAS MUJERES",507,597,1104,4
"3421",23574,13033,"Puerto Escondido","Córdoba",2006,"Congreso",NA,NA,NA,"MORINDO JARAMAGAL",73,97,170,1
"3422",23574,13033,"Puerto Escondido","Córdoba",2006,"Congreso",NA,NA,NA,"SAN JOSE DE CANALETE",281,355,636,2
"3423",23574,13033,"Puerto Escondido","Córdoba",2006,"Congreso",NA,NA,NA,"SAN LUIS",694,838,1532,5
"3424",23574,13033,"Puerto Escondido","Córdoba",2006,"Congreso",NA,NA,NA,"SAN MIGUEL",153,195,348,2
"3425",23574,13033,"Puerto Escondido","Córdoba",2006,"Congreso",NA,NA,NA,"SILENCIO",320,420,740,3
"3426",23574,13033,"Puerto Escondido","Córdoba",2006,"Congreso",NA,NA,NA,"VILLA ESTHER",386,516,902,3
"3427",23586,13034,"Purísima","Córdoba",2006,"Congreso",NA,NA,NA,NA,4113,4389,8502,25
"3428",23586,13034,"Purísima","Córdoba",2006,"Congreso",NA,NA,NA,"ASERRADERO",386,374,760,3
"3429",23586,13034,"Purísima","Córdoba",2006,"Congreso",NA,NA,NA,"EL HUESO",335,341,676,2
"3430",23586,13034,"Purísima","Córdoba",2006,"Congreso",NA,NA,NA,"LOS CORRALES",399,438,837,3
"3431",23586,13034,"Purísima","Córdoba",2006,"Congreso",NA,NA,NA,"SAN PEDRO",240,247,487,2
"3432",23660,13037,"Sahagún","Córdoba",2006,"Congreso",NA,NA,NA,"COL. ANDRES RODRIGUEZ",7294,8032,15326,45
"3433",23660,13037,"Sahagún","Córdoba",2006,"Congreso",NA,NA,NA,"COLEGIO CONALSA",2781,1792,4573,14
"3434",23660,13037,"Sahagún","Córdoba",2006,"Congreso",NA,NA,NA,"COLEGIO SAN JOSE",2350,2131,4481,14
"3435",23660,13037,"Sahagún","Córdoba",2006,"Congreso",NA,NA,NA,"MERCADO PUBLICO",2420,1983,4403,13
"3436",23660,13037,"Sahagún","Córdoba",2006,"Congreso",NA,NA,NA,"PUESTO CENSO",4058,3440,7498,10
"3437",23660,13037,"Sahagún","Córdoba",2006,"Congreso",NA,NA,NA,"CARCEL NACIONAL",0,10,10,1
"3438",23660,13037,"Sahagún","Córdoba",2006,"Congreso",NA,NA,NA,"ARENA DEL NORTE",356,395,751,3
"3439",23660,13037,"Sahagún","Córdoba",2006,"Congreso",NA,NA,NA,"AGUAS VIVAS",227,326,553,2
"3440",23660,13037,"Sahagún","Córdoba",2006,"Congreso",NA,NA,NA,"BAJO GRANDE",536,649,1185,4
"3441",23660,13037,"Sahagún","Córdoba",2006,"Congreso",NA,NA,NA,"CATALINA",343,376,719,3
"3442",23660,13037,"Sahagún","Córdoba",2006,"Congreso",NA,NA,NA,"EL ROBLE",65,76,141,1
"3443",23660,13037,"Sahagún","Córdoba",2006,"Congreso",NA,NA,NA,"COLOMBOY",1172,1324,2496,8
"3444",23660,13037,"Sahagún","Córdoba",2006,"Congreso",NA,NA,NA,"EL KILOMETRO 34",114,135,249,1
"3445",23660,13037,"Sahagún","Córdoba",2006,"Congreso",NA,NA,NA,"CRUCERO",470,586,1056,4
"3446",23660,13037,"Sahagún","Córdoba",2006,"Congreso",NA,NA,NA,"EL DIVIDIVI",203,282,485,2
"3447",23660,13037,"Sahagún","Córdoba",2006,"Congreso",NA,NA,NA,"EL VIEJANO",748,862,1610,5
"3448",23660,13037,"Sahagún","Córdoba",2006,"Congreso",NA,NA,NA,"EL GUAIMARO",201,235,436,2
"3449",23660,13037,"Sahagún","Córdoba",2006,"Congreso",NA,NA,NA,"LAS BOCAS",208,282,490,2
"3450",23660,13037,"Sahagún","Córdoba",2006,"Congreso",NA,NA,NA,"GUAIMARITO",157,160,317,1
"3451",23660,13037,"Sahagún","Córdoba",2006,"Congreso",NA,NA,NA,"LA QUEBRADA",52,91,143,1
"3452",23660,13037,"Sahagún","Córdoba",2006,"Congreso",NA,NA,NA,"LAS AGUADITAS",135,143,278,1
"3453",23660,13037,"Sahagún","Córdoba",2006,"Congreso",NA,NA,NA,"LOS GALANES",440,517,957,3
"3454",23660,13037,"Sahagún","Córdoba",2006,"Congreso",NA,NA,NA,"LOS AMARILLOS",180,203,383,2
"3455",23660,13037,"Sahagún","Córdoba",2006,"Congreso",NA,NA,NA,"LLANADAS",354,423,777,3
"3456",23660,13037,"Sahagún","Córdoba",2006,"Congreso",NA,NA,NA,"LA YE",942,1000,1942,6
"3457",23660,13037,"Sahagún","Córdoba",2006,"Congreso",NA,NA,NA,"MORROCOY",293,387,680,2
"3458",23660,13037,"Sahagún","Córdoba",2006,"Congreso",NA,NA,NA,"PISA FLORES",244,311,555,2
"3459",23660,13037,"Sahagún","Córdoba",2006,"Congreso",NA,NA,NA,"RANCHERIA",864,878,1742,6
"3460",23660,13037,"Sahagún","Córdoba",2006,"Congreso",NA,NA,NA,"RODACULO",279,326,605,2
"3461",23660,13037,"Sahagún","Córdoba",2006,"Congreso",NA,NA,NA,"SABANETA",451,494,945,3
"3462",23660,13037,"Sahagún","Córdoba",2006,"Congreso",NA,NA,NA,"SALGUERITO",283,330,613,2
"3463",23660,13037,"Sahagún","Córdoba",2006,"Congreso",NA,NA,NA,"SALITRAL",411,481,892,3
"3464",23660,13037,"Sahagún","Córdoba",2006,"Congreso",NA,NA,NA,"SAN ANDRESITO",502,529,1031,3
"3465",23660,13037,"Sahagún","Córdoba",2006,"Congreso",NA,NA,NA,"SAN ANTONIO",225,253,478,2
"3466",23660,13037,"Sahagún","Córdoba",2006,"Congreso",NA,NA,NA,"SANTIAGO ABAJO",167,215,382,2
"3467",23660,13037,"Sahagún","Córdoba",2006,"Congreso",NA,NA,NA,"TREMENTINO BULERO",144,143,287,1
"3468",23660,13037,"Sahagún","Córdoba",2006,"Congreso",NA,NA,NA,"LOS CHIBOLOS",173,194,367,2
"3469",23660,13037,"Sahagún","Córdoba",2006,"Congreso",NA,NA,NA,"LAS MANUELITAS",230,286,516,2
"3470",23660,13037,"Sahagún","Córdoba",2006,"Congreso",NA,NA,NA,"EL OLIVO",222,273,495,2
"3471",23660,13037,"Sahagún","Córdoba",2006,"Congreso",NA,NA,NA,"EL REMOLINO",237,276,513,2
"3472",23670,13040,"San Andrés Sotavento","Córdoba",2006,"Congreso",NA,NA,NA,NA,6881,7588,14469,43
"3473",23670,13040,"San Andrés Sotavento","Córdoba",2006,"Congreso",NA,NA,NA,"BARBACOAS",134,150,284,1
"3474",23670,13040,"San Andrés Sotavento","Córdoba",2006,"Congreso",NA,NA,NA,"CALLE LARGA",350,423,773,3
"3475",23670,13040,"San Andrés Sotavento","Córdoba",2006,"Congreso",NA,NA,NA,"EL ALGODONCILLO",15,10,25,1
"3476",23670,13040,"San Andrés Sotavento","Córdoba",2006,"Congreso",NA,NA,NA,"EL BANCO",372,428,800,3
"3477",23670,13040,"San Andrés Sotavento","Córdoba",2006,"Congreso",NA,NA,NA,"EL HOYAL",244,290,534,2
"3478",23670,13040,"San Andrés Sotavento","Córdoba",2006,"Congreso",NA,NA,NA,"FLECHAS",313,349,662,2
"3479",23670,13040,"San Andrés Sotavento","Córdoba",2006,"Congreso",NA,NA,NA,"LAS CASITAS",282,292,574,2
"3480",23670,13040,"San Andrés Sotavento","Córdoba",2006,"Congreso",NA,NA,NA,"LOS CARRETOS",659,688,1347,4
"3481",23670,13040,"San Andrés Sotavento","Córdoba",2006,"Congreso",NA,NA,NA,"LOS CASTILLOS",235,272,507,2
"3482",23670,13040,"San Andrés Sotavento","Córdoba",2006,"Congreso",NA,NA,NA,"LOS VIDALES",691,724,1415,5
"3483",23670,13040,"San Andrés Sotavento","Córdoba",2006,"Congreso",NA,NA,NA,"MOLINA",423,450,873,3
"3484",23670,13040,"San Andrés Sotavento","Córdoba",2006,"Congreso",NA,NA,NA,"NUEVA ESTRELLA",294,261,555,2
"3485",23670,13040,"San Andrés Sotavento","Córdoba",2006,"Congreso",NA,NA,NA,"PLAZA BONITA (MOCHA)",281,336,617,2
"3486",23670,13040,"San Andrés Sotavento","Córdoba",2006,"Congreso",NA,NA,NA,"PUEBLECITO",367,337,704,3
"3487",23670,13040,"San Andrés Sotavento","Córdoba",2006,"Congreso",NA,NA,NA,"SAN JUAN DE LA CRUZ",384,414,798,3
"3488",23670,13040,"San Andrés Sotavento","Córdoba",2006,"Congreso",NA,NA,NA,"TUCHIN",1889,2072,3961,12
"3489",23672,13043,"San Antero","Córdoba",2006,"Congreso",NA,NA,NA,NA,6392,6487,12879,38
"3490",23672,13043,"San Antero","Córdoba",2006,"Congreso",NA,NA,NA,"BIJAITO",276,303,579,2
"3491",23672,13043,"San Antero","Córdoba",2006,"Congreso",NA,NA,NA,"CERRO PETRONA",84,97,181,1
"3492",23672,13043,"San Antero","Córdoba",2006,"Congreso",NA,NA,NA,"EL PORVENIR (EL BOBO)",609,607,1216,4
"3493",23672,13043,"San Antero","Córdoba",2006,"Congreso",NA,NA,NA,"NUEVO AGRADO",297,375,672,2
"3494",23672,13043,"San Antero","Córdoba",2006,"Congreso",NA,NA,NA,"SANTA ROSA DEL BALSAMO",199,235,434,2
"3495",23672,13043,"San Antero","Córdoba",2006,"Congreso",NA,NA,NA,"SANTA CRUZ",138,153,291,1
"3496",23672,13043,"San Antero","Córdoba",2006,"Congreso",NA,NA,NA,"TIJERETAS",166,223,389,2
"3497",23675,13046,"San Bernardo del Viento","Córdoba",2006,"Congreso",NA,NA,NA,NA,5269,5263,10532,31
"3498",23675,13046,"San Bernardo del Viento","Córdoba",2006,"Congreso",NA,NA,NA,"CA/O GRANDE",133,167,300,1
"3499",23675,13046,"San Bernardo del Viento","Córdoba",2006,"Congreso",NA,NA,NA,"CHIQUI",280,342,622,2
"3500",23675,13046,"San Bernardo del Viento","Córdoba",2006,"Congreso",NA,NA,NA,"EL CASTILLO",185,261,446,2
"3501",23675,13046,"San Bernardo del Viento","Córdoba",2006,"Congreso",NA,NA,NA,"JOSE MANUEL",729,853,1582,5
"3502",23675,13046,"San Bernardo del Viento","Córdoba",2006,"Congreso",NA,NA,NA,"EL PARAISO",247,288,535,2
"3503",23675,13046,"San Bernardo del Viento","Córdoba",2006,"Congreso",NA,NA,NA,"LAS CA/AS",118,146,264,1
"3504",23675,13046,"San Bernardo del Viento","Córdoba",2006,"Congreso",NA,NA,NA,"NUEVA ESTRELLA",164,209,373,2
"3505",23675,13046,"San Bernardo del Viento","Córdoba",2006,"Congreso",NA,NA,NA,"PAJONAL",324,346,670,2
"3506",23675,13046,"San Bernardo del Viento","Córdoba",2006,"Congreso",NA,NA,NA,"PLAYA DEL VIENTO",369,459,828,3
"3507",23675,13046,"San Bernardo del Viento","Córdoba",2006,"Congreso",NA,NA,NA,"PASO NUEVO",529,642,1171,4
"3508",23675,13046,"San Bernardo del Viento","Córdoba",2006,"Congreso",NA,NA,NA,"SAN BLAS",273,339,612,2
"3509",23675,13046,"San Bernardo del Viento","Córdoba",2006,"Congreso",NA,NA,NA,"SICARA",312,447,759,3
"3510",23675,13046,"San Bernardo del Viento","Córdoba",2006,"Congreso",NA,NA,NA,"TINAJON COMPOSTELA",106,112,218,1
"3511",23675,13046,"San Bernardo del Viento","Córdoba",2006,"Congreso",NA,NA,NA,"TREMENTINO",181,220,401,2
"3512",23675,13046,"San Bernardo del Viento","Córdoba",2006,"Congreso",NA,NA,NA,"VILLA CLARA",300,426,726,3
"3513",23675,13046,"San Bernardo del Viento","Córdoba",2006,"Congreso",NA,NA,NA,"BARCELONA",98,120,218,1
"3514",23675,13046,"San Bernardo del Viento","Córdoba",2006,"Congreso",NA,NA,NA,"BARBASCAL",173,195,368,2
"3515",23678,13049,"San Carlos","Córdoba",2006,"Congreso",NA,NA,NA,NA,4556,4945,9501,28
"3516",23678,13049,"San Carlos","Córdoba",2006,"Congreso",NA,NA,NA,"CAMPANITO (CALLEMAR)",452,625,1077,4
"3517",23678,13049,"San Carlos","Córdoba",2006,"Congreso",NA,NA,NA,"CARRIZAL",940,1016,1956,6
"3518",23678,13049,"San Carlos","Córdoba",2006,"Congreso",NA,NA,NA,"CIENAGUITA",489,571,1060,4
"3519",23678,13049,"San Carlos","Córdoba",2006,"Congreso",NA,NA,NA,"EL HATO",377,426,803,3
"3520",23678,13049,"San Carlos","Córdoba",2006,"Congreso",NA,NA,NA,"GUACHARACAL",494,651,1145,4
"3521",23678,13049,"San Carlos","Córdoba",2006,"Congreso",NA,NA,NA,"SANTA ROSA",308,390,698,3
"3522",23678,13049,"San Carlos","Córdoba",2006,"Congreso",NA,NA,NA,"SAN MIGUEL ABAJO",409,498,907,3
"3523",23686,13055,"San Pelayo","Córdoba",2006,"Congreso",NA,NA,NA,NA,6205,5494,11699,35
"3524",23686,13055,"San Pelayo","Córdoba",2006,"Congreso",NA,NA,NA,"BUENOS AIRES",753,905,1658,5
"3525",23686,13055,"San Pelayo","Córdoba",2006,"Congreso",NA,NA,NA,"BONGA MELLA",678,914,1592,5
"3526",23686,13055,"San Pelayo","Córdoba",2006,"Congreso",NA,NA,NA,"CARRILLO",1239,1164,2403,7
"3527",23686,13055,"San Pelayo","Córdoba",2006,"Congreso",NA,NA,NA,"EL CHIQUI",419,493,912,3
"3528",23686,13055,"San Pelayo","Córdoba",2006,"Congreso",NA,NA,NA,"EL OBLIGADO",353,371,724,3
"3529",23686,13055,"San Pelayo","Córdoba",2006,"Congreso",NA,NA,NA,"LA MADERA",398,429,827,3
"3530",23686,13055,"San Pelayo","Córdoba",2006,"Congreso",NA,NA,NA,"LAS GUAMAS",826,963,1789,6
"3531",23686,13055,"San Pelayo","Córdoba",2006,"Congreso",NA,NA,NA,"PELAYITO",479,484,963,3
"3532",23686,13055,"San Pelayo","Córdoba",2006,"Congreso",NA,NA,NA,"SABANANUEVA",844,987,1831,6
"3533",23686,13055,"San Pelayo","Córdoba",2006,"Congreso",NA,NA,NA,"SAN ISIDRO (ABARCA)",770,879,1649,5
"3534",23686,13055,"San Pelayo","Córdoba",2006,"Congreso",NA,NA,NA,"VALPARAISO (CA/O VIEJO)",579,660,1239,4
"3535",23686,13055,"San Pelayo","Córdoba",2006,"Congreso",NA,NA,NA,"PUERTO NUEVO",549,583,1132,4
"3536",23807,13058,"Tierralta","Córdoba",2006,"Congreso",NA,NA,NA,"COL. BTO. FE Y ALEGRIA",1237,2436,3673,11
"3537",23807,13058,"Tierralta","Córdoba",2006,"Congreso",NA,NA,NA,"COL. BTO. CONABA",3221,1645,4866,15
"3538",23807,13058,"Tierralta","Córdoba",2006,"Congreso",NA,NA,NA,"COL. BTO. 19 DE MARZO",2227,2618,4845,15
"3539",23807,13058,"Tierralta","Córdoba",2006,"Congreso",NA,NA,NA,"CENTRO EDUCATIVO SAN CARLOS (",1350,913,2263,7
"3540",23807,13058,"Tierralta","Córdoba",2006,"Congreso",NA,NA,NA,"PUESTO CENSO",8553,9169,17722,23
"3541",23807,13058,"Tierralta","Córdoba",2006,"Congreso",NA,NA,NA,"BONITO VIENTO",131,168,299,1
"3542",23807,13058,"Tierralta","Córdoba",2006,"Congreso",NA,NA,NA,"BARRANCON",32,95,127,1
"3543",23807,13058,"Tierralta","Córdoba",2006,"Congreso",NA,NA,NA,"CALLEJAS",385,552,937,3
"3544",23807,13058,"Tierralta","Córdoba",2006,"Congreso",NA,NA,NA,"CARAMELO",296,493,789,3
"3545",23807,13058,"Tierralta","Córdoba",2006,"Congreso",NA,NA,NA,"CRUCITO",168,342,510,2
"3546",23807,13058,"Tierralta","Córdoba",2006,"Congreso",NA,NA,NA,"EL AGUILA",194,499,693,3
"3547",23807,13058,"Tierralta","Córdoba",2006,"Congreso",NA,NA,NA,"CELMIRA",369,639,1008,3
"3548",23807,13058,"Tierralta","Córdoba",2006,"Congreso",NA,NA,NA,"NUEVA GRANADA",88,145,233,1
"3549",23807,13058,"Tierralta","Córdoba",2006,"Congreso",NA,NA,NA,"MANTAGORDAL",148,251,399,2
"3550",23807,13058,"Tierralta","Córdoba",2006,"Congreso",NA,NA,NA,"LA OSSA",65,112,177,1
"3551",23807,13058,"Tierralta","Córdoba",2006,"Congreso",NA,NA,NA,"LAS CLARAS",290,467,757,3
"3552",23807,13058,"Tierralta","Córdoba",2006,"Congreso",NA,NA,NA,"LOS MORALES",423,543,966,3
"3553",23807,13058,"Tierralta","Córdoba",2006,"Congreso",NA,NA,NA,"SAIZA",207,380,587,2
"3554",23807,13058,"Tierralta","Córdoba",2006,"Congreso",NA,NA,NA,"SEVERINERA",70,113,183,1
"3555",23807,13058,"Tierralta","Córdoba",2006,"Congreso",NA,NA,NA,"SANTA FE",333,507,840,3
"3556",23807,13058,"Tierralta","Córdoba",2006,"Congreso",NA,NA,NA,"SANTA MARTA",167,273,440,2
"3557",23807,13058,"Tierralta","Córdoba",2006,"Congreso",NA,NA,NA,"TUCURA",251,387,638,2
"3558",23807,13058,"Tierralta","Córdoba",2006,"Congreso",NA,NA,NA,"VILLA PROVIDENCIA",175,273,448,2
"3559",23807,13058,"Tierralta","Córdoba",2006,"Congreso",NA,NA,NA,"VOLADOR",117,218,335,1
"3560",23807,13058,"Tierralta","Córdoba",2006,"Congreso",NA,NA,NA,"VENADO",54,122,176,1
"3561",23807,13058,"Tierralta","Córdoba",2006,"Congreso",NA,NA,NA,"FRASQUILLO NUEVO",229,517,746,3
"3562",23807,13058,"Tierralta","Córdoba",2006,"Congreso",NA,NA,NA,"LA FLORIDA",23,40,63,1
"3563",23807,13058,"Tierralta","Córdoba",2006,"Congreso",NA,NA,NA,"SANTA ISABEL DEL RIO MANSO",36,81,117,1
"3564",23807,13058,"Tierralta","Córdoba",2006,"Congreso",NA,NA,NA,"SAN FELIPE DE CADILLO",155,235,390,2
"3565",23855,13061,"Valencia","Córdoba",2006,"Congreso",NA,NA,NA,NA,6365,6291,12656,37
"3566",23855,13061,"Valencia","Córdoba",2006,"Congreso",NA,NA,NA,"EL REPOSO",266,296,562,2
"3567",23855,13061,"Valencia","Córdoba",2006,"Congreso",NA,NA,NA,"JARAGUAY",232,315,547,2
"3568",23855,13061,"Valencia","Córdoba",2006,"Congreso",NA,NA,NA,"MATA DE MAIZ",253,320,573,2
"3569",23855,13061,"Valencia","Córdoba",2006,"Congreso",NA,NA,NA,"GUADUAL CENTRAL",130,303,433,2
"3570",23855,13061,"Valencia","Córdoba",2006,"Congreso",NA,NA,NA,"MIELES",123,203,326,1
"3571",23855,13061,"Valencia","Córdoba",2006,"Congreso",NA,NA,NA,"RIO NUEVO",236,276,512,2
"3572",23855,13061,"Valencia","Córdoba",2006,"Congreso",NA,NA,NA,"COCUELO ARRIBA",85,183,268,1
"3573",23855,13061,"Valencia","Córdoba",2006,"Congreso",NA,NA,NA,"SANTO DOMINGO",147,215,362,2
"3574",23855,13061,"Valencia","Córdoba",2006,"Congreso",NA,NA,NA,"VILLANUEVA",569,733,1302,4
"3575",23855,13061,"Valencia","Córdoba",2006,"Congreso",NA,NA,NA,"MANZANARES",141,175,316,1
"3576",23855,13061,"Valencia","Córdoba",2006,"Congreso",NA,NA,NA,"SAN RAFAEL",257,387,644,2
"3577",23855,13061,"Valencia","Córdoba",2006,"Congreso",NA,NA,NA,"LAS NUBES",150,216,366,2
"3578",25001,15004,"Agua de Dios","Cundinamarca",2006,"Congreso",NA,NA,NA,NA,4427,3852,8279,25
"3579",25019,15007,"Albán","Cundinamarca",2006,"Congreso",NA,NA,NA,NA,1964,2015,3979,12
"3580",25035,15010,"Anapoima","Cundinamarca",2006,"Congreso",NA,NA,NA,NA,3962,3155,7117,21
"3581",25035,15010,"Anapoima","Cundinamarca",2006,"Congreso",NA,NA,NA,"LA PAZ",552,619,1171,4
"3582",25035,15010,"Anapoima","Cundinamarca",2006,"Congreso",NA,NA,NA,"SAN ANTONIO",399,538,937,3
"3583",25040,15013,"Anolaima","Cundinamarca",2006,"Congreso",NA,NA,NA,NA,3730,3993,7723,23
"3584",25040,15013,"Anolaima","Cundinamarca",2006,"Congreso",NA,NA,NA,"LA FLORIDA",650,725,1375,4
"3585",25040,15013,"Anolaima","Cundinamarca",2006,"Congreso",NA,NA,NA,"REVENTONES",471,589,1060,4
"3586",25053,15016,"Arbeláez","Cundinamarca",2006,"Congreso",NA,NA,NA,NA,3796,3773,7569,23
"3587",25086,15019,"Beltrán","Cundinamarca",2006,"Congreso",NA,NA,NA,NA,309,419,728,3
"3588",25086,15019,"Beltrán","Cundinamarca",2006,"Congreso",NA,NA,NA,"PAQUIL0",261,268,529,2
"3589",25086,15019,"Beltrán","Cundinamarca",2006,"Congreso",NA,NA,NA,"PUERTO DE GRAMALOTAL",70,101,171,1
"3590",25095,15022,"Bituima","Cundinamarca",2006,"Congreso",NA,NA,NA,NA,1131,1414,2545,8
"3591",25095,15022,"Bituima","Cundinamarca",2006,"Congreso",NA,NA,NA,"LA PLAZUELA",45,77,122,1
"3592",25099,15025,"Bojacá","Cundinamarca",2006,"Congreso",NA,NA,NA,NA,2170,2139,4309,13
"3593",25120,15029,"Cabrera","Cundinamarca",2006,"Congreso",NA,NA,NA,NA,1226,1488,2714,8
"3594",25120,15029,"Cabrera","Cundinamarca",2006,"Congreso",NA,NA,NA,"SUMAPAZ (LA PLAYA)",103,150,253,1
"3595",25123,15030,"Cachipay","Cundinamarca",2006,"Congreso",NA,NA,NA,NA,3332,3437,6769,20
"3596",25123,15030,"Cachipay","Cundinamarca",2006,"Congreso",NA,NA,NA,"PE/ANEGRA",354,469,823,3
"3597",25126,15031,"Cajicá","Cundinamarca",2006,"Congreso",NA,NA,NA,NA,12843,11771,24614,72
"3598",25148,15034,"Caparrapí","Cundinamarca",2006,"Congreso",NA,NA,NA,NA,2552,2879,5431,16
"3599",25148,15034,"Caparrapí","Cundinamarca",2006,"Congreso",NA,NA,NA,"CAMBRAS",33,49,82,1
"3600",25148,15034,"Caparrapí","Cundinamarca",2006,"Congreso",NA,NA,NA,"CANCHIMAY",105,188,293,1
"3601",25148,15034,"Caparrapí","Cundinamarca",2006,"Congreso",NA,NA,NA,"CACERES",71,99,170,1
"3602",25148,15034,"Caparrapí","Cundinamarca",2006,"Congreso",NA,NA,NA,"CORDOBA",95,164,259,1
"3603",25148,15034,"Caparrapí","Cundinamarca",2006,"Congreso",NA,NA,NA,"EL CAMBULO",177,278,455,2
"3604",25148,15034,"Caparrapí","Cundinamarca",2006,"Congreso",NA,NA,NA,"EL DINDAL",165,241,406,2
"3605",25148,15034,"Caparrapí","Cundinamarca",2006,"Congreso",NA,NA,NA,"LA AZAUNCHA",127,174,301,1
"3606",25148,15034,"Caparrapí","Cundinamarca",2006,"Congreso",NA,NA,NA,"SAN CARLOS",459,635,1094,4
"3607",25148,15034,"Caparrapí","Cundinamarca",2006,"Congreso",NA,NA,NA,"SAN PEDRO",512,624,1136,4
"3608",25148,15034,"Caparrapí","Cundinamarca",2006,"Congreso",NA,NA,NA,"TATI",159,220,379,2
"3609",25148,15034,"Caparrapí","Cundinamarca",2006,"Congreso",NA,NA,NA,"SAN RAMON ALTO",168,241,409,2
"3610",25151,15037,"Cáqueza","Cundinamarca",2006,"Congreso",NA,NA,NA,NA,6668,6736,13404,39
"3611",25154,15040,"Carmen de Carupa","Cundinamarca",2006,"Congreso",NA,NA,NA,NA,2016,2357,4373,13
"3612",25154,15040,"Carmen de Carupa","Cundinamarca",2006,"Congreso",NA,NA,NA,"HATO",294,377,671,2
"3613",25154,15040,"Carmen de Carupa","Cundinamarca",2006,"Congreso",NA,NA,NA,"SUCRE (CAPILLA DE SUCRE)",108,125,233,1
"3614",25200,15043,"Cogua","Cundinamarca",2006,"Congreso",NA,NA,NA,NA,4134,4192,8326,25
"3615",25214,15046,"Cota","Cundinamarca",2006,"Congreso",NA,NA,NA,NA,5632,5143,10775,32
"3616",25224,15049,"Cucunubá","Cundinamarca",2006,"Congreso",NA,NA,NA,NA,1726,1815,3541,11
"3617",25224,15049,"Cucunubá","Cundinamarca",2006,"Congreso",NA,NA,NA,"PE/AS (LA PLUMA)",180,246,426,2
"3618",25168,15052,"Chaguaní","Cundinamarca",2006,"Congreso",NA,NA,NA,NA,1361,1785,3146,10
"3619",25168,15052,"Chaguaní","Cundinamarca",2006,"Congreso",NA,NA,NA,"PUERTO CHAGUANI",11,23,34,1
"3620",25168,15052,"Chaguaní","Cundinamarca",2006,"Congreso",NA,NA,NA,"LOMALARGA",49,70,119,1
"3621",25175,15055,"Chía","Cundinamarca",2006,"Congreso",NA,NA,NA,"CON ESC. CLUB DE LEONES",3778,4258,8036,24
"3622",25175,15055,"Chía","Cundinamarca",2006,"Congreso",NA,NA,NA,"EMSERCHIA",4157,3035,7192,21
"3623",25175,15055,"Chía","Cundinamarca",2006,"Congreso",NA,NA,NA,"CASA DE LA CULTURA",6691,5464,12155,36
"3624",25175,15055,"Chía","Cundinamarca",2006,"Congreso",NA,NA,NA,"CON. ESC. LAS DELICIAS",2055,1775,3830,12
"3625",25175,15055,"Chía","Cundinamarca",2006,"Congreso",NA,NA,NA,"PUESTO CENSO",12090,10694,22784,29
"3626",25178,15058,"Chipaque","Cundinamarca",2006,"Congreso",NA,NA,NA,NA,2844,3154,5998,18
"3627",25181,15061,"Choachí","Cundinamarca",2006,"Congreso",NA,NA,NA,NA,4818,4834,9652,29
"3628",25181,15061,"Choachí","Cundinamarca",2006,"Congreso",NA,NA,NA,"EL ALTO DEL PALO",278,318,596,2
"3629",25181,15061,"Choachí","Cundinamarca",2006,"Congreso",NA,NA,NA,"POTRERO GRANDE",237,239,476,2
"3630",25183,15064,"Chocontá","Cundinamarca",2006,"Congreso",NA,NA,NA,NA,5461,5421,10882,32
"3631",25183,15064,"Chocontá","Cundinamarca",2006,"Congreso",NA,NA,NA,"CARCEL",1,12,13,1
"3632",25245,15067,"El Colegio","Cundinamarca",2006,"Congreso",NA,NA,NA,NA,6237,6045,12282,36
"3633",25245,15067,"El Colegio","Cundinamarca",2006,"Congreso",NA,NA,NA,"EL TRIUNFO",405,407,812,3
"3634",25245,15067,"El Colegio","Cundinamarca",2006,"Congreso",NA,NA,NA,"LA VICTORIA",634,694,1328,4
"3635",25245,15067,"El Colegio","Cundinamarca",2006,"Congreso",NA,NA,NA,"PRADILLA",321,423,744,3
"3636",25258,15070,"El Peñón","Cundinamarca",2006,"Congreso",NA,NA,NA,NA,1167,1293,2460,8
"3637",25258,15070,"El Peñón","Cundinamarca",2006,"Congreso",NA,NA,NA,"GUAYABAL DE TOLEDO",230,268,498,2
"3638",25258,15070,"El Peñón","Cundinamarca",2006,"Congreso",NA,NA,NA,"TALAUTA",324,437,761,3
"3639",25260,15072,"El Rosal","Cundinamarca",2006,"Congreso",NA,NA,NA,NA,3072,3170,6242,19
"3640",25269,15076,"Facatativá","Cundinamarca",2006,"Congreso",NA,NA,NA,"COL. DEPTAL. CARTAGENITA",2153,2111,4264,13
"3641",25269,15076,"Facatativá","Cundinamarca",2006,"Congreso",NA,NA,NA,"ESC. KENNEDY",2239,1280,3519,11
"3642",25269,15076,"Facatativá","Cundinamarca",2006,"Congreso",NA,NA,NA,"PARQUE PRINCIPAL",14291,12743,27034,79
"3643",25269,15076,"Facatativá","Cundinamarca",2006,"Congreso",NA,NA,NA,"ESC. LOS MOLINOS",1745,1510,3255,10
"3644",25269,15076,"Facatativá","Cundinamarca",2006,"Congreso",NA,NA,NA,"ESC. LA CONCEPCION",1912,1406,3318,10
"3645",25269,15076,"Facatativá","Cundinamarca",2006,"Congreso",NA,NA,NA,"COLISEO CUBIERTO",3133,2960,6093,18
"3646",25269,15076,"Facatativá","Cundinamarca",2006,"Congreso",NA,NA,NA,"PUESTO CENSO",6442,5863,12305,16
"3647",25269,15076,"Facatativá","Cundinamarca",2006,"Congreso",NA,NA,NA,"CARCEL",5,60,65,1
"3648",25279,15079,"Fómeque","Cundinamarca",2006,"Congreso",NA,NA,NA,NA,3806,4074,7880,23
"3649",25279,15079,"Fómeque","Cundinamarca",2006,"Congreso",NA,NA,NA,"LA UNION",200,212,412,2
"3650",25279,15079,"Fómeque","Cundinamarca",2006,"Congreso",NA,NA,NA,"CHINGAZA",1,0,1,1
"3651",25281,15085,"Fosca","Cundinamarca",2006,"Congreso",NA,NA,NA,NA,1808,1945,3753,11
"3652",25281,15085,"Fosca","Cundinamarca",2006,"Congreso",NA,NA,NA,"PUEBLO VIEJO",77,108,185,1
"3653",25281,15085,"Fosca","Cundinamarca",2006,"Congreso",NA,NA,NA,"SANAME",332,376,708,3
"3654",25286,15088,"Funza","Cundinamarca",2006,"Congreso",NA,NA,NA,"ESC. EL HATO",1622,1798,3420,10
"3655",25286,15088,"Funza","Cundinamarca",2006,"Congreso",NA,NA,NA,"COL. OLIVA CAICEDO",2091,1512,3603,11
"3656",25286,15088,"Funza","Cundinamarca",2006,"Congreso",NA,NA,NA,"COL. SANTIAGO APOSTOL",5677,4964,10641,31
"3657",25286,15088,"Funza","Cundinamarca",2006,"Congreso",NA,NA,NA,"CONC. SAN JOSE",796,758,1554,5
"3658",25286,15088,"Funza","Cundinamarca",2006,"Congreso",NA,NA,NA,"PUESTO CENSO",7218,6625,13843,18
"3659",25288,15091,"Fúquene","Cundinamarca",2006,"Congreso",NA,NA,NA,NA,821,845,1666,5
"3660",25288,15091,"Fúquene","Cundinamarca",2006,"Congreso",NA,NA,NA,"CAPELLANIA",780,793,1573,5
"3661",25290,15094,"Fusagasugá","Cundinamarca",2006,"Congreso",NA,NA,NA,"PARQUE PRINCIPAL",11364,3675,15039,44
"3662",25290,15094,"Fusagasugá","Cundinamarca",2006,"Congreso",NA,NA,NA,"ESC. JULIO SABOGAL",4017,2501,6518,19
"3663",25290,15094,"Fusagasugá","Cundinamarca",2006,"Congreso",NA,NA,NA,"UNIV. DE CUNDINAMARCA",3001,2481,5482,16
"3664",25290,15094,"Fusagasugá","Cundinamarca",2006,"Congreso",NA,NA,NA,"ESCUELA GENERAL SANTANDER",2127,9481,11608,34
"3665",25290,15094,"Fusagasugá","Cundinamarca",2006,"Congreso",NA,NA,NA,"ESCUELA FUSACATAN",3594,2729,6323,19
"3666",25290,15094,"Fusagasugá","Cundinamarca",2006,"Congreso",NA,NA,NA,"ESC. REFUGIO INFANTIL",1724,1293,3017,9
"3667",25290,15094,"Fusagasugá","Cundinamarca",2006,"Congreso",NA,NA,NA,"PUESTO CENSO",6578,5660,12238,16
"3668",25290,15094,"Fusagasugá","Cundinamarca",2006,"Congreso",NA,NA,NA,"CARCEL CIRCUITO JUDICIAL",12,55,67,1
"3669",25290,15094,"Fusagasugá","Cundinamarca",2006,"Congreso",NA,NA,NA,"LA AGUADITA",470,453,923,3
"3670",25290,15094,"Fusagasugá","Cundinamarca",2006,"Congreso",NA,NA,NA,"CUCHARAL",742,835,1577,5
"3671",25290,15094,"Fusagasugá","Cundinamarca",2006,"Congreso",NA,NA,NA,"CHINAUTA Y LOS PANCHES",780,881,1661,5
"3672",25290,15094,"Fusagasugá","Cundinamarca",2006,"Congreso",NA,NA,NA,"EL TRIUNFO (BOQUERON)",219,190,409,2
"3673",25290,15094,"Fusagasugá","Cundinamarca",2006,"Congreso",NA,NA,NA,"CORREG. DE PEKIN 1ER SECTOR",496,453,949,3
"3674",25290,15094,"Fusagasugá","Cundinamarca",2006,"Congreso",NA,NA,NA,"LA TRINIDAD",672,801,1473,5
"3675",25293,15097,"Gachala","Cundinamarca",2006,"Congreso",NA,NA,NA,NA,1860,2198,4058,12
"3676",25293,15097,"Gachala","Cundinamarca",2006,"Congreso",NA,NA,NA,"LOS ALPES",265,300,565,2
"3677",25293,15097,"Gachala","Cundinamarca",2006,"Congreso",NA,NA,NA,"MONTECRISTO",61,113,174,1
"3678",25293,15097,"Gachala","Cundinamarca",2006,"Congreso",NA,NA,NA,"SANTA RITA DE RIONEGRO",143,153,296,1
"3679",25295,15100,"Gachancipá","Cundinamarca",2006,"Congreso",NA,NA,NA,NA,2655,2531,5186,16
"3680",25297,15103,"Gachetá","Cundinamarca",2006,"Congreso",NA,NA,NA,NA,4224,4181,8405,25
"3681",25297,15103,"Gachetá","Cundinamarca",2006,"Congreso",NA,NA,NA,"LOS LOPEZ",299,311,610,2
"3682",25299,15106,"Gama","Cundinamarca",2006,"Congreso",NA,NA,NA,NA,1253,1268,2521,8
"3683",25299,15106,"Gama","Cundinamarca",2006,"Congreso",NA,NA,NA,"SAN ROQUE",188,200,388,2
"3684",25307,15109,"Girardot","Cundinamarca",2006,"Congreso",NA,NA,NA,"UNIVERSIDAD PILOTO DE COLOMBI",4553,5914,10467,31
"3685",25307,15109,"Girardot","Cundinamarca",2006,"Congreso",NA,NA,NA,"ANTIGUO HOSPITAL",5972,4175,10147,30
"3686",25307,15109,"Girardot","Cundinamarca",2006,"Congreso",NA,NA,NA,"INSTITUTO BARBULA",3215,2355,5570,17
"3687",25307,15109,"Girardot","Cundinamarca",2006,"Congreso",NA,NA,NA,"COLEGIO CLUB DE LEONES",2640,3116,5756,17
"3688",25307,15109,"Girardot","Cundinamarca",2006,"Congreso",NA,NA,NA,"COLISEO  DE FERIAS EXPOSICION",2706,2376,5082,15
"3689",25307,15109,"Girardot","Cundinamarca",2006,"Congreso",NA,NA,NA,"SENA",3133,2612,5745,17
"3690",25307,15109,"Girardot","Cundinamarca",2006,"Congreso",NA,NA,NA,"ESC. MANUELA BELTRAN",2819,1128,3947,12
"3691",25307,15109,"Girardot","Cundinamarca",2006,"Congreso",NA,NA,NA,"COL ATANASIO GIRARDOT",1832,1406,3238,10
"3692",25307,15109,"Girardot","Cundinamarca",2006,"Congreso",NA,NA,NA,"COLEGIO COMGIRARDOT",3502,2524,6026,18
"3693",25307,15109,"Girardot","Cundinamarca",2006,"Congreso",NA,NA,NA,"PUESTO CENSO",6799,5343,12142,16
"3694",25307,15109,"Girardot","Cundinamarca",2006,"Congreso",NA,NA,NA,"CARCEL DEL CIRCUITO",13,22,35,1
"3695",25307,15109,"Girardot","Cundinamarca",2006,"Congreso",NA,NA,NA,"PENITENCIARIA NACIONAL",6,47,53,1
"3696",25307,15109,"Girardot","Cundinamarca",2006,"Congreso",NA,NA,NA,"BARZALOSA Y PIAMONTE",691,585,1276,4
"3697",25317,15112,"Guachetá","Cundinamarca",2006,"Congreso",NA,NA,NA,NA,3347,3182,6529,19
"3698",25317,15112,"Guachetá","Cundinamarca",2006,"Congreso",NA,NA,NA,"MONROY",63,89,152,1
"3699",25320,15115,"Guaduas","Cundinamarca",2006,"Congreso",NA,NA,NA,NA,6844,6990,13834,41
"3700",25320,15115,"Guaduas","Cundinamarca",2006,"Congreso",NA,NA,NA,"LA PAZ",427,521,948,3
"3701",25320,15115,"Guaduas","Cundinamarca",2006,"Congreso",NA,NA,NA,"CUATRO ESQUINAS",40,91,131,1
"3702",25320,15115,"Guaduas","Cundinamarca",2006,"Congreso",NA,NA,NA,"GUADUERO",96,142,238,1
"3703",25320,15115,"Guaduas","Cundinamarca",2006,"Congreso",NA,NA,NA,"CEDRALES",42,81,123,1
"3704",25320,15115,"Guaduas","Cundinamarca",2006,"Congreso",NA,NA,NA,"PUERTO BOGOTA",1484,1305,2789,9
"3705",25320,15115,"Guaduas","Cundinamarca",2006,"Congreso",NA,NA,NA,"EL ESCRITORIO",31,79,110,1
"3706",25320,15115,"Guaduas","Cundinamarca",2006,"Congreso",NA,NA,NA,"MALAMBO",34,72,106,1
"3707",25320,15115,"Guaduas","Cundinamarca",2006,"Congreso",NA,NA,NA,"CHAPAIMA (TOTUMAL)",35,62,97,1
"3708",25322,15118,"Guasca","Cundinamarca",2006,"Congreso",NA,NA,NA,NA,3726,3829,7555,22
"3709",25324,15121,"Guataquí","Cundinamarca",2006,"Congreso",NA,NA,NA,NA,1177,1242,2419,8
"3710",25326,15124,"Guatavita","Cundinamarca",2006,"Congreso",NA,NA,NA,NA,1955,2076,4031,12
"3711",25328,15127,"Guayabal de Siquima","Cundinamarca",2006,"Congreso",NA,NA,NA,NA,1398,1497,2895,9
"3712",25328,15127,"Guayabal de Siquima","Cundinamarca",2006,"Congreso",NA,NA,NA,"ALTO DEL TRIGO",0,0,0,0
"3713",25335,15128,"Guayabetal","Cundinamarca",2006,"Congreso",NA,NA,NA,NA,1535,1706,3241,10
"3714",25335,15128,"Guayabetal","Cundinamarca",2006,"Congreso",NA,NA,NA,"TUNQUE DEL NARANJAL (TUNQUE)",72,107,179,1
"3715",25339,15130,"Gutiérrez","Cundinamarca",2006,"Congreso",NA,NA,NA,NA,1151,1191,2342,7
"3716",25312,15132,"Granada","Cundinamarca",2006,"Congreso",NA,NA,NA,NA,2061,2149,4210,13
"3717",25368,15133,"Jerusalén","Cundinamarca",2006,"Congreso",NA,NA,NA,NA,1156,1506,2662,8
"3718",25372,15136,"Junín","Cundinamarca",2006,"Congreso",NA,NA,NA,NA,1716,1615,3331,10
"3719",25372,15136,"Junín","Cundinamarca",2006,"Congreso",NA,NA,NA,"CLARAVAL",141,120,261,1
"3720",25372,15136,"Junín","Cundinamarca",2006,"Congreso",NA,NA,NA,"CHUSCALES",330,317,647,2
"3721",25372,15136,"Junín","Cundinamarca",2006,"Congreso",NA,NA,NA,"EL SALITRICO (SUEVA)",518,468,986,3
"3722",25377,15139,"La Calera","Cundinamarca",2006,"Congreso",NA,NA,NA,NA,6719,6725,13444,40
"3723",25377,15139,"La Calera","Cundinamarca",2006,"Congreso",NA,NA,NA,"MUNDONUEVO",252,260,512,2
"3724",25377,15139,"La Calera","Cundinamarca",2006,"Congreso",NA,NA,NA,"TREINTA Y SEIS",257,296,553,2
"3725",25386,15142,"La Mesa","Cundinamarca",2006,"Congreso",NA,NA,NA,NA,6955,6575,13530,40
"3726",25386,15142,"La Mesa","Cundinamarca",2006,"Congreso",NA,NA,NA,"CARCEL",0,0,0,0
"3727",25386,15142,"La Mesa","Cundinamarca",2006,"Congreso",NA,NA,NA,"LA ESPERANZA",613,747,1360,4
"3728",25386,15142,"La Mesa","Cundinamarca",2006,"Congreso",NA,NA,NA,"SAN JOAQUIN",743,877,1620,5
"3729",25386,15142,"La Mesa","Cundinamarca",2006,"Congreso",NA,NA,NA,"SAN JAVIER",374,429,803,3
"3730",25394,15145,"La Palma","Cundinamarca",2006,"Congreso",NA,NA,NA,NA,3568,3736,7304,22
"3731",25394,15145,"La Palma","Cundinamarca",2006,"Congreso",NA,NA,NA,"MINIPI QUIJANO",239,272,511,2
"3732",25394,15145,"La Palma","Cundinamarca",2006,"Congreso",NA,NA,NA,"MURCA",364,450,814,3
"3733",25394,15145,"La Palma","Cundinamarca",2006,"Congreso",NA,NA,NA,"LA HOYA DE TUDELA",106,165,271,1
"3734",25398,15148,"La Peña","Cundinamarca",2006,"Congreso",NA,NA,NA,NA,2122,2790,4912,15
"3735",25402,15151,"La Vega","Cundinamarca",2006,"Congreso",NA,NA,NA,NA,4248,4512,8760,26
"3736",25402,15151,"La Vega","Cundinamarca",2006,"Congreso",NA,NA,NA,"EL VINO",232,237,469,2
"3737",25407,15154,"Lenguazaque","Cundinamarca",2006,"Congreso",NA,NA,NA,NA,2633,2920,5553,17
"3738",25426,15157,"Machetá","Cundinamarca",2006,"Congreso",NA,NA,NA,NA,2601,2901,5502,16
"3739",25430,15160,"Madrid","Cundinamarca",2006,"Congreso",NA,NA,NA,"COLISEO CUBIERTO MPAL.",3386,3729,7115,21
"3740",25430,15160,"Madrid","Cundinamarca",2006,"Congreso",NA,NA,NA,"ESC. EDUARDO CARRANZA",1491,990,2481,8
"3741",25430,15160,"Madrid","Cundinamarca",2006,"Congreso",NA,NA,NA,"COL. DEPTAL. SERREZUELA",2121,1963,4084,12
"3742",25430,15160,"Madrid","Cundinamarca",2006,"Congreso",NA,NA,NA,"COL. TECNOLOGICO DE MADRID",2397,2322,4719,14
"3743",25430,15160,"Madrid","Cundinamarca",2006,"Congreso",NA,NA,NA,"PUESTO CENSO",8356,7109,15465,20
"3744",25430,15160,"Madrid","Cundinamarca",2006,"Congreso",NA,NA,NA,"CARCEL",1,3,4,1
"3745",25430,15160,"Madrid","Cundinamarca",2006,"Congreso",NA,NA,NA,"PUENTE DE PIEDRA",809,864,1673,5
"3746",25436,15163,"Manta","Cundinamarca",2006,"Congreso",NA,NA,NA,NA,1751,1810,3561,11
"3747",25436,15163,"Manta","Cundinamarca",2006,"Congreso",NA,NA,NA,"SAN CARLOS",110,91,201,1
"3748",25438,15166,"Medina","Cundinamarca",2006,"Congreso",NA,NA,NA,NA,2092,2368,4460,13
"3749",25438,15166,"Medina","Cundinamarca",2006,"Congreso",NA,NA,NA,"EL ARENAL",89,107,196,1
"3750",25438,15166,"Medina","Cundinamarca",2006,"Congreso",NA,NA,NA,"LA ESMERALDA",43,54,97,1
"3751",25438,15166,"Medina","Cundinamarca",2006,"Congreso",NA,NA,NA,"GAZATAVENA",123,141,264,1
"3752",25438,15166,"Medina","Cundinamarca",2006,"Congreso",NA,NA,NA,"LOS ALPES",187,250,437,2
"3753",25438,15166,"Medina","Cundinamarca",2006,"Congreso",NA,NA,NA,"LA MESA DE LOS REYES",90,147,237,1
"3754",25438,15166,"Medina","Cundinamarca",2006,"Congreso",NA,NA,NA,"SAN FRANCISCO DE GAZADUJE",206,306,512,2
"3755",25438,15166,"Medina","Cundinamarca",2006,"Congreso",NA,NA,NA,"SAN PEDRO DE GUAJARAY",80,130,210,1
"3756",25438,15166,"Medina","Cundinamarca",2006,"Congreso",NA,NA,NA,"SANTA TERESITA",95,130,225,1
"3757",25473,15169,"Mosquera","Cundinamarca",2006,"Congreso",NA,NA,NA,NA,10175,9255,19430,57
"3758",25473,15169,"Mosquera","Cundinamarca",2006,"Congreso",NA,NA,NA,"EL DIAMANTE",1919,1894,3813,12
"3759",25473,15169,"Mosquera","Cundinamarca",2006,"Congreso",NA,NA,NA,"PORVENIR (PRIMER SECTOR)",818,682,1500,5
"3760",25483,15172,"Nariño","Cundinamarca",2006,"Congreso",NA,NA,NA,NA,1056,1235,2291,7
"3761",25486,15175,"Nemocón","Cundinamarca",2006,"Congreso",NA,NA,NA,NA,3426,3485,6911,21
"3762",25488,15178,"Nilo","Cundinamarca",2006,"Congreso",NA,NA,NA,NA,1372,1585,2957,9
"3763",25488,15178,"Nilo","Cundinamarca",2006,"Congreso",NA,NA,NA,"PUEBLO NUEVO",375,489,864,3
"3764",25488,15178,"Nilo","Cundinamarca",2006,"Congreso",NA,NA,NA,"LA ESMERALDA",353,380,733,3
"3765",25489,15181,"Nimaima","Cundinamarca",2006,"Congreso",NA,NA,NA,NA,753,836,1589,5
"3766",25489,15181,"Nimaima","Cundinamarca",2006,"Congreso",NA,NA,NA,"TOBIA",429,485,914,3
"3767",25489,15181,"Nimaima","Cundinamarca",2006,"Congreso",NA,NA,NA,"EL CERRO",81,121,202,1
"3768",25491,15184,"Nocaima","Cundinamarca",2006,"Congreso",NA,NA,NA,NA,2007,2245,4252,13
"3769",25513,15190,"Pacho","Cundinamarca",2006,"Congreso",NA,NA,NA,NA,8786,8504,17290,51
"3770",25513,15190,"Pacho","Cundinamarca",2006,"Congreso",NA,NA,NA,"CARCEL",0,7,7,1
"3771",25513,15190,"Pacho","Cundinamarca",2006,"Congreso",NA,NA,NA,"PASUNCHA",504,590,1094,4
"3772",25518,15193,"Paime","Cundinamarca",2006,"Congreso",NA,NA,NA,NA,1019,1191,2210,7
"3773",25518,15193,"Paime","Cundinamarca",2006,"Congreso",NA,NA,NA,"CUATRO CAMINOS",237,276,513,2
"3774",25518,15193,"Paime","Cundinamarca",2006,"Congreso",NA,NA,NA,"EL PLOMO (EL PARAISO)",60,93,153,1
"3775",25518,15193,"Paime","Cundinamarca",2006,"Congreso",NA,NA,NA,"TUDELA",598,658,1256,4
"3776",25518,15193,"Paime","Cundinamarca",2006,"Congreso",NA,NA,NA,"VENECIA",107,136,243,1
"3777",25524,15196,"Pandi","Cundinamarca",2006,"Congreso",NA,NA,NA,NA,1542,1797,3339,10
"3778",25530,15198,"Paratebueno","Cundinamarca",2006,"Congreso",NA,NA,NA,NA,1482,1776,3258,10
"3779",25530,15198,"Paratebueno","Cundinamarca",2006,"Congreso",NA,NA,NA,"EL ENGA/O",84,140,224,1
"3780",25530,15198,"Paratebueno","Cundinamarca",2006,"Congreso",NA,NA,NA,"GUAICARAMO",22,36,58,1
"3781",25530,15198,"Paratebueno","Cundinamarca",2006,"Congreso",NA,NA,NA,"MAYA",444,575,1019,3
"3782",25530,15198,"Paratebueno","Cundinamarca",2006,"Congreso",NA,NA,NA,"SANTA CECILIA",194,228,422,2
"3783",25530,15198,"Paratebueno","Cundinamarca",2006,"Congreso",NA,NA,NA,"VILLA PACHELLY",109,181,290,1
"3784",25535,15199,"Pasca","Cundinamarca",2006,"Congreso",NA,NA,NA,NA,2642,3145,5787,17
"3785",25572,15202,"Puerto Salgar","Cundinamarca",2006,"Congreso",NA,NA,NA,NA,4616,4259,8875,26
"3786",25572,15202,"Puerto Salgar","Cundinamarca",2006,"Congreso",NA,NA,NA,"COLORADOS",183,245,428,2
"3787",25572,15202,"Puerto Salgar","Cundinamarca",2006,"Congreso",NA,NA,NA,"EL GUAYABO",173,326,499,2
"3788",25572,15202,"Puerto Salgar","Cundinamarca",2006,"Congreso",NA,NA,NA,"PUERTO LIBRE",312,325,637,2
"3789",25580,15205,"Pulí","Cundinamarca",2006,"Congreso",NA,NA,NA,NA,699,890,1589,5
"3790",25580,15205,"Pulí","Cundinamarca",2006,"Congreso",NA,NA,NA,"VALPARAISO",68,122,190,1
"3791",25580,15205,"Pulí","Cundinamarca",2006,"Congreso",NA,NA,NA,"PALESTINA",118,162,280,1
"3792",25592,15208,"Quebradanegra","Cundinamarca",2006,"Congreso",NA,NA,NA,NA,566,629,1195,4
"3793",25592,15208,"Quebradanegra","Cundinamarca",2006,"Congreso",NA,NA,NA,"LA MAGDALENA",653,777,1430,5
"3794",25592,15208,"Quebradanegra","Cundinamarca",2006,"Congreso",NA,NA,NA,"SAN CARLOS",281,370,651,2
"3795",25592,15208,"Quebradanegra","Cundinamarca",2006,"Congreso",NA,NA,NA,"TOBIA",115,132,247,1
"3796",25594,15211,"Quetame","Cundinamarca",2006,"Congreso",NA,NA,NA,NA,1036,1162,2198,7
"3797",25594,15211,"Quetame","Cundinamarca",2006,"Congreso",NA,NA,NA,"PUENTE QUETAME (PUENTE CLAVIJ",993,1036,2029,6
"3798",25596,15214,"Quipile","Cundinamarca",2006,"Congreso",NA,NA,NA,NA,1358,1662,3020,9
"3799",25596,15214,"Quipile","Cundinamarca",2006,"Congreso",NA,NA,NA,"LA SIERRA",352,400,752,3
"3800",25596,15214,"Quipile","Cundinamarca",2006,"Congreso",NA,NA,NA,"LA VIRGEN",379,522,901,3
"3801",25596,15214,"Quipile","Cundinamarca",2006,"Congreso",NA,NA,NA,"LA BOTICA",330,423,753,3
"3802",25596,15214,"Quipile","Cundinamarca",2006,"Congreso",NA,NA,NA,"SANTA MARTA",160,237,397,2
"3803",25599,15217,"Apulo","Cundinamarca",2006,"Congreso",NA,NA,NA,NA,2716,2999,5715,17
"3804",25612,15218,"Ricaurte","Cundinamarca",2006,"Congreso",NA,NA,NA,NA,3470,3619,7089,21
"3805",25612,15218,"Ricaurte","Cundinamarca",2006,"Congreso",NA,NA,NA,"MANUEL SUR",204,256,460,2
"3806",25645,15220,"San Antonio del Tequendama","Cundinamarca",2006,"Congreso",NA,NA,NA,NA,2051,2267,4318,13
"3807",25645,15220,"San Antonio del Tequendama","Cundinamarca",2006,"Congreso",NA,NA,NA,"SANTANDERCITO",1481,1641,3122,10
"3808",25649,15223,"San Bernardo","Cundinamarca",2006,"Congreso",NA,NA,NA,NA,2992,3360,6352,19
"3809",25649,15223,"San Bernardo","Cundinamarca",2006,"Congreso",NA,NA,NA,"PORTONES",145,191,336,1
"3810",25653,15226,"San Cayetano","Cundinamarca",2006,"Congreso",NA,NA,NA,NA,743,841,1584,5
"3811",25653,15226,"San Cayetano","Cundinamarca",2006,"Congreso",NA,NA,NA,"CAMANCHA",128,130,258,1
"3812",25653,15226,"San Cayetano","Cundinamarca",2006,"Congreso",NA,NA,NA,"CUIBUCO",170,216,386,2
"3813",25653,15226,"San Cayetano","Cundinamarca",2006,"Congreso",NA,NA,NA,"LAGUNA VERDE",107,141,248,1
"3814",25653,15226,"San Cayetano","Cundinamarca",2006,"Congreso",NA,NA,NA,"LAS MERCEDES",353,415,768,3
"3815",25653,15226,"San Cayetano","Cundinamarca",2006,"Congreso",NA,NA,NA,"PINIPAY",143,183,326,1
"3816",25653,15226,"San Cayetano","Cundinamarca",2006,"Congreso",NA,NA,NA,"REMANSO",78,99,177,1
"3817",25658,15229,"San Francisco","Cundinamarca",2006,"Congreso",NA,NA,NA,NA,2869,2990,5859,18
"3818",25658,15229,"San Francisco","Cundinamarca",2006,"Congreso",NA,NA,NA,"LA MAGOLA",34,36,70,1
"3819",25662,15232,"San Juan de Río Seco","Cundinamarca",2006,"Congreso",NA,NA,NA,NA,3150,3500,6650,20
"3820",25662,15232,"San Juan de Río Seco","Cundinamarca",2006,"Congreso",NA,NA,NA,"CAMBAO",551,584,1135,4
"3821",25662,15232,"San Juan de Río Seco","Cundinamarca",2006,"Congreso",NA,NA,NA,"SAN NICOLAS",204,227,431,2
"3822",25718,15235,"Sasaima","Cundinamarca",2006,"Congreso",NA,NA,NA,NA,3027,3125,6152,18
"3823",25718,15235,"Sasaima","Cundinamarca",2006,"Congreso",NA,NA,NA,"LA VICTORIA",383,431,814,3
"3824",25736,15238,"Sesquilé","Cundinamarca",2006,"Congreso",NA,NA,NA,NA,2903,2852,5755,17
"3825",25736,15238,"Sesquilé","Cundinamarca",2006,"Congreso",NA,NA,NA,"CARCEL MUNICIPAL",0,0,0,0
"3826",25740,15239,"Sibaté","Cundinamarca",2006,"Congreso",NA,NA,NA,NA,8849,8323,17172,50
"3827",25743,15241,"Silvania","Cundinamarca",2006,"Congreso",NA,NA,NA,NA,5010,5229,10239,30
"3828",25743,15241,"Silvania","Cundinamarca",2006,"Congreso",NA,NA,NA,"AGUA BONITA",388,430,818,3
"3829",25743,15241,"Silvania","Cundinamarca",2006,"Congreso",NA,NA,NA,"SUBIA",892,1011,1903,6
"3830",25745,15244,"Simijaca","Cundinamarca",2006,"Congreso",NA,NA,NA,NA,3272,3076,6348,19
"3831",25745,15244,"Simijaca","Cundinamarca",2006,"Congreso",NA,NA,NA,"EL SALITRE",73,65,138,1
"3832",25754,15247,"Soacha","Cundinamarca",2006,"Congreso",NA,NA,NA,"INST.EDUC.STA ANA SED ANT. NA",3117,3278,6395,19
"3833",25754,15247,"Soacha","Cundinamarca",2006,"Congreso",NA,NA,NA,"COL.DEP.NACIONALIZADO COMPART",5703,3322,9025,27
"3834",25754,15247,"Soacha","Cundinamarca",2006,"Congreso",NA,NA,NA,"COL. BASICO CIUDAD LATINA",2360,1859,4219,13
"3835",25754,15247,"Soacha","Cundinamarca",2006,"Congreso",NA,NA,NA,"PARQUE PPAL. QUINTA STA. ANA",730,553,1283,4
"3836",25754,15247,"Soacha","Cundinamarca",2006,"Congreso",NA,NA,NA,"CONC. ESC. SAN NICOLAS",819,687,1506,5
"3837",25754,15247,"Soacha","Cundinamarca",2006,"Congreso",NA,NA,NA,"INST.EDUC.COMPARTIR PRIMARIA",3149,2771,5920,18
"3838",25754,15247,"Soacha","Cundinamarca",2006,"Congreso",NA,NA,NA,"COL. BASICO GENERAL SANTANDER",8915,4738,13653,40
"3839",25754,15247,"Soacha","Cundinamarca",2006,"Congreso",NA,NA,NA,"COL. DEPTAL. EUGENIO DIAZ C",2990,3927,6917,21
"3840",25754,15247,"Soacha","Cundinamarca",2006,"Congreso",NA,NA,NA,"COLISEO GRAL. SANTANDER",3735,3358,7093,21
"3841",25754,15247,"Soacha","Cundinamarca",2006,"Congreso",NA,NA,NA,"CONC. CAMILO TORRES",2884,4401,7285,22
"3842",25754,15247,"Soacha","Cundinamarca",2006,"Congreso",NA,NA,NA,"POLIDEP.BARRIO CIUDAD SATELIT",886,2567,3453,11
"3843",25754,15247,"Soacha","Cundinamarca",2006,"Congreso",NA,NA,NA,"COL DPTAL LA DESPENSA",3153,2892,6045,18
"3844",25754,15247,"Soacha","Cundinamarca",2006,"Congreso",NA,NA,NA,"COL. DEPTAL INTEGRADO LEON XI",5479,4700,10179,30
"3845",25754,15247,"Soacha","Cundinamarca",2006,"Congreso",NA,NA,NA,"POLDEPORTIVO QUINTANARES",1350,1194,2544,8
"3846",25754,15247,"Soacha","Cundinamarca",2006,"Congreso",NA,NA,NA,"SALON COMUN. CTO STA MA RINCO",570,479,1049,4
"3847",25754,15247,"Soacha","Cundinamarca",2006,"Congreso",NA,NA,NA,"COL. BASICO EL BOSQUE",2993,2260,5253,16
"3848",25754,15247,"Soacha","Cundinamarca",2006,"Congreso",NA,NA,NA,"COL. MPAL SAN MATEO",6621,4860,11481,34
"3849",25754,15247,"Soacha","Cundinamarca",2006,"Congreso",NA,NA,NA,"UNIDAD BASICA PABLO VI",1031,797,1828,6
"3850",25754,15247,"Soacha","Cundinamarca",2006,"Congreso",NA,NA,NA,"POLIDEPORTIVO PARQUE EL SOL",5705,2950,8655,26
"3851",25754,15247,"Soacha","Cundinamarca",2006,"Congreso",NA,NA,NA,"COL. FRANCISCO DE PAULA S.",4492,3618,8110,24
"3852",25754,15247,"Soacha","Cundinamarca",2006,"Congreso",NA,NA,NA,"CONC. MARISCAL SUCRE",1313,1154,2467,8
"3853",25754,15247,"Soacha","Cundinamarca",2006,"Congreso",NA,NA,NA,"ESC.PANAM.ANEXA A LAS VILLAS",1108,880,1988,6
"3854",25754,15247,"Soacha","Cundinamarca",2006,"Congreso",NA,NA,NA,"COL. LUIS CARLOS GALAN",2205,1667,3872,12
"3855",25754,15247,"Soacha","Cundinamarca",2006,"Congreso",NA,NA,NA,"COL.DEPTAL CIUDADELA SUCRE",3055,2662,5717,17
"3856",25754,15247,"Soacha","Cundinamarca",2006,"Congreso",NA,NA,NA,"ESCUELA BARRIO LA ISLA",1307,1160,2467,8
"3857",25754,15247,"Soacha","Cundinamarca",2006,"Congreso",NA,NA,NA,"SALON COMUNAL JULIO RINCON",1435,1092,2527,8
"3858",25754,15247,"Soacha","Cundinamarca",2006,"Congreso",NA,NA,NA,"PUESTO CENSO",6829,5569,12398,16
"3859",25754,15247,"Soacha","Cundinamarca",2006,"Congreso",NA,NA,NA,"EL CHARQUITO",360,391,751,3
"3860",25754,15247,"Soacha","Cundinamarca",2006,"Congreso",NA,NA,NA,"LA HUNGRIA",286,313,599,2
"3861",25758,15250,"Sopó","Cundinamarca",2006,"Congreso",NA,NA,NA,NA,4834,4518,9352,28
"3862",25758,15250,"Sopó","Cundinamarca",2006,"Congreso",NA,NA,NA,"BRICE/O",381,410,791,3
"3863",25769,15256,"Subachoque","Cundinamarca",2006,"Congreso",NA,NA,NA,NA,3629,3671,7300,22
"3864",25769,15256,"Subachoque","Cundinamarca",2006,"Congreso",NA,NA,NA,"LA PRADERA",323,400,723,3
"3865",25769,15256,"Subachoque","Cundinamarca",2006,"Congreso",NA,NA,NA,"EL GUAMAL",153,166,319,1
"3866",25772,15259,"Suesca","Cundinamarca",2006,"Congreso",NA,NA,NA,NA,3287,3082,6369,19
"3867",25772,15259,"Suesca","Cundinamarca",2006,"Congreso",NA,NA,NA,"HATO GRANDE",234,276,510,2
"3868",25772,15259,"Suesca","Cundinamarca",2006,"Congreso",NA,NA,NA,"SANTA ROSITA",162,191,353,2
"3869",25777,15262,"Supatá","Cundinamarca",2006,"Congreso",NA,NA,NA,NA,1830,1977,3807,12
"3870",25779,15265,"Susa","Cundinamarca",2006,"Congreso",NA,NA,NA,NA,2101,2172,4273,13
"3871",25781,15268,"Sutatausa","Cundinamarca",2006,"Congreso",NA,NA,NA,NA,1299,1390,2689,8
"3872",25781,15268,"Sutatausa","Cundinamarca",2006,"Congreso",NA,NA,NA,"LAS PE/AS",173,229,402,2
"3873",25785,15271,"Tabio","Cundinamarca",2006,"Congreso",NA,NA,NA,NA,4915,4884,9799,29
"3874",25793,15274,"Tausa","Cundinamarca",2006,"Congreso",NA,NA,NA,NA,2013,2325,4338,13
"3875",25793,15274,"Tausa","Cundinamarca",2006,"Congreso",NA,NA,NA,"EL SALITRE",102,130,232,1
"3876",25793,15274,"Tausa","Cundinamarca",2006,"Congreso",NA,NA,NA,"PARAMO ALTO",72,101,173,1
"3877",25797,15277,"Tena","Cundinamarca",2006,"Congreso",NA,NA,NA,NA,1635,1746,3381,10
"3878",25797,15277,"Tena","Cundinamarca",2006,"Congreso",NA,NA,NA,"LA GRAN VIA",807,936,1743,6
"3879",25799,15280,"Tenjo","Cundinamarca",2006,"Congreso",NA,NA,NA,NA,4508,4162,8670,26
"3880",25799,15280,"Tenjo","Cundinamarca",2006,"Congreso",NA,NA,NA,"LA PUNTA",459,374,833,3
"3881",25805,15283,"Tibacuy","Cundinamarca",2006,"Congreso",NA,NA,NA,NA,796,870,1666,5
"3882",25805,15283,"Tibacuy","Cundinamarca",2006,"Congreso",NA,NA,NA,"CUMACA",474,538,1012,3
"3883",25805,15283,"Tibacuy","Cundinamarca",2006,"Congreso",NA,NA,NA,"BATEAS",237,291,528,2
"3884",25807,15286,"Tibirita","Cundinamarca",2006,"Congreso",NA,NA,NA,NA,1367,1490,2857,9
"3885",25815,15289,"Tocaima","Cundinamarca",2006,"Congreso",NA,NA,NA,NA,5774,5517,11291,33
"3886",25815,15289,"Tocaima","Cundinamarca",2006,"Congreso",NA,NA,NA,"PUBENZA",123,150,273,1
"3887",25817,15292,"Tocancipá","Cundinamarca",2006,"Congreso",NA,NA,NA,NA,7056,6924,13980,41
"3888",25823,15295,"Topaipí","Cundinamarca",2006,"Congreso",NA,NA,NA,NA,1104,1320,2424,8
"3889",25823,15295,"Topaipí","Cundinamarca",2006,"Congreso",NA,NA,NA,"SAN ANTONIO DE AGUILERA",324,413,737,3
"3890",25823,15295,"Topaipí","Cundinamarca",2006,"Congreso",NA,NA,NA,"EL NARANJAL",212,285,497,2
"3891",25839,15298,"Ubalá","Cundinamarca",2006,"Congreso",NA,NA,NA,NA,2319,2503,4822,15
"3892",25839,15298,"Ubalá","Cundinamarca",2006,"Congreso",NA,NA,NA,"LA PLAYA (MUNDO NUEVO)",98,145,243,1
"3893",25839,15298,"Ubalá","Cundinamarca",2006,"Congreso",NA,NA,NA,"LAGUNA AZUL",227,279,506,2
"3894",25839,15298,"Ubalá","Cundinamarca",2006,"Congreso",NA,NA,NA,"MAMBITA",466,617,1083,4
"3895",25839,15298,"Ubalá","Cundinamarca",2006,"Congreso",NA,NA,NA,"PE/AS BLANCAS",133,157,290,1
"3896",25839,15298,"Ubalá","Cundinamarca",2006,"Congreso",NA,NA,NA,"SAN PEDRO DE JAGUA",310,409,719,3
"3897",25839,15298,"Ubalá","Cundinamarca",2006,"Congreso",NA,NA,NA,"SANTA ROSA",219,228,447,2
"3898",25841,15301,"Ubaque","Cundinamarca",2006,"Congreso",NA,NA,NA,NA,2211,2469,4680,14
"3899",25843,15304,"Ubaté","Cundinamarca",2006,"Congreso",NA,NA,NA,NA,10783,9719,20502,60
"3900",25843,15304,"Ubaté","Cundinamarca",2006,"Congreso",NA,NA,NA,"CARCEL",6,36,42,1
"3901",25843,15304,"Ubaté","Cundinamarca",2006,"Congreso",NA,NA,NA,"GUATANCUY",320,362,682,2
"3902",25845,15307,"Une","Cundinamarca",2006,"Congreso",NA,NA,NA,NA,2497,2833,5330,16
"3903",25845,15307,"Une","Cundinamarca",2006,"Congreso",NA,NA,NA,"EL RAMAL",33,46,79,1
"3904",25851,15316,"Útica","Cundinamarca",2006,"Congreso",NA,NA,NA,NA,2084,2426,4510,14
"3905",25851,15316,"Útica","Cundinamarca",2006,"Congreso",NA,NA,NA,"CAICEDONIA (EL ENTABLE)",0,3,3,1
"3906",25506,15318,"Venecia","Cundinamarca",2006,"Congreso",NA,NA,NA,NA,1195,1385,2580,8
"3907",25506,15318,"Venecia","Cundinamarca",2006,"Congreso",NA,NA,NA,"LAS MERCEDES",38,69,107,1
"3908",25506,15318,"Venecia","Cundinamarca",2006,"Congreso",NA,NA,NA,"APOSENTOS",118,169,287,1
"3909",25862,15319,"Vergara","Cundinamarca",2006,"Congreso",NA,NA,NA,NA,2039,2386,4425,13
"3910",25862,15319,"Vergara","Cundinamarca",2006,"Congreso",NA,NA,NA,"CERINZA",67,98,165,1
"3911",25862,15319,"Vergara","Cundinamarca",2006,"Congreso",NA,NA,NA,"CORCEGA",66,86,152,1
"3912",25862,15319,"Vergara","Cundinamarca",2006,"Congreso",NA,NA,NA,"CHONTEGRANDE",270,344,614,2
"3913",25862,15319,"Vergara","Cundinamarca",2006,"Congreso",NA,NA,NA,"GUACAMAYAS",122,163,285,1
"3914",25862,15319,"Vergara","Cundinamarca",2006,"Congreso",NA,NA,NA,"LLANO GRANDE",179,206,385,2
"3915",25862,15319,"Vergara","Cundinamarca",2006,"Congreso",NA,NA,NA,"VILLA OLARTE (FLANDES)",132,181,313,1
"3916",25867,15322,"Vianí","Cundinamarca",2006,"Congreso",NA,NA,NA,NA,1470,1686,3156,10
"3917",25871,15323,"Villagómez","Cundinamarca",2006,"Congreso",NA,NA,NA,NA,710,745,1455,5
"3918",25871,15323,"Villagómez","Cundinamarca",2006,"Congreso",NA,NA,NA,"CERRO AZUL",80,91,171,1
"3919",25873,15325,"Villapinzón","Cundinamarca",2006,"Congreso",NA,NA,NA,NA,5013,5042,10055,30
"3920",25875,15328,"Villeta","Cundinamarca",2006,"Congreso",NA,NA,NA,NA,8340,8389,16729,49
"3921",25875,15328,"Villeta","Cundinamarca",2006,"Congreso",NA,NA,NA,"CARCEL MUNICIPAL",0,2,2,1
"3922",25875,15328,"Villeta","Cundinamarca",2006,"Congreso",NA,NA,NA,"BAGAZAL",228,273,501,2
"3923",25875,15328,"Villeta","Cundinamarca",2006,"Congreso",NA,NA,NA,"CHAPAIMA",124,157,281,1
"3924",25875,15328,"Villeta","Cundinamarca",2006,"Congreso",NA,NA,NA,"ILO GRANDE",65,118,183,1
"3925",25878,15331,"Viotá","Cundinamarca",2006,"Congreso",NA,NA,NA,NA,3198,3304,6502,19
"3926",25878,15331,"Viotá","Cundinamarca",2006,"Congreso",NA,NA,NA,"SAN GABRIEL",430,532,962,3
"3927",25878,15331,"Viotá","Cundinamarca",2006,"Congreso",NA,NA,NA,"BRASIL",384,485,869,3
"3928",25878,15331,"Viotá","Cundinamarca",2006,"Congreso",NA,NA,NA,"EL PI/AL",136,163,299,1
"3929",25885,15334,"Yacopí","Cundinamarca",2006,"Congreso",NA,NA,NA,NA,2642,2803,5445,16
"3930",25885,15334,"Yacopí","Cundinamarca",2006,"Congreso",NA,NA,NA,"ALSACIA",259,373,632,2
"3931",25885,15334,"Yacopí","Cundinamarca",2006,"Congreso",NA,NA,NA,"ALTO DE CA/AS",102,190,292,1
"3932",25885,15334,"Yacopí","Cundinamarca",2006,"Congreso",NA,NA,NA,"APOSENTOS",209,203,412,2
"3933",25885,15334,"Yacopí","Cundinamarca",2006,"Congreso",NA,NA,NA,"EL CHAPON (LAS LOMAS)",57,79,136,1
"3934",25885,15334,"Yacopí","Cundinamarca",2006,"Congreso",NA,NA,NA,"GUADUALITO",293,345,638,2
"3935",25885,15334,"Yacopí","Cundinamarca",2006,"Congreso",NA,NA,NA,"CABO VERDE",79,101,180,1
"3936",25885,15334,"Yacopí","Cundinamarca",2006,"Congreso",NA,NA,NA,"GUAYABALES",192,273,465,2
"3937",25885,15334,"Yacopí","Cundinamarca",2006,"Congreso",NA,NA,NA,"IBAMA",288,414,702,3
"3938",25885,15334,"Yacopí","Cundinamarca",2006,"Congreso",NA,NA,NA,"LLANO MATEO",390,562,952,3
"3939",25885,15334,"Yacopí","Cundinamarca",2006,"Congreso",NA,NA,NA,"PATEVACA",284,477,761,3
"3940",25885,15334,"Yacopí","Cundinamarca",2006,"Congreso",NA,NA,NA,"PUEBLO NUEVO",97,179,276,1
"3941",25885,15334,"Yacopí","Cundinamarca",2006,"Congreso",NA,NA,NA,"TERAN",211,361,572,2
"3942",25898,15337,"Zipacón","Cundinamarca",2006,"Congreso",NA,NA,NA,NA,1153,1220,2373,7
"3943",25898,15337,"Zipacón","Cundinamarca",2006,"Congreso",NA,NA,NA,"EL OCASO",451,477,928,3
"3944",25899,15340,"Zipaquirá","Cundinamarca",2006,"Congreso",NA,NA,NA,"LICEO INTEGRADO DE ZIPAQUIRA",5170,14035,19205,56
"3945",25899,15340,"Zipaquirá","Cundinamarca",2006,"Congreso",NA,NA,NA,"NORMAL DEPARTAMENTAL",3483,2597,6080,18
"3946",25899,15340,"Zipaquirá","Cundinamarca",2006,"Congreso",NA,NA,NA,"COLEGIO RAFAEL POMBO",1533,1379,2912,9
"3947",25899,15340,"Zipaquirá","Cundinamarca",2006,"Congreso",NA,NA,NA,"ESC. QUEVEDO Z",12986,2764,15750,46
"3948",25899,15340,"Zipaquirá","Cundinamarca",2006,"Congreso",NA,NA,NA,"PUESTO CENSO",6453,5792,12245,16
"3949",25899,15340,"Zipaquirá","Cundinamarca",2006,"Congreso",NA,NA,NA,"CARCEL",6,22,28,1
"3950",25899,15340,"Zipaquirá","Cundinamarca",2006,"Congreso",NA,NA,NA,"RIOFRIO",121,125,246,1
"3951",11001,16001,"Bogotá D.C.","Bogotá",2006,"Congreso",NA,NA,NA,"USAQUEN",15735,12590,28325,83
"3952",11001,16001,"Bogotá D.C.","Bogotá",2006,"Congreso",NA,NA,NA,"LA CITA",12709,9556,22265,65
"3953",11001,16001,"Bogotá D.C.","Bogotá",2006,"Congreso",NA,NA,NA,"LA URIBE",2924,2364,5288,16
"3954",11001,16001,"Bogotá D.C.","Bogotá",2006,"Congreso",NA,NA,NA,"EL VERBENAL II SECTOR",4944,4178,9122,27
"3955",11001,16001,"Bogotá D.C.","Bogotá",2006,"Congreso",NA,NA,NA,"LIJACA",2995,2633,5628,17
"3956",11001,16001,"Bogotá D.C.","Bogotá",2006,"Congreso",NA,NA,NA,"SAN ANTONIO",3004,2636,5640,17
"3957",11001,16001,"Bogotá D.C.","Bogotá",2006,"Congreso",NA,NA,NA,"BARRANCAS",4185,3406,7591,23
"3958",11001,16001,"Bogotá D.C.","Bogotá",2006,"Congreso",NA,NA,NA,"LAS MARGARITAS",12520,9218,21738,64
"3959",11001,16001,"Bogotá D.C.","Bogotá",2006,"Congreso",NA,NA,NA,"CEDRITOS II SECTOR",8946,6621,15567,46
"3960",11001,16001,"Bogotá D.C.","Bogotá",2006,"Congreso",NA,NA,NA,"CONTADOR",9718,7140,16858,50
"3961",11001,16001,"Bogotá D.C.","Bogotá",2006,"Congreso",NA,NA,NA,"SANTA BARBARA ORIENTAL",7224,5789,13013,38
"3962",11001,16001,"Bogotá D.C.","Bogotá",2006,"Congreso",NA,NA,NA,"UNICENTRO",22814,17941,40755,119
"3963",11001,16001,"Bogotá D.C.","Bogotá",2006,"Congreso",NA,NA,NA,"SANTA BARBARA OCCIDENTAL",4412,3871,8283,25
"3964",11001,16001,"Bogotá D.C.","Bogotá",2006,"Congreso",NA,NA,NA,"SANTA PAULA",2744,2227,4971,15
"3965",11001,16001,"Bogotá D.C.","Bogotá",2006,"Congreso",NA,NA,NA,"SANTA ANA ORIENTAL",6439,4912,11351,33
"3966",11001,16001,"Bogotá D.C.","Bogotá",2006,"Congreso",NA,NA,NA,"ALTOS DE SAN ISIDRO",863,782,1645,5
"3967",11001,16001,"Bogotá D.C.","Bogotá",2006,"Congreso",NA,NA,NA,"LAS ORQUIDEAS",5422,4506,9928,29
"3968",11001,16001,"Bogotá D.C.","Bogotá",2006,"Congreso",NA,NA,NA,"LOS CEDRITOS",4318,3305,7623,23
"3969",11001,16001,"Bogotá D.C.","Bogotá",2006,"Congreso",NA,NA,NA,"CEDRO GOLF CLUB",3149,2417,5566,17
"3970",11001,16001,"Bogotá D.C.","Bogotá",2006,"Congreso",NA,NA,NA,"BUENAVISTA",2434,1902,4336,13
"3971",11001,16001,"Bogotá D.C.","Bogotá",2006,"Congreso",NA,NA,NA,"CANAIMA",548,655,1203,4
"3972",11001,16001,"Bogotá D.C.","Bogotá",2006,"Congreso",NA,NA,NA,"CHICO NORTE",5722,7437,13159,39
"3973",11001,16001,"Bogotá D.C.","Bogotá",2006,"Congreso",NA,NA,NA,"CHICO RESERVADO",9493,3717,13210,39
"3974",11001,16001,"Bogotá D.C.","Bogotá",2006,"Congreso",NA,NA,NA,"CHICO",5197,4486,9683,29
"3975",11001,16001,"Bogotá D.C.","Bogotá",2006,"Congreso",NA,NA,NA,"ANTIGUO COUNTRY",6925,5459,12384,36
"3976",11001,16001,"Bogotá D.C.","Bogotá",2006,"Congreso",NA,NA,NA,"EL NOGAL",4304,3301,7605,23
"3977",11001,16001,"Bogotá D.C.","Bogotá",2006,"Congreso",NA,NA,NA,"EL LAGO GAITAN",1776,2050,3826,12
"3978",11001,16001,"Bogotá D.C.","Bogotá",2006,"Congreso",NA,NA,NA,"AVENIDA CHILE",4938,4003,8941,26
"3979",11001,16001,"Bogotá D.C.","Bogotá",2006,"Congreso",NA,NA,NA,"GRANADA",1085,889,1974,6
"3980",11001,16001,"Bogotá D.C.","Bogotá",2006,"Congreso",NA,NA,NA,"PARQUE LOURDES",4805,5097,9902,29
"3981",11001,16001,"Bogotá D.C.","Bogotá",2006,"Congreso",NA,NA,NA,"CHAPINERO NORTE",9818,8210,18028,53
"3982",11001,16001,"Bogotá D.C.","Bogotá",2006,"Congreso",NA,NA,NA,"BOSQUE CALDERON",2527,2511,5038,15
"3983",11001,16001,"Bogotá D.C.","Bogotá",2006,"Congreso",NA,NA,NA,"MARLY",7698,6741,14439,42
"3984",11001,16001,"Bogotá D.C.","Bogotá",2006,"Congreso",NA,NA,NA,"SAN LUIS",1312,1095,2407,7
"3985",11001,16001,"Bogotá D.C.","Bogotá",2006,"Congreso",NA,NA,NA,"CAMILO TORRES",2410,2961,5371,16
"3986",11001,16001,"Bogotá D.C.","Bogotá",2006,"Congreso",NA,NA,NA,"LA PERSEVERANCIA",2479,1651,4130,13
"3987",11001,16001,"Bogotá D.C.","Bogotá",2006,"Congreso",NA,NA,NA,"EL PLANETARIO",3117,2919,6036,18
"3988",11001,16001,"Bogotá D.C.","Bogotá",2006,"Congreso",NA,NA,NA,"REGISTRADURIA DISTRITAL",4983,7115,12098,36
"3989",11001,16001,"Bogotá D.C.","Bogotá",2006,"Congreso",NA,NA,NA,"BIBLIOTECA DIST.ANTONIO NARI/",2243,2860,5103,15
"3990",11001,16001,"Bogotá D.C.","Bogotá",2006,"Congreso",NA,NA,NA,"LOS LACHES",2404,2036,4440,13
"3991",11001,16001,"Bogotá D.C.","Bogotá",2006,"Congreso",NA,NA,NA,"CENTRO ORIENTE",1930,1476,3406,10
"3992",11001,16001,"Bogotá D.C.","Bogotá",2006,"Congreso",NA,NA,NA,"SAN BERNARDO",2497,2269,4766,14
"3993",11001,16001,"Bogotá D.C.","Bogotá",2006,"Congreso",NA,NA,NA,"LAS CRUCES",5135,4942,10077,30
"3994",11001,16001,"Bogotá D.C.","Bogotá",2006,"Congreso",NA,NA,NA,"GIRARDOT",944,818,1762,6
"3995",11001,16001,"Bogotá D.C.","Bogotá",2006,"Congreso",NA,NA,NA,"EL CONSUELO",2582,1966,4548,14
"3996",11001,16001,"Bogotá D.C.","Bogotá",2006,"Congreso",NA,NA,NA,"SANTA INES - SAN VICTORINO",1031,1631,2662,8
"3997",11001,16001,"Bogotá D.C.","Bogotá",2006,"Congreso",NA,NA,NA,"LAS AGUAS",1493,1549,3042,9
"3998",11001,16001,"Bogotá D.C.","Bogotá",2006,"Congreso",NA,NA,NA,"LAS NIEVES",2410,2763,5173,16
"3999",11001,16001,"Bogotá D.C.","Bogotá",2006,"Congreso",NA,NA,NA,"LAS BRISAS",1331,1538,2869,9
"4000",11001,16001,"Bogotá D.C.","Bogotá",2006,"Congreso",NA,NA,NA,"ANTONIO NARI/O",3857,2185,6042,18
"4001",11001,16001,"Bogotá D.C.","Bogotá",2006,"Congreso",NA,NA,NA,"SANTA ANA SUR",2992,2271,5263,16
"4002",11001,16001,"Bogotá D.C.","Bogotá",2006,"Congreso",NA,NA,NA,"SAN CRISTOBAL",5282,4352,9634,29
"4003",11001,16001,"Bogotá D.C.","Bogotá",2006,"Congreso",NA,NA,NA,"LAS MERCEDES",3119,2620,5739,17
"4004",11001,16001,"Bogotá D.C.","Bogotá",2006,"Congreso",NA,NA,NA,"SAN BLAS",3901,3110,7011,21
"4005",11001,16001,"Bogotá D.C.","Bogotá",2006,"Congreso",NA,NA,NA,"PRIMERO DE MAYO",2820,2526,5346,16
"4006",11001,16001,"Bogotá D.C.","Bogotá",2006,"Congreso",NA,NA,NA,"SOSIEGO",2993,2659,5652,17
"4007",11001,16001,"Bogotá D.C.","Bogotá",2006,"Congreso",NA,NA,NA,"20 DE JULIO B",7580,6791,14371,42
"4008",11001,16001,"Bogotá D.C.","Bogotá",2006,"Congreso",NA,NA,NA,"MONTEBELLO",5864,5112,10976,32
"4009",11001,16001,"Bogotá D.C.","Bogotá",2006,"Congreso",NA,NA,NA,"RAMAJAL",1809,1583,3392,10
"4010",11001,16001,"Bogotá D.C.","Bogotá",2006,"Congreso",NA,NA,NA,"BELLO HORIZONTE",3988,3262,7250,22
"4011",11001,16001,"Bogotá D.C.","Bogotá",2006,"Congreso",NA,NA,NA,"SAN ISIDRO",4232,3579,7811,23
"4012",11001,16001,"Bogotá D.C.","Bogotá",2006,"Congreso",NA,NA,NA,"GUACAMAYAS II SECTOR",3829,3108,6937,21
"4013",11001,16001,"Bogotá D.C.","Bogotá",2006,"Congreso",NA,NA,NA,"SAN MARTIN DE LOBA SUR",3594,3034,6628,20
"4014",11001,16001,"Bogotá D.C.","Bogotá",2006,"Congreso",NA,NA,NA,"BELLAVISTA",2899,2358,5257,16
"4015",11001,16001,"Bogotá D.C.","Bogotá",2006,"Congreso",NA,NA,NA,"LA VICTORIA",10576,9945,20521,60
"4016",11001,16001,"Bogotá D.C.","Bogotá",2006,"Congreso",NA,NA,NA,"ALTAMIRA",4910,4002,8912,26
"4017",11001,16001,"Bogotá D.C.","Bogotá",2006,"Congreso",NA,NA,NA,"EL QUINDIO",1719,1429,3148,10
"4018",11001,16001,"Bogotá D.C.","Bogotá",2006,"Congreso",NA,NA,NA,"REPUBLICA DEL CANADA",2451,1951,4402,13
"4019",11001,16001,"Bogotá D.C.","Bogotá",2006,"Congreso",NA,NA,NA,"LA GLORIA",4441,3868,8309,25
"4020",11001,16001,"Bogotá D.C.","Bogotá",2006,"Congreso",NA,NA,NA,"JUAN REY",2360,1946,4306,13
"4021",11001,16001,"Bogotá D.C.","Bogotá",2006,"Congreso",NA,NA,NA,"VILLA DE LOS ALPES",3767,2963,6730,20
"4022",11001,16001,"Bogotá D.C.","Bogotá",2006,"Congreso",NA,NA,NA,"LOS LIBERTADORES",3810,3245,7055,21
"4023",11001,16001,"Bogotá D.C.","Bogotá",2006,"Congreso",NA,NA,NA,"SAN PEDRO SUR ORIENTAL",1505,1368,2873,9
"4024",11001,16001,"Bogotá D.C.","Bogotá",2006,"Congreso",NA,NA,NA,"VILLA DEL CERRO",1218,1072,2290,7
"4025",11001,16001,"Bogotá D.C.","Bogotá",2006,"Congreso",NA,NA,NA,"CANADA GUIRA",850,742,1592,5
"4026",11001,16001,"Bogotá D.C.","Bogotá",2006,"Congreso",NA,NA,NA,"ARBOLEDA SUR",1026,914,1940,6
"4027",11001,16001,"Bogotá D.C.","Bogotá",2006,"Congreso",NA,NA,NA,"USME",2691,3102,5793,17
"4028",11001,16001,"Bogotá D.C.","Bogotá",2006,"Congreso",NA,NA,NA,"EL DESTINO",809,514,1323,4
"4029",11001,16001,"Bogotá D.C.","Bogotá",2006,"Congreso",NA,NA,NA,"MONTEBLANCO",3430,2824,6254,19
"4030",11001,16001,"Bogotá D.C.","Bogotá",2006,"Congreso",NA,NA,NA,"SANTA MARTA",2543,2194,4737,14
"4031",11001,16001,"Bogotá D.C.","Bogotá",2006,"Congreso",NA,NA,NA,"SANTA LIBRADA",7938,6550,14488,43
"4032",11001,16001,"Bogotá D.C.","Bogotá",2006,"Congreso",NA,NA,NA,"ALMIRANTE PADILLA",6766,5558,12324,36
"4033",11001,16001,"Bogotá D.C.","Bogotá",2006,"Congreso",NA,NA,NA,"USMINIA",2848,2223,5071,15
"4034",11001,16001,"Bogotá D.C.","Bogotá",2006,"Congreso",NA,NA,NA,"MARICHUELA",5135,4215,9350,28
"4035",11001,16001,"Bogotá D.C.","Bogotá",2006,"Congreso",NA,NA,NA,"LA AURORA",6456,4925,11381,34
"4036",11001,16001,"Bogotá D.C.","Bogotá",2006,"Congreso",NA,NA,NA,"BELLAVISTA",3135,2253,5388,16
"4037",11001,16001,"Bogotá D.C.","Bogotá",2006,"Congreso",NA,NA,NA,"LA FLORA",1981,1591,3572,11
"4038",11001,16001,"Bogotá D.C.","Bogotá",2006,"Congreso",NA,NA,NA,"EL HATO",194,236,430,2
"4039",11001,16001,"Bogotá D.C.","Bogotá",2006,"Congreso",NA,NA,NA,"LOS COMUNEROS",4196,3316,7512,22
"4040",11001,16001,"Bogotá D.C.","Bogotá",2006,"Congreso",NA,NA,NA,"EL VIRREY",2706,2231,4937,15
"4041",11001,16001,"Bogotá D.C.","Bogotá",2006,"Congreso",NA,NA,NA,"EL DANUBIO AZUL",2958,2363,5321,16
"4042",11001,16001,"Bogotá D.C.","Bogotá",2006,"Congreso",NA,NA,NA,"JUAN JOSE RONDON",1125,837,1962,6
"4043",11001,16001,"Bogotá D.C.","Bogotá",2006,"Congreso",NA,NA,NA,"LA FORTALEZA",1660,1403,3063,9
"4044",11001,16001,"Bogotá D.C.","Bogotá",2006,"Congreso",NA,NA,NA,"EL BOSQUE",2383,1970,4353,13
"4045",11001,16001,"Bogotá D.C.","Bogotá",2006,"Congreso",NA,NA,NA,"VILLA HERMOSA",2890,2268,5158,15
"4046",11001,16001,"Bogotá D.C.","Bogotá",2006,"Congreso",NA,NA,NA,"VALLES DE CAFAM",1058,907,1965,6
"4047",11001,16001,"Bogotá D.C.","Bogotá",2006,"Congreso",NA,NA,NA,"LA FISCALA",1329,1193,2522,8
"4048",11001,16001,"Bogotá D.C.","Bogotá",2006,"Congreso",NA,NA,NA,"TUNJUELITO",8300,7500,15800,46
"4049",11001,16001,"Bogotá D.C.","Bogotá",2006,"Congreso",NA,NA,NA,"FATIMA",6940,5827,12767,38
"4050",11001,16001,"Bogotá D.C.","Bogotá",2006,"Congreso",NA,NA,NA,"ABRAHAM LINCOLN",2996,2732,5728,17
"4051",11001,16001,"Bogotá D.C.","Bogotá",2006,"Congreso",NA,NA,NA,"SAN CARLOS",5390,4654,10044,30
"4052",11001,16001,"Bogotá D.C.","Bogotá",2006,"Congreso",NA,NA,NA,"SAN BENITO",4232,3998,8230,24
"4053",11001,16001,"Bogotá D.C.","Bogotá",2006,"Congreso",NA,NA,NA,"EL TUNAL",7877,6854,14731,43
"4054",11001,16001,"Bogotá D.C.","Bogotá",2006,"Congreso",NA,NA,NA,"EL CARMEN SUR",5228,4165,9393,28
"4055",11001,16001,"Bogotá D.C.","Bogotá",2006,"Congreso",NA,NA,NA,"SAN VICENTE FERRER",4731,4033,8764,26
"4056",11001,16001,"Bogotá D.C.","Bogotá",2006,"Congreso",NA,NA,NA,"VENECIA A",8403,7077,15480,45
"4057",11001,16001,"Bogotá D.C.","Bogotá",2006,"Congreso",NA,NA,NA,"NUEVO MUZU",3283,2727,6010,18
"4058",11001,16001,"Bogotá D.C.","Bogotá",2006,"Congreso",NA,NA,NA,"ISLA DEL SOL",2593,2179,4772,14
"4059",11001,16001,"Bogotá D.C.","Bogotá",2006,"Congreso",NA,NA,NA,"VENECIA B",1099,1068,2167,7
"4060",11001,16001,"Bogotá D.C.","Bogotá",2006,"Congreso",NA,NA,NA,"BOSA",14612,13320,27932,82
"4061",11001,16001,"Bogotá D.C.","Bogotá",2006,"Congreso",NA,NA,NA,"VILLA DEL RIO",4767,3656,8423,25
"4062",11001,16001,"Bogotá D.C.","Bogotá",2006,"Congreso",NA,NA,NA,"OLARTE",4117,3318,7435,22
"4063",11001,16001,"Bogotá D.C.","Bogotá",2006,"Congreso",NA,NA,NA,"JOSE ANTONIO GALAN",3373,2847,6220,19
"4064",11001,16001,"Bogotá D.C.","Bogotá",2006,"Congreso",NA,NA,NA,"LA AMISTAD",5303,4193,9496,28
"4065",11001,16001,"Bogotá D.C.","Bogotá",2006,"Congreso",NA,NA,NA,"CARLOS ALBAN",7623,6178,13801,41
"4066",11001,16001,"Bogotá D.C.","Bogotá",2006,"Congreso",NA,NA,NA,"LA LIBERTAD",11602,9333,20935,61
"4067",11001,16001,"Bogotá D.C.","Bogotá",2006,"Congreso",NA,NA,NA,"PIAMONTE",7983,6388,14371,42
"4068",11001,16001,"Bogotá D.C.","Bogotá",2006,"Congreso",NA,NA,NA,"LA ESTACION",6558,5745,12303,36
"4069",11001,16001,"Bogotá D.C.","Bogotá",2006,"Congreso",NA,NA,NA,"LAURELES",4337,3354,7691,23
"4070",11001,16001,"Bogotá D.C.","Bogotá",2006,"Congreso",NA,NA,NA,"PALESTINA",2803,2190,4993,15
"4071",11001,16001,"Bogotá D.C.","Bogotá",2006,"Congreso",NA,NA,NA,"BOSALINDA",5537,4547,10084,30
"4072",11001,16001,"Bogotá D.C.","Bogotá",2006,"Congreso",NA,NA,NA,"PAULO VI",4669,3737,8406,25
"4073",11001,16001,"Bogotá D.C.","Bogotá",2006,"Congreso",NA,NA,NA,"BRASILIA",4257,3393,7650,23
"4074",11001,16001,"Bogotá D.C.","Bogotá",2006,"Congreso",NA,NA,NA,"ISLANDIA",1198,1049,2247,7
"4075",11001,16001,"Bogotá D.C.","Bogotá",2006,"Congreso",NA,NA,NA,"JIMENEZ DE QUESADA",2306,1952,4258,13
"4076",11001,16001,"Bogotá D.C.","Bogotá",2006,"Congreso",NA,NA,NA,"SAN BERNARDINO",1962,1417,3379,10
"4077",11001,16001,"Bogotá D.C.","Bogotá",2006,"Congreso",NA,NA,NA,"SAN JOSE",1924,1566,3490,11
"4078",11001,16001,"Bogotá D.C.","Bogotá",2006,"Congreso",NA,NA,NA,"SURBANA",772,618,1390,5
"4079",11001,16001,"Bogotá D.C.","Bogotá",2006,"Congreso",NA,NA,NA,"NUEVO CHILE",1560,1333,2893,9
"4080",11001,16001,"Bogotá D.C.","Bogotá",2006,"Congreso",NA,NA,NA,"SANTA FE DE BOSA",1333,1227,2560,8
"4081",11001,16001,"Bogotá D.C.","Bogotá",2006,"Congreso",NA,NA,NA,"EL PORVENIR",1005,813,1818,6
"4082",11001,16001,"Bogotá D.C.","Bogotá",2006,"Congreso",NA,NA,NA,"EL RECREO",985,751,1736,6
"4083",11001,16001,"Bogotá D.C.","Bogotá",2006,"Congreso",NA,NA,NA,"CLASS",4785,4659,9444,28
"4084",11001,16001,"Bogotá D.C.","Bogotá",2006,"Congreso",NA,NA,NA,"ROMA",11099,8610,19709,58
"4085",11001,16001,"Bogotá D.C.","Bogotá",2006,"Congreso",NA,NA,NA,"PERPETUO SOCORRO",4426,3586,8012,24
"4086",11001,16001,"Bogotá D.C.","Bogotá",2006,"Congreso",NA,NA,NA,"CATALINA",3433,2880,6313,19
"4087",11001,16001,"Bogotá D.C.","Bogotá",2006,"Congreso",NA,NA,NA,"CASABLANCA 32",8261,6678,14939,44
"4088",11001,16001,"Bogotá D.C.","Bogotá",2006,"Congreso",NA,NA,NA,"BRITALIA",5972,5122,11094,33
"4089",11001,16001,"Bogotá D.C.","Bogotá",2006,"Congreso",NA,NA,NA,"GRAN COLOMBIANO",5013,4328,9341,28
"4090",11001,16001,"Bogotá D.C.","Bogotá",2006,"Congreso",NA,NA,NA,"LOS PERIODISTAS",2179,2059,4238,13
"4091",11001,16001,"Bogotá D.C.","Bogotá",2006,"Congreso",NA,NA,NA,"AVENIDA BOYACA SUR",3867,3221,7088,21
"4092",11001,16001,"Bogotá D.C.","Bogotá",2006,"Congreso",NA,NA,NA,"LA CHUCUA",2166,1849,4015,12
"4093",11001,16001,"Bogotá D.C.","Bogotá",2006,"Congreso",NA,NA,NA,"CARIMAGUA",3610,3071,6681,20
"4094",11001,16001,"Bogotá D.C.","Bogotá",2006,"Congreso",NA,NA,NA,"TIMIZA",3881,3170,7051,21
"4095",11001,16001,"Bogotá D.C.","Bogotá",2006,"Congreso",NA,NA,NA,"CAMILO TORRES",3508,2977,6485,19
"4096",11001,16001,"Bogotá D.C.","Bogotá",2006,"Congreso",NA,NA,NA,"SANTA MARTA DE PASTRANA",3930,3034,6964,21
"4097",11001,16001,"Bogotá D.C.","Bogotá",2006,"Congreso",NA,NA,NA,"LA MACARENA",3606,2884,6490,19
"4098",11001,16001,"Bogotá D.C.","Bogotá",2006,"Congreso",NA,NA,NA,"KENNEDY SUPER 8",8835,7715,16550,49
"4099",11001,16001,"Bogotá D.C.","Bogotá",2006,"Congreso",NA,NA,NA,"ESTADOS UNIDOS SUPER 13",5193,4276,9469,28
"4100",11001,16001,"Bogotá D.C.","Bogotá",2006,"Congreso",NA,NA,NA,"EL SAUCEDAL",3912,3721,7633,23
"4101",11001,16001,"Bogotá D.C.","Bogotá",2006,"Congreso",NA,NA,NA,"PATIO BONITO II SECTOR",6884,6450,13334,39
"4102",11001,16001,"Bogotá D.C.","Bogotá",2006,"Congreso",NA,NA,NA,"FCO. JOSE DE CALDAS",3402,2891,6293,19
"4103",11001,16001,"Bogotá D.C.","Bogotá",2006,"Congreso",NA,NA,NA,"BANDERAS",2744,2405,5149,15
"4104",11001,16001,"Bogotá D.C.","Bogotá",2006,"Congreso",NA,NA,NA,"KENNEDY - CARULLA",5751,4620,10371,31
"4105",11001,16001,"Bogotá D.C.","Bogotá",2006,"Congreso",NA,NA,NA,"KENNEDY LEY",4780,3927,8707,26
"4106",11001,16001,"Bogotá D.C.","Bogotá",2006,"Congreso",NA,NA,NA,"KENEDDY SUPER 2",3231,2637,5868,18
"4107",11001,16001,"Bogotá D.C.","Bogotá",2006,"Congreso",NA,NA,NA,"CARVAJAL I SECTOR",2144,1924,4068,12
"4108",11001,16001,"Bogotá D.C.","Bogotá",2006,"Congreso",NA,NA,NA,"FLORALIA",3779,3023,6802,20
"4109",11001,16001,"Bogotá D.C.","Bogotá",2006,"Congreso",NA,NA,NA,"CARVAJAL II SECTOR",2398,2403,4801,14
"4110",11001,16001,"Bogotá D.C.","Bogotá",2006,"Congreso",NA,NA,NA,"VILLA ADRIANA",1950,1558,3508,11
"4111",11001,16001,"Bogotá D.C.","Bogotá",2006,"Congreso",NA,NA,NA,"LAS AMERICAS",4401,3746,8147,24
"4112",11001,16001,"Bogotá D.C.","Bogotá",2006,"Congreso",NA,NA,NA,"LA FLORESTA SUR",3202,2636,5838,17
"4113",11001,16001,"Bogotá D.C.","Bogotá",2006,"Congreso",NA,NA,NA,"MARSELLA",3407,2819,6226,19
"4114",11001,16001,"Bogotá D.C.","Bogotá",2006,"Congreso",NA,NA,NA,"ALOHA",1716,1419,3135,10
"4115",11001,16001,"Bogotá D.C.","Bogotá",2006,"Congreso",NA,NA,NA,"MANDALAY",4024,3434,7458,22
"4116",11001,16001,"Bogotá D.C.","Bogotá",2006,"Congreso",NA,NA,NA,"PIO XII",2217,1791,4008,12
"4117",11001,16001,"Bogotá D.C.","Bogotá",2006,"Congreso",NA,NA,NA,"CASTILLA",9481,7904,17385,51
"4118",11001,16001,"Bogotá D.C.","Bogotá",2006,"Congreso",NA,NA,NA,"VILLANUEVA",2283,1979,4262,13
"4119",11001,16001,"Bogotá D.C.","Bogotá",2006,"Congreso",NA,NA,NA,"PATIO BONITO I SECTOR",6657,5604,12261,36
"4120",11001,16001,"Bogotá D.C.","Bogotá",2006,"Congreso",NA,NA,NA,"FAVIDI VISION DE COLOMBIA",3657,3247,6904,21
"4121",11001,16001,"Bogotá D.C.","Bogotá",2006,"Congreso",NA,NA,NA,"ALMENAR",2141,1853,3994,12
"4122",11001,16001,"Bogotá D.C.","Bogotá",2006,"Congreso",NA,NA,NA,"ALQUERIA DE LA FRAGUA",4221,3908,8129,24
"4123",11001,16001,"Bogotá D.C.","Bogotá",2006,"Congreso",NA,NA,NA,"GUADALUPE",183,287,470,2
"4124",11001,16001,"Bogotá D.C.","Bogotá",2006,"Congreso",NA,NA,NA,"BOITA",2680,2173,4853,15
"4125",11001,16001,"Bogotá D.C.","Bogotá",2006,"Congreso",NA,NA,NA,"MULTIFAMILIARES LAGO DE TIMIZ",2723,2171,4894,15
"4126",11001,16001,"Bogotá D.C.","Bogotá",2006,"Congreso",NA,NA,NA,"TINTALITO",2413,2095,4508,14
"4127",11001,16001,"Bogotá D.C.","Bogotá",2006,"Congreso",NA,NA,NA,"SANTA MARIA DE KENNEDY",2785,2319,5104,15
"4128",11001,16001,"Bogotá D.C.","Bogotá",2006,"Congreso",NA,NA,NA,"LAS PALMERAS",2429,2150,4579,14
"4129",11001,16001,"Bogotá D.C.","Bogotá",2006,"Congreso",NA,NA,NA,"SUMAPAZ",2624,2183,4807,14
"4130",11001,16001,"Bogotá D.C.","Bogotá",2006,"Congreso",NA,NA,NA,"VILLA ALSACIA",1810,1507,3317,10
"4131",11001,16001,"Bogotá D.C.","Bogotá",2006,"Congreso",NA,NA,NA,"VALLADOLID",1306,1254,2560,8
"4132",11001,16001,"Bogotá D.C.","Bogotá",2006,"Congreso",NA,NA,NA,"VILLA DE LA LOMA",1005,908,1913,6
"4133",11001,16001,"Bogotá D.C.","Bogotá",2006,"Congreso",NA,NA,NA,"TINTAL CENTRAL",2542,1995,4537,14
"4134",11001,16001,"Bogotá D.C.","Bogotá",2006,"Congreso",NA,NA,NA,"FONTIBON",18830,16853,35683,104
"4135",11001,16001,"Bogotá D.C.","Bogotá",2006,"Congreso",NA,NA,NA,"VILLEMAR",9238,2512,11750,35
"4136",11001,16001,"Bogotá D.C.","Bogotá",2006,"Congreso",NA,NA,NA,"CAPELLANIA",1783,1458,3241,10
"4137",11001,16001,"Bogotá D.C.","Bogotá",2006,"Congreso",NA,NA,NA,"BELEN",3676,3401,7077,21
"4138",11001,16001,"Bogotá D.C.","Bogotá",2006,"Congreso",NA,NA,NA,"SAN PABLO LA PERLA",2806,2481,5287,16
"4139",11001,16001,"Bogotá D.C.","Bogotá",2006,"Congreso",NA,NA,NA,"VERSALLES",6327,5758,12085,36
"4140",11001,16001,"Bogotá D.C.","Bogotá",2006,"Congreso",NA,NA,NA,"VERACRUZ",4926,4317,9243,27
"4141",11001,16001,"Bogotá D.C.","Bogotá",2006,"Congreso",NA,NA,NA,"MODELIA SUR",6575,5255,11830,35
"4142",11001,16001,"Bogotá D.C.","Bogotá",2006,"Congreso",NA,NA,NA,"CTRO EDUCATIVO SANTA CECILIA",3452,3015,6467,19
"4143",11001,16001,"Bogotá D.C.","Bogotá",2006,"Congreso",NA,NA,NA,"EL TAPETE",2204,2031,4235,13
"4144",11001,16001,"Bogotá D.C.","Bogotá",2006,"Congreso",NA,NA,NA,"CENTRO A",2022,1869,3891,12
"4145",11001,16001,"Bogotá D.C.","Bogotá",2006,"Congreso",NA,NA,NA,"LA LAGUNA",1906,1615,3521,11
"4146",11001,16001,"Bogotá D.C.","Bogotá",2006,"Congreso",NA,NA,NA,"BATAVIA",1705,1429,3134,10
"4147",11001,16001,"Bogotá D.C.","Bogotá",2006,"Congreso",NA,NA,NA,"LA GIRALDA",3319,2655,5974,18
"4148",11001,16001,"Bogotá D.C.","Bogotá",2006,"Congreso",NA,NA,NA,"PUERTA DE TEJA",1287,1077,2364,7
"4149",11001,16001,"Bogotá D.C.","Bogotá",2006,"Congreso",NA,NA,NA,"SAUZALITO CARLOS LLERAS",7334,5865,13199,39
"4150",11001,16001,"Bogotá D.C.","Bogotá",2006,"Congreso",NA,NA,NA,"LA ESPERANZA",3421,2632,6053,18
"4151",11001,16001,"Bogotá D.C.","Bogotá",2006,"Congreso",NA,NA,NA,"PUENTE GRANDE",1134,1043,2177,7
"4152",11001,16001,"Bogotá D.C.","Bogotá",2006,"Congreso",NA,NA,NA,"ZONA FRANCA",903,604,1507,5
"4153",11001,16001,"Bogotá D.C.","Bogotá",2006,"Congreso",NA,NA,NA,"BOYACA",9906,8544,18450,54
"4154",11001,16001,"Bogotá D.C.","Bogotá",2006,"Congreso",NA,NA,NA,"ENGATIVA",15448,5408,20856,61
"4155",11001,16001,"Bogotá D.C.","Bogotá",2006,"Congreso",NA,NA,NA,"NORMANDIA",7554,6250,13804,41
"4156",11001,16001,"Bogotá D.C.","Bogotá",2006,"Congreso",NA,NA,NA,"BOSQUE POPULAR",3714,2964,6678,20
"4157",11001,16001,"Bogotá D.C.","Bogotá",2006,"Congreso",NA,NA,NA,"EL GUALI",2210,1803,4013,12
"4158",11001,16001,"Bogotá D.C.","Bogotá",2006,"Congreso",NA,NA,NA,"EL LUJAN",4575,3719,8294,25
"4159",11001,16001,"Bogotá D.C.","Bogotá",2006,"Congreso",NA,NA,NA,"VILLA LUZ",7659,5996,13655,40
"4160",11001,16001,"Bogotá D.C.","Bogotá",2006,"Congreso",NA,NA,NA,"LOS ALAMOS",2960,2539,5499,16
"4161",11001,16001,"Bogotá D.C.","Bogotá",2006,"Congreso",NA,NA,NA,"VILLA AMALIA",3491,2806,6297,19
"4162",11001,16001,"Bogotá D.C.","Bogotá",2006,"Congreso",NA,NA,NA,"VILLAS DE GRANADA",8223,6769,14992,44
"4163",11001,16001,"Bogotá D.C.","Bogotá",2006,"Congreso",NA,NA,NA,"GARCES NAVAS",6137,4698,10835,32
"4164",11001,16001,"Bogotá D.C.","Bogotá",2006,"Congreso",NA,NA,NA,"BOCHICA",5697,4453,10150,30
"4165",11001,16001,"Bogotá D.C.","Bogotá",2006,"Congreso",NA,NA,NA,"LOS ALAMOS NORTE",6493,5575,12068,36
"4166",11001,16001,"Bogotá D.C.","Bogotá",2006,"Congreso",NA,NA,NA,"LA SALINA",2281,1839,4120,12
"4167",11001,16001,"Bogotá D.C.","Bogotá",2006,"Congreso",NA,NA,NA,"LA FLORIDA",4309,4187,8496,25
"4168",11001,16001,"Bogotá D.C.","Bogotá",2006,"Congreso",NA,NA,NA,"SANTA HELENITA",5759,4671,10430,31
"4169",11001,16001,"Bogotá D.C.","Bogotá",2006,"Congreso",NA,NA,NA,"LA EUROPA",2684,2262,4946,15
"4170",11001,16001,"Bogotá D.C.","Bogotá",2006,"Congreso",NA,NA,NA,"LA ESTRADA",5390,4493,9883,29
"4171",11001,16001,"Bogotá D.C.","Bogotá",2006,"Congreso",NA,NA,NA,"LA ESTRADITA",4293,3764,8057,24
"4172",11001,16001,"Bogotá D.C.","Bogotá",2006,"Congreso",NA,NA,NA,"LAS FERIAS",5805,5212,11017,33
"4173",11001,16001,"Bogotá D.C.","Bogotá",2006,"Congreso",NA,NA,NA,"BONANZA",6718,6117,12835,38
"4174",11001,16001,"Bogotá D.C.","Bogotá",2006,"Congreso",NA,NA,NA,"STA. MARIA DEL LAGO",3289,2740,6029,18
"4175",11001,16001,"Bogotá D.C.","Bogotá",2006,"Congreso",NA,NA,NA,"LA GRANJA",3761,3305,7066,21
"4176",11001,16001,"Bogotá D.C.","Bogotá",2006,"Congreso",NA,NA,NA,"FLORENCIA",2239,1854,4093,12
"4177",11001,16001,"Bogotá D.C.","Bogotá",2006,"Congreso",NA,NA,NA,"SANTA ROSITA",4289,3662,7951,24
"4178",11001,16001,"Bogotá D.C.","Bogotá",2006,"Congreso",NA,NA,NA,"QUIRIGUA",10791,8813,19604,57
"4179",11001,16001,"Bogotá D.C.","Bogotá",2006,"Congreso",NA,NA,NA,"LA ESPA/OLA",3204,2350,5554,17
"4180",11001,16001,"Bogotá D.C.","Bogotá",2006,"Congreso",NA,NA,NA,"MINUTO DE DIOS",5666,4705,10371,31
"4181",11001,16001,"Bogotá D.C.","Bogotá",2006,"Congreso",NA,NA,NA,"LA SERENA",3005,2515,5520,17
"4182",11001,16001,"Bogotá D.C.","Bogotá",2006,"Congreso",NA,NA,NA,"BACHUE",5969,4432,10401,31
"4183",11001,16001,"Bogotá D.C.","Bogotá",2006,"Congreso",NA,NA,NA,"QUIRIGUA (PLAZA DE MERCADO)",3569,3107,6676,20
"4184",11001,16001,"Bogotá D.C.","Bogotá",2006,"Congreso",NA,NA,NA,"BACHUE II - BOCHICA I",2792,2264,5056,15
"4185",11001,16001,"Bogotá D.C.","Bogotá",2006,"Congreso",NA,NA,NA,"VILLA GLADYS",3202,2831,6033,18
"4186",11001,16001,"Bogotá D.C.","Bogotá",2006,"Congreso",NA,NA,NA,"EL CORTIJO",4873,4103,8976,27
"4187",11001,16001,"Bogotá D.C.","Bogotá",2006,"Congreso",NA,NA,NA,"SAN MARCOS",4551,3979,8530,25
"4188",11001,16001,"Bogotá D.C.","Bogotá",2006,"Congreso",NA,NA,NA,"SAN IGNACIO",909,873,1782,6
"4189",11001,16001,"Bogotá D.C.","Bogotá",2006,"Congreso",NA,NA,NA,"TABORA",3171,2711,5882,18
"4190",11001,16001,"Bogotá D.C.","Bogotá",2006,"Congreso",NA,NA,NA,"EL MORISCO",1288,1270,2558,8
"4191",11001,16001,"Bogotá D.C.","Bogotá",2006,"Congreso",NA,NA,NA,"LOS CEREZOS",1902,1811,3713,11
"4192",11001,16001,"Bogotá D.C.","Bogotá",2006,"Congreso",NA,NA,NA,"CIUDADELA COLSUDSIDIO",4831,3831,8662,26
"4193",11001,16001,"Bogotá D.C.","Bogotá",2006,"Congreso",NA,NA,NA,"FERIAS II",1028,986,2014,6
"4194",11001,16001,"Bogotá D.C.","Bogotá",2006,"Congreso",NA,NA,NA,"BOLIVIA",4529,3598,8127,24
"4195",11001,16001,"Bogotá D.C.","Bogotá",2006,"Congreso",NA,NA,NA,"EL MUELLE",2537,2436,4973,15
"4196",11001,16001,"Bogotá D.C.","Bogotá",2006,"Congreso",NA,NA,NA,"LA CABA/A",1221,1133,2354,7
"4197",11001,16001,"Bogotá D.C.","Bogotá",2006,"Congreso",NA,NA,NA,"TISQUESUSA",794,639,1433,5
"4198",11001,16001,"Bogotá D.C.","Bogotá",2006,"Congreso",NA,NA,NA,"SANTA CECILIA",1316,1091,2407,7
"4199",11001,16001,"Bogotá D.C.","Bogotá",2006,"Congreso",NA,NA,NA,"PLAZUELAS DEL VIRREY",1848,1463,3311,10
"4200",11001,16001,"Bogotá D.C.","Bogotá",2006,"Congreso",NA,NA,NA,"LAS MERCEDES",1415,1144,2559,8
"4201",11001,16001,"Bogotá D.C.","Bogotá",2006,"Congreso",NA,NA,NA,"CIUDAD DE HONDA",740,639,1379,5
"4202",11001,16001,"Bogotá D.C.","Bogotá",2006,"Congreso",NA,NA,NA,"ZARZAMORA",2785,2203,4988,15
"4203",11001,16001,"Bogotá D.C.","Bogotá",2006,"Congreso",NA,NA,NA,"VILLA CONSTANZA",746,645,1391,5
"4204",11001,16001,"Bogotá D.C.","Bogotá",2006,"Congreso",NA,NA,NA,"EL PALMAR",1868,1675,3543,11
"4205",11001,16001,"Bogotá D.C.","Bogotá",2006,"Congreso",NA,NA,NA,"SUBA",18706,15395,34101,100
"4206",11001,16001,"Bogotá D.C.","Bogotá",2006,"Congreso",NA,NA,NA,"AFIDRO LAS PALMAS",8555,7257,15812,46
"4207",11001,16001,"Bogotá D.C.","Bogotá",2006,"Congreso",NA,NA,NA,"EL RUBI",5278,5037,10315,30
"4208",11001,16001,"Bogotá D.C.","Bogotá",2006,"Congreso",NA,NA,NA,"EL RINCON",8740,7340,16080,47
"4209",11001,16001,"Bogotá D.C.","Bogotá",2006,"Congreso",NA,NA,NA,"TIBABUYES",8750,6852,15602,46
"4210",11001,16001,"Bogotá D.C.","Bogotá",2006,"Congreso",NA,NA,NA,"TIBABUYES UNIVERSAL",6668,5019,11687,34
"4211",11001,16001,"Bogotá D.C.","Bogotá",2006,"Congreso",NA,NA,NA,"CASABLANCA",1864,1714,3578,11
"4212",11001,16001,"Bogotá D.C.","Bogotá",2006,"Congreso",NA,NA,NA,"VILLA DEL PRADO",9444,7850,17294,51
"4213",11001,16001,"Bogotá D.C.","Bogotá",2006,"Congreso",NA,NA,NA,"PRADO PINZON",3731,3081,6812,20
"4214",11001,16001,"Bogotá D.C.","Bogotá",2006,"Congreso",NA,NA,NA,"PRADO CIUDAD JARDIN",3989,3400,7389,22
"4215",11001,16001,"Bogotá D.C.","Bogotá",2006,"Congreso",NA,NA,NA,"NIZA NORTE",9398,7637,17035,50
"4216",11001,16001,"Bogotá D.C.","Bogotá",2006,"Congreso",NA,NA,NA,"PONTEVEDRA",5514,4367,9881,29
"4217",11001,16001,"Bogotá D.C.","Bogotá",2006,"Congreso",NA,NA,NA,"NIZA LEY",4638,3571,8209,24
"4218",11001,16001,"Bogotá D.C.","Bogotá",2006,"Congreso",NA,NA,NA,"NIZA VIII",2054,1773,3827,12
"4219",11001,16001,"Bogotá D.C.","Bogotá",2006,"Congreso",NA,NA,NA,"PRADO VERANIEGO",5526,4995,10521,31
"4220",11001,16001,"Bogotá D.C.","Bogotá",2006,"Congreso",NA,NA,NA,"NIZA IX",4101,2978,7079,21
"4221",11001,16001,"Bogotá D.C.","Bogotá",2006,"Congreso",NA,NA,NA,"LA ALHAMBRA",10066,7778,17844,52
"4222",11001,16001,"Bogotá D.C.","Bogotá",2006,"Congreso",NA,NA,NA,"SAN NICOLAS",1891,1600,3491,11
"4223",11001,16001,"Bogotá D.C.","Bogotá",2006,"Congreso",NA,NA,NA,"LA FLORESTA NORTE",5534,4336,9870,29
"4224",11001,16001,"Bogotá D.C.","Bogotá",2006,"Congreso",NA,NA,NA,"PASADENA",6182,4474,10656,31
"4225",11001,16001,"Bogotá D.C.","Bogotá",2006,"Congreso",NA,NA,NA,"NUEVA ZELANDIA",2142,1837,3979,12
"4226",11001,16001,"Bogotá D.C.","Bogotá",2006,"Congreso",NA,NA,NA,"SAN LUIS",6488,5449,11937,35
"4227",11001,16001,"Bogotá D.C.","Bogotá",2006,"Congreso",NA,NA,NA,"SAN CIPRIANO",3135,2731,5866,18
"4228",11001,16001,"Bogotá D.C.","Bogotá",2006,"Congreso",NA,NA,NA,"SAN BARTOLOME",2615,1933,4548,14
"4229",11001,16001,"Bogotá D.C.","Bogotá",2006,"Congreso",NA,NA,NA,"LA GAITANA",5148,4095,9243,27
"4230",11001,16001,"Bogotá D.C.","Bogotá",2006,"Congreso",NA,NA,NA,"CIUDADELA CAFAM",9241,7096,16337,48
"4231",11001,16001,"Bogotá D.C.","Bogotá",2006,"Congreso",NA,NA,NA,"COLINA CAMPESTRE",9563,7215,16778,49
"4232",11001,16001,"Bogotá D.C.","Bogotá",2006,"Congreso",NA,NA,NA,"MAZUREN",5449,4106,9555,28
"4233",11001,16001,"Bogotá D.C.","Bogotá",2006,"Congreso",NA,NA,NA,"TEJARES NORTE",3804,3151,6955,21
"4234",11001,16001,"Bogotá D.C.","Bogotá",2006,"Congreso",NA,NA,NA,"LA TOSCANA",2755,2189,4944,15
"4235",11001,16001,"Bogotá D.C.","Bogotá",2006,"Congreso",NA,NA,NA,"AURES II",6576,5160,11736,35
"4236",11001,16001,"Bogotá D.C.","Bogotá",2006,"Congreso",NA,NA,NA,"BILBAO",2238,1791,4029,12
"4237",11001,16001,"Bogotá D.C.","Bogotá",2006,"Congreso",NA,NA,NA,"LA AGUADITA",712,603,1315,4
"4238",11001,16001,"Bogotá D.C.","Bogotá",2006,"Congreso",NA,NA,NA,"BOSQUES DE SUBA",2200,1897,4097,12
"4239",11001,16001,"Bogotá D.C.","Bogotá",2006,"Congreso",NA,NA,NA,"CIUDADELA NUEVA TIBABUYES",3008,2581,5589,17
"4240",11001,16001,"Bogotá D.C.","Bogotá",2006,"Congreso",NA,NA,NA,"LISBOA",2816,2262,5078,15
"4241",11001,16001,"Bogotá D.C.","Bogotá",2006,"Congreso",NA,NA,NA,"UDCA - GUAYMARAL",137,160,297,1
"4242",11001,16001,"Bogotá D.C.","Bogotá",2006,"Congreso",NA,NA,NA,"LA CASTELLANA",5191,5483,10674,32
"4243",11001,16001,"Bogotá D.C.","Bogotá",2006,"Congreso",NA,NA,NA,"RIONEGRO",4960,3747,8707,26
"4244",11001,16001,"Bogotá D.C.","Bogotá",2006,"Congreso",NA,NA,NA,"PATRIA",1466,1277,2743,8
"4245",11001,16001,"Bogotá D.C.","Bogotá",2006,"Congreso",NA,NA,NA,"GAITAN",3093,3073,6166,18
"4246",11001,16001,"Bogotá D.C.","Bogotá",2006,"Congreso",NA,NA,NA,"ENTRE RIOS",2667,2169,4836,15
"4247",11001,16001,"Bogotá D.C.","Bogotá",2006,"Congreso",NA,NA,NA,"METROPOLIS",8117,7155,15272,45
"4248",11001,16001,"Bogotá D.C.","Bogotá",2006,"Congreso",NA,NA,NA,"SIMON BOLIVAR",4239,3762,8001,24
"4249",11001,16001,"Bogotá D.C.","Bogotá",2006,"Congreso",NA,NA,NA,"JOSE JOAQUIN VARGAS",3987,3382,7369,22
"4250",11001,16001,"Bogotá D.C.","Bogotá",2006,"Congreso",NA,NA,NA,"SAN FERNANDO",4630,4092,8722,26
"4251",11001,16001,"Bogotá D.C.","Bogotá",2006,"Congreso",NA,NA,NA,"POPULAR MODELO",4194,3299,7493,22
"4252",11001,16001,"Bogotá D.C.","Bogotá",2006,"Congreso",NA,NA,NA,"12 DE OCTUBRE",1839,2138,3977,12
"4253",11001,16001,"Bogotá D.C.","Bogotá",2006,"Congreso",NA,NA,NA,"SANTA SOFIA",3075,2666,5741,17
"4254",11001,16001,"Bogotá D.C.","Bogotá",2006,"Congreso",NA,NA,NA,"POLO CLUB",5217,3845,9062,27
"4255",11001,16001,"Bogotá D.C.","Bogotá",2006,"Congreso",NA,NA,NA,"SAN FELIPE",2456,2074,4530,14
"4256",11001,16001,"Bogotá D.C.","Bogotá",2006,"Congreso",NA,NA,NA,"LOS ALCAZARES",3379,2979,6358,19
"4257",11001,16001,"Bogotá D.C.","Bogotá",2006,"Congreso",NA,NA,NA,"LA PAZ",1557,1610,3167,10
"4258",11001,16001,"Bogotá D.C.","Bogotá",2006,"Congreso",NA,NA,NA,"COLOMBIA",2175,1849,4024,12
"4259",11001,16001,"Bogotá D.C.","Bogotá",2006,"Congreso",NA,NA,NA,"LA MUEQUETA",1725,1610,3335,10
"4260",11001,16001,"Bogotá D.C.","Bogotá",2006,"Congreso",NA,NA,NA,"SIETE DE AGOSTO",3906,3448,7354,22
"4261",11001,16001,"Bogotá D.C.","Bogotá",2006,"Congreso",NA,NA,NA,"BENJAMIN HERRERA",1968,1718,3686,11
"4262",11001,16001,"Bogotá D.C.","Bogotá",2006,"Congreso",NA,NA,NA,"DIVINO SALVADOR",3924,3841,7765,23
"4263",11001,16001,"Bogotá D.C.","Bogotá",2006,"Congreso",NA,NA,NA,"SAN LUIS",2344,1821,4165,13
"4264",11001,16001,"Bogotá D.C.","Bogotá",2006,"Congreso",NA,NA,NA,"EL CAMPIN",2634,2067,4701,14
"4265",11001,16001,"Bogotá D.C.","Bogotá",2006,"Congreso",NA,NA,NA,"NICOLAS DE FEDERMAN",4098,3255,7353,22
"4266",11001,16001,"Bogotá D.C.","Bogotá",2006,"Congreso",NA,NA,NA,"PABLO VI",7005,5297,12302,36
"4267",11001,16001,"Bogotá D.C.","Bogotá",2006,"Congreso",NA,NA,NA,"EL SALITRE",1619,1407,3026,9
"4268",11001,16001,"Bogotá D.C.","Bogotá",2006,"Congreso",NA,NA,NA,"LA ESMERALDA",2808,2277,5085,15
"4269",11001,16001,"Bogotá D.C.","Bogotá",2006,"Congreso",NA,NA,NA,"GALERIAS",9321,7486,16807,49
"4270",11001,16001,"Bogotá D.C.","Bogotá",2006,"Congreso",NA,NA,NA,"CHAPINERO",2585,2669,5254,16
"4271",11001,16001,"Bogotá D.C.","Bogotá",2006,"Congreso",NA,NA,NA,"ALFONSO LOPEZ",3396,2333,5729,17
"4272",11001,16001,"Bogotá D.C.","Bogotá",2006,"Congreso",NA,NA,NA,"PALERMO",1835,1418,3253,10
"4273",11001,16001,"Bogotá D.C.","Bogotá",2006,"Congreso",NA,NA,NA,"BELALCAZAR",1238,965,2203,7
"4274",11001,16001,"Bogotá D.C.","Bogotá",2006,"Congreso",NA,NA,NA,"QUINTA PAREDES  A",2332,2113,4445,13
"4275",11001,16001,"Bogotá D.C.","Bogotá",2006,"Congreso",NA,NA,NA,"QUINTA PAREDES B",2873,2315,5188,16
"4276",11001,16001,"Bogotá D.C.","Bogotá",2006,"Congreso",NA,NA,NA,"CENTRO NARI/O",3850,3126,6976,21
"4277",11001,16001,"Bogotá D.C.","Bogotá",2006,"Congreso",NA,NA,NA,"RESIDENCIAS B.C.H.",4059,3504,7563,22
"4278",11001,16001,"Bogotá D.C.","Bogotá",2006,"Congreso",NA,NA,NA,"LA SOLEDAD",8400,7107,15507,46
"4279",11001,16001,"Bogotá D.C.","Bogotá",2006,"Congreso",NA,NA,NA,"SANTA TERESITA",2298,2041,4339,13
"4280",11001,16001,"Bogotá D.C.","Bogotá",2006,"Congreso",NA,NA,NA,"LA MAGDALENA",2145,1938,4083,12
"4281",11001,16001,"Bogotá D.C.","Bogotá",2006,"Congreso",NA,NA,NA,"TEUSAQUILLO",3154,2892,6046,18
"4282",11001,16001,"Bogotá D.C.","Bogotá",2006,"Congreso",NA,NA,NA,"PABLO VI II ETAPA",2098,1607,3705,11
"4283",11001,16001,"Bogotá D.C.","Bogotá",2006,"Congreso",NA,NA,NA,"RAFAEL NU/EZ",1764,1486,3250,10
"4284",11001,16001,"Bogotá D.C.","Bogotá",2006,"Congreso",NA,NA,NA,"SANTA FE",3658,3789,7447,22
"4285",11001,16001,"Bogotá D.C.","Bogotá",2006,"Congreso",NA,NA,NA,"SAMPER MENDOZA",2073,1891,3964,12
"4286",11001,16001,"Bogotá D.C.","Bogotá",2006,"Congreso",NA,NA,NA,"COLSEGUROS",3050,2331,5381,16
"4287",11001,16001,"Bogotá D.C.","Bogotá",2006,"Congreso",NA,NA,NA,"ESTACION DE LA SABANA",2276,2837,5113,15
"4288",11001,16001,"Bogotá D.C.","Bogotá",2006,"Congreso",NA,NA,NA,"RICAURTE",3887,3959,7846,23
"4289",11001,16001,"Bogotá D.C.","Bogotá",2006,"Congreso",NA,NA,NA,"LA ESTANZUELA",3088,3932,7020,21
"4290",11001,16001,"Bogotá D.C.","Bogotá",2006,"Congreso",NA,NA,NA,"VERAGUAS",2764,2328,5092,15
"4291",11001,16001,"Bogotá D.C.","Bogotá",2006,"Congreso",NA,NA,NA,"SANTA ISABEL",6966,5667,12633,37
"4292",11001,16001,"Bogotá D.C.","Bogotá",2006,"Congreso",NA,NA,NA,"EL VERGEL",2134,1880,4014,12
"4293",11001,16001,"Bogotá D.C.","Bogotá",2006,"Congreso",NA,NA,NA,"EDUARDO SANTOS",3013,2511,5524,17
"4294",11001,16001,"Bogotá D.C.","Bogotá",2006,"Congreso",NA,NA,NA,"SAN FASON",1487,1598,3085,9
"4295",11001,16001,"Bogotá D.C.","Bogotá",2006,"Congreso",NA,NA,NA,"POLICARPA",3017,2759,5776,17
"4296",11001,16001,"Bogotá D.C.","Bogotá",2006,"Congreso",NA,NA,NA,"CIUDAD BERNA",2572,1854,4426,13
"4297",11001,16001,"Bogotá D.C.","Bogotá",2006,"Congreso",NA,NA,NA,"SAN ANTONIO",3578,3029,6607,20
"4298",11001,16001,"Bogotá D.C.","Bogotá",2006,"Congreso",NA,NA,NA,"LUNA PARK",1550,1395,2945,9
"4299",11001,16001,"Bogotá D.C.","Bogotá",2006,"Congreso",NA,NA,NA,"CIUDAD JARDIN",6723,5711,12434,37
"4300",11001,16001,"Bogotá D.C.","Bogotá",2006,"Congreso",NA,NA,NA,"RESTREPO A",5782,5417,11199,33
"4301",11001,16001,"Bogotá D.C.","Bogotá",2006,"Congreso",NA,NA,NA,"RESTREPO B",9137,8015,17152,50
"4302",11001,16001,"Bogotá D.C.","Bogotá",2006,"Congreso",NA,NA,NA,"LA FRAGUITA",1559,1452,3011,9
"4303",11001,16001,"Bogotá D.C.","Bogotá",2006,"Congreso",NA,NA,NA,"LA FRAGUA",1804,1526,3330,10
"4304",11001,16001,"Bogotá D.C.","Bogotá",2006,"Congreso",NA,NA,NA,"SANTANDER",1399,1281,2680,8
"4305",11001,16001,"Bogotá D.C.","Bogotá",2006,"Congreso",NA,NA,NA,"SANTANDER SUR",1987,1745,3732,11
"4306",11001,16001,"Bogotá D.C.","Bogotá",2006,"Congreso",NA,NA,NA,"VILLA MAYOR",3757,3111,6868,20
"4307",11001,16001,"Bogotá D.C.","Bogotá",2006,"Congreso",NA,NA,NA,"SENA",4272,4137,8409,25
"4308",11001,16001,"Bogotá D.C.","Bogotá",2006,"Congreso",NA,NA,NA,"DELICIAS (MUZU)",3481,2842,6323,19
"4309",11001,16001,"Bogotá D.C.","Bogotá",2006,"Congreso",NA,NA,NA,"CIUDAD MONTES",5399,3924,9323,28
"4310",11001,16001,"Bogotá D.C.","Bogotá",2006,"Congreso",NA,NA,NA,"SANTA MATILDE",4394,3817,8211,24
"4311",11001,16001,"Bogotá D.C.","Bogotá",2006,"Congreso",NA,NA,NA,"LA ASUNCION",3716,3007,6723,20
"4312",11001,16001,"Bogotá D.C.","Bogotá",2006,"Congreso",NA,NA,NA,"VERAGUAS CENTRAL",5082,4623,9705,29
"4313",11001,16001,"Bogotá D.C.","Bogotá",2006,"Congreso",NA,NA,NA,"LA PRIMAVERA",4933,4687,9620,28
"4314",11001,16001,"Bogotá D.C.","Bogotá",2006,"Congreso",NA,NA,NA,"CUNDINAMARCA",1062,1054,2116,7
"4315",11001,16001,"Bogotá D.C.","Bogotá",2006,"Congreso",NA,NA,NA,"SAN FRANCISCO",2142,1819,3961,12
"4316",11001,16001,"Bogotá D.C.","Bogotá",2006,"Congreso",NA,NA,NA,"PUENTE ARANDA",2503,2383,4886,15
"4317",11001,16001,"Bogotá D.C.","Bogotá",2006,"Congreso",NA,NA,NA,"SALAZAR GOMEZ",4715,4239,8954,27
"4318",11001,16001,"Bogotá D.C.","Bogotá",2006,"Congreso",NA,NA,NA,"LA TRINIDAD",3362,3053,6415,19
"4319",11001,16001,"Bogotá D.C.","Bogotá",2006,"Congreso",NA,NA,NA,"LA PRADERA",2164,1903,4067,12
"4320",11001,16001,"Bogotá D.C.","Bogotá",2006,"Congreso",NA,NA,NA,"COLON",9592,8771,18363,54
"4321",11001,16001,"Bogotá D.C.","Bogotá",2006,"Congreso",NA,NA,NA,"SAN RAFAEL",3658,3041,6699,20
"4322",11001,16001,"Bogotá D.C.","Bogotá",2006,"Congreso",NA,NA,NA,"EL JAZMIN",3598,2835,6433,19
"4323",11001,16001,"Bogotá D.C.","Bogotá",2006,"Congreso",NA,NA,NA,"LA PONDEROSA",3176,2674,5850,18
"4324",11001,16001,"Bogotá D.C.","Bogotá",2006,"Congreso",NA,NA,NA,"GALAN",3445,3144,6589,20
"4325",11001,16001,"Bogotá D.C.","Bogotá",2006,"Congreso",NA,NA,NA,"MILENTA",3711,3270,6981,21
"4326",11001,16001,"Bogotá D.C.","Bogotá",2006,"Congreso",NA,NA,NA,"EL TEJAR",4833,4060,8893,26
"4327",11001,16001,"Bogotá D.C.","Bogotá",2006,"Congreso",NA,NA,NA,"ALQUERIA",4915,4282,9197,27
"4328",11001,16001,"Bogotá D.C.","Bogotá",2006,"Congreso",NA,NA,NA,"ALCALA",4226,3483,7709,23
"4329",11001,16001,"Bogotá D.C.","Bogotá",2006,"Congreso",NA,NA,NA,"SANTA RITA",5208,4005,9213,27
"4330",11001,16001,"Bogotá D.C.","Bogotá",2006,"Congreso",NA,NA,NA,"VILLA SONIA",2552,2123,4675,14
"4331",11001,16001,"Bogotá D.C.","Bogotá",2006,"Congreso",NA,NA,NA,"LOS SAUCES",1844,1454,3298,10
"4332",11001,16001,"Bogotá D.C.","Bogotá",2006,"Congreso",NA,NA,NA,"CARRERA C.C. AUTOMOTRIZ",307,657,964,3
"4333",11001,16001,"Bogotá D.C.","Bogotá",2006,"Congreso",NA,NA,NA,"LA CONCORDIA",4102,4137,8239,24
"4334",11001,16001,"Bogotá D.C.","Bogotá",2006,"Congreso",NA,NA,NA,"ALCALDIA MAYOR",10240,10085,20325,60
"4335",11001,16001,"Bogotá D.C.","Bogotá",2006,"Congreso",NA,NA,NA,"EGIPTO",3427,2683,6110,18
"4336",11001,16001,"Bogotá D.C.","Bogotá",2006,"Congreso",NA,NA,NA,"ARCHIVO NACIONAL",1322,1225,2547,8
"4337",11001,16001,"Bogotá D.C.","Bogotá",2006,"Congreso",NA,NA,NA,"CLARET",4691,4564,9255,27
"4338",11001,16001,"Bogotá D.C.","Bogotá",2006,"Congreso",NA,NA,NA,"INGLES",7558,4501,12059,36
"4339",11001,16001,"Bogotá D.C.","Bogotá",2006,"Congreso",NA,NA,NA,"BRAVO PAEZ",1776,1620,3396,10
"4340",11001,16001,"Bogotá D.C.","Bogotá",2006,"Congreso",NA,NA,NA,"LIBERTADOR II",2143,1832,3975,12
"4341",11001,16001,"Bogotá D.C.","Bogotá",2006,"Congreso",NA,NA,NA,"CENTENARIO",3814,3334,7148,21
"4342",11001,16001,"Bogotá D.C.","Bogotá",2006,"Congreso",NA,NA,NA,"OLAYA",2440,2201,4641,14
"4343",11001,16001,"Bogotá D.C.","Bogotá",2006,"Congreso",NA,NA,NA,"SAN JOSE",3958,3186,7144,21
"4344",11001,16001,"Bogotá D.C.","Bogotá",2006,"Congreso",NA,NA,NA,"GUSTAVO RESTREPO",4408,3758,8166,24
"4345",11001,16001,"Bogotá D.C.","Bogotá",2006,"Congreso",NA,NA,NA,"QUIROGA  A",1921,1632,3553,11
"4346",11001,16001,"Bogotá D.C.","Bogotá",2006,"Congreso",NA,NA,NA,"QUIROGA B",5809,4821,10630,31
"4347",11001,16001,"Bogotá D.C.","Bogotá",2006,"Congreso",NA,NA,NA,"QUIROGA  C",1679,1324,3003,9
"4348",11001,16001,"Bogotá D.C.","Bogotá",2006,"Congreso",NA,NA,NA,"SANTA LUCIA",3366,2989,6355,19
"4349",11001,16001,"Bogotá D.C.","Bogotá",2006,"Congreso",NA,NA,NA,"LAS COLINAS",2331,2069,4400,13
"4350",11001,16001,"Bogotá D.C.","Bogotá",2006,"Congreso",NA,NA,NA,"COUNTRY SUR",4196,3309,7505,22
"4351",11001,16001,"Bogotá D.C.","Bogotá",2006,"Congreso",NA,NA,NA,"LAS LOMAS",3061,2453,5514,17
"4352",11001,16001,"Bogotá D.C.","Bogotá",2006,"Congreso",NA,NA,NA,"SAN JORGE",4129,3782,7911,23
"4353",11001,16001,"Bogotá D.C.","Bogotá",2006,"Congreso",NA,NA,NA,"MARCO FIDEL SUAREZ A",1907,1609,3516,11
"4354",11001,16001,"Bogotá D.C.","Bogotá",2006,"Congreso",NA,NA,NA,"MARCO FIDEL SUAREZ B",3389,2704,6093,18
"4355",11001,16001,"Bogotá D.C.","Bogotá",2006,"Congreso",NA,NA,NA,"EL SOCORRO SUR",1940,1614,3554,11
"4356",11001,16001,"Bogotá D.C.","Bogotá",2006,"Congreso",NA,NA,NA,"MOLINOS DEL SUR",6102,4540,10642,31
"4357",11001,16001,"Bogotá D.C.","Bogotá",2006,"Congreso",NA,NA,NA,"CIUDAD BOCHICA SUR",3659,2820,6479,19
"4358",11001,16001,"Bogotá D.C.","Bogotá",2006,"Congreso",NA,NA,NA,"LOS MOLINOS II SECTOR",3785,2971,6756,20
"4359",11001,16001,"Bogotá D.C.","Bogotá",2006,"Congreso",NA,NA,NA,"PALERMO SUR",2396,1922,4318,13
"4360",11001,16001,"Bogotá D.C.","Bogotá",2006,"Congreso",NA,NA,NA,"VILLA MAYOR LA NUEVA",1432,1289,2721,8
"4361",11001,16001,"Bogotá D.C.","Bogotá",2006,"Congreso",NA,NA,NA,"GRANJAS DE SAN PABLO",1892,1467,3359,10
"4362",11001,16001,"Bogotá D.C.","Bogotá",2006,"Congreso",NA,NA,NA,"RESURRECCION",1607,1361,2968,9
"4363",11001,16001,"Bogotá D.C.","Bogotá",2006,"Congreso",NA,NA,NA,"LA PAZ",1468,1202,2670,8
"4364",11001,16001,"Bogotá D.C.","Bogotá",2006,"Congreso",NA,NA,NA,"SAN AGUSTIN SUR",3055,2337,5392,16
"4365",11001,16001,"Bogotá D.C.","Bogotá",2006,"Congreso",NA,NA,NA,"COVIVIENDA DEL SURORIENTE",4751,3618,8369,25
"4366",11001,16001,"Bogotá D.C.","Bogotá",2006,"Congreso",NA,NA,NA,"MARRUECOS APARTAMENTOS",1777,1475,3252,10
"4367",11001,16001,"Bogotá D.C.","Bogotá",2006,"Congreso",NA,NA,NA,"LA MARQUEZA",1023,810,1833,6
"4368",11001,16001,"Bogotá D.C.","Bogotá",2006,"Congreso",NA,NA,NA,"MIRADOR DE MARROCOS",437,394,831,3
"4369",11001,16001,"Bogotá D.C.","Bogotá",2006,"Congreso",NA,NA,NA,"SAN JUANITO",519,471,990,3
"4370",11001,16001,"Bogotá D.C.","Bogotá",2006,"Congreso",NA,NA,NA,"LUCERO DEL SUR",5631,5178,10809,32
"4371",11001,16001,"Bogotá D.C.","Bogotá",2006,"Congreso",NA,NA,NA,"SAN JOAQUIN DEL VATICANO",2110,1504,3614,11
"4372",11001,16001,"Bogotá D.C.","Bogotá",2006,"Congreso",NA,NA,NA,"PASQUILLA",452,562,1014,3
"4373",11001,16001,"Bogotá D.C.","Bogotá",2006,"Congreso",NA,NA,NA,"EL TESORO",3499,2748,6247,19
"4374",11001,16001,"Bogotá D.C.","Bogotá",2006,"Congreso",NA,NA,NA,"MEXICO",4636,3892,8528,25
"4375",11001,16001,"Bogotá D.C.","Bogotá",2006,"Congreso",NA,NA,NA,"LUCERO MEDIO",2460,1905,4365,13
"4376",11001,16001,"Bogotá D.C.","Bogotá",2006,"Congreso",NA,NA,NA,"VISTAHERMOSA",5888,4605,10493,31
"4377",11001,16001,"Bogotá D.C.","Bogotá",2006,"Congreso",NA,NA,NA,"LA ACACIA",5219,4150,9369,28
"4378",11001,16001,"Bogotá D.C.","Bogotá",2006,"Congreso",NA,NA,NA,"JERUSALEN (EL TANQUE)",4142,3172,7314,22
"4379",11001,16001,"Bogotá D.C.","Bogotá",2006,"Congreso",NA,NA,NA,"JUAN PABLO II",3146,2466,5612,17
"4380",11001,16001,"Bogotá D.C.","Bogotá",2006,"Congreso",NA,NA,NA,"SAN FRANCISCO",9328,7455,16783,49
"4381",11001,16001,"Bogotá D.C.","Bogotá",2006,"Congreso",NA,NA,NA,"CANDELARIA LA NUEVA",11770,9194,20964,61
"4382",11001,16001,"Bogotá D.C.","Bogotá",2006,"Congreso",NA,NA,NA,"ARBORIZADORA BAJA",6242,4939,11181,33
"4383",11001,16001,"Bogotá D.C.","Bogotá",2006,"Congreso",NA,NA,NA,"MADELENA",4333,3591,7924,24
"4384",11001,16001,"Bogotá D.C.","Bogotá",2006,"Congreso",NA,NA,NA,"ISMAEL PERDOMO",8462,6762,15224,45
"4385",11001,16001,"Bogotá D.C.","Bogotá",2006,"Congreso",NA,NA,NA,"MOCHUELO ALTO",386,383,769,3
"4386",11001,16001,"Bogotá D.C.","Bogotá",2006,"Congreso",NA,NA,NA,"MOCHUELO BAJO",510,484,994,3
"4387",11001,16001,"Bogotá D.C.","Bogotá",2006,"Congreso",NA,NA,NA,"CORDILLERA",729,555,1284,4
"4388",11001,16001,"Bogotá D.C.","Bogotá",2006,"Congreso",NA,NA,NA,"NUEVA ARGENTINA",1153,915,2068,7
"4389",11001,16001,"Bogotá D.C.","Bogotá",2006,"Congreso",NA,NA,NA,"LA ESTANCIA",5120,4092,9212,27
"4390",11001,16001,"Bogotá D.C.","Bogotá",2006,"Congreso",NA,NA,NA,"EL PARAISO",2541,1951,4492,14
"4391",11001,16001,"Bogotá D.C.","Bogotá",2006,"Congreso",NA,NA,NA,"VEREDA QUIBA",389,434,823,3
"4392",11001,16001,"Bogotá D.C.","Bogotá",2006,"Congreso",NA,NA,NA,"MANUELA BELTRAN",1657,1233,2890,9
"4393",11001,16001,"Bogotá D.C.","Bogotá",2006,"Congreso",NA,NA,NA,"SIERRA MORENA",4322,3453,7775,23
"4394",11001,16001,"Bogotá D.C.","Bogotá",2006,"Congreso",NA,NA,NA,"SOTAVENTO",2704,2079,4783,14
"4395",11001,16001,"Bogotá D.C.","Bogotá",2006,"Congreso",NA,NA,NA,"SANTO DOMINGO",2681,2043,4724,14
"4396",11001,16001,"Bogotá D.C.","Bogotá",2006,"Congreso",NA,NA,NA,"VILLA GLORIA SUR",1054,769,1823,6
"4397",11001,16001,"Bogotá D.C.","Bogotá",2006,"Congreso",NA,NA,NA,"GALICIA",3083,2697,5780,17
"4398",11001,16001,"Bogotá D.C.","Bogotá",2006,"Congreso",NA,NA,NA,"ALBORIZADORA ALTA",2617,2008,4625,14
"4399",11001,16001,"Bogotá D.C.","Bogotá",2006,"Congreso",NA,NA,NA,"CASAVIANCA",1455,1334,2789,9
"4400",11001,16001,"Bogotá D.C.","Bogotá",2006,"Congreso",NA,NA,NA,"CASONA DEL LIBERTADOR",2197,1825,4022,12
"4401",11001,16001,"Bogotá D.C.","Bogotá",2006,"Congreso",NA,NA,NA,"MEISSEN",1613,1503,3116,10
"4402",11001,16001,"Bogotá D.C.","Bogotá",2006,"Congreso",NA,NA,NA,"POTOSI (LA LAGUNA)",2225,1741,3966,12
"4403",11001,16001,"Bogotá D.C.","Bogotá",2006,"Congreso",NA,NA,NA,"ALTOS DE JALISCO",362,291,653,2
"4404",11001,16001,"Bogotá D.C.","Bogotá",2006,"Congreso",NA,NA,NA,"ESTRELLA DEL SUR",2511,1917,4428,13
"4405",11001,16001,"Bogotá D.C.","Bogotá",2006,"Congreso",NA,NA,NA,"SAN JUAN DE SUMAPAZ",237,1328,1565,5
"4406",11001,16001,"Bogotá D.C.","Bogotá",2006,"Congreso",NA,NA,NA,"NAZARETH",247,346,593,2
"4407",11001,16001,"Bogotá D.C.","Bogotá",2006,"Congreso",NA,NA,NA,"BETANIA",183,240,423,2
"4408",11001,16001,"Bogotá D.C.","Bogotá",2006,"Congreso",NA,NA,NA,"LA UNION",82,167,249,1
"4409",11001,16001,"Bogotá D.C.","Bogotá",2006,"Congreso",NA,NA,NA,"PUESTO CENSO(FERIA EXPOSICION",481836,403127,884963,742
"4410",11001,16001,"Bogotá D.C.","Bogotá",2006,"Congreso",NA,NA,NA,"PENITENCIARIA LA PICOTA",23,317,340,1
"4411",11001,16001,"Bogotá D.C.","Bogotá",2006,"Congreso",NA,NA,NA,"CARCEL DISTRITAL JUDICIAL MOD",5,398,403,2
"4412",11001,16001,"Bogotá D.C.","Bogotá",2006,"Congreso",NA,NA,NA,"RECLUSION DE MUJERES EL BUEN",93,8,101,1
"4413",11001,16001,"Bogotá D.C.","Bogotá",2006,"Congreso",NA,NA,NA,"CARCEL DISTRITAL",2,16,18,1
"4414",27001,17001,"Quibdó","Chocó",2006,"Congreso",NA,NA,NA,"ESC. CAMILO TORRES",6953,4037,10990,32
"4415",27001,17001,"Quibdó","Chocó",2006,"Congreso",NA,NA,NA,"ESC. SAN JUDAS TADEO",3979,1465,5444,16
"4416",27001,17001,"Quibdó","Chocó",2006,"Congreso",NA,NA,NA,"COLEGIO MANUEL CA/IZALES",4033,2802,6835,20
"4417",27001,17001,"Quibdó","Chocó",2006,"Congreso",NA,NA,NA,"COLEGIO PEDRO GRAU AROLA",284,128,412,2
"4418",27001,17001,"Quibdó","Chocó",2006,"Congreso",NA,NA,NA,"UNIVERSIDAD TECNOLOGICA",2482,2692,5174,16
"4419",27001,17001,"Quibdó","Chocó",2006,"Congreso",NA,NA,NA,"ESC.NICOLAS ROJAS-COL.DEPTAL",5780,6915,12695,37
"4420",27001,17001,"Quibdó","Chocó",2006,"Congreso",NA,NA,NA,"ESC. MELVIN JHON",1628,1202,2830,9
"4421",27001,17001,"Quibdó","Chocó",2006,"Congreso",NA,NA,NA,"ESC. NORMAL PARA VARONES",223,118,341,1
"4422",27001,17001,"Quibdó","Chocó",2006,"Congreso",NA,NA,NA,"PUESTO CENSO",6998,5138,12136,16
"4423",27001,17001,"Quibdó","Chocó",2006,"Congreso",NA,NA,NA,"CARCEL ANAYANCY",14,91,105,1
"4424",27001,17001,"Quibdó","Chocó",2006,"Congreso",NA,NA,NA,"ALTAGRACIA",93,76,169,1
"4425",27001,17001,"Quibdó","Chocó",2006,"Congreso",NA,NA,NA,"BARRANCO",92,90,182,1
"4426",27001,17001,"Quibdó","Chocó",2006,"Congreso",NA,NA,NA,"BELLALUZ",33,35,68,1
"4427",27001,17001,"Quibdó","Chocó",2006,"Congreso",NA,NA,NA,"ALTO MUNGUIDO",68,111,179,1
"4428",27001,17001,"Quibdó","Chocó",2006,"Congreso",NA,NA,NA,"BOCA DE TANANDO",101,87,188,1
"4429",27001,17001,"Quibdó","Chocó",2006,"Congreso",NA,NA,NA,"CABI",141,102,243,1
"4430",27001,17001,"Quibdó","Chocó",2006,"Congreso",NA,NA,NA,"BOCA DE NAURITA",44,38,82,1
"4431",27001,17001,"Quibdó","Chocó",2006,"Congreso",NA,NA,NA,"CALAHORRA",48,67,115,1
"4432",27001,17001,"Quibdó","Chocó",2006,"Congreso",NA,NA,NA,"CAMPOBONITO",88,96,184,1
"4433",27001,17001,"Quibdó","Chocó",2006,"Congreso",NA,NA,NA,"GUARANDO",51,64,115,1
"4434",27001,17001,"Quibdó","Chocó",2006,"Congreso",NA,NA,NA,"GUADALUPE",60,71,131,1
"4435",27001,17001,"Quibdó","Chocó",2006,"Congreso",NA,NA,NA,"GUAYABAL",145,113,258,1
"4436",27001,17001,"Quibdó","Chocó",2006,"Congreso",NA,NA,NA,"SAN FRANCISCO DE ICHO",73,91,164,1
"4437",27001,17001,"Quibdó","Chocó",2006,"Congreso",NA,NA,NA,"EL TAMBO",43,49,92,1
"4438",27001,17001,"Quibdó","Chocó",2006,"Congreso",NA,NA,NA,"JITRADO (PUEBLO NUEVO)",93,119,212,1
"4439",27001,17001,"Quibdó","Chocó",2006,"Congreso",NA,NA,NA,"EL FUERTE",46,68,114,1
"4440",27001,17001,"Quibdó","Chocó",2006,"Congreso",NA,NA,NA,"LAS MERCEDES",109,137,246,1
"4441",27001,17001,"Quibdó","Chocó",2006,"Congreso",NA,NA,NA,"MOJAUDO (EL GUINEAL)",65,78,143,1
"4442",27001,17001,"Quibdó","Chocó",2006,"Congreso",NA,NA,NA,"LA TROJE",71,70,141,1
"4443",27001,17001,"Quibdó","Chocó",2006,"Congreso",NA,NA,NA,"NAURITA",39,43,82,1
"4444",27001,17001,"Quibdó","Chocó",2006,"Congreso",NA,NA,NA,"NEGUA",76,90,166,1
"4445",27001,17001,"Quibdó","Chocó",2006,"Congreso",NA,NA,NA,"NEMOTA",49,54,103,1
"4446",27001,17001,"Quibdó","Chocó",2006,"Congreso",NA,NA,NA,"PUERTO MURILLO",30,38,68,1
"4447",27001,17001,"Quibdó","Chocó",2006,"Congreso",NA,NA,NA,"SANCENA",98,66,164,1
"4448",27001,17001,"Quibdó","Chocó",2006,"Congreso",NA,NA,NA,"TAGACHI",211,179,390,2
"4449",27001,17001,"Quibdó","Chocó",2006,"Congreso",NA,NA,NA,"TUTUNENDO",544,519,1063,4
"4450",27001,17001,"Quibdó","Chocó",2006,"Congreso",NA,NA,NA,"WINANDO",47,62,109,1
"4451",27050,17002,"Atrato","Chocó",2006,"Congreso",NA,NA,NA,NA,1495,1147,2642,8
"4452",27050,17002,"Atrato","Chocó",2006,"Congreso",NA,NA,NA,"EL ARENAL",89,86,175,1
"4453",27050,17002,"Atrato","Chocó",2006,"Congreso",NA,NA,NA,"DO/A JOSEFA",216,188,404,2
"4454",27050,17002,"Atrato","Chocó",2006,"Congreso",NA,NA,NA,"LA MOLANA",175,168,343,1
"4455",27050,17002,"Atrato","Chocó",2006,"Congreso",NA,NA,NA,"MOTOLDO",54,67,121,1
"4456",27050,17002,"Atrato","Chocó",2006,"Congreso",NA,NA,NA,"PUENTE DE TANANDO",299,204,503,2
"4457",27050,17002,"Atrato","Chocó",2006,"Congreso",NA,NA,NA,"SAMURINDO",277,238,515,2
"4458",27050,17002,"Atrato","Chocó",2006,"Congreso",NA,NA,NA,"SAN MARTIN DE PURE",125,100,225,1
"4459",27050,17002,"Atrato","Chocó",2006,"Congreso",NA,NA,NA,"SAN JOSE DE PURE",292,244,536,2
"4460",27050,17002,"Atrato","Chocó",2006,"Congreso",NA,NA,NA,"TANANDO",94,91,185,1
"4461",27006,17004,"Acandí","Chocó",2006,"Congreso",NA,NA,NA,NA,1879,1914,3793,12
"4462",27006,17004,"Acandí","Chocó",2006,"Congreso",NA,NA,NA,"LA CALETA",67,81,148,1
"4463",27006,17004,"Acandí","Chocó",2006,"Congreso",NA,NA,NA,"CAPITAN",12,22,34,1
"4464",27006,17004,"Acandí","Chocó",2006,"Congreso",NA,NA,NA,"CAPURGANA",269,327,596,2
"4465",27006,17004,"Acandí","Chocó",2006,"Congreso",NA,NA,NA,"SAN MIGUEL",30,44,74,1
"4466",27006,17004,"Acandí","Chocó",2006,"Congreso",NA,NA,NA,"SANTA CRUZ DE CHUGANDI",84,156,240,1
"4467",27006,17004,"Acandí","Chocó",2006,"Congreso",NA,NA,NA,"SAPZURRO",156,160,316,1
"4468",27006,17004,"Acandí","Chocó",2006,"Congreso",NA,NA,NA,"PE/ALOZA",78,157,235,1
"4469",27006,17004,"Acandí","Chocó",2006,"Congreso",NA,NA,NA,"RUFINO",10,32,42,1
"4470",27006,17004,"Acandí","Chocó",2006,"Congreso",NA,NA,NA,"VILLA CLARET",80,135,215,1
"4471",27025,17006,"Alto Baudó","Chocó",2006,"Congreso",NA,NA,NA,NA,735,816,1551,5
"4472",27025,17006,"Alto Baudó","Chocó",2006,"Congreso",NA,NA,NA,"APARTADO",116,162,278,1
"4473",27025,17006,"Alto Baudó","Chocó",2006,"Congreso",NA,NA,NA,"SANTA CATALINA DE CATRU",472,452,924,3
"4474",27025,17006,"Alto Baudó","Chocó",2006,"Congreso",NA,NA,NA,"BATATAL",68,71,139,1
"4475",27025,17006,"Alto Baudó","Chocó",2006,"Congreso",NA,NA,NA,"AMPARRAIDA",62,73,135,1
"4476",27025,17006,"Alto Baudó","Chocó",2006,"Congreso",NA,NA,NA,"CHIGORODO",82,87,169,1
"4477",27025,17006,"Alto Baudó","Chocó",2006,"Congreso",NA,NA,NA,"CHACHAJO",119,122,241,1
"4478",27025,17006,"Alto Baudó","Chocó",2006,"Congreso",NA,NA,NA,"AMPARRADO",31,29,60,1
"4479",27025,17006,"Alto Baudó","Chocó",2006,"Congreso",NA,NA,NA,"DIVISA",23,22,45,1
"4480",27025,17006,"Alto Baudó","Chocó",2006,"Congreso",NA,NA,NA,"DOCACINA",46,56,102,1
"4481",27025,17006,"Alto Baudó","Chocó",2006,"Congreso",NA,NA,NA,"DUBAZA (PUERTO ECHEVERRY)",159,196,355,2
"4482",27025,17006,"Alto Baudó","Chocó",2006,"Congreso",NA,NA,NA,"DOMINICO (RIO AMPORA)",45,47,92,1
"4483",27025,17006,"Alto Baudó","Chocó",2006,"Congreso",NA,NA,NA,"EL CEDRO",86,62,148,1
"4484",27025,17006,"Alto Baudó","Chocó",2006,"Congreso",NA,NA,NA,"EL SALTO (RIO AMPORA)",43,40,83,1
"4485",27025,17006,"Alto Baudó","Chocó",2006,"Congreso",NA,NA,NA,"GEANDO",34,40,74,1
"4486",27025,17006,"Alto Baudó","Chocó",2006,"Congreso",NA,NA,NA,"GUINEO",13,13,26,1
"4487",27025,17006,"Alto Baudó","Chocó",2006,"Congreso",NA,NA,NA,"MIACORA",132,141,273,1
"4488",27025,17006,"Alto Baudó","Chocó",2006,"Congreso",NA,NA,NA,"IRUTO",19,26,45,1
"4489",27025,17006,"Alto Baudó","Chocó",2006,"Congreso",NA,NA,NA,"NAUCA",87,101,188,1
"4490",27025,17006,"Alto Baudó","Chocó",2006,"Congreso",NA,NA,NA,"SAN FRANCISCO DE CUGUCHO",140,153,293,1
"4491",27025,17006,"Alto Baudó","Chocó",2006,"Congreso",NA,NA,NA,"LAS DELICIAS",26,31,57,1
"4492",27025,17006,"Alto Baudó","Chocó",2006,"Congreso",NA,NA,NA,"LA FELICIA",23,18,41,1
"4493",27025,17006,"Alto Baudó","Chocó",2006,"Congreso",NA,NA,NA,"URUDO",67,68,135,1
"4494",27025,17006,"Alto Baudó","Chocó",2006,"Congreso",NA,NA,NA,"LA LOMA (RIO DUBASA)",36,28,64,1
"4495",27025,17006,"Alto Baudó","Chocó",2006,"Congreso",NA,NA,NA,"MOJAUDO",29,28,57,1
"4496",27025,17006,"Alto Baudó","Chocó",2006,"Congreso",NA,NA,NA,"PAVARANDO",24,29,53,1
"4497",27025,17006,"Alto Baudó","Chocó",2006,"Congreso",NA,NA,NA,"RIO CUGUCHO",35,28,63,1
"4498",27025,17006,"Alto Baudó","Chocó",2006,"Congreso",NA,NA,NA,"YUCAL",34,38,72,1
"4499",27025,17006,"Alto Baudó","Chocó",2006,"Congreso",NA,NA,NA,"SANTA MARIA DE CONDOTO",53,57,110,1
"4500",27025,17006,"Alto Baudó","Chocó",2006,"Congreso",NA,NA,NA,"UYABA (RIO ANCOSO)",47,40,87,1
"4501",27025,17006,"Alto Baudó","Chocó",2006,"Congreso",NA,NA,NA,"BAGRERA",79,82,161,1
"4502",27025,17006,"Alto Baudó","Chocó",2006,"Congreso",NA,NA,NA,"BELLAVISTA (DUBAZA)",90,108,198,1
"4503",27025,17006,"Alto Baudó","Chocó",2006,"Congreso",NA,NA,NA,"PLAYITA (RIO CATRU)",136,134,270,1
"4504",27025,17006,"Alto Baudó","Chocó",2006,"Congreso",NA,NA,NA,"PUERTO ALEGRE (NAUCA)",156,136,292,1
"4505",27073,17007,"Bagadó","Chocó",2006,"Congreso",NA,NA,NA,NA,1103,1116,2219,7
"4506",27073,17007,"Bagadó","Chocó",2006,"Congreso",NA,NA,NA,"AGUASAL",470,393,863,3
"4507",27073,17007,"Bagadó","Chocó",2006,"Congreso",NA,NA,NA,"CHAMBARE",27,27,54,1
"4508",27073,17007,"Bagadó","Chocó",2006,"Congreso",NA,NA,NA,"DABAIBE",82,100,182,1
"4509",27073,17007,"Bagadó","Chocó",2006,"Congreso",NA,NA,NA,"ENGRIVADO",129,116,245,1
"4510",27073,17007,"Bagadó","Chocó",2006,"Congreso",NA,NA,NA,"LA SIERRA",105,107,212,1
"4511",27073,17007,"Bagadó","Chocó",2006,"Congreso",NA,NA,NA,"PESCADITO",161,143,304,1
"4512",27073,17007,"Bagadó","Chocó",2006,"Congreso",NA,NA,NA,"PIEDRA HONDA",115,108,223,1
"4513",27073,17007,"Bagadó","Chocó",2006,"Congreso",NA,NA,NA,"PLAYA BONITA",91,87,178,1
"4514",27073,17007,"Bagadó","Chocó",2006,"Congreso",NA,NA,NA,"SAN MARINO",247,272,519,2
"4515",27073,17007,"Bagadó","Chocó",2006,"Congreso",NA,NA,NA,"TAPERA",12,18,30,1
"4516",27073,17007,"Bagadó","Chocó",2006,"Congreso",NA,NA,NA,"VIVICORA (BOCA DE VIVICORA)",143,138,281,1
"4517",27075,17008,"Bahía Solano","Chocó",2006,"Congreso",NA,NA,NA,NA,1505,1627,3132,10
"4518",27075,17008,"Bahía Solano","Chocó",2006,"Congreso",NA,NA,NA,"CUPICA",258,329,587,2
"4519",27075,17008,"Bahía Solano","Chocó",2006,"Congreso",NA,NA,NA,"EL VALLE",599,678,1277,4
"4520",27075,17008,"Bahía Solano","Chocó",2006,"Congreso",NA,NA,NA,"MECANA",28,36,64,1
"4521",27075,17008,"Bahía Solano","Chocó",2006,"Congreso",NA,NA,NA,"NABUGA",64,101,165,1
"4522",27075,17008,"Bahía Solano","Chocó",2006,"Congreso",NA,NA,NA,"GUACA",62,67,129,1
"4523",27075,17008,"Bahía Solano","Chocó",2006,"Congreso",NA,NA,NA,"GUINA",54,77,131,1
"4524",27077,17010,"Bajo Baudó","Chocó",2006,"Congreso",NA,NA,NA,NA,1635,1872,3507,11
"4525",27077,17010,"Bajo Baudó","Chocó",2006,"Congreso",NA,NA,NA,"BELEN DE DOCAMPADO",254,352,606,2
"4526",27077,17010,"Bajo Baudó","Chocó",2006,"Congreso",NA,NA,NA,"CUEVITA",37,57,94,1
"4527",27077,17010,"Bajo Baudó","Chocó",2006,"Congreso",NA,NA,NA,"DOTENEDO",34,54,88,1
"4528",27077,17010,"Bajo Baudó","Chocó",2006,"Congreso",NA,NA,NA,"GUINEAL",130,128,258,1
"4529",27077,17010,"Bajo Baudó","Chocó",2006,"Congreso",NA,NA,NA,"HIJUA (PUERTO ABADIA)",116,133,249,1
"4530",27077,17010,"Bajo Baudó","Chocó",2006,"Congreso",NA,NA,NA,"ORPUA",107,139,246,1
"4531",27077,17010,"Bajo Baudó","Chocó",2006,"Congreso",NA,NA,NA,"PABAZA",42,66,108,1
"4532",27077,17010,"Bajo Baudó","Chocó",2006,"Congreso",NA,NA,NA,"PILIZA",146,149,295,1
"4533",27077,17010,"Bajo Baudó","Chocó",2006,"Congreso",NA,NA,NA,"PLAYITA",114,131,245,1
"4534",27077,17010,"Bajo Baudó","Chocó",2006,"Congreso",NA,NA,NA,"PUNTA DE PURRICHA",86,108,194,1
"4535",27077,17010,"Bajo Baudó","Chocó",2006,"Congreso",NA,NA,NA,"PUERTO MELUK (PACIFICO)",113,131,244,1
"4536",27077,17010,"Bajo Baudó","Chocó",2006,"Congreso",NA,NA,NA,"PURRICHA (PUERTO REYES)",138,145,283,1
"4537",27077,17010,"Bajo Baudó","Chocó",2006,"Congreso",NA,NA,NA,"SIVIRU",204,206,410,2
"4538",27077,17010,"Bajo Baudó","Chocó",2006,"Congreso",NA,NA,NA,"SAN AGUSTIN (TERRON)",134,138,272,1
"4539",27077,17010,"Bajo Baudó","Chocó",2006,"Congreso",NA,NA,NA,"VIRUDO",189,228,417,2
"4540",27077,17010,"Bajo Baudó","Chocó",2006,"Congreso",NA,NA,NA,"VILLA COLOMBIA",188,183,371,2
"4541",27099,17011,"Bojayá","Chocó",2006,"Congreso",NA,NA,NA,NA,870,861,1731,6
"4542",27099,17011,"Bojayá","Chocó",2006,"Congreso",NA,NA,NA,"BOJAYA O LA LOMA",560,607,1167,4
"4543",27099,17011,"Bojayá","Chocó",2006,"Congreso",NA,NA,NA,"CARRILLO",88,105,193,1
"4544",27099,17011,"Bojayá","Chocó",2006,"Congreso",NA,NA,NA,"ISLA DE LOS PALACIOS",39,53,92,1
"4545",27099,17011,"Bojayá","Chocó",2006,"Congreso",NA,NA,NA,"LA BOBA",66,65,131,1
"4546",27099,17011,"Bojayá","Chocó",2006,"Congreso",NA,NA,NA,"PUEBLO NUEVO",5,20,25,1
"4547",27099,17011,"Bojayá","Chocó",2006,"Congreso",NA,NA,NA,"ALFONSO LOPEZ (PUERTO MARTINE",36,35,71,1
"4548",27099,17011,"Bojayá","Chocó",2006,"Congreso",NA,NA,NA,"EL TIGRE",29,38,67,1
"4549",27099,17011,"Bojayá","Chocó",2006,"Congreso",NA,NA,NA,"MESOPOTAMIA",63,82,145,1
"4550",27099,17011,"Bojayá","Chocó",2006,"Congreso",NA,NA,NA,"NAPIPI",246,280,526,2
"4551",27099,17011,"Bojayá","Chocó",2006,"Congreso",NA,NA,NA,"OPOGADO",80,64,144,1
"4552",27099,17011,"Bojayá","Chocó",2006,"Congreso",NA,NA,NA,"POGUE",192,208,400,2
"4553",27099,17011,"Bojayá","Chocó",2006,"Congreso",NA,NA,NA,"PUERTO CONTO",240,236,476,2
"4554",27099,17011,"Bojayá","Chocó",2006,"Congreso",NA,NA,NA,"SAN JOSE DE LA CALLE",66,67,133,1
"4555",27099,17011,"Bojayá","Chocó",2006,"Congreso",NA,NA,NA,"SANTA CRUZ",12,11,23,1
"4556",27099,17011,"Bojayá","Chocó",2006,"Congreso",NA,NA,NA,"VERACRUZ",51,45,96,1
"4557",27425,17012,"Medio Atrato","Chocó",2006,"Congreso",NA,NA,NA,NA,453,406,859,3
"4558",27425,17012,"Medio Atrato","Chocó",2006,"Congreso",NA,NA,NA,"BOCA DE AME",130,131,261,1
"4559",27425,17012,"Medio Atrato","Chocó",2006,"Congreso",NA,NA,NA,"BOCA DE BEBARA",102,113,215,1
"4560",27425,17012,"Medio Atrato","Chocó",2006,"Congreso",NA,NA,NA,"CAMPO ALEGRE",46,74,120,1
"4561",27425,17012,"Medio Atrato","Chocó",2006,"Congreso",NA,NA,NA,"EL LLANO DE BEBARAMA",187,242,429,2
"4562",27425,17012,"Medio Atrato","Chocó",2006,"Congreso",NA,NA,NA,"EL LLANO DE BEBARA",193,251,444,2
"4563",27425,17012,"Medio Atrato","Chocó",2006,"Congreso",NA,NA,NA,"SAN ANTONIO DE BUEY (CAMPO SA",132,185,317,1
"4564",27425,17012,"Medio Atrato","Chocó",2006,"Congreso",NA,NA,NA,"SAN JOSE DE BUEY",122,128,250,1
"4565",27425,17012,"Medio Atrato","Chocó",2006,"Congreso",NA,NA,NA,"SAN ROQUE",147,173,320,1
"4566",27425,17012,"Medio Atrato","Chocó",2006,"Congreso",NA,NA,NA,"TANGUI",273,287,560,2
"4567",27205,17013,"Condoto","Chocó",2006,"Congreso",NA,NA,NA,NA,2905,2766,5671,17
"4568",27205,17013,"Condoto","Chocó",2006,"Congreso",NA,NA,NA,"ACOSO",52,50,102,1
"4569",27205,17013,"Condoto","Chocó",2006,"Congreso",NA,NA,NA,"LA FLORIDA",10,24,34,1
"4570",27205,17013,"Condoto","Chocó",2006,"Congreso",NA,NA,NA,"LA MURI/A",33,28,61,1
"4571",27205,17013,"Condoto","Chocó",2006,"Congreso",NA,NA,NA,"OPOGODO",363,285,648,2
"4572",27205,17013,"Condoto","Chocó",2006,"Congreso",NA,NA,NA,"MANDINGA",58,44,102,1
"4573",27205,17013,"Condoto","Chocó",2006,"Congreso",NA,NA,NA,"LA PLANTA",77,70,147,1
"4574",27205,17013,"Condoto","Chocó",2006,"Congreso",NA,NA,NA,"SANTA ANA",150,141,291,1
"4575",27205,17013,"Condoto","Chocó",2006,"Congreso",NA,NA,NA,"CONSUELO (ANDRAPEDA)",24,40,64,1
"4576",27205,17013,"Condoto","Chocó",2006,"Congreso",NA,NA,NA,"EL PASO",83,88,171,1
"4577",27205,17013,"Condoto","Chocó",2006,"Congreso",NA,NA,NA,"JIGUALITO",33,36,69,1
"4578",27205,17013,"Condoto","Chocó",2006,"Congreso",NA,NA,NA,"TAJUATO",53,53,106,1
"4579",27205,17013,"Condoto","Chocó",2006,"Congreso",NA,NA,NA,"LA HILARIA",46,56,102,1
"4580",27205,17013,"Condoto","Chocó",2006,"Congreso",NA,NA,NA,"LA UNION",38,37,75,1
"4581",27160,17014,"Cértegui","Chocó",2006,"Congreso",NA,NA,NA,NA,1084,875,1959,6
"4582",27160,17014,"Cértegui","Chocó",2006,"Congreso",NA,NA,NA,"LA TOMA",34,29,63,1
"4583",27160,17014,"Cértegui","Chocó",2006,"Congreso",NA,NA,NA,"PARECITO",4,2,6,1
"4584",27160,17014,"Cértegui","Chocó",2006,"Congreso",NA,NA,NA,"PAREDES",2,3,5,1
"4585",27160,17014,"Cértegui","Chocó",2006,"Congreso",NA,NA,NA,"VARIANTE DE CERTEGUI",67,57,124,1
"4586",27150,17015,"Carmen del Darién","Chocó",2006,"Congreso",NA,NA,NA,NA,381,387,768,3
"4587",27150,17015,"Carmen del Darién","Chocó",2006,"Congreso",NA,NA,NA,"BRISAS",95,76,171,1
"4588",27150,17015,"Carmen del Darién","Chocó",2006,"Congreso",NA,NA,NA,"DOMINGODO",149,203,352,2
"4589",27150,17015,"Carmen del Darién","Chocó",2006,"Congreso",NA,NA,NA,"LA GRANDE",73,79,152,1
"4590",27150,17015,"Carmen del Darién","Chocó",2006,"Congreso",NA,NA,NA,"PUERTO LLERAS",25,26,51,1
"4591",27150,17015,"Carmen del Darién","Chocó",2006,"Congreso",NA,NA,NA,"TURRIQUITADO",22,17,39,1
"4592",27150,17015,"Carmen del Darién","Chocó",2006,"Congreso",NA,NA,NA,"VIGIA DE CURBARADO",37,73,110,1
"4593",27150,17015,"Carmen del Darién","Chocó",2006,"Congreso",NA,NA,NA,"VILLA NUEVA DE MONTA/O",125,140,265,1
"4594",27245,17016,"El Carmen de Atrato","Chocó",2006,"Congreso",NA,NA,NA,NA,1986,1903,3889,12
"4595",27245,17016,"El Carmen de Atrato","Chocó",2006,"Congreso",NA,NA,NA,"EL PI/ON",113,130,243,1
"4596",27245,17016,"El Carmen de Atrato","Chocó",2006,"Congreso",NA,NA,NA,"GUADUAS",50,61,111,1
"4597",27245,17016,"El Carmen de Atrato","Chocó",2006,"Congreso",NA,NA,NA,"LA MANSA",108,124,232,1
"4598",27245,17016,"El Carmen de Atrato","Chocó",2006,"Congreso",NA,NA,NA,"LA PLAYA (EL 18)",76,103,179,1
"4599",27135,17017,"El Cantón del San Pablo","Chocó",2006,"Congreso",NA,NA,NA,NA,934,849,1783,6
"4600",27135,17017,"El Cantón del San Pablo","Chocó",2006,"Congreso",NA,NA,NA,"LA VICTORIA",57,97,154,1
"4601",27135,17017,"El Cantón del San Pablo","Chocó",2006,"Congreso",NA,NA,NA,"TARIDO",259,242,501,2
"4602",27135,17017,"El Cantón del San Pablo","Chocó",2006,"Congreso",NA,NA,NA,"PUERTO PERVEL",394,414,808,3
"4603",27135,17017,"El Cantón del San Pablo","Chocó",2006,"Congreso",NA,NA,NA,"BOCA DE RASPADURA",102,111,213,1
"4604",27135,17017,"El Cantón del San Pablo","Chocó",2006,"Congreso",NA,NA,NA,"GUAPANDO",32,33,65,1
"4605",27361,17019,"Istmina","Chocó",2006,"Congreso",NA,NA,NA,NA,5477,5143,10620,31
"4606",27361,17019,"Istmina","Chocó",2006,"Congreso",NA,NA,NA,"BASURU",124,138,262,1
"4607",27361,17019,"Istmina","Chocó",2006,"Congreso",NA,NA,NA,"DIPURDU DE LOS INDIOS",33,67,100,1
"4608",27361,17019,"Istmina","Chocó",2006,"Congreso",NA,NA,NA,"GUINIGUINI",43,54,97,1
"4609",27361,17019,"Istmina","Chocó",2006,"Congreso",NA,NA,NA,"LAS MOJARRAS",81,109,190,1
"4610",27361,17019,"Istmina","Chocó",2006,"Congreso",NA,NA,NA,"NEGRIA",69,75,144,1
"4611",27361,17019,"Istmina","Chocó",2006,"Congreso",NA,NA,NA,"PAITO",89,96,185,1
"4612",27361,17019,"Istmina","Chocó",2006,"Congreso",NA,NA,NA,"PANAMECITO",84,95,179,1
"4613",27361,17019,"Istmina","Chocó",2006,"Congreso",NA,NA,NA,"PRIMAVERA",176,211,387,2
"4614",27361,17019,"Istmina","Chocó",2006,"Congreso",NA,NA,NA,"POTEDO",227,231,458,2
"4615",27361,17019,"Istmina","Chocó",2006,"Congreso",NA,NA,NA,"SALAZAR",209,206,415,2
"4616",27361,17019,"Istmina","Chocó",2006,"Congreso",NA,NA,NA,"SURUCO SANTA MONICA",68,59,127,1
"4617",27361,17019,"Istmina","Chocó",2006,"Congreso",NA,NA,NA,"SAN ANTONIO",55,52,107,1
"4618",27361,17019,"Istmina","Chocó",2006,"Congreso",NA,NA,NA,"SURUCO SAN JOSE",36,41,77,1
"4619",27372,17022,"Juradó","Chocó",2006,"Congreso",NA,NA,NA,NA,791,1123,1914,6
"4620",27372,17022,"Juradó","Chocó",2006,"Congreso",NA,NA,NA,"COREDO",15,31,46,1
"4621",27372,17022,"Juradó","Chocó",2006,"Congreso",NA,NA,NA,"CURICHE",45,59,104,1
"4622",27372,17022,"Juradó","Chocó",2006,"Congreso",NA,NA,NA,"GUARIN",7,11,18,1
"4623",27372,17022,"Juradó","Chocó",2006,"Congreso",NA,NA,NA,"AGUACATE",4,16,20,1
"4624",27372,17022,"Juradó","Chocó",2006,"Congreso",NA,NA,NA,"PUNTA ARDITA",58,87,145,1
"4625",27372,17022,"Juradó","Chocó",2006,"Congreso",NA,NA,NA,"PUNTA DE CRUCES (PI/ITA)",13,24,37,1
"4626",27413,17025,"Lloró","Chocó",2006,"Congreso",NA,NA,NA,NA,1674,1618,3292,10
"4627",27413,17025,"Lloró","Chocó",2006,"Congreso",NA,NA,NA,"CHAGRATADA (BOCA DE BORAUDO)",240,234,474,2
"4628",27413,17025,"Lloró","Chocó",2006,"Congreso",NA,NA,NA,"GUAITADO",157,177,334,1
"4629",27413,17025,"Lloró","Chocó",2006,"Congreso",NA,NA,NA,"LA VUELTA",240,207,447,2
"4630",27413,17025,"Lloró","Chocó",2006,"Congreso",NA,NA,NA,"LAS HAMACAS (TAPERA)",41,62,103,1
"4631",27413,17025,"Lloró","Chocó",2006,"Congreso",NA,NA,NA,"MUMBARADO (VILLA CLARET)",354,343,697,3
"4632",27413,17025,"Lloró","Chocó",2006,"Congreso",NA,NA,NA,"TUMUTUMBUDO",80,93,173,1
"4633",27413,17025,"Lloró","Chocó",2006,"Congreso",NA,NA,NA,"NIPURDU",90,88,178,1
"4634",27413,17025,"Lloró","Chocó",2006,"Congreso",NA,NA,NA,"VILLANUEVA",29,34,63,1
"4635",27430,17026,"Medio Baudó","Chocó",2006,"Congreso",NA,NA,NA,NA,374,355,729,3
"4636",27430,17026,"Medio Baudó","Chocó",2006,"Congreso",NA,NA,NA,"ALMENDRO",59,64,123,1
"4637",27430,17026,"Medio Baudó","Chocó",2006,"Congreso",NA,NA,NA,"BAUDOCITO (SAN MIGUEL)",128,147,275,1
"4638",27430,17026,"Medio Baudó","Chocó",2006,"Congreso",NA,NA,NA,"BAUDOCITO PUERTO OLIVA",108,104,212,1
"4639",27430,17026,"Medio Baudó","Chocó",2006,"Congreso",NA,NA,NA,"BERIGUANDO",114,129,243,1
"4640",27430,17026,"Medio Baudó","Chocó",2006,"Congreso",NA,NA,NA,"BOCA DE PEPE",336,375,711,3
"4641",27430,17026,"Medio Baudó","Chocó",2006,"Congreso",NA,NA,NA,"CURUNDO (LA BANCA)",157,175,332,1
"4642",27430,17026,"Medio Baudó","Chocó",2006,"Congreso",NA,NA,NA,"RIO SIERPE (VILLA NUEVA)",21,28,49,1
"4643",27430,17026,"Medio Baudó","Chocó",2006,"Congreso",NA,NA,NA,"TORREIDO DE ABAJO (BOCA DE QU",207,296,503,2
"4644",27430,17026,"Medio Baudó","Chocó",2006,"Congreso",NA,NA,NA,"MISARA (CONC. UNION MISARA)",89,98,187,1
"4645",27430,17026,"Medio Baudó","Chocó",2006,"Congreso",NA,NA,NA,"BELLAVISTA BERREBERRE",74,78,152,1
"4646",27430,17026,"Medio Baudó","Chocó",2006,"Congreso",NA,NA,NA,"PIE DE PEPE",395,364,759,3
"4647",27430,17026,"Medio Baudó","Chocó",2006,"Congreso",NA,NA,NA,"NUEVO PLATANARES",69,75,144,1
"4648",27430,17026,"Medio Baudó","Chocó",2006,"Congreso",NA,NA,NA,"TORREIDO DE ARRIBA (ARENAL)",131,156,287,1
"4649",27430,17026,"Medio Baudó","Chocó",2006,"Congreso",NA,NA,NA,"TORREIDO DE ARRIBA (PTO.DAN)",236,255,491,2
"4650",27450,17027,"Medio San Juan","Chocó",2006,"Congreso",NA,NA,NA,NA,1348,1264,2612,8
"4651",27450,17027,"Medio San Juan","Chocó",2006,"Congreso",NA,NA,NA,"BEBEDO",270,290,560,2
"4652",27450,17027,"Medio San Juan","Chocó",2006,"Congreso",NA,NA,NA,"BOCA DE SURUCO",181,177,358,2
"4653",27450,17027,"Medio San Juan","Chocó",2006,"Congreso",NA,NA,NA,"CHIQUICHOQUI",127,115,242,1
"4654",27450,17027,"Medio San Juan","Chocó",2006,"Congreso",NA,NA,NA,"DIPURDU",304,332,636,2
"4655",27450,17027,"Medio San Juan","Chocó",2006,"Congreso",NA,NA,NA,"EL GUAMO",62,62,124,1
"4656",27450,17027,"Medio San Juan","Chocó",2006,"Congreso",NA,NA,NA,"LA UNION",0,0,0,0
"4657",27450,17027,"Medio San Juan","Chocó",2006,"Congreso",NA,NA,NA,"NOANAMA",360,384,744,3
"4658",27450,17027,"Medio San Juan","Chocó",2006,"Congreso",NA,NA,NA,"PRIMADO LA RACHA",103,128,231,1
"4659",27450,17027,"Medio San Juan","Chocó",2006,"Congreso",NA,NA,NA,"SAN MARTIN (GUARAPITO)",134,113,247,1
"4660",27450,17027,"Medio San Juan","Chocó",2006,"Congreso",NA,NA,NA,"SAN MIGUEL",169,213,382,2
"4661",27491,17028,"Nóvita","Chocó",2006,"Congreso",NA,NA,NA,NA,770,770,1540,5
"4662",27491,17028,"Nóvita","Chocó",2006,"Congreso",NA,NA,NA,"EL CAJON",74,96,170,1
"4663",27491,17028,"Nóvita","Chocó",2006,"Congreso",NA,NA,NA,"CARMEN DEL SURAMA",64,67,131,1
"4664",27491,17028,"Nóvita","Chocó",2006,"Congreso",NA,NA,NA,"CURUNDO",52,50,102,1
"4665",27491,17028,"Nóvita","Chocó",2006,"Congreso",NA,NA,NA,"EL TAMBITO",40,40,80,1
"4666",27491,17028,"Nóvita","Chocó",2006,"Congreso",NA,NA,NA,"EL TIGRE",147,161,308,1
"4667",27491,17028,"Nóvita","Chocó",2006,"Congreso",NA,NA,NA,"IRABUBU",74,68,142,1
"4668",27491,17028,"Nóvita","Chocó",2006,"Congreso",NA,NA,NA,"JUNTAS DEL TAMANA",117,170,287,1
"4669",27491,17028,"Nóvita","Chocó",2006,"Congreso",NA,NA,NA,"LA PLAYITA (PINDAZA)",136,158,294,1
"4670",27491,17028,"Nóvita","Chocó",2006,"Congreso",NA,NA,NA,"SAN LORENZO",60,78,138,1
"4671",27491,17028,"Nóvita","Chocó",2006,"Congreso",NA,NA,NA,"SANTA ROSA (SAN LORENZO)",96,94,190,1
"4672",27491,17028,"Nóvita","Chocó",2006,"Congreso",NA,NA,NA,"SESEGO",53,52,105,1
"4673",27491,17028,"Nóvita","Chocó",2006,"Congreso",NA,NA,NA,"TORRA",49,35,84,1
"4674",27491,17028,"Nóvita","Chocó",2006,"Congreso",NA,NA,NA,"URABARA",92,129,221,1
"4675",27495,17031,"Nuquí","Chocó",2006,"Congreso",NA,NA,NA,NA,1171,1172,2343,7
"4676",27495,17031,"Nuquí","Chocó",2006,"Congreso",NA,NA,NA,"ARUSI",150,213,363,2
"4677",27495,17031,"Nuquí","Chocó",2006,"Congreso",NA,NA,NA,"COQUI",63,87,150,1
"4678",27495,17031,"Nuquí","Chocó",2006,"Congreso",NA,NA,NA,"JOVI",74,89,163,1
"4679",27495,17031,"Nuquí","Chocó",2006,"Congreso",NA,NA,NA,"JURUBIDA",245,285,530,2
"4680",27495,17031,"Nuquí","Chocó",2006,"Congreso",NA,NA,NA,"PANGUI",151,184,335,1
"4681",27495,17031,"Nuquí","Chocó",2006,"Congreso",NA,NA,NA,"TRIBUGA",68,101,169,1
"4682",27495,17031,"Nuquí","Chocó",2006,"Congreso",NA,NA,NA,"TERMALES",61,88,149,1
"4683",27580,17032,"Río Iro","Chocó",2006,"Congreso",NA,NA,NA,NA,733,798,1531,5
"4684",27580,17032,"Río Iro","Chocó",2006,"Congreso",NA,NA,NA,"ALTO CHATO",28,36,64,1
"4685",27580,17032,"Río Iro","Chocó",2006,"Congreso",NA,NA,NA,"CALLE DEL CEDRO",43,60,103,1
"4686",27580,17032,"Río Iro","Chocó",2006,"Congreso",NA,NA,NA,"CORODO",59,78,137,1
"4687",27580,17032,"Río Iro","Chocó",2006,"Congreso",NA,NA,NA,"ENCHARCAZON",93,105,198,1
"4688",27580,17032,"Río Iro","Chocó",2006,"Congreso",NA,NA,NA,"SAN JOSE DE VIROVIRO",134,126,260,1
"4689",27580,17032,"Río Iro","Chocó",2006,"Congreso",NA,NA,NA,"SANTA BARBARA",227,198,425,2
"4690",27615,17034,"Riosucio","Chocó",2006,"Congreso",NA,NA,NA,NA,2774,2695,5469,16
"4691",27615,17034,"Riosucio","Chocó",2006,"Congreso",NA,NA,NA,"CACARICAS (GUAGARA)",45,63,108,1
"4692",27615,17034,"Riosucio","Chocó",2006,"Congreso",NA,NA,NA,"ALTO RIOSUCIO (CAMPO ALEGRE)",482,742,1224,4
"4693",27615,17034,"Riosucio","Chocó",2006,"Congreso",NA,NA,NA,"CHINTADO",68,100,168,1
"4694",27615,17034,"Riosucio","Chocó",2006,"Congreso",NA,NA,NA,"JIGUAMIANDO",52,62,114,1
"4695",27615,17034,"Riosucio","Chocó",2006,"Congreso",NA,NA,NA,"LA ISLETA",24,35,59,1
"4696",27615,17034,"Riosucio","Chocó",2006,"Congreso",NA,NA,NA,"LA HONDA",39,81,120,1
"4697",27615,17034,"Riosucio","Chocó",2006,"Congreso",NA,NA,NA,"LA RAYA",30,62,92,1
"4698",27615,17034,"Riosucio","Chocó",2006,"Congreso",NA,NA,NA,"LA TERESITA",32,37,69,1
"4699",27615,17034,"Riosucio","Chocó",2006,"Congreso",NA,NA,NA,"LA TRAVESIA",9,25,34,1
"4700",27615,17034,"Riosucio","Chocó",2006,"Congreso",NA,NA,NA,"LA LARGA",59,112,171,1
"4701",27615,17034,"Riosucio","Chocó",2006,"Congreso",NA,NA,NA,"PERANCHITO",58,84,142,1
"4702",27615,17034,"Riosucio","Chocó",2006,"Congreso",NA,NA,NA,"SALAQUI",40,90,130,1
"4703",27615,17034,"Riosucio","Chocó",2006,"Congreso",NA,NA,NA,"SAUTATA (PERANCHO)",31,56,87,1
"4704",27615,17034,"Riosucio","Chocó",2006,"Congreso",NA,NA,NA,"TAMBORAL",71,100,171,1
"4705",27615,17034,"Riosucio","Chocó",2006,"Congreso",NA,NA,NA,"TRUANDO",22,26,48,1
"4706",27615,17034,"Riosucio","Chocó",2006,"Congreso",NA,NA,NA,"TUMARADOCITO (BELLAVISTA)",73,117,190,1
"4707",27615,17034,"Riosucio","Chocó",2006,"Congreso",NA,NA,NA,"VENECIA",53,88,141,1
"4708",27615,17034,"Riosucio","Chocó",2006,"Congreso",NA,NA,NA,"LLANO RICO",22,90,112,1
"4709",27600,17035,"Río Quito","Chocó",2006,"Congreso",NA,NA,NA,NA,640,566,1206,4
"4710",27600,17035,"Río Quito","Chocó",2006,"Congreso",NA,NA,NA,"ANTADO (LA PUNTA)",49,61,110,1
"4711",27600,17035,"Río Quito","Chocó",2006,"Congreso",NA,NA,NA,"BOCA DE PARTADO",132,135,267,1
"4712",27600,17035,"Río Quito","Chocó",2006,"Congreso",NA,NA,NA,"CHIGUARANDO",63,49,112,1
"4713",27600,17035,"Río Quito","Chocó",2006,"Congreso",NA,NA,NA,"LA SOLEDAD",308,210,518,2
"4714",27600,17035,"Río Quito","Chocó",2006,"Congreso",NA,NA,NA,"LA LOMA PUEBLO NUEVO",122,83,205,1
"4715",27600,17035,"Río Quito","Chocó",2006,"Congreso",NA,NA,NA,"SAN ISIDRO",464,404,868,3
"4716",27600,17035,"Río Quito","Chocó",2006,"Congreso",NA,NA,NA,"TUADO",38,33,71,1
"4717",27600,17035,"Río Quito","Chocó",2006,"Congreso",NA,NA,NA,"VILLACONTO",531,490,1021,3
"4718",27660,17037,"San José del Palmar","Chocó",2006,"Congreso",NA,NA,NA,NA,868,1009,1877,6
"4719",27660,17037,"San José del Palmar","Chocó",2006,"Congreso",NA,NA,NA,"CORCOBADO",39,66,105,1
"4720",27660,17037,"San José del Palmar","Chocó",2006,"Congreso",NA,NA,NA,"LA ITALIA",223,288,511,2
"4721",27660,17037,"San José del Palmar","Chocó",2006,"Congreso",NA,NA,NA,"PLAYA RICA",5,15,20,1
"4722",27660,17037,"San José del Palmar","Chocó",2006,"Congreso",NA,NA,NA,"RIOBLANCO",5,13,18,1
"4723",27660,17037,"San José del Palmar","Chocó",2006,"Congreso",NA,NA,NA,"DAMASCO",15,29,44,1
"4724",27660,17037,"San José del Palmar","Chocó",2006,"Congreso",NA,NA,NA,"HABITA",14,44,58,1
"4725",27660,17037,"San José del Palmar","Chocó",2006,"Congreso",NA,NA,NA,"SAN PEDRO DE INGARA",85,150,235,1
"4726",27660,17037,"San José del Palmar","Chocó",2006,"Congreso",NA,NA,NA,"LA ALBANIA",39,73,112,1
"4727",27660,17037,"San José del Palmar","Chocó",2006,"Congreso",NA,NA,NA,"LA SELVA",36,79,115,1
"4728",27660,17037,"San José del Palmar","Chocó",2006,"Congreso",NA,NA,NA,"LA LIBERTAD",38,51,89,1
"4729",27660,17037,"San José del Palmar","Chocó",2006,"Congreso",NA,NA,NA,"LOS PATIOS",22,43,65,1
"4730",27660,17037,"San José del Palmar","Chocó",2006,"Congreso",NA,NA,NA,"SURAMITA",31,74,105,1
"4731",27660,17037,"San José del Palmar","Chocó",2006,"Congreso",NA,NA,NA,"PLAYA RICA DE LA SELVA",28,49,77,1
"4732",27660,17037,"San José del Palmar","Chocó",2006,"Congreso",NA,NA,NA,"VALENCIA",51,88,139,1
"4733",27660,17037,"San José del Palmar","Chocó",2006,"Congreso",NA,NA,NA,"ZABALETA DE SURAMITA",14,26,40,1
"4734",27250,17038,"El Litoral del San Juan","Chocó",2006,"Congreso",NA,NA,NA,NA,764,1209,1973,6
"4735",27250,17038,"El Litoral del San Juan","Chocó",2006,"Congreso",NA,NA,NA,"CHARAMBIRA",83,106,189,1
"4736",27250,17038,"El Litoral del San Juan","Chocó",2006,"Congreso",NA,NA,NA,"COPOMA",232,249,481,2
"4737",27250,17038,"El Litoral del San Juan","Chocó",2006,"Congreso",NA,NA,NA,"CUCURRUPI",121,176,297,1
"4738",27250,17038,"El Litoral del San Juan","Chocó",2006,"Congreso",NA,NA,NA,"ISLA MONO",296,308,604,2
"4739",27250,17038,"El Litoral del San Juan","Chocó",2006,"Congreso",NA,NA,NA,"MUNGUIDO",262,283,545,2
"4740",27250,17038,"El Litoral del San Juan","Chocó",2006,"Congreso",NA,NA,NA,"PALESTINA",119,142,261,1
"4741",27250,17038,"El Litoral del San Juan","Chocó",2006,"Congreso",NA,NA,NA,"PICHIMA",182,196,378,2
"4742",27250,17038,"El Litoral del San Juan","Chocó",2006,"Congreso",NA,NA,NA,"PLAYITA - VENAO",32,36,68,1
"4743",27250,17038,"El Litoral del San Juan","Chocó",2006,"Congreso",NA,NA,NA,"TAPARAL",190,235,425,2
"4744",27250,17038,"El Litoral del San Juan","Chocó",2006,"Congreso",NA,NA,NA,"TOGOROMA",223,248,471,2
"4745",27745,17040,"Sipí","Chocó",2006,"Congreso",NA,NA,NA,NA,252,299,551,2
"4746",27745,17040,"Sipí","Chocó",2006,"Congreso",NA,NA,NA,"CA/AVERAL",130,165,295,1
"4747",27745,17040,"Sipí","Chocó",2006,"Congreso",NA,NA,NA,"CHARCO LARGO LA UNION",93,105,198,1
"4748",27745,17040,"Sipí","Chocó",2006,"Congreso",NA,NA,NA,"GARRAPATAS",74,125,199,1
"4749",27745,17040,"Sipí","Chocó",2006,"Congreso",NA,NA,NA,"SAN AGUSTIN",143,188,331,1
"4750",27745,17040,"Sipí","Chocó",2006,"Congreso",NA,NA,NA,"TANANDO",97,114,211,1
"4751",27745,17040,"Sipí","Chocó",2006,"Congreso",NA,NA,NA,"TAPARAL",117,148,265,1
"4752",27787,17043,"Tadó","Chocó",2006,"Congreso",NA,NA,NA,NA,3337,2978,6315,19
"4753",27787,17043,"Tadó","Chocó",2006,"Congreso",NA,NA,NA,"CARMELO",181,153,334,1
"4754",27787,17043,"Tadó","Chocó",2006,"Congreso",NA,NA,NA,"EL TABOR",300,250,550,2
"4755",27787,17043,"Tadó","Chocó",2006,"Congreso",NA,NA,NA,"BETANIA",53,78,131,1
"4756",27787,17043,"Tadó","Chocó",2006,"Congreso",NA,NA,NA,"CORCOBADO",95,107,202,1
"4757",27787,17043,"Tadó","Chocó",2006,"Congreso",NA,NA,NA,"EL TAPON",143,163,306,1
"4758",27787,17043,"Tadó","Chocó",2006,"Congreso",NA,NA,NA,"GUARATO",145,121,266,1
"4759",27787,17043,"Tadó","Chocó",2006,"Congreso",NA,NA,NA,"IBORDO",10,12,22,1
"4760",27787,17043,"Tadó","Chocó",2006,"Congreso",NA,NA,NA,"MANUNGARA",70,76,146,1
"4761",27787,17043,"Tadó","Chocó",2006,"Congreso",NA,NA,NA,"MUMBU",45,49,94,1
"4762",27787,17043,"Tadó","Chocó",2006,"Congreso",NA,NA,NA,"PLAYA DE ORO",305,298,603,2
"4763",27787,17043,"Tadó","Chocó",2006,"Congreso",NA,NA,NA,"PROFUNDO",85,106,191,1
"4764",27787,17043,"Tadó","Chocó",2006,"Congreso",NA,NA,NA,"LA ESPERANZA (TADOCITO)",107,122,229,1
"4765",27800,17048,"Unguía","Chocó",2006,"Congreso",NA,NA,NA,NA,1791,1875,3666,11
"4766",27800,17048,"Unguía","Chocó",2006,"Congreso",NA,NA,NA,"BALBOA",211,312,523,2
"4767",27800,17048,"Unguía","Chocó",2006,"Congreso",NA,NA,NA,"GILGAL",261,344,605,2
"4768",27800,17048,"Unguía","Chocó",2006,"Congreso",NA,NA,NA,"MANTUNTUGO",3,9,12,1
"4769",27800,17048,"Unguía","Chocó",2006,"Congreso",NA,NA,NA,"SANTA MARIA LA NUEVA (CUTI)",215,323,538,2
"4770",27800,17048,"Unguía","Chocó",2006,"Congreso",NA,NA,NA,"TANELA",126,217,343,1
"4771",27800,17048,"Unguía","Chocó",2006,"Congreso",NA,NA,NA,"TITUMATE",130,164,294,1
"4772",27810,17060,"Unión Panamericana","Chocó",2006,"Congreso",NA,NA,NA,NA,840,788,1628,5
"4773",27810,17060,"Unión Panamericana","Chocó",2006,"Congreso",NA,NA,NA,"EL PLAN DE RASPADURA",289,237,526,2
"4774",27810,17060,"Unión Panamericana","Chocó",2006,"Congreso",NA,NA,NA,"LA Y",100,127,227,1
"4775",27810,17060,"Unión Panamericana","Chocó",2006,"Congreso",NA,NA,NA,"QUIADO",65,57,122,1
"4776",27810,17060,"Unión Panamericana","Chocó",2006,"Congreso",NA,NA,NA,"SAN RAFAEL DEL DOS",200,208,408,2
"4777",27810,17060,"Unión Panamericana","Chocó",2006,"Congreso",NA,NA,NA,"SALERO",88,85,173,1
"4778",27810,17060,"Unión Panamericana","Chocó",2006,"Congreso",NA,NA,NA,"SAN PABLO ADENTRO",112,107,219,1
"4779",41001,19001,"Neiva","Huila",2006,"Congreso",NA,NA,NA,"COL.CONTRALORIA GRAL DE LA RE",2820,3255,6075,18
"4780",41001,19001,"Neiva","Huila",2006,"Congreso",NA,NA,NA,"INEM",5862,3705,9567,28
"4781",41001,19001,"Neiva","Huila",2006,"Congreso",NA,NA,NA,"COL. SAN MIGUEL ARCANGEL",1722,1535,3257,10
"4782",41001,19001,"Neiva","Huila",2006,"Congreso",NA,NA,NA,"ESC. LOS PINOS",1685,1500,3185,10
"4783",41001,19001,"Neiva","Huila",2006,"Congreso",NA,NA,NA,"ESC. EUGENIO SALAS",2579,1972,4551,14
"4784",41001,19001,"Neiva","Huila",2006,"Congreso",NA,NA,NA,"COL. Ma. CRISTINA ARANGO",1133,804,1937,6
"4785",41001,19001,"Neiva","Huila",2006,"Congreso",NA,NA,NA,"COL. GABRIEL GARCIA MARQUEZ",3258,2311,5569,17
"4786",41001,19001,"Neiva","Huila",2006,"Congreso",NA,NA,NA,"ESCUELA LUIS CARLOS GALAN",1470,991,2461,8
"4787",41001,19001,"Neiva","Huila",2006,"Congreso",NA,NA,NA,"ESC. LOS MARTIRES",2144,2396,4540,14
"4788",41001,19001,"Neiva","Huila",2006,"Congreso",NA,NA,NA,"FACULTAD DE MEDICINA",997,8243,9240,27
"4789",41001,19001,"Neiva","Huila",2006,"Congreso",NA,NA,NA,"PARQ. HOSPITAL UNIVERSITARIO",8446,483,8929,26
"4790",41001,19001,"Neiva","Huila",2006,"Congreso",NA,NA,NA,"ESC. FCA BARRERO DE PERDOMO",1988,1804,3792,12
"4791",41001,19001,"Neiva","Huila",2006,"Congreso",NA,NA,NA,"COL. ANGEL MARIA PAREDES",2552,1948,4500,14
"4792",41001,19001,"Neiva","Huila",2006,"Congreso",NA,NA,NA,"COL. RICARDO BORRERO ALVAREZ",5558,4792,10350,31
"4793",41001,19001,"Neiva","Huila",2006,"Congreso",NA,NA,NA,"COLEGIO SANTA LIBRADA",6795,6031,12826,38
"4794",41001,19001,"Neiva","Huila",2006,"Congreso",NA,NA,NA,"INST. ANGELINO VARGAS",3463,2827,6290,19
"4795",41001,19001,"Neiva","Huila",2006,"Congreso",NA,NA,NA,"ESC. GUILLERMO MONTENEGRO",1670,1315,2985,9
"4796",41001,19001,"Neiva","Huila",2006,"Congreso",NA,NA,NA,"COL.JOSE AUSTACIO RIVERA",3357,2421,5778,17
"4797",41001,19001,"Neiva","Huila",2006,"Congreso",NA,NA,NA,"ESCUELA CALIXTO LEYVA",1588,1249,2837,9
"4798",41001,19001,"Neiva","Huila",2006,"Congreso",NA,NA,NA,"COLEGIO DIEGO DE OSPINA",2603,2175,4778,14
"4799",41001,19001,"Neiva","Huila",2006,"Congreso",NA,NA,NA,"ESC. NORMAL SUPERIOR DE NEIVA",721,617,1338,4
"4800",41001,19001,"Neiva","Huila",2006,"Congreso",NA,NA,NA,"ESCUELA LAS PALMAS",2933,2309,5242,16
"4801",41001,19001,"Neiva","Huila",2006,"Congreso",NA,NA,NA,"COL. HUMBERTO TAFUR CHARRY",2112,1528,3640,11
"4802",41001,19001,"Neiva","Huila",2006,"Congreso",NA,NA,NA,"ESCUELA LIMONAR",1802,1420,3222,10
"4803",41001,19001,"Neiva","Huila",2006,"Congreso",NA,NA,NA,"COL. OLIVERIO LARA BORRERO",5685,4040,9725,29
"4804",41001,19001,"Neiva","Huila",2006,"Congreso",NA,NA,NA,"ESCUELA EL ROSARIO",750,595,1345,4
"4805",41001,19001,"Neiva","Huila",2006,"Congreso",NA,NA,NA,"I.P.C",4456,3175,7631,23
"4806",41001,19001,"Neiva","Huila",2006,"Congreso",NA,NA,NA,"ESC. POPULAR CLARETIANA",1065,720,1785,6
"4807",41001,19001,"Neiva","Huila",2006,"Congreso",NA,NA,NA,"PUESTO CENSO",19473,15364,34837,44
"4808",41001,19001,"Neiva","Huila",2006,"Congreso",NA,NA,NA,"VEGALARGA",746,1116,1862,6
"4809",41001,19001,"Neiva","Huila",2006,"Congreso",NA,NA,NA,"RIO LAS CEIBAS",190,339,529,2
"4810",41001,19001,"Neiva","Huila",2006,"Congreso",NA,NA,NA,"CAGUAN",1076,972,2048,6
"4811",41001,19001,"Neiva","Huila",2006,"Congreso",NA,NA,NA,"FORTALECILLAS",742,635,1377,5
"4812",41001,19001,"Neiva","Huila",2006,"Congreso",NA,NA,NA,"GUACIRCO",289,357,646,2
"4813",41001,19001,"Neiva","Huila",2006,"Congreso",NA,NA,NA,"SAN LUIS",453,607,1060,4
"4814",41001,19001,"Neiva","Huila",2006,"Congreso",NA,NA,NA,"CHAPINERO",175,214,389,2
"4815",41001,19001,"Neiva","Huila",2006,"Congreso",NA,NA,NA,"AIPECITO",122,228,350,2
"4816",41006,19004,"Acevedo","Huila",2006,"Congreso",NA,NA,NA,NA,4006,4651,8657,26
"4817",41006,19004,"Acevedo","Huila",2006,"Congreso",NA,NA,NA,"SAN ADOLFO",995,1350,2345,7
"4818",41006,19004,"Acevedo","Huila",2006,"Congreso",NA,NA,NA,"SAN MARCOS",293,360,653,2
"4819",41013,19007,"Agrado","Huila",2006,"Congreso",NA,NA,NA,NA,2545,2526,5071,15
"4820",41016,19010,"Aipe","Huila",2006,"Congreso",NA,NA,NA,NA,4921,4846,9767,29
"4821",41016,19010,"Aipe","Huila",2006,"Congreso",NA,NA,NA,"PRAGA",316,406,722,3
"4822",41016,19010,"Aipe","Huila",2006,"Congreso",NA,NA,NA,"LA CEJA",325,470,795,3
"4823",41016,19010,"Aipe","Huila",2006,"Congreso",NA,NA,NA,"POTRERITOS",84,96,180,1
"4824",41016,19010,"Aipe","Huila",2006,"Congreso",NA,NA,NA,"SANTA RITA",354,540,894,3
"4825",41016,19010,"Aipe","Huila",2006,"Congreso",NA,NA,NA,"PATA",124,122,246,1
"4826",41020,19013,"Algeciras","Huila",2006,"Congreso",NA,NA,NA,NA,5214,5750,10964,32
"4827",41020,19013,"Algeciras","Huila",2006,"Congreso",NA,NA,NA,"EL PARAISO",209,266,475,2
"4828",41020,19013,"Algeciras","Huila",2006,"Congreso",NA,NA,NA,"EL TORO",147,230,377,2
"4829",41020,19013,"Algeciras","Huila",2006,"Congreso",NA,NA,NA,"LA ARCADIA",214,368,582,2
"4830",41026,19016,"Altamira","Huila",2006,"Congreso",NA,NA,NA,NA,1222,1087,2309,7
"4831",41078,19019,"Baraya","Huila",2006,"Congreso",NA,NA,NA,NA,2223,2315,4538,14
"4832",41078,19019,"Baraya","Huila",2006,"Congreso",NA,NA,NA,"LA TROJA",97,158,255,1
"4833",41078,19019,"Baraya","Huila",2006,"Congreso",NA,NA,NA,"LA BATALLA",71,110,181,1
"4834",41078,19019,"Baraya","Huila",2006,"Congreso",NA,NA,NA,"LOS LAURELES",60,105,165,1
"4835",41078,19019,"Baraya","Huila",2006,"Congreso",NA,NA,NA,"PATIA",146,197,343,1
"4836",41078,19019,"Baraya","Huila",2006,"Congreso",NA,NA,NA,"MIRAMAR",46,82,128,1
"4837",41132,19022,"Campoalegre","Huila",2006,"Congreso",NA,NA,NA,NA,10100,9469,19569,57
"4838",41132,19022,"Campoalegre","Huila",2006,"Congreso",NA,NA,NA,"OTAS",94,98,192,1
"4839",41797,19025,"Tesalia","Huila",2006,"Congreso",NA,NA,NA,NA,2439,2426,4865,15
"4840",41797,19025,"Tesalia","Huila",2006,"Congreso",NA,NA,NA,"PACARNI",506,525,1031,3
"4841",41206,19028,"Colombia","Huila",2006,"Congreso",NA,NA,NA,NA,1580,1874,3454,11
"4842",41206,19028,"Colombia","Huila",2006,"Congreso",NA,NA,NA,"MONGUI",112,160,272,1
"4843",41206,19028,"Colombia","Huila",2006,"Congreso",NA,NA,NA,"LOS RIOS",70,101,171,1
"4844",41206,19028,"Colombia","Huila",2006,"Congreso",NA,NA,NA,"POTREROGRANDE",112,165,277,1
"4845",41206,19028,"Colombia","Huila",2006,"Congreso",NA,NA,NA,"SAN MARCOS",143,212,355,2
"4846",41206,19028,"Colombia","Huila",2006,"Congreso",NA,NA,NA,"SANTANA",407,566,973,3
"4847",41206,19028,"Colombia","Huila",2006,"Congreso",NA,NA,NA,"LAS LAJAS",93,169,262,1
"4848",41206,19028,"Colombia","Huila",2006,"Congreso",NA,NA,NA,"SAN ANTONIO ALTO",102,154,256,1
"4849",41244,19031,"Elías","Huila",2006,"Congreso",NA,NA,NA,NA,855,902,1757,6
"4850",41244,19031,"Elías","Huila",2006,"Congreso",NA,NA,NA,"EL VISO",173,185,358,2
"4851",41244,19031,"Elías","Huila",2006,"Congreso",NA,NA,NA,"ORITOGUAZ",142,150,292,1
"4852",41298,19034,"Garzón","Huila",2006,"Congreso",NA,NA,NA,"INST.EDUC.JENARO DIAZ JORDAN",3573,3454,7027,21
"4853",41298,19034,"Garzón","Huila",2006,"Congreso",NA,NA,NA,"NUEVA GALERIA",2688,2298,4986,15
"4854",41298,19034,"Garzón","Huila",2006,"Congreso",NA,NA,NA,"COL. CALIXTO LEYVA",1811,1624,3435,10
"4855",41298,19034,"Garzón","Huila",2006,"Congreso",NA,NA,NA,"CTO.DOCENTE RAFAEL MENDEZ T.",1650,1650,3300,10
"4856",41298,19034,"Garzón","Huila",2006,"Congreso",NA,NA,NA,"PUESTO CENSO",7133,6430,13563,18
"4857",41298,19034,"Garzón","Huila",2006,"Congreso",NA,NA,NA,"CARCEL",6,62,68,1
"4858",41298,19034,"Garzón","Huila",2006,"Congreso",NA,NA,NA,"EL RECREO",185,244,429,2
"4859",41298,19034,"Garzón","Huila",2006,"Congreso",NA,NA,NA,"EL PARAISO",438,534,972,3
"4860",41298,19034,"Garzón","Huila",2006,"Congreso",NA,NA,NA,"CAGUANCITO",303,350,653,2
"4861",41298,19034,"Garzón","Huila",2006,"Congreso",NA,NA,NA,"EL MESON",268,351,619,2
"4862",41298,19034,"Garzón","Huila",2006,"Congreso",NA,NA,NA,"LA JAGUA",325,243,568,2
"4863",41298,19034,"Garzón","Huila",2006,"Congreso",NA,NA,NA,"SAN ANTONIO DEL PESCADO",589,743,1332,4
"4864",41298,19034,"Garzón","Huila",2006,"Congreso",NA,NA,NA,"ZULUAGA",907,1109,2016,6
"4865",41298,19034,"Garzón","Huila",2006,"Congreso",NA,NA,NA,"PROVIDENCIA",134,187,321,1
"4866",41306,19037,"Gigante","Huila",2006,"Congreso",NA,NA,NA,NA,5155,4951,10106,30
"4867",41306,19037,"Gigante","Huila",2006,"Congreso",NA,NA,NA,"LA CHIQUITA",984,1221,2205,7
"4868",41306,19037,"Gigante","Huila",2006,"Congreso",NA,NA,NA,"LA GRAN VIA (CACHAYA)",384,493,877,3
"4869",41306,19037,"Gigante","Huila",2006,"Congreso",NA,NA,NA,"POTRERILLO",535,566,1101,4
"4870",41306,19037,"Gigante","Huila",2006,"Congreso",NA,NA,NA,"RIOLORO",216,213,429,2
"4871",41306,19037,"Gigante","Huila",2006,"Congreso",NA,NA,NA,"VUELTAS ARRIBA",87,146,233,1
"4872",41319,19040,"Guadalupe","Huila",2006,"Congreso",NA,NA,NA,NA,3603,3824,7427,22
"4873",41319,19040,"Guadalupe","Huila",2006,"Congreso",NA,NA,NA,"MIRAFLORES",431,622,1053,4
"4874",41319,19040,"Guadalupe","Huila",2006,"Congreso",NA,NA,NA,"RESINA",135,195,330,1
"4875",41349,19043,"Hobo","Huila",2006,"Congreso",NA,NA,NA,NA,2029,2071,4100,12
"4876",41359,19044,"Isnos","Huila",2006,"Congreso",NA,NA,NA,NA,6052,6402,12454,37
"4877",41359,19044,"Isnos","Huila",2006,"Congreso",NA,NA,NA,"BAJO JUNIN",158,175,333,1
"4878",41359,19044,"Isnos","Huila",2006,"Congreso",NA,NA,NA,"EL SALTO DE BORDONES",308,338,646,2
"4879",41359,19044,"Isnos","Huila",2006,"Congreso",NA,NA,NA,"SAN VICENTE",123,149,272,1
"4880",41357,19046,"Iquira","Huila",2006,"Congreso",NA,NA,NA,NA,1422,1504,2926,9
"4881",41357,19046,"Iquira","Huila",2006,"Congreso",NA,NA,NA,"SAN LUIS",121,169,290,1
"4882",41357,19046,"Iquira","Huila",2006,"Congreso",NA,NA,NA,"VALENCIA DE LA PAZ",336,467,803,3
"4883",41357,19046,"Iquira","Huila",2006,"Congreso",NA,NA,NA,"RIO NEGRO",485,687,1172,4
"4884",41378,19047,"La Argentina","Huila",2006,"Congreso",NA,NA,NA,NA,2882,3175,6057,18
"4885",41378,19047,"La Argentina","Huila",2006,"Congreso",NA,NA,NA,"EL PENSIL",159,215,374,2
"4886",41396,19049,"La Plata","Huila",2006,"Congreso",NA,NA,NA,"EL JARDIN",932,1172,2104,7
"4887",41396,19049,"La Plata","Huila",2006,"Congreso",NA,NA,NA,"MISAEL PASTRANA BORRERO",3273,2903,6176,18
"4888",41396,19049,"La Plata","Huila",2006,"Congreso",NA,NA,NA,"PEDRO MARIA RAMIREZ",1316,1085,2401,7
"4889",41396,19049,"La Plata","Huila",2006,"Congreso",NA,NA,NA,"SAN RAFAEL",942,725,1667,5
"4890",41396,19049,"La Plata","Huila",2006,"Congreso",NA,NA,NA,"PUESTO CENSO",6547,6718,13265,17
"4891",41396,19049,"La Plata","Huila",2006,"Congreso",NA,NA,NA,"CARCEL",0,0,0,0
"4892",41396,19049,"La Plata","Huila",2006,"Congreso",NA,NA,NA,"BELEN",909,1155,2064,6
"4893",41396,19049,"La Plata","Huila",2006,"Congreso",NA,NA,NA,"GALLEGO",338,447,785,3
"4894",41396,19049,"La Plata","Huila",2006,"Congreso",NA,NA,NA,"MONSERRATE",376,396,772,3
"4895",41396,19049,"La Plata","Huila",2006,"Congreso",NA,NA,NA,"MOSCOPAN (ALFONSO LOPEZ)",33,22,55,1
"4896",41396,19049,"La Plata","Huila",2006,"Congreso",NA,NA,NA,"SAN ANDRES",121,145,266,1
"4897",41396,19049,"La Plata","Huila",2006,"Congreso",NA,NA,NA,"SAN VICENTE",320,398,718,3
"4898",41396,19049,"La Plata","Huila",2006,"Congreso",NA,NA,NA,"VILLA LOSADA",213,264,477,2
"4899",41483,19050,"Nátaga","Huila",2006,"Congreso",NA,NA,NA,NA,1418,1515,2933,9
"4900",41483,19050,"Nátaga","Huila",2006,"Congreso",NA,NA,NA,"PATIO BONITO",181,243,424,2
"4901",41503,19051,"Oporapa","Huila",2006,"Congreso",NA,NA,NA,NA,2114,2250,4364,13
"4902",41503,19051,"Oporapa","Huila",2006,"Congreso",NA,NA,NA,"EL CARMEN",161,187,348,2
"4903",41503,19051,"Oporapa","Huila",2006,"Congreso",NA,NA,NA,"SAN ROQUE",271,329,600,2
"4904",41518,19052,"Paicol","Huila",2006,"Congreso",NA,NA,NA,NA,1634,1744,3378,10
"4905",41524,19055,"Palermo","Huila",2006,"Congreso",NA,NA,NA,NA,5228,4966,10194,30
"4906",41524,19055,"Palermo","Huila",2006,"Congreso",NA,NA,NA,"BETANIA",246,285,531,2
"4907",41524,19055,"Palermo","Huila",2006,"Congreso",NA,NA,NA,"EL JUNCAL",590,659,1249,4
"4908",41524,19055,"Palermo","Huila",2006,"Congreso",NA,NA,NA,"NILO",173,250,423,2
"4909",41524,19055,"Palermo","Huila",2006,"Congreso",NA,NA,NA,"EL CARMEN",102,151,253,1
"4910",41524,19055,"Palermo","Huila",2006,"Congreso",NA,NA,NA,"OSPINA PEREZ",315,403,718,3
"4911",41524,19055,"Palermo","Huila",2006,"Congreso",NA,NA,NA,"EL PARAGUAY (LA LINDOSA)",328,469,797,3
"4912",41524,19055,"Palermo","Huila",2006,"Congreso",NA,NA,NA,"SAN JUAN",208,248,456,2
"4913",41524,19055,"Palermo","Huila",2006,"Congreso",NA,NA,NA,"PRADERAS DE AMBORCO",888,750,1638,5
"4914",41530,19056,"Palestina","Huila",2006,"Congreso",NA,NA,NA,NA,2581,3012,5593,17
"4915",41548,19058,"Pital","Huila",2006,"Congreso",NA,NA,NA,NA,2968,3144,6112,18
"4916",41548,19058,"Pital","Huila",2006,"Congreso",NA,NA,NA,"CARMELO",104,121,225,1
"4917",41548,19058,"Pital","Huila",2006,"Congreso",NA,NA,NA,"EL SOCORRO",235,269,504,2
"4918",41551,19061,"Pitalito","Huila",2006,"Congreso",NA,NA,NA,"COLEGIO DEPARTAMENTAL",6446,7122,13568,40
"4919",41551,19061,"Pitalito","Huila",2006,"Congreso",NA,NA,NA,"UNAD UN.NAL.ABIERTA A DISTANC",3152,1603,4755,14
"4920",41551,19061,"Pitalito","Huila",2006,"Congreso",NA,NA,NA,"ESCUELA LOS PINOS",4013,3307,7320,22
"4921",41551,19061,"Pitalito","Huila",2006,"Congreso",NA,NA,NA,"SAN JUAN DE LABOYOS",1096,812,1908,6
"4922",41551,19061,"Pitalito","Huila",2006,"Congreso",NA,NA,NA,"PUESTO CENSO",10960,10163,21123,27
"4923",41551,19061,"Pitalito","Huila",2006,"Congreso",NA,NA,NA,"CARCEL",6,48,54,1
"4924",41551,19061,"Pitalito","Huila",2006,"Congreso",NA,NA,NA,"BRUSELAS",2052,2422,4474,14
"4925",41551,19061,"Pitalito","Huila",2006,"Congreso",NA,NA,NA,"CHILLURCO",478,651,1129,4
"4926",41551,19061,"Pitalito","Huila",2006,"Congreso",NA,NA,NA,"GUACACALLO",438,546,984,3
"4927",41551,19061,"Pitalito","Huila",2006,"Congreso",NA,NA,NA,"LA LAGUNA",442,526,968,3
"4928",41551,19061,"Pitalito","Huila",2006,"Congreso",NA,NA,NA,"CRIOLLO",663,751,1414,5
"4929",41551,19061,"Pitalito","Huila",2006,"Congreso",NA,NA,NA,"LA ESPERANZA (PALMARITO)",286,325,611,2
"4930",41551,19061,"Pitalito","Huila",2006,"Congreso",NA,NA,NA,"PRADOS DEL NORTE",352,446,798,3
"4931",41551,19061,"Pitalito","Huila",2006,"Congreso",NA,NA,NA,"RIVERAS DE GUARAPAS",511,583,1094,4
"4932",41615,19064,"Rivera","Huila",2006,"Congreso",NA,NA,NA,NA,4550,4385,8935,26
"4933",41615,19064,"Rivera","Huila",2006,"Congreso",NA,NA,NA,"CARCEL",8,63,71,1
"4934",41615,19064,"Rivera","Huila",2006,"Congreso",NA,NA,NA,"LA ULLOA",572,641,1213,4
"4935",41615,19064,"Rivera","Huila",2006,"Congreso",NA,NA,NA,"RIVERITA",248,252,500,2
"4936",41660,19067,"Saladoblanco","Huila",2006,"Congreso",NA,NA,NA,NA,2161,2426,4587,14
"4937",41660,19067,"Saladoblanco","Huila",2006,"Congreso",NA,NA,NA,"LA CABA/A",223,255,478,2
"4938",41660,19067,"Saladoblanco","Huila",2006,"Congreso",NA,NA,NA,"MORELIA",239,279,518,2
"4939",41668,19070,"San Agustín","Huila",2006,"Congreso",NA,NA,NA,NA,7101,6740,13841,41
"4940",41668,19070,"San Agustín","Huila",2006,"Congreso",NA,NA,NA,"VILLA FATIMA",95,124,219,1
"4941",41668,19070,"San Agustín","Huila",2006,"Congreso",NA,NA,NA,"OBANDO",280,334,614,2
"4942",41668,19070,"San Agustín","Huila",2006,"Congreso",NA,NA,NA,"PRADERA",124,126,250,1
"4943",41668,19070,"San Agustín","Huila",2006,"Congreso",NA,NA,NA,"PUERTO QUINCHANA",144,170,314,1
"4944",41668,19070,"San Agustín","Huila",2006,"Congreso",NA,NA,NA,"EL ALTO DEL OBISPO",319,355,674,2
"4945",41668,19070,"San Agustín","Huila",2006,"Congreso",NA,NA,NA,"EL PALMAR",225,262,487,2
"4946",41668,19070,"San Agustín","Huila",2006,"Congreso",NA,NA,NA,"EL ROSARIO",145,178,323,1
"4947",41668,19070,"San Agustín","Huila",2006,"Congreso",NA,NA,NA,"LOS CAUCHOS",362,426,788,3
"4948",41676,19074,"Santa María","Huila",2006,"Congreso",NA,NA,NA,NA,2508,2841,5349,16
"4949",41676,19074,"Santa María","Huila",2006,"Congreso",NA,NA,NA,"EL SOCORRO",125,153,278,1
"4950",41676,19074,"Santa María","Huila",2006,"Congreso",NA,NA,NA,"SAN JOAQUIN",255,316,571,2
"4951",41770,19076,"Suaza","Huila",2006,"Congreso",NA,NA,NA,NA,2549,2944,5493,16
"4952",41770,19076,"Suaza","Huila",2006,"Congreso",NA,NA,NA,"GALLARDO",296,395,691,3
"4953",41770,19076,"Suaza","Huila",2006,"Congreso",NA,NA,NA,"GUAYABAL",337,465,802,3
"4954",41791,19079,"Tarqui","Huila",2006,"Congreso",NA,NA,NA,NA,2734,2849,5583,17
"4955",41791,19079,"Tarqui","Huila",2006,"Congreso",NA,NA,NA,"MAITO",608,641,1249,4
"4956",41791,19079,"Tarqui","Huila",2006,"Congreso",NA,NA,NA,"ESMERALDA",95,140,235,1
"4957",41791,19079,"Tarqui","Huila",2006,"Congreso",NA,NA,NA,"EL VERGEL",302,372,674,2
"4958",41791,19079,"Tarqui","Huila",2006,"Congreso",NA,NA,NA,"QUITURO",380,445,825,3
"4959",41791,19079,"Tarqui","Huila",2006,"Congreso",NA,NA,NA,"RICABRISA",222,230,452,2
"4960",41799,19082,"Tello","Huila",2006,"Congreso",NA,NA,NA,NA,2309,2151,4460,13
"4961",41799,19082,"Tello","Huila",2006,"Congreso",NA,NA,NA,"ANACLETO GARCIA",414,661,1075,4
"4962",41799,19082,"Tello","Huila",2006,"Congreso",NA,NA,NA,"EL CEDRAL",127,184,311,1
"4963",41799,19082,"Tello","Huila",2006,"Congreso",NA,NA,NA,"LA SIERRA DEL GRAMAL",246,324,570,2
"4964",41799,19082,"Tello","Huila",2006,"Congreso",NA,NA,NA,"SAN ANDRES",820,1176,1996,6
"4965",41799,19082,"Tello","Huila",2006,"Congreso",NA,NA,NA,"SIERRA DE LA CA/ADA",54,53,107,1
"4966",41801,19085,"Teruel","Huila",2006,"Congreso",NA,NA,NA,NA,2475,2686,5161,16
"4967",41801,19085,"Teruel","Huila",2006,"Congreso",NA,NA,NA,"EL ALMORZADERO",84,117,201,1
"4968",41807,19088,"Timaná","Huila",2006,"Congreso",NA,NA,NA,NA,5353,5525,10878,32
"4969",41807,19088,"Timaná","Huila",2006,"Congreso",NA,NA,NA,"COSANZA",198,183,381,2
"4970",41807,19088,"Timaná","Huila",2006,"Congreso",NA,NA,NA,"NARANJAL",487,558,1045,4
"4971",41872,19091,"Villavieja","Huila",2006,"Congreso",NA,NA,NA,NA,1397,1474,2871,9
"4972",41872,19091,"Villavieja","Huila",2006,"Congreso",NA,NA,NA,"POTOSI",99,130,229,1
"4973",41872,19091,"Villavieja","Huila",2006,"Congreso",NA,NA,NA,"LA VICTORIA",526,609,1135,4
"4974",41872,19091,"Villavieja","Huila",2006,"Congreso",NA,NA,NA,"SAN ALFONSO",353,398,751,3
"4975",41872,19091,"Villavieja","Huila",2006,"Congreso",NA,NA,NA,"HATO NUEVO",123,122,245,1
"4976",41885,19094,"Yaguará","Huila",2006,"Congreso",NA,NA,NA,NA,2710,2680,5390,16
"4977",41885,19094,"Yaguará","Huila",2006,"Congreso",NA,NA,NA,"LETRAN",39,46,85,1
"4978",47001,21001,"Santa Marta","Magdalena",2006,"Congreso",NA,NA,NA,"COL. HUGO J. BERMUDEZ",4145,11240,15385,45
"4979",47001,21001,"Santa Marta","Magdalena",2006,"Congreso",NA,NA,NA,"COLEGIO JOHN F. KENEDY",5726,5574,11300,33
"4980",47001,21001,"Santa Marta","Magdalena",2006,"Congreso",NA,NA,NA,"INST. TECNICO INDUSTRIAL",12680,2113,14793,44
"4981",47001,21001,"Santa Marta","Magdalena",2006,"Congreso",NA,NA,NA,"COL. FCO. DE PAULA SDER.",1760,5448,7208,21
"4982",47001,21001,"Santa Marta","Magdalena",2006,"Congreso",NA,NA,NA,"LICEO CELEDON",14824,12078,26902,79
"4983",47001,21001,"Santa Marta","Magdalena",2006,"Congreso",NA,NA,NA,"C.A.S.D",5936,4970,10906,32
"4984",47001,21001,"Santa Marta","Magdalena",2006,"Congreso",NA,NA,NA,"INST.EDUC. LICEO DEL NORTE",8464,5754,14218,42
"4985",47001,21001,"Santa Marta","Magdalena",2006,"Congreso",NA,NA,NA,"INSTITUTO MAGDALENA",4745,3748,8493,25
"4986",47001,21001,"Santa Marta","Magdalena",2006,"Congreso",NA,NA,NA,"CONCEN.RODRIGO DE BASTIDAS",7032,5665,12697,37
"4987",47001,21001,"Santa Marta","Magdalena",2006,"Congreso",NA,NA,NA,"INST.EDUC.NICOLAS BUENAVENTUR",189,147,336,1
"4988",47001,21001,"Santa Marta","Magdalena",2006,"Congreso",NA,NA,NA,"ESC.MADRE MAZZARELLO",3394,2898,6292,19
"4989",47001,21001,"Santa Marta","Magdalena",2006,"Congreso",NA,NA,NA,"COL.INEM SIMON BOLIVAR",6065,5120,11185,33
"4990",47001,21001,"Santa Marta","Magdalena",2006,"Congreso",NA,NA,NA,"INST. DISTRITAL EL PARQUE",3214,2773,5987,18
"4991",47001,21001,"Santa Marta","Magdalena",2006,"Congreso",NA,NA,NA,"CONC.JACKELINE KENNEDY",4731,4077,8808,26
"4992",47001,21001,"Santa Marta","Magdalena",2006,"Congreso",NA,NA,NA,"LICEO EL PANDO",4044,3267,7311,22
"4993",47001,21001,"Santa Marta","Magdalena",2006,"Congreso",NA,NA,NA,"SAN FRANCISCO DE ASIS DE GARA",593,463,1056,4
"4994",47001,21001,"Santa Marta","Magdalena",2006,"Congreso",NA,NA,NA,"COLEGIO COOP. DE GAIRA",3063,5182,8245,24
"4995",47001,21001,"Santa Marta","Magdalena",2006,"Congreso",NA,NA,NA,"COL. CAMILO TORRES DE G.",5545,2994,8539,25
"4996",47001,21001,"Santa Marta","Magdalena",2006,"Congreso",NA,NA,NA,"COL.DEPTAL BTO LA PAZ",2033,2318,4351,13
"4997",47001,21001,"Santa Marta","Magdalena",2006,"Congreso",NA,NA,NA,"PUESTO CENSO",11381,8505,19886,26
"4998",47001,21001,"Santa Marta","Magdalena",2006,"Congreso",NA,NA,NA,"PUESTO CENSO",10586,7388,17974,23
"4999",47001,21001,"Santa Marta","Magdalena",2006,"Congreso",NA,NA,NA,"CARCEL",18,186,204,1
"5000",47001,21001,"Santa Marta","Magdalena",2006,"Congreso",NA,NA,NA,"BONDA",1673,1864,3537,11
"5001",47001,21001,"Santa Marta","Magdalena",2006,"Congreso",NA,NA,NA,"CALABAZO",205,371,576,2
"5002",47001,21001,"Santa Marta","Magdalena",2006,"Congreso",NA,NA,NA,"EL CAMPANO",137,246,383,2
"5003",47001,21001,"Santa Marta","Magdalena",2006,"Congreso",NA,NA,NA,"GUACHACA",1053,2322,3375,10
"5004",47001,21001,"Santa Marta","Magdalena",2006,"Congreso",NA,NA,NA,"LA TAGUA",91,208,299,1
"5005",47001,21001,"Santa Marta","Magdalena",2006,"Congreso",NA,NA,NA,"MINCA",197,331,528,2
"5006",47001,21001,"Santa Marta","Magdalena",2006,"Congreso",NA,NA,NA,"TAGANGA",965,1032,1997,6
"5007",47030,21008,"Algarrobo","Magdalena",2006,"Congreso",NA,NA,NA,NA,1983,2422,4405,13
"5008",47030,21008,"Algarrobo","Magdalena",2006,"Congreso",NA,NA,NA,"BELLAVISTA",204,390,594,2
"5009",47030,21008,"Algarrobo","Magdalena",2006,"Congreso",NA,NA,NA,"LA ESTACION LLERAS",123,173,296,1
"5010",47030,21008,"Algarrobo","Magdalena",2006,"Congreso",NA,NA,NA,"LOMA DE BALSAMO",368,529,897,3
"5011",47053,21010,"Aracataca","Magdalena",2006,"Congreso",NA,NA,NA,NA,8343,8683,17026,50
"5012",47053,21010,"Aracataca","Magdalena",2006,"Congreso",NA,NA,NA,"BUENOS AIRES",1166,1310,2476,8
"5013",47053,21010,"Aracataca","Magdalena",2006,"Congreso",NA,NA,NA,"CAUCA",225,281,506,2
"5014",47053,21010,"Aracataca","Magdalena",2006,"Congreso",NA,NA,NA,"SAMPUES",868,1022,1890,6
"5015",47058,21012,"Ariguaní","Magdalena",2006,"Congreso",NA,NA,NA,NA,6095,7037,13132,39
"5016",47058,21012,"Ariguaní","Magdalena",2006,"Congreso",NA,NA,NA,"EL CARMEN DE ARIGUANI",386,755,1141,4
"5017",47058,21012,"Ariguaní","Magdalena",2006,"Congreso",NA,NA,NA,"ALEJANDRIA",206,389,595,2
"5018",47058,21012,"Ariguaní","Magdalena",2006,"Congreso",NA,NA,NA,"PUEBLO NUEVO",703,1034,1737,6
"5019",47058,21012,"Ariguaní","Magdalena",2006,"Congreso",NA,NA,NA,"SAN JOSE DE ARIGUANI",121,215,336,1
"5020",47161,21013,"Cerro San Antonio","Magdalena",2006,"Congreso",NA,NA,NA,NA,2036,2208,4244,13
"5021",47161,21013,"Cerro San Antonio","Magdalena",2006,"Congreso",NA,NA,NA,"CANDELARIA",335,437,772,3
"5022",47161,21013,"Cerro San Antonio","Magdalena",2006,"Congreso",NA,NA,NA,"CONCEPCION (COCOSOLO)",304,378,682,2
"5023",47161,21013,"Cerro San Antonio","Magdalena",2006,"Congreso",NA,NA,NA,"PUERTO NI/O",273,348,621,2
"5024",47161,21013,"Cerro San Antonio","Magdalena",2006,"Congreso",NA,NA,NA,"JESUS DEL MONTE",139,191,330,1
"5025",47170,21015,"Chivolo","Magdalena",2006,"Congreso",NA,NA,NA,NA,3244,3755,6999,21
"5026",47170,21015,"Chivolo","Magdalena",2006,"Congreso",NA,NA,NA,"EL PLAN",13,33,46,1
"5027",47170,21015,"Chivolo","Magdalena",2006,"Congreso",NA,NA,NA,"LA CHINA",257,465,722,3
"5028",47170,21015,"Chivolo","Magdalena",2006,"Congreso",NA,NA,NA,"LA ESTRELLA",372,606,978,3
"5029",47170,21015,"Chivolo","Magdalena",2006,"Congreso",NA,NA,NA,"PUEBLO NUEVO",78,248,326,1
"5030",47189,21016,"Ciénaga","Magdalena",2006,"Congreso",NA,NA,NA,"PALACIO MUNICIPAL",2201,10005,12206,36
"5031",47189,21016,"Ciénaga","Magdalena",2006,"Congreso",NA,NA,NA,"INFOTEP",8041,2258,10299,30
"5032",47189,21016,"Ciénaga","Magdalena",2006,"Congreso",NA,NA,NA,"INS NAL SN JUAN DEL CORDOBA",4065,2354,6419,19
"5033",47189,21016,"Ciénaga","Magdalena",2006,"Congreso",NA,NA,NA,"INST. TECNICO NACIONAL VIRGIN",2112,1858,3970,12
"5034",47189,21016,"Ciénaga","Magdalena",2006,"Congreso",NA,NA,NA,"ESC. MIXTA No.11 EL CARMEN",1510,1347,2857,9
"5035",47189,21016,"Ciénaga","Magdalena",2006,"Congreso",NA,NA,NA,"ESC. 6a DE NINAS",2504,2649,5153,15
"5036",47189,21016,"Ciénaga","Magdalena",2006,"Congreso",NA,NA,NA,"ESC. 15 DE NI/AS",2386,1584,3970,12
"5037",47189,21016,"Ciénaga","Magdalena",2006,"Congreso",NA,NA,NA,"ESC. MANUEL J. DEL CASTILLO",1633,1388,3021,9
"5038",47189,21016,"Ciénaga","Magdalena",2006,"Congreso",NA,NA,NA,"PUESTO CENSO",5972,4921,10893,14
"5039",47189,21016,"Ciénaga","Magdalena",2006,"Congreso",NA,NA,NA,"CARCEL JUDICIAL",0,5,5,1
"5040",47189,21016,"Ciénaga","Magdalena",2006,"Congreso",NA,NA,NA,"CORDOBITA",157,310,467,2
"5041",47189,21016,"Ciénaga","Magdalena",2006,"Congreso",NA,NA,NA,"PALMOR",467,1068,1535,5
"5042",47189,21016,"Ciénaga","Magdalena",2006,"Congreso",NA,NA,NA,"SAN PEDRO DE LA SIERRA",230,562,792,3
"5043",47189,21016,"Ciénaga","Magdalena",2006,"Congreso",NA,NA,NA,"SIBERIA",55,130,185,1
"5044",47189,21016,"Ciénaga","Magdalena",2006,"Congreso",NA,NA,NA,"SEVILLANO",364,499,863,3
"5045",47205,21020,"Concordia","Magdalena",2006,"Congreso",NA,NA,NA,NA,1785,1994,3779,11
"5046",47205,21020,"Concordia","Magdalena",2006,"Congreso",NA,NA,NA,"BALSAMO",530,777,1307,4
"5047",47205,21020,"Concordia","Magdalena",2006,"Congreso",NA,NA,NA,"BELLAVISTA",570,697,1267,4
"5048",47205,21020,"Concordia","Magdalena",2006,"Congreso",NA,NA,NA,"ROSARIO DE CHENGUE",768,998,1766,6
"5049",47245,21025,"El Banco","Magdalena",2006,"Congreso",NA,NA,NA,"COL. FCO. JOSE DE CALDAS",1254,2777,4031,12
"5050",47245,21025,"El Banco","Magdalena",2006,"Congreso",NA,NA,NA,"COL. SANTA TERESA DE JESUS",4197,1743,5940,18
"5051",47245,21025,"El Banco","Magdalena",2006,"Congreso",NA,NA,NA,"COL. NAL. MIXTO DE BTO.",1687,1877,3564,11
"5052",47245,21025,"El Banco","Magdalena",2006,"Congreso",NA,NA,NA,"COL. ARCESIO CALIS AMADOR",1037,620,1657,5
"5053",47245,21025,"El Banco","Magdalena",2006,"Congreso",NA,NA,NA,"PUESTO CENSO",4860,5497,10357,14
"5054",47245,21025,"El Banco","Magdalena",2006,"Congreso",NA,NA,NA,"CARCEL DEL CIRCUITO",14,32,46,1
"5055",47245,21025,"El Banco","Magdalena",2006,"Congreso",NA,NA,NA,"AGUAESTRADA",304,398,702,3
"5056",47245,21025,"El Banco","Magdalena",2006,"Congreso",NA,NA,NA,"ALGARROBAL",364,477,841,3
"5057",47245,21025,"El Banco","Magdalena",2006,"Congreso",NA,NA,NA,"BOTILLERO",106,114,220,1
"5058",47245,21025,"El Banco","Magdalena",2006,"Congreso",NA,NA,NA,"BARRANCO",214,268,482,2
"5059",47245,21025,"El Banco","Magdalena",2006,"Congreso",NA,NA,NA,"FELIPE EDUARDO",382,499,881,3
"5060",47245,21025,"El Banco","Magdalena",2006,"Congreso",NA,NA,NA,"LOS NEGRITOS (BASTIDAS)",326,404,730,3
"5061",47245,21025,"El Banco","Magdalena",2006,"Congreso",NA,NA,NA,"BELEN",588,672,1260,4
"5062",47245,21025,"El Banco","Magdalena",2006,"Congreso",NA,NA,NA,"EL CEDRO",252,344,596,2
"5063",47245,21025,"El Banco","Magdalena",2006,"Congreso",NA,NA,NA,"CA/OS DE PALMA",299,418,717,3
"5064",47245,21025,"El Banco","Magdalena",2006,"Congreso",NA,NA,NA,"EL CERRITO",347,412,759,3
"5065",47245,21025,"El Banco","Magdalena",2006,"Congreso",NA,NA,NA,"EL TREBOL",208,285,493,2
"5066",47245,21025,"El Banco","Magdalena",2006,"Congreso",NA,NA,NA,"MENCHIQUEJO",390,504,894,3
"5067",47245,21025,"El Banco","Magdalena",2006,"Congreso",NA,NA,NA,"SABANA DE HATILLO",220,300,520,2
"5068",47245,21025,"El Banco","Magdalena",2006,"Congreso",NA,NA,NA,"SAN JOSE",142,224,366,2
"5069",47245,21025,"El Banco","Magdalena",2006,"Congreso",NA,NA,NA,"SABANAS DE SALPICA",133,150,283,1
"5070",47245,21025,"El Banco","Magdalena",2006,"Congreso",NA,NA,NA,"SAN ROQUE",291,343,634,2
"5071",47245,21025,"El Banco","Magdalena",2006,"Congreso",NA,NA,NA,"TAMALAMEQUITO",314,366,680,2
"5072",47258,21028,"El Piñon","Magdalena",2006,"Congreso",NA,NA,NA,NA,2229,2411,4640,14
"5073",47258,21028,"El Piñon","Magdalena",2006,"Congreso",NA,NA,NA,"CAMPOALEGRE",94,120,214,1
"5074",47258,21028,"El Piñon","Magdalena",2006,"Congreso",NA,NA,NA,"CANTAGALLAR",504,571,1075,4
"5075",47258,21028,"El Piñon","Magdalena",2006,"Congreso",NA,NA,NA,"CARRETO",488,655,1143,4
"5076",47258,21028,"El Piñon","Magdalena",2006,"Congreso",NA,NA,NA,"PLAYON DE OROZCO",140,153,293,1
"5077",47258,21028,"El Piñon","Magdalena",2006,"Congreso",NA,NA,NA,"SABANAS",574,655,1229,4
"5078",47258,21028,"El Piñon","Magdalena",2006,"Congreso",NA,NA,NA,"SAN BASILIO",299,392,691,3
"5079",47258,21028,"El Piñon","Magdalena",2006,"Congreso",NA,NA,NA,"TIO GOLLO",437,589,1026,3
"5080",47258,21028,"El Piñon","Magdalena",2006,"Congreso",NA,NA,NA,"VASQUEZ",111,114,225,1
"5081",47258,21028,"El Piñon","Magdalena",2006,"Congreso",NA,NA,NA,"VERANILLO",100,151,251,1
"5082",47268,21030,"El Retén","Magdalena",2006,"Congreso",NA,NA,NA,NA,4249,4882,9131,27
"5083",47268,21030,"El Retén","Magdalena",2006,"Congreso",NA,NA,NA,"LA COLOMBIA",93,84,177,1
"5084",47268,21030,"El Retén","Magdalena",2006,"Congreso",NA,NA,NA,"SAN SEBASTIAN DEL BONGO",59,81,140,1
"5085",47288,21031,"Fundación","Magdalena",2006,"Congreso",NA,NA,NA,"PARQUE 7 DE AGOSTO",4470,6183,10653,31
"5086",47288,21031,"Fundación","Magdalena",2006,"Congreso",NA,NA,NA,"ZONA DE CARRETERA",4195,1762,5957,18
"5087",47288,21031,"Fundación","Magdalena",2006,"Congreso",NA,NA,NA,"PARQUE LA CHECA",2089,2407,4496,14
"5088",47288,21031,"Fundación","Magdalena",2006,"Congreso",NA,NA,NA,"PARQUE SIMON BOLIVAR",2381,1587,3968,12
"5089",47288,21031,"Fundación","Magdalena",2006,"Congreso",NA,NA,NA,"PUESTO CENSO",6294,6764,13058,17
"5090",47288,21031,"Fundación","Magdalena",2006,"Congreso",NA,NA,NA,"DO/A MARIA",223,497,720,3
"5091",47288,21031,"Fundación","Magdalena",2006,"Congreso",NA,NA,NA,"SANTA ROSA DE LIMA",355,594,949,3
"5092",47288,21031,"Fundación","Magdalena",2006,"Congreso",NA,NA,NA,"SACRAMENTO",10,60,70,1
"5093",47288,21031,"Fundación","Magdalena",2006,"Congreso",NA,NA,NA,"SANTA CLARA",146,495,641,2
"5094",47318,21040,"Guamal","Magdalena",2006,"Congreso",NA,NA,NA,NA,3972,4580,8552,25
"5095",47318,21040,"Guamal","Magdalena",2006,"Congreso",NA,NA,NA,"GUAIMARAL",373,442,815,3
"5096",47318,21040,"Guamal","Magdalena",2006,"Congreso",NA,NA,NA,"BELLAVISTA",83,106,189,1
"5097",47318,21040,"Guamal","Magdalena",2006,"Congreso",NA,NA,NA,"CASA DE TABLA",165,256,421,2
"5098",47318,21040,"Guamal","Magdalena",2006,"Congreso",NA,NA,NA,"LAS FLORES",144,169,313,1
"5099",47318,21040,"Guamal","Magdalena",2006,"Congreso",NA,NA,NA,"HATOVIEJO",220,255,475,2
"5100",47318,21040,"Guamal","Magdalena",2006,"Congreso",NA,NA,NA,"PEDREGOZA (LA RINCONADA)",79,133,212,1
"5101",47318,21040,"Guamal","Magdalena",2006,"Congreso",NA,NA,NA,"LOS ANDES",334,401,735,3
"5102",47318,21040,"Guamal","Magdalena",2006,"Congreso",NA,NA,NA,"LA CEIBA",225,238,463,2
"5103",47318,21040,"Guamal","Magdalena",2006,"Congreso",NA,NA,NA,"MURILLO",225,263,488,2
"5104",47318,21040,"Guamal","Magdalena",2006,"Congreso",NA,NA,NA,"PAJARAL",113,152,265,1
"5105",47318,21040,"Guamal","Magdalena",2006,"Congreso",NA,NA,NA,"PARACO",59,76,135,1
"5106",47318,21040,"Guamal","Magdalena",2006,"Congreso",NA,NA,NA,"PAMPAN",220,272,492,2
"5107",47318,21040,"Guamal","Magdalena",2006,"Congreso",NA,NA,NA,"PLAYAS BLANCAS",116,135,251,1
"5108",47318,21040,"Guamal","Magdalena",2006,"Congreso",NA,NA,NA,"RICAURTE",308,352,660,2
"5109",47318,21040,"Guamal","Magdalena",2006,"Congreso",NA,NA,NA,"SALVADORA",176,215,391,2
"5110",47318,21040,"Guamal","Magdalena",2006,"Congreso",NA,NA,NA,"SAN ANTONIO",158,181,339,1
"5111",47318,21040,"Guamal","Magdalena",2006,"Congreso",NA,NA,NA,"SAN ISIDRO",201,307,508,2
"5112",47318,21040,"Guamal","Magdalena",2006,"Congreso",NA,NA,NA,"SAN PEDRO",153,233,386,2
"5113",47318,21040,"Guamal","Magdalena",2006,"Congreso",NA,NA,NA,"URQUIJO",451,509,960,3
"5114",47318,21040,"Guamal","Magdalena",2006,"Congreso",NA,NA,NA,"SANTA TERESITA",64,92,156,1
"5115",47318,21040,"Guamal","Magdalena",2006,"Congreso",NA,NA,NA,"SITIONUEVO",182,198,380,2
"5116",47318,21040,"Guamal","Magdalena",2006,"Congreso",NA,NA,NA,"VILLANUEVA",212,259,471,2
"5117",47460,21042,"Nueva Granada","Magdalena",2006,"Congreso",NA,NA,NA,NA,1886,2453,4339,13
"5118",47460,21042,"Nueva Granada","Magdalena",2006,"Congreso",NA,NA,NA,"EL BAJO",294,512,806,3
"5119",47460,21042,"Nueva Granada","Magdalena",2006,"Congreso",NA,NA,NA,"LAS TINAS",149,230,379,2
"5120",47460,21042,"Nueva Granada","Magdalena",2006,"Congreso",NA,NA,NA,"LA GLORIA",303,516,819,3
"5121",47460,21042,"Nueva Granada","Magdalena",2006,"Congreso",NA,NA,NA,"LOS ANDES",1055,1694,2749,8
"5122",47460,21042,"Nueva Granada","Magdalena",2006,"Congreso",NA,NA,NA,"SAN JOSE DE BALLESTEROS",89,144,233,1
"5123",47541,21046,"Pedraza","Magdalena",2006,"Congreso",NA,NA,NA,NA,1141,1308,2449,8
"5124",47541,21046,"Pedraza","Magdalena",2006,"Congreso",NA,NA,NA,"BAHIAHONDA",541,656,1197,4
"5125",47541,21046,"Pedraza","Magdalena",2006,"Congreso",NA,NA,NA,"BOMBA",357,455,812,3
"5126",47541,21046,"Pedraza","Magdalena",2006,"Congreso",NA,NA,NA,"GUAQUIRI",147,226,373,2
"5127",47541,21046,"Pedraza","Magdalena",2006,"Congreso",NA,NA,NA,"HEREDIA",570,673,1243,4
"5128",47545,21048,"Pijiño del Carmen","Magdalena",2006,"Congreso",NA,NA,NA,NA,1648,1975,3623,11
"5129",47545,21048,"Pijiño del Carmen","Magdalena",2006,"Congreso",NA,NA,NA,"CABRERA",318,399,717,3
"5130",47545,21048,"Pijiño del Carmen","Magdalena",2006,"Congreso",NA,NA,NA,"CASA BLANCA",118,169,287,1
"5131",47545,21048,"Pijiño del Carmen","Magdalena",2006,"Congreso",NA,NA,NA,"EL BRILLANTE",123,245,368,2
"5132",47545,21048,"Pijiño del Carmen","Magdalena",2006,"Congreso",NA,NA,NA,"EL DIVIDIVI",23,33,56,1
"5133",47545,21048,"Pijiño del Carmen","Magdalena",2006,"Congreso",NA,NA,NA,"FILADELFIA",130,189,319,1
"5134",47545,21048,"Pijiño del Carmen","Magdalena",2006,"Congreso",NA,NA,NA,"LAS PLANADAS",118,206,324,1
"5135",47545,21048,"Pijiño del Carmen","Magdalena",2006,"Congreso",NA,NA,NA,"SAN JOSE DE PREVENCION",241,406,647,2
"5136",47545,21048,"Pijiño del Carmen","Magdalena",2006,"Congreso",NA,NA,NA,"SAN MARTIN DE LA LUCHA",80,101,181,1
"5137",47551,21049,"Pivijay","Magdalena",2006,"Congreso",NA,NA,NA,"ESC. URBANA DE VARONES",1271,1947,3218,10
"5138",47551,21049,"Pivijay","Magdalena",2006,"Congreso",NA,NA,NA,"COLEGIO BEATRIZ COTES",1920,1076,2996,9
"5139",47551,21049,"Pivijay","Magdalena",2006,"Congreso",NA,NA,NA,"COLEGIO SIMON BOLIVAR",913,1077,1990,6
"5140",47551,21049,"Pivijay","Magdalena",2006,"Congreso",NA,NA,NA,"COLEGIO NACIONALIZADO",1011,788,1799,6
"5141",47551,21049,"Pivijay","Magdalena",2006,"Congreso",NA,NA,NA,"PUESTO CENSO",2655,3004,5659,8
"5142",47551,21049,"Pivijay","Magdalena",2006,"Congreso",NA,NA,NA,"CARABALLO",85,192,277,1
"5143",47551,21049,"Pivijay","Magdalena",2006,"Congreso",NA,NA,NA,"AVIANCA",88,202,290,1
"5144",47551,21049,"Pivijay","Magdalena",2006,"Congreso",NA,NA,NA,"CHINOBLAS",204,302,506,2
"5145",47551,21049,"Pivijay","Magdalena",2006,"Congreso",NA,NA,NA,"GARRAPATA",124,206,330,1
"5146",47551,21049,"Pivijay","Magdalena",2006,"Congreso",NA,NA,NA,"LAS CANOAS",327,532,859,3
"5147",47551,21049,"Pivijay","Magdalena",2006,"Congreso",NA,NA,NA,"LAS PIEDRAS",99,192,291,1
"5148",47551,21049,"Pivijay","Magdalena",2006,"Congreso",NA,NA,NA,"MEDIALUNA",965,1180,2145,7
"5149",47551,21049,"Pivijay","Magdalena",2006,"Congreso",NA,NA,NA,"EL CARMEN DEL MAGDALENA",507,653,1160,4
"5150",47551,21049,"Pivijay","Magdalena",2006,"Congreso",NA,NA,NA,"PARAISO",306,442,748,3
"5151",47551,21049,"Pivijay","Magdalena",2006,"Congreso",NA,NA,NA,"PLACITAS",84,178,262,1
"5152",47551,21049,"Pivijay","Magdalena",2006,"Congreso",NA,NA,NA,"PI/UELAS",253,356,609,2
"5153",47551,21049,"Pivijay","Magdalena",2006,"Congreso",NA,NA,NA,"SALAMINITA",28,77,105,1
"5154",47555,21052,"Plato","Magdalena",2006,"Congreso",NA,NA,NA,"ESC. URBANA DE NI/AS",1451,2983,4434,13
"5155",47555,21052,"Plato","Magdalena",2006,"Congreso",NA,NA,NA,"COL. GABRIEL ESCOBAR BALLESTA",2131,671,2802,9
"5156",47555,21052,"Plato","Magdalena",2006,"Congreso",NA,NA,NA,"COL. ROMULO GALLEGO",2817,3386,6203,19
"5157",47555,21052,"Plato","Magdalena",2006,"Congreso",NA,NA,NA,"ESC. JOHN F. KENEDY",2748,1973,4721,14
"5158",47555,21052,"Plato","Magdalena",2006,"Congreso",NA,NA,NA,"PUESTO CENSO",3981,4799,8780,12
"5159",47555,21052,"Plato","Magdalena",2006,"Congreso",NA,NA,NA,"APURE",384,634,1018,3
"5160",47555,21052,"Plato","Magdalena",2006,"Congreso",NA,NA,NA,"CIENEGUETA",155,366,521,2
"5161",47555,21052,"Plato","Magdalena",2006,"Congreso",NA,NA,NA,"EL CARMEN DEL MAGDALENA",231,419,650,2
"5162",47555,21052,"Plato","Magdalena",2006,"Congreso",NA,NA,NA,"BUENAVISTA",86,157,243,1
"5163",47555,21052,"Plato","Magdalena",2006,"Congreso",NA,NA,NA,"AGUAS VIVAS",178,304,482,2
"5164",47555,21052,"Plato","Magdalena",2006,"Congreso",NA,NA,NA,"CERRO GRANDE",109,190,299,1
"5165",47555,21052,"Plato","Magdalena",2006,"Congreso",NA,NA,NA,"DISCIPLINA",225,446,671,2
"5166",47555,21052,"Plato","Magdalena",2006,"Congreso",NA,NA,NA,"LOS POZOS",46,62,108,1
"5167",47555,21052,"Plato","Magdalena",2006,"Congreso",NA,NA,NA,"PUEBLO NUEVO SAN ANTONIO",185,285,470,2
"5168",47555,21052,"Plato","Magdalena",2006,"Congreso",NA,NA,NA,"SAN JOSE DEL MAGDALENA",233,393,626,2
"5169",47555,21052,"Plato","Magdalena",2006,"Congreso",NA,NA,NA,"ZARATE",197,347,544,2
"5170",47570,21055,"Puebloviejo","Magdalena",2006,"Congreso",NA,NA,NA,NA,3679,3686,7365,22
"5171",47570,21055,"Puebloviejo","Magdalena",2006,"Congreso",NA,NA,NA,"BOCAS DE ARACATACA",235,405,640,2
"5172",47570,21055,"Puebloviejo","Magdalena",2006,"Congreso",NA,NA,NA,"ISLA DEL ROSARIO",1077,1192,2269,7
"5173",47570,21055,"Puebloviejo","Magdalena",2006,"Congreso",NA,NA,NA,"TASAJERAS",1530,1616,3146,10
"5174",47570,21055,"Puebloviejo","Magdalena",2006,"Congreso",NA,NA,NA,"PALMIRA",407,392,799,3
"5175",47570,21055,"Puebloviejo","Magdalena",2006,"Congreso",NA,NA,NA,"SAN JUAN DE PALOS PRIETO",165,278,443,2
"5176",47605,21058,"Remolino","Magdalena",2006,"Congreso",NA,NA,NA,NA,1853,2116,3969,12
"5177",47605,21058,"Remolino","Magdalena",2006,"Congreso",NA,NA,NA,"CORRALVIEJO",72,92,164,1
"5178",47605,21058,"Remolino","Magdalena",2006,"Congreso",NA,NA,NA,"MARTINETE",55,87,142,1
"5179",47605,21058,"Remolino","Magdalena",2006,"Congreso",NA,NA,NA,"SANTA RITA",267,358,625,2
"5180",47605,21058,"Remolino","Magdalena",2006,"Congreso",NA,NA,NA,"SAN RAFAEL DE BUENAVISTA",278,347,625,2
"5181",47605,21058,"Remolino","Magdalena",2006,"Congreso",NA,NA,NA,"SAN JOSE DE LAS CASITAS",79,114,193,1
"5182",47660,21060,"Sabanas de San Angel","Magdalena",2006,"Congreso",NA,NA,NA,NA,904,1471,2375,7
"5183",47660,21060,"Sabanas de San Angel","Magdalena",2006,"Congreso",NA,NA,NA,"CASA DE TABLAS",203,351,554,2
"5184",47660,21060,"Sabanas de San Angel","Magdalena",2006,"Congreso",NA,NA,NA,"ESTACION VILLA",178,310,488,2
"5185",47660,21060,"Sabanas de San Angel","Magdalena",2006,"Congreso",NA,NA,NA,"CESPEDES",95,205,300,1
"5186",47660,21060,"Sabanas de San Angel","Magdalena",2006,"Congreso",NA,NA,NA,"FLORES DE MARIA",106,195,301,1
"5187",47660,21060,"Sabanas de San Angel","Magdalena",2006,"Congreso",NA,NA,NA,"SAN ROQUE (LAS MULAS)",180,323,503,2
"5188",47660,21060,"Sabanas de San Angel","Magdalena",2006,"Congreso",NA,NA,NA,"MONTERRUBIO",469,742,1211,4
"5189",47660,21060,"Sabanas de San Angel","Magdalena",2006,"Congreso",NA,NA,NA,"PUEBLITO DE LOS BARRIOS",150,367,517,2
"5190",47675,21067,"Salamina","Magdalena",2006,"Congreso",NA,NA,NA,NA,2288,2412,4700,14
"5191",47675,21067,"Salamina","Magdalena",2006,"Congreso",NA,NA,NA,"GUAIMARO",489,673,1162,4
"5192",47692,21070,"San Sebastián de Buenavista","Magdalena",2006,"Congreso",NA,NA,NA,NA,2314,2582,4896,15
"5193",47692,21070,"San Sebastián de Buenavista","Magdalena",2006,"Congreso",NA,NA,NA,"BUENAVISTA",170,200,370,2
"5194",47692,21070,"San Sebastián de Buenavista","Magdalena",2006,"Congreso",NA,NA,NA,"EL COCO",143,203,346,2
"5195",47692,21070,"San Sebastián de Buenavista","Magdalena",2006,"Congreso",NA,NA,NA,"EL SEIS",152,247,399,2
"5196",47692,21070,"San Sebastián de Buenavista","Magdalena",2006,"Congreso",NA,NA,NA,"LA PACHA",325,401,726,3
"5197",47692,21070,"San Sebastián de Buenavista","Magdalena",2006,"Congreso",NA,NA,NA,"LAS MARGARITAS",295,365,660,2
"5198",47692,21070,"San Sebastián de Buenavista","Magdalena",2006,"Congreso",NA,NA,NA,"MARIA ANTONIA",94,118,212,1
"5199",47692,21070,"San Sebastián de Buenavista","Magdalena",2006,"Congreso",NA,NA,NA,"LOS GALVIS",160,187,347,2
"5200",47692,21070,"San Sebastián de Buenavista","Magdalena",2006,"Congreso",NA,NA,NA,"SAN RAFAEL (LA NEGRA)",365,526,891,3
"5201",47692,21070,"San Sebastián de Buenavista","Magdalena",2006,"Congreso",NA,NA,NA,"SANTA ROSA",104,167,271,1
"5202",47692,21070,"San Sebastián de Buenavista","Magdalena",2006,"Congreso",NA,NA,NA,"SABANA DE PERALEJO",138,192,330,1
"5203",47692,21070,"San Sebastián de Buenavista","Magdalena",2006,"Congreso",NA,NA,NA,"TRONCOSO",267,283,550,2
"5204",47692,21070,"San Sebastián de Buenavista","Magdalena",2006,"Congreso",NA,NA,NA,"SAN VALENTIN",130,176,306,1
"5205",47692,21070,"San Sebastián de Buenavista","Magdalena",2006,"Congreso",NA,NA,NA,"TRONCOSITO",272,310,582,2
"5206",47692,21070,"San Sebastián de Buenavista","Magdalena",2006,"Congreso",NA,NA,NA,"VENERO",220,273,493,2
"5207",47703,21073,"San Zenón","Magdalena",2006,"Congreso",NA,NA,NA,NA,615,724,1339,4
"5208",47703,21073,"San Zenón","Magdalena",2006,"Congreso",NA,NA,NA,"ANGOSTURA",103,155,258,1
"5209",47703,21073,"San Zenón","Magdalena",2006,"Congreso",NA,NA,NA,"BERMEJAL",208,251,459,2
"5210",47703,21073,"San Zenón","Magdalena",2006,"Congreso",NA,NA,NA,"JANEIRO",124,151,275,1
"5211",47703,21073,"San Zenón","Magdalena",2006,"Congreso",NA,NA,NA,"EL HORNO",231,341,572,2
"5212",47703,21073,"San Zenón","Magdalena",2006,"Congreso",NA,NA,NA,"LA MONTA/A (LOS SACUDIDOS)",92,174,266,1
"5213",47703,21073,"San Zenón","Magdalena",2006,"Congreso",NA,NA,NA,"EL PALOMAR",141,200,341,1
"5214",47703,21073,"San Zenón","Magdalena",2006,"Congreso",NA,NA,NA,"GUINEA",111,115,226,1
"5215",47703,21073,"San Zenón","Magdalena",2006,"Congreso",NA,NA,NA,"PE/ONCITO",459,562,1021,3
"5216",47703,21073,"San Zenón","Magdalena",2006,"Congreso",NA,NA,NA,"PUERTO ARTURO",79,106,185,1
"5217",47703,21073,"San Zenón","Magdalena",2006,"Congreso",NA,NA,NA,"SANTA TERESA",276,327,603,2
"5218",47707,21076,"Santa Ana","Magdalena",2006,"Congreso",NA,NA,NA,NA,4161,4450,8611,26
"5219",47707,21076,"Santa Ana","Magdalena",2006,"Congreso",NA,NA,NA,"BARRO BLANCO",353,480,833,3
"5220",47707,21076,"Santa Ana","Magdalena",2006,"Congreso",NA,NA,NA,"JARABA",145,210,355,2
"5221",47707,21076,"Santa Ana","Magdalena",2006,"Congreso",NA,NA,NA,"SAN FERNANDO",478,577,1055,4
"5222",47707,21076,"Santa Ana","Magdalena",2006,"Congreso",NA,NA,NA,"SANTA ROSA",93,165,258,1
"5223",47720,21078,"Santa Bárbara de Pinto","Magdalena",2006,"Congreso",NA,NA,NA,NA,1701,2254,3955,12
"5224",47720,21078,"Santa Bárbara de Pinto","Magdalena",2006,"Congreso",NA,NA,NA,"CARRETAL",25,35,60,1
"5225",47720,21078,"Santa Bárbara de Pinto","Magdalena",2006,"Congreso",NA,NA,NA,"CINAGUETA",49,76,125,1
"5226",47720,21078,"Santa Bárbara de Pinto","Magdalena",2006,"Congreso",NA,NA,NA,"CUNDINAMARCA",76,105,181,1
"5227",47720,21078,"Santa Bárbara de Pinto","Magdalena",2006,"Congreso",NA,NA,NA,"SAN PEDRO",245,293,538,2
"5228",47720,21078,"Santa Bárbara de Pinto","Magdalena",2006,"Congreso",NA,NA,NA,"VELADERO",109,192,301,1
"5229",47745,21079,"Sitionuevo","Magdalena",2006,"Congreso",NA,NA,NA,NA,4489,5368,9857,29
"5230",47745,21079,"Sitionuevo","Magdalena",2006,"Congreso",NA,NA,NA,"BUENAVISTA",154,222,376,2
"5231",47745,21079,"Sitionuevo","Magdalena",2006,"Congreso",NA,NA,NA,"NUEVA VENECIA (EL MORRO)",287,388,675,2
"5232",47745,21079,"Sitionuevo","Magdalena",2006,"Congreso",NA,NA,NA,"PALERMO",2143,2401,4544,14
"5233",47798,21085,"Tenerife","Magdalena",2006,"Congreso",NA,NA,NA,NA,2242,2632,4874,15
"5234",47798,21085,"Tenerife","Magdalena",2006,"Congreso",NA,NA,NA,"EL CONSUELO",61,115,176,1
"5235",47798,21085,"Tenerife","Magdalena",2006,"Congreso",NA,NA,NA,"EL JUNCAL",9,9,18,1
"5236",47798,21085,"Tenerife","Magdalena",2006,"Congreso",NA,NA,NA,"MANUEL BARRIOS",17,39,56,1
"5237",47798,21085,"Tenerife","Magdalena",2006,"Congreso",NA,NA,NA,"REAL DEL OBISPO",348,502,850,3
"5238",47798,21085,"Tenerife","Magdalena",2006,"Congreso",NA,NA,NA,"SAN ANTONIO",27,34,61,1
"5239",47798,21085,"Tenerife","Magdalena",2006,"Congreso",NA,NA,NA,"SAN LUIS",494,667,1161,4
"5240",47798,21085,"Tenerife","Magdalena",2006,"Congreso",NA,NA,NA,"SANTA INES",187,322,509,2
"5241",47798,21085,"Tenerife","Magdalena",2006,"Congreso",NA,NA,NA,"VERDUN",14,25,39,1
"5242",47960,21090,"Zapayán","Magdalena",2006,"Congreso",NA,NA,NA,NA,1145,1482,2627,8
"5243",47960,21090,"Zapayán","Magdalena",2006,"Congreso",NA,NA,NA,"CA/O DE AGUAS",279,400,679,2
"5244",47960,21090,"Zapayán","Magdalena",2006,"Congreso",NA,NA,NA,"CAPUCHO",141,183,324,1
"5245",47960,21090,"Zapayán","Magdalena",2006,"Congreso",NA,NA,NA,"PIEDRAS DE MOLER",392,503,895,3
"5246",47960,21090,"Zapayán","Magdalena",2006,"Congreso",NA,NA,NA,"PIEDRAS PINTADAS",209,287,496,2
"5247",47980,21095,"Zona Bananera","Magdalena",2006,"Congreso",NA,NA,NA,NA,3833,4019,7852,23
"5248",47980,21095,"Zona Bananera","Magdalena",2006,"Congreso",NA,NA,NA,"LA GRAN VIA",585,693,1278,4
"5249",47980,21095,"Zona Bananera","Magdalena",2006,"Congreso",NA,NA,NA,"GUACAMAYAL",2158,2486,4644,14
"5250",47980,21095,"Zona Bananera","Magdalena",2006,"Congreso",NA,NA,NA,"GUAMACHITO",356,533,889,3
"5251",47980,21095,"Zona Bananera","Magdalena",2006,"Congreso",NA,NA,NA,"ORIHUACA",2597,3163,5760,17
"5252",47980,21095,"Zona Bananera","Magdalena",2006,"Congreso",NA,NA,NA,"PALOMAR",306,480,786,3
"5253",47980,21095,"Zona Bananera","Magdalena",2006,"Congreso",NA,NA,NA,"RIOFRIO",2640,3241,5881,18
"5254",47980,21095,"Zona Bananera","Magdalena",2006,"Congreso",NA,NA,NA,"SANTA ROSALIA",239,347,586,2
"5255",47980,21095,"Zona Bananera","Magdalena",2006,"Congreso",NA,NA,NA,"SOPLADOR",448,632,1080,4
"5256",47980,21095,"Zona Bananera","Magdalena",2006,"Congreso",NA,NA,NA,"TUCURINCA",1092,1633,2725,8
"5257",47980,21095,"Zona Bananera","Magdalena",2006,"Congreso",NA,NA,NA,"VARELA",654,779,1433,5
"5258",52001,23001,"Pasto","Nariño",2006,"Congreso",NA,NA,NA,"LIC. DE UNIVERSIDAD DE NARI/O",3971,7242,11213,33
"5259",52001,23001,"Pasto","Nariño",2006,"Congreso",NA,NA,NA,"INST.UNIVERSITARIA CESMAG",5256,4498,9754,29
"5260",52001,23001,"Pasto","Nariño",2006,"Congreso",NA,NA,NA,"COL. SAN FCO. JAVIER JAVERIAN",7510,6105,13615,40
"5261",52001,23001,"Pasto","Nariño",2006,"Congreso",NA,NA,NA,"LIC. SANTA TERESITA",1306,1091,2397,7
"5262",52001,23001,"Pasto","Nariño",2006,"Congreso",NA,NA,NA,"SERVICIO SECCIONAL DE SALUD",2682,1829,4511,14
"5263",52001,23001,"Pasto","Nariño",2006,"Congreso",NA,NA,NA,"ESC. PRIMARIA MARIA GORETTI",695,817,1512,5
"5264",52001,23001,"Pasto","Nariño",2006,"Congreso",NA,NA,NA,"INSTITUTO CHAMPAGNAT",4770,3241,8011,24
"5265",52001,23001,"Pasto","Nariño",2006,"Congreso",NA,NA,NA,"COLISEO CUBIERTO",4371,3528,7899,23
"5266",52001,23001,"Pasto","Nariño",2006,"Congreso",NA,NA,NA,"COMFAMILIAR AVENIDA COLOMBIA",2191,1752,3943,12
"5267",52001,23001,"Pasto","Nariño",2006,"Congreso",NA,NA,NA,"INST. EDUC.HERALDO ROMERO",1702,1356,3058,9
"5268",52001,23001,"Pasto","Nariño",2006,"Congreso",NA,NA,NA,"I.C.B.F.",2625,1809,4434,13
"5269",52001,23001,"Pasto","Nariño",2006,"Congreso",NA,NA,NA,"CENTRO EDUCATIVO MERCEDARIO",1389,933,2322,7
"5270",52001,23001,"Pasto","Nariño",2006,"Congreso",NA,NA,NA,"ESC. SANTA BARBARA",2045,1502,3547,11
"5271",52001,23001,"Pasto","Nariño",2006,"Congreso",NA,NA,NA,"LA CIUDADELA EDUCATIVA",1881,1647,3528,11
"5272",52001,23001,"Pasto","Nariño",2006,"Congreso",NA,NA,NA,"FUNDACION EDUC. EL PRINCIPITO",520,417,937,3
"5273",52001,23001,"Pasto","Nariño",2006,"Congreso",NA,NA,NA,"LICEO DE LA PRESENTACION",1164,965,2129,7
"5274",52001,23001,"Pasto","Nariño",2006,"Congreso",NA,NA,NA,"CON.ESC.MIRAFLORES",4832,3518,8350,25
"5275",52001,23001,"Pasto","Nariño",2006,"Congreso",NA,NA,NA,"COMFAMILIAR MIRAFLORES",2376,1586,3962,12
"5276",52001,23001,"Pasto","Nariño",2006,"Congreso",NA,NA,NA,"COL.DPTAL.CTRO.INT.POPULAR",730,566,1296,4
"5277",52001,23001,"Pasto","Nariño",2006,"Congreso",NA,NA,NA,"CONC. ESCOLAR ENRIQUE JENSEN",2520,1926,4446,13
"5278",52001,23001,"Pasto","Nariño",2006,"Congreso",NA,NA,NA,"INSTITUTO FEMENINO LIBERTAD",1201,984,2185,7
"5279",52001,23001,"Pasto","Nariño",2006,"Congreso",NA,NA,NA,"CON.ESC.AGUSTIN AGUALONGO",2449,1592,4041,12
"5280",52001,23001,"Pasto","Nariño",2006,"Congreso",NA,NA,NA,"I.N.E.M.",4602,3282,7884,23
"5281",52001,23001,"Pasto","Nariño",2006,"Congreso",NA,NA,NA,"CENTRO CIAL. VILLA VERGEL",994,834,1828,6
"5282",52001,23001,"Pasto","Nariño",2006,"Congreso",NA,NA,NA,"JARDIN INF. CASITA DE BELEN",861,648,1509,5
"5283",52001,23001,"Pasto","Nariño",2006,"Congreso",NA,NA,NA,"COL. JAVERIANITO",1260,956,2216,7
"5284",52001,23001,"Pasto","Nariño",2006,"Congreso",NA,NA,NA,"LUIS EDUARDO MORA OSEJO",3007,2129,5136,15
"5285",52001,23001,"Pasto","Nariño",2006,"Congreso",NA,NA,NA,"ESC. SAN VICENTE",1658,1300,2958,9
"5286",52001,23001,"Pasto","Nariño",2006,"Congreso",NA,NA,NA,"INT.NAL.PARA CIEGOS",754,525,1279,4
"5287",52001,23001,"Pasto","Nariño",2006,"Congreso",NA,NA,NA,"SUPER COMFAMILIAR PARQUE INF.",2606,1880,4486,14
"5288",52001,23001,"Pasto","Nariño",2006,"Congreso",NA,NA,NA,"POLIDEPORTIVO UNIV. MARIANA",2268,1746,4014,12
"5289",52001,23001,"Pasto","Nariño",2006,"Congreso",NA,NA,NA,"LIC. DE LA MERCED - PRIMARIA",2014,1594,3608,11
"5290",52001,23001,"Pasto","Nariño",2006,"Congreso",NA,NA,NA,"HOTEL MORASURCO",1806,1390,3196,10
"5291",52001,23001,"Pasto","Nariño",2006,"Congreso",NA,NA,NA,"ESC. JUAN XXIII",815,627,1442,5
"5292",52001,23001,"Pasto","Nariño",2006,"Congreso",NA,NA,NA,"UNIVERSIDAD COOPERATIVA",438,458,896,3
"5293",52001,23001,"Pasto","Nariño",2006,"Congreso",NA,NA,NA,"ESC. MIXTA 1o DE MAYO - ARAND",674,437,1111,4
"5294",52001,23001,"Pasto","Nariño",2006,"Congreso",NA,NA,NA,"ESC. NUEVO SOL",488,319,807,3
"5295",52001,23001,"Pasto","Nariño",2006,"Congreso",NA,NA,NA,"INST. PEDAGOGICO MILITAR",1885,1449,3334,10
"5296",52001,23001,"Pasto","Nariño",2006,"Congreso",NA,NA,NA,"INST.EDUC. ARTEMIO MENDOZA C.",2731,1919,4650,14
"5297",52001,23001,"Pasto","Nariño",2006,"Congreso",NA,NA,NA,"E.M.A.S.",505,493,998,3
"5298",52001,23001,"Pasto","Nariño",2006,"Congreso",NA,NA,NA,"COL. MILITAR COLOMBIA",1195,933,2128,7
"5299",52001,23001,"Pasto","Nariño",2006,"Congreso",NA,NA,NA,"ESC. CARLOS PIZARRO",142,104,246,1
"5300",52001,23001,"Pasto","Nariño",2006,"Congreso",NA,NA,NA,"LA FLORESTA",435,262,697,3
"5301",52001,23001,"Pasto","Nariño",2006,"Congreso",NA,NA,NA,"PUESTO CENSO",21436,18403,39839,51
"5302",52001,23001,"Pasto","Nariño",2006,"Congreso",NA,NA,NA,"CARCEL DISTRITO JUDICIAL",6,97,103,1
"5303",52001,23001,"Pasto","Nariño",2006,"Congreso",NA,NA,NA,"RECLUSION DE MUJERES",12,7,19,1
"5304",52001,23001,"Pasto","Nariño",2006,"Congreso",NA,NA,NA,"CATAMBUCO",1795,1497,3292,10
"5305",52001,23001,"Pasto","Nariño",2006,"Congreso",NA,NA,NA,"ANGANOY",545,431,976,3
"5306",52001,23001,"Pasto","Nariño",2006,"Congreso",NA,NA,NA,"CABRERA",395,324,719,3
"5307",52001,23001,"Pasto","Nariño",2006,"Congreso",NA,NA,NA,"ALTO CASANARE",195,229,424,2
"5308",52001,23001,"Pasto","Nariño",2006,"Congreso",NA,NA,NA,"BUESAQUILLO",1088,930,2018,6
"5309",52001,23001,"Pasto","Nariño",2006,"Congreso",NA,NA,NA,"CAMPANERO BUENAVISTA",210,221,431,2
"5310",52001,23001,"Pasto","Nariño",2006,"Congreso",NA,NA,NA,"CANCHALA",98,69,167,1
"5311",52001,23001,"Pasto","Nariño",2006,"Congreso",NA,NA,NA,"EL ENCANO",877,932,1809,6
"5312",52001,23001,"Pasto","Nariño",2006,"Congreso",NA,NA,NA,"BAJO CASANARE",138,153,291,1
"5313",52001,23001,"Pasto","Nariño",2006,"Congreso",NA,NA,NA,"CUJACAL CENTRO",60,46,106,1
"5314",52001,23001,"Pasto","Nariño",2006,"Congreso",NA,NA,NA,"JURADO CENTRO",204,204,408,2
"5315",52001,23001,"Pasto","Nariño",2006,"Congreso",NA,NA,NA,"GENOY",848,706,1554,5
"5316",52001,23001,"Pasto","Nariño",2006,"Congreso",NA,NA,NA,"GUALMATAN",307,258,565,2
"5317",52001,23001,"Pasto","Nariño",2006,"Congreso",NA,NA,NA,"CUJACAL",155,114,269,1
"5318",52001,23001,"Pasto","Nariño",2006,"Congreso",NA,NA,NA,"EL SOCORRO",270,253,523,2
"5319",52001,23001,"Pasto","Nariño",2006,"Congreso",NA,NA,NA,"LA LAGUNA",1063,970,2033,6
"5320",52001,23001,"Pasto","Nariño",2006,"Congreso",NA,NA,NA,"LA VICTORIA",302,313,615,2
"5321",52001,23001,"Pasto","Nariño",2006,"Congreso",NA,NA,NA,"LOS ANGELES",241,258,499,2
"5322",52001,23001,"Pasto","Nariño",2006,"Congreso",NA,NA,NA,"MOTILON",102,116,218,1
"5323",52001,23001,"Pasto","Nariño",2006,"Congreso",NA,NA,NA,"LA CALDERA",223,218,441,2
"5324",52001,23001,"Pasto","Nariño",2006,"Congreso",NA,NA,NA,"LA ESPERANZA",128,134,262,1
"5325",52001,23001,"Pasto","Nariño",2006,"Congreso",NA,NA,NA,"OBONUCO",1407,1018,2425,8
"5326",52001,23001,"Pasto","Nariño",2006,"Congreso",NA,NA,NA,"LAS ENCINAS",136,154,290,1
"5327",52001,23001,"Pasto","Nariño",2006,"Congreso",NA,NA,NA,"SANTA BARBARA",439,411,850,3
"5328",52001,23001,"Pasto","Nariño",2006,"Congreso",NA,NA,NA,"LA CONCEPCION",139,131,270,1
"5329",52001,23001,"Pasto","Nariño",2006,"Congreso",NA,NA,NA,"EL ROSARIO",208,122,330,1
"5330",52001,23001,"Pasto","Nariño",2006,"Congreso",NA,NA,NA,"SAN GABRIEL",124,120,244,1
"5331",52001,23001,"Pasto","Nariño",2006,"Congreso",NA,NA,NA,"PRADERA BAJO",50,38,88,1
"5332",52001,23001,"Pasto","Nariño",2006,"Congreso",NA,NA,NA,"SAN FRANCISCO",162,147,309,1
"5333",52001,23001,"Pasto","Nariño",2006,"Congreso",NA,NA,NA,"VILLA MARIA",72,51,123,1
"5334",52001,23001,"Pasto","Nariño",2006,"Congreso",NA,NA,NA,"MAPACHICO",425,346,771,3
"5335",52001,23001,"Pasto","Nariño",2006,"Congreso",NA,NA,NA,"MORASURCO",274,274,548,2
"5336",52001,23001,"Pasto","Nariño",2006,"Congreso",NA,NA,NA,"MOCONDINO",537,445,982,3
"5337",52001,23001,"Pasto","Nariño",2006,"Congreso",NA,NA,NA,"JAMONDINO",335,261,596,2
"5338",52001,23001,"Pasto","Nariño",2006,"Congreso",NA,NA,NA,"JONGOVITO",435,304,739,3
"5339",52001,23001,"Pasto","Nariño",2006,"Congreso",NA,NA,NA,"SANTA LUCIA",41,77,118,1
"5340",52001,23001,"Pasto","Nariño",2006,"Congreso",NA,NA,NA,"SANTA ROSA EL ENCANO",145,153,298,1
"5341",52019,23004,"Albán","Nariño",2006,"Congreso",NA,NA,NA,NA,2482,2074,4556,14
"5342",52019,23004,"Albán","Nariño",2006,"Congreso",NA,NA,NA,"CHAPIURCO",149,151,300,1
"5343",52019,23004,"Albán","Nariño",2006,"Congreso",NA,NA,NA,"SAN ANTONIO DEL GUARANGAL",188,202,390,2
"5344",52019,23004,"Albán","Nariño",2006,"Congreso",NA,NA,NA,"EL CEBADERO",133,131,264,1
"5345",52019,23004,"Albán","Nariño",2006,"Congreso",NA,NA,NA,"SAN BOSCO",138,140,278,1
"5346",52022,23007,"Aldana","Nariño",2006,"Congreso",NA,NA,NA,NA,2037,1747,3784,11
"5347",52022,23007,"Aldana","Nariño",2006,"Congreso",NA,NA,NA,"CAUPUERAN",187,176,363,2
"5348",52022,23007,"Aldana","Nariño",2006,"Congreso",NA,NA,NA,"SAN LUIS",380,304,684,2
"5349",52036,23010,"Ancuyá","Nariño",2006,"Congreso",NA,NA,NA,NA,1702,1814,3516,11
"5350",52036,23010,"Ancuyá","Nariño",2006,"Congreso",NA,NA,NA,"EL INGENIO",239,222,461,2
"5351",52036,23010,"Ancuyá","Nariño",2006,"Congreso",NA,NA,NA,"INDO",207,190,397,2
"5352",52036,23010,"Ancuyá","Nariño",2006,"Congreso",NA,NA,NA,"LA ARADA",116,118,234,1
"5353",52036,23010,"Ancuyá","Nariño",2006,"Congreso",NA,NA,NA,"LA LOMA",285,278,563,2
"5354",52036,23010,"Ancuyá","Nariño",2006,"Congreso",NA,NA,NA,"CRUZ DE MAYO",126,143,269,1
"5355",52036,23010,"Ancuyá","Nariño",2006,"Congreso",NA,NA,NA,"MACAS CRUZ",165,163,328,1
"5356",52036,23010,"Ancuyá","Nariño",2006,"Congreso",NA,NA,NA,"SAN LUIS GRANDE",72,85,157,1
"5357",52036,23010,"Ancuyá","Nariño",2006,"Congreso",NA,NA,NA,"YANANCHA",264,266,530,2
"5358",52036,23010,"Ancuyá","Nariño",2006,"Congreso",NA,NA,NA,"EL ROSARIO",35,38,73,1
"5359",52051,23013,"Arboleda","Nariño",2006,"Congreso",NA,NA,NA,NA,1164,1278,2442,8
"5360",52051,23013,"Arboleda","Nariño",2006,"Congreso",NA,NA,NA,"CARDENAS (ROSAFLORIDA)",585,544,1129,4
"5361",52051,23013,"Arboleda","Nariño",2006,"Congreso",NA,NA,NA,"LA CA/ADA",71,81,152,1
"5362",52051,23013,"Arboleda","Nariño",2006,"Congreso",NA,NA,NA,"LA COCHA",246,238,484,2
"5363",52051,23013,"Arboleda","Nariño",2006,"Congreso",NA,NA,NA,"SANTA TERESA",96,124,220,1
"5364",52079,23016,"Barbacoas","Nariño",2006,"Congreso",NA,NA,NA,NA,4409,4428,8837,26
"5365",52079,23016,"Barbacoas","Nariño",2006,"Congreso",NA,NA,NA,"ALTAQUER",182,208,390,2
"5366",52079,23016,"Barbacoas","Nariño",2006,"Congreso",NA,NA,NA,"BUENAVISTA",147,175,322,1
"5367",52079,23016,"Barbacoas","Nariño",2006,"Congreso",NA,NA,NA,"CHALALBI",62,94,156,1
"5368",52079,23016,"Barbacoas","Nariño",2006,"Congreso",NA,NA,NA,"CHALCHAL",96,126,222,1
"5369",52079,23016,"Barbacoas","Nariño",2006,"Congreso",NA,NA,NA,"CHAPIRA",48,79,127,1
"5370",52079,23016,"Barbacoas","Nariño",2006,"Congreso",NA,NA,NA,"DIAGUILLO",149,184,333,1
"5371",52079,23016,"Barbacoas","Nariño",2006,"Congreso",NA,NA,NA,"GUAGAYPI",24,51,75,1
"5372",52079,23016,"Barbacoas","Nariño",2006,"Congreso",NA,NA,NA,"OLAYA HERRERA (PALACIOS)",127,132,259,1
"5373",52079,23016,"Barbacoas","Nariño",2006,"Congreso",NA,NA,NA,"JUNIN",89,96,185,1
"5374",52079,23016,"Barbacoas","Nariño",2006,"Congreso",NA,NA,NA,"JUSTO ORTIZ (EL DIVISO)",368,484,852,3
"5375",52079,23016,"Barbacoas","Nariño",2006,"Congreso",NA,NA,NA,"LAS CRUCES (SANTANDER)",122,135,257,1
"5376",52079,23016,"Barbacoas","Nariño",2006,"Congreso",NA,NA,NA,"LOS BRAZOS",153,146,299,1
"5377",52079,23016,"Barbacoas","Nariño",2006,"Congreso",NA,NA,NA,"LUIS AVELINO PEREZ (VIDAL)",170,206,376,2
"5378",52079,23016,"Barbacoas","Nariño",2006,"Congreso",NA,NA,NA,"MONGON",108,115,223,1
"5379",52079,23016,"Barbacoas","Nariño",2006,"Congreso",NA,NA,NA,"PAMBANA",125,141,266,1
"5380",52079,23016,"Barbacoas","Nariño",2006,"Congreso",NA,NA,NA,"SAN MIGUEL DE /AMBI",191,236,427,2
"5381",52079,23016,"Barbacoas","Nariño",2006,"Congreso",NA,NA,NA,"SUCRE (GUINULTE)",116,157,273,1
"5382",52079,23016,"Barbacoas","Nariño",2006,"Congreso",NA,NA,NA,"SOLEDAD",66,58,124,1
"5383",52079,23016,"Barbacoas","Nariño",2006,"Congreso",NA,NA,NA,"TELPI",182,208,390,2
"5384",52079,23016,"Barbacoas","Nariño",2006,"Congreso",NA,NA,NA,"TERAIMBE",187,232,419,2
"5385",52079,23016,"Barbacoas","Nariño",2006,"Congreso",NA,NA,NA,"YACULA",86,109,195,1
"5386",52083,23017,"Belén","Nariño",2006,"Congreso",NA,NA,NA,NA,1808,1655,3463,11
"5387",52083,23017,"Belén","Nariño",2006,"Congreso",NA,NA,NA,"LA ESPERANZA",189,173,362,2
"5388",52083,23017,"Belén","Nariño",2006,"Congreso",NA,NA,NA,"SANTA ROSA",367,333,700,3
"5389",52110,23019,"Buesaco","Nariño",2006,"Congreso",NA,NA,NA,NA,4179,4091,8270,25
"5390",52110,23019,"Buesaco","Nariño",2006,"Congreso",NA,NA,NA,"PALACINOY",130,137,267,1
"5391",52110,23019,"Buesaco","Nariño",2006,"Congreso",NA,NA,NA,"ALTACLARA",102,120,222,1
"5392",52110,23019,"Buesaco","Nariño",2006,"Congreso",NA,NA,NA,"HATO TONGOSOY",134,149,283,1
"5393",52110,23019,"Buesaco","Nariño",2006,"Congreso",NA,NA,NA,"LA PALMA",131,162,293,1
"5394",52110,23019,"Buesaco","Nariño",2006,"Congreso",NA,NA,NA,"ROSAL DEL MONTE",515,454,969,3
"5395",52110,23019,"Buesaco","Nariño",2006,"Congreso",NA,NA,NA,"EL BADO",153,179,332,1
"5396",52110,23019,"Buesaco","Nariño",2006,"Congreso",NA,NA,NA,"SAN ANTONIO",190,177,367,2
"5397",52110,23019,"Buesaco","Nariño",2006,"Congreso",NA,NA,NA,"SAN IGNACIO",150,185,335,1
"5398",52110,23019,"Buesaco","Nariño",2006,"Congreso",NA,NA,NA,"EL GRANADILLO",110,141,251,1
"5399",52110,23019,"Buesaco","Nariño",2006,"Congreso",NA,NA,NA,"SANTAFE",283,308,591,2
"5400",52110,23019,"Buesaco","Nariño",2006,"Congreso",NA,NA,NA,"SANTAMARIA",620,688,1308,4
"5401",52110,23019,"Buesaco","Nariño",2006,"Congreso",NA,NA,NA,"VILLAMORENO",333,297,630,2
"5402",52203,23022,"Colón","Nariño",2006,"Congreso",NA,NA,NA,NA,1268,1262,2530,8
"5403",52203,23022,"Colón","Nariño",2006,"Congreso",NA,NA,NA,"GUAITARILLA",167,180,347,2
"5404",52203,23022,"Colón","Nariño",2006,"Congreso",NA,NA,NA,"EL MACAL",56,56,112,1
"5405",52203,23022,"Colón","Nariño",2006,"Congreso",NA,NA,NA,"LA PLATA",231,245,476,2
"5406",52203,23022,"Colón","Nariño",2006,"Congreso",NA,NA,NA,"SAN CARLOS",313,327,640,2
"5407",52203,23022,"Colón","Nariño",2006,"Congreso",NA,NA,NA,"LA ERMA",163,154,317,1
"5408",52203,23022,"Colón","Nariño",2006,"Congreso",NA,NA,NA,"VILLANUEVA",520,550,1070,4
"5409",52203,23022,"Colón","Nariño",2006,"Congreso",NA,NA,NA,"EL HELECHAL",93,98,191,1
"5410",52207,23025,"Consacá","Nariño",2006,"Congreso",NA,NA,NA,NA,1508,1435,2943,9
"5411",52207,23025,"Consacá","Nariño",2006,"Congreso",NA,NA,NA,"ALFONSO LOPEZ",166,156,322,1
"5412",52207,23025,"Consacá","Nariño",2006,"Congreso",NA,NA,NA,"ALTO BOMBONA",78,74,152,1
"5413",52207,23025,"Consacá","Nariño",2006,"Congreso",NA,NA,NA,"ALTO TINAJILLAS",49,56,105,1
"5414",52207,23025,"Consacá","Nariño",2006,"Congreso",NA,NA,NA,"CAMPAMENTO",92,94,186,1
"5415",52207,23025,"Consacá","Nariño",2006,"Congreso",NA,NA,NA,"CARIACO BAJO",183,159,342,1
"5416",52207,23025,"Consacá","Nariño",2006,"Congreso",NA,NA,NA,"CHURUPAMBA",74,83,157,1
"5417",52207,23025,"Consacá","Nariño",2006,"Congreso",NA,NA,NA,"BOMBONA",469,459,928,3
"5418",52207,23025,"Consacá","Nariño",2006,"Congreso",NA,NA,NA,"EL GUABO",103,128,231,1
"5419",52207,23025,"Consacá","Nariño",2006,"Congreso",NA,NA,NA,"OLAYA HERRERA",184,169,353,2
"5420",52207,23025,"Consacá","Nariño",2006,"Congreso",NA,NA,NA,"PALTAPAMBA",130,130,260,1
"5421",52207,23025,"Consacá","Nariño",2006,"Congreso",NA,NA,NA,"SAN ANTONIO",37,42,79,1
"5422",52207,23025,"Consacá","Nariño",2006,"Congreso",NA,NA,NA,"SANTA INES",45,48,93,1
"5423",52207,23025,"Consacá","Nariño",2006,"Congreso",NA,NA,NA,"SAN SEBASTIAN",51,42,93,1
"5424",52207,23025,"Consacá","Nariño",2006,"Congreso",NA,NA,NA,"EL TEJAR",52,49,101,1
"5425",52207,23025,"Consacá","Nariño",2006,"Congreso",NA,NA,NA,"SAN JOSE DEL SALADO",136,134,270,1
"5426",52207,23025,"Consacá","Nariño",2006,"Congreso",NA,NA,NA,"SAN MIGUEL DE CARIACO",132,122,254,1
"5427",52207,23025,"Consacá","Nariño",2006,"Congreso",NA,NA,NA,"SAN RAFAEL",119,94,213,1
"5428",52207,23025,"Consacá","Nariño",2006,"Congreso",NA,NA,NA,"VERACRUZ",116,105,221,1
"5429",52207,23025,"Consacá","Nariño",2006,"Congreso",NA,NA,NA,"VILLA INES",75,87,162,1
"5430",52210,23028,"Contadero","Nariño",2006,"Congreso",NA,NA,NA,NA,1093,1047,2140,7
"5431",52210,23028,"Contadero","Nariño",2006,"Congreso",NA,NA,NA,"ALDEA DE MARIA",316,296,612,2
"5432",52210,23028,"Contadero","Nariño",2006,"Congreso",NA,NA,NA,"LA JOSEFINA",238,234,472,2
"5433",52210,23028,"Contadero","Nariño",2006,"Congreso",NA,NA,NA,"OSPINA PEREZ",306,309,615,2
"5434",52210,23028,"Contadero","Nariño",2006,"Congreso",NA,NA,NA,"SAN FRANCISCO",52,58,110,1
"5435",52210,23028,"Contadero","Nariño",2006,"Congreso",NA,NA,NA,"SANTO DOMINGO",224,245,469,2
"5436",52215,23031,"Córdoba","Nariño",2006,"Congreso",NA,NA,NA,NA,3345,3084,6429,19
"5437",52215,23031,"Córdoba","Nariño",2006,"Congreso",NA,NA,NA,"LLORENTE",82,82,164,1
"5438",52215,23031,"Córdoba","Nariño",2006,"Congreso",NA,NA,NA,"LOS ARRAYANES",334,285,619,2
"5439",52215,23031,"Córdoba","Nariño",2006,"Congreso",NA,NA,NA,"PAYAN",141,131,272,1
"5440",52215,23031,"Córdoba","Nariño",2006,"Congreso",NA,NA,NA,"SAN PABLO DE BIJAGUAL",24,26,50,1
"5441",52215,23031,"Córdoba","Nariño",2006,"Congreso",NA,NA,NA,"SANTA BRIGIDA",281,286,567,2
"5442",52215,23031,"Córdoba","Nariño",2006,"Congreso",NA,NA,NA,"SANTANDER",268,231,499,2
"5443",52224,23034,"Cuaspud","Nariño",2006,"Congreso",NA,NA,NA,NA,2438,2144,4582,14
"5444",52224,23034,"Cuaspud","Nariño",2006,"Congreso",NA,NA,NA,"MACAS",435,456,891,3
"5445",52227,23037,"Cumbal","Nariño",2006,"Congreso",NA,NA,NA,NA,6778,6364,13142,39
"5446",52227,23037,"Cumbal","Nariño",2006,"Congreso",NA,NA,NA,"CHILES",1164,1090,2254,7
"5447",52227,23037,"Cumbal","Nariño",2006,"Congreso",NA,NA,NA,"MAYASQUER",417,437,854,3
"5448",52227,23037,"Cumbal","Nariño",2006,"Congreso",NA,NA,NA,"MIRAFLORES",71,76,147,1
"5449",52227,23037,"Cumbal","Nariño",2006,"Congreso",NA,NA,NA,"PANAN",953,901,1854,6
"5450",52227,23037,"Cumbal","Nariño",2006,"Congreso",NA,NA,NA,"SAN MARTIN",85,112,197,1
"5451",52240,23038,"Chachagüí","Nariño",2006,"Congreso",NA,NA,NA,NA,2549,2401,4950,15
"5452",52240,23038,"Chachagüí","Nariño",2006,"Congreso",NA,NA,NA,"CASABUY",231,238,469,2
"5453",52240,23038,"Chachagüí","Nariño",2006,"Congreso",NA,NA,NA,"EL CONVENTO",202,156,358,2
"5454",52240,23038,"Chachagüí","Nariño",2006,"Congreso",NA,NA,NA,"SANCHEZ",185,175,360,2
"5455",52240,23038,"Chachagüí","Nariño",2006,"Congreso",NA,NA,NA,"PORTACHUELO",91,91,182,1
"5456",52240,23038,"Chachagüí","Nariño",2006,"Congreso",NA,NA,NA,"HATO VIEJO",99,102,201,1
"5457",52240,23038,"Chachagüí","Nariño",2006,"Congreso",NA,NA,NA,"PASISARA",212,209,421,2
"5458",52240,23038,"Chachagüí","Nariño",2006,"Congreso",NA,NA,NA,"SIMARRONAS",66,75,141,1
"5459",52233,23039,"Cumbitara","Nariño",2006,"Congreso",NA,NA,NA,NA,1323,1371,2694,8
"5460",52233,23039,"Cumbitara","Nariño",2006,"Congreso",NA,NA,NA,"AMINDA",58,66,124,1
"5461",52233,23039,"Cumbitara","Nariño",2006,"Congreso",NA,NA,NA,"DAMASCO",132,163,295,1
"5462",52233,23039,"Cumbitara","Nariño",2006,"Congreso",NA,NA,NA,"EL DESIERTO",114,129,243,1
"5463",52233,23039,"Cumbitara","Nariño",2006,"Congreso",NA,NA,NA,"LA ESPERANZA",115,115,230,1
"5464",52233,23039,"Cumbitara","Nariño",2006,"Congreso",NA,NA,NA,"NULPI",20,29,49,1
"5465",52233,23039,"Cumbitara","Nariño",2006,"Congreso",NA,NA,NA,"EL PESQUERIO",28,32,60,1
"5466",52233,23039,"Cumbitara","Nariño",2006,"Congreso",NA,NA,NA,"PISANDA",143,165,308,1
"5467",52233,23039,"Cumbitara","Nariño",2006,"Congreso",NA,NA,NA,"SANTA ROSA LAS PALMAS",80,91,171,1
"5468",52233,23039,"Cumbitara","Nariño",2006,"Congreso",NA,NA,NA,"SIDON",255,270,525,2
"5469",52256,23040,"El Rosario","Nariño",2006,"Congreso",NA,NA,NA,NA,1322,1372,2694,8
"5470",52256,23040,"El Rosario","Nariño",2006,"Congreso",NA,NA,NA,"EL VADO",57,65,122,1
"5471",52256,23040,"El Rosario","Nariño",2006,"Congreso",NA,NA,NA,"ESMERALDAS",375,500,875,3
"5472",52256,23040,"El Rosario","Nariño",2006,"Congreso",NA,NA,NA,"LA MONTA/A",87,120,207,1
"5473",52256,23040,"El Rosario","Nariño",2006,"Congreso",NA,NA,NA,"LA SIERRA",340,416,756,3
"5474",52256,23040,"El Rosario","Nariño",2006,"Congreso",NA,NA,NA,"MARTIN PEREZ",94,140,234,1
"5475",52256,23040,"El Rosario","Nariño",2006,"Congreso",NA,NA,NA,"SANTA ISABEL",85,123,208,1
"5476",52256,23040,"El Rosario","Nariño",2006,"Congreso",NA,NA,NA,"SANTA ROSA (EL RINCON)",243,300,543,2
"5477",52256,23040,"El Rosario","Nariño",2006,"Congreso",NA,NA,NA,"VAPOR",45,51,96,1
"5478",52250,23041,"El Charco","Nariño",2006,"Congreso",NA,NA,NA,NA,3055,3556,6611,20
"5479",52250,23041,"El Charco","Nariño",2006,"Congreso",NA,NA,NA,"EL CUIL",117,113,230,1
"5480",52250,23041,"El Charco","Nariño",2006,"Congreso",NA,NA,NA,"BENJAMIN HERRERA (PLAYA DE BA",269,325,594,2
"5481",52250,23041,"El Charco","Nariño",2006,"Congreso",NA,NA,NA,"GAITAN (EL ROSARIO)",165,242,407,2
"5482",52250,23041,"El Charco","Nariño",2006,"Congreso",NA,NA,NA,"HORMIGUERO",119,124,243,1
"5483",52250,23041,"El Charco","Nariño",2006,"Congreso",NA,NA,NA,"ARENAL (SANTA BARBARA)",103,119,222,1
"5484",52250,23041,"El Charco","Nariño",2006,"Congreso",NA,NA,NA,"CARMEN BANGUELA",69,76,145,1
"5485",52250,23041,"El Charco","Nariño",2006,"Congreso",NA,NA,NA,"CASTIGO",61,76,137,1
"5486",52250,23041,"El Charco","Nariño",2006,"Congreso",NA,NA,NA,"LAS MERCEDES",122,158,280,1
"5487",52250,23041,"El Charco","Nariño",2006,"Congreso",NA,NA,NA,"RIO TAPAJE (PULBUZA)",311,384,695,3
"5488",52250,23041,"El Charco","Nariño",2006,"Congreso",NA,NA,NA,"PLINIO OLIVEROS TAIJA - SAN F",158,190,348,2
"5489",52250,23041,"El Charco","Nariño",2006,"Congreso",NA,NA,NA,"ROBERTO PAYAN (SANTA CATALINA",97,112,209,1
"5490",52250,23041,"El Charco","Nariño",2006,"Congreso",NA,NA,NA,"LA LAGUNA",48,48,96,1
"5491",52250,23041,"El Charco","Nariño",2006,"Congreso",NA,NA,NA,"SAN JOSE DEL TAPAJE",240,277,517,2
"5492",52250,23041,"El Charco","Nariño",2006,"Congreso",NA,NA,NA,"TURBAY (PLAYA GRANDE)",128,132,260,1
"5493",52250,23041,"El Charco","Nariño",2006,"Congreso",NA,NA,NA,"URIBE URIBE (EL CARMEN)",125,159,284,1
"5494",52250,23041,"El Charco","Nariño",2006,"Congreso",NA,NA,NA,"BOLIVAR (SAN PEDRO)",98,126,224,1
"5495",52250,23041,"El Charco","Nariño",2006,"Congreso",NA,NA,NA,"PAMBILERO",101,123,224,1
"5496",52258,23043,"El Tablón de Gómez","Nariño",2006,"Congreso",NA,NA,NA,NA,1714,1739,3453,11
"5497",52258,23043,"El Tablón de Gómez","Nariño",2006,"Congreso",NA,NA,NA,"APONTE",721,749,1470,5
"5498",52258,23043,"El Tablón de Gómez","Nariño",2006,"Congreso",NA,NA,NA,"FATIMA",72,57,129,1
"5499",52258,23043,"El Tablón de Gómez","Nariño",2006,"Congreso",NA,NA,NA,"LA CUEVA",218,259,477,2
"5500",52258,23043,"El Tablón de Gómez","Nariño",2006,"Congreso",NA,NA,NA,"LAS MESAS",1202,1292,2494,8
"5501",52258,23043,"El Tablón de Gómez","Nariño",2006,"Congreso",NA,NA,NA,"POMPEYA",203,198,401,2
"5502",52254,23044,"El Peñol","Nariño",2006,"Congreso",NA,NA,NA,NA,1159,1195,2354,7
"5503",52254,23044,"El Peñol","Nariño",2006,"Congreso",NA,NA,NA,"LAS COCHAS",235,265,500,2
"5504",52254,23044,"El Peñol","Nariño",2006,"Congreso",NA,NA,NA,"SAN FRANCISCO",600,610,1210,4
"5505",52260,23046,"El Tambo","Nariño",2006,"Congreso",NA,NA,NA,NA,4461,4565,9026,27
"5506",52260,23046,"El Tambo","Nariño",2006,"Congreso",NA,NA,NA,"OVEJERA",70,81,151,1
"5507",52260,23046,"El Tambo","Nariño",2006,"Congreso",NA,NA,NA,"RICAURTE",208,242,450,2
"5508",52260,23046,"El Tambo","Nariño",2006,"Congreso",NA,NA,NA,"SAN PEDRO",234,247,481,2
"5509",52260,23046,"El Tambo","Nariño",2006,"Congreso",NA,NA,NA,"TANGUANA",132,154,286,1
"5510",52520,23047,"Francisco Pizarro","Nariño",2006,"Congreso",NA,NA,NA,NA,1644,1744,3388,10
"5511",52520,23047,"Francisco Pizarro","Nariño",2006,"Congreso",NA,NA,NA,"HUGO BELALCAZAR LUCERO (YARI)",26,31,57,1
"5512",52520,23047,"Francisco Pizarro","Nariño",2006,"Congreso",NA,NA,NA,"JORGE ANTONIO CUERO MIRANDA (",87,110,197,1
"5513",52520,23047,"Francisco Pizarro","Nariño",2006,"Congreso",NA,NA,NA,"LAUREANO ALBERTO ARELLANO (IS",44,58,102,1
"5514",52520,23047,"Francisco Pizarro","Nariño",2006,"Congreso",NA,NA,NA,"LUIS AVELINO PEREZ (BOCAS DE",62,78,140,1
"5515",52520,23047,"Francisco Pizarro","Nariño",2006,"Congreso",NA,NA,NA,"NOVILLAL",37,50,87,1
"5516",52520,23047,"Francisco Pizarro","Nariño",2006,"Congreso",NA,NA,NA,"NICANOR VALENCIA (HOJAS BLANC",49,50,99,1
"5517",52520,23047,"Francisco Pizarro","Nariño",2006,"Congreso",NA,NA,NA,"PATIA (SAN PEDRO DEL VINO)",100,134,234,1
"5518",52520,23047,"Francisco Pizarro","Nariño",2006,"Congreso",NA,NA,NA,"VUELTA DEL GALLO",58,65,123,1
"5519",52520,23047,"Francisco Pizarro","Nariño",2006,"Congreso",NA,NA,NA,"VICTOR CALONGE GAMEZ (CAIMITO",61,70,131,1
"5520",52287,23049,"Funes","Nariño",2006,"Congreso",NA,NA,NA,NA,1383,1330,2713,8
"5521",52287,23049,"Funes","Nariño",2006,"Congreso",NA,NA,NA,"CHAPAL",202,228,430,2
"5522",52287,23049,"Funes","Nariño",2006,"Congreso",NA,NA,NA,"CHITARRAN",155,158,313,1
"5523",52287,23049,"Funes","Nariño",2006,"Congreso",NA,NA,NA,"GUAPUSCAL",264,282,546,2
"5524",52287,23049,"Funes","Nariño",2006,"Congreso",NA,NA,NA,"GUAPUSCAL BAJO",138,153,291,1
"5525",52287,23049,"Funes","Nariño",2006,"Congreso",NA,NA,NA,"SUCUMBIOS",56,74,130,1
"5526",52287,23049,"Funes","Nariño",2006,"Congreso",NA,NA,NA,"TERRERO",166,138,304,1
"5527",52287,23049,"Funes","Nariño",2006,"Congreso",NA,NA,NA,"TELLEZ ALTO",120,134,254,1
"5528",52317,23052,"Guachucal","Nariño",2006,"Congreso",NA,NA,NA,NA,4321,3850,8171,24
"5529",52317,23052,"Guachucal","Nariño",2006,"Congreso",NA,NA,NA,"COLIMBA",264,245,509,2
"5530",52317,23052,"Guachucal","Nariño",2006,"Congreso",NA,NA,NA,"CHILLANQUER",214,183,397,2
"5531",52317,23052,"Guachucal","Nariño",2006,"Congreso",NA,NA,NA,"MUELLAMUES",974,928,1902,6
"5532",52317,23052,"Guachucal","Nariño",2006,"Congreso",NA,NA,NA,"SAN JOSE DE CHILLANQUER",268,274,542,2
"5533",52320,23055,"Guaitarilla","Nariño",2006,"Congreso",NA,NA,NA,NA,3324,3374,6698,20
"5534",52320,23055,"Guaitarilla","Nariño",2006,"Congreso",NA,NA,NA,"AHUMADA",265,239,504,2
"5535",52320,23055,"Guaitarilla","Nariño",2006,"Congreso",NA,NA,NA,"BUENOS AIRES",98,98,196,1
"5536",52320,23055,"Guaitarilla","Nariño",2006,"Congreso",NA,NA,NA,"ESPERANZA",107,84,191,1
"5537",52320,23055,"Guaitarilla","Nariño",2006,"Congreso",NA,NA,NA,"GIRARDOT",280,304,584,2
"5538",52320,23055,"Guaitarilla","Nariño",2006,"Congreso",NA,NA,NA,"LA VICTORIA",73,79,152,1
"5539",52320,23055,"Guaitarilla","Nariño",2006,"Congreso",NA,NA,NA,"EL CID",86,102,188,1
"5540",52320,23055,"Guaitarilla","Nariño",2006,"Congreso",NA,NA,NA,"ALEX",288,250,538,2
"5541",52320,23055,"Guaitarilla","Nariño",2006,"Congreso",NA,NA,NA,"SAN ALEJANDRO",263,299,562,2
"5542",52320,23055,"Guaitarilla","Nariño",2006,"Congreso",NA,NA,NA,"SAN NICOLAS",93,96,189,1
"5543",52323,23058,"Gualmatán","Nariño",2006,"Congreso",NA,NA,NA,NA,1912,1616,3528,11
"5544",52323,23058,"Gualmatán","Nariño",2006,"Congreso",NA,NA,NA,"CUATIS",308,271,579,2
"5545",52352,23061,"Iles","Nariño",2006,"Congreso",NA,NA,NA,NA,2560,2428,4988,15
"5546",52352,23061,"Iles","Nariño",2006,"Congreso",NA,NA,NA,"BOLIVAR",124,103,227,1
"5547",52352,23061,"Iles","Nariño",2006,"Congreso",NA,NA,NA,"EL ALTO DEL REY",103,98,201,1
"5548",52352,23061,"Iles","Nariño",2006,"Congreso",NA,NA,NA,"EL TABLON",185,154,339,1
"5549",52352,23061,"Iles","Nariño",2006,"Congreso",NA,NA,NA,"SAN FRANCISCO",174,183,357,2
"5550",52354,23064,"Imués","Nariño",2006,"Congreso",NA,NA,NA,NA,920,849,1769,6
"5551",52354,23064,"Imués","Nariño",2006,"Congreso",NA,NA,NA,"NEIRA (SANTA ANA)",503,504,1007,3
"5552",52354,23064,"Imués","Nariño",2006,"Congreso",NA,NA,NA,"PILCUAN",369,265,634,2
"5553",52354,23064,"Imués","Nariño",2006,"Congreso",NA,NA,NA,"EL ALISAL",164,187,351,2
"5554",52354,23064,"Imués","Nariño",2006,"Congreso",NA,NA,NA,"PEDREGAL",484,404,888,3
"5555",52354,23064,"Imués","Nariño",2006,"Congreso",NA,NA,NA,"VALENCIA (SAN ISIDRO)",252,255,507,2
"5556",52354,23064,"Imués","Nariño",2006,"Congreso",NA,NA,NA,"BETANIA",53,75,128,1
"5557",52354,23064,"Imués","Nariño",2006,"Congreso",NA,NA,NA,"CUARCHU",230,215,445,2
"5558",52354,23064,"Imués","Nariño",2006,"Congreso",NA,NA,NA,"SAN BUENAVENTURA",62,62,124,1
"5559",52356,23067,"Ipiales","Nariño",2006,"Congreso",NA,NA,NA,"COL. SAN FRANCISCO DE ASIS",677,7788,8465,25
"5560",52356,23067,"Ipiales","Nariño",2006,"Congreso",NA,NA,NA,"COL. INMACULADA CONCEPCION",4604,2107,6711,20
"5561",52356,23067,"Ipiales","Nariño",2006,"Congreso",NA,NA,NA,"COL. SAN FELIPE NERI",6521,1157,7678,23
"5562",52356,23067,"Ipiales","Nariño",2006,"Congreso",NA,NA,NA,"COL.NUESTRA SRA DE LAS LAJAS",800,3104,3904,12
"5563",52356,23067,"Ipiales","Nariño",2006,"Congreso",NA,NA,NA,"ESC. NRO. 3 DE NI/AS",1666,2111,3777,11
"5564",52356,23067,"Ipiales","Nariño",2006,"Congreso",NA,NA,NA,"COL. FILIPENSE",4585,413,4998,15
"5565",52356,23067,"Ipiales","Nariño",2006,"Congreso",NA,NA,NA,"COL. SUCRE",2660,2273,4933,15
"5566",52356,23067,"Ipiales","Nariño",2006,"Congreso",NA,NA,NA,"COL.INTEG.BARRIO OBRERO",1404,1081,2485,8
"5567",52356,23067,"Ipiales","Nariño",2006,"Congreso",NA,NA,NA,"UNIVERSIDAD DE NARI/O",485,449,934,3
"5568",52356,23067,"Ipiales","Nariño",2006,"Congreso",NA,NA,NA,"COL. INTEGRADO CIUDAD IPIALES",1081,1054,2135,7
"5569",52356,23067,"Ipiales","Nariño",2006,"Congreso",NA,NA,NA,"PUESTO CENSO",9260,8106,17366,22
"5570",52356,23067,"Ipiales","Nariño",2006,"Congreso",NA,NA,NA,"CARCEL",3,14,17,1
"5571",52356,23067,"Ipiales","Nariño",2006,"Congreso",NA,NA,NA,"LA VICTORIA",1213,1326,2539,8
"5572",52356,23067,"Ipiales","Nariño",2006,"Congreso",NA,NA,NA,"LAS CRUCES",882,771,1653,5
"5573",52356,23067,"Ipiales","Nariño",2006,"Congreso",NA,NA,NA,"LAS LAJAS",275,221,496,2
"5574",52356,23067,"Ipiales","Nariño",2006,"Congreso",NA,NA,NA,"SAN JUAN",797,623,1420,5
"5575",52356,23067,"Ipiales","Nariño",2006,"Congreso",NA,NA,NA,"YARAMAL",388,415,803,3
"5576",52378,23073,"La Cruz","Nariño",2006,"Congreso",NA,NA,NA,NA,4062,3778,7840,23
"5577",52378,23073,"La Cruz","Nariño",2006,"Congreso",NA,NA,NA,"CARCEL",0,5,5,1
"5578",52378,23073,"La Cruz","Nariño",2006,"Congreso",NA,NA,NA,"CABUYALES",140,122,262,1
"5579",52378,23073,"La Cruz","Nariño",2006,"Congreso",NA,NA,NA,"CASCABEL (TUJUMBINA)",583,562,1145,4
"5580",52378,23073,"La Cruz","Nariño",2006,"Congreso",NA,NA,NA,"ALTO MAYO (ESCANDOY)",267,264,531,2
"5581",52378,23073,"La Cruz","Nariño",2006,"Congreso",NA,NA,NA,"EL PULPITO",20,19,39,1
"5582",52378,23073,"La Cruz","Nariño",2006,"Congreso",NA,NA,NA,"JUAN ESTEBAN DE ALVEAR (LA ES",360,343,703,3
"5583",52378,23073,"La Cruz","Nariño",2006,"Congreso",NA,NA,NA,"LAS PLAZUELAS",30,19,49,1
"5584",52378,23073,"La Cruz","Nariño",2006,"Congreso",NA,NA,NA,"SAN GERARDO",289,329,618,2
"5585",52378,23073,"La Cruz","Nariño",2006,"Congreso",NA,NA,NA,"SAN RAFAEL",60,50,110,1
"5586",52381,23076,"La Florida","Nariño",2006,"Congreso",NA,NA,NA,NA,1627,1523,3150,10
"5587",52381,23076,"La Florida","Nariño",2006,"Congreso",NA,NA,NA,"MATITUY",521,480,1001,3
"5588",52381,23076,"La Florida","Nariño",2006,"Congreso",NA,NA,NA,"BELLAVISTA",116,104,220,1
"5589",52381,23076,"La Florida","Nariño",2006,"Congreso",NA,NA,NA,"EL RODEO",259,220,479,2
"5590",52381,23076,"La Florida","Nariño",2006,"Congreso",NA,NA,NA,"LAS PLAZUELAS",247,247,494,2
"5591",52381,23076,"La Florida","Nariño",2006,"Congreso",NA,NA,NA,"SANTACRUZ DE ROBLES",423,440,863,3
"5592",52381,23076,"La Florida","Nariño",2006,"Congreso",NA,NA,NA,"BUENOS AIRES",152,132,284,1
"5593",52381,23076,"La Florida","Nariño",2006,"Congreso",NA,NA,NA,"TUNJA GRANDE",451,396,847,3
"5594",52381,23076,"La Florida","Nariño",2006,"Congreso",NA,NA,NA,"YUNGUILLA",89,93,182,1
"5595",52385,23077,"La Llanada","Nariño",2006,"Congreso",NA,NA,NA,NA,995,1008,2003,6
"5596",52385,23077,"La Llanada","Nariño",2006,"Congreso",NA,NA,NA,"EL PALMAR",61,69,130,1
"5597",52385,23077,"La Llanada","Nariño",2006,"Congreso",NA,NA,NA,"VERGEL",154,182,336,1
"5598",52390,23078,"La Tola","Nariño",2006,"Congreso",NA,NA,NA,NA,1200,1347,2547,8
"5599",52390,23078,"La Tola","Nariño",2006,"Congreso",NA,NA,NA,"ALMARALES",120,146,266,1
"5600",52390,23078,"La Tola","Nariño",2006,"Congreso",NA,NA,NA,"ANTONIO NARI/O (LA VIGIA)",97,129,226,1
"5601",52390,23078,"La Tola","Nariño",2006,"Congreso",NA,NA,NA,"NERETE",60,67,127,1
"5602",52390,23078,"La Tola","Nariño",2006,"Congreso",NA,NA,NA,"SAN ANTONIO DE LA MAR",164,204,368,2
"5603",52399,23079,"La Unión","Nariño",2006,"Congreso",NA,NA,NA,NA,5141,5041,10182,30
"5604",52399,23079,"La Unión","Nariño",2006,"Congreso",NA,NA,NA,"CARCEL",0,0,0,0
"5605",52399,23079,"La Unión","Nariño",2006,"Congreso",NA,NA,NA,"SANTANDER",263,281,544,2
"5606",52399,23079,"La Unión","Nariño",2006,"Congreso",NA,NA,NA,"ALPUJARRA",171,181,352,2
"5607",52399,23079,"La Unión","Nariño",2006,"Congreso",NA,NA,NA,"CONTADERO",93,101,194,1
"5608",52399,23079,"La Unión","Nariño",2006,"Congreso",NA,NA,NA,"CUSILLO ALTO",168,153,321,1
"5609",52399,23079,"La Unión","Nariño",2006,"Congreso",NA,NA,NA,"CUSILLO BAJO",121,139,260,1
"5610",52399,23079,"La Unión","Nariño",2006,"Congreso",NA,NA,NA,"CHAGUARURCO",161,176,337,1
"5611",52399,23079,"La Unión","Nariño",2006,"Congreso",NA,NA,NA,"CHILCAL BAJO",106,103,209,1
"5612",52399,23079,"La Unión","Nariño",2006,"Congreso",NA,NA,NA,"EL PELIGRO",75,78,153,1
"5613",52399,23079,"La Unión","Nariño",2006,"Congreso",NA,NA,NA,"EL SAUCE",233,251,484,2
"5614",52399,23079,"La Unión","Nariño",2006,"Congreso",NA,NA,NA,"JACOBA",64,64,128,1
"5615",52399,23079,"La Unión","Nariño",2006,"Congreso",NA,NA,NA,"JUAN SOLARTE",113,98,211,1
"5616",52399,23079,"La Unión","Nariño",2006,"Congreso",NA,NA,NA,"LA CALDERA",152,147,299,1
"5617",52399,23079,"La Unión","Nariño",2006,"Congreso",NA,NA,NA,"LA CA/ADA",170,191,361,2
"5618",52399,23079,"La Unión","Nariño",2006,"Congreso",NA,NA,NA,"LA CASTILLA",88,87,175,1
"5619",52399,23079,"La Unión","Nariño",2006,"Congreso",NA,NA,NA,"LAS CUCHILLAS",96,110,206,1
"5620",52399,23079,"La Unión","Nariño",2006,"Congreso",NA,NA,NA,"OJO DE AGUA",168,161,329,1
"5621",52399,23079,"La Unión","Nariño",2006,"Congreso",NA,NA,NA,"OLIVOS",93,100,193,1
"5622",52399,23079,"La Unión","Nariño",2006,"Congreso",NA,NA,NA,"PALO VERDE",126,147,273,1
"5623",52399,23079,"La Unión","Nariño",2006,"Congreso",NA,NA,NA,"PE/A BLANCA",98,90,188,1
"5624",52399,23079,"La Unión","Nariño",2006,"Congreso",NA,NA,NA,"PRADERA",265,269,534,2
"5625",52399,23079,"La Unión","Nariño",2006,"Congreso",NA,NA,NA,"QUIROS",345,364,709,3
"5626",52399,23079,"La Unión","Nariño",2006,"Congreso",NA,NA,NA,"REYES",164,187,351,2
"5627",52399,23079,"La Unión","Nariño",2006,"Congreso",NA,NA,NA,"RINCON CUSILLO BAJO",49,40,89,1
"5628",52405,23080,"Leiva","Nariño",2006,"Congreso",NA,NA,NA,NA,1831,1989,3820,12
"5629",52405,23080,"Leiva","Nariño",2006,"Congreso",NA,NA,NA,"CA/ADUZAL",59,90,149,1
"5630",52405,23080,"Leiva","Nariño",2006,"Congreso",NA,NA,NA,"EL TABLON",84,105,189,1
"5631",52405,23080,"Leiva","Nariño",2006,"Congreso",NA,NA,NA,"EL PALMAR",287,396,683,2
"5632",52405,23080,"Leiva","Nariño",2006,"Congreso",NA,NA,NA,"LA VILLA",160,211,371,2
"5633",52405,23080,"Leiva","Nariño",2006,"Congreso",NA,NA,NA,"LAS DELICIAS",167,234,401,2
"5634",52405,23080,"Leiva","Nariño",2006,"Congreso",NA,NA,NA,"LO FRIO",63,70,133,1
"5635",52405,23080,"Leiva","Nariño",2006,"Congreso",NA,NA,NA,"NARI/O",60,86,146,1
"5636",52405,23080,"Leiva","Nariño",2006,"Congreso",NA,NA,NA,"PUERTO NUEVO",85,98,183,1
"5637",52405,23080,"Leiva","Nariño",2006,"Congreso",NA,NA,NA,"SANTA LUCIA",80,81,161,1
"5638",52405,23080,"Leiva","Nariño",2006,"Congreso",NA,NA,NA,"SAN PABLO (LA FLORIDA)",56,71,127,1
"5639",52411,23082,"Linares","Nariño",2006,"Congreso",NA,NA,NA,NA,2081,2227,4308,13
"5640",52411,23082,"Linares","Nariño",2006,"Congreso",NA,NA,NA,"SAN FRANCISCO",377,356,733,3
"5641",52411,23082,"Linares","Nariño",2006,"Congreso",NA,NA,NA,"BELLA FLORIDA",209,186,395,2
"5642",52411,23082,"Linares","Nariño",2006,"Congreso",NA,NA,NA,"TABILES",394,399,793,3
"5643",52411,23082,"Linares","Nariño",2006,"Congreso",NA,NA,NA,"TAMBILLO DE BRAVOS",196,233,429,2
"5644",52411,23082,"Linares","Nariño",2006,"Congreso",NA,NA,NA,"MOTILON",74,68,142,1
"5645",52411,23082,"Linares","Nariño",2006,"Congreso",NA,NA,NA,"LAGUNA DEL PUEBLO",162,162,324,1
"5646",52418,23085,"Los Andes","Nariño",2006,"Congreso",NA,NA,NA,NA,2148,2309,4457,13
"5647",52418,23085,"Los Andes","Nariño",2006,"Congreso",NA,NA,NA,"EL CARRIZAL",122,129,251,1
"5648",52418,23085,"Los Andes","Nariño",2006,"Congreso",NA,NA,NA,"GUAYABAL FALDAS (SAN JUAN)",56,71,127,1
"5649",52418,23085,"Los Andes","Nariño",2006,"Congreso",NA,NA,NA,"GUAYABAL",105,104,209,1
"5650",52418,23085,"Los Andes","Nariño",2006,"Congreso",NA,NA,NA,"LA PLANADA",141,138,279,1
"5651",52418,23085,"Los Andes","Nariño",2006,"Congreso",NA,NA,NA,"LOS GUABOS",79,89,168,1
"5652",52418,23085,"Los Andes","Nariño",2006,"Congreso",NA,NA,NA,"SAN FRANCISCO",73,98,171,1
"5653",52418,23085,"Los Andes","Nariño",2006,"Congreso",NA,NA,NA,"PANGUS",117,139,256,1
"5654",52427,23088,"Magüi","Nariño",2006,"Congreso",NA,NA,NA,NA,863,940,1803,6
"5655",52427,23088,"Magüi","Nariño",2006,"Congreso",NA,NA,NA,"BOLIVAR",186,201,387,2
"5656",52427,23088,"Magüi","Nariño",2006,"Congreso",NA,NA,NA,"BRISAS DE HAMBURGO",84,78,162,1
"5657",52427,23088,"Magüi","Nariño",2006,"Congreso",NA,NA,NA,"CONCORDIA",118,125,243,1
"5658",52427,23088,"Magüi","Nariño",2006,"Congreso",NA,NA,NA,"EL TRUENO",78,80,158,1
"5659",52427,23088,"Magüi","Nariño",2006,"Congreso",NA,NA,NA,"NANSALVI",149,152,301,1
"5660",52427,23088,"Magüi","Nariño",2006,"Congreso",NA,NA,NA,"LAS LAJAS",110,79,189,1
"5661",52427,23088,"Magüi","Nariño",2006,"Congreso",NA,NA,NA,"PIRAGUA",105,128,233,1
"5662",52427,23088,"Magüi","Nariño",2006,"Congreso",NA,NA,NA,"PLAYON",112,109,221,1
"5663",52427,23088,"Magüi","Nariño",2006,"Congreso",NA,NA,NA,"RICAURTE",93,121,214,1
"5664",52427,23088,"Magüi","Nariño",2006,"Congreso",NA,NA,NA,"PAMPETA PIRAGUA",38,52,90,1
"5665",52427,23088,"Magüi","Nariño",2006,"Congreso",NA,NA,NA,"SAN LUIS",80,91,171,1
"5666",52427,23088,"Magüi","Nariño",2006,"Congreso",NA,NA,NA,"SANTANDER (EL ROSARIO)",80,107,187,1
"5667",52427,23088,"Magüi","Nariño",2006,"Congreso",NA,NA,NA,"SAN VICENTE DE AURORA",111,72,183,1
"5668",52427,23088,"Magüi","Nariño",2006,"Congreso",NA,NA,NA,"TABUJITO",82,82,164,1
"5669",52427,23088,"Magüi","Nariño",2006,"Congreso",NA,NA,NA,"TORTUGO",31,35,66,1
"5670",52427,23088,"Magüi","Nariño",2006,"Congreso",NA,NA,NA,"ALTO ESTERO",86,100,186,1
"5671",52427,23088,"Magüi","Nariño",2006,"Congreso",NA,NA,NA,"LA LOMA",74,63,137,1
"5672",52435,23091,"Mallama","Nariño",2006,"Congreso",NA,NA,NA,NA,1156,1274,2430,8
"5673",52435,23091,"Mallama","Nariño",2006,"Congreso",NA,NA,NA,"CHAMBU",145,154,299,1
"5674",52435,23091,"Mallama","Nariño",2006,"Congreso",NA,NA,NA,"CHUCUNES",231,216,447,2
"5675",52435,23091,"Mallama","Nariño",2006,"Congreso",NA,NA,NA,"EL GUABO",204,233,437,2
"5676",52435,23091,"Mallama","Nariño",2006,"Congreso",NA,NA,NA,"LA OSCURANA",70,73,143,1
"5677",52435,23091,"Mallama","Nariño",2006,"Congreso",NA,NA,NA,"PUERAN",56,75,131,1
"5678",52435,23091,"Mallama","Nariño",2006,"Congreso",NA,NA,NA,"PUSPUED",67,79,146,1
"5679",52435,23091,"Mallama","Nariño",2006,"Congreso",NA,NA,NA,"PUSUSQUER",235,208,443,2
"5680",52435,23091,"Mallama","Nariño",2006,"Congreso",NA,NA,NA,"SAN MIGUEL",221,232,453,2
"5681",52473,23094,"Mosquera","Nariño",2006,"Congreso",NA,NA,NA,NA,936,1130,2066,7
"5682",52473,23094,"Mosquera","Nariño",2006,"Congreso",NA,NA,NA,"ATANASIO GIRARDOT (PUEBLO NUE",76,100,176,1
"5683",52473,23094,"Mosquera","Nariño",2006,"Congreso",NA,NA,NA,"BELISARIO (ALTO GUANDIPA JICR",55,75,130,1
"5684",52473,23094,"Mosquera","Nariño",2006,"Congreso",NA,NA,NA,"CHIMBUCERO",64,100,164,1
"5685",52473,23094,"Mosquera","Nariño",2006,"Congreso",NA,NA,NA,"DARIO ECHANDIA(EL BAJITO)",85,101,186,1
"5686",52473,23094,"Mosquera","Nariño",2006,"Congreso",NA,NA,NA,"FIRME DE CIFUENTES",114,134,248,1
"5687",52473,23094,"Mosquera","Nariño",2006,"Congreso",NA,NA,NA,"GABRIEL TURBAY (COCALITO DE J",87,90,177,1
"5688",52473,23094,"Mosquera","Nariño",2006,"Congreso",NA,NA,NA,"JORGE ELIECER GAITAN (COCAL D",126,153,279,1
"5689",52473,23094,"Mosquera","Nariño",2006,"Congreso",NA,NA,NA,"LAGARTERA",33,38,71,1
"5690",52473,23094,"Mosquera","Nariño",2006,"Congreso",NA,NA,NA,"NARI/O (GICRILLAL)",37,53,90,1
"5691",52473,23094,"Mosquera","Nariño",2006,"Congreso",NA,NA,NA,"LOPEZ (TASQUITA)",65,74,139,1
"5692",52473,23094,"Mosquera","Nariño",2006,"Congreso",NA,NA,NA,"MORALES OLAYA (EL NARANJO)",30,55,85,1
"5693",52473,23094,"Mosquera","Nariño",2006,"Congreso",NA,NA,NA,"SAN ANDRES (BOCA DE GUANDIPA)",41,43,84,1
"5694",52473,23094,"Mosquera","Nariño",2006,"Congreso",NA,NA,NA,"SANTA CECILIA PLAYA NUEVA",48,65,113,1
"5695",52490,23095,"Olaya Herrera","Nariño",2006,"Congreso",NA,NA,NA,NA,2766,3042,5808,17
"5696",52490,23095,"Olaya Herrera","Nariño",2006,"Congreso",NA,NA,NA,"ALFONSO LOPEZ PUMAREJO (LA FL",112,139,251,1
"5697",52490,23095,"Olaya Herrera","Nariño",2006,"Congreso",NA,NA,NA,"BELLAVISTA",82,118,200,1
"5698",52490,23095,"Olaya Herrera","Nariño",2006,"Congreso",NA,NA,NA,"CORDOBA (CARMEN)",95,110,205,1
"5699",52490,23095,"Olaya Herrera","Nariño",2006,"Congreso",NA,NA,NA,"EDUARDO SANTOS",57,71,128,1
"5700",52490,23095,"Olaya Herrera","Nariño",2006,"Congreso",NA,NA,NA,"LA TURBIA",91,111,202,1
"5701",52490,23095,"Olaya Herrera","Nariño",2006,"Congreso",NA,NA,NA,"LERIDA (LAS MARIAS)",255,314,569,2
"5702",52490,23095,"Olaya Herrera","Nariño",2006,"Congreso",NA,NA,NA,"LOZANO TORRIJOS (GUANGARE)",65,105,170,1
"5703",52490,23095,"Olaya Herrera","Nariño",2006,"Congreso",NA,NA,NA,"MERIZALDE (PORVENIR)",217,280,497,2
"5704",52490,23095,"Olaya Herrera","Nariño",2006,"Congreso",NA,NA,NA,"QUINTILIANO AGUIRRE",101,92,193,1
"5705",52490,23095,"Olaya Herrera","Nariño",2006,"Congreso",NA,NA,NA,"SAN JOSE CALABAZAL",180,215,395,2
"5706",52490,23095,"Olaya Herrera","Nariño",2006,"Congreso",NA,NA,NA,"SANTANDER (SOLEDAD)",92,88,180,1
"5707",52490,23095,"Olaya Herrera","Nariño",2006,"Congreso",NA,NA,NA,"URIBE URIBE (BOCA DE PRIETA)",81,128,209,1
"5708",52480,23096,"Nariño","Nariño",2006,"Congreso",NA,NA,NA,NA,1262,1095,2357,7
"5709",52480,23096,"Nariño","Nariño",2006,"Congreso",NA,NA,NA,"CHORRILLO",92,64,156,1
"5710",52506,23097,"Ospina","Nariño",2006,"Congreso",NA,NA,NA,NA,1241,1189,2430,8
"5711",52506,23097,"Ospina","Nariño",2006,"Congreso",NA,NA,NA,"CUNCHILA O MORENO",397,387,784,3
"5712",52506,23097,"Ospina","Nariño",2006,"Congreso",NA,NA,NA,"GUARACAN SAN VICENTE",68,62,130,1
"5713",52506,23097,"Ospina","Nariño",2006,"Congreso",NA,NA,NA,"SAN ISIDRO",381,402,783,3
"5714",52506,23097,"Ospina","Nariño",2006,"Congreso",NA,NA,NA,"SAN JOSE OBRERO",52,62,114,1
"5715",52506,23097,"Ospina","Nariño",2006,"Congreso",NA,NA,NA,"SAN MIGUEL",115,154,269,1
"5716",52540,23098,"Policarpa","Nariño",2006,"Congreso",NA,NA,NA,NA,1747,1841,3588,11
"5717",52540,23098,"Policarpa","Nariño",2006,"Congreso",NA,NA,NA,"ALTAMIRA",324,320,644,2
"5718",52540,23098,"Policarpa","Nariño",2006,"Congreso",NA,NA,NA,"EL EJIDO",224,219,443,2
"5719",52540,23098,"Policarpa","Nariño",2006,"Congreso",NA,NA,NA,"LA INDEPENDENCIA",50,58,108,1
"5720",52540,23098,"Policarpa","Nariño",2006,"Congreso",NA,NA,NA,"MADRIGAL",277,317,594,2
"5721",52540,23098,"Policarpa","Nariño",2006,"Congreso",NA,NA,NA,"NEGRITAL",53,57,110,1
"5722",52540,23098,"Policarpa","Nariño",2006,"Congreso",NA,NA,NA,"RESTREPO",127,162,289,1
"5723",52540,23098,"Policarpa","Nariño",2006,"Congreso",NA,NA,NA,"SAN ANTONIO",116,124,240,1
"5724",52540,23098,"Policarpa","Nariño",2006,"Congreso",NA,NA,NA,"SAN ROQUE",76,79,155,1
"5725",52540,23098,"Policarpa","Nariño",2006,"Congreso",NA,NA,NA,"SANCHEZ",111,96,207,1
"5726",52540,23098,"Policarpa","Nariño",2006,"Congreso",NA,NA,NA,"SANTACRUZ",89,134,223,1
"5727",52560,23100,"Potosí","Nariño",2006,"Congreso",NA,NA,NA,NA,1937,1690,3627,11
"5728",52560,23100,"Potosí","Nariño",2006,"Congreso",NA,NA,NA,"SAN FRANCISCO (SINAI)",322,287,609,2
"5729",52560,23100,"Potosí","Nariño",2006,"Congreso",NA,NA,NA,"CARDENAS",330,336,666,2
"5730",52560,23100,"Potosí","Nariño",2006,"Congreso",NA,NA,NA,"CUASPUD NUCLEO",370,373,743,3
"5731",52560,23100,"Potosí","Nariño",2006,"Congreso",NA,NA,NA,"EL CARRIZAL",130,131,261,1
"5732",52560,23100,"Potosí","Nariño",2006,"Congreso",NA,NA,NA,"LA CABA/A",22,29,51,1
"5733",52560,23100,"Potosí","Nariño",2006,"Congreso",NA,NA,NA,"MUESES",203,223,426,2
"5734",52560,23100,"Potosí","Nariño",2006,"Congreso",NA,NA,NA,"SAN ANTONIO - LA PALMA",147,138,285,1
"5735",52560,23100,"Potosí","Nariño",2006,"Congreso",NA,NA,NA,"SAN PEDRO",131,117,248,1
"5736",52560,23100,"Potosí","Nariño",2006,"Congreso",NA,NA,NA,"SAN MARCOS",208,248,456,2
"5737",52560,23100,"Potosí","Nariño",2006,"Congreso",NA,NA,NA,"VILLA NUEVA",144,148,292,1
"5738",52560,23100,"Potosí","Nariño",2006,"Congreso",NA,NA,NA,"YAMUESQUER",82,93,175,1
"5739",52565,23101,"Providencia","Nariño",2006,"Congreso",NA,NA,NA,NA,1666,1537,3203,10
"5740",52565,23101,"Providencia","Nariño",2006,"Congreso",NA,NA,NA,"GUADRAHUMA",105,91,196,1
"5741",52573,23103,"Puerres","Nariño",2006,"Congreso",NA,NA,NA,NA,2516,2233,4749,14
"5742",52573,23103,"Puerres","Nariño",2006,"Congreso",NA,NA,NA,"EL PARAMO",186,154,340,1
"5743",52573,23103,"Puerres","Nariño",2006,"Congreso",NA,NA,NA,"MAICIRA",166,131,297,1
"5744",52573,23103,"Puerres","Nariño",2006,"Congreso",NA,NA,NA,"MONOPAMBA",187,203,390,2
"5745",52573,23103,"Puerres","Nariño",2006,"Congreso",NA,NA,NA,"SAN MATEO",195,179,374,2
"5746",52585,23106,"Pupiales","Nariño",2006,"Congreso",NA,NA,NA,NA,5034,4597,9631,28
"5747",52585,23106,"Pupiales","Nariño",2006,"Congreso",NA,NA,NA,"CHIRES",209,235,444,2
"5748",52585,23106,"Pupiales","Nariño",2006,"Congreso",NA,NA,NA,"JOSE MARIA HERNANDEZ",896,834,1730,6
"5749",52612,23109,"Ricaurte","Nariño",2006,"Congreso",NA,NA,NA,NA,2474,2572,5046,15
"5750",52612,23109,"Ricaurte","Nariño",2006,"Congreso",NA,NA,NA,"OSPINA PEREZ",191,200,391,2
"5751",52612,23109,"Ricaurte","Nariño",2006,"Congreso",NA,NA,NA,"NULPE MEDIO",179,265,444,2
"5752",52612,23109,"Ricaurte","Nariño",2006,"Congreso",NA,NA,NA,"MAGUI",42,56,98,1
"5753",52612,23109,"Ricaurte","Nariño",2006,"Congreso",NA,NA,NA,"VEGAS",135,141,276,1
"5754",52612,23109,"Ricaurte","Nariño",2006,"Congreso",NA,NA,NA,"PIALAPI",80,101,181,1
"5755",52612,23109,"Ricaurte","Nariño",2006,"Congreso",NA,NA,NA,"NULPE ALTO",77,92,169,1
"5756",52612,23109,"Ricaurte","Nariño",2006,"Congreso",NA,NA,NA,"RAMOS",30,35,65,1
"5757",52612,23109,"Ricaurte","Nariño",2006,"Congreso",NA,NA,NA,"SAN ISIDRO (CUCHO)",171,164,335,1
"5758",52612,23109,"Ricaurte","Nariño",2006,"Congreso",NA,NA,NA,"ARRAYAN",24,40,64,1
"5759",52612,23109,"Ricaurte","Nariño",2006,"Congreso",NA,NA,NA,"CUESBI",54,74,128,1
"5760",52612,23109,"Ricaurte","Nariño",2006,"Congreso",NA,NA,NA,"CHICANDINA",43,53,96,1
"5761",52612,23109,"Ricaurte","Nariño",2006,"Congreso",NA,NA,NA,"EL AGUACATE",45,59,104,1
"5762",52612,23109,"Ricaurte","Nariño",2006,"Congreso",NA,NA,NA,"EL HOJAL",41,52,93,1
"5763",52612,23109,"Ricaurte","Nariño",2006,"Congreso",NA,NA,NA,"GUALCALA",50,69,119,1
"5764",52612,23109,"Ricaurte","Nariño",2006,"Congreso",NA,NA,NA,"IMBINA",17,22,39,1
"5765",52612,23109,"Ricaurte","Nariño",2006,"Congreso",NA,NA,NA,"PUEBLO VIEJO",81,100,181,1
"5766",52621,23112,"Roberto Payán","Nariño",2006,"Congreso",NA,NA,NA,NA,1054,1112,2166,7
"5767",52621,23112,"Roberto Payán","Nariño",2006,"Congreso",NA,NA,NA,"ARTEAGA LIMONAR ANTONIO NARI/",29,44,73,1
"5768",52621,23112,"Roberto Payán","Nariño",2006,"Congreso",NA,NA,NA,"BUENA VISTA DEL SUR (YACUM)",45,51,96,1
"5769",52621,23112,"Roberto Payán","Nariño",2006,"Congreso",NA,NA,NA,"CARLOS LLERAS RESTREPO (LAS P",27,34,61,1
"5770",52621,23112,"Roberto Payán","Nariño",2006,"Congreso",NA,NA,NA,"PE/ON (GERARDO MARTINEZ)",44,60,104,1
"5771",52621,23112,"Roberto Payán","Nariño",2006,"Congreso",NA,NA,NA,"ANTONIO NARI/O (PUMALDE)",48,69,117,1
"5772",52621,23112,"Roberto Payán","Nariño",2006,"Congreso",NA,NA,NA,"FATIMA (EL CARMEN)",53,80,133,1
"5773",52621,23112,"Roberto Payán","Nariño",2006,"Congreso",NA,NA,NA,"GOMEZ JURADO",104,124,228,1
"5774",52621,23112,"Roberto Payán","Nariño",2006,"Congreso",NA,NA,NA,"GAUCUCO MIALO",56,78,134,1
"5775",52621,23112,"Roberto Payán","Nariño",2006,"Congreso",NA,NA,NA,"LAS LAJAS (PUMBI)",132,189,321,1
"5776",52621,23112,"Roberto Payán","Nariño",2006,"Congreso",NA,NA,NA,"JORGE ELIECER GAITAN (EL PIND",80,94,174,1
"5777",52621,23112,"Roberto Payán","Nariño",2006,"Congreso",NA,NA,NA,"LIMONES DEL PATIA",78,79,157,1
"5778",52621,23112,"Roberto Payán","Nariño",2006,"Congreso",NA,NA,NA,"SAN ANTONIO (BOCA DE TELEMBI)",285,341,626,2
"5779",52621,23112,"Roberto Payán","Nariño",2006,"Congreso",NA,NA,NA,"SUCRE (CONQUISTA)",48,65,113,1
"5780",52621,23112,"Roberto Payán","Nariño",2006,"Congreso",NA,NA,NA,"TRINIDAD (LAS MERCEDES)",104,136,240,1
"5781",52621,23112,"Roberto Payán","Nariño",2006,"Congreso",NA,NA,NA,"TAMAJE-IGNACIO GOMEZ",90,122,212,1
"5782",52621,23112,"Roberto Payán","Nariño",2006,"Congreso",NA,NA,NA,"PIRI (PARAISO)",62,91,153,1
"5783",52621,23112,"Roberto Payán","Nariño",2006,"Congreso",NA,NA,NA,"PANGA",91,143,234,1
"5784",52621,23112,"Roberto Payán","Nariño",2006,"Congreso",NA,NA,NA,"SANDE EN EL RIO ISPI",46,52,98,1
"5785",52621,23112,"Roberto Payán","Nariño",2006,"Congreso",NA,NA,NA,"VUELTA DE PAPI (BOCAS DE PAPI",94,131,225,1
"5786",52678,23115,"Samaniego","Nariño",2006,"Congreso",NA,NA,NA,NA,5264,5244,10508,31
"5787",52678,23115,"Samaniego","Nariño",2006,"Congreso",NA,NA,NA,"BOLIVAR",203,204,407,2
"5788",52678,23115,"Samaniego","Nariño",2006,"Congreso",NA,NA,NA,"BETANIA",97,135,232,1
"5789",52678,23115,"Samaniego","Nariño",2006,"Congreso",NA,NA,NA,"ANDALUCIA",27,50,77,1
"5790",52678,23115,"Samaniego","Nariño",2006,"Congreso",NA,NA,NA,"CARRIZAL",106,112,218,1
"5791",52678,23115,"Samaniego","Nariño",2006,"Congreso",NA,NA,NA,"DECIO",128,134,262,1
"5792",52678,23115,"Samaniego","Nariño",2006,"Congreso",NA,NA,NA,"CHUGULDI",275,281,556,2
"5793",52678,23115,"Samaniego","Nariño",2006,"Congreso",NA,NA,NA,"LA AGUADA",130,155,285,1
"5794",52678,23115,"Samaniego","Nariño",2006,"Congreso",NA,NA,NA,"EL MOTILON",192,194,386,2
"5795",52678,23115,"Samaniego","Nariño",2006,"Congreso",NA,NA,NA,"LA PLANADA",105,137,242,1
"5796",52678,23115,"Samaniego","Nariño",2006,"Congreso",NA,NA,NA,"EL LLANO",156,154,310,1
"5797",52678,23115,"Samaniego","Nariño",2006,"Congreso",NA,NA,NA,"EL SALADO",240,226,466,2
"5798",52678,23115,"Samaniego","Nariño",2006,"Congreso",NA,NA,NA,"MARANGUAY",63,72,135,1
"5799",52678,23115,"Samaniego","Nariño",2006,"Congreso",NA,NA,NA,"TANAMA",235,238,473,2
"5800",52678,23115,"Samaniego","Nariño",2006,"Congreso",NA,NA,NA,"CHUPINAGAN",70,88,158,1
"5801",52678,23115,"Samaniego","Nariño",2006,"Congreso",NA,NA,NA,"CARTAGENA",159,185,344,1
"5802",52678,23115,"Samaniego","Nariño",2006,"Congreso",NA,NA,NA,"DO/ANA",106,120,226,1
"5803",52678,23115,"Samaniego","Nariño",2006,"Congreso",NA,NA,NA,"EL CANADA",283,243,526,2
"5804",52678,23115,"Samaniego","Nariño",2006,"Congreso",NA,NA,NA,"CHINCHAL",120,123,243,1
"5805",52678,23115,"Samaniego","Nariño",2006,"Congreso",NA,NA,NA,"PIEDRABLANCA",129,148,277,1
"5806",52678,23115,"Samaniego","Nariño",2006,"Congreso",NA,NA,NA,"PLAN SAN MARTIN",135,128,263,1
"5807",52678,23115,"Samaniego","Nariño",2006,"Congreso",NA,NA,NA,"PUENTE TIERRA",111,98,209,1
"5808",52678,23115,"Samaniego","Nariño",2006,"Congreso",NA,NA,NA,"SAN ANTONIO",53,38,91,1
"5809",52678,23115,"Samaniego","Nariño",2006,"Congreso",NA,NA,NA,"LA CAPILLA",167,179,346,2
"5810",52678,23115,"Samaniego","Nariño",2006,"Congreso",NA,NA,NA,"LA MONTUFAR",53,87,140,1
"5811",52678,23115,"Samaniego","Nariño",2006,"Congreso",NA,NA,NA,"SAN DIEGO",55,99,154,1
"5812",52678,23115,"Samaniego","Nariño",2006,"Congreso",NA,NA,NA,"PUERCHAG",164,158,322,1
"5813",52678,23115,"Samaniego","Nariño",2006,"Congreso",NA,NA,NA,"VILLAFLOR",112,105,217,1
"5814",52678,23115,"Samaniego","Nariño",2006,"Congreso",NA,NA,NA,"YUNGUILLA",73,58,131,1
"5815",52683,23118,"Sandoná","Nariño",2006,"Congreso",NA,NA,NA,NA,4941,4590,9531,28
"5816",52683,23118,"Sandoná","Nariño",2006,"Congreso",NA,NA,NA,"BOLIVAR",422,410,832,3
"5817",52683,23118,"Sandoná","Nariño",2006,"Congreso",NA,NA,NA,"EL INGENIO",516,545,1061,4
"5818",52683,23118,"Sandoná","Nariño",2006,"Congreso",NA,NA,NA,"LOMA DEL TAMBILLO",200,198,398,2
"5819",52683,23118,"Sandoná","Nariño",2006,"Congreso",NA,NA,NA,"SAN BERNARDO",227,207,434,2
"5820",52683,23118,"Sandoná","Nariño",2006,"Congreso",NA,NA,NA,"ROMA Y CHAVES",166,181,347,2
"5821",52683,23118,"Sandoná","Nariño",2006,"Congreso",NA,NA,NA,"SANTA BARBARA",129,134,263,1
"5822",52683,23118,"Sandoná","Nariño",2006,"Congreso",NA,NA,NA,"SAN MIGUEL",291,275,566,2
"5823",52683,23118,"Sandoná","Nariño",2006,"Congreso",NA,NA,NA,"SANTA ROSA",211,190,401,2
"5824",52685,23120,"San Bernardo","Nariño",2006,"Congreso",NA,NA,NA,NA,2255,2200,4455,13
"5825",52685,23120,"San Bernardo","Nariño",2006,"Congreso",NA,NA,NA,"LA VEGA",273,294,567,2
"5826",52687,23121,"San Lorenzo","Nariño",2006,"Congreso",NA,NA,NA,NA,2170,2255,4425,13
"5827",52687,23121,"San Lorenzo","Nariño",2006,"Congreso",NA,NA,NA,"EL CARMEN",995,1013,2008,6
"5828",52687,23121,"San Lorenzo","Nariño",2006,"Congreso",NA,NA,NA,"SANTA CECILIA",675,710,1385,5
"5829",52687,23121,"San Lorenzo","Nariño",2006,"Congreso",NA,NA,NA,"DALMACIA (SALINAS)",199,240,439,2
"5830",52687,23121,"San Lorenzo","Nariño",2006,"Congreso",NA,NA,NA,"SANTA CRUZ",243,272,515,2
"5831",52687,23121,"San Lorenzo","Nariño",2006,"Congreso",NA,NA,NA,"SANTA MARTA",320,344,664,2
"5832",52687,23121,"San Lorenzo","Nariño",2006,"Congreso",NA,NA,NA,"SAN RAFAEL",149,172,321,1
"5833",52687,23121,"San Lorenzo","Nariño",2006,"Congreso",NA,NA,NA,"SAN GERARDO",331,320,651,2
"5834",52694,23123,"San Pedro de Cartago","Nariño",2006,"Congreso",NA,NA,NA,NA,1361,1416,2777,9
"5835",52694,23123,"San Pedro de Cartago","Nariño",2006,"Congreso",NA,NA,NA,"GOMEZ",292,326,618,2
"5836",52694,23123,"San Pedro de Cartago","Nariño",2006,"Congreso",NA,NA,NA,"LA COMUNIDAD",221,218,439,2
"5837",52694,23123,"San Pedro de Cartago","Nariño",2006,"Congreso",NA,NA,NA,"VIVEROS (LA ESTANCIA)",152,140,292,1
"5838",52693,23124,"San Pablo","Nariño",2006,"Congreso",NA,NA,NA,NA,2925,2706,5631,17
"5839",52693,23124,"San Pablo","Nariño",2006,"Congreso",NA,NA,NA,"BRICE/O",353,356,709,3
"5840",52693,23124,"San Pablo","Nariño",2006,"Congreso",NA,NA,NA,"BELLAVISTA (EL MESON)",200,196,396,2
"5841",52693,23124,"San Pablo","Nariño",2006,"Congreso",NA,NA,NA,"BATEROS",72,85,157,1
"5842",52693,23124,"San Pablo","Nariño",2006,"Congreso",NA,NA,NA,"EL ALTO",192,209,401,2
"5843",52693,23124,"San Pablo","Nariño",2006,"Congreso",NA,NA,NA,"EL RAMAL",124,127,251,1
"5844",52693,23124,"San Pablo","Nariño",2006,"Congreso",NA,NA,NA,"FRANCIA",172,144,316,1
"5845",52693,23124,"San Pablo","Nariño",2006,"Congreso",NA,NA,NA,"LA CUCHILLA",74,82,156,1
"5846",52693,23124,"San Pablo","Nariño",2006,"Congreso",NA,NA,NA,"LOS LLANOS",121,137,258,1
"5847",52693,23124,"San Pablo","Nariño",2006,"Congreso",NA,NA,NA,"LOS ROBLES",137,135,272,1
"5848",52693,23124,"San Pablo","Nariño",2006,"Congreso",NA,NA,NA,"YUNGUILLA (CHILCAL)",244,244,488,2
"5849",52696,23125,"Santa Bárbara","Nariño",2006,"Congreso",NA,NA,NA,NA,1247,1492,2739,8
"5850",52696,23125,"Santa Bárbara","Nariño",2006,"Congreso",NA,NA,NA,"ATANASIO GIRARDOT (LAS MARIAS",61,78,139,1
"5851",52696,23125,"Santa Bárbara","Nariño",2006,"Congreso",NA,NA,NA,"CHANZARA (CARMEN DE LAS PE/AS",152,214,366,2
"5852",52696,23125,"Santa Bárbara","Nariño",2006,"Congreso",NA,NA,NA,"FRANCISCO DE PARADA (VUELTA)",91,105,196,1
"5853",52696,23125,"Santa Bárbara","Nariño",2006,"Congreso",NA,NA,NA,"PACIFICO (ENSENADA)",172,225,397,2
"5854",52696,23125,"Santa Bárbara","Nariño",2006,"Congreso",NA,NA,NA,"PALOMINO",104,107,211,1
"5855",52696,23125,"Santa Bárbara","Nariño",2006,"Congreso",NA,NA,NA,"SAN JOSE",56,107,163,1
"5856",52696,23125,"Santa Bárbara","Nariño",2006,"Congreso",NA,NA,NA,"SEBASTIAN DE BELALCAZAR",61,92,153,1
"5857",52696,23125,"Santa Bárbara","Nariño",2006,"Congreso",NA,NA,NA,"SANABRIA (FENICIA)",192,190,382,2
"5858",52696,23125,"Santa Bárbara","Nariño",2006,"Congreso",NA,NA,NA,"SANTANDER (SANTA RITA)",126,156,282,1
"5859",52696,23125,"Santa Bárbara","Nariño",2006,"Congreso",NA,NA,NA,"TOMAS CIPRIANO DE MOSQUERA (V",115,137,252,1
"5860",52699,23127,"Santacruz","Nariño",2006,"Congreso",NA,NA,NA,NA,1482,1583,3065,9
"5861",52699,23127,"Santacruz","Nariño",2006,"Congreso",NA,NA,NA,"EL EDEN",50,84,134,1
"5862",52699,23127,"Santacruz","Nariño",2006,"Congreso",NA,NA,NA,"BALALAIKA",313,260,573,2
"5863",52699,23127,"Santacruz","Nariño",2006,"Congreso",NA,NA,NA,"CHIPACUED (EL ARRAYAN)",76,81,157,1
"5864",52699,23127,"Santacruz","Nariño",2006,"Congreso",NA,NA,NA,"EL SANDE",112,160,272,1
"5865",52699,23127,"Santacruz","Nariño",2006,"Congreso",NA,NA,NA,"INGA",115,110,225,1
"5866",52699,23127,"Santacruz","Nariño",2006,"Congreso",NA,NA,NA,"MANCHAG",145,131,276,1
"5867",52699,23127,"Santacruz","Nariño",2006,"Congreso",NA,NA,NA,"PIARAMAG",59,78,137,1
"5868",52699,23127,"Santacruz","Nariño",2006,"Congreso",NA,NA,NA,"SANTA ROSA",208,175,383,2
"5869",52720,23130,"Sapuyes","Nariño",2006,"Congreso",NA,NA,NA,NA,1231,1017,2248,7
"5870",52720,23130,"Sapuyes","Nariño",2006,"Congreso",NA,NA,NA,"EL ESPINO (SUAREZ)",556,493,1049,4
"5871",52720,23130,"Sapuyes","Nariño",2006,"Congreso",NA,NA,NA,"LA FLORESTA",153,153,306,1
"5872",52720,23130,"Sapuyes","Nariño",2006,"Congreso",NA,NA,NA,"LOS MONOS",150,150,300,1
"5873",52720,23130,"Sapuyes","Nariño",2006,"Congreso",NA,NA,NA,"ARBOLEDA",162,141,303,1
"5874",52720,23130,"Sapuyes","Nariño",2006,"Congreso",NA,NA,NA,"URIBE (COMUNIDAD)",188,172,360,2
"5875",52720,23130,"Sapuyes","Nariño",2006,"Congreso",NA,NA,NA,"PANAMAL",161,139,300,1
"5876",52786,23133,"Taminango","Nariño",2006,"Congreso",NA,NA,NA,NA,3913,4236,8149,24
"5877",52786,23133,"Taminango","Nariño",2006,"Congreso",NA,NA,NA,"CORDOBA (GRANADA)",494,493,987,3
"5878",52786,23133,"Taminango","Nariño",2006,"Congreso",NA,NA,NA,"CURIACO",240,226,466,2
"5879",52786,23133,"Taminango","Nariño",2006,"Congreso",NA,NA,NA,"CHARGUAYACO",81,99,180,1
"5880",52786,23133,"Taminango","Nariño",2006,"Congreso",NA,NA,NA,"PUERTO LEON",275,305,580,2
"5881",52786,23133,"Taminango","Nariño",2006,"Congreso",NA,NA,NA,"EL MANZANO",232,229,461,2
"5882",52786,23133,"Taminango","Nariño",2006,"Congreso",NA,NA,NA,"EL TABLON",345,352,697,3
"5883",52788,23136,"Tangua","Nariño",2006,"Congreso",NA,NA,NA,NA,1782,1680,3462,11
"5884",52788,23136,"Tangua","Nariño",2006,"Congreso",NA,NA,NA,"SANTANDER",354,363,717,3
"5885",52788,23136,"Tangua","Nariño",2006,"Congreso",NA,NA,NA,"LA CONCEPCION",136,139,275,1
"5886",52788,23136,"Tangua","Nariño",2006,"Congreso",NA,NA,NA,"TAPIALQUER ALTO",84,96,180,1
"5887",52788,23136,"Tangua","Nariño",2006,"Congreso",NA,NA,NA,"BUENOS AIRES",130,133,263,1
"5888",52788,23136,"Tangua","Nariño",2006,"Congreso",NA,NA,NA,"CEBADAL ALTO",332,321,653,2
"5889",52788,23136,"Tangua","Nariño",2006,"Congreso",NA,NA,NA,"EL PARAMILLO ALTO",144,179,323,1
"5890",52788,23136,"Tangua","Nariño",2006,"Congreso",NA,NA,NA,"LAS PALMAS",144,138,282,1
"5891",52788,23136,"Tangua","Nariño",2006,"Congreso",NA,NA,NA,"LOS AJOS",372,356,728,3
"5892",52788,23136,"Tangua","Nariño",2006,"Congreso",NA,NA,NA,"SAN JAVIER",81,82,163,1
"5893",52788,23136,"Tangua","Nariño",2006,"Congreso",NA,NA,NA,"LAS PLAYAS",92,97,189,1
"5894",52788,23136,"Tangua","Nariño",2006,"Congreso",NA,NA,NA,"VILLA CRUZ",98,102,200,1
"5895",52835,23139,"Tumaco","Nariño",2006,"Congreso",NA,NA,NA,"ESC. MISIONAL",1745,9780,11525,34
"5896",52835,23139,"Tumaco","Nariño",2006,"Congreso",NA,NA,NA,"COLEGIO SANTA TERESITA",10542,1860,12402,37
"5897",52835,23139,"Tumaco","Nariño",2006,"Congreso",NA,NA,NA,"ESC. R. M. BISHOP",2417,1937,4354,13
"5898",52835,23139,"Tumaco","Nariño",2006,"Congreso",NA,NA,NA,"ESC. GENERAL SANTANDER",1122,755,1877,6
"5899",52835,23139,"Tumaco","Nariño",2006,"Congreso",NA,NA,NA,"CTRO. HOSPITAL DIVINO NI/O",1388,926,2314,7
"5900",52835,23139,"Tumaco","Nariño",2006,"Congreso",NA,NA,NA,"ESC. LA CIUDADELA",865,596,1461,5
"5901",52835,23139,"Tumaco","Nariño",2006,"Congreso",NA,NA,NA,"INST. TEC. POP. DE LA COSTA",1660,1291,2951,9
"5902",52835,23139,"Tumaco","Nariño",2006,"Congreso",NA,NA,NA,"LICEO MAX SEIDEL",650,520,1170,4
"5903",52835,23139,"Tumaco","Nariño",2006,"Congreso",NA,NA,NA,"EL MORRITO",162,136,298,1
"5904",52835,23139,"Tumaco","Nariño",2006,"Congreso",NA,NA,NA,"ESC. LA CORDIALIDAD",923,706,1629,5
"5905",52835,23139,"Tumaco","Nariño",2006,"Congreso",NA,NA,NA,"PUESTO CENSO",6689,6221,12910,17
"5906",52835,23139,"Tumaco","Nariño",2006,"Congreso",NA,NA,NA,"CARCEL BUCHELY",4,24,28,1
"5907",52835,23139,"Tumaco","Nariño",2006,"Congreso",NA,NA,NA,"ALBERTO LLERAS CAMARGO (CONGA",93,126,219,1
"5908",52835,23139,"Tumaco","Nariño",2006,"Congreso",NA,NA,NA,"ALFONSO LOPEZ",96,161,257,1
"5909",52835,23139,"Tumaco","Nariño",2006,"Congreso",NA,NA,NA,"ALMIRANTE PADILLA (CAJAPI)",185,195,380,2
"5910",52835,23139,"Tumaco","Nariño",2006,"Congreso",NA,NA,NA,"ALTO AGUACLARA",17,38,55,1
"5911",52835,23139,"Tumaco","Nariño",2006,"Congreso",NA,NA,NA,"ALTO SAN AGUSTIN (RIO MIRA)",60,64,124,1
"5912",52835,23139,"Tumaco","Nariño",2006,"Congreso",NA,NA,NA,"ANGEL MARIA CALDAS TORRES (AL",36,61,97,1
"5913",52835,23139,"Tumaco","Nariño",2006,"Congreso",NA,NA,NA,"ARTURO LLORENTE ORTIZ",377,443,820,3
"5914",52835,23139,"Tumaco","Nariño",2006,"Congreso",NA,NA,NA,"BAJO ZAPOTAL",75,69,144,1
"5915",52835,23139,"Tumaco","Nariño",2006,"Congreso",NA,NA,NA,"BENITEZ",123,152,275,1
"5916",52835,23139,"Tumaco","Nariño",2006,"Congreso",NA,NA,NA,"BERNARDINO ORTIZ (TABLONES DU",128,167,295,1
"5917",52835,23139,"Tumaco","Nariño",2006,"Congreso",NA,NA,NA,"BOCA DE CURAY",200,251,451,2
"5918",52835,23139,"Tumaco","Nariño",2006,"Congreso",NA,NA,NA,"BOCANA NUEVA",37,42,79,1
"5919",52835,23139,"Tumaco","Nariño",2006,"Congreso",NA,NA,NA,"CABO MANGLARES",18,24,42,1
"5920",52835,23139,"Tumaco","Nariño",2006,"Congreso",NA,NA,NA,"CALETA VIENTO LIBRE",78,83,161,1
"5921",52835,23139,"Tumaco","Nariño",2006,"Congreso",NA,NA,NA,"CAUNAPI",145,200,345,2
"5922",52835,23139,"Tumaco","Nariño",2006,"Congreso",NA,NA,NA,"CEIBITO",102,105,207,1
"5923",52835,23139,"Tumaco","Nariño",2006,"Congreso",NA,NA,NA,"COLORADO",9,13,22,1
"5924",52835,23139,"Tumaco","Nariño",2006,"Congreso",NA,NA,NA,"CORDOBA",67,90,157,1
"5925",52835,23139,"Tumaco","Nariño",2006,"Congreso",NA,NA,NA,"CRISTOBAL COLON (LAS DELICIAS",119,138,257,1
"5926",52835,23139,"Tumaco","Nariño",2006,"Congreso",NA,NA,NA,"CHAJAL CHAGUI",426,431,857,3
"5927",52835,23139,"Tumaco","Nariño",2006,"Congreso",NA,NA,NA,"CHAPILAR",22,39,61,1
"5928",52835,23139,"Tumaco","Nariño",2006,"Congreso",NA,NA,NA,"CHAPILAR (RIO ROSARIO)",42,76,118,1
"5929",52835,23139,"Tumaco","Nariño",2006,"Congreso",NA,NA,NA,"CHAPUL",41,55,96,1
"5930",52835,23139,"Tumaco","Nariño",2006,"Congreso",NA,NA,NA,"CHILVICITO",45,45,90,1
"5931",52835,23139,"Tumaco","Nariño",2006,"Congreso",NA,NA,NA,"DAVID ANGULO CABEZAS (SAGUMBI",46,44,90,1
"5932",52835,23139,"Tumaco","Nariño",2006,"Congreso",NA,NA,NA,"CARLOS ZAMA",22,31,53,1
"5933",52835,23139,"Tumaco","Nariño",2006,"Congreso",NA,NA,NA,"EFRAIN LLORENTE ORTIZ (PUEBLO",50,73,123,1
"5934",52835,23139,"Tumaco","Nariño",2006,"Congreso",NA,NA,NA,"EL BAJITO",78,101,179,1
"5935",52835,23139,"Tumaco","Nariño",2006,"Congreso",NA,NA,NA,"EL CARMEN KILOMETRO 36",158,159,317,1
"5936",52835,23139,"Tumaco","Nariño",2006,"Congreso",NA,NA,NA,"EL CARMEN KILOMETRO 63",192,264,456,2
"5937",52835,23139,"Tumaco","Nariño",2006,"Congreso",NA,NA,NA,"EL COCO RIO ROSARIO",77,98,175,1
"5938",52835,23139,"Tumaco","Nariño",2006,"Congreso",NA,NA,NA,"EL JAGUA RIO MIRA",45,57,102,1
"5939",52835,23139,"Tumaco","Nariño",2006,"Congreso",NA,NA,NA,"EL PAPAYAL",34,45,79,1
"5940",52835,23139,"Tumaco","Nariño",2006,"Congreso",NA,NA,NA,"EL PINDE",197,252,449,2
"5941",52835,23139,"Tumaco","Nariño",2006,"Congreso",NA,NA,NA,"EL PITAL",180,215,395,2
"5942",52835,23139,"Tumaco","Nariño",2006,"Congreso",NA,NA,NA,"EL RETO/O",50,76,126,1
"5943",52835,23139,"Tumaco","Nariño",2006,"Congreso",NA,NA,NA,"ELADIO POLO RODRIGUEZ (BOCAS",50,62,112,1
"5944",52835,23139,"Tumaco","Nariño",2006,"Congreso",NA,NA,NA,"ESPRIELLA (SAN BERNARDO)",438,545,983,3
"5945",52835,23139,"Tumaco","Nariño",2006,"Congreso",NA,NA,NA,"FRANCISCO ANTONIO ARIZALA (CA",151,149,300,1
"5946",52835,23139,"Tumaco","Nariño",2006,"Congreso",NA,NA,NA,"EL DESCANSO",18,17,35,1
"5947",52835,23139,"Tumaco","Nariño",2006,"Congreso",NA,NA,NA,"GILBERTO ALZATE AVENDA/O (CUA",126,157,283,1
"5948",52835,23139,"Tumaco","Nariño",2006,"Congreso",NA,NA,NA,"GUALAJO (SAN AGUSTIN)",61,76,137,1
"5949",52835,23139,"Tumaco","Nariño",2006,"Congreso",NA,NA,NA,"GUAYABO",131,162,293,1
"5950",52835,23139,"Tumaco","Nariño",2006,"Congreso",NA,NA,NA,"GUILLERMO LEON VALENCIA (GUAC",35,43,78,1
"5951",52835,23139,"Tumaco","Nariño",2006,"Congreso",NA,NA,NA,"HERRERA (CANDELILLA)",461,529,990,3
"5952",52835,23139,"Tumaco","Nariño",2006,"Congreso",NA,NA,NA,"IMBILPI DEL CARMEN",69,88,157,1
"5953",52835,23139,"Tumaco","Nariño",2006,"Congreso",NA,NA,NA,"INGUAPI DEL CARMEN",219,214,433,2
"5954",52835,23139,"Tumaco","Nariño",2006,"Congreso",NA,NA,NA,"JORGE ELIECER GAITAN (SAN JUA",56,83,139,1
"5955",52835,23139,"Tumaco","Nariño",2006,"Congreso",NA,NA,NA,"JORGE H LEAL ( KILOMETRO 38)",330,335,665,2
"5956",52835,23139,"Tumaco","Nariño",2006,"Congreso",NA,NA,NA,"JOSE AURELIO LLORENTE",52,72,124,1
"5957",52835,23139,"Tumaco","Nariño",2006,"Congreso",NA,NA,NA,"JOSE LLORENTE CORTES (KILOMET",166,181,347,2
"5958",52835,23139,"Tumaco","Nariño",2006,"Congreso",NA,NA,NA,"JUAN DE LA CRUZ VARELA (SOCOR",85,87,172,1
"5959",52835,23139,"Tumaco","Nariño",2006,"Congreso",NA,NA,NA,"JULIO PLAZA (GUSTAVO ROJAS PI",83,104,187,1
"5960",52835,23139,"Tumaco","Nariño",2006,"Congreso",NA,NA,NA,"BOCAS DE PILVE-RIO CHAGUI",30,41,71,1
"5961",52835,23139,"Tumaco","Nariño",2006,"Congreso",NA,NA,NA,"LA GUAYACANA",476,574,1050,4
"5962",52835,23139,"Tumaco","Nariño",2006,"Congreso",NA,NA,NA,"LA HONDA",32,42,74,1
"5963",52835,23139,"Tumaco","Nariño",2006,"Congreso",NA,NA,NA,"LA NUEVA UNION",46,59,105,1
"5964",52835,23139,"Tumaco","Nariño",2006,"Congreso",NA,NA,NA,"LAS SIRENAS",91,139,230,1
"5965",52835,23139,"Tumaco","Nariño",2006,"Congreso",NA,NA,NA,"LLORENTE",739,926,1665,5
"5966",52835,23139,"Tumaco","Nariño",2006,"Congreso",NA,NA,NA,"MAJAGUAL",22,35,57,1
"5967",52835,23139,"Tumaco","Nariño",2006,"Congreso",NA,NA,NA,"MATAJE (JOSE ELIAS DEL HIERRO",62,106,168,1
"5968",52835,23139,"Tumaco","Nariño",2006,"Congreso",NA,NA,NA,"MIRAPALMA",98,101,199,1
"5969",52835,23139,"Tumaco","Nariño",2006,"Congreso",NA,NA,NA,"NUEVA BRISA",26,31,57,1
"5970",52835,23139,"Tumaco","Nariño",2006,"Congreso",NA,NA,NA,"PABLO REINEL ERAZO (BRAVA)",77,91,168,1
"5971",52835,23139,"Tumaco","Nariño",2006,"Congreso",NA,NA,NA,"PACIFICO",124,133,257,1
"5972",52835,23139,"Tumaco","Nariño",2006,"Congreso",NA,NA,NA,"PALAMBI (ANTONIO NARI/O)",204,251,455,2
"5973",52835,23139,"Tumaco","Nariño",2006,"Congreso",NA,NA,NA,"PALAY",41,65,106,1
"5974",52835,23139,"Tumaco","Nariño",2006,"Congreso",NA,NA,NA,"PATRICIO D JIMENEZ (LAS MERCE",97,139,236,1
"5975",52835,23139,"Tumaco","Nariño",2006,"Congreso",NA,NA,NA,"PEDRO VEIRA ARIAS (GRANDE DE",92,106,198,1
"5976",52835,23139,"Tumaco","Nariño",2006,"Congreso",NA,NA,NA,"PIGUAMBI",80,168,248,1
"5977",52835,23139,"Tumaco","Nariño",2006,"Congreso",NA,NA,NA,"PITAL PIRAGUA",111,119,230,1
"5978",52835,23139,"Tumaco","Nariño",2006,"Congreso",NA,NA,NA,"PLAYA DEL CABALLO",18,30,48,1
"5979",52835,23139,"Tumaco","Nariño",2006,"Congreso",NA,NA,NA,"PLAYA DEL MIRA - CASAS VIEJAS",35,65,100,1
"5980",52835,23139,"Tumaco","Nariño",2006,"Congreso",NA,NA,NA,"PROGRESO",39,56,95,1
"5981",52835,23139,"Tumaco","Nariño",2006,"Congreso",NA,NA,NA,"PULGANDE",190,209,399,2
"5982",52835,23139,"Tumaco","Nariño",2006,"Congreso",NA,NA,NA,"PUNTO TIBIO",2,3,5,1
"5983",52835,23139,"Tumaco","Nariño",2006,"Congreso",NA,NA,NA,"NUEVA REFORMA",51,60,111,1
"5984",52835,23139,"Tumaco","Nariño",2006,"Congreso",NA,NA,NA,"ROBERTO GUERRERO",260,286,546,2
"5985",52835,23139,"Tumaco","Nariño",2006,"Congreso",NA,NA,NA,"ROBLES",467,483,950,3
"5986",52835,23139,"Tumaco","Nariño",2006,"Congreso",NA,NA,NA,"ROMULO DIONISIO ORTIZ TEJADA",49,63,112,1
"5987",52835,23139,"Tumaco","Nariño",2006,"Congreso",NA,NA,NA,"ROSA ZARATE - DESCOLGADERO",103,110,213,1
"5988",52835,23139,"Tumaco","Nariño",2006,"Congreso",NA,NA,NA,"ROSARIO",75,83,158,1
"5989",52835,23139,"Tumaco","Nariño",2006,"Congreso",NA,NA,NA,"SALISVI",57,99,156,1
"5990",52835,23139,"Tumaco","Nariño",2006,"Congreso",NA,NA,NA,"SAMUEL ALBERTO ESCRUCERIA DEL",158,151,309,1
"5991",52835,23139,"Tumaco","Nariño",2006,"Congreso",NA,NA,NA,"DIEGO LUIS CORDOBA FIRME DE C",43,47,90,1
"5992",52835,23139,"Tumaco","Nariño",2006,"Congreso",NA,NA,NA,"SAN ANTONIO",97,109,206,1
"5993",52835,23139,"Tumaco","Nariño",2006,"Congreso",NA,NA,NA,"SAN FRANCISCO RIO ROSARIO",52,91,143,1
"5994",52835,23139,"Tumaco","Nariño",2006,"Congreso",NA,NA,NA,"SAN ISIDRO",108,149,257,1
"5995",52835,23139,"Tumaco","Nariño",2006,"Congreso",NA,NA,NA,"SAN JACINTO",11,21,32,1
"5996",52835,23139,"Tumaco","Nariño",2006,"Congreso",NA,NA,NA,"SAN JUAN (PLAYA)",312,418,730,3
"5997",52835,23139,"Tumaco","Nariño",2006,"Congreso",NA,NA,NA,"SANTA ROSA",107,143,250,1
"5998",52835,23139,"Tumaco","Nariño",2006,"Congreso",NA,NA,NA,"SANTANDER (BUCHELI)",271,229,500,2
"5999",52835,23139,"Tumaco","Nariño",2006,"Congreso",NA,NA,NA,"SANTO DOMINGO",78,116,194,1
"6000",52835,23139,"Tumaco","Nariño",2006,"Congreso",NA,NA,NA,"SERGIO PEREZ (TRUJILLO)",37,57,94,1
"6001",52835,23139,"Tumaco","Nariño",2006,"Congreso",NA,NA,NA,"STELLA MARQUEZ (VAQUERIA)",101,101,202,1
"6002",52835,23139,"Tumaco","Nariño",2006,"Congreso",NA,NA,NA,"SUCRE",151,170,321,1
"6003",52835,23139,"Tumaco","Nariño",2006,"Congreso",NA,NA,NA,"TABACAL",46,48,94,1
"6004",52835,23139,"Tumaco","Nariño",2006,"Congreso",NA,NA,NA,"TERAN",78,92,170,1
"6005",52835,23139,"Tumaco","Nariño",2006,"Congreso",NA,NA,NA,"URIBE URIBE (CHILVI)",252,273,525,2
"6006",52835,23139,"Tumaco","Nariño",2006,"Congreso",NA,NA,NA,"ALTO BUENOS AIRES",39,56,95,1
"6007",52835,23139,"Tumaco","Nariño",2006,"Congreso",NA,NA,NA,"ALBANIA",49,69,118,1
"6008",52835,23139,"Tumaco","Nariño",2006,"Congreso",NA,NA,NA,"ALTO PA/AMBI",8,11,19,1
"6009",52835,23139,"Tumaco","Nariño",2006,"Congreso",NA,NA,NA,"ALTO SANTO DOMINGO",33,57,90,1
"6010",52835,23139,"Tumaco","Nariño",2006,"Congreso",NA,NA,NA,"AMBULPI",59,86,145,1
"6011",52835,23139,"Tumaco","Nariño",2006,"Congreso",NA,NA,NA,"BAJO CAUNAPI (LA VEGA)",37,49,86,1
"6012",52835,23139,"Tumaco","Nariño",2006,"Congreso",NA,NA,NA,"BAJO BUENOS AIRES TABLON S",51,51,102,1
"6013",52835,23139,"Tumaco","Nariño",2006,"Congreso",NA,NA,NA,"BAJO CHILVI",97,113,210,1
"6014",52835,23139,"Tumaco","Nariño",2006,"Congreso",NA,NA,NA,"BAJO PUSBI",29,48,77,1
"6015",52835,23139,"Tumaco","Nariño",2006,"Congreso",NA,NA,NA,"BAJO JAGUA (RIO MIRA)",70,99,169,1
"6016",52835,23139,"Tumaco","Nariño",2006,"Congreso",NA,NA,NA,"BAQUERIA CARRETERA",147,160,307,1
"6017",52835,23139,"Tumaco","Nariño",2006,"Congreso",NA,NA,NA,"BARRO COLORADO (GUALAJO)",47,52,99,1
"6018",52835,23139,"Tumaco","Nariño",2006,"Congreso",NA,NA,NA,"BRISAS DEL ACUEDUCTO",39,37,76,1
"6019",52835,23139,"Tumaco","Nariño",2006,"Congreso",NA,NA,NA,"CACAGUAL",80,90,170,1
"6020",52835,23139,"Tumaco","Nariño",2006,"Congreso",NA,NA,NA,"CACAGUAL DE LAS VARAS",19,30,49,1
"6021",52835,23139,"Tumaco","Nariño",2006,"Congreso",NA,NA,NA,"CANDELO (RIO ROSARIO)",71,94,165,1
"6022",52835,23139,"Tumaco","Nariño",2006,"Congreso",NA,NA,NA,"CAUNAPI VUELTA LAS MARIAS",38,46,84,1
"6023",52835,23139,"Tumaco","Nariño",2006,"Congreso",NA,NA,NA,"CORRIENTE GRANDE",76,100,176,1
"6024",52835,23139,"Tumaco","Nariño",2006,"Congreso",NA,NA,NA,"KILOMETRO 28",140,134,274,1
"6025",52835,23139,"Tumaco","Nariño",2006,"Congreso",NA,NA,NA,"EL BARRANCO RIO MIRA",29,35,64,1
"6026",52835,23139,"Tumaco","Nariño",2006,"Congreso",NA,NA,NA,"EL ESTERO (SAN VICENTE)",46,63,109,1
"6027",52835,23139,"Tumaco","Nariño",2006,"Congreso",NA,NA,NA,"EL GUABAL (RIO GUALAJO)",65,85,150,1
"6028",52835,23139,"Tumaco","Nariño",2006,"Congreso",NA,NA,NA,"EL GUACHAL (RIO MIRA)",67,89,156,1
"6029",52835,23139,"Tumaco","Nariño",2006,"Congreso",NA,NA,NA,"EL GUADUAL RIO CHAGUI",40,37,77,1
"6030",52835,23139,"Tumaco","Nariño",2006,"Congreso",NA,NA,NA,"EL GUALTAL",92,124,216,1
"6031",52835,23139,"Tumaco","Nariño",2006,"Congreso",NA,NA,NA,"EL RETORNO",66,74,140,1
"6032",52835,23139,"Tumaco","Nariño",2006,"Congreso",NA,NA,NA,"EL SANDE FRONTERA",34,51,85,1
"6033",52835,23139,"Tumaco","Nariño",2006,"Congreso",NA,NA,NA,"EL SANDE CURAY",33,53,86,1
"6034",52835,23139,"Tumaco","Nariño",2006,"Congreso",NA,NA,NA,"INGUAPI LA CHIRICANA",94,112,206,1
"6035",52835,23139,"Tumaco","Nariño",2006,"Congreso",NA,NA,NA,"ISCUANDE (RIO ROSARIO)",29,48,77,1
"6036",52835,23139,"Tumaco","Nariño",2006,"Congreso",NA,NA,NA,"ISLA GRANDE (RIO MIRA)",43,54,97,1
"6037",52835,23139,"Tumaco","Nariño",2006,"Congreso",NA,NA,NA,"JUAN DOMINGO",83,83,166,1
"6038",52835,23139,"Tumaco","Nariño",2006,"Congreso",NA,NA,NA,"KILOMETRO 35",66,76,142,1
"6039",52835,23139,"Tumaco","Nariño",2006,"Congreso",NA,NA,NA,"KILOMETRO 41",140,197,337,1
"6040",52835,23139,"Tumaco","Nariño",2006,"Congreso",NA,NA,NA,"KILOMETRO 58",72,77,149,1
"6041",52835,23139,"Tumaco","Nariño",2006,"Congreso",NA,NA,NA,"LA ADUANA (RIO MIRA)",46,96,142,1
"6042",52835,23139,"Tumaco","Nariño",2006,"Congreso",NA,NA,NA,"LA BALSA RIO MIRA",73,97,170,1
"6043",52835,23139,"Tumaco","Nariño",2006,"Congreso",NA,NA,NA,"LA CONCHA TABLON SALADO",43,51,94,1
"6044",52835,23139,"Tumaco","Nariño",2006,"Congreso",NA,NA,NA,"LA CHORRERA (RIO CHAGUI)",20,53,73,1
"6045",52835,23139,"Tumaco","Nariño",2006,"Congreso",NA,NA,NA,"LA CHORRERA CURAY",47,61,108,1
"6046",52835,23139,"Tumaco","Nariño",2006,"Congreso",NA,NA,NA,"LA JUNTA ESTERO EL TIGRILLO",34,50,84,1
"6047",52835,23139,"Tumaco","Nariño",2006,"Congreso",NA,NA,NA,"LA LOMA (RIO MIRA)",52,69,121,1
"6048",52835,23139,"Tumaco","Nariño",2006,"Congreso",NA,NA,NA,"LA HONDA (RIO CHAGUI)",69,95,164,1
"6049",52835,23139,"Tumaco","Nariño",2006,"Congreso",NA,NA,NA,"LA PI/UELA (RIO MIRA)",129,152,281,1
"6050",52835,23139,"Tumaco","Nariño",2006,"Congreso",NA,NA,NA,"LAS CARGAS",31,31,62,1
"6051",52835,23139,"Tumaco","Nariño",2006,"Congreso",NA,NA,NA,"LAS VEGAS",97,120,217,1
"6052",52835,23139,"Tumaco","Nariño",2006,"Congreso",NA,NA,NA,"MAJAGUA (RIO CHAGUI)",33,44,77,1
"6053",52835,23139,"Tumaco","Nariño",2006,"Congreso",NA,NA,NA,"MASCAREY",74,90,164,1
"6054",52835,23139,"Tumaco","Nariño",2006,"Congreso",NA,NA,NA,"MILAGROS",54,63,117,1
"6055",52835,23139,"Tumaco","Nariño",2006,"Congreso",NA,NA,NA,"PACORA",47,53,100,1
"6056",52835,23139,"Tumaco","Nariño",2006,"Congreso",NA,NA,NA,"PE/A DE LOS SANTOS RIO ROSARI",28,40,68,1
"6057",52835,23139,"Tumaco","Nariño",2006,"Congreso",NA,NA,NA,"NUEVA CREACION",39,48,87,1
"6058",52835,23139,"Tumaco","Nariño",2006,"Congreso",NA,NA,NA,"PIANULPI RIO MIRA",19,32,51,1
"6059",52835,23139,"Tumaco","Nariño",2006,"Congreso",NA,NA,NA,"PINDALES",113,130,243,1
"6060",52835,23139,"Tumaco","Nariño",2006,"Congreso",NA,NA,NA,"PLAYON (RIO MIRA)",35,48,83,1
"6061",52835,23139,"Tumaco","Nariño",2006,"Congreso",NA,NA,NA,"PUERTO NIDIA",39,79,118,1
"6062",52835,23139,"Tumaco","Nariño",2006,"Congreso",NA,NA,NA,"PUEBLO NUEVO",59,56,115,1
"6063",52835,23139,"Tumaco","Nariño",2006,"Congreso",NA,NA,NA,"PUEBLO NUEVO (CHIMBUZAL)",49,53,102,1
"6064",52835,23139,"Tumaco","Nariño",2006,"Congreso",NA,NA,NA,"PUENTE AGUACLARA",100,92,192,1
"6065",52835,23139,"Tumaco","Nariño",2006,"Congreso",NA,NA,NA,"SAN ANTONIO DE CURAY",73,96,169,1
"6066",52835,23139,"Tumaco","Nariño",2006,"Congreso",NA,NA,NA,"SAN IGNACIO",9,12,21,1
"6067",52835,23139,"Tumaco","Nariño",2006,"Congreso",NA,NA,NA,"SAN PABLO",47,68,115,1
"6068",52835,23139,"Tumaco","Nariño",2006,"Congreso",NA,NA,NA,"SOLEDAD",89,110,199,1
"6069",52835,23139,"Tumaco","Nariño",2006,"Congreso",NA,NA,NA,"TAMBILLO",75,100,175,1
"6070",52835,23139,"Tumaco","Nariño",2006,"Congreso",NA,NA,NA,"TANGAREAL DEL MIRA",93,107,200,1
"6071",52835,23139,"Tumaco","Nariño",2006,"Congreso",NA,NA,NA,"TESTERIA",27,34,61,1
"6072",52835,23139,"Tumaco","Nariño",2006,"Congreso",NA,NA,NA,"VIGUARAL RIO MIRA",55,75,130,1
"6073",52835,23139,"Tumaco","Nariño",2006,"Congreso",NA,NA,NA,"VILLA RICA",55,77,132,1
"6074",52835,23139,"Tumaco","Nariño",2006,"Congreso",NA,NA,NA,"VUELTA DE CANDELILLAS",119,153,272,1
"6075",52835,23139,"Tumaco","Nariño",2006,"Congreso",NA,NA,NA,"VUELTA LARGA",103,154,257,1
"6076",52835,23139,"Tumaco","Nariño",2006,"Congreso",NA,NA,NA,"ZABALETA (CASERIO BAJO INDA)",121,187,308,1
"6077",52838,23142,"Túquerres","Nariño",2006,"Congreso",NA,NA,NA,"PLAZA DE MERCADO SANTA MARIA",52,5472,5524,17
"6078",52838,23142,"Túquerres","Nariño",2006,"Congreso",NA,NA,NA,"COLEGIO TERESIANO",5245,61,5306,16
"6079",52838,23142,"Túquerres","Nariño",2006,"Congreso",NA,NA,NA,"ESCUELA DON BOSCO",4240,309,4549,14
"6080",52838,23142,"Túquerres","Nariño",2006,"Congreso",NA,NA,NA,"COLEGIO SAN LUIS",699,3550,4249,13
"6081",52838,23142,"Túquerres","Nariño",2006,"Congreso",NA,NA,NA,"CARCEL JUDICIAL",1,18,19,1
"6082",52838,23142,"Túquerres","Nariño",2006,"Congreso",NA,NA,NA,"ALBAN",179,185,364,2
"6083",52838,23142,"Túquerres","Nariño",2006,"Congreso",NA,NA,NA,"CUATRO ESQUINAS",476,414,890,3
"6084",52838,23142,"Túquerres","Nariño",2006,"Congreso",NA,NA,NA,"LAS MINAS",50,52,102,1
"6085",52838,23142,"Túquerres","Nariño",2006,"Congreso",NA,NA,NA,"GUANAMA GRANDE",120,109,229,1
"6086",52838,23142,"Túquerres","Nariño",2006,"Congreso",NA,NA,NA,"LOS ARRAYANES",267,236,503,2
"6087",52838,23142,"Túquerres","Nariño",2006,"Congreso",NA,NA,NA,"OLAYA",220,220,440,2
"6088",52838,23142,"Túquerres","Nariño",2006,"Congreso",NA,NA,NA,"PINZON",283,228,511,2
"6089",52838,23142,"Túquerres","Nariño",2006,"Congreso",NA,NA,NA,"POLACHAYAN",144,128,272,1
"6090",52838,23142,"Túquerres","Nariño",2006,"Congreso",NA,NA,NA,"QUI/ONES (LA LAGUNA)",77,81,158,1
"6091",52838,23142,"Túquerres","Nariño",2006,"Congreso",NA,NA,NA,"RANCHO GRANDE GUASI",159,147,306,1
"6092",52838,23142,"Túquerres","Nariño",2006,"Congreso",NA,NA,NA,"SANTANDER (VALENCIA)",762,618,1380,5
"6093",52838,23142,"Túquerres","Nariño",2006,"Congreso",NA,NA,NA,"SAN CARLOS-QUEBRADA OSCURA",119,121,240,1
"6094",52838,23142,"Túquerres","Nariño",2006,"Congreso",NA,NA,NA,"SAN ROQUE BAJO",205,141,346,2
"6095",52838,23142,"Túquerres","Nariño",2006,"Congreso",NA,NA,NA,"TUTACHAG",140,121,261,1
"6096",52838,23142,"Túquerres","Nariño",2006,"Congreso",NA,NA,NA,"YASCUAL",922,882,1804,6
"6097",52885,23145,"Yacuanquer","Nariño",2006,"Congreso",NA,NA,NA,NA,2464,2266,4730,14
"6098",52885,23145,"Yacuanquer","Nariño",2006,"Congreso",NA,NA,NA,"CHAPACUAL",354,351,705,3
"6099",52885,23145,"Yacuanquer","Nariño",2006,"Congreso",NA,NA,NA,"INANTAS",111,109,220,1
"6100",52885,23145,"Yacuanquer","Nariño",2006,"Congreso",NA,NA,NA,"TAINDALA",131,99,230,1
"6101",52885,23145,"Yacuanquer","Nariño",2006,"Congreso",NA,NA,NA,"TASNAQUE",183,190,373,2
"6102",52885,23145,"Yacuanquer","Nariño",2006,"Congreso",NA,NA,NA,"ZARAGOZA",79,76,155,1
"6103",66001,24001,"Pereira","Risaralda",2006,"Congreso",NA,NA,NA,"CASA CAMPESINA-INST.SALUD",1255,1551,2806,9
"6104",66001,24001,"Pereira","Risaralda",2006,"Congreso",NA,NA,NA,"CTRO.EDUC.LUIS CARLOS GONZALE",2716,1644,4360,13
"6105",66001,24001,"Pereira","Risaralda",2006,"Congreso",NA,NA,NA,"INST.EDUC.ESCOLAR SAN FDO.",7049,6098,13147,39
"6106",66001,24001,"Pereira","Risaralda",2006,"Congreso",NA,NA,NA,"COL.BASICO HANS DREWS ARANGO",6075,5132,11207,33
"6107",66001,24001,"Pereira","Risaralda",2006,"Congreso",NA,NA,NA,"COL BASICO SN. JOAQUIN",2886,2319,5205,16
"6108",66001,24001,"Pereira","Risaralda",2006,"Congreso",NA,NA,NA,"CENTRO EDUC.BAYRON GAVIRIA",4376,3072,7448,22
"6109",66001,24001,"Pereira","Risaralda",2006,"Congreso",NA,NA,NA,"CENTRO EDUC. NARANJITO",3565,2547,6112,18
"6110",66001,24001,"Pereira","Risaralda",2006,"Congreso",NA,NA,NA,"COL.OFICIAL CIUDADELA CUBA",2462,1909,4371,13
"6111",66001,24001,"Pereira","Risaralda",2006,"Congreso",NA,NA,NA,"COL.BASICO ALFONSO JARAMILLO",2287,1822,4109,12
"6112",66001,24001,"Pereira","Risaralda",2006,"Congreso",NA,NA,NA,"COL. BASICO SOFFY HERNANDEZ M",907,535,1442,5
"6113",66001,24001,"Pereira","Risaralda",2006,"Congreso",NA,NA,NA,"COLEGIO NORMAL SUPERIOR",2859,2173,5032,15
"6114",66001,24001,"Pereira","Risaralda",2006,"Congreso",NA,NA,NA,"CASA DE LA JUVENTUD",2037,5355,7392,22
"6115",66001,24001,"Pereira","Risaralda",2006,"Congreso",NA,NA,NA,"INST. EDUC. CARLOTA SANCHEZ",1707,1347,3054,9
"6116",66001,24001,"Pereira","Risaralda",2006,"Congreso",NA,NA,NA,"INST. EDUC. ALFREDO GARCIA",4053,3038,7091,21
"6117",66001,24001,"Pereira","Risaralda",2006,"Congreso",NA,NA,NA,"CENTRO DOCENTE PRIMERO DE MAY",2574,1825,4399,13
"6118",66001,24001,"Pereira","Risaralda",2006,"Congreso",NA,NA,NA,"INST. EDUC. ANTONIA SANTOS",7525,881,8406,25
"6119",66001,24001,"Pereira","Risaralda",2006,"Congreso",NA,NA,NA,"LICEO CIAL.AQUILINO BEDOYA",3313,2586,5899,18
"6120",66001,24001,"Pereira","Risaralda",2006,"Congreso",NA,NA,NA,"INST. EDUC. CIUDAD BOQUIA",4675,3485,8160,24
"6121",66001,24001,"Pereira","Risaralda",2006,"Congreso",NA,NA,NA,"COL.OFICIAL LA INMACULADA",5215,4661,9876,29
"6122",66001,24001,"Pereira","Risaralda",2006,"Congreso",NA,NA,NA,"FUND. UNIVERS. DEL AREA ANDIN",3575,7222,10797,32
"6123",66001,24001,"Pereira","Risaralda",2006,"Congreso",NA,NA,NA,"INT. EDUCATIVA BOYACA",1953,3546,5499,16
"6124",66001,24001,"Pereira","Risaralda",2006,"Congreso",NA,NA,NA,"SENA",6417,5700,12117,36
"6125",66001,24001,"Pereira","Risaralda",2006,"Congreso",NA,NA,NA,"CENTRO CULTURAL LUCY TEJADA",7618,5111,12729,38
"6126",66001,24001,"Pereira","Risaralda",2006,"Congreso",NA,NA,NA,"COL.BASICO FCO.DE PAULA SDER.",2498,2549,5047,15
"6127",66001,24001,"Pereira","Risaralda",2006,"Congreso",NA,NA,NA,"COL. BASICO CENTENARIO",1948,1651,3599,11
"6128",66001,24001,"Pereira","Risaralda",2006,"Congreso",NA,NA,NA,"CTRO.EDUC.JORGE ELIECER G.",1704,1294,2998,9
"6129",66001,24001,"Pereira","Risaralda",2006,"Congreso",NA,NA,NA,"INSTITUTO KENNEDY",2943,2427,5370,16
"6130",66001,24001,"Pereira","Risaralda",2006,"Congreso",NA,NA,NA,"COLEGIO GIMNASIO PEREIRA",4134,3262,7396,22
"6131",66001,24001,"Pereira","Risaralda",2006,"Congreso",NA,NA,NA,"CTO.EDUC.REMIGIO ANTONIO C.",1689,1577,3266,10
"6132",66001,24001,"Pereira","Risaralda",2006,"Congreso",NA,NA,NA,"UNIV. TECNOLOGICA DE PEREIRA",1643,2020,3663,11
"6133",66001,24001,"Pereira","Risaralda",2006,"Congreso",NA,NA,NA,"INST.EDUC.HERNADO VELEZ M.",1651,1269,2920,9
"6134",66001,24001,"Pereira","Risaralda",2006,"Congreso",NA,NA,NA,"INST.EDUC.MIXTA VILLA SANTANA",3923,2839,6762,20
"6135",66001,24001,"Pereira","Risaralda",2006,"Congreso",NA,NA,NA,"COLEGIO SAN NICOLAS",3380,2714,6094,18
"6136",66001,24001,"Pereira","Risaralda",2006,"Congreso",NA,NA,NA,"GOBERNACION DE RISARALDA",6836,6666,13502,40
"6137",66001,24001,"Pereira","Risaralda",2006,"Congreso",NA,NA,NA,"COLEGIO SUR ORIENTAL",2917,2321,5238,16
"6138",66001,24001,"Pereira","Risaralda",2006,"Congreso",NA,NA,NA,"ESC. EL POBLADO",2058,1567,3625,11
"6139",66001,24001,"Pereira","Risaralda",2006,"Congreso",NA,NA,NA,"INST.EDUC.PROVIDENCIA",2164,1786,3950,12
"6140",66001,24001,"Pereira","Risaralda",2006,"Congreso",NA,NA,NA,"CENTRO EDC.EL ROCIO",627,485,1112,4
"6141",66001,24001,"Pereira","Risaralda",2006,"Congreso",NA,NA,NA,"INSTITUTO DOCENTE SAMARIA",1050,665,1715,5
"6142",66001,24001,"Pereira","Risaralda",2006,"Congreso",NA,NA,NA,"PUESTO CENSO",24042,20632,44674,57
"6143",66001,24001,"Pereira","Risaralda",2006,"Congreso",NA,NA,NA,"CARCEL",12,145,157,1
"6144",66001,24001,"Pereira","Risaralda",2006,"Congreso",NA,NA,NA,"ALTAGRACIA",1394,1414,2808,9
"6145",66001,24001,"Pereira","Risaralda",2006,"Congreso",NA,NA,NA,"ARABIA",826,1010,1836,6
"6146",66001,24001,"Pereira","Risaralda",2006,"Congreso",NA,NA,NA,"BETULIA",283,358,641,2
"6147",66001,24001,"Pereira","Risaralda",2006,"Congreso",NA,NA,NA,"CAIMALITO",1133,1025,2158,7
"6148",66001,24001,"Pereira","Risaralda",2006,"Congreso",NA,NA,NA,"COMBIA BAJA",779,1049,1828,6
"6149",66001,24001,"Pereira","Risaralda",2006,"Congreso",NA,NA,NA,"LA CONVENCION",460,528,988,3
"6150",66001,24001,"Pereira","Risaralda",2006,"Congreso",NA,NA,NA,"EL CHOCHO",384,373,757,3
"6151",66001,24001,"Pereira","Risaralda",2006,"Congreso",NA,NA,NA,"COMBIA ALTA",880,913,1793,6
"6152",66001,24001,"Pereira","Risaralda",2006,"Congreso",NA,NA,NA,"CERRITOS",1364,1348,2712,8
"6153",66001,24001,"Pereira","Risaralda",2006,"Congreso",NA,NA,NA,"LA BELLA",493,614,1107,4
"6154",66001,24001,"Pereira","Risaralda",2006,"Congreso",NA,NA,NA,"LA FLORIDA",811,926,1737,6
"6155",66001,24001,"Pereira","Risaralda",2006,"Congreso",NA,NA,NA,"LA GRAMINEA",323,366,689,3
"6156",66001,24001,"Pereira","Risaralda",2006,"Congreso",NA,NA,NA,"LA HONDA",108,153,261,1
"6157",66001,24001,"Pereira","Risaralda",2006,"Congreso",NA,NA,NA,"LA ESTRELLA LA PALMILLA",451,552,1003,3
"6158",66001,24001,"Pereira","Risaralda",2006,"Congreso",NA,NA,NA,"MORELIA",746,881,1627,5
"6159",66001,24001,"Pereira","Risaralda",2006,"Congreso",NA,NA,NA,"MUNDO NUEVO",359,388,747,3
"6160",66001,24001,"Pereira","Risaralda",2006,"Congreso",NA,NA,NA,"EL MANZANO",128,142,270,1
"6161",66001,24001,"Pereira","Risaralda",2006,"Congreso",NA,NA,NA,"PUERTO CALDAS (PUENTE BOLIVAR",1323,1075,2398,7
"6162",66001,24001,"Pereira","Risaralda",2006,"Congreso",NA,NA,NA,"SAN JOSE",306,378,684,2
"6163",66001,24001,"Pereira","Risaralda",2006,"Congreso",NA,NA,NA,"TRIBUNAS CORCEGA",1269,1219,2488,8
"6164",66001,24001,"Pereira","Risaralda",2006,"Congreso",NA,NA,NA,"YARUMAL",312,357,669,2
"6165",66045,24008,"Apía","Risaralda",2006,"Congreso",NA,NA,NA,NA,3649,3755,7404,22
"6166",66045,24008,"Apía","Risaralda",2006,"Congreso",NA,NA,NA,"GUARNE",159,188,347,2
"6167",66045,24008,"Apía","Risaralda",2006,"Congreso",NA,NA,NA,"ALTA CAMPANA",258,307,565,2
"6168",66045,24008,"Apía","Risaralda",2006,"Congreso",NA,NA,NA,"JORDANIA",168,265,433,2
"6169",66045,24008,"Apía","Risaralda",2006,"Congreso",NA,NA,NA,"SAN AGUSTIN",157,228,385,2
"6170",66045,24008,"Apía","Risaralda",2006,"Congreso",NA,NA,NA,"SAN CARLOS",138,170,308,1
"6171",66075,24013,"Balboa","Risaralda",2006,"Congreso",NA,NA,NA,NA,1800,1989,3789,12
"6172",66075,24013,"Balboa","Risaralda",2006,"Congreso",NA,NA,NA,"CUBA",185,244,429,2
"6173",66075,24013,"Balboa","Risaralda",2006,"Congreso",NA,NA,NA,"LA AURORA",195,234,429,2
"6174",66075,24013,"Balboa","Risaralda",2006,"Congreso",NA,NA,NA,"CRUCES",74,106,180,1
"6175",66075,24013,"Balboa","Risaralda",2006,"Congreso",NA,NA,NA,"TRES ESQUINAS",128,183,311,1
"6176",66075,24013,"Balboa","Risaralda",2006,"Congreso",NA,NA,NA,"TAMBORES",173,200,373,2
"6177",66088,24021,"Belén de Umbría","Risaralda",2006,"Congreso",NA,NA,NA,NA,7064,7335,14399,42
"6178",66088,24021,"Belén de Umbría","Risaralda",2006,"Congreso",NA,NA,NA,"CARCEL MUNICIPAL",2,17,19,1
"6179",66088,24021,"Belén de Umbría","Risaralda",2006,"Congreso",NA,NA,NA,"ANDICA",196,269,465,2
"6180",66088,24021,"Belén de Umbría","Risaralda",2006,"Congreso",NA,NA,NA,"BALDELOMAR",153,182,335,1
"6181",66088,24021,"Belén de Umbría","Risaralda",2006,"Congreso",NA,NA,NA,"COLUMBIA O LA FLORIDA",315,438,753,3
"6182",66088,24021,"Belén de Umbría","Risaralda",2006,"Congreso",NA,NA,NA,"MATA DE GUADUA",244,340,584,2
"6183",66088,24021,"Belén de Umbría","Risaralda",2006,"Congreso",NA,NA,NA,"PROVIDENCIA",107,144,251,1
"6184",66088,24021,"Belén de Umbría","Risaralda",2006,"Congreso",NA,NA,NA,"PUENTE UMBRIA",211,281,492,2
"6185",66088,24021,"Belén de Umbría","Risaralda",2006,"Congreso",NA,NA,NA,"TAPARCAL",409,459,868,3
"6186",66170,24025,"Dosquebradas","Risaralda",2006,"Congreso",NA,NA,NA,"CENTRO DOCENTE OTUN",2279,2340,4619,14
"6187",66170,24025,"Dosquebradas","Risaralda",2006,"Congreso",NA,NA,NA,"COLEGIO POPULAR DIOCESANO",3397,2796,6193,19
"6188",66170,24025,"Dosquebradas","Risaralda",2006,"Congreso",NA,NA,NA,"INT. SANTA SOFIA",3859,2947,6806,20
"6189",66170,24025,"Dosquebradas","Risaralda",2006,"Congreso",NA,NA,NA,"CENTRO DOCENTE MANUELITA SAEN",2877,2016,4893,15
"6190",66170,24025,"Dosquebradas","Risaralda",2006,"Congreso",NA,NA,NA,"SENA",1794,1409,3203,10
"6191",66170,24025,"Dosquebradas","Risaralda",2006,"Congreso",NA,NA,NA,"ESCUELA LA ESNEDA",383,281,664,2
"6192",66170,24025,"Dosquebradas","Risaralda",2006,"Congreso",NA,NA,NA,"COLEGIO NUEVA REPUBLICA",773,556,1329,4
"6193",66170,24025,"Dosquebradas","Risaralda",2006,"Congreso",NA,NA,NA,"COLEGIO BASICO SANTA JUANA",641,525,1166,4
"6194",66170,24025,"Dosquebradas","Risaralda",2006,"Congreso",NA,NA,NA,"COLEGIO BASICO CLUB DE LEONES",472,386,858,3
"6195",66170,24025,"Dosquebradas","Risaralda",2006,"Congreso",NA,NA,NA,"INST. AGUSTIN NIETO CABALLERO",1102,838,1940,6
"6196",66170,24025,"Dosquebradas","Risaralda",2006,"Congreso",NA,NA,NA,"COL. NTRA SRA DE GUADALUPE",6171,4764,10935,32
"6197",66170,24025,"Dosquebradas","Risaralda",2006,"Congreso",NA,NA,NA,"COLEGIO PABLO SEXTO",3923,3234,7157,21
"6198",66170,24025,"Dosquebradas","Risaralda",2006,"Congreso",NA,NA,NA,"COLEGIO BASICO NOROCCIDENTAL",3647,2911,6558,20
"6199",66170,24025,"Dosquebradas","Risaralda",2006,"Congreso",NA,NA,NA,"COLEGIO JUAN MANUEL GONZALEZ",4247,3380,7627,23
"6200",66170,24025,"Dosquebradas","Risaralda",2006,"Congreso",NA,NA,NA,"COL. MANUEL ELKIN PATARROYO",2219,1662,3881,12
"6201",66170,24025,"Dosquebradas","Risaralda",2006,"Congreso",NA,NA,NA,"ESCUELA SAN DIEGO",931,679,1610,5
"6202",66170,24025,"Dosquebradas","Risaralda",2006,"Congreso",NA,NA,NA,"CENTRO DOCENTE CAMILO TORRES",939,710,1649,5
"6203",66170,24025,"Dosquebradas","Risaralda",2006,"Congreso",NA,NA,NA,"CENTRO DOCENTE RENACIMIENTO",450,606,1056,4
"6204",66170,24025,"Dosquebradas","Risaralda",2006,"Congreso",NA,NA,NA,"COLEGIO SALESIANO",11400,10041,21441,63
"6205",66170,24025,"Dosquebradas","Risaralda",2006,"Congreso",NA,NA,NA,"PUESTO CENSO",6845,5631,12476,16
"6206",66170,24025,"Dosquebradas","Risaralda",2006,"Congreso",NA,NA,NA,"CARCEL",29,11,40,1
"6207",66170,24025,"Dosquebradas","Risaralda",2006,"Congreso",NA,NA,NA,"ALTO DEL TORO",96,151,247,1
"6208",66170,24025,"Dosquebradas","Risaralda",2006,"Congreso",NA,NA,NA,"FRAILES",1768,1561,3329,10
"6209",66170,24025,"Dosquebradas","Risaralda",2006,"Congreso",NA,NA,NA,"LA UNION",448,530,978,3
"6210",66318,24029,"Guática","Risaralda",2006,"Congreso",NA,NA,NA,NA,3018,3106,6124,18
"6211",66318,24029,"Guática","Risaralda",2006,"Congreso",NA,NA,NA,"SAN CLEMENTE",587,658,1245,4
"6212",66318,24029,"Guática","Risaralda",2006,"Congreso",NA,NA,NA,"SANTA ANA",609,742,1351,4
"6213",66318,24029,"Guática","Risaralda",2006,"Congreso",NA,NA,NA,"TRAVESIAS",258,312,570,2
"6214",66383,24038,"La Celia","Risaralda",2006,"Congreso",NA,NA,NA,NA,2366,2769,5135,15
"6215",66383,24038,"La Celia","Risaralda",2006,"Congreso",NA,NA,NA,"PATIO BONITO",163,218,381,2
"6216",66400,24046,"La Virginia","Risaralda",2006,"Congreso",NA,NA,NA,"INST.DOCENTE ALFONSO LOPEZ",1886,1694,3580,11
"6217",66400,24046,"La Virginia","Risaralda",2006,"Congreso",NA,NA,NA,"ESC. GENERAL SANTANDER",1853,1367,3220,10
"6218",66400,24046,"La Virginia","Risaralda",2006,"Congreso",NA,NA,NA,"ESC. ANTONIO RICAURTE",2453,2348,4801,14
"6219",66400,24046,"La Virginia","Risaralda",2006,"Congreso",NA,NA,NA,"ESC. LA ENSE/ANZA",1951,1478,3429,10
"6220",66400,24046,"La Virginia","Risaralda",2006,"Congreso",NA,NA,NA,"PUESTO CENSO",5933,5658,11591,15
"6221",66400,24046,"La Virginia","Risaralda",2006,"Congreso",NA,NA,NA,"CARCEL",0,7,7,1
"6222",66400,24046,"La Virginia","Risaralda",2006,"Congreso",NA,NA,NA,"EL AGUACATE",60,89,149,1
"6223",66400,24046,"La Virginia","Risaralda",2006,"Congreso",NA,NA,NA,"LA PALMA",105,142,247,1
"6224",66440,24054,"Marsella","Risaralda",2006,"Congreso",NA,NA,NA,NA,5520,5839,11359,34
"6225",66440,24054,"Marsella","Risaralda",2006,"Congreso",NA,NA,NA,"CARCEL",0,0,0,0
"6226",66440,24054,"Marsella","Risaralda",2006,"Congreso",NA,NA,NA,"ALTO CAUCA",308,401,709,3
"6227",66440,24054,"Marsella","Risaralda",2006,"Congreso",NA,NA,NA,"EL RAYO",172,230,402,2
"6228",66440,24054,"Marsella","Risaralda",2006,"Congreso",NA,NA,NA,"ESTACION PEREIRA",114,131,245,1
"6229",66440,24054,"Marsella","Risaralda",2006,"Congreso",NA,NA,NA,"GUAYABO",113,117,230,1
"6230",66440,24054,"Marsella","Risaralda",2006,"Congreso",NA,NA,NA,"LA ARGENTINA",62,94,156,1
"6231",66440,24054,"Marsella","Risaralda",2006,"Congreso",NA,NA,NA,"LA NUBIA",64,66,130,1
"6232",66440,24054,"Marsella","Risaralda",2006,"Congreso",NA,NA,NA,"LAS TAZAS (LA ORIENTAL)",305,380,685,2
"6233",66440,24054,"Marsella","Risaralda",2006,"Congreso",NA,NA,NA,"MIRACAMPO",75,76,151,1
"6234",66456,24062,"Mistrató","Risaralda",2006,"Congreso",NA,NA,NA,NA,3166,3421,6587,20
"6235",66456,24062,"Mistrató","Risaralda",2006,"Congreso",NA,NA,NA,"LA JEGUADA",293,378,671,2
"6236",66456,24062,"Mistrató","Risaralda",2006,"Congreso",NA,NA,NA,"SAN ANTONIO DEL CHAMI",371,465,836,3
"6237",66572,24070,"Pueblo Rico","Risaralda",2006,"Congreso",NA,NA,NA,NA,2202,2397,4599,14
"6238",66572,24070,"Pueblo Rico","Risaralda",2006,"Congreso",NA,NA,NA,"GUAYABAL",55,95,150,1
"6239",66572,24070,"Pueblo Rico","Risaralda",2006,"Congreso",NA,NA,NA,"LA PRADERA (ITAURI)",171,127,298,1
"6240",66572,24070,"Pueblo Rico","Risaralda",2006,"Congreso",NA,NA,NA,"SANTA CECILIA",556,602,1158,4
"6241",66572,24070,"Pueblo Rico","Risaralda",2006,"Congreso",NA,NA,NA,"VILLA CLARET",101,184,285,1
"6242",66594,24078,"Quinchía","Risaralda",2006,"Congreso",NA,NA,NA,NA,6599,6675,13274,39
"6243",66594,24078,"Quinchía","Risaralda",2006,"Congreso",NA,NA,NA,"BATERO",498,643,1141,4
"6244",66594,24078,"Quinchía","Risaralda",2006,"Congreso",NA,NA,NA,"IRRA",660,718,1378,5
"6245",66594,24078,"Quinchía","Risaralda",2006,"Congreso",NA,NA,NA,"NARANJAL",373,475,848,3
"6246",66594,24078,"Quinchía","Risaralda",2006,"Congreso",NA,NA,NA,"SANTA ELENA",238,266,504,2
"6247",66682,24086,"Santa Rosa de Cabal","Risaralda",2006,"Congreso",NA,NA,NA,"COL. BASICO SIMON BOLIVAR",1801,1813,3614,11
"6248",66682,24086,"Santa Rosa de Cabal","Risaralda",2006,"Congreso",NA,NA,NA,"COL BASICO MARIANO OSPINA",3450,3394,6844,20
"6249",66682,24086,"Santa Rosa de Cabal","Risaralda",2006,"Congreso",NA,NA,NA,"CTRO DOCENTE LA HERMOSA",1954,1666,3620,11
"6250",66682,24086,"Santa Rosa de Cabal","Risaralda",2006,"Congreso",NA,NA,NA,"COL BAS.  PEDRO JOSE RIVERA",2494,2196,4690,14
"6251",66682,24086,"Santa Rosa de Cabal","Risaralda",2006,"Congreso",NA,NA,NA,"SEDE UNISARC",1824,1592,3416,10
"6252",66682,24086,"Santa Rosa de Cabal","Risaralda",2006,"Congreso",NA,NA,NA,"PUESTO CENSO",11816,10639,22455,29
"6253",66682,24086,"Santa Rosa de Cabal","Risaralda",2006,"Congreso",NA,NA,NA,"CARCEL",2,26,28,1
"6254",66682,24086,"Santa Rosa de Cabal","Risaralda",2006,"Congreso",NA,NA,NA,"LAS MANGAS - EL CEDRALITO",218,297,515,2
"6255",66682,24086,"Santa Rosa de Cabal","Risaralda",2006,"Congreso",NA,NA,NA,"EL ESPAÑOL",594,782,1376,4
"6256",66682,24086,"Santa Rosa de Cabal","Risaralda",2006,"Congreso",NA,NA,NA,"LA CAPILLA (SAN JUAN)",221,267,488,2
"6257",66682,24086,"Santa Rosa de Cabal","Risaralda",2006,"Congreso",NA,NA,NA,"EL MANZANILLO",190,250,440,2
"6258",66682,24086,"Santa Rosa de Cabal","Risaralda",2006,"Congreso",NA,NA,NA,"SANTA BARBARA",290,378,668,2
"6259",66687,24094,"Santuario","Risaralda",2006,"Congreso",NA,NA,NA,NA,4410,4858,9268,27
"6260",66687,24094,"Santuario","Risaralda",2006,"Congreso",NA,NA,NA,"BARCINAL (LA ESMERALDA)",125,160,285,1
"6261",66687,24094,"Santuario","Risaralda",2006,"Congreso",NA,NA,NA,"BRETA/A",262,302,564,2
"6262",66687,24094,"Santuario","Risaralda",2006,"Congreso",NA,NA,NA,"LA MARIA (PLAYA RICA)",187,250,437,2
"6263",66687,24094,"Santuario","Risaralda",2006,"Congreso",NA,NA,NA,"PERALONSO",299,426,725,3
"6264",66687,24094,"Santuario","Risaralda",2006,"Congreso",NA,NA,NA,"TOTUI",67,97,164,1
"6265",54001,25001,"Cúcuta","Norte de Santander",2006,"Congreso",NA,NA,NA,"INSTITUTO SALESIANO",14561,15351,29912,87
"6266",54001,25001,"Cúcuta","Norte de Santander",2006,"Congreso",NA,NA,NA,"COLSAG",4681,3449,8130,24
"6267",54001,25001,"Cúcuta","Norte de Santander",2006,"Congreso",NA,NA,NA,"QUINTA BOSCH",8136,6185,14321,42
"6268",54001,25001,"Cúcuta","Norte de Santander",2006,"Congreso",NA,NA,NA,"ESC. EL LLANO",5888,8429,14317,42
"6269",54001,25001,"Cúcuta","Norte de Santander",2006,"Congreso",NA,NA,NA,"EL CONTENTO",7268,3766,11034,33
"6270",54001,25001,"Cúcuta","Norte de Santander",2006,"Congreso",NA,NA,NA,"COL. CORAZON DE JESUS",6246,4936,11182,33
"6271",54001,25001,"Cúcuta","Norte de Santander",2006,"Congreso",NA,NA,NA,"CUBEROS NIÑO",3004,2536,5540,17
"6272",54001,25001,"Cúcuta","Norte de Santander",2006,"Congreso",NA,NA,NA,"SAN RAFAEL",2262,1497,3759,11
"6273",54001,25001,"Cúcuta","Norte de Santander",2006,"Congreso",NA,NA,NA,"ALFONSO LOPEZ",5146,4362,9508,28
"6274",54001,25001,"Cúcuta","Norte de Santander",2006,"Congreso",NA,NA,NA,"BELEN",6072,4750,10822,32
"6275",54001,25001,"Cúcuta","Norte de Santander",2006,"Congreso",NA,NA,NA,"SAN MIGUEL",5545,4636,10181,30
"6276",54001,25001,"Cúcuta","Norte de Santander",2006,"Congreso",NA,NA,NA,"ESC. CARORA",6434,5969,12403,37
"6277",54001,25001,"Cúcuta","Norte de Santander",2006,"Congreso",NA,NA,NA,"CHAPINERO",5767,4743,10510,31
"6278",54001,25001,"Cúcuta","Norte de Santander",2006,"Congreso",NA,NA,NA,"COMUNEROS",6649,5414,12063,36
"6279",54001,25001,"Cúcuta","Norte de Santander",2006,"Congreso",NA,NA,NA,"MOTILONES",6754,5359,12113,36
"6280",54001,25001,"Cúcuta","Norte de Santander",2006,"Congreso",NA,NA,NA,"OSPINA PEREZ",6433,5718,12151,36
"6281",54001,25001,"Cúcuta","Norte de Santander",2006,"Congreso",NA,NA,NA,"VALLE ESTHER",3460,2794,6254,19
"6282",54001,25001,"Cúcuta","Norte de Santander",2006,"Congreso",NA,NA,NA,"LIBERTAD",6336,4998,11334,33
"6283",54001,25001,"Cúcuta","Norte de Santander",2006,"Congreso",NA,NA,NA,"BOCONO",1664,1382,3046,9
"6284",54001,25001,"Cúcuta","Norte de Santander",2006,"Congreso",NA,NA,NA,"SAN MATEO",4294,3137,7431,22
"6285",54001,25001,"Cúcuta","Norte de Santander",2006,"Congreso",NA,NA,NA,"LAS AMERICAS",2929,2300,5229,16
"6286",54001,25001,"Cúcuta","Norte de Santander",2006,"Congreso",NA,NA,NA,"AEROPUERTO",5910,4680,10590,31
"6287",54001,25001,"Cúcuta","Norte de Santander",2006,"Congreso",NA,NA,NA,"EL SALADO",2418,2035,4453,13
"6288",54001,25001,"Cúcuta","Norte de Santander",2006,"Congreso",NA,NA,NA,"EL CERRITO",533,568,1101,4
"6289",54001,25001,"Cúcuta","Norte de Santander",2006,"Congreso",NA,NA,NA,"TRIGAL DEL NORTE",2810,2061,4871,15
"6290",54001,25001,"Cúcuta","Norte de Santander",2006,"Congreso",NA,NA,NA,"LA VICTORIA",3680,2957,6637,20
"6291",54001,25001,"Cúcuta","Norte de Santander",2006,"Congreso",NA,NA,NA,"CINE ATALAYA",6589,5483,12072,36
"6292",54001,25001,"Cúcuta","Norte de Santander",2006,"Congreso",NA,NA,NA,"DOÑA CECI",6205,4943,11148,33
"6293",54001,25001,"Cúcuta","Norte de Santander",2006,"Congreso",NA,NA,NA,"ANTONIA SANTOS",5223,4427,9650,29
"6294",54001,25001,"Cúcuta","Norte de Santander",2006,"Congreso",NA,NA,NA,"SAN LUIS",5675,4945,10620,31
"6295",54001,25001,"Cúcuta","Norte de Santander",2006,"Congreso",NA,NA,NA,"TORCOROMA",5039,3904,8943,26
"6296",54001,25001,"Cúcuta","Norte de Santander",2006,"Congreso",NA,NA,NA,"SAN MARTIN",3645,2786,6431,19
"6297",54001,25001,"Cúcuta","Norte de Santander",2006,"Congreso",NA,NA,NA,"EL ESCOBAL",3751,3411,7162,21
"6298",54001,25001,"Cúcuta","Norte de Santander",2006,"Congreso",NA,NA,NA,"PESCADERO",5370,4573,9943,29
"6299",54001,25001,"Cúcuta","Norte de Santander",2006,"Congreso",NA,NA,NA,"GUAIMARAL",7039,5506,12545,37
"6300",54001,25001,"Cúcuta","Norte de Santander",2006,"Congreso",NA,NA,NA,"CIUDAD JARDIN",7861,5773,13634,40
"6301",54001,25001,"Cúcuta","Norte de Santander",2006,"Congreso",NA,NA,NA,"SEVILLA",2702,2290,4992,15
"6302",54001,25001,"Cúcuta","Norte de Santander",2006,"Congreso",NA,NA,NA,"PUESTO CENSO",28784,24880,53664,68
"6303",54001,25001,"Cúcuta","Norte de Santander",2006,"Congreso",NA,NA,NA,"CARCEL",295,435,730,3
"6304",54001,25001,"Cúcuta","Norte de Santander",2006,"Congreso",NA,NA,NA,"CARCEL DE MUJERES",77,29,106,1
"6305",54001,25001,"Cúcuta","Norte de Santander",2006,"Congreso",NA,NA,NA,"AGUACLARA",743,995,1738,6
"6306",54001,25001,"Cúcuta","Norte de Santander",2006,"Congreso",NA,NA,NA,"BANCO DE ARENA",148,292,440,2
"6307",54001,25001,"Cúcuta","Norte de Santander",2006,"Congreso",NA,NA,NA,"AGUA LA SAL",9,20,29,1
"6308",54001,25001,"Cúcuta","Norte de Santander",2006,"Congreso",NA,NA,NA,"EL CARMEN DE TONCHALA",114,132,246,1
"6309",54001,25001,"Cúcuta","Norte de Santander",2006,"Congreso",NA,NA,NA,"GUARAMITO",223,341,564,2
"6310",54001,25001,"Cúcuta","Norte de Santander",2006,"Congreso",NA,NA,NA,"LA BUENA ESPERANZA",724,983,1707,5
"6311",54001,25001,"Cúcuta","Norte de Santander",2006,"Congreso",NA,NA,NA,"LIMONCITO",149,229,378,2
"6312",54001,25001,"Cúcuta","Norte de Santander",2006,"Congreso",NA,NA,NA,"PALMARITO",160,264,424,2
"6313",54001,25001,"Cúcuta","Norte de Santander",2006,"Congreso",NA,NA,NA,"PUERTO VILLAMIZAR",111,180,291,1
"6314",54001,25001,"Cúcuta","Norte de Santander",2006,"Congreso",NA,NA,NA,"RICAURTE",152,258,410,2
"6315",54001,25001,"Cúcuta","Norte de Santander",2006,"Congreso",NA,NA,NA,"SAN FAUSTINO",265,374,639,2
"6316",54001,25001,"Cúcuta","Norte de Santander",2006,"Congreso",NA,NA,NA,"SAN PEDRO",306,322,628,2
"6317",54003,25004,"Abrego","Norte de Santander",2006,"Congreso",NA,NA,NA,NA,6514,6595,13109,39
"6318",54003,25004,"Abrego","Norte de Santander",2006,"Congreso",NA,NA,NA,"CASITAS",143,187,330,1
"6319",54003,25004,"Abrego","Norte de Santander",2006,"Congreso",NA,NA,NA,"CAPITANLARGO",281,341,622,2
"6320",54003,25004,"Abrego","Norte de Santander",2006,"Congreso",NA,NA,NA,"LA ARENOSA",86,105,191,1
"6321",54003,25004,"Abrego","Norte de Santander",2006,"Congreso",NA,NA,NA,"EL CAIRO",27,22,49,1
"6322",54003,25004,"Abrego","Norte de Santander",2006,"Congreso",NA,NA,NA,"LA MARIA",138,172,310,1
"6323",54003,25004,"Abrego","Norte de Santander",2006,"Congreso",NA,NA,NA,"SAN JOSE",51,71,122,1
"6324",54003,25004,"Abrego","Norte de Santander",2006,"Congreso",NA,NA,NA,"SAN VICENTE",121,218,339,1
"6325",54003,25004,"Abrego","Norte de Santander",2006,"Congreso",NA,NA,NA,"EL GUAMAL",86,198,284,1
"6326",54003,25004,"Abrego","Norte de Santander",2006,"Congreso",NA,NA,NA,"EL LLANON",71,105,176,1
"6327",54003,25004,"Abrego","Norte de Santander",2006,"Congreso",NA,NA,NA,"EL TARRA",125,177,302,1
"6328",54003,25004,"Abrego","Norte de Santander",2006,"Congreso",NA,NA,NA,"EL TABACO",66,72,138,1
"6329",54003,25004,"Abrego","Norte de Santander",2006,"Congreso",NA,NA,NA,"EL HIGUERON",129,160,289,1
"6330",54003,25004,"Abrego","Norte de Santander",2006,"Congreso",NA,NA,NA,"EL LORO",38,45,83,1
"6331",54003,25004,"Abrego","Norte de Santander",2006,"Congreso",NA,NA,NA,"GAIRA",70,82,152,1
"6332",54003,25004,"Abrego","Norte de Santander",2006,"Congreso",NA,NA,NA,"HOYO PILON",63,96,159,1
"6333",54003,25004,"Abrego","Norte de Santander",2006,"Congreso",NA,NA,NA,"LA SIERRA",156,200,356,2
"6334",54003,25004,"Abrego","Norte de Santander",2006,"Congreso",NA,NA,NA,"LOS INDIOS",55,68,123,1
"6335",54003,25004,"Abrego","Norte de Santander",2006,"Congreso",NA,NA,NA,"CANOAS",30,39,69,1
"6336",54003,25004,"Abrego","Norte de Santander",2006,"Congreso",NA,NA,NA,"MONTECRISTO",5,24,29,1
"6337",54003,25004,"Abrego","Norte de Santander",2006,"Congreso",NA,NA,NA,"PLAYONCITOS",33,61,94,1
"6338",54051,25007,"Arboledas","Norte de Santander",2006,"Congreso",NA,NA,NA,NA,1621,1870,3491,11
"6339",54051,25007,"Arboledas","Norte de Santander",2006,"Congreso",NA,NA,NA,"BARRIENTOS",89,114,203,1
"6340",54051,25007,"Arboledas","Norte de Santander",2006,"Congreso",NA,NA,NA,"CASTRO",234,308,542,2
"6341",54051,25007,"Arboledas","Norte de Santander",2006,"Congreso",NA,NA,NA,"CINERA",134,151,285,1
"6342",54051,25007,"Arboledas","Norte de Santander",2006,"Congreso",NA,NA,NA,"GUZAMAN",75,84,159,1
"6343",54051,25007,"Arboledas","Norte de Santander",2006,"Congreso",NA,NA,NA,"LA UVITA",57,61,118,1
"6344",54051,25007,"Arboledas","Norte de Santander",2006,"Congreso",NA,NA,NA,"LOS MOLINOS",74,95,169,1
"6345",54051,25007,"Arboledas","Norte de Santander",2006,"Congreso",NA,NA,NA,"UVITO",31,45,76,1
"6346",54051,25007,"Arboledas","Norte de Santander",2006,"Congreso",NA,NA,NA,"VILLA SUCRE",275,393,668,2
"6347",54099,25010,"Bochalema","Norte de Santander",2006,"Congreso",NA,NA,NA,NA,1511,1519,3030,9
"6348",54099,25010,"Bochalema","Norte de Santander",2006,"Congreso",NA,NA,NA,"ESPEJUELOS (NEBRASKA)",40,50,90,1
"6349",54099,25010,"Bochalema","Norte de Santander",2006,"Congreso",NA,NA,NA,"LA DONJUANA",501,542,1043,4
"6350",54099,25010,"Bochalema","Norte de Santander",2006,"Congreso",NA,NA,NA,"MONTERREDONDO",69,93,162,1
"6351",54099,25010,"Bochalema","Norte de Santander",2006,"Congreso",NA,NA,NA,"PORTACHUELO",70,105,175,1
"6352",54109,25013,"Bucarasica","Norte de Santander",2006,"Congreso",NA,NA,NA,NA,708,847,1555,5
"6353",54109,25013,"Bucarasica","Norte de Santander",2006,"Congreso",NA,NA,NA,"AGUABLANCA",154,192,346,2
"6354",54109,25013,"Bucarasica","Norte de Santander",2006,"Congreso",NA,NA,NA,"LA CURVA",228,311,539,2
"6355",54109,25013,"Bucarasica","Norte de Santander",2006,"Congreso",NA,NA,NA,"LA SANJUANA",294,413,707,3
"6356",54109,25013,"Bucarasica","Norte de Santander",2006,"Congreso",NA,NA,NA,"LAS CUADRAS",68,90,158,1
"6357",54125,25016,"Cácota","Norte de Santander",2006,"Congreso",NA,NA,NA,NA,874,1019,1893,6
"6358",54125,25016,"Cácota","Norte de Santander",2006,"Congreso",NA,NA,NA,"TARGUALA",43,66,109,1
"6359",54128,25019,"Cachirá","Norte de Santander",2006,"Congreso",NA,NA,NA,NA,1315,1217,2532,8
"6360",54128,25019,"Cachirá","Norte de Santander",2006,"Congreso",NA,NA,NA,"LA CARRERA",272,285,557,2
"6361",54128,25019,"Cachirá","Norte de Santander",2006,"Congreso",NA,NA,NA,"EL MANZANO",80,88,168,1
"6362",54128,25019,"Cachirá","Norte de Santander",2006,"Congreso",NA,NA,NA,"LA VEGA",764,826,1590,5
"6363",54128,25019,"Cachirá","Norte de Santander",2006,"Congreso",NA,NA,NA,"FILO DE SAN CAYETANO",51,72,123,1
"6364",54128,25019,"Cachirá","Norte de Santander",2006,"Congreso",NA,NA,NA,"EL LUCERO",84,120,204,1
"6365",54128,25019,"Cachirá","Norte de Santander",2006,"Congreso",NA,NA,NA,"MIRAFLORES",55,77,132,1
"6366",54128,25019,"Cachirá","Norte de Santander",2006,"Congreso",NA,NA,NA,"LA UNION",63,103,166,1
"6367",54128,25019,"Cachirá","Norte de Santander",2006,"Congreso",NA,NA,NA,"PRIMAVERA",98,149,247,1
"6368",54128,25019,"Cachirá","Norte de Santander",2006,"Congreso",NA,NA,NA,"RAMIREZ",112,138,250,1
"6369",54128,25019,"Cachirá","Norte de Santander",2006,"Congreso",NA,NA,NA,"SAN JOSE DE LA MONTA/A",48,70,118,1
"6370",54128,25019,"Cachirá","Norte de Santander",2006,"Congreso",NA,NA,NA,"LAGUNA DE ORIENTE",22,34,56,1
"6371",54128,25019,"Cachirá","Norte de Santander",2006,"Congreso",NA,NA,NA,"LOS MANGOS",157,175,332,1
"6372",54206,25022,"Convención","Norte de Santander",2006,"Congreso",NA,NA,NA,NA,4883,4824,9707,29
"6373",54206,25022,"Convención","Norte de Santander",2006,"Congreso",NA,NA,NA,"CARTAGENITA",250,395,645,2
"6374",54206,25022,"Convención","Norte de Santander",2006,"Congreso",NA,NA,NA,"GUAMAL",189,231,420,2
"6375",54206,25022,"Convención","Norte de Santander",2006,"Congreso",NA,NA,NA,"HONDURAS",64,198,262,1
"6376",54206,25022,"Convención","Norte de Santander",2006,"Congreso",NA,NA,NA,"LA LIBERTAD",79,162,241,1
"6377",54206,25022,"Convención","Norte de Santander",2006,"Congreso",NA,NA,NA,"LA TRINIDAD",99,182,281,1
"6378",54206,25022,"Convención","Norte de Santander",2006,"Congreso",NA,NA,NA,"LAS MERCEDES",121,145,266,1
"6379",54206,25022,"Convención","Norte de Santander",2006,"Congreso",NA,NA,NA,"LOS BALCONES",86,171,257,1
"6380",54206,25022,"Convención","Norte de Santander",2006,"Congreso",NA,NA,NA,"EL HOYO",50,119,169,1
"6381",54206,25022,"Convención","Norte de Santander",2006,"Congreso",NA,NA,NA,"MESA RICA",43,64,107,1
"6382",54206,25022,"Convención","Norte de Santander",2006,"Congreso",NA,NA,NA,"MIRAFLORES",76,154,230,1
"6383",54206,25022,"Convención","Norte de Santander",2006,"Congreso",NA,NA,NA,"SAN JOSE DE LAS PITAS",101,192,293,1
"6384",54206,25022,"Convención","Norte de Santander",2006,"Congreso",NA,NA,NA,"SOLEDAD",118,189,307,1
"6385",54223,25025,"Cucutilla","Norte de Santander",2006,"Congreso",NA,NA,NA,NA,2229,2613,4842,15
"6386",54223,25025,"Cucutilla","Norte de Santander",2006,"Congreso",NA,NA,NA,"PUENTE JULIO ARBOLEDA",67,103,170,1
"6387",54223,25025,"Cucutilla","Norte de Santander",2006,"Congreso",NA,NA,NA,"SAN JOSE DE LA MONTA/A",178,235,413,2
"6388",54172,25028,"Chinácota","Norte de Santander",2006,"Congreso",NA,NA,NA,NA,4064,3762,7826,23
"6389",54172,25028,"Chinácota","Norte de Santander",2006,"Congreso",NA,NA,NA,"NUEVA DONJUANA",239,266,505,2
"6390",54174,25031,"Chitagá","Norte de Santander",2006,"Congreso",NA,NA,NA,NA,2067,2035,4102,12
"6391",54174,25031,"Chitagá","Norte de Santander",2006,"Congreso",NA,NA,NA,"CORNEJO",36,57,93,1
"6392",54174,25031,"Chitagá","Norte de Santander",2006,"Congreso",NA,NA,NA,"CHUCARIMA",256,294,550,2
"6393",54174,25031,"Chitagá","Norte de Santander",2006,"Congreso",NA,NA,NA,"EL ALISAL",89,138,227,1
"6394",54174,25031,"Chitagá","Norte de Santander",2006,"Congreso",NA,NA,NA,"EL PORVENIR",50,57,107,1
"6395",54174,25031,"Chitagá","Norte de Santander",2006,"Congreso",NA,NA,NA,"LLANO GRANDE",178,195,373,2
"6396",54174,25031,"Chitagá","Norte de Santander",2006,"Congreso",NA,NA,NA,"PRESIDENTE",114,146,260,1
"6397",54174,25031,"Chitagá","Norte de Santander",2006,"Congreso",NA,NA,NA,"TANE",149,198,347,2
"6398",54239,25034,"Durania","Norte de Santander",2006,"Congreso",NA,NA,NA,NA,1519,1760,3279,10
"6399",54239,25034,"Durania","Norte de Santander",2006,"Congreso",NA,NA,NA,"HATOVIEJO",100,132,232,1
"6400",54239,25034,"Durania","Norte de Santander",2006,"Congreso",NA,NA,NA,"LA CUCHILLA",61,74,135,1
"6401",54239,25034,"Durania","Norte de Santander",2006,"Congreso",NA,NA,NA,"LA TRINIDAD",47,81,128,1
"6402",54250,25036,"El Tarra","Norte de Santander",2006,"Congreso",NA,NA,NA,NA,2191,2725,4916,15
"6403",54250,25036,"El Tarra","Norte de Santander",2006,"Congreso",NA,NA,NA,"EL PASO",43,100,143,1
"6404",54250,25036,"El Tarra","Norte de Santander",2006,"Congreso",NA,NA,NA,"FILO EL GRINGO",91,185,276,1
"6405",54250,25036,"El Tarra","Norte de Santander",2006,"Congreso",NA,NA,NA,"NUEVA GRANADA (BELLAVISTA)",72,123,195,1
"6406",54250,25036,"El Tarra","Norte de Santander",2006,"Congreso",NA,NA,NA,"ORU",150,308,458,2
"6407",54250,25036,"El Tarra","Norte de Santander",2006,"Congreso",NA,NA,NA,"PALMAS DE VINO",24,51,75,1
"6408",54245,25037,"El Carmen","Norte de Santander",2006,"Congreso",NA,NA,NA,NA,2056,2117,4173,13
"6409",54245,25037,"El Carmen","Norte de Santander",2006,"Congreso",NA,NA,NA,"BELLALUZ",65,104,169,1
"6410",54245,25037,"El Carmen","Norte de Santander",2006,"Congreso",NA,NA,NA,"BOBALI",70,243,313,1
"6411",54245,25037,"El Carmen","Norte de Santander",2006,"Congreso",NA,NA,NA,"ASTILLERO",69,103,172,1
"6412",54245,25037,"El Carmen","Norte de Santander",2006,"Congreso",NA,NA,NA,"CULEBRITA",63,108,171,1
"6413",54245,25037,"El Carmen","Norte de Santander",2006,"Congreso",NA,NA,NA,"EL COBRE",9,14,23,1
"6414",54245,25037,"El Carmen","Norte de Santander",2006,"Congreso",NA,NA,NA,"EL ZUL",39,56,95,1
"6415",54245,25037,"El Carmen","Norte de Santander",2006,"Congreso",NA,NA,NA,"GUAMALITO",979,1012,1991,6
"6416",54245,25037,"El Carmen","Norte de Santander",2006,"Congreso",NA,NA,NA,"LA ESTRELLA",72,103,175,1
"6417",54245,25037,"El Carmen","Norte de Santander",2006,"Congreso",NA,NA,NA,"LA OSA",46,76,122,1
"6418",54245,25037,"El Carmen","Norte de Santander",2006,"Congreso",NA,NA,NA,"LA QUIEBRA",27,39,66,1
"6419",54245,25037,"El Carmen","Norte de Santander",2006,"Congreso",NA,NA,NA,"LA PELOTA",37,38,75,1
"6420",54245,25037,"El Carmen","Norte de Santander",2006,"Congreso",NA,NA,NA,"LAS AGUILAS",37,65,102,1
"6421",54245,25037,"El Carmen","Norte de Santander",2006,"Congreso",NA,NA,NA,"PAJITAS",48,99,147,1
"6422",54245,25037,"El Carmen","Norte de Santander",2006,"Congreso",NA,NA,NA,"LAS VEGAS DE MOTILONIA",34,78,112,1
"6423",54245,25037,"El Carmen","Norte de Santander",2006,"Congreso",NA,NA,NA,"LAS VEGAS",52,101,153,1
"6424",54245,25037,"El Carmen","Norte de Santander",2006,"Congreso",NA,NA,NA,"MARACAIBO",107,177,284,1
"6425",54245,25037,"El Carmen","Norte de Santander",2006,"Congreso",NA,NA,NA,"QUEBRADA ARRIBA",67,110,177,1
"6426",54245,25037,"El Carmen","Norte de Santander",2006,"Congreso",NA,NA,NA,"QUEBRADA HONDA",36,65,101,1
"6427",54245,25037,"El Carmen","Norte de Santander",2006,"Congreso",NA,NA,NA,"SANTA INES",72,126,198,1
"6428",54245,25037,"El Carmen","Norte de Santander",2006,"Congreso",NA,NA,NA,"SANTO DOMINGO",48,70,118,1
"6429",54261,25038,"El Zulia","Norte de Santander",2006,"Congreso",NA,NA,NA,NA,6136,5913,12049,36
"6430",54261,25038,"El Zulia","Norte de Santander",2006,"Congreso",NA,NA,NA,"PAN DE AZUCAR",118,199,317,1
"6431",54261,25038,"El Zulia","Norte de Santander",2006,"Congreso",NA,NA,NA,"ASTILLEROS",386,531,917,3
"6432",54261,25038,"El Zulia","Norte de Santander",2006,"Congreso",NA,NA,NA,"CAMPO ALICIA",189,295,484,2
"6433",54261,25038,"El Zulia","Norte de Santander",2006,"Congreso",NA,NA,NA,"ENCERRADEROS",62,120,182,1
"6434",54261,25038,"El Zulia","Norte de Santander",2006,"Congreso",NA,NA,NA,"SAN MIGUEL",94,154,248,1
"6435",54313,25040,"Gramalote","Norte de Santander",2006,"Congreso",NA,NA,NA,NA,2039,1990,4029,12
"6436",54313,25040,"Gramalote","Norte de Santander",2006,"Congreso",NA,NA,NA,"EL ROSARIO",56,83,139,1
"6437",54313,25040,"Gramalote","Norte de Santander",2006,"Congreso",NA,NA,NA,"EL ZUMBADOR",118,185,303,1
"6438",54313,25040,"Gramalote","Norte de Santander",2006,"Congreso",NA,NA,NA,"SAN ISIDRO",117,105,222,1
"6439",54344,25043,"Hacarí","Norte de Santander",2006,"Congreso",NA,NA,NA,NA,1585,2231,3816,12
"6440",54344,25043,"Hacarí","Norte de Santander",2006,"Congreso",NA,NA,NA,"MARACAIBO",78,89,167,1
"6441",54344,25043,"Hacarí","Norte de Santander",2006,"Congreso",NA,NA,NA,"ASTILLEROS",77,104,181,1
"6442",54344,25043,"Hacarí","Norte de Santander",2006,"Congreso",NA,NA,NA,"AGUA BLANCA",43,86,129,1
"6443",54344,25043,"Hacarí","Norte de Santander",2006,"Congreso",NA,NA,NA,"MARTINEZ",61,75,136,1
"6444",54344,25043,"Hacarí","Norte de Santander",2006,"Congreso",NA,NA,NA,"BUENOS AIRES",34,52,86,1
"6445",54344,25043,"Hacarí","Norte de Santander",2006,"Congreso",NA,NA,NA,"SAN MIGUEL",83,130,213,1
"6446",54344,25043,"Hacarí","Norte de Santander",2006,"Congreso",NA,NA,NA,"SAN JOSE DEL TARRA",125,142,267,1
"6447",54347,25046,"Herrán","Norte de Santander",2006,"Congreso",NA,NA,NA,NA,1141,1276,2417,8
"6448",54347,25046,"Herrán","Norte de Santander",2006,"Congreso",NA,NA,NA,"HONDA SUR",49,79,128,1
"6449",54347,25046,"Herrán","Norte de Santander",2006,"Congreso",NA,NA,NA,"SIBERIA",102,190,292,1
"6450",54377,25049,"Labateca","Norte de Santander",2006,"Congreso",NA,NA,NA,NA,1871,2125,3996,12
"6451",54377,25049,"Labateca","Norte de Santander",2006,"Congreso",NA,NA,NA,"SANTA MARIA",54,88,142,1
"6452",54377,25049,"Labateca","Norte de Santander",2006,"Congreso",NA,NA,NA,"LA CUCHILLA",74,89,163,1
"6453",54385,25051,"La Esperanza","Norte de Santander",2006,"Congreso",NA,NA,NA,NA,894,911,1805,6
"6454",54385,25051,"La Esperanza","Norte de Santander",2006,"Congreso",NA,NA,NA,"CAMPO ALEGRE",85,147,232,1
"6455",54385,25051,"La Esperanza","Norte de Santander",2006,"Congreso",NA,NA,NA,"PUEBLO NUEVO",393,502,895,3
"6456",54385,25051,"La Esperanza","Norte de Santander",2006,"Congreso",NA,NA,NA,"TROPEZON",136,237,373,2
"6457",54385,25051,"La Esperanza","Norte de Santander",2006,"Congreso",NA,NA,NA,"LA RAYA",75,117,192,1
"6458",54385,25051,"La Esperanza","Norte de Santander",2006,"Congreso",NA,NA,NA,"LEON TRECE",152,242,394,2
"6459",54385,25051,"La Esperanza","Norte de Santander",2006,"Congreso",NA,NA,NA,"LA PEDREGOZA",388,426,814,3
"6460",54385,25051,"La Esperanza","Norte de Santander",2006,"Congreso",NA,NA,NA,"LOS CEDROS",114,193,307,1
"6461",54385,25051,"La Esperanza","Norte de Santander",2006,"Congreso",NA,NA,NA,"LOS PLANES",68,130,198,1
"6462",54385,25051,"La Esperanza","Norte de Santander",2006,"Congreso",NA,NA,NA,"GUAYABAL",135,178,313,1
"6463",54385,25051,"La Esperanza","Norte de Santander",2006,"Congreso",NA,NA,NA,"PROVIDENCIA",89,128,217,1
"6464",54385,25051,"La Esperanza","Norte de Santander",2006,"Congreso",NA,NA,NA,"VIJAGUAL",91,148,239,1
"6465",54385,25051,"La Esperanza","Norte de Santander",2006,"Congreso",NA,NA,NA,"VILLA MARIA",144,191,335,1
"6466",54398,25052,"La Playa","Norte de Santander",2006,"Congreso",NA,NA,NA,NA,1537,1676,3213,10
"6467",54398,25052,"La Playa","Norte de Santander",2006,"Congreso",NA,NA,NA,"ASPASICA",408,574,982,3
"6468",54398,25052,"La Playa","Norte de Santander",2006,"Congreso",NA,NA,NA,"CURASICA",81,143,224,1
"6469",54398,25052,"La Playa","Norte de Santander",2006,"Congreso",NA,NA,NA,"EL CINCHO (LA VEGA DE SAN ANT",177,324,501,2
"6470",54398,25052,"La Playa","Norte de Santander",2006,"Congreso",NA,NA,NA,"MACIEGAS",107,135,242,1
"6471",54405,25054,"Los Patios","Norte de Santander",2006,"Congreso",NA,NA,NA,"COL. CONFANORTE",3904,3788,7692,23
"6472",54405,25054,"Los Patios","Norte de Santander",2006,"Congreso",NA,NA,NA,"ESC. SABANA",3472,2671,6143,18
"6473",54405,25054,"Los Patios","Norte de Santander",2006,"Congreso",NA,NA,NA,"COLEGIO 11 DE NOVIEMBRE",3978,3158,7136,21
"6474",54405,25054,"Los Patios","Norte de Santander",2006,"Congreso",NA,NA,NA,"ESC. PISARREAL",4139,3350,7489,22
"6475",54405,25054,"Los Patios","Norte de Santander",2006,"Congreso",NA,NA,NA,"PUESTO CENSO",7208,6481,13689,18
"6476",54405,25054,"Los Patios","Norte de Santander",2006,"Congreso",NA,NA,NA,"LA GARITA",406,514,920,3
"6477",54405,25054,"Los Patios","Norte de Santander",2006,"Congreso",NA,NA,NA,"MUTIS",156,194,350,2
"6478",54418,25055,"Lourdes","Norte de Santander",2006,"Congreso",NA,NA,NA,NA,1238,1501,2739,8
"6479",54480,25058,"Mutiscua","Norte de Santander",2006,"Congreso",NA,NA,NA,NA,899,956,1855,6
"6480",54480,25058,"Mutiscua","Norte de Santander",2006,"Congreso",NA,NA,NA,"LA LAGUNA",91,79,170,1
"6481",54480,25058,"Mutiscua","Norte de Santander",2006,"Congreso",NA,NA,NA,"SUCRE",134,145,279,1
"6482",54498,25061,"Ocaña","Norte de Santander",2006,"Congreso",NA,NA,NA,"PALACIO MUNICIPAL",3062,5388,8450,25
"6483",54498,25061,"Ocaña","Norte de Santander",2006,"Congreso",NA,NA,NA,"ESC. NORMAL SE/ORITAS",2005,818,2823,9
"6484",54498,25061,"Ocaña","Norte de Santander",2006,"Congreso",NA,NA,NA,"CANCHA MARABEL",2215,1735,3950,12
"6485",54498,25061,"Ocaña","Norte de Santander",2006,"Congreso",NA,NA,NA,"ESC. SANTA CLARA",2066,1677,3743,11
"6486",54498,25061,"Ocaña","Norte de Santander",2006,"Congreso",NA,NA,NA,"CTRO. DOCENTE ESC. CRISTO REY",671,520,1191,4
"6487",54498,25061,"Ocaña","Norte de Santander",2006,"Congreso",NA,NA,NA,"CTRO. DOCENTE ADOLFO MILANES",2678,1499,4177,13
"6488",54498,25061,"Ocaña","Norte de Santander",2006,"Congreso",NA,NA,NA,"ESC. JUAN XXIII",1593,898,2491,8
"6489",54498,25061,"Ocaña","Norte de Santander",2006,"Congreso",NA,NA,NA,"CONC. ARGELINO DURAN",1115,903,2018,6
"6490",54498,25061,"Ocaña","Norte de Santander",2006,"Congreso",NA,NA,NA,"PUESTO CENSO",15315,12648,27963,36
"6491",54498,25061,"Ocaña","Norte de Santander",2006,"Congreso",NA,NA,NA,"CARCEL",10,95,105,1
"6492",54498,25061,"Ocaña","Norte de Santander",2006,"Congreso",NA,NA,NA,"AGUA DE LA VIRGEN",184,295,479,2
"6493",54498,25061,"Ocaña","Norte de Santander",2006,"Congreso",NA,NA,NA,"AGUAS CLARAS",327,376,703,3
"6494",54498,25061,"Ocaña","Norte de Santander",2006,"Congreso",NA,NA,NA,"ALTO DE LOS PATIOS",73,136,209,1
"6495",54498,25061,"Ocaña","Norte de Santander",2006,"Congreso",NA,NA,NA,"OTARE",398,508,906,3
"6496",54498,25061,"Ocaña","Norte de Santander",2006,"Congreso",NA,NA,NA,"BUENAVISTA",273,313,586,2
"6497",54498,25061,"Ocaña","Norte de Santander",2006,"Congreso",NA,NA,NA,"CERRO DE LAS FLORES",60,74,134,1
"6498",54498,25061,"Ocaña","Norte de Santander",2006,"Congreso",NA,NA,NA,"ESPIRITUSANTO",61,108,169,1
"6499",54498,25061,"Ocaña","Norte de Santander",2006,"Congreso",NA,NA,NA,"LA ERMITA",187,249,436,2
"6500",54498,25061,"Ocaña","Norte de Santander",2006,"Congreso",NA,NA,NA,"LA FLORESTA",68,79,147,1
"6501",54498,25061,"Ocaña","Norte de Santander",2006,"Congreso",NA,NA,NA,"LAS LISCAS",78,100,178,1
"6502",54498,25061,"Ocaña","Norte de Santander",2006,"Congreso",NA,NA,NA,"LAS CHIRCAS",43,65,108,1
"6503",54498,25061,"Ocaña","Norte de Santander",2006,"Congreso",NA,NA,NA,"LLANO DE LOS TRIGOS",85,102,187,1
"6504",54498,25061,"Ocaña","Norte de Santander",2006,"Congreso",NA,NA,NA,"MARIQUITA",78,103,181,1
"6505",54498,25061,"Ocaña","Norte de Santander",2006,"Congreso",NA,NA,NA,"PUEBLO NUEVO",176,220,396,2
"6506",54498,25061,"Ocaña","Norte de Santander",2006,"Congreso",NA,NA,NA,"PALOGRANDE",66,98,164,1
"6507",54498,25061,"Ocaña","Norte de Santander",2006,"Congreso",NA,NA,NA,"PORTACHUELO",49,67,116,1
"6508",54498,25061,"Ocaña","Norte de Santander",2006,"Congreso",NA,NA,NA,"QUEBRADA DE LA ESPERANZA",99,120,219,1
"6509",54498,25061,"Ocaña","Norte de Santander",2006,"Congreso",NA,NA,NA,"VENADILLO",34,51,85,1
"6510",54518,25064,"Pamplona","Norte de Santander",2006,"Congreso",NA,NA,NA,"COL. RAFAEL AFANADOR",2500,3012,5512,17
"6511",54518,25064,"Pamplona","Norte de Santander",2006,"Congreso",NA,NA,NA,"I. S. E. R.",2789,1968,4757,14
"6512",54518,25064,"Pamplona","Norte de Santander",2006,"Congreso",NA,NA,NA,"SALON COMUNAL SIMON BOLIVAR",591,534,1125,4
"6513",54518,25064,"Pamplona","Norte de Santander",2006,"Congreso",NA,NA,NA,"CON. ESC. GALAN",2485,2147,4632,14
"6514",54518,25064,"Pamplona","Norte de Santander",2006,"Congreso",NA,NA,NA,"PUESTO CENSO",10770,8916,19686,25
"6515",54518,25064,"Pamplona","Norte de Santander",2006,"Congreso",NA,NA,NA,"CARCEL",8,48,56,1
"6516",54518,25064,"Pamplona","Norte de Santander",2006,"Congreso",NA,NA,NA,"LAUREANO GOMEZ",167,200,367,2
"6517",54518,25064,"Pamplona","Norte de Santander",2006,"Congreso",NA,NA,NA,"NEGAVITA",79,86,165,1
"6518",54520,25067,"Pamplonita","Norte de Santander",2006,"Congreso",NA,NA,NA,NA,1191,1280,2471,8
"6519",54520,25067,"Pamplonita","Norte de Santander",2006,"Congreso",NA,NA,NA,"EL DIAMANTE",319,382,701,3
"6520",54553,25069,"Puerto Santander","Norte de Santander",2006,"Congreso",NA,NA,NA,NA,3535,3618,7153,21
"6521",54599,25070,"Ragonvalia","Norte de Santander",2006,"Congreso",NA,NA,NA,NA,1841,2035,3876,12
"6522",54599,25070,"Ragonvalia","Norte de Santander",2006,"Congreso",NA,NA,NA,"CALICHES",171,216,387,2
"6523",54599,25070,"Ragonvalia","Norte de Santander",2006,"Congreso",NA,NA,NA,"CA/UELAL",233,338,571,2
"6524",54660,25073,"Salazar","Norte de Santander",2006,"Congreso",NA,NA,NA,NA,1930,2086,4016,12
"6525",54660,25073,"Salazar","Norte de Santander",2006,"Congreso",NA,NA,NA,"EL CARMEN DE NAZARETH",499,630,1129,4
"6526",54660,25073,"Salazar","Norte de Santander",2006,"Congreso",NA,NA,NA,"ALTO DE ANGULO",45,48,93,1
"6527",54660,25073,"Salazar","Norte de Santander",2006,"Congreso",NA,NA,NA,"CAMPO NUEVO",40,56,96,1
"6528",54660,25073,"Salazar","Norte de Santander",2006,"Congreso",NA,NA,NA,"LA LAGUNA",287,289,576,2
"6529",54660,25073,"Salazar","Norte de Santander",2006,"Congreso",NA,NA,NA,"EL ZULIA",75,107,182,1
"6530",54660,25073,"Salazar","Norte de Santander",2006,"Congreso",NA,NA,NA,"MONTECRISTO",69,134,203,1
"6531",54660,25073,"Salazar","Norte de Santander",2006,"Congreso",NA,NA,NA,"SAN ANTONIO",91,158,249,1
"6532",54660,25073,"Salazar","Norte de Santander",2006,"Congreso",NA,NA,NA,"SAN JOSE DE AVILA",136,211,347,2
"6533",54670,25076,"San Calixto","Norte de Santander",2006,"Congreso",NA,NA,NA,NA,1036,1230,2266,7
"6534",54670,25076,"San Calixto","Norte de Santander",2006,"Congreso",NA,NA,NA,"ALGARROBOS",103,124,227,1
"6535",54670,25076,"San Calixto","Norte de Santander",2006,"Congreso",NA,NA,NA,"PALMARITO",98,122,220,1
"6536",54670,25076,"San Calixto","Norte de Santander",2006,"Congreso",NA,NA,NA,"CASAS VIEJAS",164,240,404,2
"6537",54670,25076,"San Calixto","Norte de Santander",2006,"Congreso",NA,NA,NA,"BANDERAS",58,108,166,1
"6538",54670,25076,"San Calixto","Norte de Santander",2006,"Congreso",NA,NA,NA,"GUADUALES",105,180,285,1
"6539",54670,25076,"San Calixto","Norte de Santander",2006,"Congreso",NA,NA,NA,"EL ESPEJO",53,92,145,1
"6540",54670,25076,"San Calixto","Norte de Santander",2006,"Congreso",NA,NA,NA,"MESALLANA",118,160,278,1
"6541",54670,25076,"San Calixto","Norte de Santander",2006,"Congreso",NA,NA,NA,"QUEBRADA GRANDE",84,104,188,1
"6542",54670,25076,"San Calixto","Norte de Santander",2006,"Congreso",NA,NA,NA,"PUENTE REAL",63,137,200,1
"6543",54670,25076,"San Calixto","Norte de Santander",2006,"Congreso",NA,NA,NA,"SAN JERONIMO",68,84,152,1
"6544",54670,25076,"San Calixto","Norte de Santander",2006,"Congreso",NA,NA,NA,"EL CARACOL",76,117,193,1
"6545",54670,25076,"San Calixto","Norte de Santander",2006,"Congreso",NA,NA,NA,"LA CRISTALINA",58,120,178,1
"6546",54670,25076,"San Calixto","Norte de Santander",2006,"Congreso",NA,NA,NA,"LA QUINA",97,112,209,1
"6547",54670,25076,"San Calixto","Norte de Santander",2006,"Congreso",NA,NA,NA,"MEDIAGUITA",60,88,148,1
"6548",54670,25076,"San Calixto","Norte de Santander",2006,"Congreso",NA,NA,NA,"SAN JAVIER",34,65,99,1
"6549",54670,25076,"San Calixto","Norte de Santander",2006,"Congreso",NA,NA,NA,"SAN JUAN",68,104,172,1
"6550",54670,25076,"San Calixto","Norte de Santander",2006,"Congreso",NA,NA,NA,"SANTA CATALINA",103,165,268,1
"6551",54673,25079,"San Cayetano","Norte de Santander",2006,"Congreso",NA,NA,NA,NA,1364,1475,2839,9
"6552",54673,25079,"San Cayetano","Norte de Santander",2006,"Congreso",NA,NA,NA,"AYACUCHO",43,82,125,1
"6553",54673,25079,"San Cayetano","Norte de Santander",2006,"Congreso",NA,NA,NA,"CORNEJO",614,638,1252,4
"6554",54673,25079,"San Cayetano","Norte de Santander",2006,"Congreso",NA,NA,NA,"URIMACO",74,77,151,1
"6555",54680,25082,"Santiago","Norte de Santander",2006,"Congreso",NA,NA,NA,NA,967,1100,2067,7
"6556",54680,25082,"Santiago","Norte de Santander",2006,"Congreso",NA,NA,NA,"LA CACAHUALA",98,144,242,1
"6557",54680,25082,"Santiago","Norte de Santander",2006,"Congreso",NA,NA,NA,"LOS NARANJOS",76,105,181,1
"6558",54720,25085,"Sardinata","Norte de Santander",2006,"Congreso",NA,NA,NA,NA,4604,5014,9618,28
"6559",54720,25085,"Sardinata","Norte de Santander",2006,"Congreso",NA,NA,NA,"CASCAJAL",45,56,101,1
"6560",54720,25085,"Sardinata","Norte de Santander",2006,"Congreso",NA,NA,NA,"CAMPO RICO",26,38,64,1
"6561",54720,25085,"Sardinata","Norte de Santander",2006,"Congreso",NA,NA,NA,"BALSAMINA",31,47,78,1
"6562",54720,25085,"Sardinata","Norte de Santander",2006,"Congreso",NA,NA,NA,"EL CARMEN",82,105,187,1
"6563",54720,25085,"Sardinata","Norte de Santander",2006,"Congreso",NA,NA,NA,"LA VICTORIA",243,378,621,2
"6564",54720,25085,"Sardinata","Norte de Santander",2006,"Congreso",NA,NA,NA,"LA CRISTALINA",48,63,111,1
"6565",54720,25085,"Sardinata","Norte de Santander",2006,"Congreso",NA,NA,NA,"PARAMILLO",57,113,170,1
"6566",54720,25085,"Sardinata","Norte de Santander",2006,"Congreso",NA,NA,NA,"LAS MERCEDES",922,1274,2196,7
"6567",54720,25085,"Sardinata","Norte de Santander",2006,"Congreso",NA,NA,NA,"LUIS VERO",179,263,442,2
"6568",54720,25085,"Sardinata","Norte de Santander",2006,"Congreso",NA,NA,NA,"SAN MARTIN DE LOBA",231,415,646,2
"6569",54720,25085,"Sardinata","Norte de Santander",2006,"Congreso",NA,NA,NA,"SAN ROQUE",62,107,169,1
"6570",54720,25085,"Sardinata","Norte de Santander",2006,"Congreso",NA,NA,NA,"EL VESUBIO",20,27,47,1
"6571",54720,25085,"Sardinata","Norte de Santander",2006,"Congreso",NA,NA,NA,"ENCERRADEROS",32,57,89,1
"6572",54720,25085,"Sardinata","Norte de Santander",2006,"Congreso",NA,NA,NA,"FATIMA",18,29,47,1
"6573",54720,25085,"Sardinata","Norte de Santander",2006,"Congreso",NA,NA,NA,"GUAMO SAN MIGUEL",22,24,46,1
"6574",54720,25085,"Sardinata","Norte de Santander",2006,"Congreso",NA,NA,NA,"JORDANCITO",52,92,144,1
"6575",54720,25085,"Sardinata","Norte de Santander",2006,"Congreso",NA,NA,NA,"LA ESMERALDA",13,16,29,1
"6576",54720,25085,"Sardinata","Norte de Santander",2006,"Congreso",NA,NA,NA,"LAS MESAS",25,20,45,1
"6577",54720,25085,"Sardinata","Norte de Santander",2006,"Congreso",NA,NA,NA,"RIO NUEVO",36,44,80,1
"6578",54720,25085,"Sardinata","Norte de Santander",2006,"Congreso",NA,NA,NA,"SAN ISIDRO",81,118,199,1
"6579",54720,25085,"Sardinata","Norte de Santander",2006,"Congreso",NA,NA,NA,"SAN LUIS",51,67,118,1
"6580",54743,25088,"Silos","Norte de Santander",2006,"Congreso",NA,NA,NA,NA,1099,1187,2286,7
"6581",54743,25088,"Silos","Norte de Santander",2006,"Congreso",NA,NA,NA,"BABEGA",359,416,775,3
"6582",54743,25088,"Silos","Norte de Santander",2006,"Congreso",NA,NA,NA,"BELEN",93,115,208,1
"6583",54743,25088,"Silos","Norte de Santander",2006,"Congreso",NA,NA,NA,"LA LAGUNA",102,133,235,1
"6584",54800,25091,"Teorama","Norte de Santander",2006,"Congreso",NA,NA,NA,NA,1207,1322,2529,8
"6585",54800,25091,"Teorama","Norte de Santander",2006,"Congreso",NA,NA,NA,"FRONTERAS DE TEORAMA",13,45,58,1
"6586",54800,25091,"Teorama","Norte de Santander",2006,"Congreso",NA,NA,NA,"SAN PABLO",465,895,1360,4
"6587",54800,25091,"Teorama","Norte de Santander",2006,"Congreso",NA,NA,NA,"EL ASERRIO",117,318,435,2
"6588",54800,25091,"Teorama","Norte de Santander",2006,"Congreso",NA,NA,NA,"JURIDICCIONES",38,77,115,1
"6589",54800,25091,"Teorama","Norte de Santander",2006,"Congreso",NA,NA,NA,"EL JUNCAL",50,47,97,1
"6590",54800,25091,"Teorama","Norte de Santander",2006,"Congreso",NA,NA,NA,"LA CECILIA",126,291,417,2
"6591",54800,25091,"Teorama","Norte de Santander",2006,"Congreso",NA,NA,NA,"RAMIREZ",72,84,156,1
"6592",54800,25091,"Teorama","Norte de Santander",2006,"Congreso",NA,NA,NA,"RIO DE ORO",88,98,186,1
"6593",54800,25091,"Teorama","Norte de Santander",2006,"Congreso",NA,NA,NA,"SAN JUANCITO",62,161,223,1
"6594",54810,25093,"Tibú","Norte de Santander",2006,"Congreso",NA,NA,NA,NA,7095,7600,14695,43
"6595",54810,25093,"Tibú","Norte de Santander",2006,"Congreso",NA,NA,NA,"AEROPUERTO LA PISTA",128,278,406,2
"6596",54810,25093,"Tibú","Norte de Santander",2006,"Congreso",NA,NA,NA,"BARCO (LA SILLA)",40,72,112,1
"6597",54810,25093,"Tibú","Norte de Santander",2006,"Congreso",NA,NA,NA,"CAMPO GILES",109,162,271,1
"6598",54810,25093,"Tibú","Norte de Santander",2006,"Congreso",NA,NA,NA,"LA ANGALIA",28,64,92,1
"6599",54810,25093,"Tibú","Norte de Santander",2006,"Congreso",NA,NA,NA,"LA GABARRA",945,2141,3086,9
"6600",54810,25093,"Tibú","Norte de Santander",2006,"Congreso",NA,NA,NA,"LA LLANA O LA FINARIA",199,362,561,2
"6601",54810,25093,"Tibú","Norte de Santander",2006,"Congreso",NA,NA,NA,"PACELLI",386,628,1014,3
"6602",54810,25093,"Tibú","Norte de Santander",2006,"Congreso",NA,NA,NA,"PETROLEA",186,319,505,2
"6603",54810,25093,"Tibú","Norte de Santander",2006,"Congreso",NA,NA,NA,"REYES (CAMPO DOS)",724,1083,1807,6
"6604",54810,25093,"Tibú","Norte de Santander",2006,"Congreso",NA,NA,NA,"RIO DE ORO",52,129,181,1
"6605",54810,25093,"Tibú","Norte de Santander",2006,"Congreso",NA,NA,NA,"TRES BOCAS",266,326,592,2
"6606",54810,25093,"Tibú","Norte de Santander",2006,"Congreso",NA,NA,NA,"VERSALLES",148,286,434,2
"6607",54810,25093,"Tibú","Norte de Santander",2006,"Congreso",NA,NA,NA,"VETAS DE ORIENTE",34,99,133,1
"6608",54820,25094,"Toledo","Norte de Santander",2006,"Congreso",NA,NA,NA,NA,3548,3642,7190,21
"6609",54820,25094,"Toledo","Norte de Santander",2006,"Congreso",NA,NA,NA,"SAN BERNARDO BATA",570,725,1295,4
"6610",54820,25094,"Toledo","Norte de Santander",2006,"Congreso",NA,NA,NA,"GIBRALTAR (RIO COBARIA)",169,231,400,2
"6611",54820,25094,"Toledo","Norte de Santander",2006,"Congreso",NA,NA,NA,"LA LOMA",133,148,281,1
"6612",54820,25094,"Toledo","Norte de Santander",2006,"Congreso",NA,NA,NA,"SAN ALBERTO",87,130,217,1
"6613",54820,25094,"Toledo","Norte de Santander",2006,"Congreso",NA,NA,NA,"MARGUA",63,107,170,1
"6614",54820,25094,"Toledo","Norte de Santander",2006,"Congreso",NA,NA,NA,"SAMORE",314,422,736,3
"6615",54820,25094,"Toledo","Norte de Santander",2006,"Congreso",NA,NA,NA,"LA UNION",34,42,76,1
"6616",54820,25094,"Toledo","Norte de Santander",2006,"Congreso",NA,NA,NA,"LA MESA",100,133,233,1
"6617",54820,25094,"Toledo","Norte de Santander",2006,"Congreso",NA,NA,NA,"ROMAN",113,121,234,1
"6618",54871,25097,"Villa Caro","Norte de Santander",2006,"Congreso",NA,NA,NA,NA,1434,1482,2916,9
"6619",54871,25097,"Villa Caro","Norte de Santander",2006,"Congreso",NA,NA,NA,"ALTO DEL POZO",160,186,346,2
"6620",54874,25100,"Villa del Rosario","Norte de Santander",2006,"Congreso",NA,NA,NA,"ESC. POLICARPA SALAVARRIETA",4613,4614,9227,27
"6621",54874,25100,"Villa del Rosario","Norte de Santander",2006,"Congreso",NA,NA,NA,"ESC. FCO. DE PAULA SDER.",1485,847,2332,7
"6622",54874,25100,"Villa del Rosario","Norte de Santander",2006,"Congreso",NA,NA,NA,"ESCUELA LOMITAS",2053,1748,3801,12
"6623",54874,25100,"Villa del Rosario","Norte de Santander",2006,"Congreso",NA,NA,NA,"ESC. SAN MARTIN",1550,1572,3122,10
"6624",54874,25100,"Villa del Rosario","Norte de Santander",2006,"Congreso",NA,NA,NA,"ESC. SAN PEDRO",3012,2404,5416,16
"6625",54874,25100,"Villa del Rosario","Norte de Santander",2006,"Congreso",NA,NA,NA,"LA PARADA",2659,2476,5135,15
"6626",54874,25100,"Villa del Rosario","Norte de Santander",2006,"Congreso",NA,NA,NA,"PUESTO CENSO",12196,14164,26360,34
"6627",54874,25100,"Villa del Rosario","Norte de Santander",2006,"Congreso",NA,NA,NA,"JUAN FRIO",238,278,516,2
"6628",54874,25100,"Villa del Rosario","Norte de Santander",2006,"Congreso",NA,NA,NA,"LA UCHEMA",46,108,154,1
"6629",54874,25100,"Villa del Rosario","Norte de Santander",2006,"Congreso",NA,NA,NA,"PALOGORDO",204,276,480,2
"6630",63001,26001,"Armenia","Quindío",2006,"Congreso",NA,NA,NA,"COLEGIO CIUDAD ARMENIA",4792,3746,8538,25
"6631",63001,26001,"Armenia","Quindío",2006,"Congreso",NA,NA,NA,"CTRO. ADMINISTRATIVO MUNICIPA",7794,6451,14245,42
"6632",63001,26001,"Armenia","Quindío",2006,"Congreso",NA,NA,NA,"COL. LICEO JUAN PABLO II",2908,2905,5813,17
"6633",63001,26001,"Armenia","Quindío",2006,"Congreso",NA,NA,NA,"COLISEO DEL SENA",4291,6039,10330,31
"6634",63001,26001,"Armenia","Quindío",2006,"Congreso",NA,NA,NA,"COLISEO DEL CAFE",5372,2338,7710,23
"6635",63001,26001,"Armenia","Quindío",2006,"Congreso",NA,NA,NA,"UNIVERSIDAD DEL QUINDIO",2598,5984,8582,25
"6636",63001,26001,"Armenia","Quindío",2006,"Congreso",NA,NA,NA,"INST. EDUCATIVA INEM",2453,1891,4344,13
"6637",63001,26001,"Armenia","Quindío",2006,"Congreso",NA,NA,NA,"INST.EDUC REPUBLICA DE FRANCI",697,609,1306,4
"6638",63001,26001,"Armenia","Quindío",2006,"Congreso",NA,NA,NA,"UNIV. LA GRAN COLOMBIA",2278,2123,4401,13
"6639",63001,26001,"Armenia","Quindío",2006,"Congreso",NA,NA,NA,"INST. EDUC. SANTA EUFRASIA",4833,3585,8418,25
"6640",63001,26001,"Armenia","Quindío",2006,"Congreso",NA,NA,NA,"HOGAR INFANTIL C.D.V.",743,540,1283,4
"6641",63001,26001,"Armenia","Quindío",2006,"Congreso",NA,NA,NA,"INST.  RUFINO J CUERVO CENTRO",4062,3997,8059,24
"6642",63001,26001,"Armenia","Quindío",2006,"Congreso",NA,NA,NA,"INST. EDUC. CRISTOBAL COLON",3066,2649,5715,17
"6643",63001,26001,"Armenia","Quindío",2006,"Congreso",NA,NA,NA,"INST. EDUC. GRANCOLOMBIA",1586,1157,2743,8
"6644",63001,26001,"Armenia","Quindío",2006,"Congreso",NA,NA,NA,"ESCUELA NORMAL SUPERIOR",1995,1424,3419,10
"6645",63001,26001,"Armenia","Quindío",2006,"Congreso",NA,NA,NA,"INST. EDUC. CAMARA JUNIOR",2694,1912,4606,14
"6646",63001,26001,"Armenia","Quindío",2006,"Congreso",NA,NA,NA,"INST. DOCENTE LA PAVONA",674,481,1155,4
"6647",63001,26001,"Armenia","Quindío",2006,"Congreso",NA,NA,NA,"CTRO.EDUC.CIUDADELA OCCIDENTE",1199,766,1965,6
"6648",63001,26001,"Armenia","Quindío",2006,"Congreso",NA,NA,NA,"INST. EDUC. CAMILO TORRES",1765,1438,3203,10
"6649",63001,26001,"Armenia","Quindío",2006,"Congreso",NA,NA,NA,"TERMINAL DE  TRANSPORTES",4938,5252,10190,30
"6650",63001,26001,"Armenia","Quindío",2006,"Congreso",NA,NA,NA,"INST.EDUC NTRA SE/ORA DE BELE",3242,2380,5622,17
"6651",63001,26001,"Armenia","Quindío",2006,"Congreso",NA,NA,NA,"INST.  EDUC.  LA ADIELA",4108,3045,7153,21
"6652",63001,26001,"Armenia","Quindío",2006,"Congreso",NA,NA,NA,"INST. EDUC. GUSTAVO MATAMOROS",3608,2447,6055,18
"6653",63001,26001,"Armenia","Quindío",2006,"Congreso",NA,NA,NA,"CONFENALCO EL BOSQUE",786,776,1562,5
"6654",63001,26001,"Armenia","Quindío",2006,"Congreso",NA,NA,NA,"INST. EDUC. LAS COLINAS",624,371,995,3
"6655",63001,26001,"Armenia","Quindío",2006,"Congreso",NA,NA,NA,"HOGAR LA PROVIDENCIA",1961,1613,3574,11
"6656",63001,26001,"Armenia","Quindío",2006,"Congreso",NA,NA,NA,"INST. EDUC.  TERESITA MONTES",2337,1959,4296,13
"6657",63001,26001,"Armenia","Quindío",2006,"Congreso",NA,NA,NA,"INST. EDUC. SIMON RODRIGUEZ",612,395,1007,3
"6658",63001,26001,"Armenia","Quindío",2006,"Congreso",NA,NA,NA,"INS EDUC. RUFINO J. CUERVO SU",3444,2882,6326,19
"6659",63001,26001,"Armenia","Quindío",2006,"Congreso",NA,NA,NA,"CENTRO DOCENTE ZULDEMAYDA",2179,1592,3771,11
"6660",63001,26001,"Armenia","Quindío",2006,"Congreso",NA,NA,NA,"INST. DOCENTE LOS QUINDOS",3969,3096,7065,21
"6661",63001,26001,"Armenia","Quindío",2006,"Congreso",NA,NA,NA,"CENTRO DOCENTE PINARES",2329,1552,3881,12
"6662",63001,26001,"Armenia","Quindío",2006,"Congreso",NA,NA,NA,"INST. EDUC. CIUDADELA DEL SUR",1908,1282,3190,10
"6663",63001,26001,"Armenia","Quindío",2006,"Congreso",NA,NA,NA,"INSTITUTO TECNICO INDUSTRIAL",809,488,1297,4
"6664",63001,26001,"Armenia","Quindío",2006,"Congreso",NA,NA,NA,"PUESTO CENSO",12959,11705,24664,32
"6665",63001,26001,"Armenia","Quindío",2006,"Congreso",NA,NA,NA,"CARCEL",29,124,153,1
"6666",63001,26001,"Armenia","Quindío",2006,"Congreso",NA,NA,NA,"EL CAIMO",535,696,1231,4
"6667",63001,26001,"Armenia","Quindío",2006,"Congreso",NA,NA,NA,"MURILLO",277,354,631,2
"6668",63001,26001,"Armenia","Quindío",2006,"Congreso",NA,NA,NA,"PANTANILLO",77,111,188,1
"6669",63111,26005,"Buenavista","Quindío",2006,"Congreso",NA,NA,NA,NA,1064,1371,2435,8
"6670",63111,26005,"Buenavista","Quindío",2006,"Congreso",NA,NA,NA,"RIO VERDE BAJO",151,205,356,2
"6671",63130,26010,"Calarcá","Quindío",2006,"Congreso",NA,NA,NA,"ESC. POLICARPA SALAVARRIETA",2070,1634,3704,11
"6672",63130,26010,"Calarcá","Quindío",2006,"Congreso",NA,NA,NA,"LA CASONA LLANITOS",596,218,814,3
"6673",63130,26010,"Calarcá","Quindío",2006,"Congreso",NA,NA,NA,"COL. ROMAN MARIA VALENCIA",1812,1602,3414,10
"6674",63130,26010,"Calarcá","Quindío",2006,"Congreso",NA,NA,NA,"CALEGIO ANTONIO NARIÑO",1669,6913,8582,25
"6675",63130,26010,"Calarcá","Quindío",2006,"Congreso",NA,NA,NA,"COLEGIO ROBLEDO",8428,2541,10969,32
"6676",63130,26010,"Calarcá","Quindío",2006,"Congreso",NA,NA,NA,"ESCUELA SANTANDER",1560,1442,3002,9
"6677",63130,26010,"Calarcá","Quindío",2006,"Congreso",NA,NA,NA,"CONCENTRACION JHON F. KENNEDY",3437,2715,6152,18
"6678",63130,26010,"Calarcá","Quindío",2006,"Congreso",NA,NA,NA,"PUESTO CENSO",3287,3035,6322,8
"6679",63130,26010,"Calarcá","Quindío",2006,"Congreso",NA,NA,NA,"CARCEL",15,85,100,1
"6680",63130,26010,"Calarcá","Quindío",2006,"Congreso",NA,NA,NA,"BARCELONA",2104,2238,4342,13
"6681",63130,26010,"Calarcá","Quindío",2006,"Congreso",NA,NA,NA,"LA ALBANIA",18,38,56,1
"6682",63130,26010,"Calarcá","Quindío",2006,"Congreso",NA,NA,NA,"LA BELLA",134,133,267,1
"6683",63130,26010,"Calarcá","Quindío",2006,"Congreso",NA,NA,NA,"LA VIRGINIA",540,641,1181,4
"6684",63130,26010,"Calarcá","Quindío",2006,"Congreso",NA,NA,NA,"QUEBRADANEGRA",126,170,296,1
"6685",63190,26020,"Circasia","Quindío",2006,"Congreso",NA,NA,NA,NA,8942,7977,16919,50
"6686",63190,26020,"Circasia","Quindío",2006,"Congreso",NA,NA,NA,"HOJAS ANCHAS",314,332,646,2
"6687",63190,26020,"Circasia","Quindío",2006,"Congreso",NA,NA,NA,"LA CONCHA",20,12,32,1
"6688",63190,26020,"Circasia","Quindío",2006,"Congreso",NA,NA,NA,"LA POLA",18,30,48,1
"6689",63190,26020,"Circasia","Quindío",2006,"Congreso",NA,NA,NA,"LA SIRIA",137,147,284,1
"6690",63190,26020,"Circasia","Quindío",2006,"Congreso",NA,NA,NA,"PIAMONTE",45,57,102,1
"6691",63190,26020,"Circasia","Quindío",2006,"Congreso",NA,NA,NA,"SANTA RITA",74,94,168,1
"6692",63212,26025,"Córdoba","Quindío",2006,"Congreso",NA,NA,NA,NA,2036,2273,4309,13
"6693",63272,26030,"Filandia","Quindío",2006,"Congreso",NA,NA,NA,NA,3960,3847,7807,23
"6694",63272,26030,"Filandia","Quindío",2006,"Congreso",NA,NA,NA,"EL PARAISO",119,148,267,1
"6695",63272,26030,"Filandia","Quindío",2006,"Congreso",NA,NA,NA,"LA INDIA",200,206,406,2
"6696",63272,26030,"Filandia","Quindío",2006,"Congreso",NA,NA,NA,"CRUCES",33,46,79,1
"6697",63272,26030,"Filandia","Quindío",2006,"Congreso",NA,NA,NA,"PAVAS",59,57,116,1
"6698",63302,26040,"Génova","Quindío",2006,"Congreso",NA,NA,NA,NA,3199,3547,6746,20
"6699",63302,26040,"Génova","Quindío",2006,"Congreso",NA,NA,NA,"LA VENADA",43,62,105,1
"6700",63401,26050,"La Tebaida","Quindío",2006,"Congreso",NA,NA,NA,"CTRO EDUC. INSTITUTO TEBAIDA",1225,4189,5414,16
"6701",63401,26050,"La Tebaida","Quindío",2006,"Congreso",NA,NA,NA,"CTRO EDUC. GABRIELA MISTRAL",2017,3844,5861,18
"6702",63401,26050,"La Tebaida","Quindío",2006,"Congreso",NA,NA,NA,"COLISEO CUBIERTO",3824,1072,4896,15
"6703",63401,26050,"La Tebaida","Quindío",2006,"Congreso",NA,NA,NA,"CTRO EDUC. ANTONIO NARIÑO",4327,1342,5669,17
"6704",63401,26050,"La Tebaida","Quindío",2006,"Congreso",NA,NA,NA,"LA HERRADURA",8,11,19,1
"6705",63470,26060,"Montenegro","Quindío",2006,"Congreso",NA,NA,NA,"ESC. RAFAEL URIBE",2175,2362,4537,14
"6706",63470,26060,"Montenegro","Quindío",2006,"Congreso",NA,NA,NA,"CENTRO DOCENTE  LA SOLEDAD",2273,1782,4055,12
"6707",63470,26060,"Montenegro","Quindío",2006,"Congreso",NA,NA,NA,"ESC. FRANCISCO JOSE DE CALDA",755,604,1359,4
"6708",63470,26060,"Montenegro","Quindío",2006,"Congreso",NA,NA,NA,"COL. SANTAMARIA GORETTI",2427,2373,4800,14
"6709",63470,26060,"Montenegro","Quindío",2006,"Congreso",NA,NA,NA,"ESC. LOS FUNDADORES",1377,1047,2424,8
"6710",63470,26060,"Montenegro","Quindío",2006,"Congreso",NA,NA,NA,"ESCUELA GENERAL SANTANDER",865,665,1530,5
"6711",63470,26060,"Montenegro","Quindío",2006,"Congreso",NA,NA,NA,"PUESTO CENSO",3802,4342,8144,11
"6712",63470,26060,"Montenegro","Quindío",2006,"Congreso",NA,NA,NA,"EL CUZCO",14,24,38,1
"6713",63470,26060,"Montenegro","Quindío",2006,"Congreso",NA,NA,NA,"PUEBLO TAPADO",740,941,1681,5
"6714",63548,26070,"Pijao","Quindío",2006,"Congreso",NA,NA,NA,NA,2192,2694,4886,15
"6715",63548,26070,"Pijao","Quindío",2006,"Congreso",NA,NA,NA,"BARRAGAN",233,344,577,2
"6716",63548,26070,"Pijao","Quindío",2006,"Congreso",NA,NA,NA,"LA MARIELA",44,94,138,1
"6717",63548,26070,"Pijao","Quindío",2006,"Congreso",NA,NA,NA,"MAIZENA ALTA",28,63,91,1
"6718",63594,26080,"Quimbaya","Quindío",2006,"Congreso",NA,NA,NA,"COL. POLICARPA SALAVARRIETA",2106,2292,4398,13
"6719",63594,26080,"Quimbaya","Quindío",2006,"Congreso",NA,NA,NA,"INST.DE MERCADEO Ma.INMACULAD",2596,2206,4802,14
"6720",63594,26080,"Quimbaya","Quindío",2006,"Congreso",NA,NA,NA,"ESCUELA SADEQUI",214,178,392,2
"6721",63594,26080,"Quimbaya","Quindío",2006,"Congreso",NA,NA,NA,"CTRO DOC. ANTONIO RICAURTE",800,883,1683,5
"6722",63594,26080,"Quimbaya","Quindío",2006,"Congreso",NA,NA,NA,"CLUB DE LEONES DE QUIMBAYA",1262,1102,2364,7
"6723",63594,26080,"Quimbaya","Quindío",2006,"Congreso",NA,NA,NA,"PUESTO CENSO",5198,5213,10411,14
"6724",63594,26080,"Quimbaya","Quindío",2006,"Congreso",NA,NA,NA,"EL JAZMIN",28,56,84,1
"6725",63594,26080,"Quimbaya","Quindío",2006,"Congreso",NA,NA,NA,"EL LAUREL",217,310,527,2
"6726",63594,26080,"Quimbaya","Quindío",2006,"Congreso",NA,NA,NA,"LA ESPA/OLA",359,385,744,3
"6727",63594,26080,"Quimbaya","Quindío",2006,"Congreso",NA,NA,NA,"LA MESA BAJA",39,44,83,1
"6728",63594,26080,"Quimbaya","Quindío",2006,"Congreso",NA,NA,NA,"PUEBLO RICO",19,23,42,1
"6729",63594,26080,"Quimbaya","Quindío",2006,"Congreso",NA,NA,NA,"PUERTO ALEJANDRIA",28,48,76,1
"6730",63690,26090,"Salento","Quindío",2006,"Congreso",NA,NA,NA,NA,2259,2164,4423,13
"6731",63690,26090,"Salento","Quindío",2006,"Congreso",NA,NA,NA,"BOQUIA",68,69,137,1
"6732",63690,26090,"Salento","Quindío",2006,"Congreso",NA,NA,NA,"CANAAN",37,47,84,1
"6733",63690,26090,"Salento","Quindío",2006,"Congreso",NA,NA,NA,"COCORA (PALESTINA)",27,23,50,1
"6734",63690,26090,"Salento","Quindío",2006,"Congreso",NA,NA,NA,"LA NUBIA",120,196,316,1
"6735",68001,27001,"Bucaramanga","Santander",2006,"Congreso",NA,NA,NA,"ESC. NORMAL SUPERIOR",10643,21349,31992,93
"6736",68001,27001,"Bucaramanga","Santander",2006,"Congreso",NA,NA,NA,"UNIV.COOPERATIVA DE COLOMBIA",9428,6110,15538,46
"6737",68001,27001,"Bucaramanga","Santander",2006,"Congreso",NA,NA,NA,"CONCENTRACION LAS AMERICAS",4680,3401,8081,24
"6738",68001,27001,"Bucaramanga","Santander",2006,"Congreso",NA,NA,NA,"ALCALDIA MUNICIPAL",23365,12118,35483,104
"6739",68001,27001,"Bucaramanga","Santander",2006,"Congreso",NA,NA,NA,"COLEGIO SALESIANO",7188,5289,12477,37
"6740",68001,27001,"Bucaramanga","Santander",2006,"Congreso",NA,NA,NA,"CONCENTRACION ANDRES PAEZ DE",2260,1878,4138,13
"6741",68001,27001,"Bucaramanga","Santander",2006,"Congreso",NA,NA,NA,"COL.COOP.DE BUCARAMANGA",5070,4452,9522,28
"6742",68001,27001,"Bucaramanga","Santander",2006,"Congreso",NA,NA,NA,"CONC. JOSE CELESTINO",6512,4933,11445,34
"6743",68001,27001,"Bucaramanga","Santander",2006,"Congreso",NA,NA,NA,"COL. AURELIO MARTINEZ MUTIS",8909,6998,15907,47
"6744",68001,27001,"Bucaramanga","Santander",2006,"Congreso",NA,NA,NA,"ESCUELA PILOTO",4697,3892,8589,25
"6745",68001,27001,"Bucaramanga","Santander",2006,"Congreso",NA,NA,NA,"CONCENTRACION LA VICTORIA",4317,3274,7591,23
"6746",68001,27001,"Bucaramanga","Santander",2006,"Congreso",NA,NA,NA,"CONC. JOSE MARIA ESTEVEZ",1649,1283,2932,9
"6747",68001,27001,"Bucaramanga","Santander",2006,"Congreso",NA,NA,NA,"CONC.ESC.LUIS CARLOS GALAN",1477,1008,2485,8
"6748",68001,27001,"Bucaramanga","Santander",2006,"Congreso",NA,NA,NA,"CONCENTRACION REYNALDO ORDUZ",2124,1694,3818,12
"6749",68001,27001,"Bucaramanga","Santander",2006,"Congreso",NA,NA,NA,"COLEGIO INEM",10695,8355,19050,56
"6750",68001,27001,"Bucaramanga","Santander",2006,"Congreso",NA,NA,NA,"CONCENTRACION LA LIBERTAD",3940,3006,6946,21
"6751",68001,27001,"Bucaramanga","Santander",2006,"Congreso",NA,NA,NA,"INSTITUTO DIVINO SALVADOR",5785,4444,10229,30
"6752",68001,27001,"Bucaramanga","Santander",2006,"Congreso",NA,NA,NA,"COL. ADVENTISTA LIBERTAD",3541,2528,6069,18
"6753",68001,27001,"Bucaramanga","Santander",2006,"Congreso",NA,NA,NA,"CONCENTRACION PABLO SEXTO",1196,911,2107,7
"6754",68001,27001,"Bucaramanga","Santander",2006,"Congreso",NA,NA,NA,"INS. TECNICO DAMASO ZAPATA",4675,4192,8867,26
"6755",68001,27001,"Bucaramanga","Santander",2006,"Congreso",NA,NA,NA,"COLEGIO VIRREY SOLIS",5837,4826,10663,31
"6756",68001,27001,"Bucaramanga","Santander",2006,"Congreso",NA,NA,NA,"COLEGIO SANTANDER",7120,5802,12922,38
"6757",68001,27001,"Bucaramanga","Santander",2006,"Congreso",NA,NA,NA,"COL.PROM. SOCIAL NORTE",3922,3045,6967,21
"6758",68001,27001,"Bucaramanga","Santander",2006,"Congreso",NA,NA,NA,"CONCENTRACION LA ESPERANZA",2499,1744,4243,13
"6759",68001,27001,"Bucaramanga","Santander",2006,"Congreso",NA,NA,NA,"CONCENTRACION KENNEDY",6737,5168,11905,35
"6760",68001,27001,"Bucaramanga","Santander",2006,"Congreso",NA,NA,NA,"CLUB LOS FERROCARRILES",2124,1822,3946,12
"6761",68001,27001,"Bucaramanga","Santander",2006,"Congreso",NA,NA,NA,"ESCUELA COLORADOS",4187,3688,7875,23
"6762",68001,27001,"Bucaramanga","Santander",2006,"Congreso",NA,NA,NA,"COLEGIO SAN PEDRITO",4789,3571,8360,25
"6763",68001,27001,"Bucaramanga","Santander",2006,"Congreso",NA,NA,NA,"UNAB",4674,3940,8614,26
"6764",68001,27001,"Bucaramanga","Santander",2006,"Congreso",NA,NA,NA,"COLEGIO SAN PEDRO",11186,8320,19506,57
"6765",68001,27001,"Bucaramanga","Santander",2006,"Congreso",NA,NA,NA,"COLEGIO DEL ORIENTE",3722,2898,6620,20
"6766",68001,27001,"Bucaramanga","Santander",2006,"Congreso",NA,NA,NA,"INSTITUTO CALDAS",8756,7315,16071,47
"6767",68001,27001,"Bucaramanga","Santander",2006,"Congreso",NA,NA,NA,"PUESTO CENSO",43284,36341,79625,101
"6768",68001,27001,"Bucaramanga","Santander",2006,"Congreso",NA,NA,NA,"CARCEL DE HOMBRES",13,231,244,1
"6769",68001,27001,"Bucaramanga","Santander",2006,"Congreso",NA,NA,NA,"CARCEL DE MUJERES",45,18,63,1
"6770",68001,27001,"Bucaramanga","Santander",2006,"Congreso",NA,NA,NA,"MONSERRATE",124,184,308,1
"6771",68001,27001,"Bucaramanga","Santander",2006,"Congreso",NA,NA,NA,"SAN JOSE",309,344,653,2
"6772",68001,27001,"Bucaramanga","Santander",2006,"Congreso",NA,NA,NA,"LA CAPILLA",225,293,518,2
"6773",68001,27001,"Bucaramanga","Santander",2006,"Congreso",NA,NA,NA,"EL PABLON",628,597,1225,4
"6774",68001,27001,"Bucaramanga","Santander",2006,"Congreso",NA,NA,NA,"VIJAGUAL",357,407,764,3
"6775",68013,27004,"Aguada","Santander",2006,"Congreso",NA,NA,NA,NA,610,674,1284,4
"6776",68020,27007,"Albania","Santander",2006,"Congreso",NA,NA,NA,NA,608,663,1271,4
"6777",68020,27007,"Albania","Santander",2006,"Congreso",NA,NA,NA,"EL HATILLO",243,249,492,2
"6778",68020,27007,"Albania","Santander",2006,"Congreso",NA,NA,NA,"GUACOS",227,206,433,2
"6779",68020,27007,"Albania","Santander",2006,"Congreso",NA,NA,NA,"CARRETERO",181,207,388,2
"6780",68020,27007,"Albania","Santander",2006,"Congreso",NA,NA,NA,"LA MESA",170,176,346,2
"6781",68020,27007,"Albania","Santander",2006,"Congreso",NA,NA,NA,"SABANETA",92,79,171,1
"6782",68020,27007,"Albania","Santander",2006,"Congreso",NA,NA,NA,"UTAPA",114,124,238,1
"6783",68051,27010,"Aratoca","Santander",2006,"Congreso",NA,NA,NA,NA,2557,2780,5337,16
"6784",68077,27013,"Barbosa","Santander",2006,"Congreso",NA,NA,NA,NA,9444,8487,17931,53
"6785",68077,27013,"Barbosa","Santander",2006,"Congreso",NA,NA,NA,"CITE",211,184,395,2
"6786",68079,27016,"Barichara","Santander",2006,"Congreso",NA,NA,NA,NA,2701,2544,5245,16
"6787",68081,27019,"Barrancabermeja","Santander",2006,"Congreso",NA,NA,NA,"COLISEO LA JUVENTUD ""L. F. C.",5191,6560,11751,35
"6788",68081,27019,"Barrancabermeja","Santander",2006,"Congreso",NA,NA,NA,"COL. JOSE ANTONIO GALAN",3432,2405,5837,17
"6789",68081,27019,"Barrancabermeja","Santander",2006,"Congreso",NA,NA,NA,"COL. TEC. DE COMERCIO SEDE B",4672,3982,8654,26
"6790",68081,27019,"Barrancabermeja","Santander",2006,"Congreso",NA,NA,NA,"COLEGIO FERTICOL",1465,1109,2574,8
"6791",68081,27019,"Barrancabermeja","Santander",2006,"Congreso",NA,NA,NA,"COLEGIO INFANTES",3206,2720,5926,18
"6792",68081,27019,"Barrancabermeja","Santander",2006,"Congreso",NA,NA,NA,"COL. TEC. DE COMERCIO SEDE C",149,131,280,1
"6793",68081,27019,"Barrancabermeja","Santander",2006,"Congreso",NA,NA,NA,"COL. VEINTISEIS DE MARZO",4291,3462,7753,23
"6794",68081,27019,"Barrancabermeja","Santander",2006,"Congreso",NA,NA,NA,"CONCENTRACION NVA GRANADA",2830,1873,4703,14
"6795",68081,27019,"Barrancabermeja","Santander",2006,"Congreso",NA,NA,NA,"COL. CAMILO TORRES SEDE E",1914,1429,3343,10
"6796",68081,27019,"Barrancabermeja","Santander",2006,"Congreso",NA,NA,NA,"COL. TEC. INDUSTRIAL  SEDE B",2539,1827,4366,13
"6797",68081,27019,"Barrancabermeja","Santander",2006,"Congreso",NA,NA,NA,"CAMILO TORRES SEDE D",1465,1230,2695,8
"6798",68081,27019,"Barrancabermeja","Santander",2006,"Congreso",NA,NA,NA,"INST. 26 DE MARZO SEDE B",1340,1045,2385,7
"6799",68081,27019,"Barrancabermeja","Santander",2006,"Congreso",NA,NA,NA,"COLEGIO CAMILO TORRES",56,57,113,1
"6800",68081,27019,"Barrancabermeja","Santander",2006,"Congreso",NA,NA,NA,"COL.DIEGO HERNANDEZ SEDE F",328,281,609,2
"6801",68081,27019,"Barrancabermeja","Santander",2006,"Congreso",NA,NA,NA,"COL.JHON.F.KENNEDY SEDE F",5086,4089,9175,27
"6802",68081,27019,"Barrancabermeja","Santander",2006,"Congreso",NA,NA,NA,"COL. JOSE PRUDENCIO PADILLA",3168,2667,5835,17
"6803",68081,27019,"Barrancabermeja","Santander",2006,"Congreso",NA,NA,NA,"COL.JHON.F.KENNEDY SEDE D",1234,1434,2668,8
"6804",68081,27019,"Barrancabermeja","Santander",2006,"Congreso",NA,NA,NA,"COL. INTECOBA SEDE D",935,783,1718,5
"6805",68081,27019,"Barrancabermeja","Santander",2006,"Congreso",NA,NA,NA,"COLEGIO EL CASTILLO",2783,2093,4876,15
"6806",68081,27019,"Barrancabermeja","Santander",2006,"Congreso",NA,NA,NA,"COL. CIUDADELA EDUCATIVA SED.",611,403,1014,3
"6807",68081,27019,"Barrancabermeja","Santander",2006,"Congreso",NA,NA,NA,"COL.JHON.F.KENNEDY SEDE C",1030,933,1963,6
"6808",68081,27019,"Barrancabermeja","Santander",2006,"Congreso",NA,NA,NA,"COL.TECN.INDUSTRIAL SEDE E",1964,1326,3290,10
"6809",68081,27019,"Barrancabermeja","Santander",2006,"Congreso",NA,NA,NA,"COLEGIO EL CASTILLO SEDE E",951,712,1663,5
"6810",68081,27019,"Barrancabermeja","Santander",2006,"Congreso",NA,NA,NA,"COL. INTECOBA",137,140,277,1
"6811",68081,27019,"Barrancabermeja","Santander",2006,"Congreso",NA,NA,NA,"COL.JHON.F.KENNEDY SEDE",102,108,210,1
"6812",68081,27019,"Barrancabermeja","Santander",2006,"Congreso",NA,NA,NA,"COL. INTECOBA SEDE B",116,187,303,1
"6813",68081,27019,"Barrancabermeja","Santander",2006,"Congreso",NA,NA,NA,"PUESTO CENSO",9278,7241,16519,21
"6814",68081,27019,"Barrancabermeja","Santander",2006,"Congreso",NA,NA,NA,"CARCEL",3,101,104,1
"6815",68081,27019,"Barrancabermeja","Santander",2006,"Congreso",NA,NA,NA,"EL CENTRO",2143,2112,4255,13
"6816",68081,27019,"Barrancabermeja","Santander",2006,"Congreso",NA,NA,NA,"CIENAGA DEL OPON",90,170,260,1
"6817",68081,27019,"Barrancabermeja","Santander",2006,"Congreso",NA,NA,NA,"LA FORTUNA AUTOPISTA",345,478,823,3
"6818",68081,27019,"Barrancabermeja","Santander",2006,"Congreso",NA,NA,NA,"MESETA DE SAN RAFAEL",142,253,395,2
"6819",68081,27019,"Barrancabermeja","Santander",2006,"Congreso",NA,NA,NA,"EL LLANITO",596,665,1261,4
"6820",68081,27019,"Barrancabermeja","Santander",2006,"Congreso",NA,NA,NA,"SAN RAFAEL DE CHUCURI",292,312,604,2
"6821",68092,27022,"Betulia","Santander",2006,"Congreso",NA,NA,NA,NA,743,735,1478,5
"6822",68092,27022,"Betulia","Santander",2006,"Congreso",NA,NA,NA,"LA AGUAMIELUDA",81,159,240,1
"6823",68092,27022,"Betulia","Santander",2006,"Congreso",NA,NA,NA,"TIENDA NUEVA",331,435,766,3
"6824",68092,27022,"Betulia","Santander",2006,"Congreso",NA,NA,NA,"EL RAMO",167,337,504,2
"6825",68092,27022,"Betulia","Santander",2006,"Congreso",NA,NA,NA,"SOL DE ORIENTE",76,141,217,1
"6826",68101,27025,"Bolívar","Santander",2006,"Congreso",NA,NA,NA,NA,2225,2206,4431,13
"6827",68101,27025,"Bolívar","Santander",2006,"Congreso",NA,NA,NA,"BERBEO",220,218,438,2
"6828",68101,27025,"Bolívar","Santander",2006,"Congreso",NA,NA,NA,"CRUCE DE NUTRIA",57,70,127,1
"6829",68101,27025,"Bolívar","Santander",2006,"Congreso",NA,NA,NA,"EL TRAPAL",69,78,147,1
"6830",68101,27025,"Bolívar","Santander",2006,"Congreso",NA,NA,NA,"FLOREZ",81,83,164,1
"6831",68101,27025,"Bolívar","Santander",2006,"Congreso",NA,NA,NA,"HORTA MEDIO",26,50,76,1
"6832",68101,27025,"Bolívar","Santander",2006,"Congreso",NA,NA,NA,"LA HERMOSURA",203,222,425,2
"6833",68101,27025,"Bolívar","Santander",2006,"Congreso",NA,NA,NA,"LA MELONA",131,162,293,1
"6834",68101,27025,"Bolívar","Santander",2006,"Congreso",NA,NA,NA,"SANTA ROSA",249,316,565,2
"6835",68101,27025,"Bolívar","Santander",2006,"Congreso",NA,NA,NA,"GALLEGOS",168,186,354,2
"6836",68101,27025,"Bolívar","Santander",2006,"Congreso",NA,NA,NA,"GUACAMAYO",86,87,173,1
"6837",68101,27025,"Bolívar","Santander",2006,"Congreso",NA,NA,NA,"LAJA SECA",53,49,102,1
"6838",68101,27025,"Bolívar","Santander",2006,"Congreso",NA,NA,NA,"POZO TORTUGA",0,0,0,0
"6839",68101,27025,"Bolívar","Santander",2006,"Congreso",NA,NA,NA,"PLAN DE ROJAS",100,75,175,1
"6840",68101,27025,"Bolívar","Santander",2006,"Congreso",NA,NA,NA,"SAN ROQUE",75,99,174,1
"6841",68101,27025,"Bolívar","Santander",2006,"Congreso",NA,NA,NA,"SAN ISIDRO",6,10,16,1
"6842",68121,27028,"Cabrera","Santander",2006,"Congreso",NA,NA,NA,NA,772,844,1616,5
"6843",68132,27031,"California","Santander",2006,"Congreso",NA,NA,NA,NA,499,529,1028,3
"6844",68147,27034,"Capitanejo","Santander",2006,"Congreso",NA,NA,NA,NA,2247,2279,4526,14
"6845",68152,27037,"Carcasí","Santander",2006,"Congreso",NA,NA,NA,NA,684,679,1363,4
"6846",68152,27037,"Carcasí","Santander",2006,"Congreso",NA,NA,NA,"EL TOBAL",202,229,431,2
"6847",68152,27037,"Carcasí","Santander",2006,"Congreso",NA,NA,NA,"AGUATENDIDA",159,191,350,2
"6848",68152,27037,"Carcasí","Santander",2006,"Congreso",NA,NA,NA,"VICTARIGUA",78,96,174,1
"6849",68152,27037,"Carcasí","Santander",2006,"Congreso",NA,NA,NA,"EL ASTILLAL",112,130,242,1
"6850",68152,27037,"Carcasí","Santander",2006,"Congreso",NA,NA,NA,"EL ROSAL",145,175,320,1
"6851",68152,27037,"Carcasí","Santander",2006,"Congreso",NA,NA,NA,"LA LEONA",62,82,144,1
"6852",68152,27037,"Carcasí","Santander",2006,"Congreso",NA,NA,NA,"LA RAMADA",82,103,185,1
"6853",68152,27037,"Carcasí","Santander",2006,"Congreso",NA,NA,NA,"LOS SINCHOS",22,25,47,1
"6854",68152,27037,"Carcasí","Santander",2006,"Congreso",NA,NA,NA,"SAN LUIS",99,104,203,1
"6855",68160,27040,"Cepitá","Santander",2006,"Congreso",NA,NA,NA,NA,506,617,1123,4
"6856",68160,27040,"Cepitá","Santander",2006,"Congreso",NA,NA,NA,"EL LAUREL",27,31,58,1
"6857",68160,27040,"Cepitá","Santander",2006,"Congreso",NA,NA,NA,"AGUADA",96,108,204,1
"6858",68160,27040,"Cepitá","Santander",2006,"Congreso",NA,NA,NA,"SAN MIGUEL",19,5,24,1
"6859",68160,27040,"Cepitá","Santander",2006,"Congreso",NA,NA,NA,"SAN FRANCISCO",70,71,141,1
"6860",68162,27043,"Cerrito","Santander",2006,"Congreso",NA,NA,NA,NA,1909,1976,3885,12
"6861",68190,27045,"Cimitarra","Santander",2006,"Congreso",NA,NA,NA,NA,6534,6836,13370,39
"6862",68190,27045,"Cimitarra","Santander",2006,"Congreso",NA,NA,NA,"PUERTO ARAUJO",666,853,1519,5
"6863",68190,27045,"Cimitarra","Santander",2006,"Congreso",NA,NA,NA,"PUERTO OLAYA",782,983,1765,6
"6864",68190,27045,"Cimitarra","Santander",2006,"Congreso",NA,NA,NA,"CAMPO SECO",250,487,737,3
"6865",68190,27045,"Cimitarra","Santander",2006,"Congreso",NA,NA,NA,"DOS HERMANOS",113,321,434,2
"6866",68190,27045,"Cimitarra","Santander",2006,"Congreso",NA,NA,NA,"LA VERDE",177,290,467,2
"6867",68190,27045,"Cimitarra","Santander",2006,"Congreso",NA,NA,NA,"GUINEAL",177,582,759,3
"6868",68190,27045,"Cimitarra","Santander",2006,"Congreso",NA,NA,NA,"SANTA ROSA DEL CARARE",258,440,698,3
"6869",68190,27045,"Cimitarra","Santander",2006,"Congreso",NA,NA,NA,"CAÑO DORADA",18,42,60,1
"6870",68190,27045,"Cimitarra","Santander",2006,"Congreso",NA,NA,NA,"ZAMBITO",107,148,255,1
"6871",68190,27045,"Cimitarra","Santander",2006,"Congreso",NA,NA,NA,"PALMAS DE GUAYABITO",139,169,308,1
"6872",68190,27045,"Cimitarra","Santander",2006,"Congreso",NA,NA,NA,"SN JUAN BOSCO DE LA CORCOVADA",31,75,106,1
"6873",68190,27045,"Cimitarra","Santander",2006,"Congreso",NA,NA,NA,"SAN PEDRO DE LAS VEGAS",24,46,70,1
"6874",68190,27045,"Cimitarra","Santander",2006,"Congreso",NA,NA,NA,"SAN TROPEL",32,76,108,1
"6875",68190,27045,"Cimitarra","Santander",2006,"Congreso",NA,NA,NA,"SAN JUAN DE LA CARRILERA",120,282,402,2
"6876",68190,27045,"Cimitarra","Santander",2006,"Congreso",NA,NA,NA,"SAN FERNANDO",233,486,719,3
"6877",68190,27045,"Cimitarra","Santander",2006,"Congreso",NA,NA,NA,"SAN PEDRO DE LA PAZ",181,273,454,2
"6878",68190,27045,"Cimitarra","Santander",2006,"Congreso",NA,NA,NA,"CAMPO PADILLA",130,224,354,2
"6879",68190,27045,"Cimitarra","Santander",2006,"Congreso",NA,NA,NA,"SAN JUAN DE LA CARRETERA",135,203,338,1
"6880",68190,27045,"Cimitarra","Santander",2006,"Congreso",NA,NA,NA,"VUELTA ACU/A",78,239,317,1
"6881",68207,27046,"Concepción","Santander",2006,"Congreso",NA,NA,NA,NA,2227,3039,5266,16
"6882",68207,27046,"Concepción","Santander",2006,"Congreso",NA,NA,NA,"AGUA BLANCA",10,13,23,1
"6883",68207,27046,"Concepción","Santander",2006,"Congreso",NA,NA,NA,"MOJICONES",5,4,9,1
"6884",68207,27046,"Concepción","Santander",2006,"Congreso",NA,NA,NA,"SOLON WILCHES",48,58,106,1
"6885",68207,27046,"Concepción","Santander",2006,"Congreso",NA,NA,NA,"TAMARA",4,14,18,1
"6886",68209,27049,"Confines","Santander",2006,"Congreso",NA,NA,NA,NA,659,826,1485,5
"6887",68209,27049,"Confines","Santander",2006,"Congreso",NA,NA,NA,"SAN JOAQUIN",163,197,360,2
"6888",68211,27052,"Contratación","Santander",2006,"Congreso",NA,NA,NA,NA,1366,1285,2651,8
"6889",68211,27052,"Contratación","Santander",2006,"Congreso",NA,NA,NA,"COLONIA DE SAN PABLO",77,103,180,1
"6890",68217,27055,"Coromoro","Santander",2006,"Congreso",NA,NA,NA,NA,1018,1169,2187,7
"6891",68217,27055,"Coromoro","Santander",2006,"Congreso",NA,NA,NA,"CINCELADA",677,770,1447,5
"6892",68217,27055,"Coromoro","Santander",2006,"Congreso",NA,NA,NA,"PUEBLO VIEJO",94,102,196,1
"6893",68229,27058,"Curití","Santander",2006,"Congreso",NA,NA,NA,NA,1944,1778,3722,11
"6894",68229,27058,"Curití","Santander",2006,"Congreso",NA,NA,NA,"EL BASTO",66,56,122,1
"6895",68229,27058,"Curití","Santander",2006,"Congreso",NA,NA,NA,"LAS VUELTAS",627,660,1287,4
"6896",68229,27058,"Curití","Santander",2006,"Congreso",NA,NA,NA,"CANTABARA",167,188,355,2
"6897",68229,27058,"Curití","Santander",2006,"Congreso",NA,NA,NA,"CUCHICUTE",122,124,246,1
"6898",68229,27058,"Curití","Santander",2006,"Congreso",NA,NA,NA,"EL UVO",263,344,607,2
"6899",68229,27058,"Curití","Santander",2006,"Congreso",NA,NA,NA,"PALO BLANCO BAJO",134,155,289,1
"6900",68229,27058,"Curití","Santander",2006,"Congreso",NA,NA,NA,"PIEDRA GORDA",83,91,174,1
"6901",68167,27061,"Charalá","Santander",2006,"Congreso",NA,NA,NA,NA,4395,4467,8862,26
"6902",68169,27064,"Charta","Santander",2006,"Congreso",NA,NA,NA,NA,940,984,1924,6
"6903",68169,27064,"Charta","Santander",2006,"Congreso",NA,NA,NA,"LA AGUADA",79,100,179,1
"6904",68169,27064,"Charta","Santander",2006,"Congreso",NA,NA,NA,"PERICO",90,121,211,1
"6905",68169,27064,"Charta","Santander",2006,"Congreso",NA,NA,NA,"LA RINCONADA",37,40,77,1
"6906",68169,27064,"Charta","Santander",2006,"Congreso",NA,NA,NA,"PIRITA",117,135,252,1
"6907",68169,27064,"Charta","Santander",2006,"Congreso",NA,NA,NA,"LAGUNILLAS PICO Y PALMA",96,103,199,1
"6908",68176,27067,"Chima","Santander",2006,"Congreso",NA,NA,NA,NA,894,1047,1941,6
"6909",68176,27067,"Chima","Santander",2006,"Congreso",NA,NA,NA,"LA PIEDRA",61,114,175,1
"6910",68179,27070,"Chipatá","Santander",2006,"Congreso",NA,NA,NA,NA,1613,1986,3599,11
"6911",68235,27071,"El Carmen de Chucurí","Santander",2006,"Congreso",NA,NA,NA,NA,1660,1830,3490,11
"6912",68235,27071,"El Carmen de Chucurí","Santander",2006,"Congreso",NA,NA,NA,"ANGOSTURA DE LOS ANDES",130,201,331,1
"6913",68235,27071,"El Carmen de Chucurí","Santander",2006,"Congreso",NA,NA,NA,"ALTO CASCAJALES",101,112,213,1
"6914",68235,27071,"El Carmen de Chucurí","Santander",2006,"Congreso",NA,NA,NA,"DOS BOCAS",197,288,485,2
"6915",68235,27071,"El Carmen de Chucurí","Santander",2006,"Congreso",NA,NA,NA,"DIVISO DE CIRALES",59,85,144,1
"6916",68235,27071,"El Carmen de Chucurí","Santander",2006,"Congreso",NA,NA,NA,"EL CENTENARIO",296,448,744,3
"6917",68235,27071,"El Carmen de Chucurí","Santander",2006,"Congreso",NA,NA,NA,"EL PROGRESO",63,93,156,1
"6918",68235,27071,"El Carmen de Chucurí","Santander",2006,"Congreso",NA,NA,NA,"EL TOBOSO",136,163,299,1
"6919",68235,27071,"El Carmen de Chucurí","Santander",2006,"Congreso",NA,NA,NA,"ISLANDA",126,171,297,1
"6920",68235,27071,"El Carmen de Chucurí","Santander",2006,"Congreso",NA,NA,NA,"LA YE",121,252,373,2
"6921",68235,27071,"El Carmen de Chucurí","Santander",2006,"Congreso",NA,NA,NA,"LA SALINA",110,159,269,1
"6922",68235,27071,"El Carmen de Chucurí","Santander",2006,"Congreso",NA,NA,NA,"PORVENIR DE LOS ANDES",127,177,304,1
"6923",68235,27071,"El Carmen de Chucurí","Santander",2006,"Congreso",NA,NA,NA,"SANTO DOMINGO DEL RAMO",253,371,624,2
"6924",68235,27071,"El Carmen de Chucurí","Santander",2006,"Congreso",NA,NA,NA,"TAMBO REDONDO",78,109,187,1
"6925",68235,27071,"El Carmen de Chucurí","Santander",2006,"Congreso",NA,NA,NA,"TRES AMIGOS",176,272,448,2
"6926",68235,27071,"El Carmen de Chucurí","Santander",2006,"Congreso",NA,NA,NA,"VISTA HERMOSA",69,108,177,1
"6927",68245,27073,"El Guacamayo","Santander",2006,"Congreso",NA,NA,NA,NA,502,600,1102,4
"6928",68245,27073,"El Guacamayo","Santander",2006,"Congreso",NA,NA,NA,"SANTA RITA DEL OPON",239,275,514,2
"6929",68255,27074,"El Playón","Santander",2006,"Congreso",NA,NA,NA,NA,3240,3362,6602,20
"6930",68255,27074,"El Playón","Santander",2006,"Congreso",NA,NA,NA,"BARRIO NUEVO",348,355,703,3
"6931",68255,27074,"El Playón","Santander",2006,"Congreso",NA,NA,NA,"BETANIA",174,196,370,2
"6932",68255,27074,"El Playón","Santander",2006,"Congreso",NA,NA,NA,"EL FILO",113,180,293,1
"6933",68255,27074,"El Playón","Santander",2006,"Congreso",NA,NA,NA,"LAS ALTERAS",47,64,111,1
"6934",68255,27074,"El Playón","Santander",2006,"Congreso",NA,NA,NA,"EL PINO",78,107,185,1
"6935",68255,27074,"El Playón","Santander",2006,"Congreso",NA,NA,NA,"LIMITES",109,168,277,1
"6936",68255,27074,"El Playón","Santander",2006,"Congreso",NA,NA,NA,"SAN IGNACIO DE LA AGUADA",89,126,215,1
"6937",68255,27074,"El Playón","Santander",2006,"Congreso",NA,NA,NA,"LA LAGUNA",103,120,223,1
"6938",68255,27074,"El Playón","Santander",2006,"Congreso",NA,NA,NA,"LAGUNA DEL NUEVO ORIENTE",40,45,85,1
"6939",68255,27074,"El Playón","Santander",2006,"Congreso",NA,NA,NA,"PLANADAS DE LA ARRUMBAZON",114,176,290,1
"6940",68255,27074,"El Playón","Santander",2006,"Congreso",NA,NA,NA,"SAN BERNARDO",39,57,96,1
"6941",68255,27074,"El Playón","Santander",2006,"Congreso",NA,NA,NA,"SAN PEDRO DE LA TIGRA",171,209,380,2
"6942",68255,27074,"El Playón","Santander",2006,"Congreso",NA,NA,NA,"SANTA BARBARA",65,82,147,1
"6943",68250,27075,"El Peñón","Santander",2006,"Congreso",NA,NA,NA,NA,1188,1326,2514,8
"6944",68250,27075,"El Peñón","Santander",2006,"Congreso",NA,NA,NA,"BAJO CEIBA",40,43,83,1
"6945",68250,27075,"El Peñón","Santander",2006,"Congreso",NA,NA,NA,"EL VENADO",47,52,99,1
"6946",68250,27075,"El Peñón","Santander",2006,"Congreso",NA,NA,NA,"BUENA ESPERANZA",28,39,67,1
"6947",68250,27075,"El Peñón","Santander",2006,"Congreso",NA,NA,NA,"FUNCIAL",52,39,91,1
"6948",68250,27075,"El Peñón","Santander",2006,"Congreso",NA,NA,NA,"PLAN DE ECCEHOMO",25,30,55,1
"6949",68264,27076,"Encino","Santander",2006,"Congreso",NA,NA,NA,NA,677,789,1466,5
"6950",68264,27076,"Encino","Santander",2006,"Congreso",NA,NA,NA,"CANADA",136,162,298,1
"6951",68266,27079,"Enciso","Santander",2006,"Congreso",NA,NA,NA,NA,1154,1265,2419,8
"6952",68266,27079,"Enciso","Santander",2006,"Congreso",NA,NA,NA,"AGUA SUCIA",23,24,47,1
"6953",68266,27079,"Enciso","Santander",2006,"Congreso",NA,NA,NA,"CORTADERAS",40,45,85,1
"6954",68266,27079,"Enciso","Santander",2006,"Congreso",NA,NA,NA,"MAYORIA",46,48,94,1
"6955",68266,27079,"Enciso","Santander",2006,"Congreso",NA,NA,NA,"PE/A COLORADA",98,128,226,1
"6956",68266,27079,"Enciso","Santander",2006,"Congreso",NA,NA,NA,"ROSA BLANCA",9,12,21,1
"6957",68266,27079,"Enciso","Santander",2006,"Congreso",NA,NA,NA,"ROBLES",101,105,206,1
"6958",68266,27079,"Enciso","Santander",2006,"Congreso",NA,NA,NA,"SANTA HELENA",61,90,151,1
"6959",68271,27080,"Florián","Santander",2006,"Congreso",NA,NA,NA,NA,1590,1786,3376,10
"6960",68271,27080,"Florián","Santander",2006,"Congreso",NA,NA,NA,"LA ESPERANZA - BUENA VISTA BA",66,58,124,1
"6961",68271,27080,"Florián","Santander",2006,"Congreso",NA,NA,NA,"LA VENTA",237,235,472,2
"6962",68271,27080,"Florián","Santander",2006,"Congreso",NA,NA,NA,"SANTA HELENA",70,105,175,1
"6963",68271,27080,"Florián","Santander",2006,"Congreso",NA,NA,NA,"RIO MINERO OTRO MUNDO",32,51,83,1
"6964",68271,27080,"Florián","Santander",2006,"Congreso",NA,NA,NA,"SAN ANTONIO DE LEONES",124,182,306,1
"6965",68276,27082,"Floridablanca","Santander",2006,"Congreso",NA,NA,NA,"INST. GABRIELA MISTRAL",2514,3061,5575,17
"6966",68276,27082,"Floridablanca","Santander",2006,"Congreso",NA,NA,NA,"POLIDEP. JOSE ELIAS PUYANA",2120,887,3007,9
"6967",68276,27082,"Floridablanca","Santander",2006,"Congreso",NA,NA,NA,"INST. MANUELA BELTRAN",2800,2406,5206,16
"6968",68276,27082,"Floridablanca","Santander",2006,"Congreso",NA,NA,NA,"INST. GABRIEL GARCIA MARQUEZ",4101,2013,6114,18
"6969",68276,27082,"Floridablanca","Santander",2006,"Congreso",NA,NA,NA,"COLEGIO JOSE ELIAS PUYANA",6735,5752,12487,37
"6970",68276,27082,"Floridablanca","Santander",2006,"Congreso",NA,NA,NA,"INSTITUTO CARACOLI",734,1772,2506,8
"6971",68276,27082,"Floridablanca","Santander",2006,"Congreso",NA,NA,NA,"INST. RAFAEL POMBO",2838,2245,5083,15
"6972",68276,27082,"Floridablanca","Santander",2006,"Congreso",NA,NA,NA,"COLEGIO CAJASAN",3420,2587,6007,18
"6973",68276,27082,"Floridablanca","Santander",2006,"Congreso",NA,NA,NA,"COLEGIO NUEVO CAMBRIDGE",8023,6242,14265,42
"6974",68276,27082,"Floridablanca","Santander",2006,"Congreso",NA,NA,NA,"INST. JUAN PABLO I",522,391,913,3
"6975",68276,27082,"Floridablanca","Santander",2006,"Congreso",NA,NA,NA,"COL.TEC.VICENTE AZUERO SEDE C",198,139,337,1
"6976",68276,27082,"Floridablanca","Santander",2006,"Congreso",NA,NA,NA,"INSTITUTO EL PROGRESO",340,278,618,2
"6977",68276,27082,"Floridablanca","Santander",2006,"Congreso",NA,NA,NA,"INSTITUTO DOMINGO SABIO",1298,1888,3186,10
"6978",68276,27082,"Floridablanca","Santander",2006,"Congreso",NA,NA,NA,"COL. METROPOLITANO DEL SUR",3282,2646,5928,18
"6979",68276,27082,"Floridablanca","Santander",2006,"Congreso",NA,NA,NA,"INSTITUTO LA CASTELLANA",2244,1833,4077,12
"6980",68276,27082,"Floridablanca","Santander",2006,"Congreso",NA,NA,NA,"INST.ANTONIO JOSE SUCRE",3342,2889,6231,19
"6981",68276,27082,"Floridablanca","Santander",2006,"Congreso",NA,NA,NA,"INST.MADRE DEL BUEN CONSEJO",3432,2123,5555,17
"6982",68276,27082,"Floridablanca","Santander",2006,"Congreso",NA,NA,NA,"INSTITUTO FE Y ALEGRIA",2366,1999,4365,13
"6983",68276,27082,"Floridablanca","Santander",2006,"Congreso",NA,NA,NA,"INSTITUTO SAN BERNARDO",1658,1197,2855,9
"6984",68276,27082,"Floridablanca","Santander",2006,"Congreso",NA,NA,NA,"INST. JOSE ANTONIO GALAN",3612,2820,6432,19
"6985",68276,27082,"Floridablanca","Santander",2006,"Congreso",NA,NA,NA,"COL.MICROEMPRESARIAL EL CARME",1937,1132,3069,9
"6986",68276,27082,"Floridablanca","Santander",2006,"Congreso",NA,NA,NA,"COL. GONZALO JIMENEZ NAVAS",4662,2710,7372,22
"6987",68276,27082,"Floridablanca","Santander",2006,"Congreso",NA,NA,NA,"INSTITUTO SANTA ANA",1057,748,1805,6
"6988",68276,27082,"Floridablanca","Santander",2006,"Congreso",NA,NA,NA,"INSTITUTO LA TRINIDAD",336,260,596,2
"6989",68276,27082,"Floridablanca","Santander",2006,"Congreso",NA,NA,NA,"INSTITUTO EL CARMEN",921,1124,2045,6
"6990",68276,27082,"Floridablanca","Santander",2006,"Congreso",NA,NA,NA,"INSTITUTO LA CUMBRE",2442,2858,5300,16
"6991",68276,27082,"Floridablanca","Santander",2006,"Congreso",NA,NA,NA,"PUESTO CENSO",2644,2045,4689,6
"6992",68276,27082,"Floridablanca","Santander",2006,"Congreso",NA,NA,NA,"AGUA BLANCA MORTI/O",379,422,801,3
"6993",68276,27082,"Floridablanca","Santander",2006,"Congreso",NA,NA,NA,"HELECHALES",104,143,247,1
"6994",68276,27082,"Floridablanca","Santander",2006,"Congreso",NA,NA,NA,"ROSA BLANCA",128,163,291,1
"6995",68276,27082,"Floridablanca","Santander",2006,"Congreso",NA,NA,NA,"VERICUTE",144,198,342,1
"6996",68296,27085,"Galán","Santander",2006,"Congreso",NA,NA,NA,NA,759,786,1545,5
"6997",68296,27085,"Galán","Santander",2006,"Congreso",NA,NA,NA,"BOQUERON",61,90,151,1
"6998",68296,27085,"Galán","Santander",2006,"Congreso",NA,NA,NA,"LA AGUADA",58,69,127,1
"6999",68296,27085,"Galán","Santander",2006,"Congreso",NA,NA,NA,"LAS VUELTAS",115,128,243,1
"7000",68296,27085,"Galán","Santander",2006,"Congreso",NA,NA,NA,"SIBERIA",22,39,61,1
"7001",68296,27085,"Galán","Santander",2006,"Congreso",NA,NA,NA,"SAN ISIDRO",47,65,112,1
"7002",68298,27088,"Gambita","Santander",2006,"Congreso",NA,NA,NA,NA,989,1209,2198,7
"7003",68298,27088,"Gambita","Santander",2006,"Congreso",NA,NA,NA,"CORONTUNJO",96,148,244,1
"7004",68298,27088,"Gambita","Santander",2006,"Congreso",NA,NA,NA,"LA PALMA",221,248,469,2
"7005",68298,27088,"Gambita","Santander",2006,"Congreso",NA,NA,NA,"SUPATA",121,162,283,1
"7006",68307,27091,"Girón","Santander",2006,"Congreso",NA,NA,NA,"COL. SAN JUAN",8262,7269,15531,46
"7007",68307,27091,"Girón","Santander",2006,"Congreso",NA,NA,NA,"COL LUIS CARLOS GALAN",7222,4884,12106,36
"7008",68307,27091,"Girón","Santander",2006,"Congreso",NA,NA,NA,"COL. ROBERTO GARCIA PE/A",4463,3672,8135,24
"7009",68307,27091,"Girón","Santander",2006,"Congreso",NA,NA,NA,"COL. FACUNDO NAVAS -PALENQUE",2349,1939,4288,13
"7010",68307,27091,"Girón","Santander",2006,"Congreso",NA,NA,NA,"ESC. DIANA TURBAY - MALPASO",1734,1408,3142,10
"7011",68307,27091,"Girón","Santander",2006,"Congreso",NA,NA,NA,"PUESTO CENSO",9578,8257,17835,23
"7012",68307,27091,"Girón","Santander",2006,"Congreso",NA,NA,NA,"CARCEL",3,125,128,1
"7013",68307,27091,"Girón","Santander",2006,"Congreso",NA,NA,NA,"ACAPULCO",375,408,783,3
"7014",68307,27091,"Girón","Santander",2006,"Congreso",NA,NA,NA,"CANTALTA",129,160,289,1
"7015",68307,27091,"Girón","Santander",2006,"Congreso",NA,NA,NA,"EL RECREO",113,173,286,1
"7016",68307,27091,"Girón","Santander",2006,"Congreso",NA,NA,NA,"CHOCOA",224,291,515,2
"7017",68307,27091,"Girón","Santander",2006,"Congreso",NA,NA,NA,"LAS BOCAS",227,220,447,2
"7018",68307,27091,"Girón","Santander",2006,"Congreso",NA,NA,NA,"MARTA",77,163,240,1
"7019",68307,27091,"Girón","Santander",2006,"Congreso",NA,NA,NA,"MOTOSO",289,489,778,3
"7020",68307,27091,"Girón","Santander",2006,"Congreso",NA,NA,NA,"LLANO GRANDE",583,924,1507,5
"7021",68307,27091,"Girón","Santander",2006,"Congreso",NA,NA,NA,"PANTANO",146,249,395,2
"7022",68318,27094,"Guaca","Santander",2006,"Congreso",NA,NA,NA,NA,1083,1015,2098,7
"7023",68318,27094,"Guaca","Santander",2006,"Congreso",NA,NA,NA,"BARAYA",139,160,299,1
"7024",68318,27094,"Guaca","Santander",2006,"Congreso",NA,NA,NA,"EL PALMAR",82,105,187,1
"7025",68318,27094,"Guaca","Santander",2006,"Congreso",NA,NA,NA,"EL PORTILLO",121,150,271,1
"7026",68318,27094,"Guaca","Santander",2006,"Congreso",NA,NA,NA,"EL RETIRO",77,87,164,1
"7027",68318,27094,"Guaca","Santander",2006,"Congreso",NA,NA,NA,"QUEBRADAS",105,102,207,1
"7028",68318,27094,"Guaca","Santander",2006,"Congreso",NA,NA,NA,"CAMARA",56,68,124,1
"7029",68318,27094,"Guaca","Santander",2006,"Congreso",NA,NA,NA,"POTRERO GRANDE",80,94,174,1
"7030",68318,27094,"Guaca","Santander",2006,"Congreso",NA,NA,NA,"BARIA",138,156,294,1
"7031",68318,27094,"Guaca","Santander",2006,"Congreso",NA,NA,NA,"TABACAL",121,152,273,1
"7032",68318,27094,"Guaca","Santander",2006,"Congreso",NA,NA,NA,"SISOTA",91,115,206,1
"7033",68318,27094,"Guaca","Santander",2006,"Congreso",NA,NA,NA,"MATA DE LATA",29,43,72,1
"7034",68318,27094,"Guaca","Santander",2006,"Congreso",NA,NA,NA,"NUCUBUCA",198,266,464,2
"7035",68320,27097,"Guadalupe","Santander",2006,"Congreso",NA,NA,NA,NA,1519,1617,3136,10
"7036",68320,27097,"Guadalupe","Santander",2006,"Congreso",NA,NA,NA,"EL TOPON",44,59,103,1
"7037",68320,27097,"Guadalupe","Santander",2006,"Congreso",NA,NA,NA,"LA LAJITA",45,85,130,1
"7038",68320,27097,"Guadalupe","Santander",2006,"Congreso",NA,NA,NA,"QUITASOL",78,111,189,1
"7039",68320,27097,"Guadalupe","Santander",2006,"Congreso",NA,NA,NA,"SOLFERINO",170,230,400,2
"7040",68322,27100,"Guapotá","Santander",2006,"Congreso",NA,NA,NA,NA,773,877,1650,5
"7041",68322,27100,"Guapotá","Santander",2006,"Congreso",NA,NA,NA,"PILAS",79,125,204,1
"7042",68324,27103,"Guavatá","Santander",2006,"Congreso",NA,NA,NA,NA,2017,2169,4186,13
"7043",68327,27106,"Güepsa","Santander",2006,"Congreso",NA,NA,NA,NA,1821,1936,3757,11
"7044",68344,27109,"Hato","Santander",2006,"Congreso",NA,NA,NA,NA,544,595,1139,4
"7045",68344,27109,"Hato","Santander",2006,"Congreso",NA,NA,NA,"EL PARAMO",138,192,330,1
"7046",68368,27112,"Jesús María","Santander",2006,"Congreso",NA,NA,NA,NA,1186,1039,2225,7
"7047",68368,27112,"Jesús María","Santander",2006,"Congreso",NA,NA,NA,"ALTO GRANDE",110,104,214,1
"7048",68368,27112,"Jesús María","Santander",2006,"Congreso",NA,NA,NA,"AGUA FRIA",159,160,319,1
"7049",68368,27112,"Jesús María","Santander",2006,"Congreso",NA,NA,NA,"CABRERA BAJA",126,121,247,1
"7050",68370,27115,"Jordán","Santander",2006,"Congreso",NA,NA,NA,NA,175,231,406,2
"7051",68370,27115,"Jordán","Santander",2006,"Congreso",NA,NA,NA,"EL GUASIMO",72,98,170,1
"7052",68370,27115,"Jordán","Santander",2006,"Congreso",NA,NA,NA,"EL POZO",188,174,362,2
"7053",68397,27118,"La Paz","Santander",2006,"Congreso",NA,NA,NA,NA,1113,1219,2332,7
"7054",68397,27118,"La Paz","Santander",2006,"Congreso",NA,NA,NA,"CASAS BLANCAS",414,499,913,3
"7055",68397,27118,"La Paz","Santander",2006,"Congreso",NA,NA,NA,"LINTERNITA",94,131,225,1
"7056",68397,27118,"La Paz","Santander",2006,"Congreso",NA,NA,NA,"TROCHAS",192,229,421,2
"7057",68377,27119,"La Belleza","Santander",2006,"Congreso",NA,NA,NA,NA,1651,1639,3290,10
"7058",68377,27119,"La Belleza","Santander",2006,"Congreso",NA,NA,NA,"EL RUBI",169,233,402,2
"7059",68377,27119,"La Belleza","Santander",2006,"Congreso",NA,NA,NA,"LA PLAYA",124,143,267,1
"7060",68377,27119,"La Belleza","Santander",2006,"Congreso",NA,NA,NA,"LA QUITAZ",269,336,605,2
"7061",68385,27120,"Landázuri","Santander",2006,"Congreso",NA,NA,NA,NA,2717,3063,5780,17
"7062",68385,27120,"Landázuri","Santander",2006,"Congreso",NA,NA,NA,"BAJO JORDAN",229,328,557,2
"7063",68385,27120,"Landázuri","Santander",2006,"Congreso",NA,NA,NA,"CHOROLO",56,61,117,1
"7064",68385,27120,"Landázuri","Santander",2006,"Congreso",NA,NA,NA,"KILOMETRO 15",200,320,520,2
"7065",68385,27120,"Landázuri","Santander",2006,"Congreso",NA,NA,NA,"LA INDIA",123,159,282,1
"7066",68385,27120,"Landázuri","Santander",2006,"Congreso",NA,NA,NA,"MIRALINDO",288,396,684,2
"7067",68385,27120,"Landázuri","Santander",2006,"Congreso",NA,NA,NA,"PLAN DE ARMAS",159,216,375,2
"7068",68385,27120,"Landázuri","Santander",2006,"Congreso",NA,NA,NA,"RIO BLANCO",132,212,344,1
"7069",68385,27120,"Landázuri","Santander",2006,"Congreso",NA,NA,NA,"SAN IGNACIO DEL OPON",211,310,521,2
"7070",68406,27121,"Lebríja","Santander",2006,"Congreso",NA,NA,NA,NA,7581,7652,15233,45
"7071",68406,27121,"Lebríja","Santander",2006,"Congreso",NA,NA,NA,"AGUIRRE",204,261,465,2
"7072",68406,27121,"Lebríja","Santander",2006,"Congreso",NA,NA,NA,"CENTENARIO",104,164,268,1
"7073",68406,27121,"Lebríja","Santander",2006,"Congreso",NA,NA,NA,"EL CONCHAL",133,174,307,1
"7074",68406,27121,"Lebríja","Santander",2006,"Congreso",NA,NA,NA,"EL SALADO",94,139,233,1
"7075",68406,27121,"Lebríja","Santander",2006,"Congreso",NA,NA,NA,"EL OSO",182,202,384,2
"7076",68406,27121,"Lebríja","Santander",2006,"Congreso",NA,NA,NA,"CUZAMAN",234,252,486,2
"7077",68406,27121,"Lebríja","Santander",2006,"Congreso",NA,NA,NA,"LA AGUADA DE CEFERINO",217,279,496,2
"7078",68406,27121,"Lebríja","Santander",2006,"Congreso",NA,NA,NA,"LIBANO",110,143,253,1
"7079",68406,27121,"Lebríja","Santander",2006,"Congreso",NA,NA,NA,"LA RENTA",362,482,844,3
"7080",68406,27121,"Lebríja","Santander",2006,"Congreso",NA,NA,NA,"LLANADAS",304,413,717,3
"7081",68406,27121,"Lebríja","Santander",2006,"Congreso",NA,NA,NA,"PORTUGAL",467,597,1064,4
"7082",68406,27121,"Lebríja","Santander",2006,"Congreso",NA,NA,NA,"SARDINAS",226,293,519,2
"7083",68406,27121,"Lebríja","Santander",2006,"Congreso",NA,NA,NA,"URIBE URIBE",101,152,253,1
"7084",68406,27121,"Lebríja","Santander",2006,"Congreso",NA,NA,NA,"VANEGAS",98,176,274,1
"7085",68418,27124,"Los Santos","Santander",2006,"Congreso",NA,NA,NA,NA,1680,1848,3528,11
"7086",68418,27124,"Los Santos","Santander",2006,"Congreso",NA,NA,NA,"EL TABACAL",210,308,518,2
"7087",68418,27124,"Los Santos","Santander",2006,"Congreso",NA,NA,NA,"EL ESPINAL",186,224,410,2
"7088",68418,27124,"Los Santos","Santander",2006,"Congreso",NA,NA,NA,"LA FUENTE",485,647,1132,4
"7089",68418,27124,"Los Santos","Santander",2006,"Congreso",NA,NA,NA,"LA PURNIA",334,380,714,3
"7090",68418,27124,"Los Santos","Santander",2006,"Congreso",NA,NA,NA,"REGADERO",143,163,306,1
"7091",68425,27127,"Macaravita","Santander",2006,"Congreso",NA,NA,NA,NA,946,1061,2007,6
"7092",68432,27130,"Málaga","Santander",2006,"Congreso",NA,NA,NA,NA,6712,5781,12493,37
"7093",68432,27130,"Málaga","Santander",2006,"Congreso",NA,NA,NA,"CARCEL",1,15,16,1
"7094",68432,27130,"Málaga","Santander",2006,"Congreso",NA,NA,NA,"BARZAL",90,96,186,1
"7095",68432,27130,"Málaga","Santander",2006,"Congreso",NA,NA,NA,"BUENAVISTA",47,59,106,1
"7096",68432,27130,"Málaga","Santander",2006,"Congreso",NA,NA,NA,"EL ALIZAL",59,68,127,1
"7097",68432,27130,"Málaga","Santander",2006,"Congreso",NA,NA,NA,"PESCADERITO",102,93,195,1
"7098",68432,27130,"Málaga","Santander",2006,"Congreso",NA,NA,NA,"LAVADERO",51,52,103,1
"7099",68432,27130,"Málaga","Santander",2006,"Congreso",NA,NA,NA,"VENTA QUEMADA",127,159,286,1
"7100",68444,27133,"Matanza","Santander",2006,"Congreso",NA,NA,NA,NA,782,753,1535,5
"7101",68444,27133,"Matanza","Santander",2006,"Congreso",NA,NA,NA,"EL PAUJIL",246,340,586,2
"7102",68444,27133,"Matanza","Santander",2006,"Congreso",NA,NA,NA,"PATIO BARRIDO",74,102,176,1
"7103",68444,27133,"Matanza","Santander",2006,"Congreso",NA,NA,NA,"SAN FRANCISCO",46,79,125,1
"7104",68444,27133,"Matanza","Santander",2006,"Congreso",NA,NA,NA,"SANTA CRUZ",396,537,933,3
"7105",68444,27133,"Matanza","Santander",2006,"Congreso",NA,NA,NA,"EL TANQUE",173,247,420,2
"7106",68464,27136,"Mogotes","Santander",2006,"Congreso",NA,NA,NA,NA,2451,2341,4792,14
"7107",68464,27136,"Mogotes","Santander",2006,"Congreso",NA,NA,NA,"PITIGUAO",212,222,434,2
"7108",68464,27136,"Mogotes","Santander",2006,"Congreso",NA,NA,NA,"EL GUAMO",148,179,327,1
"7109",68464,27136,"Mogotes","Santander",2006,"Congreso",NA,NA,NA,"CERRO NEGRO",43,44,87,1
"7110",68464,27136,"Mogotes","Santander",2006,"Congreso",NA,NA,NA,"GUAURE",132,122,254,1
"7111",68464,27136,"Mogotes","Santander",2006,"Congreso",NA,NA,NA,"HOYO DE LOS PAJAROS",164,197,361,2
"7112",68464,27136,"Mogotes","Santander",2006,"Congreso",NA,NA,NA,"LOS CAUCHOS",179,216,395,2
"7113",68464,27136,"Mogotes","Santander",2006,"Congreso",NA,NA,NA,"SANTA LUCIA",46,61,107,1
"7114",68468,27139,"Molagavita","Santander",2006,"Congreso",NA,NA,NA,NA,860,865,1725,6
"7115",68468,27139,"Molagavita","Santander",2006,"Congreso",NA,NA,NA,"CHICACUTA",83,92,175,1
"7116",68468,27139,"Molagavita","Santander",2006,"Congreso",NA,NA,NA,"HOBO",66,68,134,1
"7117",68468,27139,"Molagavita","Santander",2006,"Congreso",NA,NA,NA,"NARANJO",77,86,163,1
"7118",68468,27139,"Molagavita","Santander",2006,"Congreso",NA,NA,NA,"EL JUNCO",144,174,318,1
"7119",68468,27139,"Molagavita","Santander",2006,"Congreso",NA,NA,NA,"HIGUERONES",66,83,149,1
"7120",68468,27139,"Molagavita","Santander",2006,"Congreso",NA,NA,NA,"LAGUNA DE OCHOAS",94,103,197,1
"7121",68468,27139,"Molagavita","Santander",2006,"Congreso",NA,NA,NA,"LAGUNITAS",41,32,73,1
"7122",68468,27139,"Molagavita","Santander",2006,"Congreso",NA,NA,NA,"PANTANO GRANDE",97,103,200,1
"7123",68468,27139,"Molagavita","Santander",2006,"Congreso",NA,NA,NA,"POTRERO GRANDE",133,153,286,1
"7124",68468,27139,"Molagavita","Santander",2006,"Congreso",NA,NA,NA,"POTRERO DE RODRIGUEZ",117,122,239,1
"7125",68468,27139,"Molagavita","Santander",2006,"Congreso",NA,NA,NA,"PURNIO",94,131,225,1
"7126",68498,27142,"Ocamonte","Santander",2006,"Congreso",NA,NA,NA,NA,1535,1793,3328,10
"7127",68500,27145,"Oiba","Santander",2006,"Congreso",NA,NA,NA,NA,3383,3631,7014,21
"7128",68502,27148,"Onzaga","Santander",2006,"Congreso",NA,NA,NA,NA,1329,1340,2669,8
"7129",68502,27148,"Onzaga","Santander",2006,"Congreso",NA,NA,NA,"PADUA",226,260,486,2
"7130",68502,27148,"Onzaga","Santander",2006,"Congreso",NA,NA,NA,"CAGUANOQUE",63,75,138,1
"7131",68502,27148,"Onzaga","Santander",2006,"Congreso",NA,NA,NA,"EL CARMEN",103,127,230,1
"7132",68502,27148,"Onzaga","Santander",2006,"Congreso",NA,NA,NA,"SUSA",137,122,259,1
"7133",68502,27148,"Onzaga","Santander",2006,"Congreso",NA,NA,NA,"TAPIAS",95,106,201,1
"7134",68522,27151,"Palmar","Santander",2006,"Congreso",NA,NA,NA,NA,384,405,789,3
"7135",68522,27151,"Palmar","Santander",2006,"Congreso",NA,NA,NA,"CINCO MIL",173,196,369,2
"7136",68524,27154,"Palmas del Socorro","Santander",2006,"Congreso",NA,NA,NA,NA,889,1003,1892,6
"7137",68533,27157,"Páramo","Santander",2006,"Congreso",NA,NA,NA,NA,1054,1183,2237,7
"7138",68533,27157,"Páramo","Santander",2006,"Congreso",NA,NA,NA,"JUAN CURI",73,102,175,1
"7139",68533,27157,"Páramo","Santander",2006,"Congreso",NA,NA,NA,"PUENTE MIRANDA",166,208,374,2
"7140",68547,27160,"Piedecuesta","Santander",2006,"Congreso",NA,NA,NA,"COLEGIO BALBINO GARCIA",10336,9880,20216,59
"7141",68547,27160,"Piedecuesta","Santander",2006,"Congreso",NA,NA,NA,"COL. BALBINO GARCIA SEDE No.",3464,2712,6176,18
"7142",68547,27160,"Piedecuesta","Santander",2006,"Congreso",NA,NA,NA,"INSTITUTO DE BELLAS ARTES",2231,1843,4074,12
"7143",68547,27160,"Piedecuesta","Santander",2006,"Congreso",NA,NA,NA,"CONC. ALIANZA PARA EL PROGRES",543,473,1016,3
"7144",68547,27160,"Piedecuesta","Santander",2006,"Congreso",NA,NA,NA,"NORMAL NACIONAL MIXTA",5372,4376,9748,29
"7145",68547,27160,"Piedecuesta","Santander",2006,"Congreso",NA,NA,NA,"COL VICTOR FELIX GOMEZ",3573,2897,6470,19
"7146",68547,27160,"Piedecuesta","Santander",2006,"Congreso",NA,NA,NA,"CONC. ESCOLAR SAN CARLOS",703,497,1200,4
"7147",68547,27160,"Piedecuesta","Santander",2006,"Congreso",NA,NA,NA,"INSTITUTO PROMOCIÓN SOCIAL",701,599,1300,4
"7148",68547,27160,"Piedecuesta","Santander",2006,"Congreso",NA,NA,NA,"PUESTO CENSO",4884,3803,8687,11
"7149",68547,27160,"Piedecuesta","Santander",2006,"Congreso",NA,NA,NA,"BUENOS AIRES, MESA DE RUITOQU",113,115,228,1
"7150",68547,27160,"Piedecuesta","Santander",2006,"Congreso",NA,NA,NA,"CUROS",175,210,385,2
"7151",68547,27160,"Piedecuesta","Santander",2006,"Congreso",NA,NA,NA,"CRISTALES",42,56,98,1
"7152",68547,27160,"Piedecuesta","Santander",2006,"Congreso",NA,NA,NA,"GRANADILLO",76,114,190,1
"7153",68547,27160,"Piedecuesta","Santander",2006,"Congreso",NA,NA,NA,"LA ESPERANZA MESA DE LOS SANT",264,308,572,2
"7154",68547,27160,"Piedecuesta","Santander",2006,"Congreso",NA,NA,NA,"LA COLINA, MESA DE RUITOQUE",120,131,251,1
"7155",68547,27160,"Piedecuesta","Santander",2006,"Congreso",NA,NA,NA,"SAN FRANCISCO",110,107,217,1
"7156",68547,27160,"Piedecuesta","Santander",2006,"Congreso",NA,NA,NA,"SAN ISIDRO",47,62,109,1
"7157",68547,27160,"Piedecuesta","Santander",2006,"Congreso",NA,NA,NA,"MESITAS DE SAN JAVIER",84,114,198,1
"7158",68547,27160,"Piedecuesta","Santander",2006,"Congreso",NA,NA,NA,"MANZANARES",167,146,313,1
"7159",68547,27160,"Piedecuesta","Santander",2006,"Congreso",NA,NA,NA,"MIRAFLORES",115,135,250,1
"7160",68547,27160,"Piedecuesta","Santander",2006,"Congreso",NA,NA,NA,"MENSUALI ALTO MENSUALI BAJO",68,73,141,1
"7161",68547,27160,"Piedecuesta","Santander",2006,"Congreso",NA,NA,NA,"PESCADERO",144,150,294,1
"7162",68547,27160,"Piedecuesta","Santander",2006,"Congreso",NA,NA,NA,"PLANADAS",149,181,330,1
"7163",68547,27160,"Piedecuesta","Santander",2006,"Congreso",NA,NA,NA,"SEVILLA",179,199,378,2
"7164",68547,27160,"Piedecuesta","Santander",2006,"Congreso",NA,NA,NA,"SANTA RITA",58,74,132,1
"7165",68547,27160,"Piedecuesta","Santander",2006,"Congreso",NA,NA,NA,"UMPALA",51,75,126,1
"7166",68547,27160,"Piedecuesta","Santander",2006,"Congreso",NA,NA,NA,"LA VEGA",81,110,191,1
"7167",68549,27163,"Pinchote","Santander",2006,"Congreso",NA,NA,NA,NA,1338,1377,2715,8
"7168",68572,27166,"Puente Nacional","Santander",2006,"Congreso",NA,NA,NA,NA,4078,3789,7867,23
"7169",68572,27166,"Puente Nacional","Santander",2006,"Congreso",NA,NA,NA,"EL VENADO",110,124,234,1
"7170",68572,27166,"Puente Nacional","Santander",2006,"Congreso",NA,NA,NA,"BAJO SEMISA",115,141,256,1
"7171",68572,27166,"Puente Nacional","Santander",2006,"Congreso",NA,NA,NA,"LA CAPILLA",122,129,251,1
"7172",68572,27166,"Puente Nacional","Santander",2006,"Congreso",NA,NA,NA,"CORINTO",119,124,243,1
"7173",68572,27166,"Puente Nacional","Santander",2006,"Congreso",NA,NA,NA,"PROVIDENCIA",123,125,248,1
"7174",68572,27166,"Puente Nacional","Santander",2006,"Congreso",NA,NA,NA,"POPOA NORTE",93,120,213,1
"7175",68572,27166,"Puente Nacional","Santander",2006,"Congreso",NA,NA,NA,"PE/A BLANCA",184,191,375,2
"7176",68572,27166,"Puente Nacional","Santander",2006,"Congreso",NA,NA,NA,"BAJO GUAMITO",130,140,270,1
"7177",68572,27166,"Puente Nacional","Santander",2006,"Congreso",NA,NA,NA,"QUEBRADA NEGRA",121,146,267,1
"7178",68572,27166,"Puente Nacional","Santander",2006,"Congreso",NA,NA,NA,"ALTO GUAMITO",77,69,146,1
"7179",68572,27166,"Puente Nacional","Santander",2006,"Congreso",NA,NA,NA,"ALTO SEMISA",7,13,20,1
"7180",68572,27166,"Puente Nacional","Santander",2006,"Congreso",NA,NA,NA,"DELICIAS",247,255,502,2
"7181",68572,27166,"Puente Nacional","Santander",2006,"Congreso",NA,NA,NA,"PETAQUEROS",150,197,347,2
"7182",68572,27166,"Puente Nacional","Santander",2006,"Congreso",NA,NA,NA,"ROBLES",91,100,191,1
"7183",68573,27167,"Puerto Parra","Santander",2006,"Congreso",NA,NA,NA,NA,977,1129,2106,7
"7184",68573,27167,"Puerto Parra","Santander",2006,"Congreso",NA,NA,NA,"CAMPO CAPOTE",397,536,933,3
"7185",68573,27167,"Puerto Parra","Santander",2006,"Congreso",NA,NA,NA,"EL CRUCE DE CAPOTE",179,293,472,2
"7186",68573,27167,"Puerto Parra","Santander",2006,"Congreso",NA,NA,NA,"LAS MONTOYAS",294,447,741,3
"7187",68575,27169,"Puerto Wilches","Santander",2006,"Congreso",NA,NA,NA,NA,5282,5637,10919,32
"7188",68575,27169,"Puerto Wilches","Santander",2006,"Congreso",NA,NA,NA,"BADILLO",130,256,386,2
"7189",68575,27169,"Puerto Wilches","Santander",2006,"Congreso",NA,NA,NA,"BOCAS DEL ROSARIO",122,204,326,1
"7190",68575,27169,"Puerto Wilches","Santander",2006,"Congreso",NA,NA,NA,"CAMPO DURO",65,79,144,1
"7191",68575,27169,"Puerto Wilches","Santander",2006,"Congreso",NA,NA,NA,"PUERTO CAYUMBA",110,179,289,1
"7192",68575,27169,"Puerto Wilches","Santander",2006,"Congreso",NA,NA,NA,"EL PEDREGAL",358,430,788,3
"7193",68575,27169,"Puerto Wilches","Santander",2006,"Congreso",NA,NA,NA,"CARPINTERO",155,244,399,2
"7194",68575,27169,"Puerto Wilches","Santander",2006,"Congreso",NA,NA,NA,"EL GUAYABO",139,191,330,1
"7195",68575,27169,"Puerto Wilches","Santander",2006,"Congreso",NA,NA,NA,"KILOMETRO 8",166,214,380,2
"7196",68575,27169,"Puerto Wilches","Santander",2006,"Congreso",NA,NA,NA,"KILOMETRO 20",57,87,144,1
"7197",68575,27169,"Puerto Wilches","Santander",2006,"Congreso",NA,NA,NA,"PATURIA",65,106,171,1
"7198",68575,27169,"Puerto Wilches","Santander",2006,"Congreso",NA,NA,NA,"PUENTE SOGAMOSO",783,928,1711,5
"7199",68575,27169,"Puerto Wilches","Santander",2006,"Congreso",NA,NA,NA,"PRADILLA",73,85,158,1
"7200",68575,27169,"Puerto Wilches","Santander",2006,"Congreso",NA,NA,NA,"CHINGALE",82,140,222,1
"7201",68575,27169,"Puerto Wilches","Santander",2006,"Congreso",NA,NA,NA,"SITIO NUEVO",56,91,147,1
"7202",68575,27169,"Puerto Wilches","Santander",2006,"Congreso",NA,NA,NA,"SAN CLAVER",178,233,411,2
"7203",68575,27169,"Puerto Wilches","Santander",2006,"Congreso",NA,NA,NA,"VIJAGUAL",498,679,1177,4
"7204",68615,27172,"Rionegro","Santander",2006,"Congreso",NA,NA,NA,NA,5675,6273,11948,35
"7205",68615,27172,"Rionegro","Santander",2006,"Congreso",NA,NA,NA,"CA/O SIETE",128,192,320,1
"7206",68615,27172,"Rionegro","Santander",2006,"Congreso",NA,NA,NA,"CUESTA RICA",208,324,532,2
"7207",68615,27172,"Rionegro","Santander",2006,"Congreso",NA,NA,NA,"FLOREZ",62,62,124,1
"7208",68615,27172,"Rionegro","Santander",2006,"Congreso",NA,NA,NA,"GALANES",74,78,152,1
"7209",68615,27172,"Rionegro","Santander",2006,"Congreso",NA,NA,NA,"GALAPAGOS",157,230,387,2
"7210",68615,27172,"Rionegro","Santander",2006,"Congreso",NA,NA,NA,"LAGUNA DE ORIENTE",27,42,69,1
"7211",68615,27172,"Rionegro","Santander",2006,"Congreso",NA,NA,NA,"LA CEIBA",311,371,682,2
"7212",68615,27172,"Rionegro","Santander",2006,"Congreso",NA,NA,NA,"LA MUZANDA",109,162,271,1
"7213",68615,27172,"Rionegro","Santander",2006,"Congreso",NA,NA,NA,"LA UNION DE GALAPAGOS",80,137,217,1
"7214",68615,27172,"Rionegro","Santander",2006,"Congreso",NA,NA,NA,"LA SALINA",94,133,227,1
"7215",68615,27172,"Rionegro","Santander",2006,"Congreso",NA,NA,NA,"LOS CHORROS",171,227,398,2
"7216",68615,27172,"Rionegro","Santander",2006,"Congreso",NA,NA,NA,"LLANO DE PALMAS",241,350,591,2
"7217",68615,27172,"Rionegro","Santander",2006,"Congreso",NA,NA,NA,"MISIGUAY",67,98,165,1
"7218",68615,27172,"Rionegro","Santander",2006,"Congreso",NA,NA,NA,"PE/AS NEGRAS",36,54,90,1
"7219",68615,27172,"Rionegro","Santander",2006,"Congreso",NA,NA,NA,"PAPAYAL",255,295,550,2
"7220",68615,27172,"Rionegro","Santander",2006,"Congreso",NA,NA,NA,"SAN RAFAEL",731,891,1622,5
"7221",68615,27172,"Rionegro","Santander",2006,"Congreso",NA,NA,NA,"SAN IGNACIO",31,31,62,1
"7222",68615,27172,"Rionegro","Santander",2006,"Congreso",NA,NA,NA,"VILLA PAZ",81,129,210,1
"7223",68615,27172,"Rionegro","Santander",2006,"Congreso",NA,NA,NA,"POPAS",87,120,207,1
"7224",68615,27172,"Rionegro","Santander",2006,"Congreso",NA,NA,NA,"LA CORCOVADA",146,249,395,2
"7225",68655,27174,"Sabana de Torres","Santander",2006,"Congreso",NA,NA,NA,NA,5743,6154,11897,35
"7226",68669,27175,"San Andrés","Santander",2006,"Congreso",NA,NA,NA,NA,1693,1630,3323,10
"7227",68669,27175,"San Andrés","Santander",2006,"Congreso",NA,NA,NA,"EL PIRE",76,94,170,1
"7228",68669,27175,"San Andrés","Santander",2006,"Congreso",NA,NA,NA,"ALTO DE JAIMES",138,163,301,1
"7229",68669,27175,"San Andrés","Santander",2006,"Congreso",NA,NA,NA,"HATO DE CABALLEROS",144,151,295,1
"7230",68669,27175,"San Andrés","Santander",2006,"Congreso",NA,NA,NA,"CAIRASCO",46,54,100,1
"7231",68669,27175,"San Andrés","Santander",2006,"Congreso",NA,NA,NA,"LAGUNA DE ORTICES",241,264,505,2
"7232",68669,27175,"San Andrés","Santander",2006,"Congreso",NA,NA,NA,"LA RAMADA",183,253,436,2
"7233",68669,27175,"San Andrés","Santander",2006,"Congreso",NA,NA,NA,"MOGOTOCORO",83,120,203,1
"7234",68669,27175,"San Andrés","Santander",2006,"Congreso",NA,NA,NA,"ANCA",43,50,93,1
"7235",68669,27175,"San Andrés","Santander",2006,"Congreso",NA,NA,NA,"PANGOTE",187,211,398,2
"7236",68669,27175,"San Andrés","Santander",2006,"Congreso",NA,NA,NA,"PANGUA",176,187,363,2
"7237",68669,27175,"San Andrés","Santander",2006,"Congreso",NA,NA,NA,"LISTARA",51,75,126,1
"7238",68669,27175,"San Andrés","Santander",2006,"Congreso",NA,NA,NA,"SAN PABLO",43,48,91,1
"7239",68669,27175,"San Andrés","Santander",2006,"Congreso",NA,NA,NA,"SANTA CRUZ",171,174,345,2
"7240",68669,27175,"San Andrés","Santander",2006,"Congreso",NA,NA,NA,"SANTO DOMINGO",49,48,97,1
"7241",68673,27178,"San Benito","Santander",2006,"Congreso",NA,NA,NA,NA,630,755,1385,5
"7242",68673,27178,"San Benito","Santander",2006,"Congreso",NA,NA,NA,"ALTO DE SAN ROQUE",438,511,949,3
"7243",68679,27181,"San Gil","Santander",2006,"Congreso",NA,NA,NA,"CTRO. DE CONVIVENCIA CIUDADAN",1744,2020,3764,11
"7244",68679,27181,"San Gil","Santander",2006,"Congreso",NA,NA,NA,"COLISEO LORENZO ALCANTUZ",1741,1235,2976,9
"7245",68679,27181,"San Gil","Santander",2006,"Congreso",NA,NA,NA,"COL. LUIS CAMACHO RUEDA",1240,1028,2268,7
"7246",68679,27181,"San Gil","Santander",2006,"Congreso",NA,NA,NA,"CONCENTRACION NIÑA MARIA",1719,1375,3094,9
"7247",68679,27181,"San Gil","Santander",2006,"Congreso",NA,NA,NA,"CONC. SAGRADA FAMILIA",1212,965,2177,7
"7248",68679,27181,"San Gil","Santander",2006,"Congreso",NA,NA,NA,"CONC. RODOLFO GONZALEZ",212,148,360,2
"7249",68679,27181,"San Gil","Santander",2006,"Congreso",NA,NA,NA,"PUESTO CENSO",8187,6908,15095,20
"7250",68679,27181,"San Gil","Santander",2006,"Congreso",NA,NA,NA,"CARCEL",4,30,34,1
"7251",68679,27181,"San Gil","Santander",2006,"Congreso",NA,NA,NA,"AEROPUERTO",21,22,43,1
"7252",68679,27181,"San Gil","Santander",2006,"Congreso",NA,NA,NA,"BOQUERON",89,117,206,1
"7253",68679,27181,"San Gil","Santander",2006,"Congreso",NA,NA,NA,"LA FLORA",52,47,99,1
"7254",68679,27181,"San Gil","Santander",2006,"Congreso",NA,NA,NA,"LAS JOYAS",60,67,127,1
"7255",68679,27181,"San Gil","Santander",2006,"Congreso",NA,NA,NA,"OJO DE AGUA",62,67,129,1
"7256",68679,27181,"San Gil","Santander",2006,"Congreso",NA,NA,NA,"PUENTE TIERRA",48,58,106,1
"7257",68679,27181,"San Gil","Santander",2006,"Congreso",NA,NA,NA,"SAN JOSE",84,100,184,1
"7258",68679,27181,"San Gil","Santander",2006,"Congreso",NA,NA,NA,"SANTA RITA",26,42,68,1
"7259",68679,27181,"San Gil","Santander",2006,"Congreso",NA,NA,NA,"VERSALLES",42,46,88,1
"7260",68682,27184,"San Joaquín","Santander",2006,"Congreso",NA,NA,NA,NA,1033,1103,2136,7
"7261",68684,27187,"San José de Miranda","Santander",2006,"Congreso",NA,NA,NA,NA,1178,1215,2393,7
"7262",68684,27187,"San José de Miranda","Santander",2006,"Congreso",NA,NA,NA,"ALTO DE SAN JOSE DE MIRANDA",103,93,196,1
"7263",68684,27187,"San José de Miranda","Santander",2006,"Congreso",NA,NA,NA,"CARBONERAS",149,173,322,1
"7264",68684,27187,"San José de Miranda","Santander",2006,"Congreso",NA,NA,NA,"CRUZ DE PIEDRA",98,91,189,1
"7265",68684,27187,"San José de Miranda","Santander",2006,"Congreso",NA,NA,NA,"CUCHARITO",49,60,109,1
"7266",68684,27187,"San José de Miranda","Santander",2006,"Congreso",NA,NA,NA,"PETAQUERO",84,98,182,1
"7267",68684,27187,"San José de Miranda","Santander",2006,"Congreso",NA,NA,NA,"TEQUIA",145,134,279,1
"7268",68686,27190,"San Miguel","Santander",2006,"Congreso",NA,NA,NA,NA,670,771,1441,5
"7269",68686,27190,"San Miguel","Santander",2006,"Congreso",NA,NA,NA,"ARENALES",35,54,89,1
"7270",68686,27190,"San Miguel","Santander",2006,"Congreso",NA,NA,NA,"PAMPLONITA",63,64,127,1
"7271",68686,27190,"San Miguel","Santander",2006,"Congreso",NA,NA,NA,"PIEDRA LARGA",44,70,114,1
"7272",68686,27190,"San Miguel","Santander",2006,"Congreso",NA,NA,NA,"SAN IGNACIO",44,39,83,1
"7273",68686,27190,"San Miguel","Santander",2006,"Congreso",NA,NA,NA,"SAN PEDRO",109,102,211,1
"7274",68689,27193,"San Vicente de Chucurí","Santander",2006,"Congreso",NA,NA,NA,NA,7334,7425,14759,43
"7275",68689,27193,"San Vicente de Chucurí","Santander",2006,"Congreso",NA,NA,NA,"CARCEL",2,26,28,1
"7276",68689,27193,"San Vicente de Chucurí","Santander",2006,"Congreso",NA,NA,NA,"ALBANIA",170,266,436,2
"7277",68689,27193,"San Vicente de Chucurí","Santander",2006,"Congreso",NA,NA,NA,"CANTARRANAS",114,206,320,1
"7278",68689,27193,"San Vicente de Chucurí","Santander",2006,"Congreso",NA,NA,NA,"BERLIN",314,417,731,3
"7279",68689,27193,"San Vicente de Chucurí","Santander",2006,"Congreso",NA,NA,NA,"GUAMALES",206,343,549,2
"7280",68689,27193,"San Vicente de Chucurí","Santander",2006,"Congreso",NA,NA,NA,"EL TESORO",80,106,186,1
"7281",68689,27193,"San Vicente de Chucurí","Santander",2006,"Congreso",NA,NA,NA,"LLANA FRIA",202,303,505,2
"7282",68689,27193,"San Vicente de Chucurí","Santander",2006,"Congreso",NA,NA,NA,"PUENTE MURCIA",270,348,618,2
"7283",68689,27193,"San Vicente de Chucurí","Santander",2006,"Congreso",NA,NA,NA,"YARIMA",506,629,1135,4
"7284",68689,27193,"San Vicente de Chucurí","Santander",2006,"Congreso",NA,NA,NA,"ALTO GRANDE",119,171,290,1
"7285",68689,27193,"San Vicente de Chucurí","Santander",2006,"Congreso",NA,NA,NA,"POZO NUTRIAS",126,189,315,1
"7286",68689,27193,"San Vicente de Chucurí","Santander",2006,"Congreso",NA,NA,NA,"POZO NUTRIAS I",139,270,409,2
"7287",68689,27193,"San Vicente de Chucurí","Santander",2006,"Congreso",NA,NA,NA,"SECTOR LIZAMA III",104,135,239,1
"7288",68689,27193,"San Vicente de Chucurí","Santander",2006,"Congreso",NA,NA,NA,"SECTOR GUACAMAYA",49,54,103,1
"7289",68689,27193,"San Vicente de Chucurí","Santander",2006,"Congreso",NA,NA,NA,"ALTO VIENTO",94,118,212,1
"7290",68689,27193,"San Vicente de Chucurí","Santander",2006,"Congreso",NA,NA,NA,"LLANA CALIENTE",267,415,682,2
"7291",68720,27194,"Santa Helena del Opón","Santander",2006,"Congreso",NA,NA,NA,NA,647,807,1454,5
"7292",68720,27194,"Santa Helena del Opón","Santander",2006,"Congreso",NA,NA,NA,"ARAGUA",207,288,495,2
"7293",68720,27194,"Santa Helena del Opón","Santander",2006,"Congreso",NA,NA,NA,"CACHIPAY",190,245,435,2
"7294",68720,27194,"Santa Helena del Opón","Santander",2006,"Congreso",NA,NA,NA,"PLAN DE ALVAREZ",88,122,210,1
"7295",68720,27194,"Santa Helena del Opón","Santander",2006,"Congreso",NA,NA,NA,"SAN JUAN BOSCO DE LA VERDE",60,117,177,1
"7296",68705,27195,"Santa Bárbara","Santander",2006,"Congreso",NA,NA,NA,NA,357,426,783,3
"7297",68705,27195,"Santa Bárbara","Santander",2006,"Congreso",NA,NA,NA,"LA CEBA",217,268,485,2
"7298",68705,27195,"Santa Bárbara","Santander",2006,"Congreso",NA,NA,NA,"POZO BRAVO",116,130,246,1
"7299",68705,27195,"Santa Bárbara","Santander",2006,"Congreso",NA,NA,NA,"VOLCANES",10,19,29,1
"7300",68745,27196,"Simacota","Santander",2006,"Congreso",NA,NA,NA,NA,1395,1567,2962,9
"7301",68745,27196,"Simacota","Santander",2006,"Congreso",NA,NA,NA,"EL GUAMO",202,305,507,2
"7302",68745,27196,"Simacota","Santander",2006,"Congreso",NA,NA,NA,"PUERTO NUEVO",460,827,1287,4
"7303",68745,27196,"Simacota","Santander",2006,"Congreso",NA,NA,NA,"LA LLANITA",161,199,360,2
"7304",68745,27196,"Simacota","Santander",2006,"Congreso",NA,NA,NA,"SAN PEDRO",79,79,158,1
"7305",68755,27199,"Socorro","Santander",2006,"Congreso",NA,NA,NA,NA,9903,8693,18596,55
"7306",68755,27199,"Socorro","Santander",2006,"Congreso",NA,NA,NA,"CARCEL",4,49,53,1
"7307",68770,27202,"Suaita","Santander",2006,"Congreso",NA,NA,NA,NA,2255,2467,4722,14
"7308",68770,27202,"Suaita","Santander",2006,"Congreso",NA,NA,NA,"OLIVAL",369,443,812,3
"7309",68770,27202,"Suaita","Santander",2006,"Congreso",NA,NA,NA,"SAN JOSE DE SUAITA",379,411,790,3
"7310",68770,27202,"Suaita","Santander",2006,"Congreso",NA,NA,NA,"VADO REAL",462,541,1003,3
"7311",68770,27202,"Suaita","Santander",2006,"Congreso",NA,NA,NA,"TOLOTA",207,262,469,2
"7312",68773,27205,"Sucre","Santander",2006,"Congreso",NA,NA,NA,NA,1143,1155,2298,7
"7313",68773,27205,"Sucre","Santander",2006,"Congreso",NA,NA,NA,"LA GRANJA",657,616,1273,4
"7314",68773,27205,"Sucre","Santander",2006,"Congreso",NA,NA,NA,"ARALES",77,109,186,1
"7315",68773,27205,"Sucre","Santander",2006,"Congreso",NA,NA,NA,"LA PRADERA",265,269,534,2
"7316",68773,27205,"Sucre","Santander",2006,"Congreso",NA,NA,NA,"UNION NARANJITO",60,67,127,1
"7317",68773,27205,"Sucre","Santander",2006,"Congreso",NA,NA,NA,"SABANA GRANDE",453,464,917,3
"7318",68773,27205,"Sucre","Santander",2006,"Congreso",NA,NA,NA,"LA PEDREGOZA",45,64,109,1
"7319",68773,27205,"Sucre","Santander",2006,"Congreso",NA,NA,NA,"PE/A BLANCA",91,83,174,1
"7320",68773,27205,"Sucre","Santander",2006,"Congreso",NA,NA,NA,"SANTA ELENA",76,101,177,1
"7321",68773,27205,"Sucre","Santander",2006,"Congreso",NA,NA,NA,"EL PORVENIR",135,145,280,1
"7322",68780,27208,"Suratá","Santander",2006,"Congreso",NA,NA,NA,NA,639,681,1320,4
"7323",68780,27208,"Suratá","Santander",2006,"Congreso",NA,NA,NA,"CACHIRI",211,246,457,2
"7324",68780,27208,"Suratá","Santander",2006,"Congreso",NA,NA,NA,"CARTAGUA",65,58,123,1
"7325",68780,27208,"Suratá","Santander",2006,"Congreso",NA,NA,NA,"EL MOHAN",43,54,97,1
"7326",68780,27208,"Suratá","Santander",2006,"Congreso",NA,NA,NA,"TURBAY",212,256,468,2
"7327",68820,27211,"Tona","Santander",2006,"Congreso",NA,NA,NA,NA,613,725,1338,4
"7328",68820,27211,"Tona","Santander",2006,"Congreso",NA,NA,NA,"BERLIN",950,1155,2105,7
"7329",68820,27211,"Tona","Santander",2006,"Congreso",NA,NA,NA,"LA CORCOVA",420,493,913,3
"7330",68820,27211,"Tona","Santander",2006,"Congreso",NA,NA,NA,"VEGAS",189,236,425,2
"7331",68855,27217,"Valle de San José","Santander",2006,"Congreso",NA,NA,NA,NA,1456,1433,2889,9
"7332",68855,27217,"Valle de San José","Santander",2006,"Congreso",NA,NA,NA,"EL CERRO",64,78,142,1
"7333",68855,27217,"Valle de San José","Santander",2006,"Congreso",NA,NA,NA,"SANTA TERESA",161,178,339,1
"7334",68855,27217,"Valle de San José","Santander",2006,"Congreso",NA,NA,NA,"VEGA DE PLAZAS",89,98,187,1
"7335",68867,27219,"Vetas","Santander",2006,"Congreso",NA,NA,NA,NA,691,648,1339,4
"7336",68861,27220,"Vélez","Santander",2006,"Congreso",NA,NA,NA,NA,6615,6274,12889,38
"7337",68861,27220,"Vélez","Santander",2006,"Congreso",NA,NA,NA,"CARCEL",1,24,25,1
"7338",68861,27220,"Vélez","Santander",2006,"Congreso",NA,NA,NA,"ALTO JORDAN",304,326,630,2
"7339",68861,27220,"Vélez","Santander",2006,"Congreso",NA,NA,NA,"GUALILO",229,300,529,2
"7340",68861,27220,"Vélez","Santander",2006,"Congreso",NA,NA,NA,"LA TEBAIDA (LA FLORIDA)",45,43,88,1
"7341",68861,27220,"Vélez","Santander",2006,"Congreso",NA,NA,NA,"LOS GUAYABOS",156,178,334,1
"7342",68861,27220,"Vélez","Santander",2006,"Congreso",NA,NA,NA,"ROPERO",135,142,277,1
"7343",68861,27220,"Vélez","Santander",2006,"Congreso",NA,NA,NA,"TIENDA NUEVA (CAÑO BONITO)",23,41,64,1
"7344",68872,27221,"Villanueva","Santander",2006,"Congreso",NA,NA,NA,NA,2857,2494,5351,16
"7345",68895,27223,"Zapatoca","Santander",2006,"Congreso",NA,NA,NA,NA,3105,2718,5823,17
"7346",68895,27223,"Zapatoca","Santander",2006,"Congreso",NA,NA,NA,"LA FUENTE",200,201,401,2
"7347",68895,27223,"Zapatoca","Santander",2006,"Congreso",NA,NA,NA,"LA PLAZUELA",70,130,200,1
"7348",70001,28001,"Sincelejo","Sucre",2006,"Congreso",NA,NA,NA,"ESC. NORMAL NACIONAL",6516,6579,13095,39
"7349",70001,28001,"Sincelejo","Sucre",2006,"Congreso",NA,NA,NA,"CENTRO EDUC. LEONCITO",2941,1394,4335,13
"7350",70001,28001,"Sincelejo","Sucre",2006,"Congreso",NA,NA,NA,"INT. TECNICO INDUSTRIAL",2090,1695,3785,12
"7351",70001,28001,"Sincelejo","Sucre",2006,"Congreso",NA,NA,NA,"ESC. NTRA. SRA. DEL CARMEN",5119,4198,9317,28
"7352",70001,28001,"Sincelejo","Sucre",2006,"Congreso",NA,NA,NA,"ESC. MADRE AMALIA",2039,1550,3589,11
"7353",70001,28001,"Sincelejo","Sucre",2006,"Congreso",NA,NA,NA,"COLEGIO ANTONIO LENIS",6031,4807,10838,32
"7354",70001,28001,"Sincelejo","Sucre",2006,"Congreso",NA,NA,NA,"C.D.V.",2111,1383,3494,11
"7355",70001,28001,"Sincelejo","Sucre",2006,"Congreso",NA,NA,NA,"LICEO BOLIVAR",6064,5981,12045,36
"7356",70001,28001,"Sincelejo","Sucre",2006,"Congreso",NA,NA,NA,"INSTITUTO SABANAS",774,707,1481,5
"7357",70001,28001,"Sincelejo","Sucre",2006,"Congreso",NA,NA,NA,"ESC. SAN LUIS",3595,2884,6479,19
"7358",70001,28001,"Sincelejo","Sucre",2006,"Congreso",NA,NA,NA,"ESC.EL SALVADOR",1345,1049,2394,7
"7359",70001,28001,"Sincelejo","Sucre",2006,"Congreso",NA,NA,NA,"COL. BIENESTAR SOCIAL",6088,5028,11116,33
"7360",70001,28001,"Sincelejo","Sucre",2006,"Congreso",NA,NA,NA,"INST. PEDAGOGICO VENECIA",2063,1532,3595,11
"7361",70001,28001,"Sincelejo","Sucre",2006,"Congreso",NA,NA,NA,"INST. NAL. SIMON ARAUJO",5991,5421,11412,34
"7362",70001,28001,"Sincelejo","Sucre",2006,"Congreso",NA,NA,NA,"COLEGIO LA ESPERANZA",2317,1882,4199,13
"7363",70001,28001,"Sincelejo","Sucre",2006,"Congreso",NA,NA,NA,"COLEGIO COOPERATIVO",3121,2757,5878,18
"7364",70001,28001,"Sincelejo","Sucre",2006,"Congreso",NA,NA,NA,"PUESTO CENSO",17406,15367,32773,42
"7365",70001,28001,"Sincelejo","Sucre",2006,"Congreso",NA,NA,NA,"CARCEL",26,176,202,1
"7366",70001,28001,"Sincelejo","Sucre",2006,"Congreso",NA,NA,NA,"BUENAVISTA",348,377,725,3
"7367",70001,28001,"Sincelejo","Sucre",2006,"Congreso",NA,NA,NA,"CASTA/EDA",247,280,527,2
"7368",70001,28001,"Sincelejo","Sucre",2006,"Congreso",NA,NA,NA,"CHOCHO",1277,1242,2519,8
"7369",70001,28001,"Sincelejo","Sucre",2006,"Congreso",NA,NA,NA,"CRUZ DEL BEQUE",192,228,420,2
"7370",70001,28001,"Sincelejo","Sucre",2006,"Congreso",NA,NA,NA,"EL CERRITO",278,302,580,2
"7371",70001,28001,"Sincelejo","Sucre",2006,"Congreso",NA,NA,NA,"LA ARENA",466,529,995,3
"7372",70001,28001,"Sincelejo","Sucre",2006,"Congreso",NA,NA,NA,"LA CHIVERA",102,130,232,1
"7373",70001,28001,"Sincelejo","Sucre",2006,"Congreso",NA,NA,NA,"LA GALLERA",662,690,1352,4
"7374",70001,28001,"Sincelejo","Sucre",2006,"Congreso",NA,NA,NA,"LA PE/ATA",76,119,195,1
"7375",70001,28001,"Sincelejo","Sucre",2006,"Congreso",NA,NA,NA,"LAGUNA FLOR",148,160,308,1
"7376",70001,28001,"Sincelejo","Sucre",2006,"Congreso",NA,NA,NA,"LAS HUERTAS",122,149,271,1
"7377",70001,28001,"Sincelejo","Sucre",2006,"Congreso",NA,NA,NA,"LAS MAJAGUAS",94,135,229,1
"7378",70001,28001,"Sincelejo","Sucre",2006,"Congreso",NA,NA,NA,"LAS PALMAS",212,251,463,2
"7379",70001,28001,"Sincelejo","Sucre",2006,"Congreso",NA,NA,NA,"MOCHA",202,230,432,2
"7380",70001,28001,"Sincelejo","Sucre",2006,"Congreso",NA,NA,NA,"SABANAS DEL POTRERO",316,350,666,2
"7381",70001,28001,"Sincelejo","Sucre",2006,"Congreso",NA,NA,NA,"SAN ANTONIO",286,311,597,2
"7382",70001,28001,"Sincelejo","Sucre",2006,"Congreso",NA,NA,NA,"SAN RAFAEL (EL ZANJON)",51,74,125,1
"7383",70001,28001,"Sincelejo","Sucre",2006,"Congreso",NA,NA,NA,"VILLA DE SAN MARTIN",327,364,691,3
"7384",70110,28010,"Buenavista","Sucre",2006,"Congreso",NA,NA,NA,NA,3488,4015,7503,22
"7385",70110,28010,"Buenavista","Sucre",2006,"Congreso",NA,NA,NA,"LAS CHICHAS",211,246,457,2
"7386",70124,28020,"Caimito","Sucre",2006,"Congreso",NA,NA,NA,NA,1745,2155,3900,12
"7387",70124,28020,"Caimito","Sucre",2006,"Congreso",NA,NA,NA,"ALFEREZ",208,250,458,2
"7388",70124,28020,"Caimito","Sucre",2006,"Congreso",NA,NA,NA,"CEDE/O",92,123,215,1
"7389",70124,28020,"Caimito","Sucre",2006,"Congreso",NA,NA,NA,"EL MAMON",156,211,367,2
"7390",70124,28020,"Caimito","Sucre",2006,"Congreso",NA,NA,NA,"LOS CAYITOS",286,369,655,2
"7391",70124,28020,"Caimito","Sucre",2006,"Congreso",NA,NA,NA,"NUEVA ESTACION",179,179,358,2
"7392",70124,28020,"Caimito","Sucre",2006,"Congreso",NA,NA,NA,"SIETE PALMAS",187,203,390,2
"7393",70204,28030,"Coloso","Sucre",2006,"Congreso",NA,NA,NA,NA,1771,2071,3842,12
"7394",70204,28030,"Coloso","Sucre",2006,"Congreso",NA,NA,NA,"CHINULITO",91,173,264,1
"7395",70204,28030,"Coloso","Sucre",2006,"Congreso",NA,NA,NA,"EL BAJO DE DON JUAN",99,140,239,1
"7396",70204,28030,"Coloso","Sucre",2006,"Congreso",NA,NA,NA,"EL CERRO",15,32,47,1
"7397",70215,28040,"Corozal","Sucre",2006,"Congreso",NA,NA,NA,"PABLO VI",2910,3063,5973,18
"7398",70215,28040,"Corozal","Sucre",2006,"Congreso",NA,NA,NA,"ESC. NORMAL NAL. SUPERIOR",3676,2609,6285,19
"7399",70215,28040,"Corozal","Sucre",2006,"Congreso",NA,NA,NA,"JARDIN INFANTIL EL CERRITO",2486,2147,4633,14
"7400",70215,28040,"Corozal","Sucre",2006,"Congreso",NA,NA,NA,"LICEO CARMELO PERCY V.",2382,1922,4304,13
"7401",70215,28040,"Corozal","Sucre",2006,"Congreso",NA,NA,NA,"PUESTO CENSO",5387,4799,10186,13
"7402",70215,28040,"Corozal","Sucre",2006,"Congreso",NA,NA,NA,"CARCEL NACIONAL",1,25,26,1
"7403",70215,28040,"Corozal","Sucre",2006,"Congreso",NA,NA,NA,"CANTAGALLO",255,263,518,2
"7404",70215,28040,"Corozal","Sucre",2006,"Congreso",NA,NA,NA,"CHAPINERO",354,373,727,3
"7405",70215,28040,"Corozal","Sucre",2006,"Congreso",NA,NA,NA,"DON ALONSO",441,483,924,3
"7406",70215,28040,"Corozal","Sucre",2006,"Congreso",NA,NA,NA,"EL MAMON",709,740,1449,5
"7407",70215,28040,"Corozal","Sucre",2006,"Congreso",NA,NA,NA,"HATO NUEVO",410,462,872,3
"7408",70215,28040,"Corozal","Sucre",2006,"Congreso",NA,NA,NA,"LAS LLANADAS",857,931,1788,6
"7409",70215,28040,"Corozal","Sucre",2006,"Congreso",NA,NA,NA,"LAS PE/AS",302,308,610,2
"7410",70215,28040,"Corozal","Sucre",2006,"Congreso",NA,NA,NA,"LAS TINAS",209,241,450,2
"7411",70215,28040,"Corozal","Sucre",2006,"Congreso",NA,NA,NA,"PILETA",451,479,930,3
"7412",70215,28040,"Corozal","Sucre",2006,"Congreso",NA,NA,NA,"EL RINCON DE LAS FLORES",105,108,213,1
"7413",70221,28041,"Coveñas","Sucre",2006,"Congreso",NA,NA,NA,NA,1545,1579,3124,10
"7414",70221,28041,"Coveñas","Sucre",2006,"Congreso",NA,NA,NA,"BOCA DE LA CIENAGA",247,353,600,2
"7415",70221,28041,"Coveñas","Sucre",2006,"Congreso",NA,NA,NA,"EL REPARO",229,266,495,2
"7416",70221,28041,"Coveñas","Sucre",2006,"Congreso",NA,NA,NA,"GUAYABAL",753,842,1595,5
"7417",70233,28042,"El Roble","Sucre",2006,"Congreso",NA,NA,NA,NA,1312,1530,2842,9
"7418",70233,28042,"El Roble","Sucre",2006,"Congreso",NA,NA,NA,"CALLEJON",49,55,104,1
"7419",70233,28042,"El Roble","Sucre",2006,"Congreso",NA,NA,NA,"CAYO DE PALMA",149,201,350,2
"7420",70233,28042,"El Roble","Sucre",2006,"Congreso",NA,NA,NA,"CORNETA",130,152,282,1
"7421",70233,28042,"El Roble","Sucre",2006,"Congreso",NA,NA,NA,"GRILLO ALEGRE",60,67,127,1
"7422",70233,28042,"El Roble","Sucre",2006,"Congreso",NA,NA,NA,"LAS TABLITAS",113,162,275,1
"7423",70233,28042,"El Roble","Sucre",2006,"Congreso",NA,NA,NA,"PATILLAL",86,88,174,1
"7424",70233,28042,"El Roble","Sucre",2006,"Congreso",NA,NA,NA,"EL SITIO",288,304,592,2
"7425",70233,28042,"El Roble","Sucre",2006,"Congreso",NA,NA,NA,"PALMITAL",92,100,192,1
"7426",70233,28042,"El Roble","Sucre",2006,"Congreso",NA,NA,NA,"SAN FRANCISCO",188,204,392,2
"7427",70233,28042,"El Roble","Sucre",2006,"Congreso",NA,NA,NA,"VILLAVICENCIO (PALMA GIPATA)",51,93,144,1
"7428",70233,28042,"El Roble","Sucre",2006,"Congreso",NA,NA,NA,"TIERRA SANTA",40,54,94,1
"7429",70230,28045,"Chalán","Sucre",2006,"Congreso",NA,NA,NA,NA,1338,1566,2904,9
"7430",70230,28045,"Chalán","Sucre",2006,"Congreso",NA,NA,NA,"LA CEIBA",51,100,151,1
"7431",70235,28048,"Galeras","Sucre",2006,"Congreso",NA,NA,NA,NA,4429,4721,9150,27
"7432",70235,28048,"Galeras","Sucre",2006,"Congreso",NA,NA,NA,"BARAYA",175,246,421,2
"7433",70235,28048,"Galeras","Sucre",2006,"Congreso",NA,NA,NA,"JUNIN",175,219,394,2
"7434",70235,28048,"Galeras","Sucre",2006,"Congreso",NA,NA,NA,"PUERTO FRANCO",292,346,638,2
"7435",70235,28048,"Galeras","Sucre",2006,"Congreso",NA,NA,NA,"SAN ANDRES DE PALOMO",370,422,792,3
"7436",70235,28048,"Galeras","Sucre",2006,"Congreso",NA,NA,NA,"SAN JOSE DE RIVERA",246,303,549,2
"7437",70265,28049,"Guaranda","Sucre",2006,"Congreso",NA,NA,NA,NA,2460,2851,5311,16
"7438",70265,28049,"Guaranda","Sucre",2006,"Congreso",NA,NA,NA,"CONCORDIA",102,170,272,1
"7439",70265,28049,"Guaranda","Sucre",2006,"Congreso",NA,NA,NA,"DIAZ GRANADOS",119,227,346,2
"7440",70265,28049,"Guaranda","Sucre",2006,"Congreso",NA,NA,NA,"GAVALDA",204,377,581,2
"7441",70265,28049,"Guaranda","Sucre",2006,"Congreso",NA,NA,NA,"LAS PAVAS",103,146,249,1
"7442",70265,28049,"Guaranda","Sucre",2006,"Congreso",NA,NA,NA,"NUEVA ESPERANZA",160,253,413,2
"7443",70265,28049,"Guaranda","Sucre",2006,"Congreso",NA,NA,NA,"PALMARITICO",255,362,617,2
"7444",70265,28049,"Guaranda","Sucre",2006,"Congreso",NA,NA,NA,"PUERTO LOPEZ",282,488,770,3
"7445",70265,28049,"Guaranda","Sucre",2006,"Congreso",NA,NA,NA,"TIERRA SANTA",214,263,477,2
"7446",70400,28050,"La Unión","Sucre",2006,"Congreso",NA,NA,NA,NA,2553,2733,5286,16
"7447",70400,28050,"La Unión","Sucre",2006,"Congreso",NA,NA,NA,"CAYO DELGADO",216,266,482,2
"7448",70400,28050,"La Unión","Sucre",2006,"Congreso",NA,NA,NA,"LA CONCEPCION",37,62,99,1
"7449",70400,28050,"La Unión","Sucre",2006,"Congreso",NA,NA,NA,"LAS PALMITAS",148,192,340,1
"7450",70400,28050,"La Unión","Sucre",2006,"Congreso",NA,NA,NA,"PAJARITO",213,268,481,2
"7451",70400,28050,"La Unión","Sucre",2006,"Congreso",NA,NA,NA,"SABANETA",278,368,646,2
"7452",70418,28055,"Los Palmitos","Sucre",2006,"Congreso",NA,NA,NA,NA,3706,3762,7468,22
"7453",70418,28055,"Los Palmitos","Sucre",2006,"Congreso",NA,NA,NA,"EL COLEY",215,247,462,2
"7454",70418,28055,"Los Palmitos","Sucre",2006,"Congreso",NA,NA,NA,"EL PI/AL",371,440,811,3
"7455",70418,28055,"Los Palmitos","Sucre",2006,"Congreso",NA,NA,NA,"PALMAS DE VINO",363,498,861,3
"7456",70418,28055,"Los Palmitos","Sucre",2006,"Congreso",NA,NA,NA,"SABANAS DE BELTRAN",713,810,1523,5
"7457",70418,28055,"Los Palmitos","Sucre",2006,"Congreso",NA,NA,NA,"SABANAS DE PEDRO",379,459,838,3
"7458",70418,28055,"Los Palmitos","Sucre",2006,"Congreso",NA,NA,NA,"NARANJAL",70,101,171,1
"7459",70418,28055,"Los Palmitos","Sucre",2006,"Congreso",NA,NA,NA,"BIRMANIA",117,144,261,1
"7460",70429,28060,"Majagual","Sucre",2006,"Congreso",NA,NA,NA,NA,3281,3950,7231,22
"7461",70429,28060,"Majagual","Sucre",2006,"Congreso",NA,NA,NA,"BOCA DE LAS MUJERES",170,227,397,2
"7462",70429,28060,"Majagual","Sucre",2006,"Congreso",NA,NA,NA,"EL COCO",90,123,213,1
"7463",70429,28060,"Majagual","Sucre",2006,"Congreso",NA,NA,NA,"EL COROZAL",115,186,301,1
"7464",70429,28060,"Majagual","Sucre",2006,"Congreso",NA,NA,NA,"EL CIEGO",127,157,284,1
"7465",70429,28060,"Majagual","Sucre",2006,"Congreso",NA,NA,NA,"EL PALOMAR",151,208,359,2
"7466",70429,28060,"Majagual","Sucre",2006,"Congreso",NA,NA,NA,"EL NARANJO",235,350,585,2
"7467",70429,28060,"Majagual","Sucre",2006,"Congreso",NA,NA,NA,"EDUARDO SANTOS",175,267,442,2
"7468",70429,28060,"Majagual","Sucre",2006,"Congreso",NA,NA,NA,"LA SIERPITA",298,453,751,3
"7469",70429,28060,"Majagual","Sucre",2006,"Congreso",NA,NA,NA,"LAS PALMITAS",197,250,447,2
"7470",70429,28060,"Majagual","Sucre",2006,"Congreso",NA,NA,NA,"LOS PATOS",119,178,297,1
"7471",70429,28060,"Majagual","Sucre",2006,"Congreso",NA,NA,NA,"MIRA FLOREZ",178,270,448,2
"7472",70429,28060,"Majagual","Sucre",2006,"Congreso",NA,NA,NA,"LAS MARTHAS",82,124,206,1
"7473",70429,28060,"Majagual","Sucre",2006,"Congreso",NA,NA,NA,"LAS CANDELARIAS",171,253,424,2
"7474",70429,28060,"Majagual","Sucre",2006,"Congreso",NA,NA,NA,"LAS TRES BOCAS",124,202,326,1
"7475",70429,28060,"Majagual","Sucre",2006,"Congreso",NA,NA,NA,"LEON BLANCO",77,113,190,1
"7476",70429,28060,"Majagual","Sucre",2006,"Congreso",NA,NA,NA,"PALMARITO",156,190,346,2
"7477",70429,28060,"Majagual","Sucre",2006,"Congreso",NA,NA,NA,"PIZA",310,388,698,3
"7478",70429,28060,"Majagual","Sucre",2006,"Congreso",NA,NA,NA,"PUEBLONUEVO",264,374,638,2
"7479",70429,28060,"Majagual","Sucre",2006,"Congreso",NA,NA,NA,"SAN MIGUEL",85,110,195,1
"7480",70429,28060,"Majagual","Sucre",2006,"Congreso",NA,NA,NA,"SAN ROQUE",400,493,893,3
"7481",70429,28060,"Majagual","Sucre",2006,"Congreso",NA,NA,NA,"SANTANDER",207,299,506,2
"7482",70429,28060,"Majagual","Sucre",2006,"Congreso",NA,NA,NA,"SINCELEJITO",159,209,368,2
"7483",70429,28060,"Majagual","Sucre",2006,"Congreso",NA,NA,NA,"TOMALA",146,219,365,2
"7484",70429,28060,"Majagual","Sucre",2006,"Congreso",NA,NA,NA,"TOTUMAL",44,50,94,1
"7485",70429,28060,"Majagual","Sucre",2006,"Congreso",NA,NA,NA,"ZAPATA",346,518,864,3
"7486",70473,28080,"Morroa","Sucre",2006,"Congreso",NA,NA,NA,NA,3143,2974,6117,18
"7487",70473,28080,"Morroa","Sucre",2006,"Congreso",NA,NA,NA,"BREMEN",205,212,417,2
"7488",70473,28080,"Morroa","Sucre",2006,"Congreso",NA,NA,NA,"BRISAS DEL MAR",84,96,180,1
"7489",70473,28080,"Morroa","Sucre",2006,"Congreso",NA,NA,NA,"CAMBIMBA",32,37,69,1
"7490",70473,28080,"Morroa","Sucre",2006,"Congreso",NA,NA,NA,"EL RINCON",116,124,240,1
"7491",70473,28080,"Morroa","Sucre",2006,"Congreso",NA,NA,NA,"EL YESO",75,114,189,1
"7492",70473,28080,"Morroa","Sucre",2006,"Congreso",NA,NA,NA,"LAS FLORES",137,164,301,1
"7493",70473,28080,"Morroa","Sucre",2006,"Congreso",NA,NA,NA,"PICHILIN",26,31,57,1
"7494",70473,28080,"Morroa","Sucre",2006,"Congreso",NA,NA,NA,"SABANAS DE CALI",181,161,342,1
"7495",70473,28080,"Morroa","Sucre",2006,"Congreso",NA,NA,NA,"SABANETA",40,74,114,1
"7496",70473,28080,"Morroa","Sucre",2006,"Congreso",NA,NA,NA,"TUMBATORO",98,157,255,1
"7497",70508,28100,"Ovejas","Sucre",2006,"Congreso",NA,NA,NA,NA,5487,5887,11374,34
"7498",70508,28100,"Ovejas","Sucre",2006,"Congreso",NA,NA,NA,"ALMAGRA",108,180,288,1
"7499",70508,28100,"Ovejas","Sucre",2006,"Congreso",NA,NA,NA,"CANUTAL",305,392,697,3
"7500",70508,28100,"Ovejas","Sucre",2006,"Congreso",NA,NA,NA,"CANUTALITO",228,313,541,2
"7501",70508,28100,"Ovejas","Sucre",2006,"Congreso",NA,NA,NA,"CHENGUE",77,98,175,1
"7502",70508,28100,"Ovejas","Sucre",2006,"Congreso",NA,NA,NA,"DON GABRIEL",166,295,461,2
"7503",70508,28100,"Ovejas","Sucre",2006,"Congreso",NA,NA,NA,"EL FLORAL",55,66,121,1
"7504",70508,28100,"Ovejas","Sucre",2006,"Congreso",NA,NA,NA,"FLOR DEL MONTE",411,508,919,3
"7505",70508,28100,"Ovejas","Sucre",2006,"Congreso",NA,NA,NA,"LA PE/A",333,411,744,3
"7506",70508,28100,"Ovejas","Sucre",2006,"Congreso",NA,NA,NA,"PIJIGUAY",110,190,300,1
"7507",70508,28100,"Ovejas","Sucre",2006,"Congreso",NA,NA,NA,"SAN RAFAEL",217,266,483,2
"7508",70508,28100,"Ovejas","Sucre",2006,"Congreso",NA,NA,NA,"SALITRAL",31,66,97,1
"7509",70523,28120,"Palmito","Sucre",2006,"Congreso",NA,NA,NA,NA,3444,3672,7116,21
"7510",70523,28120,"Palmito","Sucre",2006,"Congreso",NA,NA,NA,"ALGODONCILLO",447,513,960,3
"7511",70523,28120,"Palmito","Sucre",2006,"Congreso",NA,NA,NA,"GUAIMARAL",134,186,320,1
"7512",70523,28120,"Palmito","Sucre",2006,"Congreso",NA,NA,NA,"GUAIMI",390,448,838,3
"7513",70670,28160,"Sampués","Sucre",2006,"Congreso",NA,NA,NA,NA,6653,6440,13093,39
"7514",70670,28160,"Sampués","Sucre",2006,"Congreso",NA,NA,NA,"ACHIOTE",279,334,613,2
"7515",70670,28160,"Sampués","Sucre",2006,"Congreso",NA,NA,NA,"BOSSA NAVARRO",487,510,997,3
"7516",70670,28160,"Sampués","Sucre",2006,"Congreso",NA,NA,NA,"CEJA DEL MANGO",110,187,297,1
"7517",70670,28160,"Sampués","Sucre",2006,"Congreso",NA,NA,NA,"EL CAMPO",89,97,186,1
"7518",70670,28160,"Sampués","Sucre",2006,"Congreso",NA,NA,NA,"ESCOBAR ABAJO",299,332,631,2
"7519",70670,28160,"Sampués","Sucre",2006,"Congreso",NA,NA,NA,"ESCOBAR ARRIBA",347,390,737,3
"7520",70670,28160,"Sampués","Sucre",2006,"Congreso",NA,NA,NA,"HUERTAS CHICAS",288,356,644,2
"7521",70670,28160,"Sampués","Sucre",2006,"Congreso",NA,NA,NA,"LA NEGRA",262,313,575,2
"7522",70670,28160,"Sampués","Sucre",2006,"Congreso",NA,NA,NA,"LOMA DE PIEDRA",143,168,311,1
"7523",70670,28160,"Sampués","Sucre",2006,"Congreso",NA,NA,NA,"MATA DE CA/A",403,376,779,3
"7524",70670,28160,"Sampués","Sucre",2006,"Congreso",NA,NA,NA,"MATEO PEREZ",269,273,542,2
"7525",70670,28160,"Sampués","Sucre",2006,"Congreso",NA,NA,NA,"PALITO",105,109,214,1
"7526",70670,28160,"Sampués","Sucre",2006,"Congreso",NA,NA,NA,"PIEDRAS BLANCAS",233,282,515,2
"7527",70670,28160,"Sampués","Sucre",2006,"Congreso",NA,NA,NA,"SABANALARGA",140,174,314,1
"7528",70670,28160,"Sampués","Sucre",2006,"Congreso",NA,NA,NA,"SAN LUIS",623,662,1285,4
"7529",70670,28160,"Sampués","Sucre",2006,"Congreso",NA,NA,NA,"SILOE",101,93,194,1
"7530",70670,28160,"Sampués","Sucre",2006,"Congreso",NA,NA,NA,"SEGOVIA",337,344,681,2
"7531",70678,28180,"San Benito Abad","Sucre",2006,"Congreso",NA,NA,NA,NA,2515,2722,5237,16
"7532",70678,28180,"San Benito Abad","Sucre",2006,"Congreso",NA,NA,NA,"CIENEGA NUEVA",77,139,216,1
"7533",70678,28180,"San Benito Abad","Sucre",2006,"Congreso",NA,NA,NA,"CIZPATACA",160,195,355,2
"7534",70678,28180,"San Benito Abad","Sucre",2006,"Congreso",NA,NA,NA,"CUIVA",139,194,333,1
"7535",70678,28180,"San Benito Abad","Sucre",2006,"Congreso",NA,NA,NA,"DO/A ANA",113,154,267,1
"7536",70678,28180,"San Benito Abad","Sucre",2006,"Congreso",NA,NA,NA,"EL LIMON",91,150,241,1
"7537",70678,28180,"San Benito Abad","Sucre",2006,"Congreso",NA,NA,NA,"GUAYABAL (SAN MATIAS)",104,139,243,1
"7538",70678,28180,"San Benito Abad","Sucre",2006,"Congreso",NA,NA,NA,"EL CAUCHAL",154,216,370,2
"7539",70678,28180,"San Benito Abad","Sucre",2006,"Congreso",NA,NA,NA,"JEGUA",265,365,630,2
"7540",70678,28180,"San Benito Abad","Sucre",2006,"Congreso",NA,NA,NA,"LAS CHISPAS",143,214,357,2
"7541",70678,28180,"San Benito Abad","Sucre",2006,"Congreso",NA,NA,NA,"LA VENTURA",330,425,755,3
"7542",70678,28180,"San Benito Abad","Sucre",2006,"Congreso",NA,NA,NA,"LAS DELICIAS",251,332,583,2
"7543",70678,28180,"San Benito Abad","Sucre",2006,"Congreso",NA,NA,NA,"LOS ANGELES (CORRAL VIEJO)",149,225,374,2
"7544",70678,28180,"San Benito Abad","Sucre",2006,"Congreso",NA,NA,NA,"PUNTA NUEVA",55,84,139,1
"7545",70678,28180,"San Benito Abad","Sucre",2006,"Congreso",NA,NA,NA,"PUNTA DE BLANCO",345,412,757,3
"7546",70678,28180,"San Benito Abad","Sucre",2006,"Congreso",NA,NA,NA,"RABON",86,167,253,1
"7547",70678,28180,"San Benito Abad","Sucre",2006,"Congreso",NA,NA,NA,"SAN ISIDRO",142,231,373,2
"7548",70678,28180,"San Benito Abad","Sucre",2006,"Congreso",NA,NA,NA,"SAN ROQUE",194,227,421,2
"7549",70678,28180,"San Benito Abad","Sucre",2006,"Congreso",NA,NA,NA,"SANTIAGO APOSTOL",862,1030,1892,6
"7550",70678,28180,"San Benito Abad","Sucre",2006,"Congreso",NA,NA,NA,"VILLA NUEVA",98,133,231,1
"7551",70702,28190,"San Juan de Betulia","Sucre",2006,"Congreso",NA,NA,NA,NA,3040,3074,6114,18
"7552",70702,28190,"San Juan de Betulia","Sucre",2006,"Congreso",NA,NA,NA,"ALBANIA",757,841,1598,5
"7553",70702,28190,"San Juan de Betulia","Sucre",2006,"Congreso",NA,NA,NA,"HATO VIEJO",122,163,285,1
"7554",70702,28190,"San Juan de Betulia","Sucre",2006,"Congreso",NA,NA,NA,"SABANETA",136,191,327,1
"7555",70702,28190,"San Juan de Betulia","Sucre",2006,"Congreso",NA,NA,NA,"VILLA LOPEZ",149,202,351,2
"7556",70702,28190,"San Juan de Betulia","Sucre",2006,"Congreso",NA,NA,NA,"LOMA ALTA",115,137,252,1
"7557",70708,28200,"San Marcos","Sucre",2006,"Congreso",NA,NA,NA,"ESCUELA SAN MARQUITOS",1311,3836,5147,15
"7558",70708,28200,"San Marcos","Sucre",2006,"Congreso",NA,NA,NA,"COLISEO CUBIERTO",2834,1696,4530,14
"7559",70708,28200,"San Marcos","Sucre",2006,"Congreso",NA,NA,NA,"COL.BACHILLERATO SAN MARCOS",6422,6178,12600,37
"7560",70708,28200,"San Marcos","Sucre",2006,"Congreso",NA,NA,NA,"ESCUELA SAN JOSE",1843,1463,3306,10
"7561",70708,28200,"San Marcos","Sucre",2006,"Congreso",NA,NA,NA,"BELEN",411,476,887,3
"7562",70708,28200,"San Marcos","Sucre",2006,"Congreso",NA,NA,NA,"BUENAVISTA",396,483,879,3
"7563",70708,28200,"San Marcos","Sucre",2006,"Congreso",NA,NA,NA,"CA/O PRIETO",184,236,420,2
"7564",70708,28200,"San Marcos","Sucre",2006,"Congreso",NA,NA,NA,"CUENCA",368,487,855,3
"7565",70708,28200,"San Marcos","Sucre",2006,"Congreso",NA,NA,NA,"EL LIMON",305,361,666,2
"7566",70708,28200,"San Marcos","Sucre",2006,"Congreso",NA,NA,NA,"EL PITAL",84,126,210,1
"7567",70708,28200,"San Marcos","Sucre",2006,"Congreso",NA,NA,NA,"EL TABLON",239,291,530,2
"7568",70708,28200,"San Marcos","Sucre",2006,"Congreso",NA,NA,NA,"NEIVA",237,323,560,2
"7569",70708,28200,"San Marcos","Sucre",2006,"Congreso",NA,NA,NA,"LA QUEBRADA O QUEBRADA VIEJA",161,169,330,1
"7570",70708,28200,"San Marcos","Sucre",2006,"Congreso",NA,NA,NA,"LAS FLORES",677,799,1476,5
"7571",70708,28200,"San Marcos","Sucre",2006,"Congreso",NA,NA,NA,"SANTA INES",183,238,421,2
"7572",70713,28220,"San Onofre","Sucre",2006,"Congreso",NA,NA,NA,"COLEGIO ANTONIO NARIÑO",105,4237,4342,13
"7573",70713,28220,"San Onofre","Sucre",2006,"Congreso",NA,NA,NA,"COLEGIO SANTA CLARA",3641,393,4034,12
"7574",70713,28220,"San Onofre","Sucre",2006,"Congreso",NA,NA,NA,"ESCUELA MADRE BERNARDA",4019,2286,6305,19
"7575",70713,28220,"San Onofre","Sucre",2006,"Congreso",NA,NA,NA,"ESCUELA SAN JOSE",676,1894,2570,8
"7576",70713,28220,"San Onofre","Sucre",2006,"Congreso",NA,NA,NA,"AGUACATE",142,253,395,2
"7577",70713,28220,"San Onofre","Sucre",2006,"Congreso",NA,NA,NA,"AGUAS NEGRAS",285,332,617,2
"7578",70713,28220,"San Onofre","Sucre",2006,"Congreso",NA,NA,NA,"BARRANCA",209,302,511,2
"7579",70713,28220,"San Onofre","Sucre",2006,"Congreso",NA,NA,NA,"BERLIN",225,270,495,2
"7580",70713,28220,"San Onofre","Sucre",2006,"Congreso",NA,NA,NA,"BERRUGAS",723,784,1507,5
"7581",70713,28220,"San Onofre","Sucre",2006,"Congreso",NA,NA,NA,"BOCACERRADA",99,154,253,1
"7582",70713,28220,"San Onofre","Sucre",2006,"Congreso",NA,NA,NA,"BUENOS AIRES",56,98,154,1
"7583",70713,28220,"San Onofre","Sucre",2006,"Congreso",NA,NA,NA,"EL CHICHO",95,114,209,1
"7584",70713,28220,"San Onofre","Sucre",2006,"Congreso",NA,NA,NA,"EL CERRO DE DOS CASAS",107,176,283,1
"7585",70713,28220,"San Onofre","Sucre",2006,"Congreso",NA,NA,NA,"HIGUERON",244,323,567,2
"7586",70713,28220,"San Onofre","Sucre",2006,"Congreso",NA,NA,NA,"LABARCE",309,430,739,3
"7587",70713,28220,"San Onofre","Sucre",2006,"Congreso",NA,NA,NA,"LIBERTAD",727,955,1682,5
"7588",70713,28220,"San Onofre","Sucre",2006,"Congreso",NA,NA,NA,"PALMIRA",162,234,396,2
"7589",70713,28220,"San Onofre","Sucre",2006,"Congreso",NA,NA,NA,"PAJONAL",420,526,946,3
"7590",70713,28220,"San Onofre","Sucre",2006,"Congreso",NA,NA,NA,"PAJONALITO",59,105,164,1
"7591",70713,28220,"San Onofre","Sucre",2006,"Congreso",NA,NA,NA,"PALACIO",110,166,276,1
"7592",70713,28220,"San Onofre","Sucre",2006,"Congreso",NA,NA,NA,"EL PUEBLITO",143,162,305,1
"7593",70713,28220,"San Onofre","Sucre",2006,"Congreso",NA,NA,NA,"PALO ALTO",983,1149,2132,7
"7594",70713,28220,"San Onofre","Sucre",2006,"Congreso",NA,NA,NA,"PLAMPAREJO",242,328,570,2
"7595",70713,28220,"San Onofre","Sucre",2006,"Congreso",NA,NA,NA,"RINCON",474,563,1037,4
"7596",70713,28220,"San Onofre","Sucre",2006,"Congreso",NA,NA,NA,"SABANAS DE MUCACAL",286,379,665,2
"7597",70713,28220,"San Onofre","Sucre",2006,"Congreso",NA,NA,NA,"SAN ANTONIO",464,639,1103,4
"7598",70717,28240,"San Pedro","Sucre",2006,"Congreso",NA,NA,NA,NA,5504,6057,11561,34
"7599",70717,28240,"San Pedro","Sucre",2006,"Congreso",NA,NA,NA,"NUMANCIA",82,96,178,1
"7600",70717,28240,"San Pedro","Sucre",2006,"Congreso",NA,NA,NA,"ROVIRA",257,310,567,2
"7601",70717,28240,"San Pedro","Sucre",2006,"Congreso",NA,NA,NA,"SAN MATEO",289,305,594,2
"7602",70742,28260,"San Luis de Sincé","Sucre",2006,"Congreso",NA,NA,NA,NA,8610,8534,17144,50
"7603",70742,28260,"San Luis de Sincé","Sucre",2006,"Congreso",NA,NA,NA,"BAZAN",51,72,123,1
"7604",70742,28260,"San Luis de Sincé","Sucre",2006,"Congreso",NA,NA,NA,"COCOROTE",79,158,237,1
"7605",70742,28260,"San Luis de Sincé","Sucre",2006,"Congreso",NA,NA,NA,"GALAPAGO",47,59,106,1
"7606",70742,28260,"San Luis de Sincé","Sucre",2006,"Congreso",NA,NA,NA,"GRANADA",825,851,1676,5
"7607",70742,28260,"San Luis de Sincé","Sucre",2006,"Congreso",NA,NA,NA,"LA VIVIENDA (ARBOLEDA)",99,192,291,1
"7608",70742,28260,"San Luis de Sincé","Sucre",2006,"Congreso",NA,NA,NA,"LOS LIMONES",77,118,195,1
"7609",70742,28260,"San Luis de Sincé","Sucre",2006,"Congreso",NA,NA,NA,"MORALITO",107,193,300,1
"7610",70742,28260,"San Luis de Sincé","Sucre",2006,"Congreso",NA,NA,NA,"PERENDENGUE",40,63,103,1
"7611",70742,28260,"San Luis de Sincé","Sucre",2006,"Congreso",NA,NA,NA,"VALENCIA",314,395,709,3
"7612",70742,28260,"San Luis de Sincé","Sucre",2006,"Congreso",NA,NA,NA,"VELEZ",127,204,331,1
"7613",70771,28280,"Sucre","Sucre",2006,"Congreso",NA,NA,NA,NA,2777,3162,5939,18
"7614",70771,28280,"Sucre","Sucre",2006,"Congreso",NA,NA,NA,"ARBOLEDA",199,251,450,2
"7615",70771,28280,"Sucre","Sucre",2006,"Congreso",NA,NA,NA,"BAJOGRANDE",206,326,532,2
"7616",70771,28280,"Sucre","Sucre",2006,"Congreso",NA,NA,NA,"BAJO PUREZA",165,230,395,2
"7617",70771,28280,"Sucre","Sucre",2006,"Congreso",NA,NA,NA,"CALZON BLANCO",94,149,243,1
"7618",70771,28280,"Sucre","Sucre",2006,"Congreso",NA,NA,NA,"CAMAJON",154,203,357,2
"7619",70771,28280,"Sucre","Sucre",2006,"Congreso",NA,NA,NA,"CAMPO ALEGRE",148,219,367,2
"7620",70771,28280,"Sucre","Sucre",2006,"Congreso",NA,NA,NA,"CHAPARRAL",163,212,375,2
"7621",70771,28280,"Sucre","Sucre",2006,"Congreso",NA,NA,NA,"CORDOBA",330,500,830,3
"7622",70771,28280,"Sucre","Sucre",2006,"Congreso",NA,NA,NA,"EL CONGRESO",113,153,266,1
"7623",70771,28280,"Sucre","Sucre",2006,"Congreso",NA,NA,NA,"HATO NUEVO",232,232,464,2
"7624",70771,28280,"Sucre","Sucre",2006,"Congreso",NA,NA,NA,"ISLA DEL COCO",67,104,171,1
"7625",70771,28280,"Sucre","Sucre",2006,"Congreso",NA,NA,NA,"ISLA GRANDE",107,139,246,1
"7626",70771,28280,"Sucre","Sucre",2006,"Congreso",NA,NA,NA,"LA GUARIPA",323,453,776,3
"7627",70771,28280,"Sucre","Sucre",2006,"Congreso",NA,NA,NA,"LA PALMA",236,324,560,2
"7628",70771,28280,"Sucre","Sucre",2006,"Congreso",NA,NA,NA,"LA REDONDA",135,214,349,2
"7629",70771,28280,"Sucre","Sucre",2006,"Congreso",NA,NA,NA,"LA SOLERA",109,148,257,1
"7630",70771,28280,"Sucre","Sucre",2006,"Congreso",NA,NA,NA,"LA VENTURA",185,220,405,2
"7631",70771,28280,"Sucre","Sucre",2006,"Congreso",NA,NA,NA,"MACHETON",89,124,213,1
"7632",70771,28280,"Sucre","Sucre",2006,"Congreso",NA,NA,NA,"MALAMBO",80,132,212,1
"7633",70771,28280,"Sucre","Sucre",2006,"Congreso",NA,NA,NA,"MONTERIA",95,144,239,1
"7634",70771,28280,"Sucre","Sucre",2006,"Congreso",NA,NA,NA,"MUZANGA",73,99,172,1
"7635",70771,28280,"Sucre","Sucre",2006,"Congreso",NA,NA,NA,"NARANJAL",141,217,358,2
"7636",70771,28280,"Sucre","Sucre",2006,"Congreso",NA,NA,NA,"NARI/O",122,176,298,1
"7637",70771,28280,"Sucre","Sucre",2006,"Congreso",NA,NA,NA,"OREJERO",189,283,472,2
"7638",70771,28280,"Sucre","Sucre",2006,"Congreso",NA,NA,NA,"PAMPANILLA",156,197,353,2
"7639",70771,28280,"Sucre","Sucre",2006,"Congreso",NA,NA,NA,"QUITASUE/O",82,127,209,1
"7640",70771,28280,"Sucre","Sucre",2006,"Congreso",NA,NA,NA,"SAN LUIS",280,371,651,2
"7641",70771,28280,"Sucre","Sucre",2006,"Congreso",NA,NA,NA,"SAN CAYETANO",56,89,145,1
"7642",70771,28280,"Sucre","Sucre",2006,"Congreso",NA,NA,NA,"SAN JOSE",67,79,146,1
"7643",70771,28280,"Sucre","Sucre",2006,"Congreso",NA,NA,NA,"SAN MATEO",134,223,357,2
"7644",70771,28280,"Sucre","Sucre",2006,"Congreso",NA,NA,NA,"SAN RAFAEL",58,80,138,1
"7645",70771,28280,"Sucre","Sucre",2006,"Congreso",NA,NA,NA,"TRAVESIA",200,266,466,2
"7646",70820,28300,"Santiago de Tolú","Sucre",2006,"Congreso",NA,NA,NA,NA,7809,7436,15245,45
"7647",70820,28300,"Santiago de Tolú","Sucre",2006,"Congreso",NA,NA,NA,"NUEVA ERA",260,297,557,2
"7648",70820,28300,"Santiago de Tolú","Sucre",2006,"Congreso",NA,NA,NA,"PITA ABAJO",258,311,569,2
"7649",70820,28300,"Santiago de Tolú","Sucre",2006,"Congreso",NA,NA,NA,"PITA EN MEDIO",213,276,489,2
"7650",70820,28300,"Santiago de Tolú","Sucre",2006,"Congreso",NA,NA,NA,"PUERTO VIEJO",220,273,493,2
"7651",70823,28320,"Tolú Viejo","Sucre",2006,"Congreso",NA,NA,NA,NA,2446,2491,4937,15
"7652",70823,28320,"Tolú Viejo","Sucre",2006,"Congreso",NA,NA,NA,"CARACOL",380,460,840,3
"7653",70823,28320,"Tolú Viejo","Sucre",2006,"Congreso",NA,NA,NA,"EL CA/ITO",243,325,568,2
"7654",70823,28320,"Tolú Viejo","Sucre",2006,"Congreso",NA,NA,NA,"GUALON",336,386,722,3
"7655",70823,28320,"Tolú Viejo","Sucre",2006,"Congreso",NA,NA,NA,"LA UNION",269,272,541,2
"7656",70823,28320,"Tolú Viejo","Sucre",2006,"Congreso",NA,NA,NA,"LA SIRIA",85,104,189,1
"7657",70823,28320,"Tolú Viejo","Sucre",2006,"Congreso",NA,NA,NA,"LA PICHE",187,216,403,2
"7658",70823,28320,"Tolú Viejo","Sucre",2006,"Congreso",NA,NA,NA,"LAS PIEDRAS",255,333,588,2
"7659",70823,28320,"Tolú Viejo","Sucre",2006,"Congreso",NA,NA,NA,"MACAJAN",688,808,1496,5
"7660",70823,28320,"Tolú Viejo","Sucre",2006,"Congreso",NA,NA,NA,"PALMIRA",632,641,1273,4
"7661",70823,28320,"Tolú Viejo","Sucre",2006,"Congreso",NA,NA,NA,"VARSOVIA",615,745,1360,4
"7662",73001,29001,"Ibagué","Tolima",2006,"Congreso",NA,NA,NA,"ALCALDIA MUNICIPAL",2295,5352,7647,23
"7663",73001,29001,"Ibagué","Tolima",2006,"Congreso",NA,NA,NA,"INS.EDUC.AMINA MELENDRO SEDE1",4593,2299,6892,21
"7664",73001,29001,"Ibagué","Tolima",2006,"Congreso",NA,NA,NA,"CORPORACION UNIFICADA CUN",9862,2844,12706,37
"7665",73001,29001,"Ibagué","Tolima",2006,"Congreso",NA,NA,NA,"COLEGIO SALESIANO",6404,5583,11987,35
"7666",73001,29001,"Ibagué","Tolima",2006,"Congreso",NA,NA,NA,"INST.EDUC.NELSY GARCIA O.SEDE",1044,845,1889,6
"7667",73001,29001,"Ibagué","Tolima",2006,"Congreso",NA,NA,NA,"INST.EDUC.MARIANO M.SEDE 2",425,458,883,3
"7668",73001,29001,"Ibagué","Tolima",2006,"Congreso",NA,NA,NA,"INSTITUTO IBAGUEREÑO IBAL",531,510,1041,4
"7669",73001,29001,"Ibagué","Tolima",2006,"Congreso",NA,NA,NA,"INST. EDUC.DIEGO FALLON SEDE1",4130,3906,8036,24
"7670",73001,29001,"Ibagué","Tolima",2006,"Congreso",NA,NA,NA,"INST. EDUC.GERMAN PARDO SEDE2",2405,949,3354,10
"7671",73001,29001,"Ibagué","Tolima",2006,"Congreso",NA,NA,NA,"INST. EDUC. INEM MANUEL SEDE",2454,1768,4222,13
"7672",73001,29001,"Ibagué","Tolima",2006,"Congreso",NA,NA,NA,"INST. EDUC.INEM MANUEL SEDE 1",654,6090,6744,20
"7673",73001,29001,"Ibagué","Tolima",2006,"Congreso",NA,NA,NA,"INST. EDUC .BOYACA SEDE 1",2914,2578,5492,16
"7674",73001,29001,"Ibagué","Tolima",2006,"Congreso",NA,NA,NA,"INST.EDUC.ESC.NORMAL SEDE 1",2637,1789,4426,13
"7675",73001,29001,"Ibagué","Tolima",2006,"Congreso",NA,NA,NA,"C.A.S.D.",1930,1313,3243,10
"7676",73001,29001,"Ibagué","Tolima",2006,"Congreso",NA,NA,NA,"INST. EDUC.SAN SIMON SEDE 1",1278,1095,2373,7
"7677",73001,29001,"Ibagué","Tolima",2006,"Congreso",NA,NA,NA,"INS.ED.JORGE ELIECER G. SEDE1",2065,1504,3569,11
"7678",73001,29001,"Ibagué","Tolima",2006,"Congreso",NA,NA,NA,"HOGAR INFANTIL PARAISO",1450,1086,2536,8
"7679",73001,29001,"Ibagué","Tolima",2006,"Congreso",NA,NA,NA,"INS.ED.JORGE ELIECER G. SEDE",2510,1646,4156,13
"7680",73001,29001,"Ibagué","Tolima",2006,"Congreso",NA,NA,NA,"INST.EDUC.NIÑO JESUS  P.SEDE",1920,1312,3232,10
"7681",73001,29001,"Ibagué","Tolima",2006,"Congreso",NA,NA,NA,"INST.EDUC. SAGRADA FLIA. SEDE",3352,2332,5684,17
"7682",73001,29001,"Ibagué","Tolima",2006,"Congreso",NA,NA,NA,"INST.EDUC.BEATRIZ GOMEZ SEDE",4297,3111,7408,22
"7683",73001,29001,"Ibagué","Tolima",2006,"Congreso",NA,NA,NA,"TELETOLIMA",2985,2465,5450,16
"7684",73001,29001,"Ibagué","Tolima",2006,"Congreso",NA,NA,NA,"UNIV. DE IBAGUE CORUNIVERSITA",4435,3484,7919,24
"7685",73001,29001,"Ibagué","Tolima",2006,"Congreso",NA,NA,NA,"INST. EDUC.ISMAEL S. SEDE 4",3935,2987,6922,21
"7686",73001,29001,"Ibagué","Tolima",2006,"Congreso",NA,NA,NA,"JARDIN DE LOS ABUELOS",1838,1263,3101,10
"7687",73001,29001,"Ibagué","Tolima",2006,"Congreso",NA,NA,NA,"INST. EDUC. EL SALADO  SEDE 1",4938,4137,9075,27
"7688",73001,29001,"Ibagué","Tolima",2006,"Congreso",NA,NA,NA,"INST.EDUC.ALBERTO C. SEDE 3",3687,2601,6288,19
"7689",73001,29001,"Ibagué","Tolima",2006,"Congreso",NA,NA,NA,"INST. EDUC.RAICES DEL F. SEDE",2658,1792,4450,13
"7690",73001,29001,"Ibagué","Tolima",2006,"Congreso",NA,NA,NA,"INST. EDUC.BENJAMIN H. SEDE 1",3293,2326,5619,17
"7691",73001,29001,"Ibagué","Tolima",2006,"Congreso",NA,NA,NA,"INST.EDUC. FE Y ALEGRIA SEDE",2579,1789,4368,13
"7692",73001,29001,"Ibagué","Tolima",2006,"Congreso",NA,NA,NA,"INST.EDUC. EXALUMNAS P. SEDE",2597,2155,4752,14
"7693",73001,29001,"Ibagué","Tolima",2006,"Congreso",NA,NA,NA,"INST. EDUC.JUAN LOZANO SEDE 1",1137,864,2001,6
"7694",73001,29001,"Ibagué","Tolima",2006,"Congreso",NA,NA,NA,"INS.EDUC. JOSE JOAQUIN  SEDE4",1275,951,2226,7
"7695",73001,29001,"Ibagué","Tolima",2006,"Congreso",NA,NA,NA,"INST.EDUC.JOSE JOAQUIN SEDE 2",1790,1381,3171,10
"7696",73001,29001,"Ibagué","Tolima",2006,"Congreso",NA,NA,NA,"INST.EDUC. JOSE JOAQUIN SEDE",917,614,1531,5
"7697",73001,29001,"Ibagué","Tolima",2006,"Congreso",NA,NA,NA,"INST. EDUC. CIUDAD LUZ SEDE 1",743,569,1312,4
"7698",73001,29001,"Ibagué","Tolima",2006,"Congreso",NA,NA,NA,"INST.EDUC.ALBERTO SANTOFIMIO",9038,3735,12773,38
"7699",73001,29001,"Ibagué","Tolima",2006,"Congreso",NA,NA,NA,"COLISEO CUBIERTO",3946,6886,10832,32
"7700",73001,29001,"Ibagué","Tolima",2006,"Congreso",NA,NA,NA,"INST.EDUC.LICEO NACIONAL SEDE",2684,2041,4725,14
"7701",73001,29001,"Ibagué","Tolima",2006,"Congreso",NA,NA,NA,"INST.EDUC.DARIO ECHANDIA SEDE",2393,1641,4034,12
"7702",73001,29001,"Ibagué","Tolima",2006,"Congreso",NA,NA,NA,"INST.EDUC.LEONIDAS RUBIO SEDE",1805,1279,3084,9
"7703",73001,29001,"Ibagué","Tolima",2006,"Congreso",NA,NA,NA,"INST.EDUC.ANTONIO REYES SEDE5",1197,767,1964,6
"7704",73001,29001,"Ibagué","Tolima",2006,"Congreso",NA,NA,NA,"COLISEO DE FERIAS",3429,2432,5861,18
"7705",73001,29001,"Ibagué","Tolima",2006,"Congreso",NA,NA,NA,"PUESTO SALUD BARRIO INDUSTRIA",797,543,1340,4
"7706",73001,29001,"Ibagué","Tolima",2006,"Congreso",NA,NA,NA,"INST.EDUC.GUILLERMO A. SEDE 1",1715,1150,2865,9
"7707",73001,29001,"Ibagué","Tolima",2006,"Congreso",NA,NA,NA,"INST.ED.JOSE CELESTINO  SEDE",1904,1333,3237,10
"7708",73001,29001,"Ibagué","Tolima",2006,"Congreso",NA,NA,NA,"INS.EDU.JOSE ANTONIO R.SEDE 1",4304,3109,7413,22
"7709",73001,29001,"Ibagué","Tolima",2006,"Congreso",NA,NA,NA,"INST.EDUC.CIUDAD IBAGUE SEDE",1554,1424,2978,9
"7710",73001,29001,"Ibagué","Tolima",2006,"Congreso",NA,NA,NA,"INST.EDUC.SAN ISIDRO SEDE 2",1551,1084,2635,8
"7711",73001,29001,"Ibagué","Tolima",2006,"Congreso",NA,NA,NA,"PUESTO CENSO",27084,21924,49008,62
"7712",73001,29001,"Ibagué","Tolima",2006,"Congreso",NA,NA,NA,"PENITENCIARIA NACIONAL",45,251,296,1
"7713",73001,29001,"Ibagué","Tolima",2006,"Congreso",NA,NA,NA,"BUENOS AIRES",247,271,518,2
"7714",73001,29001,"Ibagué","Tolima",2006,"Congreso",NA,NA,NA,"CARMEN DE BULIRA",155,215,370,2
"7715",73001,29001,"Ibagué","Tolima",2006,"Congreso",NA,NA,NA,"LA FLORIDAO",149,222,371,2
"7716",73001,29001,"Ibagué","Tolima",2006,"Congreso",NA,NA,NA,"EL CAY",308,392,700,3
"7717",73001,29001,"Ibagué","Tolima",2006,"Congreso",NA,NA,NA,"COCORA (COELLO)",371,603,974,3
"7718",73001,29001,"Ibagué","Tolima",2006,"Congreso",NA,NA,NA,"CALAMBEO",238,272,510,2
"7719",73001,29001,"Ibagué","Tolima",2006,"Congreso",NA,NA,NA,"EL TOTUMO",498,611,1109,4
"7720",73001,29001,"Ibagué","Tolima",2006,"Congreso",NA,NA,NA,"DANTAS",81,146,227,1
"7721",73001,29001,"Ibagué","Tolima",2006,"Congreso",NA,NA,NA,"GAMBOA",161,261,422,2
"7722",73001,29001,"Ibagué","Tolima",2006,"Congreso",NA,NA,NA,"EL SALADO",167,230,397,2
"7723",73001,29001,"Ibagué","Tolima",2006,"Congreso",NA,NA,NA,"JUNTAS",149,207,356,2
"7724",73001,29001,"Ibagué","Tolima",2006,"Congreso",NA,NA,NA,"LAURELES",130,255,385,2
"7725",73001,29001,"Ibagué","Tolima",2006,"Congreso",NA,NA,NA,"SAN BERNARDO",313,405,718,3
"7726",73001,29001,"Ibagué","Tolima",2006,"Congreso",NA,NA,NA,"SAN JUAN DE LA CHINA",279,472,751,3
"7727",73001,29001,"Ibagué","Tolima",2006,"Congreso",NA,NA,NA,"TAPIAS",311,537,848,3
"7728",73001,29001,"Ibagué","Tolima",2006,"Congreso",NA,NA,NA,"TOCHE",75,160,235,1
"7729",73001,29001,"Ibagué","Tolima",2006,"Congreso",NA,NA,NA,"VILLARRESTREPO",602,768,1370,4
"7730",73024,29004,"Alpujarra","Tolima",2006,"Congreso",NA,NA,NA,NA,1051,1118,2169,7
"7731",73024,29004,"Alpujarra","Tolima",2006,"Congreso",NA,NA,NA,"LA ARADA",344,423,767,3
"7732",73024,29004,"Alpujarra","Tolima",2006,"Congreso",NA,NA,NA,"EL CARMEN",104,147,251,1
"7733",73024,29004,"Alpujarra","Tolima",2006,"Congreso",NA,NA,NA,"SAN LUIS",44,69,113,1
"7734",73024,29004,"Alpujarra","Tolima",2006,"Congreso",NA,NA,NA,"VEGA GRANDE",29,46,75,1
"7735",73026,29007,"Alvarado","Tolima",2006,"Congreso",NA,NA,NA,NA,2401,2408,4809,14
"7736",73026,29007,"Alvarado","Tolima",2006,"Congreso",NA,NA,NA,"CALDAS VIEJO",221,237,458,2
"7737",73026,29007,"Alvarado","Tolima",2006,"Congreso",NA,NA,NA,"LA TEBAIDA",144,179,323,1
"7738",73026,29007,"Alvarado","Tolima",2006,"Congreso",NA,NA,NA,"MONTEGRANDE",82,126,208,1
"7739",73026,29007,"Alvarado","Tolima",2006,"Congreso",NA,NA,NA,"LAGUNETA",68,95,163,1
"7740",73026,29007,"Alvarado","Tolima",2006,"Congreso",NA,NA,NA,"RINCON DE CHIPALO",95,116,211,1
"7741",73026,29007,"Alvarado","Tolima",2006,"Congreso",NA,NA,NA,"VERACRUZ",351,503,854,3
"7742",73026,29007,"Alvarado","Tolima",2006,"Congreso",NA,NA,NA,"LA TIGRERA",79,127,206,1
"7743",73030,29010,"Ambalema","Tolima",2006,"Congreso",NA,NA,NA,NA,2842,2899,5741,17
"7744",73030,29010,"Ambalema","Tolima",2006,"Congreso",NA,NA,NA,"CHORRILLO",134,141,275,1
"7745",73030,29010,"Ambalema","Tolima",2006,"Congreso",NA,NA,NA,"CUATRO ESQUINAS",107,118,225,1
"7746",73030,29010,"Ambalema","Tolima",2006,"Congreso",NA,NA,NA,"PAJONALES",50,53,103,1
"7747",73030,29010,"Ambalema","Tolima",2006,"Congreso",NA,NA,NA,"EL SANTUARIO",40,56,96,1
"7748",73043,29013,"Anzoátegui","Tolima",2006,"Congreso",NA,NA,NA,NA,2088,2546,4634,14
"7749",73043,29013,"Anzoátegui","Tolima",2006,"Congreso",NA,NA,NA,"LISBOA",253,372,625,2
"7750",73043,29013,"Anzoátegui","Tolima",2006,"Congreso",NA,NA,NA,"PALOMAR",104,208,312,1
"7751",73043,29013,"Anzoátegui","Tolima",2006,"Congreso",NA,NA,NA,"SANTA BARBARA",122,145,267,1
"7752",73043,29013,"Anzoátegui","Tolima",2006,"Congreso",NA,NA,NA,"SANTA RITA",99,157,256,1
"7753",73055,29016,"Armero","Tolima",2006,"Congreso",NA,NA,NA,NA,3791,3820,7611,23
"7754",73055,29016,"Armero","Tolima",2006,"Congreso",NA,NA,NA,"CARCEL",1,13,14,1
"7755",73055,29016,"Armero","Tolima",2006,"Congreso",NA,NA,NA,"MENDEZ",101,140,241,1
"7756",73055,29016,"Armero","Tolima",2006,"Congreso",NA,NA,NA,"SAN FELIPE",123,144,267,1
"7757",73055,29016,"Armero","Tolima",2006,"Congreso",NA,NA,NA,"SAN PEDRO",277,400,677,2
"7758",73067,29019,"Ataco","Tolima",2006,"Congreso",NA,NA,NA,NA,2372,2482,4854,15
"7759",73067,29019,"Ataco","Tolima",2006,"Congreso",NA,NA,NA,"ANDES",81,105,186,1
"7760",73067,29019,"Ataco","Tolima",2006,"Congreso",NA,NA,NA,"BERLIN",148,258,406,2
"7761",73067,29019,"Ataco","Tolima",2006,"Congreso",NA,NA,NA,"BALSILLAS",134,196,330,1
"7762",73067,29019,"Ataco","Tolima",2006,"Congreso",NA,NA,NA,"CANOAS",123,171,294,1
"7763",73067,29019,"Ataco","Tolima",2006,"Congreso",NA,NA,NA,"CASA DE ZINC",204,328,532,2
"7764",73067,29019,"Ataco","Tolima",2006,"Congreso",NA,NA,NA,"CAMPOHERMOSO",170,291,461,2
"7765",73067,29019,"Ataco","Tolima",2006,"Congreso",NA,NA,NA,"CASA VERDE",144,222,366,2
"7766",73067,29019,"Ataco","Tolima",2006,"Congreso",NA,NA,NA,"EL PAUJIL",241,453,694,3
"7767",73067,29019,"Ataco","Tolima",2006,"Congreso",NA,NA,NA,"HOLANDA",128,203,331,1
"7768",73067,29019,"Ataco","Tolima",2006,"Congreso",NA,NA,NA,"EL CONDOR",98,146,244,1
"7769",73067,29019,"Ataco","Tolima",2006,"Congreso",NA,NA,NA,"MONTELORO",132,148,280,1
"7770",73067,29019,"Ataco","Tolima",2006,"Congreso",NA,NA,NA,"PALESTINA",111,169,280,1
"7771",73067,29019,"Ataco","Tolima",2006,"Congreso",NA,NA,NA,"POLE",195,270,465,2
"7772",73067,29019,"Ataco","Tolima",2006,"Congreso",NA,NA,NA,"POLECITO",245,368,613,2
"7773",73067,29019,"Ataco","Tolima",2006,"Congreso",NA,NA,NA,"SANTIAGO PEREZ",594,796,1390,5
"7774",73067,29019,"Ataco","Tolima",2006,"Congreso",NA,NA,NA,"POMARROSO",192,290,482,2
"7775",73067,29019,"Ataco","Tolima",2006,"Congreso",NA,NA,NA,"SAN ANTONIO DE POLE",65,96,161,1
"7776",73067,29019,"Ataco","Tolima",2006,"Congreso",NA,NA,NA,"SAN PEDRO (TOTUMAL)",94,146,240,1
"7777",73124,29022,"Cajamarca","Tolima",2006,"Congreso",NA,NA,NA,NA,6298,6888,13186,39
"7778",73124,29022,"Cajamarca","Tolima",2006,"Congreso",NA,NA,NA,"ANAIME",376,437,813,3
"7779",73124,29022,"Cajamarca","Tolima",2006,"Congreso",NA,NA,NA,"EL CAJON",102,237,339,1
"7780",73148,29025,"Carmen de Apicalá","Tolima",2006,"Congreso",NA,NA,NA,NA,2990,3005,5995,18
"7781",73152,29028,"Casabianca","Tolima",2006,"Congreso",NA,NA,NA,NA,1684,2064,3748,11
"7782",73152,29028,"Casabianca","Tolima",2006,"Congreso",NA,NA,NA,"SAN JERONIMO",243,369,612,2
"7783",73152,29028,"Casabianca","Tolima",2006,"Congreso",NA,NA,NA,"LEMBO",75,119,194,1
"7784",73200,29031,"Coello","Tolima",2006,"Congreso",NA,NA,NA,NA,1190,1241,2431,8
"7785",73200,29031,"Coello","Tolima",2006,"Congreso",NA,NA,NA,"GUALANDAY",796,827,1623,5
"7786",73200,29031,"Coello","Tolima",2006,"Congreso",NA,NA,NA,"LA BARRIALOSA",109,150,259,1
"7787",73200,29031,"Coello","Tolima",2006,"Congreso",NA,NA,NA,"VEGA DE LOS PADRES",351,531,882,3
"7788",73200,29031,"Coello","Tolima",2006,"Congreso",NA,NA,NA,"LLANO DE LA VIRGEN",307,353,660,2
"7789",73200,29031,"Coello","Tolima",2006,"Congreso",NA,NA,NA,"POTRERILLO",316,342,658,2
"7790",73217,29034,"Coyaima","Tolima",2006,"Congreso",NA,NA,NA,NA,5071,5326,10397,31
"7791",73217,29034,"Coyaima","Tolima",2006,"Congreso",NA,NA,NA,"CASTILLA",1214,1207,2421,8
"7792",73217,29034,"Coyaima","Tolima",2006,"Congreso",NA,NA,NA,"HILARCO",382,419,801,3
"7793",73217,29034,"Coyaima","Tolima",2006,"Congreso",NA,NA,NA,"MESAS DE SAN JUAN",355,425,780,3
"7794",73217,29034,"Coyaima","Tolima",2006,"Congreso",NA,NA,NA,"SANTA MARTA",198,244,442,2
"7795",73226,29037,"Cunday","Tolima",2006,"Congreso",NA,NA,NA,NA,1680,1878,3558,11
"7796",73226,29037,"Cunday","Tolima",2006,"Congreso",NA,NA,NA,"LA AURORA",302,415,717,3
"7797",73226,29037,"Cunday","Tolima",2006,"Congreso",NA,NA,NA,"BUENAVISTA",60,77,137,1
"7798",73226,29037,"Cunday","Tolima",2006,"Congreso",NA,NA,NA,"SAN PABLO",121,147,268,1
"7799",73226,29037,"Cunday","Tolima",2006,"Congreso",NA,NA,NA,"TRES ESQUINAS",539,667,1206,4
"7800",73226,29037,"Cunday","Tolima",2006,"Congreso",NA,NA,NA,"VALENCIA (SAN BERNARDO)",199,249,448,2
"7801",73226,29037,"Cunday","Tolima",2006,"Congreso",NA,NA,NA,"VARSOVIA",202,265,467,2
"7802",73168,29040,"Chaparral","Tolima",2006,"Congreso",NA,NA,NA,"COL. MANUEL MURILLO TORO",1029,1438,2467,8
"7803",73168,29040,"Chaparral","Tolima",2006,"Congreso",NA,NA,NA,"ESC. GABRIELA MISTRAL",2582,1861,4443,13
"7804",73168,29040,"Chaparral","Tolima",2006,"Congreso",NA,NA,NA,"ESC. VILLA DEL ROCIO",668,495,1163,4
"7805",73168,29040,"Chaparral","Tolima",2006,"Congreso",NA,NA,NA,"ESC. MARCO TULIO ALVIRA",652,660,1312,4
"7806",73168,29040,"Chaparral","Tolima",2006,"Congreso",NA,NA,NA,"ESC. SALOMON UMA/A",403,196,599,2
"7807",73168,29040,"Chaparral","Tolima",2006,"Congreso",NA,NA,NA,"PUESTO CENSO",8167,7891,16058,21
"7808",73168,29040,"Chaparral","Tolima",2006,"Congreso",NA,NA,NA,"CARCEL DEL CIRCUITO",2,51,53,1
"7809",73168,29040,"Chaparral","Tolima",2006,"Congreso",NA,NA,NA,"LA CORTES",120,177,297,1
"7810",73168,29040,"Chaparral","Tolima",2006,"Congreso",NA,NA,NA,"COPETE",50,63,113,1
"7811",73168,29040,"Chaparral","Tolima",2006,"Congreso",NA,NA,NA,"EL LIMON",876,1252,2128,7
"7812",73168,29040,"Chaparral","Tolima",2006,"Congreso",NA,NA,NA,"LAS CRUCES",170,308,478,2
"7813",73168,29040,"Chaparral","Tolima",2006,"Congreso",NA,NA,NA,"LA MARINA",284,489,773,3
"7814",73168,29040,"Chaparral","Tolima",2006,"Congreso",NA,NA,NA,"LA PROFUNDA",95,160,255,1
"7815",73168,29040,"Chaparral","Tolima",2006,"Congreso",NA,NA,NA,"SAN JOSE DE LAS HERMOSAS",101,200,301,1
"7816",73168,29040,"Chaparral","Tolima",2006,"Congreso",NA,NA,NA,"LA VIRGINIA",140,297,437,2
"7817",73168,29040,"Chaparral","Tolima",2006,"Congreso",NA,NA,NA,"POTRERITO DE LUGO",113,234,347,2
"7818",73168,29040,"Chaparral","Tolima",2006,"Congreso",NA,NA,NA,"YAGUARA",132,154,286,1
"7819",73168,29040,"Chaparral","Tolima",2006,"Congreso",NA,NA,NA,"VISTAHERMOSA",239,387,626,2
"7820",73236,29043,"Dolores","Tolima",2006,"Congreso",NA,NA,NA,NA,2161,2216,4377,13
"7821",73236,29043,"Dolores","Tolima",2006,"Congreso",NA,NA,NA,"CARCEL",0,0,0,0
"7822",73236,29043,"Dolores","Tolima",2006,"Congreso",NA,NA,NA,"AMBICA",67,109,176,1
"7823",73236,29043,"Dolores","Tolima",2006,"Congreso",NA,NA,NA,"BERMEJO",104,117,221,1
"7824",73236,29043,"Dolores","Tolima",2006,"Congreso",NA,NA,NA,"LA SOLEDAD",128,200,328,1
"7825",73236,29043,"Dolores","Tolima",2006,"Congreso",NA,NA,NA,"RIONEGRO",85,125,210,1
"7826",73236,29043,"Dolores","Tolima",2006,"Congreso",NA,NA,NA,"SAN ANDRES",217,282,499,2
"7827",73236,29043,"Dolores","Tolima",2006,"Congreso",NA,NA,NA,"SAN JOSE",221,237,458,2
"7828",73268,29046,"Espinal","Tolima",2006,"Congreso",NA,NA,NA,"CASA DE LA CULTURA",298,1925,2223,7
"7829",73268,29046,"Espinal","Tolima",2006,"Congreso",NA,NA,NA,"INST. EDUC. MANUEL A. BONILLA",2096,7190,9286,27
"7830",73268,29046,"Espinal","Tolima",2006,"Congreso",NA,NA,NA,"INST.EDUC.SAN ISIDORO",10700,2539,13239,39
"7831",73268,29046,"Espinal","Tolima",2006,"Congreso",NA,NA,NA,"INST.EDUC.MARIANO SANCHEZ",660,505,1165,4
"7832",73268,29046,"Espinal","Tolima",2006,"Congreso",NA,NA,NA,"CONCENTRACION BALKANES",1083,1033,2116,7
"7833",73268,29046,"Espinal","Tolima",2006,"Congreso",NA,NA,NA,"CONCETRACION RONDON",1415,1102,2517,8
"7834",73268,29046,"Espinal","Tolima",2006,"Congreso",NA,NA,NA,"COLEGIO SANTA MARGARITA MARIA",1574,1211,2785,9
"7835",73268,29046,"Espinal","Tolima",2006,"Congreso",NA,NA,NA,"PUESTO CENSO",4482,3516,7998,11
"7836",73268,29046,"Espinal","Tolima",2006,"Congreso",NA,NA,NA,"CARCEL DEL CIRCUITO",2,58,60,1
"7837",73268,29046,"Espinal","Tolima",2006,"Congreso",NA,NA,NA,"CHICORAL",2617,2457,5074,15
"7838",73268,29046,"Espinal","Tolima",2006,"Congreso",NA,NA,NA,"DINDALITO",453,466,919,3
"7839",73268,29046,"Espinal","Tolima",2006,"Congreso",NA,NA,NA,"LA CAIMANERA",217,200,417,2
"7840",73268,29046,"Espinal","Tolima",2006,"Congreso",NA,NA,NA,"LAS DELICIAS",205,182,387,2
"7841",73268,29046,"Espinal","Tolima",2006,"Congreso",NA,NA,NA,"PASO ANCHO",288,238,526,2
"7842",73268,29046,"Espinal","Tolima",2006,"Congreso",NA,NA,NA,"PATIO BONITO",485,439,924,3
"7843",73270,29049,"Falan","Tolima",2006,"Congreso",NA,NA,NA,NA,1913,2282,4195,13
"7844",73270,29049,"Falan","Tolima",2006,"Congreso",NA,NA,NA,"FRIAS",486,695,1181,4
"7845",73275,29052,"Flandes","Tolima",2006,"Congreso",NA,NA,NA,NA,7391,5992,13383,39
"7846",73275,29052,"Flandes","Tolima",2006,"Congreso",NA,NA,NA,"CARCEL",0,1,1,1
"7847",73275,29052,"Flandes","Tolima",2006,"Congreso",NA,NA,NA,"EL COLEGIO",513,501,1014,3
"7848",73283,29055,"Fresno","Tolima",2006,"Congreso",NA,NA,NA,"ALMACAFE",1098,1417,2515,8
"7849",73283,29055,"Fresno","Tolima",2006,"Congreso",NA,NA,NA,"ESC. CENTRO",1584,1166,2750,8
"7850",73283,29055,"Fresno","Tolima",2006,"Congreso",NA,NA,NA,"PUESTO DE CENSO",5768,5796,11564,15
"7851",73283,29055,"Fresno","Tolima",2006,"Congreso",NA,NA,NA,"CARCEL",0,16,16,1
"7852",73283,29055,"Fresno","Tolima",2006,"Congreso",NA,NA,NA,"EL TABLAZO",571,857,1428,5
"7853",73283,29055,"Fresno","Tolima",2006,"Congreso",NA,NA,NA,"CAMPEON MEDIO",207,310,517,2
"7854",73283,29055,"Fresno","Tolima",2006,"Congreso",NA,NA,NA,"BETANIA",248,365,613,2
"7855",73283,29055,"Fresno","Tolima",2006,"Congreso",NA,NA,NA,"BRISAS DEL GUALI",28,28,56,1
"7856",73283,29055,"Fresno","Tolima",2006,"Congreso",NA,NA,NA,"LA AGUADITA",516,735,1251,4
"7857",73283,29055,"Fresno","Tolima",2006,"Congreso",NA,NA,NA,"LA DIVISA",76,131,207,1
"7858",73283,29055,"Fresno","Tolima",2006,"Congreso",NA,NA,NA,"PAVAS (LOS GUAYABOS)",105,141,246,1
"7859",73283,29055,"Fresno","Tolima",2006,"Congreso",NA,NA,NA,"PIEDRA GRANDE",96,136,232,1
"7860",73283,29055,"Fresno","Tolima",2006,"Congreso",NA,NA,NA,"AGUAS CLARAS",151,194,345,2
"7861",73283,29055,"Fresno","Tolima",2006,"Congreso",NA,NA,NA,"EL GUAYABO",176,281,457,2
"7862",73283,29055,"Fresno","Tolima",2006,"Congreso",NA,NA,NA,"LAS MARIAS",131,206,337,1
"7863",73319,29058,"Guamo","Tolima",2006,"Congreso",NA,NA,NA,"COLEGIO CALDAS",2135,3523,5658,17
"7864",73319,29058,"Guamo","Tolima",2006,"Congreso",NA,NA,NA,"ESCUELA EL CARMEN",4408,251,4659,14
"7865",73319,29058,"Guamo","Tolima",2006,"Congreso",NA,NA,NA,"COLEGIO INDUSTRIAL",3094,2114,5208,16
"7866",73319,29058,"Guamo","Tolima",2006,"Congreso",NA,NA,NA,"COL. SOR JOSEFA DEL CASTILLO",502,3409,3911,12
"7867",73319,29058,"Guamo","Tolima",2006,"Congreso",NA,NA,NA,"CARCEL DEL CIRCUITO",3,3,6,1
"7868",73319,29058,"Guamo","Tolima",2006,"Congreso",NA,NA,NA,"CERROGORDO",260,324,584,2
"7869",73319,29058,"Guamo","Tolima",2006,"Congreso",NA,NA,NA,"EL JARDIN",164,209,373,2
"7870",73319,29058,"Guamo","Tolima",2006,"Congreso",NA,NA,NA,"LA CHAMBA",392,387,779,3
"7871",73319,29058,"Guamo","Tolima",2006,"Congreso",NA,NA,NA,"LAS MERCEDES",301,350,651,2
"7872",73319,29058,"Guamo","Tolima",2006,"Congreso",NA,NA,NA,"RINCON SANTO",538,510,1048,4
"7873",73347,29061,"Herveo","Tolima",2006,"Congreso",NA,NA,NA,NA,1589,1817,3406,10
"7874",73347,29061,"Herveo","Tolima",2006,"Congreso",NA,NA,NA,"BRASIL",18,38,56,1
"7875",73347,29061,"Herveo","Tolima",2006,"Congreso",NA,NA,NA,"ARENILLO",115,168,283,1
"7876",73347,29061,"Herveo","Tolima",2006,"Congreso",NA,NA,NA,"LA PICOTA",43,53,96,1
"7877",73347,29061,"Herveo","Tolima",2006,"Congreso",NA,NA,NA,"LETRAS",131,197,328,1
"7878",73347,29061,"Herveo","Tolima",2006,"Congreso",NA,NA,NA,"MESONES",145,191,336,1
"7879",73347,29061,"Herveo","Tolima",2006,"Congreso",NA,NA,NA,"PADUA",525,600,1125,4
"7880",73349,29064,"Honda","Tolima",2006,"Congreso",NA,NA,NA,"COLEGIO GENERAL SANTANDER",2369,2540,4909,15
"7881",73349,29064,"Honda","Tolima",2006,"Congreso",NA,NA,NA,"COLEGIO NACIONAL  INTEGRADO",1097,459,1556,5
"7882",73349,29064,"Honda","Tolima",2006,"Congreso",NA,NA,NA,"COLEGIO BARRIO LA SONRISA",1263,1039,2302,7
"7883",73349,29064,"Honda","Tolima",2006,"Congreso",NA,NA,NA,"COL. ANTONIO HERRAN ZALDUA",1067,797,1864,6
"7884",73349,29064,"Honda","Tolima",2006,"Congreso",NA,NA,NA,"PUESTO CENSO",5960,5181,11141,15
"7885",73349,29064,"Honda","Tolima",2006,"Congreso",NA,NA,NA,"CARCEL",15,37,52,1
"7886",73352,29067,"Icononzo","Tolima",2006,"Congreso",NA,NA,NA,NA,2618,2677,5295,16
"7887",73352,29067,"Icononzo","Tolima",2006,"Congreso",NA,NA,NA,"BALCONCITOS",102,155,257,1
"7888",73352,29067,"Icononzo","Tolima",2006,"Congreso",NA,NA,NA,"BOQUERON",263,299,562,2
"7889",73352,29067,"Icononzo","Tolima",2006,"Congreso",NA,NA,NA,"NUEVO MUNDO",87,101,188,1
"7890",73352,29067,"Icononzo","Tolima",2006,"Congreso",NA,NA,NA,"PATICUINDE",162,261,423,2
"7891",73352,29067,"Icononzo","Tolima",2006,"Congreso",NA,NA,NA,"YOPAL",142,173,315,1
"7892",73408,29070,"Lérida","Tolima",2006,"Congreso",NA,NA,NA,NA,5555,4926,10481,31
"7893",73408,29070,"Lérida","Tolima",2006,"Congreso",NA,NA,NA,"DELICIAS",209,310,519,2
"7894",73408,29070,"Lérida","Tolima",2006,"Congreso",NA,NA,NA,"IGUASITO",170,172,342,1
"7895",73408,29070,"Lérida","Tolima",2006,"Congreso",NA,NA,NA,"LA SIERRA",376,401,777,3
"7896",73408,29070,"Lérida","Tolima",2006,"Congreso",NA,NA,NA,"PADILLA",184,247,431,2
"7897",73411,29073,"Líbano","Tolima",2006,"Congreso",NA,NA,NA,"COLEGIO COMERCIAL",2318,2697,5015,15
"7898",73411,29073,"Líbano","Tolima",2006,"Congreso",NA,NA,NA,"ESC. BLANCA SAENZ",1793,897,2690,8
"7899",73411,29073,"Líbano","Tolima",2006,"Congreso",NA,NA,NA,"COLEGIO NTRA SRA DEL CARMEN",1906,1785,3691,11
"7900",73411,29073,"Líbano","Tolima",2006,"Congreso",NA,NA,NA,"ESC. HERACLIO LASTRA",1029,697,1726,6
"7901",73411,29073,"Líbano","Tolima",2006,"Congreso",NA,NA,NA,"PUESTO CENSO",6465,6279,12744,17
"7902",73411,29073,"Líbano","Tolima",2006,"Congreso",NA,NA,NA,"CARCEL",1,13,14,1
"7903",73411,29073,"Líbano","Tolima",2006,"Congreso",NA,NA,NA,"EL CONVENIO",669,920,1589,5
"7904",73411,29073,"Líbano","Tolima",2006,"Congreso",NA,NA,NA,"SAN FERNANDO",249,440,689,3
"7905",73411,29073,"Líbano","Tolima",2006,"Congreso",NA,NA,NA,"SANTA TERESA",524,845,1369,4
"7906",73411,29073,"Líbano","Tolima",2006,"Congreso",NA,NA,NA,"TIERRADENTRO",305,446,751,3
"7907",73443,29076,"Mariquita","Tolima",2006,"Congreso",NA,NA,NA,NA,10288,9596,19884,58
"7908",73443,29076,"Mariquita","Tolima",2006,"Congreso",NA,NA,NA,"CARCEL MUNICIPAL",0,0,0,0
"7909",73443,29076,"Mariquita","Tolima",2006,"Congreso",NA,NA,NA,"EL HATILLO",235,344,579,2
"7910",73443,29076,"Mariquita","Tolima",2006,"Congreso",NA,NA,NA,"LA CABA/A",174,257,431,2
"7911",73449,29079,"Melgar","Tolima",2006,"Congreso",NA,NA,NA,NA,9168,8495,17663,52
"7912",73449,29079,"Melgar","Tolima",2006,"Congreso",NA,NA,NA,"CARCEL DEL CIRCUITO",0,23,23,1
"7913",73449,29079,"Melgar","Tolima",2006,"Congreso",NA,NA,NA,"CUALAMANA",421,543,964,3
"7914",73449,29079,"Melgar","Tolima",2006,"Congreso",NA,NA,NA,"CHIMBI",221,267,488,2
"7915",73449,29079,"Melgar","Tolima",2006,"Congreso",NA,NA,NA,"INHALY",71,86,157,1
"7916",73461,29080,"Murillo","Tolima",2006,"Congreso",NA,NA,NA,NA,1425,1853,3278,10
"7917",73461,29080,"Murillo","Tolima",2006,"Congreso",NA,NA,NA,"EL BOSQUE",138,232,370,2
"7918",73461,29080,"Murillo","Tolima",2006,"Congreso",NA,NA,NA,"LA ESPERANZA",46,79,125,1
"7919",73483,29082,"Natagaima","Tolima",2006,"Congreso",NA,NA,NA,NA,6094,6252,12346,36
"7920",73483,29082,"Natagaima","Tolima",2006,"Congreso",NA,NA,NA,"LA PALMITA",289,301,590,2
"7921",73483,29082,"Natagaima","Tolima",2006,"Congreso",NA,NA,NA,"MONTEFRIO",54,85,139,1
"7922",73483,29082,"Natagaima","Tolima",2006,"Congreso",NA,NA,NA,"TAMIRCO",151,192,343,1
"7923",73483,29082,"Natagaima","Tolima",2006,"Congreso",NA,NA,NA,"VELU",610,642,1252,4
"7924",73504,29085,"Ortega","Tolima",2006,"Congreso",NA,NA,NA,NA,5485,6026,11511,34
"7925",73504,29085,"Ortega","Tolima",2006,"Congreso",NA,NA,NA,"GUAIPA",202,224,426,2
"7926",73504,29085,"Ortega","Tolima",2006,"Congreso",NA,NA,NA,"CHAPINERO (BUENOS AIRES)",234,291,525,2
"7927",73504,29085,"Ortega","Tolima",2006,"Congreso",NA,NA,NA,"EL VERGEL",596,654,1250,4
"7928",73504,29085,"Ortega","Tolima",2006,"Congreso",NA,NA,NA,"HORIZONTE",212,294,506,2
"7929",73504,29085,"Ortega","Tolima",2006,"Congreso",NA,NA,NA,"LA BALSA",90,151,241,1
"7930",73504,29085,"Ortega","Tolima",2006,"Congreso",NA,NA,NA,"HATO DE IGLESIA",373,414,787,3
"7931",73504,29085,"Ortega","Tolima",2006,"Congreso",NA,NA,NA,"LA COLORADA",150,234,384,2
"7932",73504,29085,"Ortega","Tolima",2006,"Congreso",NA,NA,NA,"MESA DE ORTEGA",283,349,632,2
"7933",73504,29085,"Ortega","Tolima",2006,"Congreso",NA,NA,NA,"CANALI (CHICALA)",154,164,318,1
"7934",73504,29085,"Ortega","Tolima",2006,"Congreso",NA,NA,NA,"CEDRALES",201,260,461,2
"7935",73504,29085,"Ortega","Tolima",2006,"Congreso",NA,NA,NA,"EL MACO",143,228,371,2
"7936",73504,29085,"Ortega","Tolima",2006,"Congreso",NA,NA,NA,"OLAYA HERRERA",427,411,838,3
"7937",73504,29085,"Ortega","Tolima",2006,"Congreso",NA,NA,NA,"CORAZON DE PERALONSO",157,196,353,2
"7938",73504,29085,"Ortega","Tolima",2006,"Congreso",NA,NA,NA,"GUATAVITA TUA",262,285,547,2
"7939",73504,29085,"Ortega","Tolima",2006,"Congreso",NA,NA,NA,"LOS GUAYABOS",344,444,788,3
"7940",73504,29085,"Ortega","Tolima",2006,"Congreso",NA,NA,NA,"LA SORTIJA",185,191,376,2
"7941",73504,29085,"Ortega","Tolima",2006,"Congreso",NA,NA,NA,"LOS ANDES",66,92,158,1
"7942",73504,29085,"Ortega","Tolima",2006,"Congreso",NA,NA,NA,"PALOMA PERALONSO",260,290,550,2
"7943",73504,29085,"Ortega","Tolima",2006,"Congreso",NA,NA,NA,"SANTUARIO",99,105,204,1
"7944",73520,29087,"Palocabildo","Tolima",2006,"Congreso",NA,NA,NA,NA,2625,3129,5754,17
"7945",73547,29088,"Piedras","Tolima",2006,"Congreso",NA,NA,NA,NA,1349,1355,2704,8
"7946",73547,29088,"Piedras","Tolima",2006,"Congreso",NA,NA,NA,"DOIMA",573,696,1269,4
"7947",73547,29088,"Piedras","Tolima",2006,"Congreso",NA,NA,NA,"GUATAQUICITO",35,79,114,1
"7948",73547,29088,"Piedras","Tolima",2006,"Congreso",NA,NA,NA,"SAN MIGUEL",255,316,571,2
"7949",73555,29089,"Planadas","Tolima",2006,"Congreso",NA,NA,NA,NA,5515,6088,11603,34
"7950",73555,29089,"Planadas","Tolima",2006,"Congreso",NA,NA,NA,"BILBAO",471,837,1308,4
"7951",73555,29089,"Planadas","Tolima",2006,"Congreso",NA,NA,NA,"BRUSELAS",59,92,151,1
"7952",73555,29089,"Planadas","Tolima",2006,"Congreso",NA,NA,NA,"GAITANIA",883,1325,2208,7
"7953",73555,29089,"Planadas","Tolima",2006,"Congreso",NA,NA,NA,"LA ESTRELLA",123,183,306,1
"7954",73555,29089,"Planadas","Tolima",2006,"Congreso",NA,NA,NA,"LA ILUSION",157,258,415,2
"7955",73555,29089,"Planadas","Tolima",2006,"Congreso",NA,NA,NA,"RIO CLARO",49,96,145,1
"7956",73555,29089,"Planadas","Tolima",2006,"Congreso",NA,NA,NA,"SAN MIGUEL",112,221,333,1
"7957",73563,29091,"Prado","Tolima",2006,"Congreso",NA,NA,NA,NA,2786,2885,5671,17
"7958",73563,29091,"Prado","Tolima",2006,"Congreso",NA,NA,NA,"ACO",56,90,146,1
"7959",73563,29091,"Prado","Tolima",2006,"Congreso",NA,NA,NA,"MONTOSO",286,481,767,3
"7960",73563,29091,"Prado","Tolima",2006,"Congreso",NA,NA,NA,"TAFURITO",24,23,47,1
"7961",73563,29091,"Prado","Tolima",2006,"Congreso",NA,NA,NA,"MALTA",73,124,197,1
"7962",73585,29094,"Purificación","Tolima",2006,"Congreso",NA,NA,NA,NA,7430,6910,14340,42
"7963",73585,29094,"Purificación","Tolima",2006,"Congreso",NA,NA,NA,"CARCEL",1,19,20,1
"7964",73585,29094,"Purificación","Tolima",2006,"Congreso",NA,NA,NA,"CHENCHE ASOLEADO",761,723,1484,5
"7965",73585,29094,"Purificación","Tolima",2006,"Congreso",NA,NA,NA,"CAIRO SOCORRO",360,391,751,3
"7966",73585,29094,"Purificación","Tolima",2006,"Congreso",NA,NA,NA,"TIGRE Y CONSUELO",356,402,758,3
"7967",73585,29094,"Purificación","Tolima",2006,"Congreso",NA,NA,NA,"LOZANIA",96,151,247,1
"7968",73585,29094,"Purificación","Tolima",2006,"Congreso",NA,NA,NA,"PE/ONES ALTOS",316,314,630,2
"7969",73585,29094,"Purificación","Tolima",2006,"Congreso",NA,NA,NA,"VILLA ESPERANZA",110,220,330,1
"7970",73616,29097,"Rioblanco","Tolima",2006,"Congreso",NA,NA,NA,NA,4153,4721,8874,26
"7971",73616,29097,"Rioblanco","Tolima",2006,"Congreso",NA,NA,NA,"HERRERA",1028,1334,2362,7
"7972",73616,29097,"Rioblanco","Tolima",2006,"Congreso",NA,NA,NA,"GAITAN",191,369,560,2
"7973",73616,29097,"Rioblanco","Tolima",2006,"Congreso",NA,NA,NA,"LA LINDOSA",145,263,408,2
"7974",73616,29097,"Rioblanco","Tolima",2006,"Congreso",NA,NA,NA,"MARACAIBO",175,329,504,2
"7975",73616,29097,"Rioblanco","Tolima",2006,"Congreso",NA,NA,NA,"PUERTO SALDA/A",168,271,439,2
"7976",73616,29097,"Rioblanco","Tolima",2006,"Congreso",NA,NA,NA,"LA ALBANIA",22,86,108,1
"7977",73616,29097,"Rioblanco","Tolima",2006,"Congreso",NA,NA,NA,"URIBE",123,217,340,1
"7978",73622,29100,"Roncesvalles","Tolima",2006,"Congreso",NA,NA,NA,NA,1095,1320,2415,8
"7979",73622,29100,"Roncesvalles","Tolima",2006,"Congreso",NA,NA,NA,"SANTA ELENA",295,442,737,3
"7980",73622,29100,"Roncesvalles","Tolima",2006,"Congreso",NA,NA,NA,"EL CEDRO",86,139,225,1
"7981",73624,29103,"Rovira","Tolima",2006,"Congreso",NA,NA,NA,NA,5410,5381,10791,32
"7982",73624,29103,"Rovira","Tolima",2006,"Congreso",NA,NA,NA,"EL CORAZON",131,156,287,1
"7983",73624,29103,"Rovira","Tolima",2006,"Congreso",NA,NA,NA,"GUADUALITO",240,335,575,2
"7984",73624,29103,"Rovira","Tolima",2006,"Congreso",NA,NA,NA,"HERVIDERO",60,119,179,1
"7985",73624,29103,"Rovira","Tolima",2006,"Congreso",NA,NA,NA,"LA FLORIDA",267,371,638,2
"7986",73624,29103,"Rovira","Tolima",2006,"Congreso",NA,NA,NA,"LOS ANDES",300,439,739,3
"7987",73624,29103,"Rovira","Tolima",2006,"Congreso",NA,NA,NA,"LA LUISA",178,251,429,2
"7988",73624,29103,"Rovira","Tolima",2006,"Congreso",NA,NA,NA,"LA LIBERTAD",141,179,320,1
"7989",73624,29103,"Rovira","Tolima",2006,"Congreso",NA,NA,NA,"LA ESPERANZA",58,77,135,1
"7990",73624,29103,"Rovira","Tolima",2006,"Congreso",NA,NA,NA,"RIOMANSO",269,499,768,3
"7991",73624,29103,"Rovira","Tolima",2006,"Congreso",NA,NA,NA,"SAN PEDRO",90,130,220,1
"7992",73624,29103,"Rovira","Tolima",2006,"Congreso",NA,NA,NA,"LA OSERA",59,113,172,1
"7993",73624,29103,"Rovira","Tolima",2006,"Congreso",NA,NA,NA,"LA CHAPA",64,104,168,1
"7994",73624,29103,"Rovira","Tolima",2006,"Congreso",NA,NA,NA,"SAN ROQUE",29,36,65,1
"7995",73624,29103,"Rovira","Tolima",2006,"Congreso",NA,NA,NA,"SAN VICENTE GUADUAL",54,85,139,1
"7996",73624,29103,"Rovira","Tolima",2006,"Congreso",NA,NA,NA,"LA SELVA",242,413,655,2
"7997",73671,29105,"Saldaña","Tolima",2006,"Congreso",NA,NA,NA,NA,5293,5022,10315,30
"7998",73671,29105,"Saldaña","Tolima",2006,"Congreso",NA,NA,NA,"PAPAGALA",327,305,632,2
"7999",73675,29106,"San Antonio","Tolima",2006,"Congreso",NA,NA,NA,NA,3429,3765,7194,21
"8000",73675,29106,"San Antonio","Tolima",2006,"Congreso",NA,NA,NA,"PLAYARRICA",524,821,1345,4
"8001",73675,29106,"San Antonio","Tolima",2006,"Congreso",NA,NA,NA,"LA FLORIDA",109,159,268,1
"8002",73675,29106,"San Antonio","Tolima",2006,"Congreso",NA,NA,NA,"SANTA ROSA DE TETUAN",57,113,170,1
"8003",73675,29106,"San Antonio","Tolima",2006,"Congreso",NA,NA,NA,"VILLAHERMOSA",109,169,278,1
"8004",73678,29109,"San Luis","Tolima",2006,"Congreso",NA,NA,NA,NA,2691,2885,5576,17
"8005",73678,29109,"San Luis","Tolima",2006,"Congreso",NA,NA,NA,"EL SALITRE",72,114,186,1
"8006",73678,29109,"San Luis","Tolima",2006,"Congreso",NA,NA,NA,"GUASIMITO",153,198,351,2
"8007",73678,29109,"San Luis","Tolima",2006,"Congreso",NA,NA,NA,"LUISA GARCIA",275,354,629,2
"8008",73678,29109,"San Luis","Tolima",2006,"Congreso",NA,NA,NA,"MALNOMBRE",260,286,546,2
"8009",73678,29109,"San Luis","Tolima",2006,"Congreso",NA,NA,NA,"PAYANDE",1105,1067,2172,7
"8010",73678,29109,"San Luis","Tolima",2006,"Congreso",NA,NA,NA,"SANTA LUCIA",119,124,243,1
"8011",73678,29109,"San Luis","Tolima",2006,"Congreso",NA,NA,NA,"TOMOGO",116,140,256,1
"8012",73686,29112,"Santa Isabel","Tolima",2006,"Congreso",NA,NA,NA,NA,1756,2140,3896,12
"8013",73686,29112,"Santa Isabel","Tolima",2006,"Congreso",NA,NA,NA,"CARCEL MUNICIPAL",1,1,2,1
"8014",73686,29112,"Santa Isabel","Tolima",2006,"Congreso",NA,NA,NA,"COLON",138,163,301,1
"8015",73686,29112,"Santa Isabel","Tolima",2006,"Congreso",NA,NA,NA,"LA ESTRELLA",38,88,126,1
"8016",73686,29112,"Santa Isabel","Tolima",2006,"Congreso",NA,NA,NA,"LA CONGOJA",48,71,119,1
"8017",73686,29112,"Santa Isabel","Tolima",2006,"Congreso",NA,NA,NA,"SAN RAFAEL",413,553,966,3
"8018",73770,29115,"Suárez","Tolima",2006,"Congreso",NA,NA,NA,NA,1471,1508,2979,9
"8019",73770,29115,"Suárez","Tolima",2006,"Congreso",NA,NA,NA,"CA/AVERALES",148,195,343,1
"8020",73770,29115,"Suárez","Tolima",2006,"Congreso",NA,NA,NA,"HATO VIEJO",154,172,326,1
"8021",73770,29115,"Suárez","Tolima",2006,"Congreso",NA,NA,NA,"SAN CAYETANO Y CHIRILO",52,79,131,1
"8022",73854,29118,"Valle de San Juan","Tolima",2006,"Congreso",NA,NA,NA,NA,1432,1546,2978,9
"8023",73854,29118,"Valle de San Juan","Tolima",2006,"Congreso",NA,NA,NA,"LA MANGA",272,342,614,2
"8024",73854,29118,"Valle de San Juan","Tolima",2006,"Congreso",NA,NA,NA,"BUENAVISTA ALTA",188,277,465,2
"8025",73854,29118,"Valle de San Juan","Tolima",2006,"Congreso",NA,NA,NA,"NEME",113,140,253,1
"8026",73854,29118,"Valle de San Juan","Tolima",2006,"Congreso",NA,NA,NA,"VALLECITO",207,283,490,2
"8027",73861,29121,"Venadillo","Tolima",2006,"Congreso",NA,NA,NA,NA,4578,4220,8798,26
"8028",73861,29121,"Venadillo","Tolima",2006,"Congreso",NA,NA,NA,"JUNIN",314,493,807,3
"8029",73861,29121,"Venadillo","Tolima",2006,"Congreso",NA,NA,NA,"LA SIERRITA",51,50,101,1
"8030",73861,29121,"Venadillo","Tolima",2006,"Congreso",NA,NA,NA,"MALABAR",199,287,486,2
"8031",73861,29121,"Venadillo","Tolima",2006,"Congreso",NA,NA,NA,"PALMAROSA",109,143,252,1
"8032",73870,29124,"Villahermosa","Tolima",2006,"Congreso",NA,NA,NA,NA,2222,2536,4758,14
"8033",73870,29124,"Villahermosa","Tolima",2006,"Congreso",NA,NA,NA,"PAVAS",253,386,639,2
"8034",73870,29124,"Villahermosa","Tolima",2006,"Congreso",NA,NA,NA,"LA ESMERALDA",0,0,0,0
"8035",73870,29124,"Villahermosa","Tolima",2006,"Congreso",NA,NA,NA,"PATIBURRI",102,135,237,1
"8036",73870,29124,"Villahermosa","Tolima",2006,"Congreso",NA,NA,NA,"PLATANILLAL",91,143,234,1
"8037",73870,29124,"Villahermosa","Tolima",2006,"Congreso",NA,NA,NA,"PRIMAVERA",83,145,228,1
"8038",73870,29124,"Villahermosa","Tolima",2006,"Congreso",NA,NA,NA,"SAMARIA",0,0,0,0
"8039",73870,29124,"Villahermosa","Tolima",2006,"Congreso",NA,NA,NA,"LA COLORADA",62,76,138,1
"8040",73870,29124,"Villahermosa","Tolima",2006,"Congreso",NA,NA,NA,"BETULIA QUEBRADANEGRA",10,11,21,1
"8041",73870,29124,"Villahermosa","Tolima",2006,"Congreso",NA,NA,NA,"YARUMAL",139,245,384,2
"8042",73873,29127,"Villarrica","Tolima",2006,"Congreso",NA,NA,NA,NA,1793,2267,4060,12
"8043",73873,29127,"Villarrica","Tolima",2006,"Congreso",NA,NA,NA,"LA COLONIA",42,58,100,1
"8044",73873,29127,"Villarrica","Tolima",2006,"Congreso",NA,NA,NA,"LOS ALPES",218,302,520,2
"8045",73873,29127,"Villarrica","Tolima",2006,"Congreso",NA,NA,NA,"LA MERCADILLA",134,166,300,1
"8046",73873,29127,"Villarrica","Tolima",2006,"Congreso",NA,NA,NA,"PUERTO LLERAS",75,117,192,1
"8047",76001,31001,"Cali","Valle del Cauca",2006,"Congreso",NA,NA,NA,"ESC. JOSE ACEVEDO Y GOMEZ",2754,14406,17160,50
"8048",76001,31001,"Cali","Valle del Cauca",2006,"Congreso",NA,NA,NA,"ESC. ANA MARIA CAICEDO DE LLO",12362,2767,15129,44
"8049",76001,31001,"Cali","Valle del Cauca",2006,"Congreso",NA,NA,NA,"CTRO.DEPOR.TORY CASTRO",5825,4545,10370,31
"8050",76001,31001,"Cali","Valle del Cauca",2006,"Congreso",NA,NA,NA,"COLISEO DEL BAJO AGUACATAL",455,329,784,3
"8051",76001,31001,"Cali","Valle del Cauca",2006,"Congreso",NA,NA,NA,"CTRO. TECNOL. MIGUEL CAMACHO",7427,5866,13293,39
"8052",76001,31001,"Cali","Valle del Cauca",2006,"Congreso",NA,NA,NA,"FERROCARRILES NACIONALES",6409,3526,9935,29
"8053",76001,31001,"Cali","Valle del Cauca",2006,"Congreso",NA,NA,NA,"ESC. REPUBLICA DEL BRASIL",3248,5132,8380,25
"8054",76001,31001,"Cali","Valle del Cauca",2006,"Congreso",NA,NA,NA,"CLUB DE LEONES LA MERCED",4658,3710,8368,25
"8055",76001,31001,"Cali","Valle del Cauca",2006,"Congreso",NA,NA,NA,"COL. MIGUEL CAMACHO PEREA",6177,4979,11156,33
"8056",76001,31001,"Cali","Valle del Cauca",2006,"Congreso",NA,NA,NA,"ESC. REPUBLICA DE FRANCIA",2736,2072,4808,14
"8057",76001,31001,"Cali","Valle del Cauca",2006,"Congreso",NA,NA,NA,"C.A.M.",8252,8753,17005,50
"8058",76001,31001,"Cali","Valle del Cauca",2006,"Congreso",NA,NA,NA,"ESC. BRISAS DE LOS ALAMOS",2022,1751,3773,11
"8059",76001,31001,"Cali","Valle del Cauca",2006,"Congreso",NA,NA,NA,"GOBERNACION",8415,2305,10720,32
"8060",76001,31001,"Cali","Valle del Cauca",2006,"Congreso",NA,NA,NA,"ESC. CARLOS A. SARDI",6012,4702,10714,32
"8061",76001,31001,"Cali","Valle del Cauca",2006,"Congreso",NA,NA,NA,"COLEGIO SANTA LIBRADA",1937,8199,10136,30
"8062",76001,31001,"Cali","Valle del Cauca",2006,"Congreso",NA,NA,NA,"NORMAL SUPERIOR LOS FARALLONE",3187,2336,5523,17
"8063",76001,31001,"Cali","Valle del Cauca",2006,"Congreso",NA,NA,NA,"ESC. REPUBLICA DE MEJICO",4011,4724,8735,26
"8064",76001,31001,"Cali","Valle del Cauca",2006,"Congreso",NA,NA,NA,"ESC. ADAN CORDOBES CORDOBA",3865,3647,7512,22
"8065",76001,31001,"Cali","Valle del Cauca",2006,"Congreso",NA,NA,NA,"ESC. JOSE ANTONIO GALAN",4454,3780,8234,24
"8066",76001,31001,"Cali","Valle del Cauca",2006,"Congreso",NA,NA,NA,"ESC. RAFAEL ZAMORANO",5418,4689,10107,30
"8067",76001,31001,"Cali","Valle del Cauca",2006,"Congreso",NA,NA,NA,"COLEGIO INEM",5681,4535,10216,30
"8068",76001,31001,"Cali","Valle del Cauca",2006,"Congreso",NA,NA,NA,"S.E.N.A.",7517,6433,13950,41
"8069",76001,31001,"Cali","Valle del Cauca",2006,"Congreso",NA,NA,NA,"ESC. CELMIRA BUENO DE OREJUEL",6155,4680,10835,32
"8070",76001,31001,"Cali","Valle del Cauca",2006,"Congreso",NA,NA,NA,"ESC. MARIANO OSPINA PEREZ",5170,3933,9103,27
"8071",76001,31001,"Cali","Valle del Cauca",2006,"Congreso",NA,NA,NA,"ESC. MARIA PANESSO",3554,2845,6399,19
"8072",76001,31001,"Cali","Valle del Cauca",2006,"Congreso",NA,NA,NA,"LIC. FARALLONES DEL NORTE",5035,4308,9343,28
"8073",76001,31001,"Cali","Valle del Cauca",2006,"Congreso",NA,NA,NA,"ESC. LAS AMERICAS",7643,5785,13428,40
"8074",76001,31001,"Cali","Valle del Cauca",2006,"Congreso",NA,NA,NA,"ESC. ANTANSIO GIRARDOT",5718,4526,10244,30
"8075",76001,31001,"Cali","Valle del Cauca",2006,"Congreso",NA,NA,NA,"ESC. SAN JORGE",4819,3642,8461,25
"8076",76001,31001,"Cali","Valle del Cauca",2006,"Congreso",NA,NA,NA,"ESC. SAN LUIS",5450,4245,9695,29
"8077",76001,31001,"Cali","Valle del Cauca",2006,"Congreso",NA,NA,NA,"ESC. TRES DE JULIO",3751,3091,6842,20
"8078",76001,31001,"Cali","Valle del Cauca",2006,"Congreso",NA,NA,NA,"ESC. PABLO EMILIO CAICEDO",3369,2789,6158,18
"8079",76001,31001,"Cali","Valle del Cauca",2006,"Congreso",NA,NA,NA,"COL. MANUEL MARIA MALLARINO",3163,2616,5779,17
"8080",76001,31001,"Cali","Valle del Cauca",2006,"Congreso",NA,NA,NA,"ESC. CARLOS HOLGUIN SARDI",1553,1195,2748,8
"8081",76001,31001,"Cali","Valle del Cauca",2006,"Congreso",NA,NA,NA,"ESC. CENTRAL PROVIVIENDA",5352,4442,9794,29
"8082",76001,31001,"Cali","Valle del Cauca",2006,"Congreso",NA,NA,NA,"ESC. LOS FARALLONES",2933,2739,5672,17
"8083",76001,31001,"Cali","Valle del Cauca",2006,"Congreso",NA,NA,NA,"COL. VICENTE BORRERO COSTA",4222,3235,7457,22
"8084",76001,31001,"Cali","Valle del Cauca",2006,"Congreso",NA,NA,NA,"ESC. MANUEL MARIA MALLARINO",2063,1917,3980,12
"8085",76001,31001,"Cali","Valle del Cauca",2006,"Congreso",NA,NA,NA,"ESC. ANA MARIA VERNAZA",2525,2251,4776,14
"8086",76001,31001,"Cali","Valle del Cauca",2006,"Congreso",NA,NA,NA,"ESC. ELEAZAR LIBREROS",2782,2318,5100,15
"8087",76001,31001,"Cali","Valle del Cauca",2006,"Congreso",NA,NA,NA,"COLEGIO LA SALLE",870,705,1575,5
"8088",76001,31001,"Cali","Valle del Cauca",2006,"Congreso",NA,NA,NA,"ESC. BENJAMIN HERRERA",3762,3283,7045,21
"8089",76001,31001,"Cali","Valle del Cauca",2006,"Congreso",NA,NA,NA,"ESC. MANUEL REBOLLEDO",5380,4399,9779,29
"8090",76001,31001,"Cali","Valle del Cauca",2006,"Congreso",NA,NA,NA,"CTRO ATENCION A LA MUJER",4652,3847,8499,25
"8091",76001,31001,"Cali","Valle del Cauca",2006,"Congreso",NA,NA,NA,"ESC. RICARDO NIETO",4562,3593,8155,24
"8092",76001,31001,"Cali","Valle del Cauca",2006,"Congreso",NA,NA,NA,"ESC. REPUBLICA DE COLOMBIA",7646,6360,14006,41
"8093",76001,31001,"Cali","Valle del Cauca",2006,"Congreso",NA,NA,NA,"ESC. ABRAHAM DOMINGUEZ VASQUE",3872,2961,6833,20
"8094",76001,31001,"Cali","Valle del Cauca",2006,"Congreso",NA,NA,NA,"ESC. MARCO FIDEL SUAREZ",5559,4566,10125,30
"8095",76001,31001,"Cali","Valle del Cauca",2006,"Congreso",NA,NA,NA,"ESC. NUESTRA SE\ORA DE LOS RE",4502,3649,8151,24
"8096",76001,31001,"Cali","Valle del Cauca",2006,"Congreso",NA,NA,NA,"ESC. REPUBLICA DE ARGENTINA",4163,3949,8112,24
"8097",76001,31001,"Cali","Valle del Cauca",2006,"Congreso",NA,NA,NA,"ESC. OLGA LUCIA LLOREDA",4698,3497,8195,24
"8098",76001,31001,"Cali","Valle del Cauca",2006,"Congreso",NA,NA,NA,"ESC. REPUBLICA DEL PERU",7188,1432,8620,26
"8099",76001,31001,"Cali","Valle del Cauca",2006,"Congreso",NA,NA,NA,"COL. JOSE MARIA VIVAS BALCAZA",5570,3973,9543,28
"8100",76001,31001,"Cali","Valle del Cauca",2006,"Congreso",NA,NA,NA,"ESC. FERNANDO VELASCO",5306,4213,9519,28
"8101",76001,31001,"Cali","Valle del Cauca",2006,"Congreso",NA,NA,NA,"CTRO. PARROQUIA SN JUAN BAUTI",6363,5342,11705,35
"8102",76001,31001,"Cali","Valle del Cauca",2006,"Congreso",NA,NA,NA,"NORMAL DE VARONES",5023,3549,8572,25
"8103",76001,31001,"Cali","Valle del Cauca",2006,"Congreso",NA,NA,NA,"ESC. SAN ROQUE",7100,5544,12644,37
"8104",76001,31001,"Cali","Valle del Cauca",2006,"Congreso",NA,NA,NA,"COL. RAFAEL NAVIA VARON",2033,1511,3544,11
"8105",76001,31001,"Cali","Valle del Cauca",2006,"Congreso",NA,NA,NA,"ESC. MARINO RENGIFO SALCEDO",3865,3165,7030,21
"8106",76001,31001,"Cali","Valle del Cauca",2006,"Congreso",NA,NA,NA,"AGUSTIN NIETO CABALLERO",5520,4537,10057,30
"8107",76001,31001,"Cali","Valle del Cauca",2006,"Congreso",NA,NA,NA,"ESC. CIUDAD MODELO",3036,2318,5354,16
"8108",76001,31001,"Cali","Valle del Cauca",2006,"Congreso",NA,NA,NA,"ESC. SUSANA VINASCO DE QUINTA",3613,2886,6499,19
"8109",76001,31001,"Cali","Valle del Cauca",2006,"Congreso",NA,NA,NA,"ESC. JOSE VICENTE CONCHA",3379,2751,6130,18
"8110",76001,31001,"Cali","Valle del Cauca",2006,"Congreso",NA,NA,NA,"ESC. REPUBLICA DEL URUGUAY",4105,3190,7295,22
"8111",76001,31001,"Cali","Valle del Cauca",2006,"Congreso",NA,NA,NA,"ESC. ALFREDO VASQUEZ COBO",3218,2638,5856,18
"8112",76001,31001,"Cali","Valle del Cauca",2006,"Congreso",NA,NA,NA,"ESC. JULIO ARBOLEDA",3686,2788,6474,19
"8113",76001,31001,"Cali","Valle del Cauca",2006,"Congreso",NA,NA,NA,"ESC. CIUDAD DE CALI",5271,4537,9808,29
"8114",76001,31001,"Cali","Valle del Cauca",2006,"Congreso",NA,NA,NA,"ESC. MARICE SINISTERRA",6967,5226,12193,36
"8115",76001,31001,"Cali","Valle del Cauca",2006,"Congreso",NA,NA,NA,"COL. HERNANDO NAVIA VARON",5828,4912,10740,32
"8116",76001,31001,"Cali","Valle del Cauca",2006,"Congreso",NA,NA,NA,"ESC. FENALCO ASTURIAS",2206,1724,3930,12
"8117",76001,31001,"Cali","Valle del Cauca",2006,"Congreso",NA,NA,NA,"LIC. PAR. INF JUAN PABLO II",4003,3326,7329,22
"8118",76001,31001,"Cali","Valle del Cauca",2006,"Congreso",NA,NA,NA,"ESC. JUAN PABLO II",3671,2431,6102,18
"8119",76001,31001,"Cali","Valle del Cauca",2006,"Congreso",NA,NA,NA,"ESC. EL DIAMANTE",5657,4676,10333,31
"8120",76001,31001,"Cali","Valle del Cauca",2006,"Congreso",NA,NA,NA,"ESC. RODRIGO LLOREDA",6040,4541,10581,31
"8121",76001,31001,"Cali","Valle del Cauca",2006,"Congreso",NA,NA,NA,"ESC. MIGUEL CAMACHO PEREA",4599,3331,7930,24
"8122",76001,31001,"Cali","Valle del Cauca",2006,"Congreso",NA,NA,NA,"ESC. SANTA ROSA 127",4901,3644,8545,25
"8123",76001,31001,"Cali","Valle del Cauca",2006,"Congreso",NA,NA,NA,"COLEGIO LOS LAGOS",4178,3201,7379,22
"8124",76001,31001,"Cali","Valle del Cauca",2006,"Congreso",NA,NA,NA,"ESC. BARTOLOME LOBOGUERRER",6607,5057,11664,34
"8125",76001,31001,"Cali","Valle del Cauca",2006,"Congreso",NA,NA,NA,"POLIDEP. DE VILLA DEL LAGO",834,520,1354,4
"8126",76001,31001,"Cali","Valle del Cauca",2006,"Congreso",NA,NA,NA,"ESC. LA ANUNCIACION",5059,3457,8516,25
"8127",76001,31001,"Cali","Valle del Cauca",2006,"Congreso",NA,NA,NA,"INST.EDUC.PUERTA DEL SOL",4655,3510,8165,24
"8128",76001,31001,"Cali","Valle del Cauca",2006,"Congreso",NA,NA,NA,"ESC. RAUL SILVA HOLGUIN",7426,5547,12973,38
"8129",76001,31001,"Cali","Valle del Cauca",2006,"Congreso",NA,NA,NA,"LA CASONA",10283,8253,18536,54
"8130",76001,31001,"Cali","Valle del Cauca",2006,"Congreso",NA,NA,NA,"ESC. GABRIELA MISTRAL",5066,3681,8747,26
"8131",76001,31001,"Cali","Valle del Cauca",2006,"Congreso",NA,NA,NA,"COLEGIO CIUDAD CORDOBA",4317,3184,7501,22
"8132",76001,31001,"Cali","Valle del Cauca",2006,"Congreso",NA,NA,NA,"ESC. OLAYA HERRERA",7709,5395,13104,39
"8133",76001,31001,"Cali","Valle del Cauca",2006,"Congreso",NA,NA,NA,"ESC. JOSE RAMON BEJARANO",4717,3478,8195,24
"8134",76001,31001,"Cali","Valle del Cauca",2006,"Congreso",NA,NA,NA,"ESC. FE Y ALEGRIA",3959,2743,6702,20
"8135",76001,31001,"Cali","Valle del Cauca",2006,"Congreso",NA,NA,NA,"ESC. MIGUEL DE POMBO",3813,2612,6425,19
"8136",76001,31001,"Cali","Valle del Cauca",2006,"Congreso",NA,NA,NA,"ESC. BIENESTAR SOCIAL",3329,2463,5792,17
"8137",76001,31001,"Cali","Valle del Cauca",2006,"Congreso",NA,NA,NA,"ESC. CRISTOBAL COLON",5760,4931,10691,32
"8138",76001,31001,"Cali","Valle del Cauca",2006,"Congreso",NA,NA,NA,"ESC. CARLOS HOLMES TRUJILLO",4639,3513,8152,24
"8139",76001,31001,"Cali","Valle del Cauca",2006,"Congreso",NA,NA,NA,"ESC. PABLO NERUDA",5257,4059,9316,28
"8140",76001,31001,"Cali","Valle del Cauca",2006,"Congreso",NA,NA,NA,"ESC. CRISTO MAESTRO",5257,4209,9466,28
"8141",76001,31001,"Cali","Valle del Cauca",2006,"Congreso",NA,NA,NA,"CLUB DEL I.S.S.",5602,4165,9767,29
"8142",76001,31001,"Cali","Valle del Cauca",2006,"Congreso",NA,NA,NA,"C.V.C.",9028,7102,16130,47
"8143",76001,31001,"Cali","Valle del Cauca",2006,"Congreso",NA,NA,NA,"ESC. LUIS CARLOS ROJAS",6975,5105,12080,36
"8144",76001,31001,"Cali","Valle del Cauca",2006,"Congreso",NA,NA,NA,"COLEGIO COMFANDI",4154,3162,7316,22
"8145",76001,31001,"Cali","Valle del Cauca",2006,"Congreso",NA,NA,NA,"COLEGIO BENETT",3449,2836,6285,19
"8146",76001,31001,"Cali","Valle del Cauca",2006,"Congreso",NA,NA,NA,"ESC. LA ESPERANZA",3154,2475,5629,17
"8147",76001,31001,"Cali","Valle del Cauca",2006,"Congreso",NA,NA,NA,"ESC. LUIS EDUARDO NIETO CABAL",5377,4607,9984,30
"8148",76001,31001,"Cali","Valle del Cauca",2006,"Congreso",NA,NA,NA,"ESC. ALVARO ESCOBAR NAVIA",6264,4676,10940,32
"8149",76001,31001,"Cali","Valle del Cauca",2006,"Congreso",NA,NA,NA,"ESC. CELIMO RUEDA",7110,5951,13061,38
"8150",76001,31001,"Cali","Valle del Cauca",2006,"Congreso",NA,NA,NA,"ESC. JUAN PABLO II",388,292,680,2
"8151",76001,31001,"Cali","Valle del Cauca",2006,"Congreso",NA,NA,NA,"COLEGIO POLITECNICO",3703,2763,6466,19
"8152",76001,31001,"Cali","Valle del Cauca",2006,"Congreso",NA,NA,NA,"GIMNASIO EL PUEBLO",6385,16294,22679,66
"8153",76001,31001,"Cali","Valle del Cauca",2006,"Congreso",NA,NA,NA,"EDIFICIO IMBANACO",9920,7748,17668,52
"8154",76001,31001,"Cali","Valle del Cauca",2006,"Congreso",NA,NA,NA,"C. D. U.",3292,2767,6059,18
"8155",76001,31001,"Cali","Valle del Cauca",2006,"Congreso",NA,NA,NA,"UNIDAD DEP. PANAMERICANA",5885,4719,10604,31
"8156",76001,31001,"Cali","Valle del Cauca",2006,"Congreso",NA,NA,NA,"LICEO DEPTAL. FEMENINO",6595,1343,7938,24
"8157",76001,31001,"Cali","Valle del Cauca",2006,"Congreso",NA,NA,NA,"ESC. FRANCISCO JOSE DE CALDAS",2398,2062,4460,13
"8158",76001,31001,"Cali","Valle del Cauca",2006,"Congreso",NA,NA,NA,"ESC. CAMILO TORRES",1641,6138,7779,23
"8159",76001,31001,"Cali","Valle del Cauca",2006,"Congreso",NA,NA,NA,"ESC. LA GRAN COLOMBIA",4352,3286,7638,23
"8160",76001,31001,"Cali","Valle del Cauca",2006,"Congreso",NA,NA,NA,"LOS CRISTALES",499,438,937,3
"8161",76001,31001,"Cali","Valle del Cauca",2006,"Congreso",NA,NA,NA,"ESC. SANTA LUISA",990,940,1930,6
"8162",76001,31001,"Cali","Valle del Cauca",2006,"Congreso",NA,NA,NA,"ESC. REPUBLICA DE PANAMA",3827,2789,6616,20
"8163",76001,31001,"Cali","Valle del Cauca",2006,"Congreso",NA,NA,NA,"CASETA COMUNAL SILOE",1782,1378,3160,10
"8164",76001,31001,"Cali","Valle del Cauca",2006,"Congreso",NA,NA,NA,"ESC. JUANA DE CAICEDO Y CUERO",6501,5364,11865,35
"8165",76001,31001,"Cali","Valle del Cauca",2006,"Congreso",NA,NA,NA,"ESC. SIMON BOLIVAR",3975,3531,7506,22
"8166",76001,31001,"Cali","Valle del Cauca",2006,"Congreso",NA,NA,NA,"ESCUELA CELANESE",218,152,370,2
"8167",76001,31001,"Cali","Valle del Cauca",2006,"Congreso",NA,NA,NA,"ESCUELA SOFIA CAMARGO",374,216,590,2
"8168",76001,31001,"Cali","Valle del Cauca",2006,"Congreso",NA,NA,NA,"ESC. DE PISAMOS",2245,1578,3823,12
"8169",76001,31001,"Cali","Valle del Cauca",2006,"Congreso",NA,NA,NA,"COLEGIO MUNICIPAL",2254,1725,3979,12
"8170",76001,31001,"Cali","Valle del Cauca",2006,"Congreso",NA,NA,NA,"COL. TECNICO INDUSTRIAL",4282,3189,7471,22
"8171",76001,31001,"Cali","Valle del Cauca",2006,"Congreso",NA,NA,NA,"COL. FUNDACION COMPARTIR",2321,1709,4030,12
"8172",76001,31001,"Cali","Valle del Cauca",2006,"Congreso",NA,NA,NA,"PUESTO CENSO",113759,86597,200356,253
"8173",76001,31001,"Cali","Valle del Cauca",2006,"Congreso",NA,NA,NA,"RECLUSION DE MUJERES",82,25,107,1
"8174",76001,31001,"Cali","Valle del Cauca",2006,"Congreso",NA,NA,NA,"CARCEL VILLANUEVA",23,244,267,1
"8175",76001,31001,"Cali","Valle del Cauca",2006,"Congreso",NA,NA,NA,"FELIDIA",444,464,908,3
"8176",76001,31001,"Cali","Valle del Cauca",2006,"Congreso",NA,NA,NA,"HORMIGUERO",1056,928,1984,6
"8177",76001,31001,"Cali","Valle del Cauca",2006,"Congreso",NA,NA,NA,"LA BUITRERA",1366,1332,2698,8
"8178",76001,31001,"Cali","Valle del Cauca",2006,"Congreso",NA,NA,NA,"LA CASTILLA",353,398,751,3
"8179",76001,31001,"Cali","Valle del Cauca",2006,"Congreso",NA,NA,NA,"LA ELVIRA",224,259,483,2
"8180",76001,31001,"Cali","Valle del Cauca",2006,"Congreso",NA,NA,NA,"LA LEONERA",227,300,527,2
"8181",76001,31001,"Cali","Valle del Cauca",2006,"Congreso",NA,NA,NA,"LA PAZ",227,290,517,2
"8182",76001,31001,"Cali","Valle del Cauca",2006,"Congreso",NA,NA,NA,"GOLONDRINAS",378,355,733,3
"8183",76001,31001,"Cali","Valle del Cauca",2006,"Congreso",NA,NA,NA,"LOS ANDES",217,342,559,2
"8184",76001,31001,"Cali","Valle del Cauca",2006,"Congreso",NA,NA,NA,"MELENDEZ (VILLA CARMELO)",227,258,485,2
"8185",76001,31001,"Cali","Valle del Cauca",2006,"Congreso",NA,NA,NA,"MONTEBELLO",2105,1776,3881,12
"8186",76001,31001,"Cali","Valle del Cauca",2006,"Congreso",NA,NA,NA,"NAVARRO",624,580,1204,4
"8187",76001,31001,"Cali","Valle del Cauca",2006,"Congreso",NA,NA,NA,"PANCE",307,375,682,2
"8188",76001,31001,"Cali","Valle del Cauca",2006,"Congreso",NA,NA,NA,"PICHINDE",177,232,409,2
"8189",76001,31001,"Cali","Valle del Cauca",2006,"Congreso",NA,NA,NA,"EL SALADITO",479,584,1063,4
"8190",76020,31004,"Alcalá","Valle del Cauca",2006,"Congreso",NA,NA,NA,NA,4281,4455,8736,26
"8191",76020,31004,"Alcalá","Valle del Cauca",2006,"Congreso",NA,NA,NA,"MARAVELEZ",106,150,256,1
"8192",76020,31004,"Alcalá","Valle del Cauca",2006,"Congreso",NA,NA,NA,"EL CONGAL",63,82,145,1
"8193",76020,31004,"Alcalá","Valle del Cauca",2006,"Congreso",NA,NA,NA,"LA CUCHILLA",122,147,269,1
"8194",76020,31004,"Alcalá","Valle del Cauca",2006,"Congreso",NA,NA,NA,"LA ESTRELLA",148,192,340,1
"8195",76036,31007,"Andalucía","Valle del Cauca",2006,"Congreso",NA,NA,NA,NA,6496,5545,12041,36
"8196",76036,31007,"Andalucía","Valle del Cauca",2006,"Congreso",NA,NA,NA,"ALTAFLOR",141,229,370,2
"8197",76036,31007,"Andalucía","Valle del Cauca",2006,"Congreso",NA,NA,NA,"CAMPOALEGRE",506,490,996,3
"8198",76036,31007,"Andalucía","Valle del Cauca",2006,"Congreso",NA,NA,NA,"EL SALTO",182,208,390,2
"8199",76036,31007,"Andalucía","Valle del Cauca",2006,"Congreso",NA,NA,NA,"PARDO",79,137,216,1
"8200",76036,31007,"Andalucía","Valle del Cauca",2006,"Congreso",NA,NA,NA,"POTRERILLO",100,123,223,1
"8201",76036,31007,"Andalucía","Valle del Cauca",2006,"Congreso",NA,NA,NA,"ZABALETAS",203,200,403,2
"8202",76041,31010,"Ansermanuevo","Valle del Cauca",2006,"Congreso",NA,NA,NA,NA,5387,5293,10680,32
"8203",76041,31010,"Ansermanuevo","Valle del Cauca",2006,"Congreso",NA,NA,NA,"EL BILLAR",386,569,955,3
"8204",76041,31010,"Ansermanuevo","Valle del Cauca",2006,"Congreso",NA,NA,NA,"CALABAZAS",64,67,131,1
"8205",76041,31010,"Ansermanuevo","Valle del Cauca",2006,"Congreso",NA,NA,NA,"ANACARO",418,369,787,3
"8206",76041,31010,"Ansermanuevo","Valle del Cauca",2006,"Congreso",NA,NA,NA,"EL ROBLE",102,157,259,1
"8207",76041,31010,"Ansermanuevo","Valle del Cauca",2006,"Congreso",NA,NA,NA,"ALTO TIGRE",59,127,186,1
"8208",76041,31010,"Ansermanuevo","Valle del Cauca",2006,"Congreso",NA,NA,NA,"GRAMALOTE",544,485,1029,3
"8209",76041,31010,"Ansermanuevo","Valle del Cauca",2006,"Congreso",NA,NA,NA,"EL CAFE",60,89,149,1
"8210",76041,31010,"Ansermanuevo","Valle del Cauca",2006,"Congreso",NA,NA,NA,"EL VERGEL",310,389,699,3
"8211",76041,31010,"Ansermanuevo","Valle del Cauca",2006,"Congreso",NA,NA,NA,"LA CABA/A",176,238,414,2
"8212",76041,31010,"Ansermanuevo","Valle del Cauca",2006,"Congreso",NA,NA,NA,"LA HONDURA",83,139,222,1
"8213",76041,31010,"Ansermanuevo","Valle del Cauca",2006,"Congreso",NA,NA,NA,"LA PUERTA",80,145,225,1
"8214",76041,31010,"Ansermanuevo","Valle del Cauca",2006,"Congreso",NA,NA,NA,"LA RAIZ",49,76,125,1
"8215",76041,31010,"Ansermanuevo","Valle del Cauca",2006,"Congreso",NA,NA,NA,"LA PEDRERA",111,94,205,1
"8216",76041,31010,"Ansermanuevo","Valle del Cauca",2006,"Congreso",NA,NA,NA,"LA POPALITA",107,155,262,1
"8217",76041,31010,"Ansermanuevo","Valle del Cauca",2006,"Congreso",NA,NA,NA,"LUSITANIA",222,324,546,2
"8218",76041,31010,"Ansermanuevo","Valle del Cauca",2006,"Congreso",NA,NA,NA,"LA PRIMAVERA",96,125,221,1
"8219",76041,31010,"Ansermanuevo","Valle del Cauca",2006,"Congreso",NA,NA,NA,"SAN AGUSTIN",72,124,196,1
"8220",76041,31010,"Ansermanuevo","Valle del Cauca",2006,"Congreso",NA,NA,NA,"TRES ESQUINAS",119,179,298,1
"8221",76054,31013,"Argelia","Valle del Cauca",2006,"Congreso",NA,NA,NA,NA,1974,2218,4192,13
"8222",76054,31013,"Argelia","Valle del Cauca",2006,"Congreso",NA,NA,NA,"COROZAL",18,25,43,1
"8223",76054,31013,"Argelia","Valle del Cauca",2006,"Congreso",NA,NA,NA,"LA PALMA",186,242,428,2
"8224",76054,31013,"Argelia","Valle del Cauca",2006,"Congreso",NA,NA,NA,"LA AURORA",171,253,424,2
"8225",76054,31013,"Argelia","Valle del Cauca",2006,"Congreso",NA,NA,NA,"MARACAIBO",185,254,439,2
"8226",76054,31013,"Argelia","Valle del Cauca",2006,"Congreso",NA,NA,NA,"LA PAZ",151,225,376,2
"8227",76054,31013,"Argelia","Valle del Cauca",2006,"Congreso",NA,NA,NA,"LA CRISTALINA",33,42,75,1
"8228",76054,31013,"Argelia","Valle del Cauca",2006,"Congreso",NA,NA,NA,"LA MARINA",125,159,284,1
"8229",76054,31013,"Argelia","Valle del Cauca",2006,"Congreso",NA,NA,NA,"SAN ROQUE (EL RAIZAL)",168,211,379,2
"8230",76100,31016,"Bolívar","Valle del Cauca",2006,"Congreso",NA,NA,NA,NA,2377,2083,4460,13
"8231",76100,31016,"Bolívar","Valle del Cauca",2006,"Congreso",NA,NA,NA,"BETANIA",104,154,258,1
"8232",76100,31016,"Bolívar","Valle del Cauca",2006,"Congreso",NA,NA,NA,"AGUAS LINDAS",113,162,275,1
"8233",76100,31016,"Bolívar","Valle del Cauca",2006,"Congreso",NA,NA,NA,"EL CATRE",57,95,152,1
"8234",76100,31016,"Bolívar","Valle del Cauca",2006,"Congreso",NA,NA,NA,"GUARE",156,183,339,1
"8235",76100,31016,"Bolívar","Valle del Cauca",2006,"Congreso",NA,NA,NA,"LA HERRADURA",195,233,428,2
"8236",76100,31016,"Bolívar","Valle del Cauca",2006,"Congreso",NA,NA,NA,"LA TULIA",649,786,1435,5
"8237",76100,31016,"Bolívar","Valle del Cauca",2006,"Congreso",NA,NA,NA,"LAS CABA/AS",70,116,186,1
"8238",76100,31016,"Bolívar","Valle del Cauca",2006,"Congreso",NA,NA,NA,"NARANJAL",809,1005,1814,6
"8239",76100,31016,"Bolívar","Valle del Cauca",2006,"Congreso",NA,NA,NA,"POTOSI",39,69,108,1
"8240",76100,31016,"Bolívar","Valle del Cauca",2006,"Congreso",NA,NA,NA,"PRIMAVERA",858,1029,1887,6
"8241",76100,31016,"Bolívar","Valle del Cauca",2006,"Congreso",NA,NA,NA,"RICAURTE",444,455,899,3
"8242",76100,31016,"Bolívar","Valle del Cauca",2006,"Congreso",NA,NA,NA,"RIO DOVIO",59,120,179,1
"8243",76100,31016,"Bolívar","Valle del Cauca",2006,"Congreso",NA,NA,NA,"SAN FERNANDO",171,181,352,2
"8244",76100,31016,"Bolívar","Valle del Cauca",2006,"Congreso",NA,NA,NA,"SANTA TERESA",42,82,124,1
"8245",76109,31019,"Buenaventura","Valle del Cauca",2006,"Congreso",NA,NA,NA,"SAN RAFAEL",3457,4691,8148,24
"8246",76109,31019,"Buenaventura","Valle del Cauca",2006,"Congreso",NA,NA,NA,"COLISEO CUBIERTO",6915,1190,8105,24
"8247",76109,31019,"Buenaventura","Valle del Cauca",2006,"Congreso",NA,NA,NA,"TERMINAL DE TRANSPORTE",319,9233,9552,28
"8248",76109,31019,"Buenaventura","Valle del Cauca",2006,"Congreso",NA,NA,NA,"CONC. FCO. JOSE DE CALDAS",5284,5080,10364,31
"8249",76109,31019,"Buenaventura","Valle del Cauca",2006,"Congreso",NA,NA,NA,"INST. TEC. COMERCIAL PILOTO",2590,2028,4618,14
"8250",76109,31019,"Buenaventura","Valle del Cauca",2006,"Congreso",NA,NA,NA,"COL. REPUBLICA VENEZUELA",7654,3257,10911,32
"8251",76109,31019,"Buenaventura","Valle del Cauca",2006,"Congreso",NA,NA,NA,"COLEGIO TEOFILO R. POTES",5021,4425,9446,28
"8252",76109,31019,"Buenaventura","Valle del Cauca",2006,"Congreso",NA,NA,NA,"CTO DOCENTE URBANO TENORIO",1399,711,2110,7
"8253",76109,31019,"Buenaventura","Valle del Cauca",2006,"Congreso",NA,NA,NA,"INST. I.F.A.",3116,2766,5882,18
"8254",76109,31019,"Buenaventura","Valle del Cauca",2006,"Congreso",NA,NA,NA,"CONC. JOSE RAMON BEJARANO",810,638,1448,5
"8255",76109,31019,"Buenaventura","Valle del Cauca",2006,"Congreso",NA,NA,NA,"ESC. ORIENTE",1090,810,1900,6
"8256",76109,31019,"Buenaventura","Valle del Cauca",2006,"Congreso",NA,NA,NA,"CONC. JUAN JOSE RONDON",4969,3891,8860,26
"8257",76109,31019,"Buenaventura","Valle del Cauca",2006,"Congreso",NA,NA,NA,"COLEGIO PATRICIO SIMMENS",883,743,1626,5
"8258",76109,31019,"Buenaventura","Valle del Cauca",2006,"Congreso",NA,NA,NA,"ESC. TERMARIT",809,684,1493,5
"8259",76109,31019,"Buenaventura","Valle del Cauca",2006,"Congreso",NA,NA,NA,"CONC. SIMON BOLIVAR",3967,2961,6928,21
"8260",76109,31019,"Buenaventura","Valle del Cauca",2006,"Congreso",NA,NA,NA,"LICEO FEM. DEL PACIFICO",2152,1603,3755,11
"8261",76109,31019,"Buenaventura","Valle del Cauca",2006,"Congreso",NA,NA,NA,"CTO DOC. SAN MARTIN DE PORRAS",689,495,1184,4
"8262",76109,31019,"Buenaventura","Valle del Cauca",2006,"Congreso",NA,NA,NA,"CONC. JOSE MARIA CABAL",4461,3466,7927,24
"8263",76109,31019,"Buenaventura","Valle del Cauca",2006,"Congreso",NA,NA,NA,"ESC. LAS AMERICAS",651,506,1157,4
"8264",76109,31019,"Buenaventura","Valle del Cauca",2006,"Congreso",NA,NA,NA,"PARROQUIA CRISTO REDENTOR",2472,2170,4642,14
"8265",76109,31019,"Buenaventura","Valle del Cauca",2006,"Congreso",NA,NA,NA,"CENTRO DOCENTE  No. 1",1321,1005,2326,7
"8266",76109,31019,"Buenaventura","Valle del Cauca",2006,"Congreso",NA,NA,NA,"TRIPLEX BRAWN BALASTRERA",2578,2187,4765,14
"8267",76109,31019,"Buenaventura","Valle del Cauca",2006,"Congreso",NA,NA,NA,"ESC. CALDAS",1371,1033,2404,7
"8268",76109,31019,"Buenaventura","Valle del Cauca",2006,"Congreso",NA,NA,NA,"ESC. EMILIO CARVAJAL",1990,1745,3735,11
"8269",76109,31019,"Buenaventura","Valle del Cauca",2006,"Congreso",NA,NA,NA,"CTO DOCENTE LA NUEVA ESPERANZ",367,335,702,3
"8270",76109,31019,"Buenaventura","Valle del Cauca",2006,"Congreso",NA,NA,NA,"COL. BARTOLOME DE LAS CASAS",713,648,1361,4
"8271",76109,31019,"Buenaventura","Valle del Cauca",2006,"Congreso",NA,NA,NA,"PUESTO CENSO",14695,12619,27314,35
"8272",76109,31019,"Buenaventura","Valle del Cauca",2006,"Congreso",NA,NA,NA,"CARCEL",71,76,147,1
"8273",76109,31019,"Buenaventura","Valle del Cauca",2006,"Congreso",NA,NA,NA,"AGUACLARA",94,119,213,1
"8274",76109,31019,"Buenaventura","Valle del Cauca",2006,"Congreso",NA,NA,NA,"BAZAN",298,420,718,3
"8275",76109,31019,"Buenaventura","Valle del Cauca",2006,"Congreso",NA,NA,NA,"BARCOS",186,160,346,2
"8276",76109,31019,"Buenaventura","Valle del Cauca",2006,"Congreso",NA,NA,NA,"BOCAS DEL CALIMA",125,157,282,1
"8277",76109,31019,"Buenaventura","Valle del Cauca",2006,"Congreso",NA,NA,NA,"BOCAS DEL SAN JUAN",85,95,180,1
"8278",76109,31019,"Buenaventura","Valle del Cauca",2006,"Congreso",NA,NA,NA,"CABECERAS RIO SAN JUAN",215,246,461,2
"8279",76109,31019,"Buenaventura","Valle del Cauca",2006,"Congreso",NA,NA,NA,"CACOLI",30,39,69,1
"8280",76109,31019,"Buenaventura","Valle del Cauca",2006,"Congreso",NA,NA,NA,"CALIMA",530,685,1215,4
"8281",76109,31019,"Buenaventura","Valle del Cauca",2006,"Congreso",NA,NA,NA,"CISNEROS",434,563,997,3
"8282",76109,31019,"Buenaventura","Valle del Cauca",2006,"Congreso",NA,NA,NA,"LA CONCEPCION",180,200,380,2
"8283",76109,31019,"Buenaventura","Valle del Cauca",2006,"Congreso",NA,NA,NA,"LA TROJITA",116,174,290,1
"8284",76109,31019,"Buenaventura","Valle del Cauca",2006,"Congreso",NA,NA,NA,"CORDOBA",501,548,1049,4
"8285",76109,31019,"Buenaventura","Valle del Cauca",2006,"Congreso",NA,NA,NA,"GUADUALITO",191,240,431,2
"8286",76109,31019,"Buenaventura","Valle del Cauca",2006,"Congreso",NA,NA,NA,"EL CARMEN",104,113,217,1
"8287",76109,31019,"Buenaventura","Valle del Cauca",2006,"Congreso",NA,NA,NA,"EL PASTICO",227,233,460,2
"8288",76109,31019,"Buenaventura","Valle del Cauca",2006,"Congreso",NA,NA,NA,"EL TIGRE",145,174,319,1
"8289",76109,31019,"Buenaventura","Valle del Cauca",2006,"Congreso",NA,NA,NA,"EL PITAL",162,185,347,2
"8290",76109,31019,"Buenaventura","Valle del Cauca",2006,"Congreso",NA,NA,NA,"KILOMETRO 43 (TRIANA)",297,301,598,2
"8291",76109,31019,"Buenaventura","Valle del Cauca",2006,"Congreso",NA,NA,NA,"LA PLATA",115,144,259,1
"8292",76109,31019,"Buenaventura","Valle del Cauca",2006,"Congreso",NA,NA,NA,"LADRILLEROS",63,89,152,1
"8293",76109,31019,"Buenaventura","Valle del Cauca",2006,"Congreso",NA,NA,NA,"LLANOBAJO",153,171,324,1
"8294",76109,31019,"Buenaventura","Valle del Cauca",2006,"Congreso",NA,NA,NA,"MALAGA",186,221,407,2
"8295",76109,31019,"Buenaventura","Valle del Cauca",2006,"Congreso",NA,NA,NA,"MAYORQUIN",153,171,324,1
"8296",76109,31019,"Buenaventura","Valle del Cauca",2006,"Congreso",NA,NA,NA,"NICOLAS RAMOS HIDALGO",18,28,46,1
"8297",76109,31019,"Buenaventura","Valle del Cauca",2006,"Congreso",NA,NA,NA,"PAPAYAL",119,105,224,1
"8298",76109,31019,"Buenaventura","Valle del Cauca",2006,"Congreso",NA,NA,NA,"POTEDO",40,61,101,1
"8299",76109,31019,"Buenaventura","Valle del Cauca",2006,"Congreso",NA,NA,NA,"PUERTO ESPA/A",131,162,293,1
"8300",76109,31019,"Buenaventura","Valle del Cauca",2006,"Congreso",NA,NA,NA,"PUERTO MERIZALDE",737,739,1476,5
"8301",76109,31019,"Buenaventura","Valle del Cauca",2006,"Congreso",NA,NA,NA,"PUERTO NAYA",25,47,72,1
"8302",76109,31019,"Buenaventura","Valle del Cauca",2006,"Congreso",NA,NA,NA,"PUNTA DE SOLDADO",167,191,358,2
"8303",76109,31019,"Buenaventura","Valle del Cauca",2006,"Congreso",NA,NA,NA,"CALLE HONDA",82,108,190,1
"8304",76109,31019,"Buenaventura","Valle del Cauca",2006,"Congreso",NA,NA,NA,"SAN ANTONIO DE YURUMANGUI",201,221,422,2
"8305",76109,31019,"Buenaventura","Valle del Cauca",2006,"Congreso",NA,NA,NA,"SAN FRANCISCO DE NAYA",245,242,487,2
"8306",76109,31019,"Buenaventura","Valle del Cauca",2006,"Congreso",NA,NA,NA,"SAN FRANCISCO JAVIER",102,133,235,1
"8307",76109,31019,"Buenaventura","Valle del Cauca",2006,"Congreso",NA,NA,NA,"SAN JOSE DE ANCHICAYA",137,234,371,2
"8308",76109,31019,"Buenaventura","Valle del Cauca",2006,"Congreso",NA,NA,NA,"SAN JOSE DE YURUMANGUI",75,88,163,1
"8309",76109,31019,"Buenaventura","Valle del Cauca",2006,"Congreso",NA,NA,NA,"SAN ISIDRO",121,144,265,1
"8310",76109,31019,"Buenaventura","Valle del Cauca",2006,"Congreso",NA,NA,NA,"SAN LORENZO",83,80,163,1
"8311",76109,31019,"Buenaventura","Valle del Cauca",2006,"Congreso",NA,NA,NA,"SAN MARCOS",129,131,260,1
"8312",76109,31019,"Buenaventura","Valle del Cauca",2006,"Congreso",NA,NA,NA,"SAN PEDRO DE NAYA",177,198,375,2
"8313",76109,31019,"Buenaventura","Valle del Cauca",2006,"Congreso",NA,NA,NA,"SILVA",213,259,472,2
"8314",76109,31019,"Buenaventura","Valle del Cauca",2006,"Congreso",NA,NA,NA,"TAPARAL",61,84,145,1
"8315",76109,31019,"Buenaventura","Valle del Cauca",2006,"Congreso",NA,NA,NA,"VENERAL",170,214,384,2
"8316",76109,31019,"Buenaventura","Valle del Cauca",2006,"Congreso",NA,NA,NA,"YURUMANGUI",148,146,294,1
"8317",76109,31019,"Buenaventura","Valle del Cauca",2006,"Congreso",NA,NA,NA,"ZABALETAS",214,249,463,2
"8318",76109,31019,"Buenaventura","Valle del Cauca",2006,"Congreso",NA,NA,NA,"ZACARIAS",302,313,615,2
"8319",76111,31022,"Guadalajara de Buga","Valle del Cauca",2006,"Congreso",NA,NA,NA,"ESC. TEOFILO DORONSORO",2871,2753,5624,17
"8320",76111,31022,"Guadalajara de Buga","Valle del Cauca",2006,"Congreso",NA,NA,NA,"ESC. GUADALAJARA",1549,795,2344,7
"8321",76111,31022,"Guadalajara de Buga","Valle del Cauca",2006,"Congreso",NA,NA,NA,"PARQUE JOSE MARIA CABAL",10815,9381,20196,59
"8322",76111,31022,"Guadalajara de Buga","Valle del Cauca",2006,"Congreso",NA,NA,NA,"ESC. MARISCAL SUCRE",1351,1058,2409,8
"8323",76111,31022,"Guadalajara de Buga","Valle del Cauca",2006,"Congreso",NA,NA,NA,"ESC. MARIA LUISA",3003,2187,5190,16
"8324",76111,31022,"Guadalajara de Buga","Valle del Cauca",2006,"Congreso",NA,NA,NA,"ESC. LA VENTURA",934,667,1601,5
"8325",76111,31022,"Guadalajara de Buga","Valle del Cauca",2006,"Congreso",NA,NA,NA,"ESC. ANTONIO JOSE DE SUCRE",1396,1028,2424,8
"8326",76111,31022,"Guadalajara de Buga","Valle del Cauca",2006,"Congreso",NA,NA,NA,"PARQUE ALTO BONITO",1180,1157,2337,7
"8327",76111,31022,"Guadalajara de Buga","Valle del Cauca",2006,"Congreso",NA,NA,NA,"PARQUE LA REVOLUCION",2515,1733,4248,13
"8328",76111,31022,"Guadalajara de Buga","Valle del Cauca",2006,"Congreso",NA,NA,NA,"PARQUE NTRA.SRA.DE LA VICTORI",3844,3377,7221,21
"8329",76111,31022,"Guadalajara de Buga","Valle del Cauca",2006,"Congreso",NA,NA,NA,"COL. GIMNASIO CENTRAL",1828,1428,3256,10
"8330",76111,31022,"Guadalajara de Buga","Valle del Cauca",2006,"Congreso",NA,NA,NA,"ESTADIO HERNANDO A. MARTINEZ",1023,992,2015,6
"8331",76111,31022,"Guadalajara de Buga","Valle del Cauca",2006,"Congreso",NA,NA,NA,"PUESTO CENSO",7612,6437,14049,18
"8332",76111,31022,"Guadalajara de Buga","Valle del Cauca",2006,"Congreso",NA,NA,NA,"CARCEL",8,79,87,1
"8333",76111,31022,"Guadalajara de Buga","Valle del Cauca",2006,"Congreso",NA,NA,NA,"CHAMBIMBAL",483,465,948,3
"8334",76111,31022,"Guadalajara de Buga","Valle del Cauca",2006,"Congreso",NA,NA,NA,"EL PLACER",67,102,169,1
"8335",76111,31022,"Guadalajara de Buga","Valle del Cauca",2006,"Congreso",NA,NA,NA,"EL PORVENIR",157,158,315,1
"8336",76111,31022,"Guadalajara de Buga","Valle del Cauca",2006,"Congreso",NA,NA,NA,"EL ROSARIO",32,63,95,1
"8337",76111,31022,"Guadalajara de Buga","Valle del Cauca",2006,"Congreso",NA,NA,NA,"EL SALADO",21,40,61,1
"8338",76111,31022,"Guadalajara de Buga","Valle del Cauca",2006,"Congreso",NA,NA,NA,"EL VINCULO",527,498,1025,3
"8339",76111,31022,"Guadalajara de Buga","Valle del Cauca",2006,"Congreso",NA,NA,NA,"FRISOLES",44,74,118,1
"8340",76111,31022,"Guadalajara de Buga","Valle del Cauca",2006,"Congreso",NA,NA,NA,"LA HABANA",388,449,837,3
"8341",76111,31022,"Guadalajara de Buga","Valle del Cauca",2006,"Congreso",NA,NA,NA,"LA MARIA",138,197,335,1
"8342",76111,31022,"Guadalajara de Buga","Valle del Cauca",2006,"Congreso",NA,NA,NA,"MIRAFLORES",102,133,235,1
"8343",76111,31022,"Guadalajara de Buga","Valle del Cauca",2006,"Congreso",NA,NA,NA,"LOS BANCOS",32,51,83,1
"8344",76111,31022,"Guadalajara de Buga","Valle del Cauca",2006,"Congreso",NA,NA,NA,"MONTERREY",120,152,272,1
"8345",76111,31022,"Guadalajara de Buga","Valle del Cauca",2006,"Congreso",NA,NA,NA,"LA PLAYA DEL BUEY",19,27,46,1
"8346",76111,31022,"Guadalajara de Buga","Valle del Cauca",2006,"Congreso",NA,NA,NA,"NOGALES",49,83,132,1
"8347",76111,31022,"Guadalajara de Buga","Valle del Cauca",2006,"Congreso",NA,NA,NA,"PUEBLO NUEVO",244,209,453,2
"8348",76111,31022,"Guadalajara de Buga","Valle del Cauca",2006,"Congreso",NA,NA,NA,"QUEBRADASECA",386,319,705,3
"8349",76111,31022,"Guadalajara de Buga","Valle del Cauca",2006,"Congreso",NA,NA,NA,"RIOLORO",21,34,55,1
"8350",76111,31022,"Guadalajara de Buga","Valle del Cauca",2006,"Congreso",NA,NA,NA,"ZANJON HONDO",457,443,900,3
"8351",76113,31025,"Bugalagrande","Valle del Cauca",2006,"Congreso",NA,NA,NA,NA,4947,4319,9266,27
"8352",76113,31025,"Bugalagrande","Valle del Cauca",2006,"Congreso",NA,NA,NA,"CEILAN",802,966,1768,6
"8353",76113,31025,"Bugalagrande","Valle del Cauca",2006,"Congreso",NA,NA,NA,"CHICORAL",125,147,272,1
"8354",76113,31025,"Bugalagrande","Valle del Cauca",2006,"Congreso",NA,NA,NA,"CHORRERAS",127,209,336,1
"8355",76113,31025,"Bugalagrande","Valle del Cauca",2006,"Congreso",NA,NA,NA,"EL GUAYABO",244,266,510,2
"8356",76113,31025,"Bugalagrande","Valle del Cauca",2006,"Congreso",NA,NA,NA,"MESTIZAL",196,203,399,2
"8357",76113,31025,"Bugalagrande","Valle del Cauca",2006,"Congreso",NA,NA,NA,"EL ROCIO",37,49,86,1
"8358",76113,31025,"Bugalagrande","Valle del Cauca",2006,"Congreso",NA,NA,NA,"EL OVERO",602,596,1198,4
"8359",76113,31025,"Bugalagrande","Valle del Cauca",2006,"Congreso",NA,NA,NA,"EL PLACER",43,83,126,1
"8360",76113,31025,"Bugalagrande","Valle del Cauca",2006,"Congreso",NA,NA,NA,"EL VOLADERO",34,49,83,1
"8361",76113,31025,"Bugalagrande","Valle del Cauca",2006,"Congreso",NA,NA,NA,"EL RAICERO",57,73,130,1
"8362",76113,31025,"Bugalagrande","Valle del Cauca",2006,"Congreso",NA,NA,NA,"GALICIA",401,510,911,3
"8363",76113,31025,"Bugalagrande","Valle del Cauca",2006,"Congreso",NA,NA,NA,"URIBE URIBE (LAGUNILLA)",330,348,678,2
"8364",76113,31025,"Bugalagrande","Valle del Cauca",2006,"Congreso",NA,NA,NA,"LA MORENA",66,86,152,1
"8365",76113,31025,"Bugalagrande","Valle del Cauca",2006,"Congreso",NA,NA,NA,"PAILA ARRIBA (LUCAICAL)",165,202,367,2
"8366",76113,31025,"Bugalagrande","Valle del Cauca",2006,"Congreso",NA,NA,NA,"SAN ANTONIO",160,140,300,1
"8367",76122,31028,"Caicedonia","Valle del Cauca",2006,"Congreso",NA,NA,NA,"NORMAL SUPERIOR",2608,4087,6695,20
"8368",76122,31028,"Caicedonia","Valle del Cauca",2006,"Congreso",NA,NA,NA,"ESCUELA ANEXA",3237,563,3800,12
"8369",76122,31028,"Caicedonia","Valle del Cauca",2006,"Congreso",NA,NA,NA,"ESCUELA VALLE DEL CAUCA",3887,2885,6772,20
"8370",76122,31028,"Caicedonia","Valle del Cauca",2006,"Congreso",NA,NA,NA,"ESCUELA TRES DE AGOSTO",976,2640,3616,11
"8371",76122,31028,"Caicedonia","Valle del Cauca",2006,"Congreso",NA,NA,NA,"CARCEL",6,36,42,1
"8372",76122,31028,"Caicedonia","Valle del Cauca",2006,"Congreso",NA,NA,NA,"AURES",220,466,686,2
"8373",76122,31028,"Caicedonia","Valle del Cauca",2006,"Congreso",NA,NA,NA,"ALTO BARRAGAN",405,436,841,3
"8374",76122,31028,"Caicedonia","Valle del Cauca",2006,"Congreso",NA,NA,NA,"BURILA",164,214,378,2
"8375",76122,31028,"Caicedonia","Valle del Cauca",2006,"Congreso",NA,NA,NA,"EL CRUCERO",108,178,286,1
"8376",76122,31028,"Caicedonia","Valle del Cauca",2006,"Congreso",NA,NA,NA,"LA CAMELIA",542,559,1101,4
"8377",76122,31028,"Caicedonia","Valle del Cauca",2006,"Congreso",NA,NA,NA,"LA RIVERA",138,211,349,2
"8378",76122,31028,"Caicedonia","Valle del Cauca",2006,"Congreso",NA,NA,NA,"MONTEGRANDE",158,209,367,2
"8379",76122,31028,"Caicedonia","Valle del Cauca",2006,"Congreso",NA,NA,NA,"SAMARIA",234,377,611,2
"8380",76122,31028,"Caicedonia","Valle del Cauca",2006,"Congreso",NA,NA,NA,"SAN GERARDO",75,155,230,1
"8381",76130,31031,"Candelaria","Valle del Cauca",2006,"Congreso",NA,NA,NA,"ESTADIO MUNICIPAL",1050,2513,3563,11
"8382",76130,31031,"Candelaria","Valle del Cauca",2006,"Congreso",NA,NA,NA,"ESC. FCO DE PAULA SANTANDER",3189,1437,4626,14
"8383",76130,31031,"Candelaria","Valle del Cauca",2006,"Congreso",NA,NA,NA,"PARQUE RECREACIONAL",1248,1296,2544,8
"8384",76130,31031,"Candelaria","Valle del Cauca",2006,"Congreso",NA,NA,NA,"ESC. ALFONSO LOPEZ PUMAREJO",1707,936,2643,8
"8385",76130,31031,"Candelaria","Valle del Cauca",2006,"Congreso",NA,NA,NA,"PUESTO CENSO",7670,6868,14538,19
"8386",76130,31031,"Candelaria","Valle del Cauca",2006,"Congreso",NA,NA,NA,"CARCEL MUNICIPAL",2,14,16,1
"8387",76130,31031,"Candelaria","Valle del Cauca",2006,"Congreso",NA,NA,NA,"BUCHITOLO",629,595,1224,4
"8388",76130,31031,"Candelaria","Valle del Cauca",2006,"Congreso",NA,NA,NA,"CAVASA",731,660,1391,5
"8389",76130,31031,"Candelaria","Valle del Cauca",2006,"Congreso",NA,NA,NA,"EL ARENAL",270,255,525,2
"8390",76130,31031,"Candelaria","Valle del Cauca",2006,"Congreso",NA,NA,NA,"EL CABUYAL",1361,1350,2711,8
"8391",76130,31031,"Candelaria","Valle del Cauca",2006,"Congreso",NA,NA,NA,"EL CARMELO",1765,1642,3407,10
"8392",76130,31031,"Candelaria","Valle del Cauca",2006,"Congreso",NA,NA,NA,"EL LAURO",332,357,689,3
"8393",76130,31031,"Candelaria","Valle del Cauca",2006,"Congreso",NA,NA,NA,"EL TIPLE",650,632,1282,4
"8394",76130,31031,"Candelaria","Valle del Cauca",2006,"Congreso",NA,NA,NA,"JUANCHITO",1566,1686,3252,10
"8395",76130,31031,"Candelaria","Valle del Cauca",2006,"Congreso",NA,NA,NA,"VILLAGORGONA",3943,3475,7418,22
"8396",76130,31031,"Candelaria","Valle del Cauca",2006,"Congreso",NA,NA,NA,"LA REGINA",303,265,568,2
"8397",76130,31031,"Candelaria","Valle del Cauca",2006,"Congreso",NA,NA,NA,"MADREVIEJA",92,99,191,1
"8398",76130,31031,"Candelaria","Valle del Cauca",2006,"Congreso",NA,NA,NA,"SAN JOAQUIN",824,727,1551,5
"8399",76147,31034,"Cartago","Valle del Cauca",2006,"Congreso",NA,NA,NA,"ESC. ROBERTO DELGADO",1224,1224,2448,8
"8400",76147,31034,"Cartago","Valle del Cauca",2006,"Congreso",NA,NA,NA,"COL. HOLGUIN GARCES",1364,859,2223,7
"8401",76147,31034,"Cartago","Valle del Cauca",2006,"Congreso",NA,NA,NA,"CASA DE LA JUSTICIA",1845,1466,3311,10
"8402",76147,31034,"Cartago","Valle del Cauca",2006,"Congreso",NA,NA,NA,"COLISEO EL CAFE",4708,3707,8415,25
"8403",76147,31034,"Cartago","Valle del Cauca",2006,"Congreso",NA,NA,NA,"ESC. MANUEL QUINTERO P.",3236,2599,5835,17
"8404",76147,31034,"Cartago","Valle del Cauca",2006,"Congreso",NA,NA,NA,"COL. NACIONAL ACADEMICO",3454,2697,6151,18
"8405",76147,31034,"Cartago","Valle del Cauca",2006,"Congreso",NA,NA,NA,"POLIDEPORTIVO RAFAEL POMBO",3577,2987,6564,20
"8406",76147,31034,"Cartago","Valle del Cauca",2006,"Congreso",NA,NA,NA,"COLISEO PARQUE LA ISLETA",3055,2941,5996,18
"8407",76147,31034,"Cartago","Valle del Cauca",2006,"Congreso",NA,NA,NA,"CORP. DE ESTUDIOS TECNOLOGICO",3736,2980,6716,20
"8408",76147,31034,"Cartago","Valle del Cauca",2006,"Congreso",NA,NA,NA,"COL.RAMON MARTINEZ BENITEZ",4538,3576,8114,24
"8409",76147,31034,"Cartago","Valle del Cauca",2006,"Congreso",NA,NA,NA,"COL.MARIA AUXILIADORA",4505,3546,8051,24
"8410",76147,31034,"Cartago","Valle del Cauca",2006,"Congreso",NA,NA,NA,"COL. JUAN XXIII",3044,2539,5583,17
"8411",76147,31034,"Cartago","Valle del Cauca",2006,"Congreso",NA,NA,NA,"ESC. EMPERATRIZ BUENO",3066,2446,5512,17
"8412",76147,31034,"Cartago","Valle del Cauca",2006,"Congreso",NA,NA,NA,"POLIDEPORTIVO BARRIO DEL SOL",1863,1528,3391,10
"8413",76147,31034,"Cartago","Valle del Cauca",2006,"Congreso",NA,NA,NA,"UNIVERSIDAD DEL VALLE",507,392,899,3
"8414",76147,31034,"Cartago","Valle del Cauca",2006,"Congreso",NA,NA,NA,"ESC. PAULINA BALCAZAR",525,425,950,3
"8415",76147,31034,"Cartago","Valle del Cauca",2006,"Congreso",NA,NA,NA,"PUESTO CENSO",5692,4598,10290,13
"8416",76147,31034,"Cartago","Valle del Cauca",2006,"Congreso",NA,NA,NA,"CARCEL",5,54,59,1
"8417",76147,31034,"Cartago","Valle del Cauca",2006,"Congreso",NA,NA,NA,"CAUCA",195,225,420,2
"8418",76147,31034,"Cartago","Valle del Cauca",2006,"Congreso",NA,NA,NA,"COLORADAS",371,483,854,3
"8419",76147,31034,"Cartago","Valle del Cauca",2006,"Congreso",NA,NA,NA,"LA GRECIA",52,69,121,1
"8420",76147,31034,"Cartago","Valle del Cauca",2006,"Congreso",NA,NA,NA,"MODIN",264,397,661,2
"8421",76147,31034,"Cartago","Valle del Cauca",2006,"Congreso",NA,NA,NA,"PIEDRA DE MOLER",337,360,697,3
"8422",76147,31034,"Cartago","Valle del Cauca",2006,"Congreso",NA,NA,NA,"ZARAGOZA",1572,1477,3049,9
"8423",76233,31037,"Dagua","Valle del Cauca",2006,"Congreso",NA,NA,NA,NA,5436,4918,10354,31
"8424",76233,31037,"Dagua","Valle del Cauca",2006,"Congreso",NA,NA,NA,"CARCEL",2,6,8,1
"8425",76233,31037,"Dagua","Valle del Cauca",2006,"Congreso",NA,NA,NA,"BORRERO AYERBE (OLAYA HERRERA",1570,1782,3352,10
"8426",76233,31037,"Dagua","Valle del Cauca",2006,"Congreso",NA,NA,NA,"ATUNCELAS",202,201,403,2
"8427",76233,31037,"Dagua","Valle del Cauca",2006,"Congreso",NA,NA,NA,"CISNEROS (JUNTAS)",212,224,436,2
"8428",76233,31037,"Dagua","Valle del Cauca",2006,"Congreso",NA,NA,NA,"CRISTALES",15,26,41,1
"8429",76233,31037,"Dagua","Valle del Cauca",2006,"Congreso",NA,NA,NA,"EL CARMEN",581,711,1292,4
"8430",76233,31037,"Dagua","Valle del Cauca",2006,"Congreso",NA,NA,NA,"EL DANUBIO",46,66,112,1
"8431",76233,31037,"Dagua","Valle del Cauca",2006,"Congreso",NA,NA,NA,"EL PALMAR",742,808,1550,5
"8432",76233,31037,"Dagua","Valle del Cauca",2006,"Congreso",NA,NA,NA,"EL PI/AL",205,273,478,2
"8433",76233,31037,"Dagua","Valle del Cauca",2006,"Congreso",NA,NA,NA,"EL ROCIO",60,93,153,1
"8434",76233,31037,"Dagua","Valle del Cauca",2006,"Congreso",NA,NA,NA,"EL SALADO",206,233,439,2
"8435",76233,31037,"Dagua","Valle del Cauca",2006,"Congreso",NA,NA,NA,"JIGUALES",157,182,339,1
"8436",76233,31037,"Dagua","Valle del Cauca",2006,"Congreso",NA,NA,NA,"JUNTAS",128,154,282,1
"8437",76233,31037,"Dagua","Valle del Cauca",2006,"Congreso",NA,NA,NA,"KILOMETRO DIEZ Y OCHO",257,305,562,2
"8438",76233,31037,"Dagua","Valle del Cauca",2006,"Congreso",NA,NA,NA,"LA CASCADA",60,109,169,1
"8439",76233,31037,"Dagua","Valle del Cauca",2006,"Congreso",NA,NA,NA,"LA ELSA",35,60,95,1
"8440",76233,31037,"Dagua","Valle del Cauca",2006,"Congreso",NA,NA,NA,"LA PROVIDENCIA",115,124,239,1
"8441",76233,31037,"Dagua","Valle del Cauca",2006,"Congreso",NA,NA,NA,"EL LIMONAR",171,219,390,2
"8442",76233,31037,"Dagua","Valle del Cauca",2006,"Congreso",NA,NA,NA,"LOBO GUERRERO",475,464,939,3
"8443",76233,31037,"Dagua","Valle del Cauca",2006,"Congreso",NA,NA,NA,"EL NARANJO",202,248,450,2
"8444",76233,31037,"Dagua","Valle del Cauca",2006,"Congreso",NA,NA,NA,"EL QUEREMAL",901,940,1841,6
"8445",76233,31037,"Dagua","Valle del Cauca",2006,"Congreso",NA,NA,NA,"LOS ALPES",69,80,149,1
"8446",76233,31037,"Dagua","Valle del Cauca",2006,"Congreso",NA,NA,NA,"SAN BERNARDO",437,572,1009,3
"8447",76233,31037,"Dagua","Valle del Cauca",2006,"Congreso",NA,NA,NA,"SANTA MARIA",102,137,239,1
"8448",76233,31037,"Dagua","Valle del Cauca",2006,"Congreso",NA,NA,NA,"SAN VICENTE (SAN JOAQUIN)",228,297,525,2
"8449",76233,31037,"Dagua","Valle del Cauca",2006,"Congreso",NA,NA,NA,"VILLAHERMOSA",318,391,709,3
"8450",76233,31037,"Dagua","Valle del Cauca",2006,"Congreso",NA,NA,NA,"ZABALETAS",179,225,404,2
"8451",76233,31037,"Dagua","Valle del Cauca",2006,"Congreso",NA,NA,NA,"ZELANDIA",37,91,128,1
"8452",76126,31040,"Calima","Valle del Cauca",2006,"Congreso",NA,NA,NA,NA,4028,3797,7825,23
"8453",76126,31040,"Calima","Valle del Cauca",2006,"Congreso",NA,NA,NA,"EL BOLEO",57,86,143,1
"8454",76126,31040,"Calima","Valle del Cauca",2006,"Congreso",NA,NA,NA,"EL DIAMANTE",146,176,322,1
"8455",76126,31040,"Calima","Valle del Cauca",2006,"Congreso",NA,NA,NA,"EL MIRADOR",101,120,221,1
"8456",76126,31040,"Calima","Valle del Cauca",2006,"Congreso",NA,NA,NA,"JIGUALES",140,180,320,1
"8457",76126,31040,"Calima","Valle del Cauca",2006,"Congreso",NA,NA,NA,"LA CECILIA",53,82,135,1
"8458",76126,31040,"Calima","Valle del Cauca",2006,"Congreso",NA,NA,NA,"LA CRISTALINA",75,94,169,1
"8459",76126,31040,"Calima","Valle del Cauca",2006,"Congreso",NA,NA,NA,"LA FLORIDA",92,126,218,1
"8460",76126,31040,"Calima","Valle del Cauca",2006,"Congreso",NA,NA,NA,"LA GAVIOTA",227,254,481,2
"8461",76126,31040,"Calima","Valle del Cauca",2006,"Congreso",NA,NA,NA,"LA GUAIRA",59,104,163,1
"8462",76126,31040,"Calima","Valle del Cauca",2006,"Congreso",NA,NA,NA,"LA ITALIA",30,23,53,1
"8463",76126,31040,"Calima","Valle del Cauca",2006,"Congreso",NA,NA,NA,"LA RIBERA",28,42,70,1
"8464",76126,31040,"Calima","Valle del Cauca",2006,"Congreso",NA,NA,NA,"LA SAMARIA",25,46,71,1
"8465",76126,31040,"Calima","Valle del Cauca",2006,"Congreso",NA,NA,NA,"LA UNION",82,123,205,1
"8466",76126,31040,"Calima","Valle del Cauca",2006,"Congreso",NA,NA,NA,"MADRO/AL",57,72,129,1
"8467",76126,31040,"Calima","Valle del Cauca",2006,"Congreso",NA,NA,NA,"PRIMAVERA",161,222,383,2
"8468",76126,31040,"Calima","Valle del Cauca",2006,"Congreso",NA,NA,NA,"PUENTE TIERRA",180,191,371,2
"8469",76126,31040,"Calima","Valle del Cauca",2006,"Congreso",NA,NA,NA,"RIOBRAVO",77,126,203,1
"8470",76126,31040,"Calima","Valle del Cauca",2006,"Congreso",NA,NA,NA,"SAN JOSE",78,81,159,1
"8471",76243,31043,"El Águila","Valle del Cauca",2006,"Congreso",NA,NA,NA,NA,1652,2031,3683,11
"8472",76243,31043,"El Águila","Valle del Cauca",2006,"Congreso",NA,NA,NA,"LA ESPARTA",69,79,148,1
"8473",76243,31043,"El Águila","Valle del Cauca",2006,"Congreso",NA,NA,NA,"CAJONES",64,113,177,1
"8474",76243,31043,"El Águila","Valle del Cauca",2006,"Congreso",NA,NA,NA,"EL EMBAL",61,98,159,1
"8475",76243,31043,"El Águila","Valle del Cauca",2006,"Congreso",NA,NA,NA,"LA GALANA",23,34,57,1
"8476",76243,31043,"El Águila","Valle del Cauca",2006,"Congreso",NA,NA,NA,"LA GUAYACANA",24,41,65,1
"8477",76243,31043,"El Águila","Valle del Cauca",2006,"Congreso",NA,NA,NA,"CHORRITOS",77,108,185,1
"8478",76243,31043,"El Águila","Valle del Cauca",2006,"Congreso",NA,NA,NA,"LA LIBERTAD",88,115,203,1
"8479",76243,31043,"El Águila","Valle del Cauca",2006,"Congreso",NA,NA,NA,"EL COFRE",63,74,137,1
"8480",76243,31043,"El Águila","Valle del Cauca",2006,"Congreso",NA,NA,NA,"LA MARIA",266,403,669,2
"8481",76243,31043,"El Águila","Valle del Cauca",2006,"Congreso",NA,NA,NA,"EL RIO",55,85,140,1
"8482",76243,31043,"El Águila","Valle del Cauca",2006,"Congreso",NA,NA,NA,"LA BOCATOMA",80,104,184,1
"8483",76243,31043,"El Águila","Valle del Cauca",2006,"Congreso",NA,NA,NA,"CAJA DE ORO",68,119,187,1
"8484",76243,31043,"El Águila","Valle del Cauca",2006,"Congreso",NA,NA,NA,"SAN JOSE",60,91,151,1
"8485",76243,31043,"El Águila","Valle del Cauca",2006,"Congreso",NA,NA,NA,"LA JUDEA",63,102,165,1
"8486",76243,31043,"El Águila","Valle del Cauca",2006,"Congreso",NA,NA,NA,"SAN PABLO",120,190,310,1
"8487",76243,31043,"El Águila","Valle del Cauca",2006,"Congreso",NA,NA,NA,"SANTA ELENA",98,122,220,1
"8488",76243,31043,"El Águila","Valle del Cauca",2006,"Congreso",NA,NA,NA,"SANTA MARTA",99,118,217,1
"8489",76243,31043,"El Águila","Valle del Cauca",2006,"Congreso",NA,NA,NA,"VILLANUEVA",413,603,1016,3
"8490",76246,31046,"El Cairo","Valle del Cauca",2006,"Congreso",NA,NA,NA,NA,1806,2052,3858,12
"8491",76246,31046,"El Cairo","Valle del Cauca",2006,"Congreso",NA,NA,NA,"ALBAN",309,355,664,2
"8492",76246,31046,"El Cairo","Valle del Cauca",2006,"Congreso",NA,NA,NA,"BOQUERON",78,105,183,1
"8493",76246,31046,"El Cairo","Valle del Cauca",2006,"Congreso",NA,NA,NA,"BELLAVISTA",110,174,284,1
"8494",76246,31046,"El Cairo","Valle del Cauca",2006,"Congreso",NA,NA,NA,"LA CARBONERA",57,86,143,1
"8495",76246,31046,"El Cairo","Valle del Cauca",2006,"Congreso",NA,NA,NA,"LA GUARDIA",139,233,372,2
"8496",76246,31046,"El Cairo","Valle del Cauca",2006,"Congreso",NA,NA,NA,"ALTO CIELO",86,138,224,1
"8497",76246,31046,"El Cairo","Valle del Cauca",2006,"Congreso",NA,NA,NA,"PLAYA RICA",107,160,267,1
"8498",76246,31046,"El Cairo","Valle del Cauca",2006,"Congreso",NA,NA,NA,"ALTO BONITO",102,145,247,1
"8499",76246,31046,"El Cairo","Valle del Cauca",2006,"Congreso",NA,NA,NA,"SARMELIA",69,152,221,1
"8500",76246,31046,"El Cairo","Valle del Cauca",2006,"Congreso",NA,NA,NA,"SAN JOSE",68,110,178,1
"8501",76248,31049,"El Cerrito","Valle del Cauca",2006,"Congreso",NA,NA,NA,"EL PARAISO",2417,2569,4986,15
"8502",76248,31049,"El Cerrito","Valle del Cauca",2006,"Congreso",NA,NA,NA,"ESC. JOSE CELESTINO MUTIS",2313,1813,4126,12
"8503",76248,31049,"El Cerrito","Valle del Cauca",2006,"Congreso",NA,NA,NA,"COL. JOSE IGNACIO RENGIFO",2309,2139,4448,13
"8504",76248,31049,"El Cerrito","Valle del Cauca",2006,"Congreso",NA,NA,NA,"HOGAR INFANTIL EL ALBERGUE",1405,1010,2415,8
"8505",76248,31049,"El Cerrito","Valle del Cauca",2006,"Congreso",NA,NA,NA,"PUESTO CENSO",6078,5450,11528,15
"8506",76248,31049,"El Cerrito","Valle del Cauca",2006,"Congreso",NA,NA,NA,"CARCEL MUNICIPAL",0,6,6,1
"8507",76248,31049,"El Cerrito","Valle del Cauca",2006,"Congreso",NA,NA,NA,"AUJI",143,177,320,1
"8508",76248,31049,"El Cerrito","Valle del Cauca",2006,"Congreso",NA,NA,NA,"CARRIZAL",107,157,264,1
"8509",76248,31049,"El Cerrito","Valle del Cauca",2006,"Congreso",NA,NA,NA,"EL CASTILLO",322,346,668,2
"8510",76248,31049,"El Cerrito","Valle del Cauca",2006,"Congreso",NA,NA,NA,"EL MORAL",121,163,284,1
"8511",76248,31049,"El Cerrito","Valle del Cauca",2006,"Congreso",NA,NA,NA,"EL PARAISO",21,37,58,1
"8512",76248,31049,"El Cerrito","Valle del Cauca",2006,"Congreso",NA,NA,NA,"EL PLACER",2596,2508,5104,15
"8513",76248,31049,"El Cerrito","Valle del Cauca",2006,"Congreso",NA,NA,NA,"EL POMO",189,232,421,2
"8514",76248,31049,"El Cerrito","Valle del Cauca",2006,"Congreso",NA,NA,NA,"LOS ANDES",35,79,114,1
"8515",76248,31049,"El Cerrito","Valle del Cauca",2006,"Congreso",NA,NA,NA,"SAN ANTONIO",308,411,719,3
"8516",76248,31049,"El Cerrito","Valle del Cauca",2006,"Congreso",NA,NA,NA,"SANTA ELENA",1366,1377,2743,8
"8517",76248,31049,"El Cerrito","Valle del Cauca",2006,"Congreso",NA,NA,NA,"SANTA LUISA",72,92,164,1
"8518",76248,31049,"El Cerrito","Valle del Cauca",2006,"Congreso",NA,NA,NA,"TENERIFE",211,334,545,2
"8519",76250,31052,"El Dovio","Valle del Cauca",2006,"Congreso",NA,NA,NA,NA,3550,3526,7076,21
"8520",76250,31052,"El Dovio","Valle del Cauca",2006,"Congreso",NA,NA,NA,"BALKANES (LA PRADERA)",90,202,292,1
"8521",76250,31052,"El Dovio","Valle del Cauca",2006,"Congreso",NA,NA,NA,"BITACO",75,130,205,1
"8522",76250,31052,"El Dovio","Valle del Cauca",2006,"Congreso",NA,NA,NA,"GUACHAL",152,191,343,1
"8523",76250,31052,"El Dovio","Valle del Cauca",2006,"Congreso",NA,NA,NA,"LA CABA/A",117,162,279,1
"8524",76250,31052,"El Dovio","Valle del Cauca",2006,"Congreso",NA,NA,NA,"LITUANIA",106,147,253,1
"8525",76250,31052,"El Dovio","Valle del Cauca",2006,"Congreso",NA,NA,NA,"LA ESPERANZA",72,123,195,1
"8526",76250,31052,"El Dovio","Valle del Cauca",2006,"Congreso",NA,NA,NA,"EL ORO",79,117,196,1
"8527",76250,31052,"El Dovio","Valle del Cauca",2006,"Congreso",NA,NA,NA,"EL DUMAR",52,117,169,1
"8528",76250,31052,"El Dovio","Valle del Cauca",2006,"Congreso",NA,NA,NA,"MONTEAZUL",75,117,192,1
"8529",76250,31052,"El Dovio","Valle del Cauca",2006,"Congreso",NA,NA,NA,"PLAYA RICA",76,129,205,1
"8530",76250,31052,"El Dovio","Valle del Cauca",2006,"Congreso",NA,NA,NA,"SANTA TERESA",109,143,252,1
"8531",76250,31052,"El Dovio","Valle del Cauca",2006,"Congreso",NA,NA,NA,"SIRIMUNDA",90,121,211,1
"8532",76250,31052,"El Dovio","Valle del Cauca",2006,"Congreso",NA,NA,NA,"TOLDAFRIA",87,131,218,1
"8533",76275,31055,"Florida","Valle del Cauca",2006,"Congreso",NA,NA,NA,"COL. ABSALON TORRES",1652,2262,3914,12
"8534",76275,31055,"Florida","Valle del Cauca",2006,"Congreso",NA,NA,NA,"CASA DE LA CULTURA",2477,1823,4300,13
"8535",76275,31055,"Florida","Valle del Cauca",2006,"Congreso",NA,NA,NA,"ESC. POLICARPA SALAVARRIETA",1543,1181,2724,8
"8536",76275,31055,"Florida","Valle del Cauca",2006,"Congreso",NA,NA,NA,"ESC. EMETERIO PIEDRAHITA",2125,1949,4074,12
"8537",76275,31055,"Florida","Valle del Cauca",2006,"Congreso",NA,NA,NA,"LICEO COMERCIAL FEMENINO",2542,2071,4613,14
"8538",76275,31055,"Florida","Valle del Cauca",2006,"Congreso",NA,NA,NA,"PUESTO CENSO",6835,6397,13232,17
"8539",76275,31055,"Florida","Valle del Cauca",2006,"Congreso",NA,NA,NA,"CARCEL",0,7,7,1
"8540",76275,31055,"Florida","Valle del Cauca",2006,"Congreso",NA,NA,NA,"BETANIA",61,91,152,1
"8541",76275,31055,"Florida","Valle del Cauca",2006,"Congreso",NA,NA,NA,"CALE/O",98,113,211,1
"8542",76275,31055,"Florida","Valle del Cauca",2006,"Congreso",NA,NA,NA,"CA/AS ABAJO",42,47,89,1
"8543",76275,31055,"Florida","Valle del Cauca",2006,"Congreso",NA,NA,NA,"CA/AS ARRIBA",45,40,85,1
"8544",76275,31055,"Florida","Valle del Cauca",2006,"Congreso",NA,NA,NA,"CHOCOCITO",362,347,709,3
"8545",76275,31055,"Florida","Valle del Cauca",2006,"Congreso",NA,NA,NA,"EL LIBANO",88,108,196,1
"8546",76275,31055,"Florida","Valle del Cauca",2006,"Congreso",NA,NA,NA,"EL PEDREGAL",284,265,549,2
"8547",76275,31055,"Florida","Valle del Cauca",2006,"Congreso",NA,NA,NA,"LA ACEQUIA",60,64,124,1
"8548",76275,31055,"Florida","Valle del Cauca",2006,"Congreso",NA,NA,NA,"LA DIANA",226,284,510,2
"8549",76275,31055,"Florida","Valle del Cauca",2006,"Congreso",NA,NA,NA,"LA PALMERA",47,59,106,1
"8550",76275,31055,"Florida","Valle del Cauca",2006,"Congreso",NA,NA,NA,"LA RIBERA",175,210,385,2
"8551",76275,31055,"Florida","Valle del Cauca",2006,"Congreso",NA,NA,NA,"LA SAMARIA",22,24,46,1
"8552",76275,31055,"Florida","Valle del Cauca",2006,"Congreso",NA,NA,NA,"LA UNION",130,144,274,1
"8553",76275,31055,"Florida","Valle del Cauca",2006,"Congreso",NA,NA,NA,"LAS GUACAS",106,124,230,1
"8554",76275,31055,"Florida","Valle del Cauca",2006,"Congreso",NA,NA,NA,"PARRAGA",48,64,112,1
"8555",76275,31055,"Florida","Valle del Cauca",2006,"Congreso",NA,NA,NA,"PUEBLO NUEVO",83,105,188,1
"8556",76275,31055,"Florida","Valle del Cauca",2006,"Congreso",NA,NA,NA,"REMOLINO",160,146,306,1
"8557",76275,31055,"Florida","Valle del Cauca",2006,"Congreso",NA,NA,NA,"MIRAVALLES",20,25,45,1
"8558",76275,31055,"Florida","Valle del Cauca",2006,"Congreso",NA,NA,NA,"SAN ANTONIO",1379,1319,2698,8
"8559",76275,31055,"Florida","Valle del Cauca",2006,"Congreso",NA,NA,NA,"SAN FRANCISCO (LLANITO)",328,367,695,3
"8560",76275,31055,"Florida","Valle del Cauca",2006,"Congreso",NA,NA,NA,"SANTA ROSA",114,98,212,1
"8561",76275,31055,"Florida","Valle del Cauca",2006,"Congreso",NA,NA,NA,"SANTO DOMINGO",43,49,92,1
"8562",76275,31055,"Florida","Valle del Cauca",2006,"Congreso",NA,NA,NA,"TARRAGONA",345,351,696,3
"8563",76306,31058,"Ginebra","Valle del Cauca",2006,"Congreso",NA,NA,NA,NA,4513,4217,8730,26
"8564",76306,31058,"Ginebra","Valle del Cauca",2006,"Congreso",NA,NA,NA,"COSTA RICA",1087,1268,2355,7
"8565",76306,31058,"Ginebra","Valle del Cauca",2006,"Congreso",NA,NA,NA,"FLORESTA",346,391,737,3
"8566",76306,31058,"Ginebra","Valle del Cauca",2006,"Congreso",NA,NA,NA,"COCUYOS",115,147,262,1
"8567",76306,31058,"Ginebra","Valle del Cauca",2006,"Congreso",NA,NA,NA,"JUNTAS",193,285,478,2
"8568",76306,31058,"Ginebra","Valle del Cauca",2006,"Congreso",NA,NA,NA,"LA NOVILLERA",39,55,94,1
"8569",76306,31058,"Ginebra","Valle del Cauca",2006,"Congreso",NA,NA,NA,"LOS MEDIOS",47,47,94,1
"8570",76306,31058,"Ginebra","Valle del Cauca",2006,"Congreso",NA,NA,NA,"ZABALETAS",131,151,282,1
"8571",76318,31061,"Guacarí","Valle del Cauca",2006,"Congreso",NA,NA,NA,NA,7670,6715,14385,42
"8572",76318,31061,"Guacarí","Valle del Cauca",2006,"Congreso",NA,NA,NA,"ALTO DE LA JULIA",116,164,280,1
"8573",76318,31061,"Guacarí","Valle del Cauca",2006,"Congreso",NA,NA,NA,"CANANGUA",311,331,642,2
"8574",76318,31061,"Guacarí","Valle del Cauca",2006,"Congreso",NA,NA,NA,"EL PLACER",169,161,330,1
"8575",76318,31061,"Guacarí","Valle del Cauca",2006,"Congreso",NA,NA,NA,"GUACAS",107,122,229,1
"8576",76318,31061,"Guacarí","Valle del Cauca",2006,"Congreso",NA,NA,NA,"GUABAS",789,671,1460,5
"8577",76318,31061,"Guacarí","Valle del Cauca",2006,"Congreso",NA,NA,NA,"GUABITAS",957,900,1857,6
"8578",76318,31061,"Guacarí","Valle del Cauca",2006,"Congreso",NA,NA,NA,"LA MAGDALENA",64,111,175,1
"8579",76318,31061,"Guacarí","Valle del Cauca",2006,"Congreso",NA,NA,NA,"PICHICHI",94,91,185,1
"8580",76318,31061,"Guacarí","Valle del Cauca",2006,"Congreso",NA,NA,NA,"PUENTE ROJO",137,152,289,1
"8581",76318,31061,"Guacarí","Valle del Cauca",2006,"Congreso",NA,NA,NA,"SANTA ROSA DE TAPIAS",395,490,885,3
"8582",76318,31061,"Guacarí","Valle del Cauca",2006,"Congreso",NA,NA,NA,"SONSO",1001,932,1933,6
"8583",76364,31064,"Jamundí","Valle del Cauca",2006,"Congreso",NA,NA,NA,"NUESTRA SE/ORA DEL PORTAL",1577,2200,3777,11
"8584",76364,31064,"Jamundí","Valle del Cauca",2006,"Congreso",NA,NA,NA,"ESC. ANGEL MARIA CAMACHO",4441,2314,6755,20
"8585",76364,31064,"Jamundí","Valle del Cauca",2006,"Congreso",NA,NA,NA,"ESC. ROSALIA MAFLA",3581,2683,6264,19
"8586",76364,31064,"Jamundí","Valle del Cauca",2006,"Congreso",NA,NA,NA,"ESCUELA PAULO SEXTO",1924,3176,5100,15
"8587",76364,31064,"Jamundí","Valle del Cauca",2006,"Congreso",NA,NA,NA,"LICEO TECNICO COMERCIAL",5643,2649,8292,25
"8588",76364,31064,"Jamundí","Valle del Cauca",2006,"Congreso",NA,NA,NA,"ESC. SIMON BOLIVAR",1611,3554,5165,16
"8589",76364,31064,"Jamundí","Valle del Cauca",2006,"Congreso",NA,NA,NA,"ESC. MANUELA BELTRAN",1737,1619,3356,10
"8590",76364,31064,"Jamundí","Valle del Cauca",2006,"Congreso",NA,NA,NA,"ALFAGUARA OUTLET",493,446,939,3
"8591",76364,31064,"Jamundí","Valle del Cauca",2006,"Congreso",NA,NA,NA,"PUESTO CENSO",9778,8437,18215,23
"8592",76364,31064,"Jamundí","Valle del Cauca",2006,"Congreso",NA,NA,NA,"CARCEL MUNICIPAL",0,3,3,1
"8593",76364,31064,"Jamundí","Valle del Cauca",2006,"Congreso",NA,NA,NA,"BOCAS DEL PALO",123,143,266,1
"8594",76364,31064,"Jamundí","Valle del Cauca",2006,"Congreso",NA,NA,NA,"AMPUDIA",134,145,279,1
"8595",76364,31064,"Jamundí","Valle del Cauca",2006,"Congreso",NA,NA,NA,"CHAGRES",294,216,510,2
"8596",76364,31064,"Jamundí","Valle del Cauca",2006,"Congreso",NA,NA,NA,"GUACHINTE",239,224,463,2
"8597",76364,31064,"Jamundí","Valle del Cauca",2006,"Congreso",NA,NA,NA,"LA LIBERIA",196,260,456,2
"8598",76364,31064,"Jamundí","Valle del Cauca",2006,"Congreso",NA,NA,NA,"LA MESETA",93,130,223,1
"8599",76364,31064,"Jamundí","Valle del Cauca",2006,"Congreso",NA,NA,NA,"LA VENTURA",91,87,178,1
"8600",76364,31064,"Jamundí","Valle del Cauca",2006,"Congreso",NA,NA,NA,"PASO DE LA BOLSA",226,205,431,2
"8601",76364,31064,"Jamundí","Valle del Cauca",2006,"Congreso",NA,NA,NA,"POTRERITO",807,848,1655,5
"8602",76364,31064,"Jamundí","Valle del Cauca",2006,"Congreso",NA,NA,NA,"PUENTE VELEZ",137,181,318,1
"8603",76364,31064,"Jamundí","Valle del Cauca",2006,"Congreso",NA,NA,NA,"QUINAMAYO",444,396,840,3
"8604",76364,31064,"Jamundí","Valle del Cauca",2006,"Congreso",NA,NA,NA,"ROBLES",748,636,1384,5
"8605",76364,31064,"Jamundí","Valle del Cauca",2006,"Congreso",NA,NA,NA,"SAN ANTONIO",427,548,975,3
"8606",76364,31064,"Jamundí","Valle del Cauca",2006,"Congreso",NA,NA,NA,"SAN ISIDRO",251,209,460,2
"8607",76364,31064,"Jamundí","Valle del Cauca",2006,"Congreso",NA,NA,NA,"SAN VICENTE",134,158,292,1
"8608",76364,31064,"Jamundí","Valle del Cauca",2006,"Congreso",NA,NA,NA,"TIMBA",639,682,1321,4
"8609",76364,31064,"Jamundí","Valle del Cauca",2006,"Congreso",NA,NA,NA,"VILLA COLOMBIA",424,522,946,3
"8610",76364,31064,"Jamundí","Valle del Cauca",2006,"Congreso",NA,NA,NA,"VILLA PAZ",679,599,1278,4
"8611",76377,31067,"La Cumbre","Valle del Cauca",2006,"Congreso",NA,NA,NA,NA,2706,2840,5546,17
"8612",76377,31067,"La Cumbre","Valle del Cauca",2006,"Congreso",NA,NA,NA,"BITACO",658,803,1461,5
"8613",76377,31067,"La Cumbre","Valle del Cauca",2006,"Congreso",NA,NA,NA,"ARBOLEDAS",194,249,443,2
"8614",76377,31067,"La Cumbre","Valle del Cauca",2006,"Congreso",NA,NA,NA,"LA MARIA",88,100,188,1
"8615",76377,31067,"La Cumbre","Valle del Cauca",2006,"Congreso",NA,NA,NA,"LOMITAS",255,341,596,2
"8616",76377,31067,"La Cumbre","Valle del Cauca",2006,"Congreso",NA,NA,NA,"JIGUALES",140,177,317,1
"8617",76377,31067,"La Cumbre","Valle del Cauca",2006,"Congreso",NA,NA,NA,"PAVAS",737,772,1509,5
"8618",76377,31067,"La Cumbre","Valle del Cauca",2006,"Congreso",NA,NA,NA,"PUENTE PALO",160,201,361,2
"8619",76400,31070,"La Unión","Valle del Cauca",2006,"Congreso",NA,NA,NA,NA,10039,8673,18712,55
"8620",76400,31070,"La Unión","Valle del Cauca",2006,"Congreso",NA,NA,NA,"EL LINDERO",110,138,248,1
"8621",76400,31070,"La Unión","Valle del Cauca",2006,"Congreso",NA,NA,NA,"CORCEGA",103,110,213,1
"8622",76400,31070,"La Unión","Valle del Cauca",2006,"Congreso",NA,NA,NA,"LA DESPENSA",31,44,75,1
"8623",76400,31070,"La Unión","Valle del Cauca",2006,"Congreso",NA,NA,NA,"LA AGUADA",48,46,94,1
"8624",76400,31070,"La Unión","Valle del Cauca",2006,"Congreso",NA,NA,NA,"QUEBRADAGRANDE",219,313,532,2
"8625",76400,31070,"La Unión","Valle del Cauca",2006,"Congreso",NA,NA,NA,"SAN LUIS",464,415,879,3
"8626",76403,31073,"La Victoria","Valle del Cauca",2006,"Congreso",NA,NA,NA,NA,4474,3758,8232,24
"8627",76403,31073,"La Victoria","Valle del Cauca",2006,"Congreso",NA,NA,NA,"HOLGUIN",572,584,1156,4
"8628",76403,31073,"La Victoria","Valle del Cauca",2006,"Congreso",NA,NA,NA,"MIRAVALLES",215,298,513,2
"8629",76403,31073,"La Victoria","Valle del Cauca",2006,"Congreso",NA,NA,NA,"RIVERALTA",100,155,255,1
"8630",76403,31073,"La Victoria","Valle del Cauca",2006,"Congreso",NA,NA,NA,"SAN JOSE",128,134,262,1
"8631",76403,31073,"La Victoria","Valle del Cauca",2006,"Congreso",NA,NA,NA,"SAN PEDRO",173,168,341,1
"8632",76403,31073,"La Victoria","Valle del Cauca",2006,"Congreso",NA,NA,NA,"TAGUALES",90,150,240,1
"8633",76497,31076,"Obando","Valle del Cauca",2006,"Congreso",NA,NA,NA,NA,4120,3440,7560,22
"8634",76497,31076,"Obando","Valle del Cauca",2006,"Congreso",NA,NA,NA,"CRUCES",167,170,337,1
"8635",76497,31076,"Obando","Valle del Cauca",2006,"Congreso",NA,NA,NA,"EL CHUZO",98,133,231,1
"8636",76497,31076,"Obando","Valle del Cauca",2006,"Congreso",NA,NA,NA,"JUAN DIAZ",85,80,165,1
"8637",76497,31076,"Obando","Valle del Cauca",2006,"Congreso",NA,NA,NA,"LA ESMERALDA",90,136,226,1
"8638",76497,31076,"Obando","Valle del Cauca",2006,"Congreso",NA,NA,NA,"MOLINA",176,173,349,2
"8639",76497,31076,"Obando","Valle del Cauca",2006,"Congreso",NA,NA,NA,"PUERTO SAMARIA",63,101,164,1
"8640",76497,31076,"Obando","Valle del Cauca",2006,"Congreso",NA,NA,NA,"SAN ISIDRO",169,219,388,2
"8641",76497,31076,"Obando","Valle del Cauca",2006,"Congreso",NA,NA,NA,"SAN JOSE",69,117,186,1
"8642",76497,31076,"Obando","Valle del Cauca",2006,"Congreso",NA,NA,NA,"VILLA RODAS",292,400,692,3
"8643",76520,31079,"Palmira","Valle del Cauca",2006,"Congreso",NA,NA,NA,"ESC. LA GRAN COLOMBIA",2548,4871,7419,22
"8644",76520,31079,"Palmira","Valle del Cauca",2006,"Congreso",NA,NA,NA,"COL. CARDENAS MIRRI/AO",4339,1483,5822,17
"8645",76520,31079,"Palmira","Valle del Cauca",2006,"Congreso",NA,NA,NA,"ESC. JOSE MANUEL GROOT",2266,1976,4242,13
"8646",76520,31079,"Palmira","Valle del Cauca",2006,"Congreso",NA,NA,NA,"ESC. HAROLD EDDER ZAMORANO",2916,2596,5512,17
"8647",76520,31079,"Palmira","Valle del Cauca",2006,"Congreso",NA,NA,NA,"ESC. RICARDO NIETO",1806,1429,3235,10
"8648",76520,31079,"Palmira","Valle del Cauca",2006,"Congreso",NA,NA,NA,"ESC. JUAN PABLO II",1938,1369,3307,10
"8649",76520,31079,"Palmira","Valle del Cauca",2006,"Congreso",NA,NA,NA,"ESC. ROSA ZARATE DE PE/A",1848,1490,3338,10
"8650",76520,31079,"Palmira","Valle del Cauca",2006,"Congreso",NA,NA,NA,"ESC. ANTONIO LIZARAZO",1935,1355,3290,10
"8651",76520,31079,"Palmira","Valle del Cauca",2006,"Congreso",NA,NA,NA,"ESC. MIGUEL ANGEL MERCADO",2487,2813,5300,16
"8652",76520,31079,"Palmira","Valle del Cauca",2006,"Congreso",NA,NA,NA,"ESC. JORGE ELIECER GAITAN",3115,1813,4928,15
"8653",76520,31079,"Palmira","Valle del Cauca",2006,"Congreso",NA,NA,NA,"ESC. TULIO RAFFO",3181,2432,5613,17
"8654",76520,31079,"Palmira","Valle del Cauca",2006,"Congreso",NA,NA,NA,"ESC. SANTA BARBARA",2420,1863,4283,13
"8655",76520,31079,"Palmira","Valle del Cauca",2006,"Congreso",NA,NA,NA,"COLISEO DEPORTIVO",2333,1887,4220,13
"8656",76520,31079,"Palmira","Valle del Cauca",2006,"Congreso",NA,NA,NA,"PARQUE BOLIVAR",10094,10409,20503,60
"8657",76520,31079,"Palmira","Valle del Cauca",2006,"Congreso",NA,NA,NA,"CASA DE LA CULTURA",3236,2703,5939,18
"8658",76520,31079,"Palmira","Valle del Cauca",2006,"Congreso",NA,NA,NA,"I.S.S. LIBERTADORES",1358,1053,2411,8
"8659",76520,31079,"Palmira","Valle del Cauca",2006,"Congreso",NA,NA,NA,"ESC. MARIA MONTESORI",1836,1387,3223,10
"8660",76520,31079,"Palmira","Valle del Cauca",2006,"Congreso",NA,NA,NA,"ESC. LA NI/A MARIA",4398,3165,7563,22
"8661",76520,31079,"Palmira","Valle del Cauca",2006,"Congreso",NA,NA,NA,"COLEGIO CARDENAS (CTRO.)",1146,1015,2161,7
"8662",76520,31079,"Palmira","Valle del Cauca",2006,"Congreso",NA,NA,NA,"ESC. JULIO CESAR ARCE",2592,2017,4609,14
"8663",76520,31079,"Palmira","Valle del Cauca",2006,"Congreso",NA,NA,NA,"ESC. GREGORIO HERNANDEZ",1366,974,2340,7
"8664",76520,31079,"Palmira","Valle del Cauca",2006,"Congreso",NA,NA,NA,"ESC. LAS PALMERAS",2484,2244,4728,14
"8665",76520,31079,"Palmira","Valle del Cauca",2006,"Congreso",NA,NA,NA,"ESC. SOR MARIA LUISA MOLINA",2084,1469,3553,11
"8666",76520,31079,"Palmira","Valle del Cauca",2006,"Congreso",NA,NA,NA,"ESC. PABLO VI",2291,1662,3953,12
"8667",76520,31079,"Palmira","Valle del Cauca",2006,"Congreso",NA,NA,NA,"ESC. MERCEDES ABREGO",2836,2371,5207,16
"8668",76520,31079,"Palmira","Valle del Cauca",2006,"Congreso",NA,NA,NA,"ESC. ALFONSO LOPEZ PUMAREJO",1915,1450,3365,10
"8669",76520,31079,"Palmira","Valle del Cauca",2006,"Congreso",NA,NA,NA,"ESC. PRAXEDES ESPINOSA",2200,1718,3918,12
"8670",76520,31079,"Palmira","Valle del Cauca",2006,"Congreso",NA,NA,NA,"ESC.FCO. DE PAULA SANTANDER",1551,1390,2941,9
"8671",76520,31079,"Palmira","Valle del Cauca",2006,"Congreso",NA,NA,NA,"ESC. MA. ANTONIA PENAGOS",2321,1687,4008,12
"8672",76520,31079,"Palmira","Valle del Cauca",2006,"Congreso",NA,NA,NA,"ESC. SESQUICENTENARIO",1974,1340,3314,10
"8673",76520,31079,"Palmira","Valle del Cauca",2006,"Congreso",NA,NA,NA,"CTRO. ALFONSO LOPEZ",2790,1933,4723,14
"8674",76520,31079,"Palmira","Valle del Cauca",2006,"Congreso",NA,NA,NA,"CTRO. DE SALUD EL TREBOL",615,464,1079,4
"8675",76520,31079,"Palmira","Valle del Cauca",2006,"Congreso",NA,NA,NA,"PUESTO CENSO",14101,12157,26258,34
"8676",76520,31079,"Palmira","Valle del Cauca",2006,"Congreso",NA,NA,NA,"CARCEL",25,146,171,1
"8677",76520,31079,"Palmira","Valle del Cauca",2006,"Congreso",NA,NA,NA,"AGUACLARA",185,210,395,2
"8678",76520,31079,"Palmira","Valle del Cauca",2006,"Congreso",NA,NA,NA,"AMAIME",1277,1186,2463,8
"8679",76520,31079,"Palmira","Valle del Cauca",2006,"Congreso",NA,NA,NA,"AYACUCHO",499,522,1021,3
"8680",76520,31079,"Palmira","Valle del Cauca",2006,"Congreso",NA,NA,NA,"BARRANCAS",360,398,758,3
"8681",76520,31079,"Palmira","Valle del Cauca",2006,"Congreso",NA,NA,NA,"BOLO ALIZAL",154,194,348,2
"8682",76520,31079,"Palmira","Valle del Cauca",2006,"Congreso",NA,NA,NA,"BOLO LA ITALIA",368,313,681,2
"8683",76520,31079,"Palmira","Valle del Cauca",2006,"Congreso",NA,NA,NA,"BOLO SAN ISIDRO",1375,1195,2570,8
"8684",76520,31079,"Palmira","Valle del Cauca",2006,"Congreso",NA,NA,NA,"BOYACA",509,504,1013,3
"8685",76520,31079,"Palmira","Valle del Cauca",2006,"Congreso",NA,NA,NA,"CALUCE",188,183,371,2
"8686",76520,31079,"Palmira","Valle del Cauca",2006,"Congreso",NA,NA,NA,"CAUCASECO",165,194,359,2
"8687",76520,31079,"Palmira","Valle del Cauca",2006,"Congreso",NA,NA,NA,"COMBIA",91,137,228,1
"8688",76520,31079,"Palmira","Valle del Cauca",2006,"Congreso",NA,NA,NA,"CHONTADURO",177,221,398,2
"8689",76520,31079,"Palmira","Valle del Cauca",2006,"Congreso",NA,NA,NA,"GUANABANAL",470,421,891,3
"8690",76520,31079,"Palmira","Valle del Cauca",2006,"Congreso",NA,NA,NA,"GUAYABAL",649,552,1201,4
"8691",76520,31079,"Palmira","Valle del Cauca",2006,"Congreso",NA,NA,NA,"JUANCHITO",399,403,802,3
"8692",76520,31079,"Palmira","Valle del Cauca",2006,"Congreso",NA,NA,NA,"LA ACEQUIA",368,367,735,3
"8693",76520,31079,"Palmira","Valle del Cauca",2006,"Congreso",NA,NA,NA,"LA HERRADURA",318,332,650,2
"8694",76520,31079,"Palmira","Valle del Cauca",2006,"Congreso",NA,NA,NA,"LA DOLORES",346,390,736,3
"8695",76520,31079,"Palmira","Valle del Cauca",2006,"Congreso",NA,NA,NA,"LA QUISQUINA",196,237,433,2
"8696",76520,31079,"Palmira","Valle del Cauca",2006,"Congreso",NA,NA,NA,"LA TORRE",683,656,1339,4
"8697",76520,31079,"Palmira","Valle del Cauca",2006,"Congreso",NA,NA,NA,"LA PAMPA",230,222,452,2
"8698",76520,31079,"Palmira","Valle del Cauca",2006,"Congreso",NA,NA,NA,"LA ZAPATA",94,83,177,1
"8699",76520,31079,"Palmira","Valle del Cauca",2006,"Congreso",NA,NA,NA,"MATAPALO",249,223,472,2
"8700",76520,31079,"Palmira","Valle del Cauca",2006,"Congreso",NA,NA,NA,"OBANDO",201,218,419,2
"8701",76520,31079,"Palmira","Valle del Cauca",2006,"Congreso",NA,NA,NA,"PALMASECA",637,670,1307,4
"8702",76520,31079,"Palmira","Valle del Cauca",2006,"Congreso",NA,NA,NA,"POTRERILLO",553,544,1097,4
"8703",76520,31079,"Palmira","Valle del Cauca",2006,"Congreso",NA,NA,NA,"ROZO",2683,2519,5202,16
"8704",76520,31079,"Palmira","Valle del Cauca",2006,"Congreso",NA,NA,NA,"TABLONES",475,491,966,3
"8705",76520,31079,"Palmira","Valle del Cauca",2006,"Congreso",NA,NA,NA,"TENJO",205,270,475,2
"8706",76520,31079,"Palmira","Valle del Cauca",2006,"Congreso",NA,NA,NA,"TIENDA NUEVA",587,674,1261,4
"8707",76520,31079,"Palmira","Valle del Cauca",2006,"Congreso",NA,NA,NA,"TOCHE",101,162,263,1
"8708",76563,31082,"Pradera","Valle del Cauca",2006,"Congreso",NA,NA,NA,"COL. ATENEO COMERCIAL FEMENIN",3042,2994,6036,18
"8709",76563,31082,"Pradera","Valle del Cauca",2006,"Congreso",NA,NA,NA,"ESC. BENJAMIN VALENCIA",3254,2613,5867,18
"8710",76563,31082,"Pradera","Valle del Cauca",2006,"Congreso",NA,NA,NA,"ESC. LEONIDAS MOSQUERA",514,467,981,3
"8711",76563,31082,"Pradera","Valle del Cauca",2006,"Congreso",NA,NA,NA,"ESC. SANTA ISABEL",2406,2287,4693,14
"8712",76563,31082,"Pradera","Valle del Cauca",2006,"Congreso",NA,NA,NA,"COL. FRANCISCO ANTONIO ZEA",1342,1129,2471,8
"8713",76563,31082,"Pradera","Valle del Cauca",2006,"Congreso",NA,NA,NA,"PUESTO CENSO",5359,4617,9976,13
"8714",76563,31082,"Pradera","Valle del Cauca",2006,"Congreso",NA,NA,NA,"CARCEL",0,12,12,1
"8715",76563,31082,"Pradera","Valle del Cauca",2006,"Congreso",NA,NA,NA,"BOLIVAR",41,57,98,1
"8716",76563,31082,"Pradera","Valle del Cauca",2006,"Congreso",NA,NA,NA,"BOLO AZUL",15,33,48,1
"8717",76563,31082,"Pradera","Valle del Cauca",2006,"Congreso",NA,NA,NA,"BOLO BLANCO",8,28,36,1
"8718",76563,31082,"Pradera","Valle del Cauca",2006,"Congreso",NA,NA,NA,"BOLO NEGRO (LA FERIA)",74,111,185,1
"8719",76563,31082,"Pradera","Valle del Cauca",2006,"Congreso",NA,NA,NA,"EL ARENILLO",63,84,147,1
"8720",76563,31082,"Pradera","Valle del Cauca",2006,"Congreso",NA,NA,NA,"EL HARTONAL",121,144,265,1
"8721",76563,31082,"Pradera","Valle del Cauca",2006,"Congreso",NA,NA,NA,"EL LIBANO",65,63,128,1
"8722",76563,31082,"Pradera","Valle del Cauca",2006,"Congreso",NA,NA,NA,"EL NOGAL",66,102,168,1
"8723",76563,31082,"Pradera","Valle del Cauca",2006,"Congreso",NA,NA,NA,"EL RECREO",98,111,209,1
"8724",76563,31082,"Pradera","Valle del Cauca",2006,"Congreso",NA,NA,NA,"EL RETIRO",71,88,159,1
"8725",76563,31082,"Pradera","Valle del Cauca",2006,"Congreso",NA,NA,NA,"LA FLORESTA",120,120,240,1
"8726",76563,31082,"Pradera","Valle del Cauca",2006,"Congreso",NA,NA,NA,"LA FRIA",76,79,155,1
"8727",76563,31082,"Pradera","Valle del Cauca",2006,"Congreso",NA,NA,NA,"LA GRANJA",214,192,406,2
"8728",76563,31082,"Pradera","Valle del Cauca",2006,"Congreso",NA,NA,NA,"LA RUIZA",17,38,55,1
"8729",76563,31082,"Pradera","Valle del Cauca",2006,"Congreso",NA,NA,NA,"LA TUPIA",183,175,358,2
"8730",76563,31082,"Pradera","Valle del Cauca",2006,"Congreso",NA,NA,NA,"LA CARBONERA",40,52,92,1
"8731",76563,31082,"Pradera","Valle del Cauca",2006,"Congreso",NA,NA,NA,"LOMITAS",210,240,450,2
"8732",76563,31082,"Pradera","Valle del Cauca",2006,"Congreso",NA,NA,NA,"LOS PINOS",11,13,24,1
"8733",76563,31082,"Pradera","Valle del Cauca",2006,"Congreso",NA,NA,NA,"PARRAGA",18,6,24,1
"8734",76563,31082,"Pradera","Valle del Cauca",2006,"Congreso",NA,NA,NA,"POTRERITO",108,104,212,1
"8735",76563,31082,"Pradera","Valle del Cauca",2006,"Congreso",NA,NA,NA,"SAN ANTONIO",46,72,118,1
"8736",76563,31082,"Pradera","Valle del Cauca",2006,"Congreso",NA,NA,NA,"SAN ISIDRO",69,76,145,1
"8737",76563,31082,"Pradera","Valle del Cauca",2006,"Congreso",NA,NA,NA,"VALLECITO",45,54,99,1
"8738",76606,31085,"Restrepo","Valle del Cauca",2006,"Congreso",NA,NA,NA,NA,4068,4086,8154,24
"8739",76606,31085,"Restrepo","Valle del Cauca",2006,"Congreso",NA,NA,NA,"BAJO ZABALETAS",151,176,327,1
"8740",76606,31085,"Restrepo","Valle del Cauca",2006,"Congreso",NA,NA,NA,"EL DIAMANTE",229,291,520,2
"8741",76606,31085,"Restrepo","Valle del Cauca",2006,"Congreso",NA,NA,NA,"ILAMA",268,249,517,2
"8742",76606,31085,"Restrepo","Valle del Cauca",2006,"Congreso",NA,NA,NA,"AGUA MONA",453,447,900,3
"8743",76606,31085,"Restrepo","Valle del Cauca",2006,"Congreso",NA,NA,NA,"LA PALMA",258,297,555,2
"8744",76606,31085,"Restrepo","Valle del Cauca",2006,"Congreso",NA,NA,NA,"MADRO/AL",344,373,717,3
"8745",76606,31085,"Restrepo","Valle del Cauca",2006,"Congreso",NA,NA,NA,"RIOBRAVO",62,88,150,1
"8746",76606,31085,"Restrepo","Valle del Cauca",2006,"Congreso",NA,NA,NA,"RIOGRANDE",100,128,228,1
"8747",76606,31085,"Restrepo","Valle del Cauca",2006,"Congreso",NA,NA,NA,"ROMAN",63,67,130,1
"8748",76606,31085,"Restrepo","Valle del Cauca",2006,"Congreso",NA,NA,NA,"SAN SALVADOR",126,177,303,1
"8749",76606,31085,"Restrepo","Valle del Cauca",2006,"Congreso",NA,NA,NA,"LOS HISPANOS",160,206,366,2
"8750",76606,31085,"Restrepo","Valle del Cauca",2006,"Congreso",NA,NA,NA,"TRAGEDIAS",196,213,409,2
"8751",76606,31085,"Restrepo","Valle del Cauca",2006,"Congreso",NA,NA,NA,"TRES PUERTAS",199,230,429,2
"8752",76616,31088,"Riofrío","Valle del Cauca",2006,"Congreso",NA,NA,NA,NA,3850,3535,7385,22
"8753",76616,31088,"Riofrío","Valle del Cauca",2006,"Congreso",NA,NA,NA,"EL RUBI",160,210,370,2
"8754",76616,31088,"Riofrío","Valle del Cauca",2006,"Congreso",NA,NA,NA,"FENICIA",622,781,1403,5
"8755",76616,31088,"Riofrío","Valle del Cauca",2006,"Congreso",NA,NA,NA,"LA CUCHILLA",172,245,417,2
"8756",76616,31088,"Riofrío","Valle del Cauca",2006,"Congreso",NA,NA,NA,"LA ZULIA",161,250,411,2
"8757",76616,31088,"Riofrío","Valle del Cauca",2006,"Congreso",NA,NA,NA,"MADRIGAL",138,136,274,1
"8758",76616,31088,"Riofrío","Valle del Cauca",2006,"Congreso",NA,NA,NA,"PIEDRAS",126,130,256,1
"8759",76616,31088,"Riofrío","Valle del Cauca",2006,"Congreso",NA,NA,NA,"PORTUGAL",292,341,633,2
"8760",76616,31088,"Riofrío","Valle del Cauca",2006,"Congreso",NA,NA,NA,"SALONICA",1405,1813,3218,10
"8761",76622,31091,"Roldanillo","Valle del Cauca",2006,"Congreso",NA,NA,NA,NA,8452,6783,15235,45
"8762",76622,31091,"Roldanillo","Valle del Cauca",2006,"Congreso",NA,NA,NA,"CARCEL",0,22,22,1
"8763",76622,31091,"Roldanillo","Valle del Cauca",2006,"Congreso",NA,NA,NA,"CAJAMARCA",265,319,584,2
"8764",76622,31091,"Roldanillo","Valle del Cauca",2006,"Congreso",NA,NA,NA,"BELGICA",112,166,278,1
"8765",76622,31091,"Roldanillo","Valle del Cauca",2006,"Congreso",NA,NA,NA,"EL AGUACATE",63,76,139,1
"8766",76622,31091,"Roldanillo","Valle del Cauca",2006,"Congreso",NA,NA,NA,"EL HOBO",109,100,209,1
"8767",76622,31091,"Roldanillo","Valle del Cauca",2006,"Congreso",NA,NA,NA,"EL RETIRO",238,322,560,2
"8768",76622,31091,"Roldanillo","Valle del Cauca",2006,"Congreso",NA,NA,NA,"BUENAVISTA",48,65,113,1
"8769",76622,31091,"Roldanillo","Valle del Cauca",2006,"Congreso",NA,NA,NA,"HIGUERONCITO",446,420,866,3
"8770",76622,31091,"Roldanillo","Valle del Cauca",2006,"Congreso",NA,NA,NA,"ISUGU",67,60,127,1
"8771",76622,31091,"Roldanillo","Valle del Cauca",2006,"Congreso",NA,NA,NA,"LA CANDELARIA",157,145,302,1
"8772",76622,31091,"Roldanillo","Valle del Cauca",2006,"Congreso",NA,NA,NA,"LA MONTA/UELA",93,116,209,1
"8773",76622,31091,"Roldanillo","Valle del Cauca",2006,"Congreso",NA,NA,NA,"MATADEGUADUA",107,123,230,1
"8774",76622,31091,"Roldanillo","Valle del Cauca",2006,"Congreso",NA,NA,NA,"MORELIA",400,421,821,3
"8775",76622,31091,"Roldanillo","Valle del Cauca",2006,"Congreso",NA,NA,NA,"EL CASCARILLO",134,197,331,1
"8776",76622,31091,"Roldanillo","Valle del Cauca",2006,"Congreso",NA,NA,NA,"EL CIRUELO",48,54,102,1
"8777",76622,31091,"Roldanillo","Valle del Cauca",2006,"Congreso",NA,NA,NA,"EL PIE",110,99,209,1
"8778",76622,31091,"Roldanillo","Valle del Cauca",2006,"Congreso",NA,NA,NA,"PUERTO QUINTERO",274,256,530,2
"8779",76622,31091,"Roldanillo","Valle del Cauca",2006,"Congreso",NA,NA,NA,"EL REY",628,506,1134,4
"8780",76622,31091,"Roldanillo","Valle del Cauca",2006,"Congreso",NA,NA,NA,"EL SILENCIO",80,81,161,1
"8781",76622,31091,"Roldanillo","Valle del Cauca",2006,"Congreso",NA,NA,NA,"SANTA RITA",479,457,936,3
"8782",76622,31091,"Roldanillo","Valle del Cauca",2006,"Congreso",NA,NA,NA,"EL CASTILLO",90,109,199,1
"8783",76622,31091,"Roldanillo","Valle del Cauca",2006,"Congreso",NA,NA,NA,"GUAYABAL",256,209,465,2
"8784",76622,31091,"Roldanillo","Valle del Cauca",2006,"Congreso",NA,NA,NA,"LA ARMENIA",65,116,181,1
"8785",76622,31091,"Roldanillo","Valle del Cauca",2006,"Congreso",NA,NA,NA,"REMOLINO",82,81,163,1
"8786",76622,31091,"Roldanillo","Valle del Cauca",2006,"Congreso",NA,NA,NA,"TIERRABLANCA",509,464,973,3
"8787",76670,31094,"San Pedro","Valle del Cauca",2006,"Congreso",NA,NA,NA,NA,3721,3351,7072,21
"8788",76670,31094,"San Pedro","Valle del Cauca",2006,"Congreso",NA,NA,NA,"BUENOS AIRES",60,94,154,1
"8789",76670,31094,"San Pedro","Valle del Cauca",2006,"Congreso",NA,NA,NA,"ANGOSTURAS",72,105,177,1
"8790",76670,31094,"San Pedro","Valle del Cauca",2006,"Congreso",NA,NA,NA,"GUAQUEROS",39,41,80,1
"8791",76670,31094,"San Pedro","Valle del Cauca",2006,"Congreso",NA,NA,NA,"LA ESMERALDA (ESMERALDAS)",62,131,193,1
"8792",76670,31094,"San Pedro","Valle del Cauca",2006,"Congreso",NA,NA,NA,"LA SIRIA",43,71,114,1
"8793",76670,31094,"San Pedro","Valle del Cauca",2006,"Congreso",NA,NA,NA,"LOS CHANCOS",581,564,1145,4
"8794",76670,31094,"San Pedro","Valle del Cauca",2006,"Congreso",NA,NA,NA,"NARANJAL",60,103,163,1
"8795",76670,31094,"San Pedro","Valle del Cauca",2006,"Congreso",NA,NA,NA,"PAVAS",48,62,110,1
"8796",76670,31094,"San Pedro","Valle del Cauca",2006,"Congreso",NA,NA,NA,"PLATANARES",30,36,66,1
"8797",76670,31094,"San Pedro","Valle del Cauca",2006,"Congreso",NA,NA,NA,"PRESIDENTE",723,725,1448,5
"8798",76670,31094,"San Pedro","Valle del Cauca",2006,"Congreso",NA,NA,NA,"SAN JOSE",647,770,1417,5
"8799",76670,31094,"San Pedro","Valle del Cauca",2006,"Congreso",NA,NA,NA,"TODOS SANTOS",1085,1034,2119,7
"8800",76736,31097,"Sevilla","Valle del Cauca",2006,"Congreso",NA,NA,NA,"COL. LICEO MIXTO",1559,1871,3430,10
"8801",76736,31097,"Sevilla","Valle del Cauca",2006,"Congreso",NA,NA,NA,"ESC. MARIA INMACULADA",1594,1562,3156,10
"8802",76736,31097,"Sevilla","Valle del Cauca",2006,"Congreso",NA,NA,NA,"ESCUELA HUGO TORO ECHEVERRY",1320,558,1878,6
"8803",76736,31097,"Sevilla","Valle del Cauca",2006,"Congreso",NA,NA,NA,"ESC. ARMANDO ROMERO LOZANO",1002,1055,2057,6
"8804",76736,31097,"Sevilla","Valle del Cauca",2006,"Congreso",NA,NA,NA,"PLAZA MERCADO",2211,2139,4350,13
"8805",76736,31097,"Sevilla","Valle del Cauca",2006,"Congreso",NA,NA,NA,"PUESTO CENSO",7200,7008,14208,18
"8806",76736,31097,"Sevilla","Valle del Cauca",2006,"Congreso",NA,NA,NA,"CARCEL",3,27,30,1
"8807",76736,31097,"Sevilla","Valle del Cauca",2006,"Congreso",NA,NA,NA,"ALEGRIAS",56,115,171,1
"8808",76736,31097,"Sevilla","Valle del Cauca",2006,"Congreso",NA,NA,NA,"CANOAS",59,128,187,1
"8809",76736,31097,"Sevilla","Valle del Cauca",2006,"Congreso",NA,NA,NA,"BAJO CONGAL",34,46,80,1
"8810",76736,31097,"Sevilla","Valle del Cauca",2006,"Congreso",NA,NA,NA,"CEBOLLAL",80,137,217,1
"8811",76736,31097,"Sevilla","Valle del Cauca",2006,"Congreso",NA,NA,NA,"COLORADAS",167,217,384,2
"8812",76736,31097,"Sevilla","Valle del Cauca",2006,"Congreso",NA,NA,NA,"COMINALES",52,94,146,1
"8813",76736,31097,"Sevilla","Valle del Cauca",2006,"Congreso",NA,NA,NA,"COROZAL",158,180,338,1
"8814",76736,31097,"Sevilla","Valle del Cauca",2006,"Congreso",NA,NA,NA,"CRISTALES",11,34,45,1
"8815",76736,31097,"Sevilla","Valle del Cauca",2006,"Congreso",NA,NA,NA,"CUMBARCO",128,173,301,1
"8816",76736,31097,"Sevilla","Valle del Cauca",2006,"Congreso",NA,NA,NA,"EL VENADO",119,186,305,1
"8817",76736,31097,"Sevilla","Valle del Cauca",2006,"Congreso",NA,NA,NA,"ESTACION CAICEDONIA",67,75,142,1
"8818",76736,31097,"Sevilla","Valle del Cauca",2006,"Congreso",NA,NA,NA,"LA ASTELIA",47,84,131,1
"8819",76736,31097,"Sevilla","Valle del Cauca",2006,"Congreso",NA,NA,NA,"LA CUCHILLA",144,197,341,1
"8820",76736,31097,"Sevilla","Valle del Cauca",2006,"Congreso",NA,NA,NA,"LA ESTRELLA (LA MONEDA)",81,134,215,1
"8821",76736,31097,"Sevilla","Valle del Cauca",2006,"Congreso",NA,NA,NA,"LA MELBA",72,108,180,1
"8822",76736,31097,"Sevilla","Valle del Cauca",2006,"Congreso",NA,NA,NA,"LA RAQUELITA",124,162,286,1
"8823",76736,31097,"Sevilla","Valle del Cauca",2006,"Congreso",NA,NA,NA,"LAS BRISAS",49,93,142,1
"8824",76736,31097,"Sevilla","Valle del Cauca",2006,"Congreso",NA,NA,NA,"MANZANILLO",109,128,237,1
"8825",76736,31097,"Sevilla","Valle del Cauca",2006,"Congreso",NA,NA,NA,"MORRO AZUL",20,29,49,1
"8826",76736,31097,"Sevilla","Valle del Cauca",2006,"Congreso",NA,NA,NA,"PALOMINO",78,162,240,1
"8827",76736,31097,"Sevilla","Valle del Cauca",2006,"Congreso",NA,NA,NA,"QUEBRADANUEVA",59,61,120,1
"8828",76736,31097,"Sevilla","Valle del Cauca",2006,"Congreso",NA,NA,NA,"PALMICHAL",24,30,54,1
"8829",76736,31097,"Sevilla","Valle del Cauca",2006,"Congreso",NA,NA,NA,"SAN ANTONIO",284,339,623,2
"8830",76736,31097,"Sevilla","Valle del Cauca",2006,"Congreso",NA,NA,NA,"SAN MARCOS",159,186,345,2
"8831",76736,31097,"Sevilla","Valle del Cauca",2006,"Congreso",NA,NA,NA,"TOTORO",96,156,252,1
"8832",76736,31097,"Sevilla","Valle del Cauca",2006,"Congreso",NA,NA,NA,"TRES ESQUINAS",327,365,692,3
"8833",76823,31100,"Toro","Valle del Cauca",2006,"Congreso",NA,NA,NA,NA,4291,3996,8287,25
"8834",76823,31100,"Toro","Valle del Cauca",2006,"Congreso",NA,NA,NA,"SAN FRANCISCO",540,596,1136,4
"8835",76823,31100,"Toro","Valle del Cauca",2006,"Congreso",NA,NA,NA,"LA PRADERA",47,66,113,1
"8836",76823,31100,"Toro","Valle del Cauca",2006,"Congreso",NA,NA,NA,"SAN ANTONIO",373,321,694,3
"8837",76823,31100,"Toro","Valle del Cauca",2006,"Congreso",NA,NA,NA,"EL CEDRO",51,68,119,1
"8838",76823,31100,"Toro","Valle del Cauca",2006,"Congreso",NA,NA,NA,"VENTAQUEMADA",82,132,214,1
"8839",76823,31100,"Toro","Valle del Cauca",2006,"Congreso",NA,NA,NA,"LA CONSOLIDA",45,59,104,1
"8840",76823,31100,"Toro","Valle del Cauca",2006,"Congreso",NA,NA,NA,"LA QUIEBRA",96,148,244,1
"8841",76823,31100,"Toro","Valle del Cauca",2006,"Congreso",NA,NA,NA,"BOHIO",189,195,384,2
"8842",76823,31100,"Toro","Valle del Cauca",2006,"Congreso",NA,NA,NA,"LA ROBLEDA",38,55,93,1
"8843",76823,31100,"Toro","Valle del Cauca",2006,"Congreso",NA,NA,NA,"PATIO BONITO",117,148,265,1
"8844",76823,31100,"Toro","Valle del Cauca",2006,"Congreso",NA,NA,NA,"SAN JOSE",56,71,127,1
"8845",76828,31103,"Trujillo","Valle del Cauca",2006,"Congreso",NA,NA,NA,NA,2944,3192,6136,18
"8846",76828,31103,"Trujillo","Valle del Cauca",2006,"Congreso",NA,NA,NA,"ALTO DE PAEZ",254,384,638,2
"8847",76828,31103,"Trujillo","Valle del Cauca",2006,"Congreso",NA,NA,NA,"ANDINAPOLIS",452,589,1041,4
"8848",76828,31103,"Trujillo","Valle del Cauca",2006,"Congreso",NA,NA,NA,"BAJO CACERES",89,130,219,1
"8849",76828,31103,"Trujillo","Valle del Cauca",2006,"Congreso",NA,NA,NA,"CRISTALES",94,133,227,1
"8850",76828,31103,"Trujillo","Valle del Cauca",2006,"Congreso",NA,NA,NA,"DOS QUEBRADAS",138,200,338,1
"8851",76828,31103,"Trujillo","Valle del Cauca",2006,"Congreso",NA,NA,NA,"EL TABOR",98,163,261,1
"8852",76828,31103,"Trujillo","Valle del Cauca",2006,"Congreso",NA,NA,NA,"LA BOHEMIA",54,77,131,1
"8853",76828,31103,"Trujillo","Valle del Cauca",2006,"Congreso",NA,NA,NA,"HUASANO",260,234,494,2
"8854",76828,31103,"Trujillo","Valle del Cauca",2006,"Congreso",NA,NA,NA,"LA SONORA",100,192,292,1
"8855",76828,31103,"Trujillo","Valle del Cauca",2006,"Congreso",NA,NA,NA,"LA CUCHILLA",541,510,1051,4
"8856",76828,31103,"Trujillo","Valle del Cauca",2006,"Congreso",NA,NA,NA,"PUEBLO NUEVO",775,771,1546,5
"8857",76828,31103,"Trujillo","Valle del Cauca",2006,"Congreso",NA,NA,NA,"ROBLEDO",257,267,524,2
"8858",76828,31103,"Trujillo","Valle del Cauca",2006,"Congreso",NA,NA,NA,"LA SOLEDAD",59,86,145,1
"8859",76828,31103,"Trujillo","Valle del Cauca",2006,"Congreso",NA,NA,NA,"LA MARINA",97,140,237,1
"8860",76828,31103,"Trujillo","Valle del Cauca",2006,"Congreso",NA,NA,NA,"SAN ISIDRO",57,81,138,1
"8861",76828,31103,"Trujillo","Valle del Cauca",2006,"Congreso",NA,NA,NA,"VENECIA",572,607,1179,4
"8862",76834,31106,"Tuluá","Valle del Cauca",2006,"Congreso",NA,NA,NA,"PARQUE BOYACA",9351,8688,18039,53
"8863",76834,31106,"Tuluá","Valle del Cauca",2006,"Congreso",NA,NA,NA,"ESC. JULIA BECERRA",3545,2750,6295,19
"8864",76834,31106,"Tuluá","Valle del Cauca",2006,"Congreso",NA,NA,NA,"SEDE UNIVERSIDAD DEL VALLE",2198,1691,3889,12
"8865",76834,31106,"Tuluá","Valle del Cauca",2006,"Congreso",NA,NA,NA,"GIMNASIO DEL PACIFICO",3066,2255,5321,16
"8866",76834,31106,"Tuluá","Valle del Cauca",2006,"Congreso",NA,NA,NA,"ESC. MARIA ANTONIA RUIZ",2528,2350,4878,15
"8867",76834,31106,"Tuluá","Valle del Cauca",2006,"Congreso",NA,NA,NA,"INSTITUTO JULIA RESTREPO",3035,2236,5271,16
"8868",76834,31106,"Tuluá","Valle del Cauca",2006,"Congreso",NA,NA,NA,"ESC. GUILLERMO MARTINEZ",3605,2715,6320,19
"8869",76834,31106,"Tuluá","Valle del Cauca",2006,"Congreso",NA,NA,NA,"COLEGIO DE OCCIDENTE",5017,3790,8807,26
"8870",76834,31106,"Tuluá","Valle del Cauca",2006,"Congreso",NA,NA,NA,"ESC. MIGUEL ANGEL ZU/IGA",1455,1008,2463,8
"8871",76834,31106,"Tuluá","Valle del Cauca",2006,"Congreso",NA,NA,NA,"ESC. RUBEN CRUZ VELEZ",5397,4767,10164,30
"8872",76834,31106,"Tuluá","Valle del Cauca",2006,"Congreso",NA,NA,NA,"ESC. MARIA JOSEFA HORMAZA",2832,2311,5143,15
"8873",76834,31106,"Tuluá","Valle del Cauca",2006,"Congreso",NA,NA,NA,"INST. EDUC SAN PEDRO CLAVER",3658,2732,6390,19
"8874",76834,31106,"Tuluá","Valle del Cauca",2006,"Congreso",NA,NA,NA,"BOSQUES DE MARACAIBO SEDE SOC",1359,1008,2367,7
"8875",76834,31106,"Tuluá","Valle del Cauca",2006,"Congreso",NA,NA,NA,"PUESTO CENSO",11058,8992,20050,26
"8876",76834,31106,"Tuluá","Valle del Cauca",2006,"Congreso",NA,NA,NA,"CARCEL",4,39,43,1
"8877",76834,31106,"Tuluá","Valle del Cauca",2006,"Congreso",NA,NA,NA,"AGUACLARA",1609,1416,3025,9
"8878",76834,31106,"Tuluá","Valle del Cauca",2006,"Congreso",NA,NA,NA,"BARRAGAN",250,412,662,2
"8879",76834,31106,"Tuluá","Valle del Cauca",2006,"Congreso",NA,NA,NA,"BOCAS DE TULUA",182,162,344,1
"8880",76834,31106,"Tuluá","Valle del Cauca",2006,"Congreso",NA,NA,NA,"CAMPOALEGRE",277,276,553,2
"8881",76834,31106,"Tuluá","Valle del Cauca",2006,"Congreso",NA,NA,NA,"EL PICACHO",153,148,301,1
"8882",76834,31106,"Tuluá","Valle del Cauca",2006,"Congreso",NA,NA,NA,"EL RETIRO",40,73,113,1
"8883",76834,31106,"Tuluá","Valle del Cauca",2006,"Congreso",NA,NA,NA,"FRAZADAS",109,201,310,1
"8884",76834,31106,"Tuluá","Valle del Cauca",2006,"Congreso",NA,NA,NA,"JICARAMATA",31,57,88,1
"8885",76834,31106,"Tuluá","Valle del Cauca",2006,"Congreso",NA,NA,NA,"LA DIADEMA",57,70,127,1
"8886",76834,31106,"Tuluá","Valle del Cauca",2006,"Congreso",NA,NA,NA,"LA IBERIA",133,183,316,1
"8887",76834,31106,"Tuluá","Valle del Cauca",2006,"Congreso",NA,NA,NA,"LA MARINA",1339,1425,2764,9
"8888",76834,31106,"Tuluá","Valle del Cauca",2006,"Congreso",NA,NA,NA,"LA MORALIA",163,217,380,2
"8889",76834,31106,"Tuluá","Valle del Cauca",2006,"Congreso",NA,NA,NA,"LA PALMERA",187,178,365,2
"8890",76834,31106,"Tuluá","Valle del Cauca",2006,"Congreso",NA,NA,NA,"LOS CAIMOS",92,100,192,1
"8891",76834,31106,"Tuluá","Valle del Cauca",2006,"Congreso",NA,NA,NA,"MATEGUADUA",224,219,443,2
"8892",76834,31106,"Tuluá","Valle del Cauca",2006,"Congreso",NA,NA,NA,"MONTELORO",143,185,328,1
"8893",76834,31106,"Tuluá","Valle del Cauca",2006,"Congreso",NA,NA,NA,"NARI/O",1157,1064,2221,7
"8894",76834,31106,"Tuluá","Valle del Cauca",2006,"Congreso",NA,NA,NA,"QUEBRADAGRANDE",58,103,161,1
"8895",76834,31106,"Tuluá","Valle del Cauca",2006,"Congreso",NA,NA,NA,"SAN CARLOS",57,65,122,1
"8896",76834,31106,"Tuluá","Valle del Cauca",2006,"Congreso",NA,NA,NA,"SANTA LUCIA",58,143,201,1
"8897",76834,31106,"Tuluá","Valle del Cauca",2006,"Congreso",NA,NA,NA,"SAN LORENZO",150,252,402,2
"8898",76834,31106,"Tuluá","Valle del Cauca",2006,"Congreso",NA,NA,NA,"SAN RAFAEL",131,226,357,2
"8899",76834,31106,"Tuluá","Valle del Cauca",2006,"Congreso",NA,NA,NA,"TOCHECITO",27,46,73,1
"8900",76834,31106,"Tuluá","Valle del Cauca",2006,"Congreso",NA,NA,NA,"TRES ESQUINAS",488,405,893,3
"8901",76834,31106,"Tuluá","Valle del Cauca",2006,"Congreso",NA,NA,NA,"VENUS",43,65,108,1
"8902",76845,31109,"Ulloa","Valle del Cauca",2006,"Congreso",NA,NA,NA,NA,1377,1375,2752,8
"8903",76845,31109,"Ulloa","Valle del Cauca",2006,"Congreso",NA,NA,NA,"CHAPINERO",147,189,336,1
"8904",76845,31109,"Ulloa","Valle del Cauca",2006,"Congreso",NA,NA,NA,"CALAMONTE",26,40,66,1
"8905",76845,31109,"Ulloa","Valle del Cauca",2006,"Congreso",NA,NA,NA,"DINAMARCA",88,148,236,1
"8906",76845,31109,"Ulloa","Valle del Cauca",2006,"Congreso",NA,NA,NA,"MONTEZUMA",296,333,629,2
"8907",76845,31109,"Ulloa","Valle del Cauca",2006,"Congreso",NA,NA,NA,"EL PLACER",54,62,116,1
"8908",76863,31112,"Versalles","Valle del Cauca",2006,"Congreso",NA,NA,NA,NA,2197,2123,4320,13
"8909",76863,31112,"Versalles","Valle del Cauca",2006,"Congreso",NA,NA,NA,"CARCEL MUNICIPAL",0,0,0,0
"8910",76863,31112,"Versalles","Valle del Cauca",2006,"Congreso",NA,NA,NA,"CAMPOALEGRE",190,228,418,2
"8911",76863,31112,"Versalles","Valle del Cauca",2006,"Congreso",NA,NA,NA,"COCONUCO",55,71,126,1
"8912",76863,31112,"Versalles","Valle del Cauca",2006,"Congreso",NA,NA,NA,"EL BALSAL",485,498,983,3
"8913",76863,31112,"Versalles","Valle del Cauca",2006,"Congreso",NA,NA,NA,"EL CEDRO",12,28,40,1
"8914",76863,31112,"Versalles","Valle del Cauca",2006,"Congreso",NA,NA,NA,"EL DIAMANTE",75,109,184,1
"8915",76863,31112,"Versalles","Valle del Cauca",2006,"Congreso",NA,NA,NA,"EL TULCAN",15,19,34,1
"8916",76863,31112,"Versalles","Valle del Cauca",2006,"Congreso",NA,NA,NA,"EL VERGEL",74,107,181,1
"8917",76863,31112,"Versalles","Valle del Cauca",2006,"Congreso",NA,NA,NA,"GUAIRA ABAJO",45,50,95,1
"8918",76863,31112,"Versalles","Valle del Cauca",2006,"Congreso",NA,NA,NA,"LA FLORIDA",124,177,301,1
"8919",76863,31112,"Versalles","Valle del Cauca",2006,"Congreso",NA,NA,NA,"LA GUAVIA",30,43,73,1
"8920",76863,31112,"Versalles","Valle del Cauca",2006,"Congreso",NA,NA,NA,"MORRO/ATO (PINARES)",68,94,162,1
"8921",76863,31112,"Versalles","Valle del Cauca",2006,"Congreso",NA,NA,NA,"MURRAPAL",33,47,80,1
"8922",76863,31112,"Versalles","Valle del Cauca",2006,"Congreso",NA,NA,NA,"LA BALSORA",109,115,224,1
"8923",76863,31112,"Versalles","Valle del Cauca",2006,"Congreso",NA,NA,NA,"PUENTETIERRA",79,102,181,1
"8924",76863,31112,"Versalles","Valle del Cauca",2006,"Congreso",NA,NA,NA,"PUERTO NUEVO",130,227,357,2
"8925",76869,31115,"Vijes","Valle del Cauca",2006,"Congreso",NA,NA,NA,NA,3297,3009,6306,19
"8926",76869,31115,"Vijes","Valle del Cauca",2006,"Congreso",NA,NA,NA,"CACHIMBAL",153,183,336,1
"8927",76869,31115,"Vijes","Valle del Cauca",2006,"Congreso",NA,NA,NA,"CARBONERO",172,187,359,2
"8928",76869,31115,"Vijes","Valle del Cauca",2006,"Congreso",NA,NA,NA,"EL PORVENIR",184,212,396,2
"8929",76869,31115,"Vijes","Valle del Cauca",2006,"Congreso",NA,NA,NA,"EL TAMBOR",189,216,405,2
"8930",76869,31115,"Vijes","Valle del Cauca",2006,"Congreso",NA,NA,NA,"LA FRESNEDA",167,184,351,2
"8931",76869,31115,"Vijes","Valle del Cauca",2006,"Congreso",NA,NA,NA,"LA RIVERA",163,192,355,2
"8932",76869,31115,"Vijes","Valle del Cauca",2006,"Congreso",NA,NA,NA,"MOZAMBIQUE",63,80,143,1
"8933",76869,31115,"Vijes","Valle del Cauca",2006,"Congreso",NA,NA,NA,"OCACHE",98,145,243,1
"8934",76869,31115,"Vijes","Valle del Cauca",2006,"Congreso",NA,NA,NA,"VILLAMARIA",141,144,285,1
"8935",76890,31118,"Yotoco","Valle del Cauca",2006,"Congreso",NA,NA,NA,NA,3532,3055,6587,20
"8936",76890,31118,"Yotoco","Valle del Cauca",2006,"Congreso",NA,NA,NA,"EL CANEY",173,225,398,2
"8937",76890,31118,"Yotoco","Valle del Cauca",2006,"Congreso",NA,NA,NA,"CAMPOALEGRE",77,87,164,1
"8938",76890,31118,"Yotoco","Valle del Cauca",2006,"Congreso",NA,NA,NA,"EL BOSQUE",78,103,181,1
"8939",76890,31118,"Yotoco","Valle del Cauca",2006,"Congreso",NA,NA,NA,"EL DORADO",279,370,649,2
"8940",76890,31118,"Yotoco","Valle del Cauca",2006,"Congreso",NA,NA,NA,"DOPO",79,111,190,1
"8941",76890,31118,"Yotoco","Valle del Cauca",2006,"Congreso",NA,NA,NA,"JIGUALES",204,261,465,2
"8942",76890,31118,"Yotoco","Valle del Cauca",2006,"Congreso",NA,NA,NA,"LA NEGRA",100,170,270,1
"8943",76890,31118,"Yotoco","Valle del Cauca",2006,"Congreso",NA,NA,NA,"LAS DELICIAS",194,266,460,2
"8944",76890,31118,"Yotoco","Valle del Cauca",2006,"Congreso",NA,NA,NA,"MEDIACANOA",664,714,1378,5
"8945",76890,31118,"Yotoco","Valle del Cauca",2006,"Congreso",NA,NA,NA,"MIRAVALLE",137,208,345,2
"8946",76890,31118,"Yotoco","Valle del Cauca",2006,"Congreso",NA,NA,NA,"PUENTETIERRA",158,197,355,2
"8947",76890,31118,"Yotoco","Valle del Cauca",2006,"Congreso",NA,NA,NA,"SAN ANTONIO DE PIEDRAS",124,142,266,1
"8948",76892,31121,"Yumbo","Valle del Cauca",2006,"Congreso",NA,NA,NA,"CTRO. MULTIPLE LAS CRUCES",1597,1943,3540,11
"8949",76892,31121,"Yumbo","Valle del Cauca",2006,"Congreso",NA,NA,NA,"ESC. MANUEL MARIA SANCHEZ",1805,1079,2884,9
"8950",76892,31121,"Yumbo","Valle del Cauca",2006,"Congreso",NA,NA,NA,"CTRO. DE DESARROLLO COMUNAL",2281,2076,4357,13
"8951",76892,31121,"Yumbo","Valle del Cauca",2006,"Congreso",NA,NA,NA,"ESC. JUAN 23",1361,1122,2483,8
"8952",76892,31121,"Yumbo","Valle del Cauca",2006,"Congreso",NA,NA,NA,"ESC. PABLO VI",1226,938,2164,7
"8953",76892,31121,"Yumbo","Valle del Cauca",2006,"Congreso",NA,NA,NA,"ESC. HECTOR A. SAAVEDRA",830,745,1575,5
"8954",76892,31121,"Yumbo","Valle del Cauca",2006,"Congreso",NA,NA,NA,"ESC. LA TRINIDAD",706,656,1362,4
"8955",76892,31121,"Yumbo","Valle del Cauca",2006,"Congreso",NA,NA,NA,"ESC. PANORAMA",1245,1164,2409,8
"8956",76892,31121,"Yumbo","Valle del Cauca",2006,"Congreso",NA,NA,NA,"ESC. ANTONIA SANTOS",7809,7034,14843,44
"8957",76892,31121,"Yumbo","Valle del Cauca",2006,"Congreso",NA,NA,NA,"ESC. JOSE MARIA CORDOBA",3448,2883,6331,19
"8958",76892,31121,"Yumbo","Valle del Cauca",2006,"Congreso",NA,NA,NA,"ESC. JHON F.KENNEDY",3774,3146,6920,21
"8959",76892,31121,"Yumbo","Valle del Cauca",2006,"Congreso",NA,NA,NA,"ESC. TITAN",1641,1482,3123,10
"8960",76892,31121,"Yumbo","Valle del Cauca",2006,"Congreso",NA,NA,NA,"ESC. ELIAS QUINTERO",423,382,805,3
"8961",76892,31121,"Yumbo","Valle del Cauca",2006,"Congreso",NA,NA,NA,"PUESTO CENSO",6624,5695,12319,16
"8962",76892,31121,"Yumbo","Valle del Cauca",2006,"Congreso",NA,NA,NA,"CARCEL",4,15,19,1
"8963",76892,31121,"Yumbo","Valle del Cauca",2006,"Congreso",NA,NA,NA,"ARROYOHONDO",1330,1460,2790,9
"8964",76892,31121,"Yumbo","Valle del Cauca",2006,"Congreso",NA,NA,NA,"DAPA",1041,1097,2138,7
"8965",76892,31121,"Yumbo","Valle del Cauca",2006,"Congreso",NA,NA,NA,"EL PEDREGAL",377,365,742,3
"8966",76892,31121,"Yumbo","Valle del Cauca",2006,"Congreso",NA,NA,NA,"LA BUITRERA",121,143,264,1
"8967",76892,31121,"Yumbo","Valle del Cauca",2006,"Congreso",NA,NA,NA,"LA OLGA",145,173,318,1
"8968",76892,31121,"Yumbo","Valle del Cauca",2006,"Congreso",NA,NA,NA,"MIRAVALLE NORTE",66,69,135,1
"8969",76892,31121,"Yumbo","Valle del Cauca",2006,"Congreso",NA,NA,NA,"MONTA/ITAS",182,196,378,2
"8970",76892,31121,"Yumbo","Valle del Cauca",2006,"Congreso",NA,NA,NA,"MULALO",419,430,849,3
"8971",76892,31121,"Yumbo","Valle del Cauca",2006,"Congreso",NA,NA,NA,"SAN JOSE",53,59,112,1
"8972",76892,31121,"Yumbo","Valle del Cauca",2006,"Congreso",NA,NA,NA,"SAN MARCOS",438,470,908,3
"8973",76892,31121,"Yumbo","Valle del Cauca",2006,"Congreso",NA,NA,NA,"SANTA INES",354,412,766,3
"8974",76892,31121,"Yumbo","Valle del Cauca",2006,"Congreso",NA,NA,NA,"YUMBILLO",172,210,382,2
"8975",76895,31124,"Zarzal","Valle del Cauca",2006,"Congreso",NA,NA,NA,"CTRO. SAGRADO CORAZON DE J.",2878,2236,5114,15
"8976",76895,31124,"Zarzal","Valle del Cauca",2006,"Congreso",NA,NA,NA,"CTRO.FRANCISCO JOSE DE CALDAS",1245,3569,4814,14
"8977",76895,31124,"Zarzal","Valle del Cauca",2006,"Congreso",NA,NA,NA,"ESCUELA NORMAL SUPERIOR",5863,852,6715,20
"8978",76895,31124,"Zarzal","Valle del Cauca",2006,"Congreso",NA,NA,NA,"CTRO. EFRAIN VARELA VACCA",2131,4035,6166,18
"8979",76895,31124,"Zarzal","Valle del Cauca",2006,"Congreso",NA,NA,NA,"CARCEL MUNICIPAL",2,18,20,1
"8980",76895,31124,"Zarzal","Valle del Cauca",2006,"Congreso",NA,NA,NA,"LA PAILA",2514,2247,4761,14
"8981",76895,31124,"Zarzal","Valle del Cauca",2006,"Congreso",NA,NA,NA,"LIMONES",305,382,687,2
"8982",76895,31124,"Zarzal","Valle del Cauca",2006,"Congreso",NA,NA,NA,"GUASIMAL",76,86,162,1
"8983",76895,31124,"Zarzal","Valle del Cauca",2006,"Congreso",NA,NA,NA,"EL VERGEL",108,112,220,1
"8984",76895,31124,"Zarzal","Valle del Cauca",2006,"Congreso",NA,NA,NA,"QUEBRADANUEVA",413,440,853,3
"8985",76895,31124,"Zarzal","Valle del Cauca",2006,"Congreso",NA,NA,NA,"VALLEJUELO",534,512,1046,4
"8986",76895,31124,"Zarzal","Valle del Cauca",2006,"Congreso",NA,NA,NA,"EL ALISAL",200,186,386,2
"8987",81001,40001,"Arauca","Arauca",2006,"Congreso",NA,NA,NA,"COL. SANTANDER PRIMARIA",1795,8448,10243,30
"8988",81001,40001,"Arauca","Arauca",2006,"Congreso",NA,NA,NA,"COLEGIO SIMON BOLIVAR",3276,2355,5631,17
"8989",81001,40001,"Arauca","Arauca",2006,"Congreso",NA,NA,NA,"FEMAR",2025,1869,3894,12
"8990",81001,40001,"Arauca","Arauca",2006,"Congreso",NA,NA,NA,"NORMAL MARIA INMACULADA",7272,2163,9435,28
"8991",81001,40001,"Arauca","Arauca",2006,"Congreso",NA,NA,NA,"CONC. CAMILO TORRES",2004,1577,3581,11
"8992",81001,40001,"Arauca","Arauca",2006,"Congreso",NA,NA,NA,"CONC. JUAN FRANCISCO LARA",1367,1400,2767,9
"8993",81001,40001,"Arauca","Arauca",2006,"Congreso",NA,NA,NA,"PUESTO CENSO",3733,3206,6939,9
"8994",81001,40001,"Arauca","Arauca",2006,"Congreso",NA,NA,NA,"CARCEL",13,125,138,1
"8995",81001,40001,"Arauca","Arauca",2006,"Congreso",NA,NA,NA,"CA/AS BRAVAS",228,506,734,3
"8996",81001,40001,"Arauca","Arauca",2006,"Congreso",NA,NA,NA,"MAPORILLAL",150,243,393,2
"8997",81001,40001,"Arauca","Arauca",2006,"Congreso",NA,NA,NA,"TODOS LOS SANTOS",118,247,365,2
"8998",81001,40001,"Arauca","Arauca",2006,"Congreso",NA,NA,NA,"CARACOL",231,364,595,2
"8999",81001,40001,"Arauca","Arauca",2006,"Congreso",NA,NA,NA,"SANTA BARBARA",269,434,703,3
"9000",81794,40005,"Tame","Arauca",2006,"Congreso",NA,NA,NA,NA,9222,9271,18493,54
"9001",81794,40005,"Tame","Arauca",2006,"Congreso",NA,NA,NA,"BETOYES",237,481,718,3
"9002",81794,40005,"Tame","Arauca",2006,"Congreso",NA,NA,NA,"PUERTO GAITAN",54,83,137,1
"9003",81794,40005,"Tame","Arauca",2006,"Congreso",NA,NA,NA,"PUERTO SAN SALVADOR",49,96,145,1
"9004",81794,40005,"Tame","Arauca",2006,"Congreso",NA,NA,NA,"LA HOLANDA",85,205,290,1
"9005",81794,40005,"Tame","Arauca",2006,"Congreso",NA,NA,NA,"LA ARENOSA",5,27,32,1
"9006",81794,40005,"Tame","Arauca",2006,"Congreso",NA,NA,NA,"LAS MALVINAS",126,177,303,1
"9007",81794,40005,"Tame","Arauca",2006,"Congreso",NA,NA,NA,"PUERTO JORDAN",595,1331,1926,6
"9008",81794,40005,"Tame","Arauca",2006,"Congreso",NA,NA,NA,"CACHAMA",13,27,40,1
"9009",81794,40005,"Tame","Arauca",2006,"Congreso",NA,NA,NA,"EL BOTALON",318,624,942,3
"9010",81794,40005,"Tame","Arauca",2006,"Congreso",NA,NA,NA,"EL TABLON",77,155,232,1
"9011",81065,40010,"Arauquita","Arauca",2006,"Congreso",NA,NA,NA,NA,4810,5677,10487,31
"9012",81065,40010,"Arauquita","Arauca",2006,"Congreso",NA,NA,NA,"AGUACHICA",231,506,737,3
"9013",81065,40010,"Arauquita","Arauca",2006,"Congreso",NA,NA,NA,"LA ESMERALDA (EL JUJU)",694,1086,1780,6
"9014",81065,40010,"Arauquita","Arauca",2006,"Congreso",NA,NA,NA,"LA PAZ",288,500,788,3
"9015",81065,40010,"Arauquita","Arauca",2006,"Congreso",NA,NA,NA,"REINERA (LAS GAVIOTAS)",315,684,999,3
"9016",81065,40010,"Arauquita","Arauca",2006,"Congreso",NA,NA,NA,"LA PESQUERA",161,286,447,2
"9017",81065,40010,"Arauquita","Arauca",2006,"Congreso",NA,NA,NA,"BRISAS DEL CARANAL",443,913,1356,4
"9018",81065,40010,"Arauquita","Arauca",2006,"Congreso",NA,NA,NA,"PANAMA DE ARAUCA",255,492,747,3
"9019",81220,40015,"Cravo Norte","Arauca",2006,"Congreso",NA,NA,NA,NA,1319,1530,2849,9
"9020",81220,40015,"Cravo Norte","Arauca",2006,"Congreso",NA,NA,NA,"LA VIRGEN",11,24,35,1
"9021",81220,40015,"Cravo Norte","Arauca",2006,"Congreso",NA,NA,NA,"LOS CABALLOS",14,22,36,1
"9022",81220,40015,"Cravo Norte","Arauca",2006,"Congreso",NA,NA,NA,"SAN RAFAEL",29,42,71,1
"9023",81220,40015,"Cravo Norte","Arauca",2006,"Congreso",NA,NA,NA,"BUENOS AIRES",7,8,15,1
"9024",81220,40015,"Cravo Norte","Arauca",2006,"Congreso",NA,NA,NA,"EL JURIEPE",10,14,24,1
"9025",81220,40015,"Cravo Norte","Arauca",2006,"Congreso",NA,NA,NA,"LEJANIAS DE JURIEPE",15,18,33,1
"9026",81300,40017,"Fortul","Arauca",2006,"Congreso",NA,NA,NA,NA,2355,2987,5342,16
"9027",81300,40017,"Fortul","Arauca",2006,"Congreso",NA,NA,NA,"CA/O FLOREZ",283,505,788,3
"9028",81300,40017,"Fortul","Arauca",2006,"Congreso",NA,NA,NA,"CARANAL",537,912,1449,5
"9029",81300,40017,"Fortul","Arauca",2006,"Congreso",NA,NA,NA,"MATECA/A",53,117,170,1
"9030",81591,40020,"Puerto Rondón","Arauca",2006,"Congreso",NA,NA,NA,NA,1327,1630,2957,9
"9031",81591,40020,"Puerto Rondón","Arauca",2006,"Congreso",NA,NA,NA,"LA CORREA",1,2,3,1
"9032",81591,40020,"Puerto Rondón","Arauca",2006,"Congreso",NA,NA,NA,"LOS HIGUERONES",7,9,16,1
"9033",81591,40020,"Puerto Rondón","Arauca",2006,"Congreso",NA,NA,NA,"MARRERO",10,23,33,1
"9034",81591,40020,"Puerto Rondón","Arauca",2006,"Congreso",NA,NA,NA,"EL LORO",6,4,10,1
"9035",81591,40020,"Puerto Rondón","Arauca",2006,"Congreso",NA,NA,NA,"LAS ACACIAS",5,5,10,1
"9036",81591,40020,"Puerto Rondón","Arauca",2006,"Congreso",NA,NA,NA,"SAN IGNACIO",6,14,20,1
"9037",81736,40025,"Saravena","Arauca",2006,"Congreso",NA,NA,NA,NA,11037,11389,22426,66
"9038",81736,40025,"Saravena","Arauca",2006,"Congreso",NA,NA,NA,"PUERTO NARI/O",335,474,809,3
"9039",18001,44001,"Florencia","Caquetá",2006,"Congreso",NA,NA,NA,"ESC. LA SALLE - COL. MIGANI",7938,8073,16011,47
"9040",18001,44001,"Florencia","Caquetá",2006,"Congreso",NA,NA,NA,"INST. EDUC. SAN FCO. DE ASIS",8910,7232,16142,47
"9041",18001,44001,"Florencia","Caquetá",2006,"Congreso",NA,NA,NA,"COL. ANTONIO RICAURTE",5371,4696,10067,30
"9042",18001,44001,"Florencia","Caquetá",2006,"Congreso",NA,NA,NA,"ESC. BELLAVISTA",1643,1332,2975,9
"9043",18001,44001,"Florencia","Caquetá",2006,"Congreso",NA,NA,NA,"ESC. LA INDUSTRIAL",3168,2542,5710,17
"9044",18001,44001,"Florencia","Caquetá",2006,"Congreso",NA,NA,NA,"CIUDADELA EDUCATIVA SIGLO 21",3317,2679,5996,18
"9045",18001,44001,"Florencia","Caquetá",2006,"Congreso",NA,NA,NA,"ESC. SANTA INES",2141,1525,3666,11
"9046",18001,44001,"Florencia","Caquetá",2006,"Congreso",NA,NA,NA,"PUESTO CENSO",12581,9916,22497,29
"9047",18001,44001,"Florencia","Caquetá",2006,"Congreso",NA,NA,NA,"CARCEL",17,89,106,1
"9048",18001,44001,"Florencia","Caquetá",2006,"Congreso",NA,NA,NA,"EL CARANO (VEREDA AVENIDA)",143,217,360,2
"9049",18001,44001,"Florencia","Caquetá",2006,"Congreso",NA,NA,NA,"EL DANUBIO (EL REMOLINO)",101,186,287,1
"9050",18001,44001,"Florencia","Caquetá",2006,"Congreso",NA,NA,NA,"SAN PEDRO (NORCASIA)",294,501,795,3
"9051",18001,44001,"Florencia","Caquetá",2006,"Congreso",NA,NA,NA,"ORTEGUAZA(SANTANA LAS HERMOSA",290,469,759,3
"9052",18001,44001,"Florencia","Caquetá",2006,"Congreso",NA,NA,NA,"SANTO DOMINGO (SANTO DOMINGO)",120,218,338,1
"9053",18001,44001,"Florencia","Caquetá",2006,"Congreso",NA,NA,NA,"SAN MARTIN (CAMPUCANA)",40,66,106,1
"9054",18001,44001,"Florencia","Caquetá",2006,"Congreso",NA,NA,NA,"VENECIA (PUERTO ARANGO)",86,114,200,1
"9055",18029,44002,"Albania","Caquetá",2006,"Congreso",NA,NA,NA,NA,1656,1817,3473,11
"9056",18029,44002,"Albania","Caquetá",2006,"Congreso",NA,NA,NA,"DORADO",189,307,496,2
"9057",18150,44003,"Cartagena del Chairá","Caquetá",2006,"Congreso",NA,NA,NA,NA,4569,6217,10786,32
"9058",18150,44003,"Cartagena del Chairá","Caquetá",2006,"Congreso",NA,NA,NA,"RISARALDA",101,211,312,1
"9059",18150,44003,"Cartagena del Chairá","Caquetá",2006,"Congreso",NA,NA,NA,"REMOLINO DEL CAGUAN",874,2073,2947,9
"9060",18150,44003,"Cartagena del Chairá","Caquetá",2006,"Congreso",NA,NA,NA,"SANTA FE DEL CAGUAN",594,1404,1998,6
"9061",18094,44004,"Belén de Los Andaquies","Caquetá",2006,"Congreso",NA,NA,NA,NA,3121,3318,6439,19
"9062",18247,44005,"El Doncello","Caquetá",2006,"Congreso",NA,NA,NA,NA,6407,6332,12739,38
"9063",18247,44005,"El Doncello","Caquetá",2006,"Congreso",NA,NA,NA,"MAGUARE",105,148,253,1
"9064",18247,44005,"El Doncello","Caquetá",2006,"Congreso",NA,NA,NA,"PUERTO HUNGRIA",75,128,203,1
"9065",18247,44005,"El Doncello","Caquetá",2006,"Congreso",NA,NA,NA,"BERLIN",60,105,165,1
"9066",18247,44005,"El Doncello","Caquetá",2006,"Congreso",NA,NA,NA,"PE/AS NEGRAS",27,59,86,1
"9067",18247,44005,"El Doncello","Caquetá",2006,"Congreso",NA,NA,NA,"PUERTO MANRIQUE",81,95,176,1
"9068",18256,44006,"El Paujil","Caquetá",2006,"Congreso",NA,NA,NA,NA,4577,4806,9383,28
"9069",18256,44006,"El Paujil","Caquetá",2006,"Congreso",NA,NA,NA,"BOLIVIA",81,137,218,1
"9070",18256,44006,"El Paujil","Caquetá",2006,"Congreso",NA,NA,NA,"VERSALLES",102,203,305,1
"9071",18410,44007,"La Montañita","Caquetá",2006,"Congreso",NA,NA,NA,NA,2218,2473,4691,14
"9072",18410,44007,"La Montañita","Caquetá",2006,"Congreso",NA,NA,NA,"EL TRIUNFO",172,285,457,2
"9073",18410,44007,"La Montañita","Caquetá",2006,"Congreso",NA,NA,NA,"SANTUARIO",335,362,697,3
"9074",18410,44007,"La Montañita","Caquetá",2006,"Congreso",NA,NA,NA,"LA UNION PENEYA",686,1165,1851,6
"9075",18410,44007,"La Montañita","Caquetá",2006,"Congreso",NA,NA,NA,"MATEGUADUA",104,217,321,1
"9076",18592,44009,"Puerto Rico","Caquetá",2006,"Congreso",NA,NA,NA,NA,6740,6939,13679,40
"9077",18592,44009,"Puerto Rico","Caquetá",2006,"Congreso",NA,NA,NA,"CARCEL",0,4,4,1
"9078",18592,44009,"Puerto Rico","Caquetá",2006,"Congreso",NA,NA,NA,"LA AGUILILLA",172,262,434,2
"9079",18592,44009,"Puerto Rico","Caquetá",2006,"Congreso",NA,NA,NA,"LA ESMERALDA",357,531,888,3
"9080",18592,44009,"Puerto Rico","Caquetá",2006,"Congreso",NA,NA,NA,"LA PAZ",37,88,125,1
"9081",18592,44009,"Puerto Rico","Caquetá",2006,"Congreso",NA,NA,NA,"LUSITANIA",131,232,363,2
"9082",18592,44009,"Puerto Rico","Caquetá",2006,"Congreso",NA,NA,NA,"RIO NEGRO",365,706,1071,4
"9083",18592,44009,"Puerto Rico","Caquetá",2006,"Congreso",NA,NA,NA,"SANTANA RAMOS",197,409,606,2
"9084",18753,44010,"San Vicente del Caguán","Caquetá",2006,"Congreso",NA,NA,NA,NA,7707,8450,16157,47
"9085",18753,44010,"San Vicente del Caguán","Caquetá",2006,"Congreso",NA,NA,NA,"GUACAMAYAS",202,309,511,2
"9086",18753,44010,"San Vicente del Caguán","Caquetá",2006,"Congreso",NA,NA,NA,"EL RECREO",60,157,217,1
"9087",18753,44010,"San Vicente del Caguán","Caquetá",2006,"Congreso",NA,NA,NA,"LAS PAVAS",104,197,301,1
"9088",18753,44010,"San Vicente del Caguán","Caquetá",2006,"Congreso",NA,NA,NA,"CAMPO HERMOSO",207,420,627,2
"9089",18753,44010,"San Vicente del Caguán","Caquetá",2006,"Congreso",NA,NA,NA,"SAN LUIS DEL OSO O BALSILLAS",63,145,208,1
"9090",18753,44010,"San Vicente del Caguán","Caquetá",2006,"Congreso",NA,NA,NA,"GIBRALTAR",43,86,129,1
"9091",18753,44010,"San Vicente del Caguán","Caquetá",2006,"Congreso",NA,NA,NA,"GUAYABAL",193,512,705,3
"9092",18753,44010,"San Vicente del Caguán","Caquetá",2006,"Congreso",NA,NA,NA,"LOS POZOS",226,512,738,3
"9093",18753,44010,"San Vicente del Caguán","Caquetá",2006,"Congreso",NA,NA,NA,"PUERTO BETANIA",263,627,890,3
"9094",18753,44010,"San Vicente del Caguán","Caquetá",2006,"Congreso",NA,NA,NA,"SAN JUAN DE LOZADA",140,361,501,2
"9095",18753,44010,"San Vicente del Caguán","Caquetá",2006,"Congreso",NA,NA,NA,"TRES ESQUINAS",175,256,431,2
"9096",18753,44010,"San Vicente del Caguán","Caquetá",2006,"Congreso",NA,NA,NA,"TRONCALES",121,192,313,1
"9097",18205,44012,"Curillo","Caquetá",2006,"Congreso",NA,NA,NA,NA,3258,3739,6997,21
"9098",18205,44012,"Curillo","Caquetá",2006,"Congreso",NA,NA,NA,"PUERTO VALDIVIA",47,87,134,1
"9099",18205,44012,"Curillo","Caquetá",2006,"Congreso",NA,NA,NA,"SALAMINA",60,104,164,1
"9100",18460,44016,"Milán","Caquetá",2006,"Congreso",NA,NA,NA,NA,1238,1478,2716,8
"9101",18460,44016,"Milán","Caquetá",2006,"Congreso",NA,NA,NA,"LA ILUSION MATICURU",117,204,321,1
"9102",18460,44016,"Milán","Caquetá",2006,"Congreso",NA,NA,NA,"GETUCHA (SAN ANTONIO)",948,1365,2313,7
"9103",18460,44016,"Milán","Caquetá",2006,"Congreso",NA,NA,NA,"MATICURU (GRANARIO)",212,310,522,2
"9104",18460,44016,"Milán","Caquetá",2006,"Congreso",NA,NA,NA,"REMOLINO DE ARICUNTI",94,145,239,1
"9105",18479,44017,"Morelia","Caquetá",2006,"Congreso",NA,NA,NA,NA,1511,1646,3157,10
"9106",18610,44020,"San José del Fragua","Caquetá",2006,"Congreso",NA,NA,NA,NA,2496,2625,5121,15
"9107",18610,44020,"San José del Fragua","Caquetá",2006,"Congreso",NA,NA,NA,"FRAGUITA",156,292,448,2
"9108",18610,44020,"San José del Fragua","Caquetá",2006,"Congreso",NA,NA,NA,"PUERTO BELLO",45,79,124,1
"9109",18610,44020,"San José del Fragua","Caquetá",2006,"Congreso",NA,NA,NA,"PUERTO NUEVO",107,155,262,1
"9110",18610,44020,"San José del Fragua","Caquetá",2006,"Congreso",NA,NA,NA,"YURAYACO",334,463,797,3
"9111",18756,44022,"Solano","Caquetá",2006,"Congreso",NA,NA,NA,NA,1575,2202,3777,11
"9112",18756,44022,"Solano","Caquetá",2006,"Congreso",NA,NA,NA,"ARARACUARA",73,108,181,1
"9113",18756,44022,"Solano","Caquetá",2006,"Congreso",NA,NA,NA,"CUEMANI",2,3,5,1
"9114",18756,44022,"Solano","Caquetá",2006,"Congreso",NA,NA,NA,"LA MANA",64,136,200,1
"9115",18756,44022,"Solano","Caquetá",2006,"Congreso",NA,NA,NA,"DANUBIO (CAMPO ALEGRE)",160,356,516,2
"9116",18756,44022,"Solano","Caquetá",2006,"Congreso",NA,NA,NA,"MONONGUETE",114,193,307,1
"9117",18756,44022,"Solano","Caquetá",2006,"Congreso",NA,NA,NA,"PE/AS BLANCAS",57,99,156,1
"9118",18756,44022,"Solano","Caquetá",2006,"Congreso",NA,NA,NA,"PUERTO TEJADA",83,232,315,1
"9119",18785,44024,"Solita","Caquetá",2006,"Congreso",NA,NA,NA,NA,1983,2504,4487,14
"9120",18860,44040,"Valparaíso","Caquetá",2006,"Congreso",NA,NA,NA,NA,2545,2864,5409,16
"9121",18860,44040,"Valparaíso","Caquetá",2006,"Congreso",NA,NA,NA,"PLAYA RICA",116,178,294,1
"9122",18860,44040,"Valparaíso","Caquetá",2006,"Congreso",NA,NA,NA,"SANTIAGO DE LA SELVA",245,416,661,2
"9123",85001,46001,"Yopal","Casanare",2006,"Congreso",NA,NA,NA,"COLEGIO PANAMERICANO",3317,4014,7331,22
"9124",85001,46001,"Yopal","Casanare",2006,"Congreso",NA,NA,NA,"CONC. CARLOS LLERAS RESTREPO",4328,3086,7414,22
"9125",85001,46001,"Yopal","Casanare",2006,"Congreso",NA,NA,NA,"CONC. LUCILA PIRAGAUTA",2124,2507,4631,14
"9126",85001,46001,"Yopal","Casanare",2006,"Congreso",NA,NA,NA,"CONC. LA CAMPI/A",4694,3980,8674,26
"9127",85001,46001,"Yopal","Casanare",2006,"Congreso",NA,NA,NA,"UNIVERSIDAD UNITROPICO",1987,1656,3643,11
"9128",85001,46001,"Yopal","Casanare",2006,"Congreso",NA,NA,NA,"PUESTO CENSO",10515,9451,19966,26
"9129",85001,46001,"Yopal","Casanare",2006,"Congreso",NA,NA,NA,"CARCEL MUNICIPAL",8,65,73,1
"9130",85001,46001,"Yopal","Casanare",2006,"Congreso",NA,NA,NA,"PUNTO NUEVO",190,222,412,2
"9131",85001,46001,"Yopal","Casanare",2006,"Congreso",NA,NA,NA,"MATELIMON",152,222,374,2
"9132",85001,46001,"Yopal","Casanare",2006,"Congreso",NA,NA,NA,"EL CHARTE",234,284,518,2
"9133",85001,46001,"Yopal","Casanare",2006,"Congreso",NA,NA,NA,"EL MORRO",524,866,1390,5
"9134",85001,46001,"Yopal","Casanare",2006,"Congreso",NA,NA,NA,"LA CHAPARRERA",627,706,1333,4
"9135",85001,46001,"Yopal","Casanare",2006,"Congreso",NA,NA,NA,"MORICHAL",413,475,888,3
"9136",85001,46001,"Yopal","Casanare",2006,"Congreso",NA,NA,NA,"QUEBRADASECA",84,105,189,1
"9137",85001,46001,"Yopal","Casanare",2006,"Congreso",NA,NA,NA,"TACARIMENA",202,275,477,2
"9138",85001,46001,"Yopal","Casanare",2006,"Congreso",NA,NA,NA,"TILODIRAN",289,391,680,2
"9139",85010,46040,"Aguazul","Casanare",2006,"Congreso",NA,NA,NA,NA,7964,8106,16070,47
"9140",85010,46040,"Aguazul","Casanare",2006,"Congreso",NA,NA,NA,"BELLAVISTA",103,120,223,1
"9141",85010,46040,"Aguazul","Casanare",2006,"Congreso",NA,NA,NA,"CUNAMA",42,60,102,1
"9142",85010,46040,"Aguazul","Casanare",2006,"Congreso",NA,NA,NA,"CUPIAGUA",228,287,515,2
"9143",85010,46040,"Aguazul","Casanare",2006,"Congreso",NA,NA,NA,"GUADALCANAL",57,69,126,1
"9144",85010,46040,"Aguazul","Casanare",2006,"Congreso",NA,NA,NA,"LA TURUA",178,243,421,2
"9145",85010,46040,"Aguazul","Casanare",2006,"Congreso",NA,NA,NA,"MONTERRALO",141,175,316,1
"9146",85010,46040,"Aguazul","Casanare",2006,"Congreso",NA,NA,NA,"SAN JOSE DEL BUBUY",140,170,310,1
"9147",85010,46040,"Aguazul","Casanare",2006,"Congreso",NA,NA,NA,"SAN MIGUEL DE FARALLONES",65,84,149,1
"9148",85010,46040,"Aguazul","Casanare",2006,"Congreso",NA,NA,NA,"UNETE",71,100,171,1
"9149",85015,46120,"Chameza","Casanare",2006,"Congreso",NA,NA,NA,NA,423,559,982,3
"9150",85125,46320,"Hato Corozal","Casanare",2006,"Congreso",NA,NA,NA,NA,1345,1460,2805,9
"9151",85125,46320,"Hato Corozal","Casanare",2006,"Congreso",NA,NA,NA,"BERLIN",43,58,101,1
"9152",85125,46320,"Hato Corozal","Casanare",2006,"Congreso",NA,NA,NA,"CHIRE",52,61,113,1
"9153",85125,46320,"Hato Corozal","Casanare",2006,"Congreso",NA,NA,NA,"CORRALITO",55,95,150,1
"9154",85125,46320,"Hato Corozal","Casanare",2006,"Congreso",NA,NA,NA,"EL GUAFAL",30,57,87,1
"9155",85125,46320,"Hato Corozal","Casanare",2006,"Congreso",NA,NA,NA,"LA FRONTERA (LA CHAPA)",68,95,163,1
"9156",85125,46320,"Hato Corozal","Casanare",2006,"Congreso",NA,NA,NA,"LAS CAMELIAS",30,41,71,1
"9157",85125,46320,"Hato Corozal","Casanare",2006,"Congreso",NA,NA,NA,"LAS TAPIAS",20,50,70,1
"9158",85125,46320,"Hato Corozal","Casanare",2006,"Congreso",NA,NA,NA,"MANARE",27,28,55,1
"9159",85125,46320,"Hato Corozal","Casanare",2006,"Congreso",NA,NA,NA,"PASO REAL DE ARIPORO",22,35,57,1
"9160",85125,46320,"Hato Corozal","Casanare",2006,"Congreso",NA,NA,NA,"PUERTO COLOMBIA",66,117,183,1
"9161",85125,46320,"Hato Corozal","Casanare",2006,"Congreso",NA,NA,NA,"RESGUARDO CA/O MOCHUELO",153,194,347,2
"9162",85125,46320,"Hato Corozal","Casanare",2006,"Congreso",NA,NA,NA,"SAN JOSE DE ARIPORO",85,123,208,1
"9163",85125,46320,"Hato Corozal","Casanare",2006,"Congreso",NA,NA,NA,"SAN NICOLAS",42,69,111,1
"9164",85125,46320,"Hato Corozal","Casanare",2006,"Congreso",NA,NA,NA,"SAN SALVADOR",41,79,120,1
"9165",85125,46320,"Hato Corozal","Casanare",2006,"Congreso",NA,NA,NA,"SANTA BARBARA",39,84,123,1
"9166",85125,46320,"Hato Corozal","Casanare",2006,"Congreso",NA,NA,NA,"SANTA RITA",66,78,144,1
"9167",85136,46480,"La Salina","Casanare",2006,"Congreso",NA,NA,NA,NA,269,307,576,2
"9168",85139,46520,"Maní","Casanare",2006,"Congreso",NA,NA,NA,NA,2515,2642,5157,15
"9169",85139,46520,"Maní","Casanare",2006,"Congreso",NA,NA,NA,"CHAVINABE",47,60,107,1
"9170",85139,46520,"Maní","Casanare",2006,"Congreso",NA,NA,NA,"FRONTERAS",13,21,34,1
"9171",85139,46520,"Maní","Casanare",2006,"Congreso",NA,NA,NA,"GUAFALPINTADO",46,61,107,1
"9172",85139,46520,"Maní","Casanare",2006,"Congreso",NA,NA,NA,"LA POYATA",66,119,185,1
"9173",85139,46520,"Maní","Casanare",2006,"Congreso",NA,NA,NA,"LA GLORIA (VENTANAS)",2,7,9,1
"9174",85139,46520,"Maní","Casanare",2006,"Congreso",NA,NA,NA,"LAS GAVIOTAS",40,74,114,1
"9175",85139,46520,"Maní","Casanare",2006,"Congreso",NA,NA,NA,"PASO REAL DE GUARIAMENA",38,49,87,1
"9176",85139,46520,"Maní","Casanare",2006,"Congreso",NA,NA,NA,"SAN JOAQUIN DE GARIBAY",46,71,117,1
"9177",85139,46520,"Maní","Casanare",2006,"Congreso",NA,NA,NA,"STA ELENA DE CUSIVA",127,160,287,1
"9178",85162,46540,"Monterrey","Casanare",2006,"Congreso",NA,NA,NA,NA,3117,3019,6136,18
"9179",85162,46540,"Monterrey","Casanare",2006,"Congreso",NA,NA,NA,"CARCEL",0,10,10,1
"9180",85162,46540,"Monterrey","Casanare",2006,"Congreso",NA,NA,NA,"BRISAS DEL LLANO",73,106,179,1
"9181",85162,46540,"Monterrey","Casanare",2006,"Congreso",NA,NA,NA,"EL PORVENIR",75,109,184,1
"9182",85162,46540,"Monterrey","Casanare",2006,"Congreso",NA,NA,NA,"LA ORQUETA",54,84,138,1
"9183",85162,46540,"Monterrey","Casanare",2006,"Congreso",NA,NA,NA,"PALO NEGRO",39,61,100,1
"9184",85162,46540,"Monterrey","Casanare",2006,"Congreso",NA,NA,NA,"VILLA CAROLA",158,199,357,2
"9185",85225,46560,"Nunchía","Casanare",2006,"Congreso",NA,NA,NA,NA,1099,1196,2295,7
"9186",85225,46560,"Nunchía","Casanare",2006,"Congreso",NA,NA,NA,"BARBACOAS",57,58,115,1
"9187",85225,46560,"Nunchía","Casanare",2006,"Congreso",NA,NA,NA,"BARRANQUILLA",114,183,297,1
"9188",85225,46560,"Nunchía","Casanare",2006,"Congreso",NA,NA,NA,"COREA",52,83,135,1
"9189",85225,46560,"Nunchía","Casanare",2006,"Congreso",NA,NA,NA,"EL AMPARO",3,5,8,1
"9190",85225,46560,"Nunchía","Casanare",2006,"Congreso",NA,NA,NA,"EL CAUCHO",82,107,189,1
"9191",85225,46560,"Nunchía","Casanare",2006,"Congreso",NA,NA,NA,"EL CONCHAL",47,70,117,1
"9192",85225,46560,"Nunchía","Casanare",2006,"Congreso",NA,NA,NA,"EL CAZADERO",70,81,151,1
"9193",85225,46560,"Nunchía","Casanare",2006,"Congreso",NA,NA,NA,"EL PRETEXTO",105,154,259,1
"9194",85225,46560,"Nunchía","Casanare",2006,"Congreso",NA,NA,NA,"EL VELADERO",0,4,4,1
"9195",85225,46560,"Nunchía","Casanare",2006,"Congreso",NA,NA,NA,"GUANAPALO",5,7,12,1
"9196",85225,46560,"Nunchía","Casanare",2006,"Congreso",NA,NA,NA,"LA PALMIRA",56,85,141,1
"9197",85225,46560,"Nunchía","Casanare",2006,"Congreso",NA,NA,NA,"PEDREGAL",104,137,241,1
"9198",85225,46560,"Nunchía","Casanare",2006,"Congreso",NA,NA,NA,"PUERTO TOCARIA",327,474,801,3
"9199",85225,46560,"Nunchía","Casanare",2006,"Congreso",NA,NA,NA,"SIRIVANA",59,85,144,1
"9200",85225,46560,"Nunchía","Casanare",2006,"Congreso",NA,NA,NA,"VIZERTA",54,79,133,1
"9201",85230,46640,"Orocué","Casanare",2006,"Congreso",NA,NA,NA,NA,1874,2115,3989,12
"9202",85230,46640,"Orocué","Casanare",2006,"Congreso",NA,NA,NA,"BANCO LARGO",44,69,113,1
"9203",85230,46640,"Orocué","Casanare",2006,"Congreso",NA,NA,NA,"BOCAS DEL CRAVO",54,84,138,1
"9204",85230,46640,"Orocué","Casanare",2006,"Congreso",NA,NA,NA,"CHURRUBAY",79,96,175,1
"9205",85230,46640,"Orocué","Casanare",2006,"Congreso",NA,NA,NA,"EL ALGARROBO (CRAVOSUR)",351,406,757,3
"9206",85230,46640,"Orocué","Casanare",2006,"Congreso",NA,NA,NA,"EL DUYA",24,36,60,1
"9207",85230,46640,"Orocué","Casanare",2006,"Congreso",NA,NA,NA,"TUJUA",48,66,114,1
"9208",85250,46680,"Paz de Ariporo","Casanare",2006,"Congreso",NA,NA,NA,NA,6154,5785,11939,35
"9209",85250,46680,"Paz de Ariporo","Casanare",2006,"Congreso",NA,NA,NA,"CARCEL",3,31,34,1
"9210",85250,46680,"Paz de Ariporo","Casanare",2006,"Congreso",NA,NA,NA,"BOCAS DE LA HERMOSA",117,208,325,1
"9211",85250,46680,"Paz de Ariporo","Casanare",2006,"Congreso",NA,NA,NA,"CA/O CHIQUITO",188,270,458,2
"9212",85250,46680,"Paz de Ariporo","Casanare",2006,"Congreso",NA,NA,NA,"LAS GUAMAS",221,315,536,2
"9213",85250,46680,"Paz de Ariporo","Casanare",2006,"Congreso",NA,NA,NA,"MORENO",342,420,762,3
"9214",85250,46680,"Paz de Ariporo","Casanare",2006,"Congreso",NA,NA,NA,"MONTA/A DEL TOTUMO",289,466,755,3
"9215",85263,46700,"Pore","Casanare",2006,"Congreso",NA,NA,NA,NA,1562,1553,3115,10
"9216",85263,46700,"Pore","Casanare",2006,"Congreso",NA,NA,NA,"EL BANCO",176,216,392,2
"9217",85263,46700,"Pore","Casanare",2006,"Congreso",NA,NA,NA,"LA PLATA",163,223,386,2
"9218",85279,46760,"Recetor","Casanare",2006,"Congreso",NA,NA,NA,NA,238,335,573,2
"9219",85279,46760,"Recetor","Casanare",2006,"Congreso",NA,NA,NA,"LOS ALPES",51,87,138,1
"9220",85279,46760,"Recetor","Casanare",2006,"Congreso",NA,NA,NA,"PUEBLO NUEVO",81,120,201,1
"9221",85300,46800,"Sabanalarga","Casanare",2006,"Congreso",NA,NA,NA,NA,826,880,1706,5
"9222",85300,46800,"Sabanalarga","Casanare",2006,"Congreso",NA,NA,NA,"AGUACLARA",186,220,406,2
"9223",85300,46800,"Sabanalarga","Casanare",2006,"Congreso",NA,NA,NA,"EL SECRETO",85,103,188,1
"9224",85315,46815,"Sácama","Casanare",2006,"Congreso",NA,NA,NA,NA,495,697,1192,4
"9225",85325,46830,"San Luis de Palenque","Casanare",2006,"Congreso",NA,NA,NA,NA,1214,1319,2533,8
"9226",85325,46830,"San Luis de Palenque","Casanare",2006,"Congreso",NA,NA,NA,"MIRAMAR DE GUANAPALO (BOCAS D",68,127,195,1
"9227",85325,46830,"San Luis de Palenque","Casanare",2006,"Congreso",NA,NA,NA,"GAVIOTAS QUITEVE",60,67,127,1
"9228",85325,46830,"San Luis de Palenque","Casanare",2006,"Congreso",NA,NA,NA,"JAGUEYES",48,72,120,1
"9229",85325,46830,"San Luis de Palenque","Casanare",2006,"Congreso",NA,NA,NA,"LA VENTUROSA",116,178,294,1
"9230",85325,46830,"San Luis de Palenque","Casanare",2006,"Congreso",NA,NA,NA,"RIVERITA",83,110,193,1
"9231",85325,46830,"San Luis de Palenque","Casanare",2006,"Congreso",NA,NA,NA,"SAN FRANCISCO",72,92,164,1
"9232",85325,46830,"San Luis de Palenque","Casanare",2006,"Congreso",NA,NA,NA,"SAN RAFAEL DE GUANAPALO",96,120,216,1
"9233",85325,46830,"San Luis de Palenque","Casanare",2006,"Congreso",NA,NA,NA,"SIRIVANA ALGODONALE",23,37,60,1
"9234",85400,46840,"Támara","Casanare",2006,"Congreso",NA,NA,NA,NA,1245,1294,2539,8
"9235",85400,46840,"Támara","Casanare",2006,"Congreso",NA,NA,NA,"EL ARIPORO",63,80,143,1
"9236",85400,46840,"Támara","Casanare",2006,"Congreso",NA,NA,NA,"LA FLORIDA",33,44,77,1
"9237",85400,46840,"Támara","Casanare",2006,"Congreso",NA,NA,NA,"TABLON DE TAMARA",105,115,220,1
"9238",85400,46840,"Támara","Casanare",2006,"Congreso",NA,NA,NA,"TABLONCITO",101,131,232,1
"9239",85400,46840,"Támara","Casanare",2006,"Congreso",NA,NA,NA,"TEN (TEISLANDIA)",104,142,246,1
"9240",85410,46850,"Tauramena","Casanare",2006,"Congreso",NA,NA,NA,NA,3591,3790,7381,22
"9241",85410,46850,"Tauramena","Casanare",2006,"Congreso",NA,NA,NA,"CARUPANA",59,109,168,1
"9242",85410,46850,"Tauramena","Casanare",2006,"Congreso",NA,NA,NA,"COROCITO",84,124,208,1
"9243",85410,46850,"Tauramena","Casanare",2006,"Congreso",NA,NA,NA,"PASO CUSIANA",222,303,525,2
"9244",85410,46850,"Tauramena","Casanare",2006,"Congreso",NA,NA,NA,"EL RAIZAL",107,171,278,1
"9245",85410,46850,"Tauramena","Casanare",2006,"Congreso",NA,NA,NA,"LA URAMA",74,113,187,1
"9246",85430,46865,"Trinidad","Casanare",2006,"Congreso",NA,NA,NA,NA,2304,2411,4715,14
"9247",85430,46865,"Trinidad","Casanare",2006,"Congreso",NA,NA,NA,"BELGICA",53,74,127,1
"9248",85430,46865,"Trinidad","Casanare",2006,"Congreso",NA,NA,NA,"BOCAS DEL PAUTO",261,342,603,2
"9249",85430,46865,"Trinidad","Casanare",2006,"Congreso",NA,NA,NA,"CAIMAN",37,46,83,1
"9250",85430,46865,"Trinidad","Casanare",2006,"Congreso",NA,NA,NA,"GUAMAL",119,158,277,1
"9251",85430,46865,"Trinidad","Casanare",2006,"Congreso",NA,NA,NA,"PASO REAL DE LA SOLEDAD",46,76,122,1
"9252",85430,46865,"Trinidad","Casanare",2006,"Congreso",NA,NA,NA,"EL CONVENTO",156,192,348,2
"9253",85430,46865,"Trinidad","Casanare",2006,"Congreso",NA,NA,NA,"LOS CHOCHOS",47,92,139,1
"9254",85430,46865,"Trinidad","Casanare",2006,"Congreso",NA,NA,NA,"SANTA IRENE",101,122,223,1
"9255",85430,46865,"Trinidad","Casanare",2006,"Congreso",NA,NA,NA,"SAN VICENTE",41,57,98,1
"9256",85440,46880,"Villanueva","Casanare",2006,"Congreso",NA,NA,NA,NA,5720,5744,11464,34
"9257",85440,46880,"Villanueva","Casanare",2006,"Congreso",NA,NA,NA,"CARIBAYONA",60,97,157,1
"9258",85440,46880,"Villanueva","Casanare",2006,"Congreso",NA,NA,NA,"SAN AGUSTIN",141,165,306,1
"9259",85440,46880,"Villanueva","Casanare",2006,"Congreso",NA,NA,NA,"SANTA HELENA DE UPIA",100,164,264,1
"9260",44001,48001,"Riohacha","La Guajira",2006,"Congreso",NA,NA,NA,"INST. EDUC. DIVINA PASTORA",2509,2528,5037,15
"9261",44001,48001,"Riohacha","La Guajira",2006,"Congreso",NA,NA,NA,"INST. EDUC. EUSEBIO SEPTIMIO",564,412,976,3
"9262",44001,48001,"Riohacha","La Guajira",2006,"Congreso",NA,NA,NA,"INST. EDUC. ALMIRANTE PADILLA",6889,5636,12525,37
"9263",44001,48001,"Riohacha","La Guajira",2006,"Congreso",NA,NA,NA,"INST. EDUC. NTRA SRA REMEDIOS",2041,2946,4987,15
"9264",44001,48001,"Riohacha","La Guajira",2006,"Congreso",NA,NA,NA,"INST. EDUC. JOSE ANTONIO GALA",1686,1233,2919,9
"9265",44001,48001,"Riohacha","La Guajira",2006,"Congreso",NA,NA,NA,"INST. EDUC. NTRA SEÑORA FATIM",205,123,328,1
"9266",44001,48001,"Riohacha","La Guajira",2006,"Congreso",NA,NA,NA,"INSTITUCION EDUCATIVA I.P.C",3026,2679,5705,17
"9267",44001,48001,"Riohacha","La Guajira",2006,"Congreso",NA,NA,NA,"INS. EDUC. ISABEL MARIA CUEST",3575,2955,6530,19
"9268",44001,48001,"Riohacha","La Guajira",2006,"Congreso",NA,NA,NA,"INST.EDUC. ECOLOGICA EL CARME",1179,945,2124,7
"9269",44001,48001,"Riohacha","La Guajira",2006,"Congreso",NA,NA,NA,"INST. EDUC. MARIA DORALIZA,",4294,3537,7831,23
"9270",44001,48001,"Riohacha","La Guajira",2006,"Congreso",NA,NA,NA,"HOGAR MULTIPLE SAN JUDAS TADE",1207,903,2110,7
"9271",44001,48001,"Riohacha","La Guajira",2006,"Congreso",NA,NA,NA,"PUESTO CENSO",6439,5409,11848,15
"9272",44001,48001,"Riohacha","La Guajira",2006,"Congreso",NA,NA,NA,"CARCEL",2,64,66,1
"9273",44001,48001,"Riohacha","La Guajira",2006,"Congreso",NA,NA,NA,"ARROYO ARENA",63,100,163,1
"9274",44001,48001,"Riohacha","La Guajira",2006,"Congreso",NA,NA,NA,"BARBACOAS",184,256,440,2
"9275",44001,48001,"Riohacha","La Guajira",2006,"Congreso",NA,NA,NA,"BOCA DE CAMARONES",185,173,358,2
"9276",44001,48001,"Riohacha","La Guajira",2006,"Congreso",NA,NA,NA,"CAMARONES",810,831,1641,5
"9277",44001,48001,"Riohacha","La Guajira",2006,"Congreso",NA,NA,NA,"CACAGUALITO",55,116,171,1
"9278",44001,48001,"Riohacha","La Guajira",2006,"Congreso",NA,NA,NA,"CERRILLO",92,98,190,1
"9279",44001,48001,"Riohacha","La Guajira",2006,"Congreso",NA,NA,NA,"COTOPRIX",512,627,1139,4
"9280",44001,48001,"Riohacha","La Guajira",2006,"Congreso",NA,NA,NA,"CUCURUMANA",432,320,752,3
"9281",44001,48001,"Riohacha","La Guajira",2006,"Congreso",NA,NA,NA,"CHOLES",122,166,288,1
"9282",44001,48001,"Riohacha","La Guajira",2006,"Congreso",NA,NA,NA,"EL ABRA",152,173,325,1
"9283",44001,48001,"Riohacha","La Guajira",2006,"Congreso",NA,NA,NA,"GALAN",303,366,669,2
"9284",44001,48001,"Riohacha","La Guajira",2006,"Congreso",NA,NA,NA,"LA GLORIA",50,122,172,1
"9285",44001,48001,"Riohacha","La Guajira",2006,"Congreso",NA,NA,NA,"JUAN Y MEDIO",97,132,229,1
"9286",44001,48001,"Riohacha","La Guajira",2006,"Congreso",NA,NA,NA,"LAS PALMAS",142,233,375,2
"9287",44001,48001,"Riohacha","La Guajira",2006,"Congreso",NA,NA,NA,"LOS MORENEROS",71,94,165,1
"9288",44001,48001,"Riohacha","La Guajira",2006,"Congreso",NA,NA,NA,"VILLA MARTIN (MACHOBAYO)",360,507,867,3
"9289",44001,48001,"Riohacha","La Guajira",2006,"Congreso",NA,NA,NA,"MATITAS",343,420,763,3
"9290",44001,48001,"Riohacha","La Guajira",2006,"Congreso",NA,NA,NA,"MONGUI",455,576,1031,3
"9291",44001,48001,"Riohacha","La Guajira",2006,"Congreso",NA,NA,NA,"PELECHUA",154,250,404,2
"9292",44001,48001,"Riohacha","La Guajira",2006,"Congreso",NA,NA,NA,"TIGRERAS",466,639,1105,4
"9293",44001,48001,"Riohacha","La Guajira",2006,"Congreso",NA,NA,NA,"TOMARRAZON",443,521,964,3
"9294",44001,48001,"Riohacha","La Guajira",2006,"Congreso",NA,NA,NA,"PERICO",172,193,365,2
"9295",44035,48002,"Albania","La Guajira",2006,"Congreso",NA,NA,NA,NA,3154,3244,6398,19
"9296",44035,48002,"Albania","La Guajira",2006,"Congreso",NA,NA,NA,"CUESTECITA",650,832,1482,5
"9297",44035,48002,"Albania","La Guajira",2006,"Congreso",NA,NA,NA,"HUARE HUAREN",542,448,990,3
"9298",44035,48002,"Albania","La Guajira",2006,"Congreso",NA,NA,NA,"LOS REMEDIOS",257,466,723,3
"9299",44035,48002,"Albania","La Guajira",2006,"Congreso",NA,NA,NA,"PORCIOSA",260,285,545,2
"9300",44078,48004,"Barrancas","La Guajira",2006,"Congreso",NA,NA,NA,NA,5340,5129,10469,31
"9301",44078,48004,"Barrancas","La Guajira",2006,"Congreso",NA,NA,NA,"CARRETALITO",377,426,803,3
"9302",44078,48004,"Barrancas","La Guajira",2006,"Congreso",NA,NA,NA,"GUAYACANAL",249,307,556,2
"9303",44078,48004,"Barrancas","La Guajira",2006,"Congreso",NA,NA,NA,"LAGUNITA",76,117,193,1
"9304",44078,48004,"Barrancas","La Guajira",2006,"Congreso",NA,NA,NA,"OREGANAL",357,451,808,3
"9305",44078,48004,"Barrancas","La Guajira",2006,"Congreso",NA,NA,NA,"PAPAYAL",928,1044,1972,6
"9306",44078,48004,"Barrancas","La Guajira",2006,"Congreso",NA,NA,NA,"POZOHONDO",296,340,636,2
"9307",44078,48004,"Barrancas","La Guajira",2006,"Congreso",NA,NA,NA,"ROCHE",316,381,697,3
"9308",44078,48004,"Barrancas","La Guajira",2006,"Congreso",NA,NA,NA,"SAN PEDRO",183,296,479,2
"9309",44090,48005,"Dibulla","La Guajira",2006,"Congreso",NA,NA,NA,NA,2027,1970,3997,12
"9310",44090,48005,"Dibulla","La Guajira",2006,"Congreso",NA,NA,NA,"CAMPANA NUEVO",235,320,555,2
"9311",44090,48005,"Dibulla","La Guajira",2006,"Congreso",NA,NA,NA,"EL MINGUEO",1385,1880,3265,10
"9312",44090,48005,"Dibulla","La Guajira",2006,"Congreso",NA,NA,NA,"LA PUNTA DE LOS REMEDIOS",940,984,1924,6
"9313",44090,48005,"Dibulla","La Guajira",2006,"Congreso",NA,NA,NA,"LAS FLORES",366,460,826,3
"9314",44090,48005,"Dibulla","La Guajira",2006,"Congreso",NA,NA,NA,"PALOMINO",537,627,1164,4
"9315",44090,48005,"Dibulla","La Guajira",2006,"Congreso",NA,NA,NA,"RIO ANCHO",368,549,917,3
"9316",44090,48005,"Dibulla","La Guajira",2006,"Congreso",NA,NA,NA,"SAN ANTONIO(SIERRA NEVADA)",130,277,407,2
"9317",44110,48006,"El Molino","La Guajira",2006,"Congreso",NA,NA,NA,NA,2354,2521,4875,15
"9318",44279,48007,"Fonseca","La Guajira",2006,"Congreso",NA,NA,NA,NA,7237,6479,13716,40
"9319",44279,48007,"Fonseca","La Guajira",2006,"Congreso",NA,NA,NA,"BAGA/ITA",218,216,434,2
"9320",44279,48007,"Fonseca","La Guajira",2006,"Congreso",NA,NA,NA,"CARDONAL",75,98,173,1
"9321",44279,48007,"Fonseca","La Guajira",2006,"Congreso",NA,NA,NA,"CONEJO",436,577,1013,3
"9322",44279,48007,"Fonseca","La Guajira",2006,"Congreso",NA,NA,NA,"EL CONFUSO",43,71,114,1
"9323",44279,48007,"Fonseca","La Guajira",2006,"Congreso",NA,NA,NA,"EL HATICO",449,489,938,3
"9324",44279,48007,"Fonseca","La Guajira",2006,"Congreso",NA,NA,NA,"LOS ALTOS",117,172,289,1
"9325",44279,48007,"Fonseca","La Guajira",2006,"Congreso",NA,NA,NA,"SITIO NUEVO",106,129,235,1
"9326",44279,48007,"Fonseca","La Guajira",2006,"Congreso",NA,NA,NA,"QUEBRACHAL",93,142,235,1
"9327",44098,48008,"Distracción","La Guajira",2006,"Congreso",NA,NA,NA,NA,1781,1658,3439,10
"9328",44098,48008,"Distracción","La Guajira",2006,"Congreso",NA,NA,NA,"BUENAVISTA",509,416,925,3
"9329",44098,48008,"Distracción","La Guajira",2006,"Congreso",NA,NA,NA,"CHORRERAS",346,325,671,2
"9330",44098,48008,"Distracción","La Guajira",2006,"Congreso",NA,NA,NA,"DOS CAMINOS",41,114,155,1
"9331",44098,48008,"Distracción","La Guajira",2006,"Congreso",NA,NA,NA,"LA CEIBA",177,218,395,2
"9332",44098,48008,"Distracción","La Guajira",2006,"Congreso",NA,NA,NA,"LA DUDA",87,101,188,1
"9333",44098,48008,"Distracción","La Guajira",2006,"Congreso",NA,NA,NA,"LOS HORNITOS",96,87,183,1
"9334",44378,48009,"Hatonuevo","La Guajira",2006,"Congreso",NA,NA,NA,NA,4464,4911,9375,28
"9335",44378,48009,"Hatonuevo","La Guajira",2006,"Congreso",NA,NA,NA,"TABACO",21,11,32,1
"9336",44430,48010,"Maicao","La Guajira",2006,"Congreso",NA,NA,NA,"ESC. JOSE DOMINGO BOSCAN",3466,3006,6472,19
"9337",44430,48010,"Maicao","La Guajira",2006,"Congreso",NA,NA,NA,"ESCUELA EL CARMEN",3969,3081,7050,21
"9338",44430,48010,"Maicao","La Guajira",2006,"Congreso",NA,NA,NA,"ESC. JUAN XXIII",3250,2783,6033,18
"9339",44430,48010,"Maicao","La Guajira",2006,"Congreso",NA,NA,NA,"ESCUELA LOMA FRESCA",1647,2805,4452,13
"9340",44430,48010,"Maicao","La Guajira",2006,"Congreso",NA,NA,NA,"ESC. INMACULADA",6243,5042,11285,33
"9341",44430,48010,"Maicao","La Guajira",2006,"Congreso",NA,NA,NA,"COL. STA. CATALINA DE SIENA",3624,3148,6772,20
"9342",44430,48010,"Maicao","La Guajira",2006,"Congreso",NA,NA,NA,"UNIV. LA GUAJIRA",2996,2648,5644,17
"9343",44430,48010,"Maicao","La Guajira",2006,"Congreso",NA,NA,NA,"ESCUELA MIXTA SAN MARTIN",869,3865,4734,14
"9344",44430,48010,"Maicao","La Guajira",2006,"Congreso",NA,NA,NA,"PUESTO CENSO",8204,7042,15246,20
"9345",44430,48010,"Maicao","La Guajira",2006,"Congreso",NA,NA,NA,"CARCEL MUNICIPAL",1,6,7,1
"9346",44430,48010,"Maicao","La Guajira",2006,"Congreso",NA,NA,NA,"CARRAIPIA",663,803,1466,5
"9347",44430,48010,"Maicao","La Guajira",2006,"Congreso",NA,NA,NA,"EL LIMONCITO",915,819,1734,6
"9348",44430,48010,"Maicao","La Guajira",2006,"Congreso",NA,NA,NA,"IPAPURE",580,403,983,3
"9349",44430,48010,"Maicao","La Guajira",2006,"Congreso",NA,NA,NA,"LA PAZ",590,637,1227,4
"9350",44430,48010,"Maicao","La Guajira",2006,"Congreso",NA,NA,NA,"MAJUYURA",1062,1359,2421,8
"9351",44430,48010,"Maicao","La Guajira",2006,"Congreso",NA,NA,NA,"MAKU",150,129,279,1
"9352",44430,48010,"Maicao","La Guajira",2006,"Congreso",NA,NA,NA,"PARAGUACHON",1262,1144,2406,7
"9353",44430,48010,"Maicao","La Guajira",2006,"Congreso",NA,NA,NA,"SANTA CRUZ",196,213,409,2
"9354",44430,48010,"Maicao","La Guajira",2006,"Congreso",NA,NA,NA,"YOTOJOROY",627,709,1336,4
"9355",44560,48011,"Manaure","La Guajira",2006,"Congreso",NA,NA,NA,"INST. EDUC. URBANA MIXTA 1",132,4313,4445,13
"9356",44560,48011,"Manaure","La Guajira",2006,"Congreso",NA,NA,NA,"CTRO EDUC. SAGRADO CORAZON",3520,975,4495,14
"9357",44560,48011,"Manaure","La Guajira",2006,"Congreso",NA,NA,NA,"INST.EDUC.EUSEBIO SEPTIMO MAR",4492,360,4852,15
"9358",44560,48011,"Manaure","La Guajira",2006,"Congreso",NA,NA,NA,"CTRO EDUC.SANTA RITA DE CASSI",1579,3598,5177,16
"9359",44560,48011,"Manaure","La Guajira",2006,"Congreso",NA,NA,NA,"AREMASAIN",2009,1676,3685,11
"9360",44560,48011,"Manaure","La Guajira",2006,"Congreso",NA,NA,NA,"EL PAJARO",1302,1072,2374,7
"9361",44560,48011,"Manaure","La Guajira",2006,"Congreso",NA,NA,NA,"LA GLORIA",2188,1714,3902,12
"9362",44560,48011,"Manaure","La Guajira",2006,"Congreso",NA,NA,NA,"LA PAZ",517,378,895,3
"9363",44560,48011,"Manaure","La Guajira",2006,"Congreso",NA,NA,NA,"MANZANA",628,459,1087,4
"9364",44560,48011,"Manaure","La Guajira",2006,"Congreso",NA,NA,NA,"MAYAPO",520,545,1065,4
"9365",44560,48011,"Manaure","La Guajira",2006,"Congreso",NA,NA,NA,"MUSICHY",819,714,1533,5
"9366",44560,48011,"Manaure","La Guajira",2006,"Congreso",NA,NA,NA,"SAN ANTONIO",563,479,1042,4
"9367",44560,48011,"Manaure","La Guajira",2006,"Congreso",NA,NA,NA,"SHIRURIA",1066,866,1932,6
"9368",44420,48012,"La Jagua del Pilar","La Guajira",2006,"Congreso",NA,NA,NA,NA,787,818,1605,5
"9369",44420,48012,"La Jagua del Pilar","La Guajira",2006,"Congreso",NA,NA,NA,"EL PLAN",120,190,310,1
"9370",44650,48013,"San Juan del Cesar","La Guajira",2006,"Congreso",NA,NA,NA,NA,8204,7261,15465,45
"9371",44650,48013,"San Juan del Cesar","La Guajira",2006,"Congreso",NA,NA,NA,"CA/AVERALES",341,401,742,3
"9372",44650,48013,"San Juan del Cesar","La Guajira",2006,"Congreso",NA,NA,NA,"CARACOLI",209,385,594,2
"9373",44650,48013,"San Juan del Cesar","La Guajira",2006,"Congreso",NA,NA,NA,"CORRAL DE PIEDRAS",141,162,303,1
"9374",44650,48013,"San Juan del Cesar","La Guajira",2006,"Congreso",NA,NA,NA,"CORRALEJA",153,197,350,2
"9375",44650,48013,"San Juan del Cesar","La Guajira",2006,"Congreso",NA,NA,NA,"CURAZAO",118,139,257,1
"9376",44650,48013,"San Juan del Cesar","La Guajira",2006,"Congreso",NA,NA,NA,"EL HATICO DE LOS INDIOS",86,113,199,1
"9377",44650,48013,"San Juan del Cesar","La Guajira",2006,"Congreso",NA,NA,NA,"EL TABLAZO",151,207,358,2
"9378",44650,48013,"San Juan del Cesar","La Guajira",2006,"Congreso",NA,NA,NA,"EL TOTUMO",94,99,193,1
"9379",44650,48013,"San Juan del Cesar","La Guajira",2006,"Congreso",NA,NA,NA,"GUAYACANAL",99,120,219,1
"9380",44650,48013,"San Juan del Cesar","La Guajira",2006,"Congreso",NA,NA,NA,"GUAMACHAL",17,30,47,1
"9381",44650,48013,"San Juan del Cesar","La Guajira",2006,"Congreso",NA,NA,NA,"LA JUNTA",408,388,796,3
"9382",44650,48013,"San Juan del Cesar","La Guajira",2006,"Congreso",NA,NA,NA,"LA PE/A",198,221,419,2
"9383",44650,48013,"San Juan del Cesar","La Guajira",2006,"Congreso",NA,NA,NA,"LA PE/A DE LOS INDIOS",119,179,298,1
"9384",44650,48013,"San Juan del Cesar","La Guajira",2006,"Congreso",NA,NA,NA,"LA SIERRITA",37,48,85,1
"9385",44650,48013,"San Juan del Cesar","La Guajira",2006,"Congreso",NA,NA,NA,"LAGUNITA - TOCAPALMA",63,71,134,1
"9386",44650,48013,"San Juan del Cesar","La Guajira",2006,"Congreso",NA,NA,NA,"LOS CARDONES",39,49,88,1
"9387",44650,48013,"San Juan del Cesar","La Guajira",2006,"Congreso",NA,NA,NA,"LOS HATICOS",223,260,483,2
"9388",44650,48013,"San Juan del Cesar","La Guajira",2006,"Congreso",NA,NA,NA,"LOS PONDORES",443,515,958,3
"9389",44650,48013,"San Juan del Cesar","La Guajira",2006,"Congreso",NA,NA,NA,"LOS POZOS",72,111,183,1
"9390",44650,48013,"San Juan del Cesar","La Guajira",2006,"Congreso",NA,NA,NA,"PONDORITO",94,123,217,1
"9391",44650,48013,"San Juan del Cesar","La Guajira",2006,"Congreso",NA,NA,NA,"VILLA DEL RIO",84,87,171,1
"9392",44650,48013,"San Juan del Cesar","La Guajira",2006,"Congreso",NA,NA,NA,"ZAMBRANO",55,90,145,1
"9393",44650,48013,"San Juan del Cesar","La Guajira",2006,"Congreso",NA,NA,NA,"POTRERITO",39,42,81,1
"9394",44650,48013,"San Juan del Cesar","La Guajira",2006,"Congreso",NA,NA,NA,"VERACRUZ",19,36,55,1
"9395",44847,48016,"Uribia","La Guajira",2006,"Congreso",NA,NA,NA,"ESCUELA FONSECA SIOSI",688,10377,11065,33
"9396",44847,48016,"Uribia","La Guajira",2006,"Congreso",NA,NA,NA,"ESCUELA MIXTA SAN JOSE",5428,520,5948,18
"9397",44847,48016,"Uribia","La Guajira",2006,"Congreso",NA,NA,NA,"COL. ALFONSO LOPEZ PUMAREJO",3352,3813,7165,21
"9398",44847,48016,"Uribia","La Guajira",2006,"Congreso",NA,NA,NA,"ESCUELA NORMAL",6200,313,6513,19
"9399",44847,48016,"Uribia","La Guajira",2006,"Congreso",NA,NA,NA,"BAHIA HONDA",1416,1218,2634,8
"9400",44847,48016,"Uribia","La Guajira",2006,"Congreso",NA,NA,NA,"CABO DE LA VELA",841,930,1771,6
"9401",44847,48016,"Uribia","La Guajira",2006,"Congreso",NA,NA,NA,"EL CARDON",1037,740,1777,6
"9402",44847,48016,"Uribia","La Guajira",2006,"Congreso",NA,NA,NA,"CARRIZAL",813,587,1400,5
"9403",44847,48016,"Uribia","La Guajira",2006,"Congreso",NA,NA,NA,"CASTILLETES",188,132,320,1
"9404",44847,48016,"Uribia","La Guajira",2006,"Congreso",NA,NA,NA,"CASUSO",623,539,1162,4
"9405",44847,48016,"Uribia","La Guajira",2006,"Congreso",NA,NA,NA,"EL PARAISO",697,517,1214,4
"9406",44847,48016,"Uribia","La Guajira",2006,"Congreso",NA,NA,NA,"GUARERPA",208,174,382,2
"9407",44847,48016,"Uribia","La Guajira",2006,"Congreso",NA,NA,NA,"IRRAIPA",834,619,1453,5
"9408",44847,48016,"Uribia","La Guajira",2006,"Congreso",NA,NA,NA,"JONJONCITO",1414,949,2363,7
"9409",44847,48016,"Uribia","La Guajira",2006,"Congreso",NA,NA,NA,"NAZARETH",1284,1004,2288,7
"9410",44847,48016,"Uribia","La Guajira",2006,"Congreso",NA,NA,NA,"PORSHINA",565,386,951,3
"9411",44847,48016,"Uribia","La Guajira",2006,"Congreso",NA,NA,NA,"PUERTO ESTRELLA",1299,960,2259,7
"9412",44847,48016,"Uribia","La Guajira",2006,"Congreso",NA,NA,NA,"PUERTO LOPEZ",671,455,1126,4
"9413",44847,48016,"Uribia","La Guajira",2006,"Congreso",NA,NA,NA,"PUNTA ESPADA",148,135,283,1
"9414",44847,48016,"Uribia","La Guajira",2006,"Congreso",NA,NA,NA,"GUIMPESI",1465,1027,2492,8
"9415",44847,48016,"Uribia","La Guajira",2006,"Congreso",NA,NA,NA,"SIAPANA",976,693,1669,5
"9416",44847,48016,"Uribia","La Guajira",2006,"Congreso",NA,NA,NA,"TAGUAIRA",1276,910,2186,7
"9417",44847,48016,"Uribia","La Guajira",2006,"Congreso",NA,NA,NA,"TAPARAJIN",918,641,1559,5
"9418",44847,48016,"Uribia","La Guajira",2006,"Congreso",NA,NA,NA,"TAROA",203,157,360,2
"9419",44847,48016,"Uribia","La Guajira",2006,"Congreso",NA,NA,NA,"URU",794,521,1315,4
"9420",44855,48018,"Urumita","La Guajira",2006,"Congreso",NA,NA,NA,NA,3138,3078,6216,19
"9421",44874,48020,"Villanueva","La Guajira",2006,"Congreso",NA,NA,NA,NA,6770,6186,12956,38
"9422",94001,50001,"Inírida","Guainía",2006,"Congreso",NA,NA,NA,NA,5460,6428,11888,35
"9423",94001,50001,"Inírida","Guainía",2006,"Congreso",NA,NA,NA,"CARCEL",0,16,16,1
"9424",94001,50001,"Inírida","Guainía",2006,"Congreso",NA,NA,NA,"BARRANCO TIGRE (YURI)",78,93,171,1
"9425",94001,50001,"Inírida","Guainía",2006,"Congreso",NA,NA,NA,"CHORROBOCON",91,99,190,1
"9426",94663,50050,"Mapiripana","Guainía",2006,"Congreso",NA,NA,NA,"Corregimiento Departamental",128,280,408,2
"9427",94663,50050,"Mapiripana","Guainía",2006,"Congreso",NA,NA,NA,"LA UNION",20,25,45,1
"9428",94343,50070,"Barranco Minas","Guainía",2006,"Congreso",NA,NA,NA,"Corregimiento Departamental",533,762,1295,4
"9429",94343,50070,"Barranco Minas","Guainía",2006,"Congreso",NA,NA,NA,"ARRECIFAL",70,90,160,1
"9430",94343,50070,"Barranco Minas","Guainía",2006,"Congreso",NA,NA,NA,"SAPUARA",15,23,38,1
"9431",94886,50073,"Cacahual","Guainía",2006,"Congreso",NA,NA,NA,"Corregimiento Departamental",136,197,333,1
"9432",94885,50078,"La Guadalupe","Guainía",2006,"Congreso",NA,NA,NA,"Corregimiento Departamental",9,23,32,1
"9433",94888,50083,"Morichal","Guainía",2006,"Congreso",NA,NA,NA,"Corregimiento Departamental",80,109,189,1
"9434",94887,50087,"Pana Pana","Guainía",2006,"Congreso",NA,NA,NA,"Corregimiento Departamental",19,25,44,1
"9435",94887,50087,"Pana Pana","Guainía",2006,"Congreso",NA,NA,NA,"BOCAS DEL YARI",0,0,0,0
"9436",94887,50087,"Pana Pana","Guainía",2006,"Congreso",NA,NA,NA,"VENADO ISANA",0,0,0,0
"9437",94884,50090,"Puerto Colombia","Guainía",2006,"Congreso",NA,NA,NA,"Corregimiento Departamental",218,240,458,2
"9438",94884,50090,"Puerto Colombia","Guainía",2006,"Congreso",NA,NA,NA,"CA/O COLORADO",120,146,266,1
"9439",94883,50092,"San Felipe","Guainía",2006,"Congreso",NA,NA,NA,"Corregimiento Departamental",254,273,527,2
"9440",50001,52001,"Villavicencio","Meta",2006,"Congreso",NA,NA,NA,"ESC. 12 DE OCTUBRE",4537,5203,9740,29
"9441",50001,52001,"Villavicencio","Meta",2006,"Congreso",NA,NA,NA,"ESC. GENERAL SANTANDER",2162,2375,4537,14
"9442",50001,52001,"Villavicencio","Meta",2006,"Congreso",NA,NA,NA,"COL. ANTONY PHIPPS",3157,2855,6012,18
"9443",50001,52001,"Villavicencio","Meta",2006,"Congreso",NA,NA,NA,"COL. ABRAHAM LINCOLN",3834,2945,6779,20
"9444",50001,52001,"Villavicencio","Meta",2006,"Congreso",NA,NA,NA,"COL. MIGUEL ANGEL MARTIN",2640,2020,4660,14
"9445",50001,52001,"Villavicencio","Meta",2006,"Congreso",NA,NA,NA,"ESC. ANTONIO RICAURTE",4800,4200,9000,27
"9446",50001,52001,"Villavicencio","Meta",2006,"Congreso",NA,NA,NA,"ESC. POLICARPA SALAVARRIETA",4120,920,5040,15
"9447",50001,52001,"Villavicencio","Meta",2006,"Congreso",NA,NA,NA,"COLEGIO SANTA INES",316,256,572,2
"9448",50001,52001,"Villavicencio","Meta",2006,"Congreso",NA,NA,NA,"ESC. ATANASIO GIRARDOT",253,352,605,2
"9449",50001,52001,"Villavicencio","Meta",2006,"Congreso",NA,NA,NA,"COL. ALBERTO LLERAS CAMARGO",751,457,1208,4
"9450",50001,52001,"Villavicencio","Meta",2006,"Congreso",NA,NA,NA,"COL. MANUELA BELTRAN",7351,5765,13116,39
"9451",50001,52001,"Villavicencio","Meta",2006,"Congreso",NA,NA,NA,"ESCUELA LAS CAMELIAS",2637,2119,4756,14
"9452",50001,52001,"Villavicencio","Meta",2006,"Congreso",NA,NA,NA,"ESCUELA NARCISO MATUS TORRES",3417,2581,5998,18
"9453",50001,52001,"Villavicencio","Meta",2006,"Congreso",NA,NA,NA,"ESCUELA LAS CEIBAS",5273,3873,9146,27
"9454",50001,52001,"Villavicencio","Meta",2006,"Congreso",NA,NA,NA,"ESCUELA SAN CARLOS",535,433,968,3
"9455",50001,52001,"Villavicencio","Meta",2006,"Congreso",NA,NA,NA,"COL. JORGE ELIECER GAITAN AYA",2545,2023,4568,14
"9456",50001,52001,"Villavicencio","Meta",2006,"Congreso",NA,NA,NA,"COL. NARCISO MATUS TORRES",1831,1222,3053,9
"9457",50001,52001,"Villavicencio","Meta",2006,"Congreso",NA,NA,NA,"ESC. MARCO ANTONIO PINILLA",1097,839,1936,6
"9458",50001,52001,"Villavicencio","Meta",2006,"Congreso",NA,NA,NA,"ESCUELA LAS GAVIOTAS",965,689,1654,5
"9459",50001,52001,"Villavicencio","Meta",2006,"Congreso",NA,NA,NA,"ESC. ISAAC TACHA - LA RELIQUI",1242,909,2151,7
"9460",50001,52001,"Villavicencio","Meta",2006,"Congreso",NA,NA,NA,"INST. EDUC. LA ALBORADA",2407,1769,4176,13
"9461",50001,52001,"Villavicencio","Meta",2006,"Congreso",NA,NA,NA,"COL. DPTAL LA ESPERANZA",3759,3281,7040,21
"9462",50001,52001,"Villavicencio","Meta",2006,"Congreso",NA,NA,NA,"COL. COOP. ANTONIO V/CENCIO",5420,3804,9224,27
"9463",50001,52001,"Villavicencio","Meta",2006,"Congreso",NA,NA,NA,"COL. GILBERTO ALZATE AVENDAÑO",1665,1207,2872,9
"9464",50001,52001,"Villavicencio","Meta",2006,"Congreso",NA,NA,NA,"ESCUELA LA ROCHELA",3273,2676,5949,18
"9465",50001,52001,"Villavicencio","Meta",2006,"Congreso",NA,NA,NA,"ESC. LAS PALMAS CIUDAD PORFIA",2173,3119,5292,16
"9466",50001,52001,"Villavicencio","Meta",2006,"Congreso",NA,NA,NA,"COLEGIO CATUMARE",1646,1241,2887,9
"9467",50001,52001,"Villavicencio","Meta",2006,"Congreso",NA,NA,NA,"UNIDAD EDUC. PLAYA RICA",585,413,998,3
"9468",50001,52001,"Villavicencio","Meta",2006,"Congreso",NA,NA,NA,"BENPOSTA",560,432,992,3
"9469",50001,52001,"Villavicencio","Meta",2006,"Congreso",NA,NA,NA,"COL. JUAN B. CABALLERO MEDINA",506,341,847,3
"9470",50001,52001,"Villavicencio","Meta",2006,"Congreso",NA,NA,NA,"COL. LUIS CARLOS GALAN SARMIE",3491,1280,4771,14
"9471",50001,52001,"Villavicencio","Meta",2006,"Congreso",NA,NA,NA,"COL. SAN FRANCISCO DE ASIS",419,303,722,3
"9472",50001,52001,"Villavicencio","Meta",2006,"Congreso",NA,NA,NA,"COLEGIO LA SALLE",1772,10702,12474,37
"9473",50001,52001,"Villavicencio","Meta",2006,"Congreso",NA,NA,NA,"ESCUELA FRANCISCO MIRANDA",5840,5270,11110,33
"9474",50001,52001,"Villavicencio","Meta",2006,"Congreso",NA,NA,NA,"UNIDAD BASICA COL. SAN JOSE",493,297,790,3
"9475",50001,52001,"Villavicencio","Meta",2006,"Congreso",NA,NA,NA,"POLIDEPORTIVO VILLA FLORES",177,141,318,1
"9476",50001,52001,"Villavicencio","Meta",2006,"Congreso",NA,NA,NA,"COLEGIO FRANCISCIO ARANGO",9320,2595,11915,35
"9477",50001,52001,"Villavicencio","Meta",2006,"Congreso",NA,NA,NA,"INSTITUCION EDUC. 7 DE AGOSTO",3714,3236,6950,21
"9478",50001,52001,"Villavicencio","Meta",2006,"Congreso",NA,NA,NA,"PUESTO CENSO",20850,17427,38277,49
"9479",50001,52001,"Villavicencio","Meta",2006,"Congreso",NA,NA,NA,"CARCEL",32,267,299,1
"9480",50001,52001,"Villavicencio","Meta",2006,"Congreso",NA,NA,NA,"ALTO DE POMPEYA",280,394,674,2
"9481",50001,52001,"Villavicencio","Meta",2006,"Congreso",NA,NA,NA,"EL COCUY",303,297,600,2
"9482",50001,52001,"Villavicencio","Meta",2006,"Congreso",NA,NA,NA,"ALTO DE BUENAVISTA",296,313,609,2
"9483",50001,52001,"Villavicencio","Meta",2006,"Congreso",NA,NA,NA,"LA CONCEPCION",564,540,1104,4
"9484",50001,52001,"Villavicencio","Meta",2006,"Congreso",NA,NA,NA,"APIAY",560,570,1130,4
"9485",50001,52001,"Villavicencio","Meta",2006,"Congreso",NA,NA,NA,"PUERTO COLOMBIA",136,237,373,2
"9486",50001,52001,"Villavicencio","Meta",2006,"Congreso",NA,NA,NA,"RINCON DE POMPEYA",360,424,784,3
"9487",50001,52001,"Villavicencio","Meta",2006,"Congreso",NA,NA,NA,"SANTA MARIA LA BAJA",118,167,285,1
"9488",50001,52001,"Villavicencio","Meta",2006,"Congreso",NA,NA,NA,"SANTA ROSA DE RIONEGRO",170,210,380,2
"9489",50001,52001,"Villavicencio","Meta",2006,"Congreso",NA,NA,NA,"SANTA TERESA",100,129,229,1
"9490",50001,52001,"Villavicencio","Meta",2006,"Congreso",NA,NA,NA,"PIPIRAL",94,95,189,1
"9491",50001,52001,"Villavicencio","Meta",2006,"Congreso",NA,NA,NA,"SERVITA",152,215,367,2
"9492",50001,52001,"Villavicencio","Meta",2006,"Congreso",NA,NA,NA,"VANGUARDIA",583,758,1341,4
"9493",50006,52005,"Acacías","Meta",2006,"Congreso",NA,NA,NA,"CON.  ESCOLAR GABRIELA MISTRA",5727,6094,11821,35
"9494",50006,52005,"Acacías","Meta",2006,"Congreso",NA,NA,NA,"INST. EDUC. ENRIQUE DANIELS",2732,1361,4093,12
"9495",50006,52005,"Acacías","Meta",2006,"Congreso",NA,NA,NA,"INST.EDUC JUAN HUMBERTO B.",1044,1253,2297,7
"9496",50006,52005,"Acacías","Meta",2006,"Congreso",NA,NA,NA,"INST. EDUC. 20 DE JULIO",2321,1609,3930,12
"9497",50006,52005,"Acacías","Meta",2006,"Congreso",NA,NA,NA,"PUESTO CENSO (ESCUELA PABLO N",5232,5336,10568,14
"9498",50006,52005,"Acacías","Meta",2006,"Congreso",NA,NA,NA,"CARCEL",15,192,207,1
"9499",50006,52005,"Acacías","Meta",2006,"Congreso",NA,NA,NA,"DINAMARCA",378,495,873,3
"9500",50006,52005,"Acacías","Meta",2006,"Congreso",NA,NA,NA,"LA LOMA DE SAN JUAN",24,42,66,1
"9501",50006,52005,"Acacías","Meta",2006,"Congreso",NA,NA,NA,"MANZANARES",18,50,68,1
"9502",50006,52005,"Acacías","Meta",2006,"Congreso",NA,NA,NA,"SAN CRISTOBAL",10,22,32,1
"9503",50006,52005,"Acacías","Meta",2006,"Congreso",NA,NA,NA,"SAN ISIDRO DE CHICHIMENE",171,185,356,2
"9504",50006,52005,"Acacías","Meta",2006,"Congreso",NA,NA,NA,"SAN JOSE DE LAS PALOMAS",40,67,107,1
"9505",50110,52006,"Barranca de Upía","Meta",2006,"Congreso",NA,NA,NA,NA,923,1003,1926,6
"9506",50110,52006,"Barranca de Upía","Meta",2006,"Congreso",NA,NA,NA,"EL HIJOA",28,54,82,1
"9507",50110,52006,"Barranca de Upía","Meta",2006,"Congreso",NA,NA,NA,"GUAICARAMO",28,42,70,1
"9508",50110,52006,"Barranca de Upía","Meta",2006,"Congreso",NA,NA,NA,"SAN IGNACIO (CARUTAL)",79,77,156,1
"9509",50124,52008,"Cabuyaro","Meta",2006,"Congreso",NA,NA,NA,NA,725,934,1659,5
"9510",50124,52008,"Cabuyaro","Meta",2006,"Congreso",NA,NA,NA,"GUAYABAL",79,138,217,1
"9511",50124,52008,"Cabuyaro","Meta",2006,"Congreso",NA,NA,NA,"LOS MANGOS",90,146,236,1
"9512",50124,52008,"Cabuyaro","Meta",2006,"Congreso",NA,NA,NA,"VISO DE UPIA",176,203,379,2
"9513",50150,52010,"Castilla la Nueva","Meta",2006,"Congreso",NA,NA,NA,NA,2734,3209,5943,18
"9514",50150,52010,"Castilla la Nueva","Meta",2006,"Congreso",NA,NA,NA,"SAN LORENZO",375,530,905,3
"9515",50150,52010,"Castilla la Nueva","Meta",2006,"Congreso",NA,NA,NA,"ARENALES",209,322,531,2
"9516",50150,52010,"Castilla la Nueva","Meta",2006,"Congreso",NA,NA,NA,"EL TORO",51,82,133,1
"9517",50223,52015,"Cubarral","Meta",2006,"Congreso",NA,NA,NA,NA,1461,1544,3005,9
"9518",50223,52015,"Cubarral","Meta",2006,"Congreso",NA,NA,NA,"BRISAS DEL TONOA",62,84,146,1
"9519",50223,52015,"Cubarral","Meta",2006,"Congreso",NA,NA,NA,"PUERTO GOMEZ",54,99,153,1
"9520",50226,52020,"Cumaral","Meta",2006,"Congreso",NA,NA,NA,NA,4416,4275,8691,26
"9521",50226,52020,"Cumaral","Meta",2006,"Congreso",NA,NA,NA,"CANEY MEDIO",110,130,240,1
"9522",50226,52020,"Cumaral","Meta",2006,"Congreso",NA,NA,NA,"EL CAIBE",44,73,117,1
"9523",50226,52020,"Cumaral","Meta",2006,"Congreso",NA,NA,NA,"GUACAVIA",260,263,523,2
"9524",50226,52020,"Cumaral","Meta",2006,"Congreso",NA,NA,NA,"MONTEBELLO",49,83,132,1
"9525",50226,52020,"Cumaral","Meta",2006,"Congreso",NA,NA,NA,"PRESENTADO",73,111,184,1
"9526",50226,52020,"Cumaral","Meta",2006,"Congreso",NA,NA,NA,"PUERTO PECUCA (VERACRUZ)",321,479,800,3
"9527",50226,52020,"Cumaral","Meta",2006,"Congreso",NA,NA,NA,"SAN NICOLAS",111,182,293,1
"9528",50226,52020,"Cumaral","Meta",2006,"Congreso",NA,NA,NA,"VARSOVIA",37,39,76,1
"9529",50245,52025,"El Calvario","Meta",2006,"Congreso",NA,NA,NA,NA,303,358,661,2
"9530",50245,52025,"El Calvario","Meta",2006,"Congreso",NA,NA,NA,"MONTFORT",113,145,258,1
"9531",50245,52025,"El Calvario","Meta",2006,"Congreso",NA,NA,NA,"SAN FRANCISCO",208,258,466,2
"9532",50245,52025,"El Calvario","Meta",2006,"Congreso",NA,NA,NA,"SAN PEDRO",26,40,66,1
"9533",50245,52025,"El Calvario","Meta",2006,"Congreso",NA,NA,NA,"SAN RAFAEL",44,56,100,1
"9534",50251,52027,"El Castillo","Meta",2006,"Congreso",NA,NA,NA,NA,1069,1240,2309,7
"9535",50251,52027,"El Castillo","Meta",2006,"Congreso",NA,NA,NA,"MEDELLIN DEL ARIARI",477,769,1246,4
"9536",50251,52027,"El Castillo","Meta",2006,"Congreso",NA,NA,NA,"MIRAVALLES",100,202,302,1
"9537",50270,52028,"El Dorado","Meta",2006,"Congreso",NA,NA,NA,NA,700,802,1502,5
"9538",50270,52028,"El Dorado","Meta",2006,"Congreso",NA,NA,NA,"PUEBLO SANCHEZ",76,94,170,1
"9539",50270,52028,"El Dorado","Meta",2006,"Congreso",NA,NA,NA,"SAN ISIDRO",186,212,398,2
"9540",50270,52028,"El Dorado","Meta",2006,"Congreso",NA,NA,NA,"SANTA ROSA ALTA",12,12,24,1
"9541",50287,52030,"Fuente de Oro","Meta",2006,"Congreso",NA,NA,NA,NA,2459,2647,5106,15
"9542",50287,52030,"Fuente de Oro","Meta",2006,"Congreso",NA,NA,NA,"UNION DEL ARIARI (CA/O BLANCO",122,213,335,1
"9543",50287,52030,"Fuente de Oro","Meta",2006,"Congreso",NA,NA,NA,"PUERTO ALJURE",72,107,179,1
"9544",50287,52030,"Fuente de Oro","Meta",2006,"Congreso",NA,NA,NA,"PUERTO LIMON",145,198,343,1
"9545",50287,52030,"Fuente de Oro","Meta",2006,"Congreso",NA,NA,NA,"PUERTO SANTANDER",153,198,351,2
"9546",50287,52030,"Fuente de Oro","Meta",2006,"Congreso",NA,NA,NA,"LA COOPERATIVA",194,268,462,2
"9547",50313,52035,"Granada","Meta",2006,"Congreso",NA,NA,NA,"ESC. VALENTIN GARCIA",4342,4288,8630,26
"9548",50313,52035,"Granada","Meta",2006,"Congreso",NA,NA,NA,"CASETA COMUNAL BARRIO BELEN",1459,845,2304,7
"9549",50313,52035,"Granada","Meta",2006,"Congreso",NA,NA,NA,"ESC. PRIMERO DE JUNIO",1190,1046,2236,7
"9550",50313,52035,"Granada","Meta",2006,"Congreso",NA,NA,NA,"ESC. MONTOYA PAVA",2137,1490,3627,11
"9551",50313,52035,"Granada","Meta",2006,"Congreso",NA,NA,NA,"PUESTO CENSO",6036,6274,12310,16
"9552",50313,52035,"Granada","Meta",2006,"Congreso",NA,NA,NA,"CARCEL",4,50,54,1
"9553",50313,52035,"Granada","Meta",2006,"Congreso",NA,NA,NA,"AGUAS CLARAS",297,436,733,3
"9554",50313,52035,"Granada","Meta",2006,"Congreso",NA,NA,NA,"CANAGUARO",315,362,677,2
"9555",50313,52035,"Granada","Meta",2006,"Congreso",NA,NA,NA,"DOS QUEBRADAS",228,283,511,2
"9556",50313,52035,"Granada","Meta",2006,"Congreso",NA,NA,NA,"LA PLAYA",214,283,497,2
"9557",50313,52035,"Granada","Meta",2006,"Congreso",NA,NA,NA,"PUERTO CALDAS",296,353,649,2
"9558",50318,52040,"Guamal","Meta",2006,"Congreso",NA,NA,NA,NA,3321,3135,6456,19
"9559",50318,52040,"Guamal","Meta",2006,"Congreso",NA,NA,NA,"HUMADEA",102,107,209,1
"9560",50318,52040,"Guamal","Meta",2006,"Congreso",NA,NA,NA,"OROTOY",116,136,252,1
"9561",50350,52041,"La Macarena","Meta",2006,"Congreso",NA,NA,NA,NA,1862,2724,4586,14
"9562",50350,52041,"La Macarena","Meta",2006,"Congreso",NA,NA,NA,"YARI",29,75,104,1
"9563",50350,52041,"La Macarena","Meta",2006,"Congreso",NA,NA,NA,"LA CATALINA",30,88,118,1
"9564",50350,52041,"La Macarena","Meta",2006,"Congreso",NA,NA,NA,"SAN JUAN DE LOZADA",113,261,374,2
"9565",50400,52042,"Lejanías","Meta",2006,"Congreso",NA,NA,NA,NA,2175,2604,4779,14
"9566",50400,52042,"Lejanías","Meta",2006,"Congreso",NA,NA,NA,"ANGOSTURAS DEL GUAPE",49,81,130,1
"9567",50400,52042,"Lejanías","Meta",2006,"Congreso",NA,NA,NA,"CACAYAL",336,425,761,3
"9568",50568,52043,"Puerto Gaitán","Meta",2006,"Congreso",NA,NA,NA,NA,2491,2964,5455,16
"9569",50568,52043,"Puerto Gaitán","Meta",2006,"Congreso",NA,NA,NA,"EL PORVENIR",74,96,170,1
"9570",50568,52043,"Puerto Gaitán","Meta",2006,"Congreso",NA,NA,NA,"LA CRISTALINA",36,53,89,1
"9571",50568,52043,"Puerto Gaitán","Meta",2006,"Congreso",NA,NA,NA,"PLANAS",183,286,469,2
"9572",50568,52043,"Puerto Gaitán","Meta",2006,"Congreso",NA,NA,NA,"PUENTE ARIMENA",54,67,121,1
"9573",50568,52043,"Puerto Gaitán","Meta",2006,"Congreso",NA,NA,NA,"PUERTO TRUJILLO",122,265,387,2
"9574",50568,52043,"Puerto Gaitán","Meta",2006,"Congreso",NA,NA,NA,"RUBIALES PUERTO TRIUNFO",10,53,63,1
"9575",50568,52043,"Puerto Gaitán","Meta",2006,"Congreso",NA,NA,NA,"SAN MIGUEL O PESCADERO",88,113,201,1
"9576",50568,52043,"Puerto Gaitán","Meta",2006,"Congreso",NA,NA,NA,"SAN PEDRO DE ARIMENA",80,116,196,1
"9577",50568,52043,"Puerto Gaitán","Meta",2006,"Congreso",NA,NA,NA,"TILLAVA",137,331,468,2
"9578",50330,52044,"Mesetas","Meta",2006,"Congreso",NA,NA,NA,NA,2295,2903,5198,16
"9579",50330,52044,"Mesetas","Meta",2006,"Congreso",NA,NA,NA,"BRISAS DEL DUDA",19,29,48,1
"9580",50330,52044,"Mesetas","Meta",2006,"Congreso",NA,NA,NA,"EL MIRADOR",39,64,103,1
"9581",50330,52044,"Mesetas","Meta",2006,"Congreso",NA,NA,NA,"JARDIN DE LAS PE/AS",261,590,851,3
"9582",50573,52045,"Puerto López","Meta",2006,"Congreso",NA,NA,NA,NA,5819,5507,11326,33
"9583",50573,52045,"Puerto López","Meta",2006,"Congreso",NA,NA,NA,"BOCAS DEL GUAYURIBA",100,156,256,1
"9584",50573,52045,"Puerto López","Meta",2006,"Congreso",NA,NA,NA,"ALTAMIRA",46,71,117,1
"9585",50573,52045,"Puerto López","Meta",2006,"Congreso",NA,NA,NA,"CHAVIVA",109,135,244,1
"9586",50573,52045,"Puerto López","Meta",2006,"Congreso",NA,NA,NA,"EL TIGRE",100,144,244,1
"9587",50573,52045,"Puerto López","Meta",2006,"Congreso",NA,NA,NA,"PUERTO GUADALUPE (CUMARALITO)",303,372,675,2
"9588",50573,52045,"Puerto López","Meta",2006,"Congreso",NA,NA,NA,"LA BALSA",112,146,258,1
"9589",50573,52045,"Puerto López","Meta",2006,"Congreso",NA,NA,NA,"MELUA",262,593,855,3
"9590",50573,52045,"Puerto López","Meta",2006,"Congreso",NA,NA,NA,"PACHAQUIARO",447,558,1005,3
"9591",50573,52045,"Puerto López","Meta",2006,"Congreso",NA,NA,NA,"PUERTO PORFIA",94,141,235,1
"9592",50573,52045,"Puerto López","Meta",2006,"Congreso",NA,NA,NA,"REMOLINO",218,250,468,2
"9593",50325,52046,"Mapiripán","Meta",2006,"Congreso",NA,NA,NA,NA,839,1371,2210,7
"9594",50325,52046,"Mapiripán","Meta",2006,"Congreso",NA,NA,NA,"BUENOS AIRES",31,114,145,1
"9595",50325,52046,"Mapiripán","Meta",2006,"Congreso",NA,NA,NA,"EL ANZUELO",39,84,123,1
"9596",50325,52046,"Mapiripán","Meta",2006,"Congreso",NA,NA,NA,"EL MIELON",77,209,286,1
"9597",50325,52046,"Mapiripán","Meta",2006,"Congreso",NA,NA,NA,"LA COOPERATIVA",134,323,457,2
"9598",50325,52046,"Mapiripán","Meta",2006,"Congreso",NA,NA,NA,"LAS GUACAMAYAS",68,145,213,1
"9599",50325,52046,"Mapiripán","Meta",2006,"Congreso",NA,NA,NA,"PUERTO ALVIRA",145,542,687,2
"9600",50325,52046,"Mapiripán","Meta",2006,"Congreso",NA,NA,NA,"PUERTO SIARE",24,63,87,1
"9601",50325,52046,"Mapiripán","Meta",2006,"Congreso",NA,NA,NA,"SARDINATA",25,89,114,1
"9602",50450,52047,"Puerto Concordia","Meta",2006,"Congreso",NA,NA,NA,NA,1454,2114,3568,11
"9603",50450,52047,"Puerto Concordia","Meta",2006,"Congreso",NA,NA,NA,"CRUCE DE PORORIO",33,88,121,1
"9604",50450,52047,"Puerto Concordia","Meta",2006,"Congreso",NA,NA,NA,"LA TIGRA",0,0,0,0
"9605",50450,52047,"Puerto Concordia","Meta",2006,"Congreso",NA,NA,NA,"LINDENAL",109,275,384,2
"9606",50577,52048,"Puerto Lleras","Meta",2006,"Congreso",NA,NA,NA,NA,1733,2026,3759,11
"9607",50577,52048,"Puerto Lleras","Meta",2006,"Congreso",NA,NA,NA,"CASIBARE",156,326,482,2
"9608",50577,52048,"Puerto Lleras","Meta",2006,"Congreso",NA,NA,NA,"LA UNION",58,115,173,1
"9609",50577,52048,"Puerto Lleras","Meta",2006,"Congreso",NA,NA,NA,"TIERRA GRATA",97,153,250,1
"9610",50577,52048,"Puerto Lleras","Meta",2006,"Congreso",NA,NA,NA,"VILLA DE LA PAZ",71,173,244,1
"9611",50590,52049,"Puerto Rico","Meta",2006,"Congreso",NA,NA,NA,NA,2406,3257,5663,17
"9612",50590,52049,"Puerto Rico","Meta",2006,"Congreso",NA,NA,NA,"BARRANCO COLORADO",59,156,215,1
"9613",50590,52049,"Puerto Rico","Meta",2006,"Congreso",NA,NA,NA,"LINDOSA",0,0,0,0
"9614",50590,52049,"Puerto Rico","Meta",2006,"Congreso",NA,NA,NA,"PUERTO CHISPAS",94,300,394,2
"9615",50590,52049,"Puerto Rico","Meta",2006,"Congreso",NA,NA,NA,"PUERTO TOLEDO",53,190,243,1
"9616",50606,52050,"Restrepo","Meta",2006,"Congreso",NA,NA,NA,NA,4439,4369,8808,26
"9617",50680,52055,"San Carlos de Guaroa","Meta",2006,"Congreso",NA,NA,NA,NA,1210,1476,2686,8
"9618",50680,52055,"San Carlos de Guaroa","Meta",2006,"Congreso",NA,NA,NA,"RINCON DE PAJURE",119,169,288,1
"9619",50680,52055,"San Carlos de Guaroa","Meta",2006,"Congreso",NA,NA,NA,"LA PALMERA",508,840,1348,4
"9620",50680,52055,"San Carlos de Guaroa","Meta",2006,"Congreso",NA,NA,NA,"SURIMENA",278,437,715,3
"9621",50683,52058,"San Juan de Arama","Meta",2006,"Congreso",NA,NA,NA,NA,1797,2140,3937,12
"9622",50683,52058,"San Juan de Arama","Meta",2006,"Congreso",NA,NA,NA,"CERRITOS",28,54,82,1
"9623",50683,52058,"San Juan de Arama","Meta",2006,"Congreso",NA,NA,NA,"COSTA RICA",92,204,296,1
"9624",50683,52058,"San Juan de Arama","Meta",2006,"Congreso",NA,NA,NA,"EL VERGEL",114,182,296,1
"9625",50683,52058,"San Juan de Arama","Meta",2006,"Congreso",NA,NA,NA,"MESA DE FERNANDEZ",95,129,224,1
"9626",50683,52058,"San Juan de Arama","Meta",2006,"Congreso",NA,NA,NA,"MIRAFLORES",18,30,48,1
"9627",50683,52058,"San Juan de Arama","Meta",2006,"Congreso",NA,NA,NA,"PE/AS BLANCAS",15,26,41,1
"9628",50686,52059,"San Juanito","Meta",2006,"Congreso",NA,NA,NA,NA,331,365,696,3
"9629",50686,52059,"San Juanito","Meta",2006,"Congreso",NA,NA,NA,"LA CANDELARIA",49,74,123,1
"9630",50686,52059,"San Juanito","Meta",2006,"Congreso",NA,NA,NA,"SAN JOSE",38,47,85,1
"9631",50686,52059,"San Juanito","Meta",2006,"Congreso",NA,NA,NA,"SAN LUIS DEL PLAN",39,43,82,1
"9632",50689,52060,"San Martín","Meta",2006,"Congreso",NA,NA,NA,NA,6330,5880,12210,36
"9633",50689,52060,"San Martín","Meta",2006,"Congreso",NA,NA,NA,"ALTO DE IRACA",52,79,131,1
"9634",50689,52060,"San Martín","Meta",2006,"Congreso",NA,NA,NA,"BAJO CAMOA",42,92,134,1
"9635",50689,52060,"San Martín","Meta",2006,"Congreso",NA,NA,NA,"BRISAS DEL MANACACIAS",17,41,58,1
"9636",50689,52060,"San Martín","Meta",2006,"Congreso",NA,NA,NA,"EL MEREY",116,163,279,1
"9637",50689,52060,"San Martín","Meta",2006,"Congreso",NA,NA,NA,"RINCON DE BOLIVAR",14,20,34,1
"9638",50370,52074,"Uribe","Meta",2006,"Congreso",NA,NA,NA,NA,759,1018,1777,6
"9639",50370,52074,"Uribe","Meta",2006,"Congreso",NA,NA,NA,"DIVISO",63,155,218,1
"9640",50370,52074,"Uribe","Meta",2006,"Congreso",NA,NA,NA,"LA JULIA",202,495,697,3
"9641",50711,52080,"Vistahermosa","Meta",2006,"Congreso",NA,NA,NA,NA,3085,3414,6499,19
"9642",50711,52080,"Vistahermosa","Meta",2006,"Congreso",NA,NA,NA,"CAMPOALEGRE",68,93,161,1
"9643",50711,52080,"Vistahermosa","Meta",2006,"Congreso",NA,NA,NA,"CA/O AMARILLO",53,105,158,1
"9644",50711,52080,"Vistahermosa","Meta",2006,"Congreso",NA,NA,NA,"MARACAIBO",68,192,260,1
"9645",50711,52080,"Vistahermosa","Meta",2006,"Congreso",NA,NA,NA,"PI/ALITO",250,781,1031,3
"9646",50711,52080,"Vistahermosa","Meta",2006,"Congreso",NA,NA,NA,"PUERTO ESPERANZA",98,237,335,1
"9647",50711,52080,"Vistahermosa","Meta",2006,"Congreso",NA,NA,NA,"PUERTO LUCAS",62,110,172,1
"9648",95001,54001,"San José del Guaviare","Guaviare",2006,"Congreso",NA,NA,NA,"CTRO.CONV.UNIVERSITARIOS",1100,6056,7156,21
"9649",95001,54001,"San José del Guaviare","Guaviare",2006,"Congreso",NA,NA,NA,"COL.DPTAL.BACHILLERATO SDER.",3627,3469,7096,21
"9650",95001,54001,"San José del Guaviare","Guaviare",2006,"Congreso",NA,NA,NA,"COL. JOSE CELESTINO MUTIS",1413,4779,6192,18
"9651",95001,54001,"San José del Guaviare","Guaviare",2006,"Congreso",NA,NA,NA,"COL. MANUELA BELTRAN",6359,1588,7947,24
"9652",95001,54001,"San José del Guaviare","Guaviare",2006,"Congreso",NA,NA,NA,"CARCEL",2,69,71,1
"9653",95015,54003,"Calamar","Guaviare",2006,"Congreso",NA,NA,NA,NA,1257,2369,3626,11
"9654",95025,54007,"El Retorno","Guaviare",2006,"Congreso",NA,NA,NA,NA,2140,3055,5195,16
"9655",95025,54007,"El Retorno","Guaviare",2006,"Congreso",NA,NA,NA,"CERRITOS",130,230,360,2
"9656",95025,54007,"El Retorno","Guaviare",2006,"Congreso",NA,NA,NA,"LA LIBERTAD",498,917,1415,5
"9657",95025,54007,"El Retorno","Guaviare",2006,"Congreso",NA,NA,NA,"EL UNILLA",196,450,646,2
"9658",95200,54012,"Miraflores","Guaviare",2006,"Congreso",NA,NA,NA,NA,994,2343,3337,10
"9659",95200,54012,"Miraflores","Guaviare",2006,"Congreso",NA,NA,NA,"BARRANQUILLITA",82,227,309,1
"9660",95200,54012,"Miraflores","Guaviare",2006,"Congreso",NA,NA,NA,"BUENOS AIRES",153,362,515,2
"9661",95200,54012,"Miraflores","Guaviare",2006,"Congreso",NA,NA,NA,"LAGOS DEL DORADO",160,410,570,2
"9662",95200,54012,"Miraflores","Guaviare",2006,"Congreso",NA,NA,NA,"LA VUELTA DEL ALIVIO",35,89,124,1
"9663",88001,56001,"San Andrés","Archipiélago de San Andrés",2006,"Congreso",NA,NA,NA,"COLEGIO SAGRADA FAMILIA",6128,9147,15275,45
"9664",88001,56001,"San Andrés","Archipiélago de San Andrés",2006,"Congreso",NA,NA,NA,"COLEGIO NATANIA",1840,1694,3534,11
"9665",88001,56001,"San Andrés","Archipiélago de San Andrés",2006,"Congreso",NA,NA,NA,"COLEGIO BROOKS HILL",1586,1383,2969,9
"9666",88001,56001,"San Andrés","Archipiélago de San Andrés",2006,"Congreso",NA,NA,NA,"COL. ANTONIA SANTOS EL RANCHO",1231,880,2111,7
"9667",88001,56001,"San Andrés","Archipiélago de San Andrés",2006,"Congreso",NA,NA,NA,"INSTITUTO TECNICO INDUSTRIAL",5494,1875,7369,22
"9668",88001,56001,"San Andrés","Archipiélago de San Andrés",2006,"Congreso",NA,NA,NA,"PUESTO CENSO",2733,2735,5468,7
"9669",88001,56001,"San Andrés","Archipiélago de San Andrés",2006,"Congreso",NA,NA,NA,"CARCEL",8,37,45,1
"9670",88564,56004,"Providencia","Archipiélago de San Andrés",2006,"Congreso",NA,NA,NA,NA,1671,1840,3511,11
"9671",91001,60001,"Leticia","Amazonas",2006,"Congreso",NA,NA,NA,"COLEGIO INEM JOSE EUSTACIO R",975,4337,5312,16
"9672",91001,60001,"Leticia","Amazonas",2006,"Congreso",NA,NA,NA,"COL. JORGE ELIECER GAITAN",1205,3252,4457,13
"9673",91001,60001,"Leticia","Amazonas",2006,"Congreso",NA,NA,NA,"COL. MARCELIANO EDUARDO CANYE",5148,1949,7097,21
"9674",91001,60001,"Leticia","Amazonas",2006,"Congreso",NA,NA,NA,"COL. SGRDO CORAZON DE JESUS",3425,1158,4583,14
"9675",91001,60001,"Leticia","Amazonas",2006,"Congreso",NA,NA,NA,"CARCEL",5,44,49,1
"9676",91001,60001,"Leticia","Amazonas",2006,"Congreso",NA,NA,NA,"EL CALDERON",24,34,58,1
"9677",91001,60001,"Leticia","Amazonas",2006,"Congreso",NA,NA,NA,"SANTA SOFIA",736,876,1612,5
"9678",91540,60007,"Puerto Nariño","Amazonas",2006,"Congreso",NA,NA,NA,NA,1230,1500,2730,8
"9679",91540,60007,"Puerto Nariño","Amazonas",2006,"Congreso",NA,NA,NA,"ATACUARI",127,148,275,1
"9680",91263,60010,"El Encanto","Amazonas",2006,"Congreso",NA,NA,NA,"Corregimiento Departamental",179,227,406,2
"9681",91405,60013,"La Chorrera","Amazonas",2006,"Congreso",NA,NA,NA,"Corregimiento Departamental",272,329,601,2
"9682",91407,60016,"La Pedrera","Amazonas",2006,"Congreso",NA,NA,NA,"Corregimiento Departamental",266,400,666,2
"9683",91430,60017,"La Victoria","Amazonas",2006,"Congreso",NA,NA,NA,"Corregimiento Departamental",24,39,63,1
"9684",91460,60019,"Miriti - Paraná","Amazonas",2006,"Congreso",NA,NA,NA,NA,122,172,294,1
"9685",91460,60019,"Miriti - Paraná","Amazonas",2006,"Congreso",NA,NA,NA,"SANTA ISABEL",34,43,77,1
"9686",91669,60021,"Puerto Santander","Amazonas",2006,"Congreso",NA,NA,NA,"Corregimiento Departamental",188,261,449,2
"9687",91669,60021,"Puerto Santander","Amazonas",2006,"Congreso",NA,NA,NA,"META",2,5,7,1
"9688",91798,60022,"Tarapacá","Amazonas",2006,"Congreso",NA,NA,NA,"Corregimiento Departamental",481,585,1066,4
"9689",91530,60030,"Puerto Alegría","Amazonas",2006,"Congreso",NA,NA,NA,"Corregimiento Departamental",93,127,220,1
"9690",91536,60040,"Puerto Arica","Amazonas",2006,"Congreso",NA,NA,NA,"Corregimiento Departamental",92,130,222,1
"9691",86001,64001,"Mocoa","Putumayo",2006,"Congreso",NA,NA,NA,"COLEGIO NACIONAL PIO XII",1194,6241,7435,22
"9692",86001,64001,"Mocoa","Putumayo",2006,"Congreso",NA,NA,NA,"INST.EDUC. CIUDAD MOCOA",1251,1978,3229,10
"9693",86001,64001,"Mocoa","Putumayo",2006,"Congreso",NA,NA,NA,"INST.EDUC.FRAY PLACIDO",5425,907,6332,19
"9694",86001,64001,"Mocoa","Putumayo",2006,"Congreso",NA,NA,NA,"INST.EDUC. SAN AGUSTIN",3392,1111,4503,14
"9695",86001,64001,"Mocoa","Putumayo",2006,"Congreso",NA,NA,NA,"CARCEL",13,159,172,1
"9696",86001,64001,"Mocoa","Putumayo",2006,"Congreso",NA,NA,NA,"CONDAGUA",86,90,176,1
"9697",86001,64001,"Mocoa","Putumayo",2006,"Congreso",NA,NA,NA,"EL PEPINO",314,322,636,2
"9698",86001,64001,"Mocoa","Putumayo",2006,"Congreso",NA,NA,NA,"LA TEBAIDA",120,157,277,1
"9699",86001,64001,"Mocoa","Putumayo",2006,"Congreso",NA,NA,NA,"LA FRONTERIZA EL PAISAJE",24,36,60,1
"9700",86001,64001,"Mocoa","Putumayo",2006,"Congreso",NA,NA,NA,"PUERTO LIMON",366,433,799,3
"9701",86001,64001,"Mocoa","Putumayo",2006,"Congreso",NA,NA,NA,"YUNGUILLO",188,227,415,2
"9702",86568,64002,"Puerto Asís","Putumayo",2006,"Congreso",NA,NA,NA,"ESCUELA CENTRAL DE VARONES",1810,2164,3974,12
"9703",86568,64002,"Puerto Asís","Putumayo",2006,"Congreso",NA,NA,NA,"COLEGIO SANTA TERESA",1950,1439,3389,10
"9704",86568,64002,"Puerto Asís","Putumayo",2006,"Congreso",NA,NA,NA,"ESCUELA SAN NICOLAS",1879,1817,3696,11
"9705",86568,64002,"Puerto Asís","Putumayo",2006,"Congreso",NA,NA,NA,"ESCUELA EL JARDIN",954,738,1692,5
"9706",86568,64002,"Puerto Asís","Putumayo",2006,"Congreso",NA,NA,NA,"PUESTO CENSO",6748,7078,13826,18
"9707",86568,64002,"Puerto Asís","Putumayo",2006,"Congreso",NA,NA,NA,"CARCEL MUNICIPAL",3,23,26,1
"9708",86568,64002,"Puerto Asís","Putumayo",2006,"Congreso",NA,NA,NA,"PI/U/A BLANCO (PUERTO HACHA)",167,323,490,2
"9709",86568,64002,"Puerto Asís","Putumayo",2006,"Congreso",NA,NA,NA,"LA CARMELITA (CUEMBI)",246,434,680,2
"9710",86568,64002,"Puerto Asís","Putumayo",2006,"Congreso",NA,NA,NA,"LA PERLA AMAZONICA",221,434,655,2
"9711",86568,64002,"Puerto Asís","Putumayo",2006,"Congreso",NA,NA,NA,"SANTA MARIA (ALTO CUEMBI)",293,470,763,3
"9712",86568,64002,"Puerto Asís","Putumayo",2006,"Congreso",NA,NA,NA,"SANTANA",540,682,1222,4
"9713",86568,64002,"Puerto Asís","Putumayo",2006,"Congreso",NA,NA,NA,"BANDERAS ALTO DANUBIO",92,143,235,1
"9714",86568,64002,"Puerto Asís","Putumayo",2006,"Congreso",NA,NA,NA,"CA/A BRAVA",95,140,235,1
"9715",86568,64002,"Puerto Asís","Putumayo",2006,"Congreso",NA,NA,NA,"TETEYE",129,213,342,1
"9716",86568,64002,"Puerto Asís","Putumayo",2006,"Congreso",NA,NA,NA,"VILLA VICTORIA",159,276,435,2
"9717",86573,64004,"Leguízamo","Putumayo",2006,"Congreso",NA,NA,NA,NA,3731,4218,7949,24
"9718",86573,64004,"Leguízamo","Putumayo",2006,"Congreso",NA,NA,NA,"LA TAGUA",251,363,614,2
"9719",86573,64004,"Leguízamo","Putumayo",2006,"Congreso",NA,NA,NA,"EL MECAYA",78,188,266,1
"9720",86573,64004,"Leguízamo","Putumayo",2006,"Congreso",NA,NA,NA,"PUERTO OSPINA",283,404,687,2
"9721",86573,64004,"Leguízamo","Putumayo",2006,"Congreso",NA,NA,NA,"LA PAYA",79,134,213,1
"9722",86573,64004,"Leguízamo","Putumayo",2006,"Congreso",NA,NA,NA,"EL SENCELLA",86,205,291,1
"9723",86573,64004,"Leguízamo","Putumayo",2006,"Congreso",NA,NA,NA,"PI/U/A NEGRO",35,76,111,1
"9724",86219,64007,"Colón","Putumayo",2006,"Congreso",NA,NA,NA,NA,1512,1335,2847,9
"9725",86219,64007,"Colón","Putumayo",2006,"Congreso",NA,NA,NA,"SAN PEDRO",327,291,618,2
"9726",86755,64013,"San Francisco","Putumayo",2006,"Congreso",NA,NA,NA,NA,1745,1694,3439,10
"9727",86755,64013,"San Francisco","Putumayo",2006,"Congreso",NA,NA,NA,"SAN ANTONIO DEL POROTOYACO",305,300,605,2
"9728",86760,64016,"Santiago","Putumayo",2006,"Congreso",NA,NA,NA,NA,2451,2003,4454,13
"9729",86760,64016,"Santiago","Putumayo",2006,"Congreso",NA,NA,NA,"SAN ANDRES",317,304,621,2
"9730",86757,64018,"San Miguel","Putumayo",2006,"Congreso",NA,NA,NA,NA,2974,3314,6288,19
"9731",86757,64018,"San Miguel","Putumayo",2006,"Congreso",NA,NA,NA,"PUERTO COLON SAN MIGUEL",842,1124,1966,6
"9732",86749,64019,"Sibundoy","Putumayo",2006,"Congreso",NA,NA,NA,NA,4243,3734,7977,24
"9733",86320,64023,"Orito","Putumayo",2006,"Congreso",NA,NA,NA,NA,6482,6964,13446,40
"9734",86320,64023,"Orito","Putumayo",2006,"Congreso",NA,NA,NA,"BUENOS AIRES",210,291,501,2
"9735",86320,64023,"Orito","Putumayo",2006,"Congreso",NA,NA,NA,"CHURUYACO",77,142,219,1
"9736",86320,64023,"Orito","Putumayo",2006,"Congreso",NA,NA,NA,"JARDINES DE SUCUMBIOS",98,174,272,1
"9737",86320,64023,"Orito","Putumayo",2006,"Congreso",NA,NA,NA,"PORTUGAL",56,112,168,1
"9738",86320,64023,"Orito","Putumayo",2006,"Congreso",NA,NA,NA,"SAN JUAN VIDES",36,67,103,1
"9739",86320,64023,"Orito","Putumayo",2006,"Congreso",NA,NA,NA,"SIBERIA",337,520,857,3
"9740",86320,64023,"Orito","Putumayo",2006,"Congreso",NA,NA,NA,"TESALIA",214,274,488,2
"9741",86320,64023,"Orito","Putumayo",2006,"Congreso",NA,NA,NA,"SAN VICENTE DEL LUZON",153,210,363,2
"9742",86320,64023,"Orito","Putumayo",2006,"Congreso",NA,NA,NA,"SIMON BOLIVAR",71,119,190,1
"9743",86571,64025,"Puerto Guzmán","Putumayo",2006,"Congreso",NA,NA,NA,NA,2109,2382,4491,14
"9744",86571,64025,"Puerto Guzmán","Putumayo",2006,"Congreso",NA,NA,NA,"EL GALLINAZO",140,352,492,2
"9745",86571,64025,"Puerto Guzmán","Putumayo",2006,"Congreso",NA,NA,NA,"EL JAUNO",142,150,292,1
"9746",86571,64025,"Puerto Guzmán","Putumayo",2006,"Congreso",NA,NA,NA,"EL RECREO",92,214,306,1
"9747",86571,64025,"Puerto Guzmán","Putumayo",2006,"Congreso",NA,NA,NA,"GALILEA",73,179,252,1
"9748",86571,64025,"Puerto Guzmán","Putumayo",2006,"Congreso",NA,NA,NA,"MANGALPA",116,196,312,1
"9749",86571,64025,"Puerto Guzmán","Putumayo",2006,"Congreso",NA,NA,NA,"MAYOYOQUE",159,316,475,2
"9750",86571,64025,"Puerto Guzmán","Putumayo",2006,"Congreso",NA,NA,NA,"QUINORO (JOSE MARIA)",105,225,330,1
"9751",86571,64025,"Puerto Guzmán","Putumayo",2006,"Congreso",NA,NA,NA,"SAN ROQUE",104,132,236,1
"9752",86571,64025,"Puerto Guzmán","Putumayo",2006,"Congreso",NA,NA,NA,"SANTA LUCIA",237,333,570,2
"9753",86569,64026,"Puerto Caicedo","Putumayo",2006,"Congreso",NA,NA,NA,NA,2348,2426,4774,14
"9754",86569,64026,"Puerto Caicedo","Putumayo",2006,"Congreso",NA,NA,NA,"ARIZONA",39,77,116,1
"9755",86569,64026,"Puerto Caicedo","Putumayo",2006,"Congreso",NA,NA,NA,"DAMASCO VIDES",41,78,119,1
"9756",86569,64026,"Puerto Caicedo","Putumayo",2006,"Congreso",NA,NA,NA,"EL CEDRAL",351,562,913,3
"9757",86569,64026,"Puerto Caicedo","Putumayo",2006,"Congreso",NA,NA,NA,"GUASIMALES",50,84,134,1
"9758",86569,64026,"Puerto Caicedo","Putumayo",2006,"Congreso",NA,NA,NA,"SAN PEDRO",165,235,400,2
"9759",86569,64026,"Puerto Caicedo","Putumayo",2006,"Congreso",NA,NA,NA,"VILLAFLOR",134,218,352,2
"9760",86865,64028,"Valle del Guamuez","Putumayo",2006,"Congreso",NA,NA,NA,NA,7638,8347,15985,47
"9761",86865,64028,"Valle del Guamuez","Putumayo",2006,"Congreso",NA,NA,NA,"EL PLACER",598,889,1487,5
"9762",86865,64028,"Valle del Guamuez","Putumayo",2006,"Congreso",NA,NA,NA,"EL TIGRE",513,914,1427,5
"9763",86865,64028,"Valle del Guamuez","Putumayo",2006,"Congreso",NA,NA,NA,"JORDAN DE GUISIA",144,258,402,2
"9764",86865,64028,"Valle del Guamuez","Putumayo",2006,"Congreso",NA,NA,NA,"GUADUALITO",0,0,0,0
"9765",86865,64028,"Valle del Guamuez","Putumayo",2006,"Congreso",NA,NA,NA,"SAN ANTONIO DEL GUAMUEZ",183,172,355,2
"9766",86865,64028,"Valle del Guamuez","Putumayo",2006,"Congreso",NA,NA,NA,"SANTA ROSA DE SUCUMBIOS",36,46,82,1
"9767",86885,64030,"Villagarzón","Putumayo",2006,"Congreso",NA,NA,NA,NA,3635,3850,7485,22
"9768",86885,64030,"Villagarzón","Putumayo",2006,"Congreso",NA,NA,NA,"BAJO CORAZON",23,70,93,1
"9769",86885,64030,"Villagarzón","Putumayo",2006,"Congreso",NA,NA,NA,"LA CASTELLANA",194,275,469,2
"9770",86885,64030,"Villagarzón","Putumayo",2006,"Congreso",NA,NA,NA,"PUERTO UMBRIA",429,602,1031,3
"9771",86885,64030,"Villagarzón","Putumayo",2006,"Congreso",NA,NA,NA,"ALBANIA",72,74,146,1
"9772",86885,64030,"Villagarzón","Putumayo",2006,"Congreso",NA,NA,NA,"SANTA ROSA DE JUANAMBU",63,75,138,1
"9773",97001,68001,"Mitú","Vaupés",2006,"Congreso",NA,NA,NA,NA,3934,4670,8604,26
"9774",97001,68001,"Mitú","Vaupés",2006,"Congreso",NA,NA,NA,"ACARICUARA",270,362,632,2
"9775",97001,68001,"Mitú","Vaupés",2006,"Congreso",NA,NA,NA,"CAMANAOS",103,137,240,1
"9776",97001,68001,"Mitú","Vaupés",2006,"Congreso",NA,NA,NA,"QUERARI",71,120,191,1
"9777",97001,68001,"Mitú","Vaupés",2006,"Congreso",NA,NA,NA,"MACUANA (TAPURUCUARA)",242,304,546,2
"9778",97001,68001,"Mitú","Vaupés",2006,"Congreso",NA,NA,NA,"PIRIMARI CUDUYARI",119,143,262,1
"9779",97001,68001,"Mitú","Vaupés",2006,"Congreso",NA,NA,NA,"TIQUIE",146,166,312,1
"9780",97001,68001,"Mitú","Vaupés",2006,"Congreso",NA,NA,NA,"VILLAFATIMA (TIPIACA)",114,153,267,1
"9781",97001,68001,"Mitú","Vaupés",2006,"Congreso",NA,NA,NA,"YAPU",134,175,309,1
"9782",97001,68001,"Mitú","Vaupés",2006,"Congreso",NA,NA,NA,"YURUPARI",90,130,220,1
"9783",97161,68004,"Caruru","Vaupés",2006,"Congreso",NA,NA,NA,NA,463,710,1173,4
"9784",97161,68004,"Caruru","Vaupés",2006,"Congreso",NA,NA,NA,"BOCAS DE ARARA",74,142,216,1
"9785",97777,68010,"Papunaua","Vaupés",2006,"Congreso",NA,NA,NA,"Corregimiento Departamental",38,77,115,1
"9786",97511,68013,"Pacoa","Vaupés",2006,"Congreso",NA,NA,NA,"Corregimiento Departamental",101,148,249,1
"9787",97511,68013,"Pacoa","Vaupés",2006,"Congreso",NA,NA,NA,"PIEDRA /I",141,173,314,1
"9788",97666,68017,"Taraira","Vaupés",2006,"Congreso",NA,NA,NA,NA,221,381,602,2
"9789",97666,68017,"Taraira","Vaupés",2006,"Congreso",NA,NA,NA,"BOCAS DE TARAIRA",94,106,200,1
"9790",97889,68022,"Yavaraté","Vaupés",2006,"Congreso",NA,NA,NA,"Corregimiento Departamental",62,134,196,1
"9791",97889,68022,"Yavaraté","Vaupés",2006,"Congreso",NA,NA,NA,"PAPURI (MONFORT)",77,100,177,1
"9792",97889,68022,"Yavaraté","Vaupés",2006,"Congreso",NA,NA,NA,"PIRACUARA",81,84,165,1
"9793",97889,68022,"Yavaraté","Vaupés",2006,"Congreso",NA,NA,NA,"TERESITA",84,114,198,1
"9794",99001,72001,"Puerto Carreño","Vichada",2006,"Congreso",NA,NA,NA,NA,4179,4307,8486,25
"9795",99001,72001,"Puerto Carreño","Vichada",2006,"Congreso",NA,NA,NA,"CARCEL",0,0,0,0
"9796",99001,72001,"Puerto Carreño","Vichada",2006,"Congreso",NA,NA,NA,"ACEITICO",28,43,71,1
"9797",99001,72001,"Puerto Carreño","Vichada",2006,"Congreso",NA,NA,NA,"CASUARITO",602,735,1337,4
"9798",99001,72001,"Puerto Carreño","Vichada",2006,"Congreso",NA,NA,NA,"LA VENTUROSA",48,80,128,1
"9799",99001,72001,"Puerto Carreño","Vichada",2006,"Congreso",NA,NA,NA,"GARCITAS",27,45,72,1
"9800",99001,72001,"Puerto Carreño","Vichada",2006,"Congreso",NA,NA,NA,"GUARIPA",57,67,124,1
"9801",99001,72001,"Puerto Carreño","Vichada",2006,"Congreso",NA,NA,NA,"PUERTO MURILLO",52,90,142,1
"9802",99624,72002,"Santa Rosalía","Vichada",2006,"Congreso",NA,NA,NA,NA,867,925,1792,6
"9803",99624,72002,"Santa Rosalía","Vichada",2006,"Congreso",NA,NA,NA,"GUACACIAS",100,181,281,1
"9804",99773,72006,"Cumaribo","Vichada",2006,"Congreso",NA,NA,NA,NA,2977,3821,6798,20
"9805",99773,72006,"Cumaribo","Vichada",2006,"Congreso",NA,NA,NA,"AMANAVEN",59,109,168,1
"9806",99773,72006,"Cumaribo","Vichada",2006,"Congreso",NA,NA,NA,"CHUPAVE",17,64,81,1
"9807",99773,72006,"Cumaribo","Vichada",2006,"Congreso",NA,NA,NA,"EL CEJAL",179,203,382,2
"9808",99773,72006,"Cumaribo","Vichada",2006,"Congreso",NA,NA,NA,"EL VIENTO",167,252,419,2
"9809",99773,72006,"Cumaribo","Vichada",2006,"Congreso",NA,NA,NA,"GUANAPE",192,212,404,2
"9810",99773,72006,"Cumaribo","Vichada",2006,"Congreso",NA,NA,NA,"GUERIMA",195,369,564,2
"9811",99773,72006,"Cumaribo","Vichada",2006,"Congreso",NA,NA,NA,"GUACO",70,103,173,1
"9812",99773,72006,"Cumaribo","Vichada",2006,"Congreso",NA,NA,NA,"LA ROMPIDA",4,5,9,1
"9813",99773,72006,"Cumaribo","Vichada",2006,"Congreso",NA,NA,NA,"MATAVEN",145,161,306,1
"9814",99773,72006,"Cumaribo","Vichada",2006,"Congreso",NA,NA,NA,"MANAJUARE",33,68,101,1
"9815",99773,72006,"Cumaribo","Vichada",2006,"Congreso",NA,NA,NA,"PALMARITO",169,244,413,2
"9816",99773,72006,"Cumaribo","Vichada",2006,"Congreso",NA,NA,NA,"PUERTO PRINCIPE",108,275,383,2
"9817",99773,72006,"Cumaribo","Vichada",2006,"Congreso",NA,NA,NA,"SANTA RITA",465,475,940,3
"9818",99773,72006,"Cumaribo","Vichada",2006,"Congreso",NA,NA,NA,"SAN JOSE DE OCUNE",381,533,914,3
"9819",99773,72006,"Cumaribo","Vichada",2006,"Congreso",NA,NA,NA,"PUERTO NARI/O",151,188,339,1
"9820",99773,72006,"Cumaribo","Vichada",2006,"Congreso",NA,NA,NA,"SHIARE",0,0,0,0
"9821",99773,72006,"Cumaribo","Vichada",2006,"Congreso",NA,NA,NA,"TRES MATAS",150,239,389,2
"9822",99773,72006,"Cumaribo","Vichada",2006,"Congreso",NA,NA,NA,"EL TUPARRO",68,135,203,1
"9823",99524,72008,"La Primavera","Vichada",2006,"Congreso",NA,NA,NA,NA,1682,1943,3625,11
"9824",99524,72008,"La Primavera","Vichada",2006,"Congreso",NA,NA,NA,"MATIYURE",34,46,80,1
"9825",99524,72008,"La Primavera","Vichada",2006,"Congreso",NA,NA,NA,"NUEVA ANTIOQUIA",130,187,317,1
"9826",99524,72008,"La Primavera","Vichada",2006,"Congreso",NA,NA,NA,"SAN TEODORO",156,225,381,2
"9827",99524,72008,"La Primavera","Vichada",2006,"Congreso",NA,NA,NA,"SANTA CECILIA",41,84,125,1
"9828",99524,72008,"La Primavera","Vichada",2006,"Congreso",NA,NA,NA,"SANTA BARBARA",123,158,281,1
"9829",99524,72008,"La Primavera","Vichada",2006,"Congreso",NA,NA,NA,"MARANDUA",22,29,51,1
"9830",NA,NA,NA,NA,2006,"Congreso",NA,NA,NA,NA,0,0,0,0
"9831",NA,NA,NA,NA,2006,"Congreso",NA,NA,NA,"Berlin - Embajada",173,154,327,1
"9832",NA,NA,NA,NA,2006,"Congreso",NA,NA,NA,"Bonn - Consulado",89,85,174,1
"9833",NA,NA,NA,NA,2006,"Congreso",NA,NA,NA,"Bremen",74,23,97,1
"9834",NA,NA,NA,NA,2006,"Congreso",NA,NA,NA,"Frankfurt",398,198,596,2
"9835",NA,NA,NA,NA,2006,"Congreso",NA,NA,NA,"Hamburgo",131,72,203,1
"9836",NA,NA,NA,NA,2006,"Congreso",NA,NA,NA,"Munich",104,64,168,1
"9837",NA,NA,NA,NA,2006,"Congreso",NA,NA,NA,NA,0,0,0,0
"9838",NA,NA,NA,NA,2006,"Congreso",NA,NA,NA,"Willemstad - Curazao",396,353,749,3
"9839",NA,NA,NA,NA,2006,"Congreso",NA,NA,NA,NA,0,0,0,0
"9840",NA,NA,NA,NA,2006,"Congreso",NA,NA,NA,"Buenos Aires - Consulado",511,390,901,3
"9841",NA,NA,NA,NA,2006,"Congreso",NA,NA,NA,NA,0,0,0,0
"9842",NA,NA,NA,NA,2006,"Congreso",NA,NA,NA,"Oranjestad",971,683,1654,5
"9843",NA,NA,NA,NA,2006,"Congreso",NA,NA,NA,NA,0,0,0,0
"9844",NA,NA,NA,NA,2006,"Congreso",NA,NA,NA,"Brisbane",88,67,155,1
"9845",NA,NA,NA,NA,2006,"Congreso",NA,NA,NA,"Canberra - Embajada",30,30,60,1
"9846",NA,NA,NA,NA,2006,"Congreso",NA,NA,NA,"Melbourne",135,145,280,1
"9847",NA,NA,NA,NA,2006,"Congreso",NA,NA,NA,"Sydney",377,417,794,3
"9848",NA,NA,NA,NA,2006,"Congreso",NA,NA,NA,NA,0,0,0,0
"9849",NA,NA,NA,NA,2006,"Congreso",NA,NA,NA,"Viena - Consulado",197,154,351,2
"9850",NA,NA,NA,NA,2006,"Congreso",NA,NA,NA,NA,0,0,0,0
"9851",NA,NA,NA,NA,2006,"Congreso",NA,NA,NA,NA,0,0,0,0
"9852",NA,NA,NA,NA,2006,"Congreso",NA,NA,NA,"Bruselas - Consulado",411,235,646,2
"9853",NA,NA,NA,NA,2006,"Congreso",NA,NA,NA,NA,0,0,0,0
"9854",NA,NA,NA,NA,2006,"Congreso",NA,NA,NA,"Belice - Belmopan",6,9,15,1
"9855",NA,NA,NA,NA,2006,"Congreso",NA,NA,NA,NA,0,0,0,0
"9856",NA,NA,NA,NA,2006,"Congreso",NA,NA,NA,"La Paz - Embajada",105,102,207,1
"9857",NA,NA,NA,NA,2006,"Congreso",NA,NA,NA,"Santa Cruz de la Sierra",71,77,148,1
"9858",NA,NA,NA,NA,2006,"Congreso",NA,NA,NA,NA,0,0,0,0
"9859",NA,NA,NA,NA,2006,"Congreso",NA,NA,NA,"Brasilia - Embajada",48,62,110,1
"9860",NA,NA,NA,NA,2006,"Congreso",NA,NA,NA,"Curitiba",58,48,106,1
"9861",NA,NA,NA,NA,2006,"Congreso",NA,NA,NA,"Manaos",27,36,63,1
"9862",NA,NA,NA,NA,2006,"Congreso",NA,NA,NA,"Rio de Janeiro",85,98,183,1
"9863",NA,NA,NA,NA,2006,"Congreso",NA,NA,NA,"Sao Paulo",208,218,426,2
"9864",NA,NA,NA,NA,2006,"Congreso",NA,NA,NA,"Tabatinga",23,24,47,1
"9865",NA,NA,NA,NA,2006,"Congreso",NA,NA,NA,NA,0,0,0,0
"9866",NA,NA,NA,NA,2006,"Congreso",NA,NA,NA,"Montreal",1173,1127,2300,7
"9867",NA,NA,NA,NA,2006,"Congreso",NA,NA,NA,"Otawa - Embajada",287,257,544,2
"9868",NA,NA,NA,NA,2006,"Congreso",NA,NA,NA,"Toronto",1236,1259,2495,8
"9869",NA,NA,NA,NA,2006,"Congreso",NA,NA,NA,"Vancouver",361,299,660,2
"9870",NA,NA,NA,NA,2006,"Congreso",NA,NA,NA,NA,0,0,0,0
"9871",NA,NA,NA,NA,2006,"Congreso",NA,NA,NA,"Seul - Embajada",25,15,40,1
"9872",NA,NA,NA,NA,2006,"Congreso",NA,NA,NA,NA,0,0,0,0
"9873",NA,NA,NA,NA,2006,"Congreso",NA,NA,NA,"San Jose - Embajada",2343,2541,4884,15
"9874",NA,NA,NA,NA,2006,"Congreso",NA,NA,NA,NA,0,0,0,0
"9875",NA,NA,NA,NA,2006,"Congreso",NA,NA,NA,"La Habana - Consulado",72,117,189,1
"9876",NA,NA,NA,NA,2006,"Congreso",NA,NA,NA,NA,0,0,0,0
"9877",NA,NA,NA,NA,2006,"Congreso",NA,NA,NA,NA,0,0,0,0
"9878",NA,NA,NA,NA,2006,"Congreso",NA,NA,NA,"Santiago - Embajada",167,148,315,1
"9879",NA,NA,NA,NA,2006,"Congreso",NA,NA,NA,"Santiago - Consulado",780,556,1336,4
"9880",NA,NA,NA,NA,2006,"Congreso",NA,NA,NA,NA,0,0,0,0
"9881",NA,NA,NA,NA,2006,"Congreso",NA,NA,NA,"Beijing - Embajada",27,32,59,1
"9882",NA,NA,NA,NA,2006,"Congreso",NA,NA,NA,"Hong Kong",48,24,72,1
"9883",NA,NA,NA,NA,2006,"Congreso",NA,NA,NA,NA,0,0,0,0
"9884",NA,NA,NA,NA,2006,"Congreso",NA,NA,NA,"Limassol",9,2,11,1
"9885",NA,NA,NA,NA,2006,"Congreso",NA,NA,NA,NA,0,0,0,0
"9886",NA,NA,NA,NA,2006,"Congreso",NA,NA,NA,"Cuenca",169,237,406,2
"9887",NA,NA,NA,NA,2006,"Congreso",NA,NA,NA,"Quito - Embajada",421,438,859,3
"9888",NA,NA,NA,NA,2006,"Congreso",NA,NA,NA,"Quito - Consulado",2131,2190,4321,13
"9889",NA,NA,NA,NA,2006,"Congreso",NA,NA,NA,"Esmeraldas",122,199,321,1
"9890",NA,NA,NA,NA,2006,"Congreso",NA,NA,NA,"Guayaquil",933,1306,2239,7
"9891",NA,NA,NA,NA,2006,"Congreso",NA,NA,NA,"Nueva Loja",518,530,1048,4
"9892",NA,NA,NA,NA,2006,"Congreso",NA,NA,NA,"Santo Domingo de los Colorado",1087,1291,2378,7
"9893",NA,NA,NA,NA,2006,"Congreso",NA,NA,NA,"Tulcan",355,298,653,2
"9894",NA,NA,NA,NA,2006,"Congreso",NA,NA,NA,NA,0,0,0,0
"9895",NA,NA,NA,NA,2006,"Congreso",NA,NA,NA,"El Cairo - Embajada",31,14,45,1
"9896",NA,NA,NA,NA,2006,"Congreso",NA,NA,NA,NA,0,0,0,0
"9897",NA,NA,NA,NA,2006,"Congreso",NA,NA,NA,"San Salvador - Consulado",110,94,204,1
"9898",NA,NA,NA,NA,2006,"Congreso",NA,NA,NA,NA,0,0,0,0
"9899",NA,NA,NA,NA,2006,"Congreso",NA,NA,NA,"Barcelona",4691,4400,9091,27
"9900",NA,NA,NA,NA,2006,"Congreso",NA,NA,NA,"Bilbao",1092,892,1984,6
"9901",NA,NA,NA,NA,2006,"Congreso",NA,NA,NA,"Madrid - Embajada",4022,3191,7213,21
"9902",NA,NA,NA,NA,2006,"Congreso",NA,NA,NA,"Madrid - Consulado",3840,3772,7612,23
"9903",NA,NA,NA,NA,2006,"Congreso",NA,NA,NA,"Sevilla",1258,701,1959,6
"9904",NA,NA,NA,NA,2006,"Congreso",NA,NA,NA,"Palma de Mallorca",575,434,1009,3
"9905",NA,NA,NA,NA,2006,"Congreso",NA,NA,NA,"Valencia",2651,2692,5343,16
"9906",NA,NA,NA,NA,2006,"Congreso",NA,NA,NA,NA,0,0,0,0
"9907",NA,NA,NA,NA,2006,"Congreso",NA,NA,NA,"Atlanta",2878,2621,5499,16
"9908",NA,NA,NA,NA,2006,"Congreso",NA,NA,NA,"Atlanta - Charlotte",672,603,1275,4
"9909",NA,NA,NA,NA,2006,"Congreso",NA,NA,NA,"Atlanta - Greenville",540,488,1028,3
"9910",NA,NA,NA,NA,2006,"Congreso",NA,NA,NA,"Houston - Austin",209,175,384,2
"9911",NA,NA,NA,NA,2006,"Congreso",NA,NA,NA,"Washington - Consulado",2066,1718,3784,11
"9912",NA,NA,NA,NA,2006,"Congreso",NA,NA,NA,"Boston",1930,2188,4118,12
"9913",NA,NA,NA,NA,2006,"Congreso",NA,NA,NA,"Chicago - Consulado",551,495,1046,4
"9914",NA,NA,NA,NA,2006,"Congreso",NA,NA,NA,"Chicago - San Agustin",366,356,722,3
"9915",NA,NA,NA,NA,2006,"Congreso",NA,NA,NA,"Chicago - Michigan",170,136,306,1
"9916",NA,NA,NA,NA,2006,"Congreso",NA,NA,NA,"Chicago - Missouri",104,78,182,1
"9917",NA,NA,NA,NA,2006,"Congreso",NA,NA,NA,"Chicago - Minnesota",111,95,206,1
"9918",NA,NA,NA,NA,2006,"Congreso",NA,NA,NA,"Houston - Dallas",407,376,783,3
"9919",NA,NA,NA,NA,2006,"Congreso",NA,NA,NA,"Houston - Consulado",1545,1373,2918,9
"9920",NA,NA,NA,NA,2006,"Congreso",NA,NA,NA,"Houston - Oklahoma City",101,106,207,1
"9921",NA,NA,NA,NA,2006,"Congreso",NA,NA,NA,"Los Angeles - Consulado",1011,904,1915,6
"9922",NA,NA,NA,NA,2006,"Congreso",NA,NA,NA,"Los Angeles - Canoga Park",119,85,204,1
"9923",NA,NA,NA,NA,2006,"Congreso",NA,NA,NA,"Los Angeles - Phoenix",100,58,158,1
"9924",NA,NA,NA,NA,2006,"Congreso",NA,NA,NA,"Los Angeles - San Diego",81,60,141,1
"9925",NA,NA,NA,NA,2006,"Congreso",NA,NA,NA,"Miami - Consulado",7457,6445,13902,41
"9926",NA,NA,NA,NA,2006,"Congreso",NA,NA,NA,"Miami - Orlando",1880,1786,3666,11
"9927",NA,NA,NA,NA,2006,"Congreso",NA,NA,NA,"Miami - Tampa",1146,993,2139,7
"9928",NA,NA,NA,NA,2006,"Congreso",NA,NA,NA,"Miami - Weston",3188,2584,5772,17
"9929",NA,NA,NA,NA,2006,"Congreso",NA,NA,NA,"Miami - Kendall",3789,2995,6784,20
"9930",NA,NA,NA,NA,2006,"Congreso",NA,NA,NA,"Miami - West Palm Beach",1856,1487,3343,10
"9931",NA,NA,NA,NA,2006,"Congreso",NA,NA,NA,"Miami - Plantation",2047,1781,3828,12
"9932",NA,NA,NA,NA,2006,"Congreso",NA,NA,NA,"Miami - Hialeah",1632,1383,3015,9
"9933",NA,NA,NA,NA,2006,"Congreso",NA,NA,NA,"Houston - Nueva Orleans",131,117,248,1
"9934",NA,NA,NA,NA,2006,"Congreso",NA,NA,NA,"Nueva York - Consulado",3192,3677,6869,20
"9935",NA,NA,NA,NA,2006,"Congreso",NA,NA,NA,"Nueva York - Queens",6668,6277,12945,38
"9936",NA,NA,NA,NA,2006,"Congreso",NA,NA,NA,"Nueva York - White Plains",801,787,1588,5
"9937",NA,NA,NA,NA,2006,"Congreso",NA,NA,NA,"Nueva York - Port Chester",709,707,1416,5
"9938",NA,NA,NA,NA,2006,"Congreso",NA,NA,NA,"Nueva York - Morristown",671,819,1490,5
"9939",NA,NA,NA,NA,2006,"Congreso",NA,NA,NA,"Nueva York - Hackensack",1319,1336,2655,8
"9940",NA,NA,NA,NA,2006,"Congreso",NA,NA,NA,"Nueva York - Union City",1740,1714,3454,11
"9941",NA,NA,NA,NA,2006,"Congreso",NA,NA,NA,"Nueva York - Paterson",839,958,1797,6
"9942",NA,NA,NA,NA,2006,"Congreso",NA,NA,NA,"Nueva York - Elizabeth",2213,2272,4485,14
"9943",NA,NA,NA,NA,2006,"Congreso",NA,NA,NA,"Nueva York - Dover",454,500,954,3
"9944",NA,NA,NA,NA,2006,"Congreso",NA,NA,NA,"Nueva York - Atlantic City",127,124,251,1
"9945",NA,NA,NA,NA,2006,"Congreso",NA,NA,NA,"Nueva York - Trenton",119,84,203,1
"9946",NA,NA,NA,NA,2006,"Congreso",NA,NA,NA,"Nueva York - Filadelfia",180,152,332,1
"9947",NA,NA,NA,NA,2006,"Congreso",NA,NA,NA,"Nueva York - Brentwood",360,394,754,3
"9948",NA,NA,NA,NA,2006,"Congreso",NA,NA,NA,"Houston - San Antonio",129,86,215,1
"9949",NA,NA,NA,NA,2006,"Congreso",NA,NA,NA,"San Francisco",819,591,1410,5
"9950",NA,NA,NA,NA,2006,"Congreso",NA,NA,NA,NA,0,0,0,0
"9951",NA,NA,NA,NA,2006,"Congreso",NA,NA,NA,"Manila - Embajada",15,13,28,1
"9952",NA,NA,NA,NA,2006,"Congreso",NA,NA,NA,NA,0,0,0,0
"9953",NA,NA,NA,NA,2006,"Congreso",NA,NA,NA,NA,0,0,0,0
"9954",NA,NA,NA,NA,2006,"Congreso",NA,NA,NA,"Paris - Embajada",293,204,497,2
"9955",NA,NA,NA,NA,2006,"Congreso",NA,NA,NA,"Paris - Consulado",1566,1043,2609,8
"9956",NA,NA,NA,NA,2006,"Congreso",NA,NA,NA,"Paris - Estrasburgo",33,17,50,1
"9957",NA,NA,NA,NA,2006,"Congreso",NA,NA,NA,"Paris - Montpellier",94,46,140,1
"9958",NA,NA,NA,NA,2006,"Congreso",NA,NA,NA,"Paris - Lyon",21,16,37,1
"9959",NA,NA,NA,NA,2006,"Congreso",NA,NA,NA,NA,0,0,0,0
"9960",NA,NA,NA,NA,2006,"Congreso",NA,NA,NA,NA,0,0,0,0
"9961",NA,NA,NA,NA,2006,"Congreso",NA,NA,NA,"Guatemala - Consulado",233,245,478,2
"9962",NA,NA,NA,NA,2006,"Congreso",NA,NA,NA,NA,0,0,0,0
"9963",NA,NA,NA,NA,2006,"Congreso",NA,NA,NA,NA,0,0,0,0
"9964",NA,NA,NA,NA,2006,"Congreso",NA,NA,NA,NA,0,0,0,0
"9965",NA,NA,NA,NA,2006,"Congreso",NA,NA,NA,"Amsterdam",211,130,341,1
"9966",NA,NA,NA,NA,2006,"Congreso",NA,NA,NA,"La Haya - Consulado",202,106,308,1
"9967",NA,NA,NA,NA,2006,"Congreso",NA,NA,NA,NA,0,0,0,0
"9968",NA,NA,NA,NA,2006,"Congreso",NA,NA,NA,"Tegucigalpa - Embajada",140,162,302,1
"9969",NA,NA,NA,NA,2006,"Congreso",NA,NA,NA,NA,0,0,0,0
"9970",NA,NA,NA,NA,2006,"Congreso",NA,NA,NA,NA,0,0,0,0
"9971",NA,NA,NA,NA,2006,"Congreso",NA,NA,NA,"Nueva Delhi - Embajada",37,15,52,1
"9972",NA,NA,NA,NA,2006,"Congreso",NA,NA,NA,NA,0,0,0,0
"9973",NA,NA,NA,NA,2006,"Congreso",NA,NA,NA,NA,0,0,0,0
"9974",NA,NA,NA,NA,2006,"Congreso",NA,NA,NA,"Londres - Consulado",2535,2146,4681,14
"9975",NA,NA,NA,NA,2006,"Congreso",NA,NA,NA,NA,0,0,0,0
"9976",NA,NA,NA,NA,2006,"Congreso",NA,NA,NA,NA,0,0,0,0
"9977",NA,NA,NA,NA,2006,"Congreso",NA,NA,NA,NA,0,0,0,0
"9978",NA,NA,NA,NA,2006,"Congreso",NA,NA,NA,"Tel Aviv - Consulado",115,93,208,1
"9979",NA,NA,NA,NA,2006,"Congreso",NA,NA,NA,"Tel Aviv - Ramalla",21,24,45,1
"9980",NA,NA,NA,NA,2006,"Congreso",NA,NA,NA,NA,0,0,0,0
"9981",NA,NA,NA,NA,2006,"Congreso",NA,NA,NA,"Milan",568,254,822,3
"9982",NA,NA,NA,NA,2006,"Congreso",NA,NA,NA,"Roma - Consulado",756,500,1256,4
"9983",NA,NA,NA,NA,2006,"Congreso",NA,NA,NA,NA,0,0,0,0
"9984",NA,NA,NA,NA,2006,"Congreso",NA,NA,NA,"Kingston - Consulado",28,31,59,1
"9985",NA,NA,NA,NA,2006,"Congreso",NA,NA,NA,NA,0,0,0,0
"9986",NA,NA,NA,NA,2006,"Congreso",NA,NA,NA,"Tokio - Consulado",286,198,484,2
"9987",NA,NA,NA,NA,2006,"Congreso",NA,NA,NA,"Tokio - Nagoya",37,14,51,1
"9988",NA,NA,NA,NA,2006,"Congreso",NA,NA,NA,"Tokio - Osaka",24,19,43,1
"9989",NA,NA,NA,NA,2006,"Congreso",NA,NA,NA,NA,0,0,0,0
"9990",NA,NA,NA,NA,2006,"Congreso",NA,NA,NA,"Nairobi - Embajada",13,16,29,1
"9991",NA,NA,NA,NA,2006,"Congreso",NA,NA,NA,NA,0,0,0,0
"9992",NA,NA,NA,NA,2006,"Congreso",NA,NA,NA,"Beirut - Embajada",132,119,251,1
"9993",NA,NA,NA,NA,2006,"Congreso",NA,NA,NA,NA,0,0,0,0
"9994",NA,NA,NA,NA,2006,"Congreso",NA,NA,NA,"Kualalumpur - Consulado",34,33,67,1
"9995",NA,NA,NA,NA,2006,"Congreso",NA,NA,NA,"Singapur",25,18,43,1
"9996",NA,NA,NA,NA,2006,"Congreso",NA,NA,NA,NA,0,0,0,0
"9997",NA,NA,NA,NA,2006,"Congreso",NA,NA,NA,NA,0,0,0,0
"9998",NA,NA,NA,NA,2006,"Congreso",NA,NA,NA,"Mexico - Consulado",1036,927,1963,6
"9999",NA,NA,NA,NA,2006,"Congreso",NA,NA,NA,"Monterrey",45,32,77,1
"10000",NA,NA,NA,NA,2006,"Congreso",NA,NA,NA,NA,0,0,0,0
"10001",NA,NA,NA,NA,2006,"Congreso",NA,NA,NA,"Managua - Consulado",97,88,185,1
"10002",NA,NA,NA,NA,2006,"Congreso",NA,NA,NA,NA,0,0,0,0
"10003",NA,NA,NA,NA,2006,"Congreso",NA,NA,NA,"Oslo",24,16,40,1
"10004",NA,NA,NA,NA,2006,"Congreso",NA,NA,NA,NA,0,0,0,0
"10005",NA,NA,NA,NA,2006,"Congreso",NA,NA,NA,"Panama - Consulado",2798,2314,5112,15
"10006",NA,NA,NA,NA,2006,"Congreso",NA,NA,NA,"Panama - Yaviza",80,121,201,1
"10007",NA,NA,NA,NA,2006,"Congreso",NA,NA,NA,"Colon",292,257,549,2
"10008",NA,NA,NA,NA,2006,"Congreso",NA,NA,NA,"David",97,117,214,1
"10009",NA,NA,NA,NA,2006,"Congreso",NA,NA,NA,"Puerto Obaldia",71,73,144,1
"10010",NA,NA,NA,NA,2006,"Congreso",NA,NA,NA,NA,0,0,0,0
"10011",NA,NA,NA,NA,2006,"Congreso",NA,NA,NA,"Asuncion - Embajada",63,60,123,1
"10012",NA,NA,NA,NA,2006,"Congreso",NA,NA,NA,NA,0,0,0,0
"10013",NA,NA,NA,NA,2006,"Congreso",NA,NA,NA,"Lima - Embajada",420,335,755,3
"10014",NA,NA,NA,NA,2006,"Congreso",NA,NA,NA,"Iquitos",21,20,41,1
"10015",NA,NA,NA,NA,2006,"Congreso",NA,NA,NA,NA,0,0,0,0
"10016",NA,NA,NA,NA,2006,"Congreso",NA,NA,NA,"Varsovia - Consulado",18,40,58,1
"10017",NA,NA,NA,NA,2006,"Congreso",NA,NA,NA,NA,0,0,0,0
"10018",NA,NA,NA,NA,2006,"Congreso",NA,NA,NA,"Lisboa - Embajada",117,59,176,1
"10019",NA,NA,NA,NA,2006,"Congreso",NA,NA,NA,NA,0,0,0,0
"10020",NA,NA,NA,NA,2006,"Congreso",NA,NA,NA,"San Juan de Puerto Rico",420,377,797,3
"10021",NA,NA,NA,NA,2006,"Congreso",NA,NA,NA,NA,0,0,0,0
"10022",NA,NA,NA,NA,2006,"Congreso",NA,NA,NA,"Santo Domingo - Embajada",516,600,1116,4
"10023",NA,NA,NA,NA,2006,"Congreso",NA,NA,NA,NA,0,0,0,0
"10024",NA,NA,NA,NA,2006,"Congreso",NA,NA,NA,NA,0,0,0,0
"10025",NA,NA,NA,NA,2006,"Congreso",NA,NA,NA,"Moscu - Embajada",39,79,118,1
"10026",NA,NA,NA,NA,2006,"Congreso",NA,NA,NA,NA,0,0,0,0
"10027",NA,NA,NA,NA,2006,"Congreso",NA,NA,NA,"Pretoria - Embajada",57,46,103,1
"10028",NA,NA,NA,NA,2006,"Congreso",NA,NA,NA,NA,0,0,0,0
"10029",NA,NA,NA,NA,2006,"Congreso",NA,NA,NA,"Estocolmo - Embajada",132,97,229,1
"10030",NA,NA,NA,NA,2006,"Congreso",NA,NA,NA,NA,0,0,0,0
"10031",NA,NA,NA,NA,2006,"Congreso",NA,NA,NA,"Berna - Consulado",361,222,583,2
"10032",NA,NA,NA,NA,2006,"Congreso",NA,NA,NA,"Ginebra",236,162,398,2
"10033",NA,NA,NA,NA,2006,"Congreso",NA,NA,NA,"Lugano",31,13,44,1
"10034",NA,NA,NA,NA,2006,"Congreso",NA,NA,NA,NA,0,0,0,0
"10035",NA,NA,NA,NA,2006,"Congreso",NA,NA,NA,NA,0,0,0,0
"10036",NA,NA,NA,NA,2006,"Congreso",NA,NA,NA,"Montevideo - Consulado",107,72,179,1
"10037",NA,NA,NA,NA,2006,"Congreso",NA,NA,NA,NA,0,0,0,0
"10038",NA,NA,NA,NA,2006,"Congreso",NA,NA,NA,"Caracas - Consulado",8575,7135,15710,46
"10039",NA,NA,NA,NA,2006,"Congreso",NA,NA,NA,"Caracas - Turumo",308,320,628,2
"10040",NA,NA,NA,NA,2006,"Congreso",NA,NA,NA,"Caracas - Catia",128,207,335,1
"10041",NA,NA,NA,NA,2006,"Congreso",NA,NA,NA,"Caracas - Baruta",311,496,807,3
"10042",NA,NA,NA,NA,2006,"Congreso",NA,NA,NA,"Barinas",674,1371,2045,6
"10043",NA,NA,NA,NA,2006,"Congreso",NA,NA,NA,"Barquisimeto",988,1238,2226,7
"10044",NA,NA,NA,NA,2006,"Congreso",NA,NA,NA,"El Amparo",362,289,651,2
"10045",NA,NA,NA,NA,2006,"Congreso",NA,NA,NA,"Machiques",1840,2393,4233,13
"10046",NA,NA,NA,NA,2006,"Congreso",NA,NA,NA,"Machiques - La Villa",509,759,1268,4
"10047",NA,NA,NA,NA,2006,"Congreso",NA,NA,NA,"Maracaibo - Consulado",4505,5121,9626,28
"10048",NA,NA,NA,NA,2006,"Congreso",NA,NA,NA,"Maracaibo - San Francisco",979,1385,2364,7
"10049",NA,NA,NA,NA,2006,"Congreso",NA,NA,NA,"Maracaibo - Cabimas",171,240,411,2
"10050",NA,NA,NA,NA,2006,"Congreso",NA,NA,NA,"Merida",891,1426,2317,7
"10051",NA,NA,NA,NA,2006,"Congreso",NA,NA,NA,"Puerto Ayacucho",138,170,308,1
"10052",NA,NA,NA,NA,2006,"Congreso",NA,NA,NA,"Puerto La Cruz",554,810,1364,4
"10053",NA,NA,NA,NA,2006,"Congreso",NA,NA,NA,"Puerto La Cruz - Porlamar",229,316,545,2
"10054",NA,NA,NA,NA,2006,"Congreso",NA,NA,NA,"Puerto La Cruz - El Tigre",40,77,117,1
"10055",NA,NA,NA,NA,2006,"Congreso",NA,NA,NA,"Puerto La Cruz - Maturin",130,267,397,2
"10056",NA,NA,NA,NA,2006,"Congreso",NA,NA,NA,"Puerto La Cruz - Cumana",66,97,163,1
"10057",NA,NA,NA,NA,2006,"Congreso",NA,NA,NA,"Puerto Ordaz",284,396,680,2
"10058",NA,NA,NA,NA,2006,"Congreso",NA,NA,NA,"Puerto Ordaz - Bolívar",37,44,81,1
"10059",NA,NA,NA,NA,2006,"Congreso",NA,NA,NA,"San Antonio del Tachira",1139,1062,2201,7
"10060",NA,NA,NA,NA,2006,"Congreso",NA,NA,NA,"San Antonio del Tachira- Rubi",264,315,579,2
"10061",NA,NA,NA,NA,2006,"Congreso",NA,NA,NA,"San Carlos del Zulia",1610,3644,5254,16
"10062",NA,NA,NA,NA,2006,"Congreso",NA,NA,NA,"San Carlos del Zulia -El Chiv",667,1909,2576,8
"10063",NA,NA,NA,NA,2006,"Congreso",NA,NA,NA,"San Cristobal",2102,2369,4471,13
"10064",NA,NA,NA,NA,2006,"Congreso",NA,NA,NA,"San Cristóbal - Ayacucho",170,207,377,2
"10065",NA,NA,NA,NA,2006,"Congreso",NA,NA,NA,"San Cristóbal - Fernández Feo",143,171,314,1
"10066",NA,NA,NA,NA,2006,"Congreso",NA,NA,NA,"San Cristóbal -García de Hevi",190,216,406,2
"10067",NA,NA,NA,NA,2006,"Congreso",NA,NA,NA,"San Cristóbal - Jauregui",136,284,420,2
"10068",NA,NA,NA,NA,2006,"Congreso",NA,NA,NA,"San Cristóbal - Torbes",141,156,297,1
"10069",NA,NA,NA,NA,2006,"Congreso",NA,NA,NA,"San Fernando de Atabapo",67,77,144,1
"10070",NA,NA,NA,NA,2006,"Congreso",NA,NA,NA,"Valencia",3691,4154,7845,23
