codigo_municipio,internet_access_rate,labor_force_participation_rate,pct_afro_colombian,pct_age_18_29,pct_age_30_54,pct_age_55_plus,pct_female,pct_indigenous,pct_rural_disperso,pct_school_attendance,persons_per_household,poblacion_afrocolombiana,poblacion_indigena,poblacion_rural_dispersa,poblacion_total,rooms_per_household,years_schooling_promedio
05001,0.592113972008722,0.5727026463640773,0.024897042148436348,0.2522993159713863,0.46305409320051205,0.2846465908281017,0.5298828577811687,0.000872981414895904,0.008350440284446092,0.24871895547376796,2.893710920878536,59064.0,2071.0,19810.0,2372330.0,2.2341727363733646,4.274596607506143
05002,0.13344296957594268,0.4805448782790478,0.0035229274390590373,0.18609883487344314,0.4574527922860587,0.3564483728404982,0.4807091312006364,0.00011364282061480765,0.5798624921870561,0.25039331961757233,2.9152289316522895,62.0,2.0,10205.0,17599.0,1.8829681274900398,3.17134509624198
05004,0.07190160832544938,0.48235974551764027,0.019916628068550254,0.19907407407407407,0.4801587301587302,0.32076719576719576,0.4576192681797128,0.0,0.6303844372394627,0.24308002013085053,2.759020618556701,43.0,0.0,1361.0,2159.0,1.9446589446589446,3.3658536585365852
05021,0.08623087621696801,0.4726863753213368,0.003125814014066163,0.1951127819548872,0.45977443609022556,0.3451127819548872,0.5019536337587913,0.0,0.4230268299036207,0.2586304470854556,2.764450867052023,12.0,0.0,1624.0,3839.0,1.9717595944967414,3.167017913593256
05030,0.1866575083712544,0.5117654968401237,0.004660527198836732,0.23634125070538142,0.4712460883394039,0.2924126609552147,0.5062823906640319,0.0003355579583162447,0.2119234927855039,0.21365209435538407,3.0039396668167493,125.0,9.0,5684.0,26821.0,2.0328643781654474,3.498819915333608
05031,0.16454377026401112,0.49636038186157516,0.005033308660251665,0.2540163685965444,0.48355562291603515,0.2624280084874204,0.4978040957315569,9.869232667160128e-05,0.41292869479397976,0.2717693624304664,2.9627831715210355,102.0,2.0,8368.0,20265.0,2.088581518540318,3.4818539353810922
05034,0.164756741919989,0.5150133782578535,0.00589869966442953,0.23059454227318418,0.46789024980454935,0.3015152079222665,0.4815174077181208,0.0065016778523489934,0.40722000838926176,0.23160936145622651,3.02458748570495,225.0,248.0,15533.0,38144.0,2.062744778067885,3.4490470478475275
05036,0.2729995721009842,0.4907142857142857,0.0053709966182613885,0.21573604060913706,0.45346869712351945,0.33079526226734346,0.4951263178834295,0.0005967774020290431,0.4127710364034215,0.23621713316369805,2.9111498257839723,27.0,3.0,2075.0,5027.0,1.8628704241719931,3.352318145483613
05038,0.06461686283929859,0.4522226111305565,0.004666666666666667,0.24632834084629926,0.4659008288497892,0.2877708303039116,0.49266666666666664,0.0,0.7369523809523809,0.2535326643456891,3.166465621230398,49.0,0.0,7738.0,10500.0,1.876360338573156,3.2818618042226486
05040,0.07142857142857142,0.48161474330846865,0.016825265480623363,0.2990895807575587,0.48814207036079577,0.2127683488816455,0.4825541304647635,0.011515653013377465,0.47310715763342986,0.3040565966734402,3.0535751951065175,244.0,167.0,6861.0,14502.0,1.9494692144373673,3.2182134167535628
05042,0.19333448157078884,0.526383792444054,0.03036698828394211,0.23989618094178716,0.47991595600049436,0.2801878630577185,0.5030582356995176,0.0010337698139214334,0.3010854583046175,0.26074954381696536,2.8412718050228873,705.0,24.0,6990.0,23216.0,1.8787428854244,3.623183360891132
05044,0.02320887991927346,0.5028735632183908,0.0034439574201628053,0.23288973384030418,0.4935836501901141,0.2735266159695818,0.482780212899186,0.00031308703819661864,0.6897307451471509,0.24152542372881355,3.022243256034075,22.0,2.0,4406.0,6388.0,1.859375,3.4063883617963313
05045,0.35554396164070456,0.533660817661672,0.377671434488715,0.29827011629354094,0.5168355988218538,0.18489428488460527,0.5078215195339696,0.007138513602834255,0.07278639980963963,0.3245396203998559,3.1172620368315953,42854.0,810.0,8259.0,113469.0,1.9128606438676619,3.6585884845840866
05051,0.07509179201705556,0.40367590454195534,0.2700749362851383,0.23276628157928145,0.4950488764758157,0.2721848419449029,0.49697592148807485,0.03644109703678344,0.5382479363992544,0.34270928970870546,3.412857142857143,7100.0,958.0,14150.0,26289.0,1.9191367654706188,3.586704980842912
05055,0.053946967387991464,0.47442617025121997,0.008441943127962086,0.21464879852125693,0.47250462107208874,0.31284658040665436,0.4825236966824645,0.0002962085308056872,0.556872037914692,0.25431103948428685,2.971315092674316,57.0,2.0,3760.0,6752.0,1.943121693121693,3.1068862275449103
05059,0.05129434324065196,0.4613233923578751,0.001832940560356114,0.14150280898876405,0.43293539325842695,0.425561797752809,0.4993453783713014,0.0007855459544383347,0.575019638648861,0.2017592083562397,2.420418516169943,7.0,3.0,2196.0,3819.0,1.788400254939452,3.743225466982373
05079,0.26294717138103163,0.5463280534101322,0.005138860960296713,0.22736816480540425,0.48111858320908013,0.29151325198551564,0.5038094599727417,0.00044685747480840987,0.3947762361194897,0.23735731744939367,2.7663360198388096,230.0,20.0,17669.0,44757.0,2.111807408326612,3.6322387522225474
05086,0.10893246187363835,0.4899405578417924,0.39222284539166197,0.245418098510882,0.502290950744559,0.252290950744559,0.4916806879790615,0.0001869508319312021,0.6507758459525145,0.28760795340429807,3.4222648752399234,2098.0,1.0,3481.0,5349.0,1.9865556978233034,3.142884071630537
05088,0.5524184387495457,0.5634105771753605,0.01924046640285038,0.2689611523475578,0.4863147425555421,0.24472410509690015,0.5185650164660376,0.0006287598490146316,0.017561698357131443,0.27953307988556586,2.9549574071897404,9272.0,303.0,8463.0,481901.0,2.2608865880715188,4.036781798141627
05091,0.09518599562363239,0.4831168831168831,0.007451391314471999,0.22218364867210555,0.4665856622114216,0.31123068911647284,0.4787518919548259,0.0037256956572359994,0.5932006054255443,0.2457014702217792,3.2253098009763423,64.0,32.0,5095.0,8589.0,2.0304396843291994,3.3839672322995904
05093,0.07702743442870064,0.5064946018893387,0.004702921110154335,0.2423498106642104,0.48991914850066526,0.26773104083512433,0.4861893091342651,0.0017884347883685501,0.6563555673312579,0.2506287274556298,3.169751787968027,71.0,27.0,9909.0,15097.0,1.9157850190435886,3.296962804388547
05101,0.1953091684434968,0.5184217541988803,0.008176019862163434,0.2146871945259042,0.4614491691104594,0.32386363636363635,0.49993579041993064,0.010915628611788878,0.30516673087624674,0.23659437009690817,3.0801867911941296,191.0,255.0,7129.0,23361.0,2.0174806511876167,3.5038833275802554
05107,0.02305366591080877,0.46002650176678445,0.005045408678102927,0.2668900055834729,0.4983249581239531,0.23478503629257397,0.48351833165153046,0.0005045408678102926,0.5316178943827783,0.3044034350447652,2.9261811023622046,30.0,3.0,3161.0,5946.0,1.8201581027667983,3.411834319526627
05113,0.07220469681037504,0.4701429772918419,0.0036442164934539075,0.26588628762541805,0.47115384615384615,0.2629598662207358,0.4769874476987448,0.0,0.64664597111621,0.22673559822747416,3.3279132791327912,27.0,0.0,4791.0,7409.0,1.8572074107546317,3.2341961852861036
05120,0.054578211106401014,0.44100668422118694,0.022448979591836733,0.26854909360469037,0.4949794460543163,0.23647146034099334,0.4786848072562358,0.06326530612244897,0.3437641723356009,0.39060913705583755,3.439557545430603,594.0,1674.0,9096.0,26460.0,1.7915678524374177,3.3546983870346847
05125,0.04241071428571429,0.4935088681660267,0.002279851809632374,0.2585290208241028,0.4964554718653079,0.24501550731058927,0.4961527500712454,0.00014249073810202338,0.7848389854659447,0.2652396463471382,3.0553135888501743,16.0,1.0,5508.0,7018.0,1.775762936753649,3.128411376041367
05129,0.5750866094291309,0.5519760876785121,0.005350118017309205,0.23498275449919748,0.47128026500017073,0.29373698050063174,0.5202334120115395,0.0006425386834513506,0.06076580120639916,0.23111643587528907,3.103897695701912,408.0,49.0,4634.0,76260.0,2.162169919632606,3.8818733761068986
05134,0.055537617048756864,0.47826822256046,0.002960172228202368,0.24065672931518686,0.474400518470512,0.28494275221430115,0.4839881593110872,0.0,0.6167922497308934,0.2698088428425507,3.347806422433288,22.0,0.0,4584.0,7432.0,1.9542779538252604,3.2759651984774334
05138,0.07205525480679485,0.47291721534544817,0.0033100404560500183,0.2204001311905543,0.4479064174046135,0.3316934514048322,0.49378447958808386,0.0002206693637366679,0.5783008458992277,0.24924567254248053,3.069714803078316,45.0,3.0,7862.0,13595.0,1.866877971473851,3.4234053612534345
05142,0.09471680152308425,0.5239377618192699,0.003024955886059995,0.1870031109574836,0.4296577946768061,0.38333909436571034,0.49407612805646584,0.0,0.38416939752961937,0.21880894637564,2.6366666666666667,12.0,0.0,1524.0,3967.0,1.9607190412782955,3.4443314692425013
05145,0.07755298651252408,0.4704391891891892,0.0035137034434293743,0.16994517897452435,0.4633989035794905,0.3666559174459852,0.4968376669009136,0.00023424689622862497,0.47880065589130943,0.2099039172209904,2.7975098296199215,15.0,1.0,2044.0,4269.0,1.8518762343647137,3.1718196837384944
05147,0.16598704725353802,0.48017919026286876,0.2475400557297109,0.3053246706108671,0.5168233457950709,0.17785198359406193,0.499542842215256,0.0014803204458376871,0.16708028561476837,0.33659139967500185,3.229025589849597,11371.0,68.0,7675.0,45936.0,1.887508035140347,3.4620874219446924
05148,0.30283074953125716,0.567190382008489,0.0028916198632041373,0.25941765000923944,0.4936247723132969,0.24695757767746362,0.5048657065005839,0.0005190086933956144,0.36236074811395946,0.24271123863795974,3.1706393801384043,156.0,28.0,19549.0,53949.0,2.1070689145223307,3.6114627154610774
05150,0.1700404858299595,0.4795847750865052,0.01136703559676937,0.17394726485635575,0.4478551751279024,0.37819756001574184,0.5076278791504637,0.0023930601256356566,0.20969189350882442,0.22767574414186192,2.5597532767925983,38.0,8.0,701.0,3343.0,1.890894819466248,3.8145454545454545
05154,0.20043110486952545,0.510850675103605,0.040629389614835275,0.274581818873813,0.4964128717958477,0.2290053093303393,0.515728838367742,0.012712914763270654,0.058158338940236316,0.32040025570442654,3.336322338534466,3442.0,1077.0,4927.0,84717.0,1.9040911074957343,3.5926848453067644
05172,0.1870878699585953,0.4963296668114981,0.4955006838960478,0.2971212752037114,0.5017843335514185,0.20109439124487005,0.5161075516521488,0.03995392700309553,0.13980274998200273,0.35334371980199974,3.2822118508891123,27532.0,2220.0,7768.0,55564.0,1.9612628087425221,3.523010119728929
05190,0.21077935222672065,0.4650854644229495,0.012345679012345678,0.2035288655006965,0.44466800804828976,0.35180312645101375,0.5207631874298541,0.0006734006734006734,0.135016835016835,0.2322820482072191,2.7723729342064236,110.0,6.0,1203.0,8910.0,2.0031191515907674,3.4780095216504194
05197,0.05537993209226086,0.46378244746600744,0.005765448009224717,0.2085625687706312,0.4468340502150645,0.34460338101430427,0.5060028488096046,0.0,0.5612833208980533,0.25272620100206306,2.8784259984338294,85.0,0.0,8275.0,14743.0,1.8813492841733672,3.2716699733187387
05206,0.06270996640537514,0.49150485436893204,0.003048780487804878,0.18436733263231686,0.44654749386610587,0.36908517350157727,0.48602642276422764,0.0,0.5492886178861789,0.21606118546845124,2.7784900284900287,12.0,0.0,2162.0,3936.0,1.9479686386315038,3.2740569668976134
05209,0.0920708684286959,0.4606823130897653,0.0037899968934451693,0.21418997408631937,0.46510588866053076,0.32070413725314983,0.5015843429636533,0.0,0.5345138241689966,0.2230110808838166,3.024477499529279,61.0,0.0,8603.0,16095.0,1.9330062275901114,3.6121489468405215
05212,0.5869659509867707,0.563151357246728,0.00887825416127303,0.23513420509291122,0.4770474879559532,0.2878183069511356,0.5151087226558925,0.000679925208227095,0.1736555132781548,0.2615993754182467,3.0293063629847894,679.0,52.0,13281.0,76479.0,2.1840917262594384,4.1651500099344325
05234,0.0879968619246862,0.46683997689196993,0.00510630805123916,0.28165972543575507,0.46552521980564554,0.2528150547585994,0.49174626931372983,0.2089624510278646,0.5785535061847955,0.3399095562291905,3.4654645476772616,116.0,4747.0,13143.0,22717.0,1.8257217045975256,3.7722140402552773
05237,0.2793670115642118,0.5692204862561617,0.0045045045045045045,0.25129718180893273,0.4801098789296978,0.2685929392613694,0.5380771396396397,0.0,0.20199887387387389,0.2587338715762469,3.0012714558169105,64.0,0.0,2870.0,14208.0,2.1980491942324005,3.32500353957242
05240,0.07515423443634324,0.44848621780388614,0.004546333913716386,0.15731964191679831,0.43430753027909424,0.40837282780410744,0.4887792609789127,0.0001934610176049526,0.7025536854323854,0.21623555873632552,2.696708463949843,47.0,2.0,7263.0,10338.0,1.8664750457277242,3.4473504440324
05250,0.11191229921444483,0.4894176309585106,0.0464086310398388,0.28534923339011925,0.49670394785571437,0.21794681875416635,0.49937030351370637,0.018471096931279123,0.17931656941354268,0.3338756158780329,3.622504952003657,2211.0,880.0,8543.0,47642.0,1.9070589138950764,3.4308268608071786
05264,0.2559508574353724,0.5344592754017978,0.0035147392290249433,0.2527653954102691,0.5083374607891695,0.23889714380056135,0.5002267573696145,0.0007936507936507937,0.42029478458049885,0.2599606492867683,3.136477313326188,31.0,7.0,3707.0,8820.0,2.156127188281529,3.3678016453382082
05266,0.7784225441964888,0.5787480138455695,0.006524287200440601,0.1937079044814415,0.4659357961337726,0.34035629938478584,0.5388985911117178,0.0004660205143171858,0.03752641959733945,0.23869315435706562,2.84069608185407,1386.0,99.0,7972.0,212437.0,2.306403302841415,5.226763578671713
05282,0.11575035523007979,0.5034199726402189,0.008355508249068654,0.17846197705081604,0.44715273323355426,0.3743852897156297,0.4989356040447046,0.0007982969664715274,0.5294837679616817,0.21770886004831733,2.8085106382978724,157.0,15.0,9949.0,18790.0,1.9727218225419665,3.4072289156626505
05284,0.11719693918646798,0.4674832680894052,0.005159753919428458,0.24916970433373836,0.46099635479951395,0.2898339408667477,0.49518753720976383,0.1891248263544354,0.5267910299662631,0.287663634346572,3.3726312258930067,104.0,3812.0,10618.0,20156.0,1.8814839684404903,3.644788618706488
05306,0.018502581755593803,0.5107540173053152,0.002966185485465691,0.2348165965123271,0.4783523752254961,0.28683102826217677,0.484872454024125,0.0,0.5797903895590271,0.2661238482965502,3.001186943620178,15.0,0.0,2932.0,5057.0,1.8759643916913946,3.050857598723574
05308,0.45722417545621963,0.541205293877453,0.060658578856152515,0.2382577826324413,0.48246859639541234,0.27927362097214636,0.5085125904781324,0.0009379141604648792,0.29067183199102864,0.2461927260740578,3.1484619395203337,2975.0,46.0,14256.0,49045.0,2.2285064935064933,3.933079378152991
05310,0.15393208221626453,0.4832835396215678,0.008014571948998178,0.17719180382935842,0.46372186765199863,0.3590863285186429,0.4961748633879781,0.00012143290831815422,0.41687917425622345,0.24246734773050563,2.7455700434637245,66.0,1.0,3433.0,8235.0,1.9899665551839465,3.270835883000857
05313,0.0640024976584452,0.5009581166164796,0.017709691438505,0.2204515272244356,0.44687915006640105,0.33266932270916333,0.5040199913081269,0.012711864406779662,0.40004345936549324,0.25484333891413535,2.829950799507995,163.0,117.0,3682.0,9204.0,1.7652713178294575,2.9516093474426808
05315,0.11339244050396641,0.45598243688254664,0.005319148936170213,0.2321140398063475,0.4787520172135557,0.2891339429800968,0.48991195891415995,0.000917094644167278,0.5409024211298606,0.2628896294844148,2.9375,29.0,5.0,2949.0,5452.0,1.8622559652928417,3.39219674556213
05318,0.272890654559213,0.5411847474321092,0.004470588235294118,0.23540294763248668,0.46842270304170586,0.29617434932580744,0.5043529411764706,0.0009411764705882353,0.5677882352941176,0.2370372244856644,3.185359199757502,190.0,40.0,24131.0,42500.0,2.16317547055252,3.8017087931648272
05321,0.32735669654985056,0.527027027027027,0.004120488775220233,0.2265139751552795,0.4625388198757764,0.3109472049689441,0.5137823245240125,0.0005683432793407218,0.19281045751633988,0.24242890084550345,2.834345889023896,29.0,4.0,1357.0,7038.0,2.2348178137651824,3.8447778418926717
05347,0.06850363566781477,0.4731048286214661,0.004459545551072415,0.17766934557979333,0.4394374282433984,0.38289322617680827,0.4767466553408367,0.0012741558717349756,0.4157995328095137,0.21755725190839695,2.8180730101735487,21.0,6.0,1958.0,4709.0,1.8695391980849791,3.3914902715415867
05353,0.1488701816570669,0.5569955038349643,0.00787878787878788,0.21018015441807264,0.4443808979124964,0.34543894766943095,0.5022222222222222,0.0022222222222222222,0.3327272727272727,0.24584143443508316,2.8846153846153846,39.0,11.0,1647.0,4950.0,1.9031505250875145,3.5764370158988994
05360,0.6339664136480586,0.5858448238369333,0.008119028450776966,0.24436839476378167,0.47625453124768186,0.2793770739885365,0.5230241672109732,0.0012113985387267783,0.015721598590372608,0.24070670058959345,3.0650683727633847,2138.0,319.0,4140.0,263332.0,2.2609958945523414,4.14708515355149
05361,0.091672218520986,0.4605010952902519,0.0052976791120080725,0.26152536187811704,0.5246928597494223,0.21378177837246076,0.3893373696602758,0.020055499495459133,0.6386646485031954,0.29417670682730923,3.2735179268725596,126.0,477.0,15190.0,23784.0,1.9426491477272727,3.6318293822754693
05364,0.14014466546112117,0.5117688389249956,0.00494793589838269,0.20894607843137256,0.440359477124183,0.3506944444444444,0.49988922531570784,0.10981463702828446,0.44671737685547597,0.2151378683732322,3.0069289226642826,67.0,1487.0,6049.0,13541.0,2.1122767857142857,3.4019302152932442
05368,0.17591155934833205,0.49251353934374004,0.0021320067513547125,0.17654730851316103,0.44237609675124495,0.381076594735594,0.5043084303100294,0.00017766722927955937,0.3558674602469574,0.21337426844478558,2.8743169398907105,24.0,2.0,4006.0,11257.0,2.0646585302518825,3.567346572019049
05376,0.4764189007441944,0.5636511429647694,0.003418314080759775,0.23620717204227443,0.4751991599899564,0.2885936679677692,0.5149193412588826,0.00028626275553160675,0.10931869464183477,0.2411171647329267,3.2410960414599184,203.0,17.0,6492.0,59386.0,2.301169590643275,3.8864856599157265
05380,0.6022115111993195,0.6039949761712231,0.005391788571176029,0.23773059519665854,0.49450825695169587,0.26776114785164556,0.5163889748235884,0.00019151161591608845,0.09314830364903287,0.24129754339372095,3.0458223474861352,366.0,13.0,6323.0,67881.0,2.2466420798615854,4.251690469467521
05390,0.18307643913180247,0.5773522316043426,0.0109104589917231,0.27123483226266953,0.493576017130621,0.2351891506067095,0.4983697015299724,0.001128668171557562,0.06232756458490093,0.22190898107128473,2.987635818658674,87.0,9.0,497.0,7974.0,1.821388367729831,3.4949981005445108
05400,0.2293504410585405,0.565042492917847,0.0023592854735422987,0.25050017247326667,0.47947568126940326,0.2700241462573301,0.5029611440127113,9.62973662670326e-05,0.3594299195916992,0.2454051255500906,3.339452495974235,49.0,2.0,7465.0,20769.0,2.1285322137897627,3.2637592376507194
05411,0.08842405514618493,0.43949468085106386,0.004288597376387487,0.18180150431113556,0.47000550357732523,0.34819299211153915,0.4851160443995964,0.00012613521695257316,0.4895307769929364,0.2679173977594817,3.053323029366306,34.0,1.0,3881.0,7928.0,1.8932714617169373,3.2628833184883574
05425,0.09101382488479262,0.5143854980874771,0.007126216253254762,0.2170117742590337,0.46345919610231423,0.31952902963865204,0.5002055639303824,0.001096340962039194,0.4574482664108538,0.26566193853427894,2.85512920908379,52.0,8.0,3338.0,7297.0,1.918559122944401,3.309556595979069
05440,0.37407085626025677,0.5489017190484459,0.0032953105196451204,0.25881147540983607,0.4858606557377049,0.255327868852459,0.5072243346007604,0.0007242440702516748,0.2608002896976281,0.24551716064076798,2.9914414170413304,182.0,40.0,14404.0,55230.0,2.122843190450353,3.598805675779324
05467,0.04015020219526285,0.44975024975024974,0.0022105084169358954,0.17009345794392525,0.44299065420560746,0.38691588785046727,0.48869239925182795,0.001190273762965482,0.6905288216289747,0.20703971119133574,2.86598440545809,13.0,7.0,4061.0,5881.0,1.8839024390243901,3.155036094877965
05475,0.04375497215592681,0.3948443885570575,0.519388194743645,0.33026255181943803,0.4956241363426992,0.17411331183786274,0.4911676001723395,0.4146919431279621,0.5234812580784145,0.3874249934776937,4.015570934256055,2411.0,1925.0,2430.0,4642.0,2.1161347517730498,3.432495344506518
05480,0.06828588492932511,0.48454688318491357,0.09415404140556834,0.29193071398394593,0.5000704126179412,0.20799887339811293,0.4921075592924566,0.16776394066788292,0.4030300626635996,0.3318282425852147,3.400431732325958,1187.0,2115.0,5081.0,12607.0,1.824086603518268,3.594449346274164
05483,0.042210101968223855,0.4787527193618564,0.0031384400790421944,0.1903580290677065,0.4542715349166962,0.3553704360155973,0.4868069278158782,0.0002324770428920144,0.61222829245612,0.241474078700812,3.008747375787264,27.0,2.0,5267.0,8603.0,1.956567425569177,3.1331381733021075
05490,0.08422653534183082,0.42012034345209925,0.4778240499739719,0.2740685751403517,0.4967289936435763,0.229202431216072,0.5030192608016658,0.03891202498698595,0.46114003123373243,0.367680422733408,3.3169299835966504,18358.0,1495.0,17717.0,38420.0,1.8032659409020217,3.3909323984930935
05495,0.04928536224741252,0.48778387687008934,0.12370148757583313,0.27021260943132497,0.4927536231884058,0.23703376738026927,0.4860383944153578,0.003864372974320618,0.28658688606332583,0.334771829951336,3.279203056768559,2977.0,93.0,6897.0,24066.0,1.7622167622167622,3.2615102057853655
05501,0.05931656995486783,0.4666666666666667,0.011769032732622288,0.19015191199580933,0.4531168150864327,0.35673127291775797,0.49025376976829715,0.0003677822728944465,0.5902905479955867,0.2531545741324921,2.7688391038696536,32.0,1.0,1605.0,2719.0,1.6860346585117227,3.3733730011156564
05541,0.12874337987481946,0.519163763066202,0.004053303720155469,0.22407249632096662,0.4578266594376888,0.3181008442413446,0.5133814547473626,0.0007218212104386452,0.3889505830094392,0.2198644793152639,2.9405228758169937,73.0,13.0,7005.0,18010.0,1.9269369074861065,3.2229601518026567
05543,0.04751203852327448,0.5004394445420988,0.008106219426974143,0.2523069997749269,0.4737789781679046,0.2739140220571686,0.47044025157232705,0.0,0.6493361285814117,0.26918354818907303,3.340037418147802,58.0,0.0,4646.0,7155.0,1.8105163429654192,3.5726568005637773
05576,0.118190822053483,0.45412078745412077,0.004026659261316301,0.19559559559559558,0.45285285285285287,0.35155155155155154,0.49888919744515414,0.023188003332407666,0.47139683421271866,0.24406175771971497,3.043956043956044,29.0,167.0,3395.0,7202.0,2.037791932059448,3.288733379986004
05579,0.25251711639146196,0.5475560978916684,0.039401103230890466,0.24373431087380962,0.4917719249312667,0.2644937641949237,0.4991983913480612,0.001603217303877612,0.0888291079046765,0.2672294241784745,2.8235247712212055,1450.0,59.0,3269.0,36801.0,1.7960277427490543,3.655889786962198
05585,0.13924489089019743,0.4991914291489792,0.029767288874270208,0.18501086169442432,0.5089307265266715,0.3060584117789042,0.4945316996957487,0.0016446015952635473,0.1864155908231231,0.2599947047921631,2.7523831139355424,362.0,20.0,2267.0,12161.0,1.7535803591725392,3.5315785117126066
05591,0.18231314964527306,0.5646437994722955,0.009169520051070745,0.29897610921501705,0.5091296928327645,0.19189419795221843,0.4491904126284023,0.0004642794962567466,0.22830944228425512,0.2598104598104598,2.970847717683161,158.0,8.0,3934.0,17231.0,1.7829501915708812,3.3831797503790972
05604,0.13084965993300174,0.5035315561631352,0.005326231691078562,0.2871783845767935,0.5048376693184261,0.20798394610478033,0.5004882379050155,0.004260985352862849,0.32254771415889927,0.3185401459854015,3.1099295677392624,120.0,96.0,7267.0,22530.0,1.900027616680475,3.331213613972235
05607,0.3874026751846676,0.5728775567385822,0.00285024154589372,0.2019695044472681,0.4781448538754765,0.3198856416772554,0.509903381642512,9.66183574879227e-05,0.36342995169082126,0.2179921907110563,2.9340941512125536,59.0,2.0,7523.0,20700.0,2.1690924657534247,4.167859054849856
05615,0.5149006971209537,0.5568506526878405,0.006151202749140893,0.24042616429273647,0.4796177324584467,0.27995610324881687,0.5101202749140894,0.0004123711340206186,0.2804639175257732,0.24708497337346608,2.894284562270047,716.0,48.0,32646.0,116400.0,2.2032316795630407,4.202241218553665
05628,0.030954030954030955,0.44992399932443844,0.013915485765351718,0.2646762154528949,0.46661287068791607,0.26871091385918905,0.47619047619047616,0.0005106600280863015,0.5328737393080557,0.27206602322003076,3.213903743315508,109.0,4.0,4174.0,7833.0,1.7182229535170712,3.1305301173739197
05631,0.7342889279843106,0.6220135803504065,0.006980696113549397,0.22566405474346637,0.5036887687302387,0.2706471765262949,0.5343227746738878,0.000550142425761336,0.045600694401995184,0.25439931327792736,2.7582361885453626,571.0,45.0,3730.0,81797.0,2.1552778155141965,5.14829994304252
05642,0.0982411662177151,0.5056994036385597,0.006209605880116588,0.2263554356923649,0.46935738863572957,0.3042871756719055,0.4931567608668103,0.0004435432771511849,0.5271828665568369,0.22876349562028928,2.959360301034807,98.0,7.0,8320.0,15782.0,2.05759457933371,3.489299363057325
05647,0.09356313753077734,0.4742493537482601,0.007148530579825258,0.25406758448060074,0.4658322903629537,0.28010012515644556,0.48737092930897535,0.00015885623510722796,0.5741064336775218,0.23072925688550147,3.188956433637285,45.0,1.0,3614.0,6295.0,1.9532994923857867,3.057458386683739
05649,0.10665325116337568,0.47770865733540696,0.0032458563535911603,0.2060194568301581,0.4590595865423591,0.3349209566274828,0.49205801104972374,0.0006906077348066298,0.4102209944751381,0.2461136023916293,2.697635135135135,47.0,10.0,5940.0,14480.0,1.8876362269823375,3.3732197710136833
05652,0.07605939876856212,0.4541003671970624,0.006150978564771668,0.23223164668031587,0.43521497513892954,0.3325533781807546,0.4995340167753961,0.0001863932898415657,0.41919850885368126,0.2693272043460092,2.872937293729373,33.0,1.0,2249.0,5365.0,1.6967032967032967,3.4028116213683224
05656,0.1310520567892246,0.5205608356074151,0.0027359781121751026,0.228733055822393,0.48201515636674136,0.28925178781086563,0.5057759537923696,0.0006839945280437756,0.5053959568323454,0.23522718036251322,3.0706102408230067,36.0,9.0,6650.0,13158.0,1.9075158042612972,3.5716800612323
05658,0.17211155378486057,0.48980441115272577,0.009485094850948509,0.26526202052944353,0.4959481361426256,0.23878984332793085,0.5176151761517616,0.0,0.28387533875338755,0.3264932209600586,3.0590673575129532,28.0,0.0,838.0,2952.0,2.1182572614107884,3.19106529209622
05659,0.03179723502304147,0.3968868995924911,0.5128551420568227,0.25868899693859176,0.5074734377813794,0.2338375652800288,0.5046018407362945,0.01055422168867547,0.5330132052821128,0.3593871003429583,3.4439276485788115,10253.0,211.0,10656.0,19992.0,1.8383873190902826,3.4060468631897205
05660,0.12348090277777778,0.4961430967020682,0.004586330935251798,0.2375946173254836,0.487524530417718,0.2748808522567984,0.50431654676259,0.00017985611510791367,0.34217625899280574,0.2718503937007874,3.0005406866720734,51.0,2.0,3805.0,11120.0,2.024864864864865,3.277918323093603
05664,0.26351265420323033,0.4978047709644373,0.003329633740288568,0.254444350829893,0.49928384868143905,0.24627180048866795,0.5173199369122028,0.0002920731351130323,0.36941410129096325,0.2742322760015165,3.2412873738335555,57.0,5.0,6324.0,17119.0,2.270455845889758,3.650654249675822
05665,0.06977236633139228,0.4056267958999871,0.010679070986339962,0.2531196273085242,0.5008041705950862,0.24607620209638956,0.48543911946801194,0.01873751105578668,0.5593081534379402,0.33577723201386883,3.5650420965255543,326.0,572.0,17074.0,30527.0,1.8387135058153334,3.389638659120592
05667,0.12100663050030139,0.48971549404075354,0.004531722054380665,0.21355701654953524,0.45443210156427116,0.3320108818861936,0.504293210367308,0.0,0.42486881857211,0.242390560875513,2.8435235507246377,57.0,0.0,5344.0,12578.0,1.964884458541006,3.4585034013605442
05670,0.10123055491061063,0.4934937047197018,0.003091276978417266,0.2189545190953525,0.47129483887001905,0.30975064203462843,0.4941546762589928,5.6205035971223025e-05,0.45216951438848924,0.24516362321460858,2.8730980899967626,55.0,1.0,8045.0,17792.0,1.8524218370322372,3.3000963118236926
05674,0.07219917012448132,0.5027613540380742,0.0014957620076450058,0.22960418455773285,0.4723241470840815,0.29807166835818566,0.4834635200265913,0.0,0.7025095562572711,0.2229689544427263,3.084190672153635,27.0,0.0,12681.0,18051.0,1.9332761578044597,3.2116788321167884
05679,0.14866184801719085,0.4833843232408482,0.004221516114389469,0.18754244089141306,0.4316315821964319,0.3808259769121551,0.5031320926009987,0.00027235587834770767,0.4262823422605538,0.22350618710578266,2.8929517753047165,93.0,6.0,9391.0,22030.0,2.1850920164173178,3.4104072604551465
05686,0.19081648167857687,0.500597276419527,0.0045063894164225704,0.2649822610029725,0.4983699300028766,0.23664780899415092,0.5001126597354105,0.0003862619499790775,0.41761354491904595,0.26177991795969324,3.2928284691331235,140.0,12.0,12974.0,31067.0,2.1146296497126125,3.295743989603639
05690,0.045023696682464455,0.47941855726124166,0.0054159002656856735,0.21611143021252155,0.43968983342906376,0.3441987363584147,0.4808910688739015,0.00030656039239730225,0.5214592274678111,0.2439516129032258,2.8743961352657004,53.0,3.0,5103.0,9786.0,1.8211700844390832,3.2529078744209983
05697,0.2365034263747284,0.5163259453480273,0.0020124707202005872,0.24574209245742093,0.47132429614181437,0.2829336114007647,0.5241001616574841,9.897396984593052e-05,0.23268780310778264,0.2468415937803693,3.390675781687773,61.0,3.0,7053.0,30311.0,2.1188129899216124,3.171596259698919
05736,0.2190207819654808,0.5161607751116494,0.02612051053725141,0.29800141076886905,0.498894897719257,0.20310369151187396,0.49976254081329774,0.017037696645888986,0.11709706144256456,0.25136324814401156,3.083117363939282,880.0,574.0,3945.0,33690.0,1.920893999814523,3.3583386118903267
05756,0.1361573373676248,0.49192154505147667,0.00542983584947114,0.22662746359167546,0.4705747232048514,0.30279781320347315,0.4974420137472145,0.00021970434073004613,0.37155142650889805,0.251270755676042,3.1356554530118093,173.0,7.0,11838.0,31861.0,2.0524590163934424,3.2800796435005215
05761,0.1497164461247637,0.5098837702553661,0.12176316555135293,0.2175530310646426,0.45913340705740424,0.3233135618779531,0.49781786441664244,0.00021821355833575792,0.4824701774803608,0.22937563175491796,2.802903291760376,1674.0,3.0,6633.0,13748.0,1.7950920245398774,3.497946913037102
05789,0.1576141766316093,0.44948921679909193,0.005062616573407941,0.17260669493819364,0.45294595326175224,0.3744473518000541,0.4958033573141487,0.010391686650679457,0.4349187316813216,0.21927504110960178,2.8152793614595213,76.0,156.0,6529.0,15012.0,1.9891655578787302,3.434829491845262
05790,0.06468192397207137,0.4801611729811405,0.01975817050731622,0.2620927558451514,0.5201993100804906,0.21770793407435798,0.5061771663892053,0.0036362043283974417,0.145623411898712,0.31577678097718614,3.1537394200083253,451.0,83.0,3324.0,22826.0,1.8236356061658103,3.3361856547645714
05792,0.11440677966101695,0.4729701081195675,0.0031785272823591734,0.2292549215051084,0.46573635684026915,0.30500872165462245,0.4983224439343104,0.0,0.38407204661840016,0.2401060405226283,3.0768392370572206,18.0,0.0,2175.0,5663.0,1.9395095367847413,3.6142068719957274
05809,0.10917137939513155,0.4663053032522707,0.0036075036075036075,0.18241617198780682,0.44007700946574685,0.37750681854644635,0.5048100048100048,0.0002405002405002405,0.3955026455026455,0.19956140350877194,2.858790632645928,30.0,2.0,3289.0,8316.0,2.043371808324589,3.5024845473275965
05819,0.06882946076282333,0.47147524503644134,0.006085192697768763,0.23626548110511272,0.4906319466497301,0.2731025722451572,0.46997971602434074,0.002434077079107505,0.591683569979716,0.30261136712749614,3.0743285446595876,30.0,12.0,2917.0,4930.0,1.7303370786516854,3.2454601101815954
05837,0.16580507830317773,0.4456101986693342,0.6339898981072059,0.30246191698434155,0.49786613611165953,0.19967194690399892,0.5166121956761103,0.020291172204065226,0.19691700019225056,0.35863712681166415,3.5514785907522,72550.0,2322.0,22534.0,114434.0,2.0036121317805318,3.4749698086263585
05842,0.03748698368622006,0.45818387766660373,0.007971792120190096,0.2376237623762376,0.45230620623037915,0.31007003139338324,0.482906638049977,0.016863406408094434,0.653686953855588,0.2967527060782681,3.125539051269765,52.0,110.0,4264.0,6523.0,1.8450095969289828,3.512812596480395
05847,0.1212175630780282,0.5227124821033451,0.04109777961660461,0.24752475247524752,0.47113563815397935,0.2813396093707731,0.5002758240242725,0.05950903323679493,0.45583367811336367,0.26236404289991283,3.0935791617536714,1192.0,1726.0,13221.0,29004.0,1.8990291262135923,3.5459525471039774
05854,0.060274560274560275,0.4624245135316484,0.007557988011467292,0.27735442127965493,0.487275341480949,0.23537023723939612,0.49691599339761966,0.00017374685083832854,0.5703240378768135,0.2727013948192428,2.9002267573696145,87.0,2.0,6565.0,11511.0,2.0055499495459133,3.5080948630436684
05856,0.10977443609022557,0.5132530120481927,0.002761922297919352,0.1798810703666997,0.4603567888999009,0.3597621407333994,0.4921745534892285,0.05302890812005156,0.40876450009206405,0.20836591086786552,2.787847579814624,15.0,288.0,2220.0,5431.0,1.97735460627895,3.525106540670743
05858,0.12472060795708538,0.47360881542699723,0.00862223818932998,0.2547918948521358,0.4713855421686747,0.2738225629791895,0.5030537093587211,0.004041674151248428,0.2602838153403988,0.27128274268104774,3.09449694274597,96.0,45.0,2898.0,11134.0,1.9935897435897436,3.55590736385019
05861,0.19435612082670906,0.5240732368896925,0.004280155642023347,0.18213682980656887,0.4641048941970661,0.35375827599636506,0.5074902723735408,0.0007782101167315176,0.23511673151750972,0.2016987310683586,2.8133773740710155,44.0,8.0,2417.0,10280.0,1.9613899613899615,3.565762413083929
05873,0.04593128390596745,0.3000503440174526,0.8201253225211943,0.30565671279436757,0.4612770089827628,0.23306627822286963,0.5025187369455707,0.12716549944710653,0.34512839415161567,0.424282954376579,3.5345802522836016,6675.0,1035.0,2809.0,8139.0,2.2573991031390133,3.24483306836248
05885,0.08730769230769231,0.4969111969111969,0.006256015399422521,0.22636579572446555,0.4679334916864608,0.3057007125890736,0.48059031119666346,0.0016041065126724415,0.4972730189284568,0.24679820006922812,2.77560106856634,39.0,10.0,3100.0,6234.0,1.8846325167037863,3.4763140817650875
05887,0.24374027443768567,0.5055119707831732,0.004072983460384732,0.25302205790719895,0.4796660158684003,0.26731192622440075,0.514599444092798,0.0003577620607094697,0.18837548504279383,0.3089697006095913,3.15205346935186,148.0,13.0,6845.0,36337.0,2.093614766404663,3.5361932528113287
05890,0.08733624454148471,0.49193497374913026,0.005576012624934245,0.20446936074125982,0.4570583197072335,0.33847231955150664,0.4897422409258285,0.0003156233561283535,0.5826407154129406,0.25302430751837196,2.997622820919176,106.0,6.0,11076.0,19010.0,2.094891665348727,3.3275706634141167
05893,0.0729343983239492,0.5051437216338881,0.036824458714553615,0.26286986364901216,0.513403209349782,0.22372692700120583,0.48593510257430245,0.00125021310450645,0.311473546627266,0.2861599185128597,3.1985737794843665,648.0,22.0,5481.0,17597.0,1.8853899670450385,3.4188406628060317
05895,0.06928778601353529,0.44987377279102386,0.327627041176715,0.2827571179546775,0.49789366647298083,0.21934921557234166,0.4972784310466614,0.0816470686001579,0.42369219262891095,0.36956821630569736,3.318890575410515,7885.0,1965.0,10197.0,24067.0,1.855840927920464,3.377121648108762
08001,0.5016449453221328,0.5441764340920179,0.05119350631147314,0.24589465252174628,0.47482875129656066,0.2792765961816931,0.5207672865798949,0.0011356098501655652,0.0006570824290266163,0.26907602643360456,3.6644207995111873,57342.0,1272.0,736.0,1120103.0,2.283454863233433,4.297515856428237
08078,0.1401555319901025,0.47793081229108775,0.01014188892681262,0.2434882190979752,0.4819083355668721,0.27460344533515263,0.5011133323581517,0.11908592975441676,0.0357079005964861,0.2773210917760934,3.8737864077669903,624.0,7327.0,2197.0,61527.0,2.035267998731367,3.69712438039589
08137,0.010040485829959514,0.48553089643167974,0.050942569048662865,0.25560475086091783,0.4743130227001195,0.2700822264389627,0.5004822446295485,0.00043840420868040335,0.021613327487943885,0.28223030303030305,4.153313911143481,1162.0,10.0,493.0,22810.0,2.049808429118774,3.595019427764041
08141,0.004341164453524004,0.5061981774895329,0.47117906723818054,0.26236803974332434,0.49192713723866693,0.2457048230180087,0.4906915744354168,0.0019192630030068455,0.022711278868914338,0.2814672910458351,4.088673816374575,7365.0,30.0,355.0,15631.0,1.8548218029350105,3.7166505011315873
08296,0.26561510198910426,0.5038504604556568,0.008145420242004245,0.26883401062832135,0.5128307141436245,0.2183352752280542,0.4990657257406164,0.12617237813616822,0.04794731781651942,0.2698887594875708,3.583973941368078,449.0,6955.0,2643.0,55123.0,2.0944516971279374,3.6604897660818714
08372,0.02608110381961972,0.5019542894998343,0.13490545995326111,0.2504390866996647,0.48954175315344084,0.26001916014689447,0.483800722328447,0.005417463352453792,0.10133843212237094,0.2519314551263433,3.6,2540.0,102.0,1908.0,18828.0,1.9777862887782458,3.841969883714699
08421,0.12592993372108752,0.485898915301177,0.7651824791116577,0.26021543144830817,0.47236857510830116,0.2674159934433907,0.5003797880421023,0.0018446847759250552,0.02720005787246356,0.2775735294117647,3.9540903890160184,21155.0,51.0,752.0,27647.0,1.9646182495344506,3.497347576484267
08433,0.28445277769377325,0.49827435169451273,0.005295196797865244,0.2797924065895181,0.4956423731701244,0.22456522024035752,0.5037441627751834,0.0627751834556371,0.023782521681120748,0.2929638940302218,3.999732691793638,635.0,7528.0,2852.0,119920.0,2.2006987838473426,3.5896570018610996
08436,0.009278117221090745,0.4710721510451787,0.30395674101804193,0.28185595567867033,0.4758483379501385,0.24229570637119113,0.4924868715229033,0.000987885405292986,0.039983361930016115,0.2793045101814575,4.05331928345627,5846.0,19.0,769.0,19233.0,2.0796534967251215,3.4262089177307935
08520,0.08397501089641145,0.46705850921720543,0.007011587571038453,0.2443509082853345,0.4934647762516615,0.26218431546300397,0.4991512288729796,0.0005166432947080966,0.02383939774153074,0.24836442936757935,3.6082323165045955,190.0,14.0,646.0,27098.0,2.1327645961077044,3.7264007138342565
08549,0.010513296227581941,0.45888232621535663,0.04737402413058907,0.24300841705131687,0.496606027694814,0.26038555525386914,0.47977288857345635,0.24183818310858765,0.19144783534421575,0.2710388856645386,3.6716612377850164,267.0,1363.0,1079.0,5636.0,2.0755700325732898,3.8575779290576855
08558,0.031771068048670574,0.46736793611793614,0.017198865737886822,0.23752151462994836,0.4915853891757506,0.270893096194301,0.49432868943410185,0.0016027616816668721,0.08457650104795957,0.3181726434770908,3.4446803992355064,279.0,26.0,1372.0,16222.0,2.0091469900021273,3.6963542637103286
08560,0.019109396914446002,0.4551575694022849,0.01246797608881298,0.2713049498096227,0.4869505019037729,0.24174454828660435,0.49077711357813836,8.539709649871905e-05,0.04671221178479932,0.2949051516154974,4.125462555066079,292.0,2.0,1094.0,23420.0,1.9411246254186498,3.6133539705060405
08573,0.4911728030452189,0.5522948392554992,0.013444957097225412,0.23111502596968683,0.5108282963277951,0.258056677702518,0.5133510094156454,0.023194638718971167,0.01914444977974488,0.31757879167140746,3.6707673381516224,644.0,1111.0,917.0,47899.0,2.321288234840897,4.679665914411659
08606,0.07420993227990971,0.45781695618356233,0.8518474889072133,0.24858472763869668,0.47282677066297646,0.27858850169832683,0.4998625672438842,0.0015313935681470138,0.023245769034436724,0.31831452350864964,3.7468000588494923,21694.0,39.0,592.0,25467.0,1.851038750552527,3.4573597202352566
08634,0.10984560870665654,0.5160894129206584,0.01857865484294011,0.26599037957803495,0.49335619374196316,0.2406534266800019,0.5008118403796915,0.0005620433397864235,0.044307749953163056,0.27658182068680465,4.134272421814423,595.0,18.0,1419.0,32026.0,2.1502718094745017,3.7039174867524602
08638,0.12882345475314125,0.48764014405109735,0.011375432525951558,0.2559182990122217,0.4794073329984932,0.2646743679892851,0.5037629757785467,0.0007461072664359862,0.042149653979238755,0.28808255500083607,4.118305962156373,1052.0,69.0,3898.0,92480.0,2.15608228980322,3.885795937956762
08675,0.015835076187630713,0.44854407658556045,0.3509090909090909,0.26510241120041483,0.49377754731656726,0.24112004148301788,0.5011067193675889,0.00023715415019762845,0.02458498023715415,0.28963008959460657,3.4179951364496084,4439.0,3.0,311.0,12650.0,2.151737242128122,3.458323285909493
08685,0.16163222045574988,0.5024980946735541,0.004286759836894016,0.2387525562372188,0.4832310838445808,0.2780163599182004,0.506708953403269,0.0005924790018471404,0.043913149548670406,0.26280251877702754,3.8467221923696937,123.0,17.0,1260.0,28693.0,2.259474039109912,3.9433531292827775
08758,0.4609097418300212,0.5230558571292406,0.012892175885847339,0.2756355174152761,0.5031849825466901,0.22117950003803385,0.5131925579868056,0.0008265172094689394,0.0015914654168781158,0.2943347579575733,3.7400518094918898,6910.0,443.0,853.0,535984.0,2.2509719585577885,3.913470728061362
08770,0.10543964232488823,0.4942084942084942,0.43939002326182475,0.2670773442847365,0.486652977412731,0.24626967830253252,0.5110709054880676,0.001981562850004308,0.037218919617472215,0.37553709538814095,3.969562243502052,5100.0,23.0,432.0,11607.0,1.9231824417009602,3.5936794582392775
08832,0.023563734290843807,0.4636268043208106,0.005897153640509514,0.25307990144315384,0.47741405608353865,0.2695060424733075,0.480578707343922,0.6339833307123761,0.2317974524296273,0.28315997593054243,3.3654405927494047,75.0,8063.0,2948.0,12718.0,2.1658264791721944,3.7505949547834363
08849,0.00830367734282325,0.47514754098360656,0.003562820915854553,0.23376022218793396,0.487270482950162,0.278969294861904,0.4892591428272032,0.4795137797338363,0.05899612281253275,0.24366293674354875,3.3484210526315787,34.0,4576.0,563.0,9543.0,2.252546540217773,3.5036403925292814
11001,0.6926910542471618,0.6295891751859896,0.009142419190279872,0.2600887937817897,0.4854114242909612,0.2544997819272491,0.5218825006415818,0.0026544708331958265,0.0017677441760174694,0.28249709712784543,2.843345070674596,65656.0,19063.0,12695.0,7181469.0,2.0890499976763155,4.629878564403432
13001,0.36398225552987334,0.5366126004037324,0.2004457478270075,0.2650114308768155,0.4865855298547606,0.2484030392684239,0.5191362988289828,0.001464052994213612,0.006875418099749309,0.2724207779127072,3.395804045385756,177985.0,1300.0,6105.0,887946.0,2.079372799703539,4.045914716953617
13006,0.021775544388609715,0.46434563758389263,0.004449388209121246,0.2566475026949335,0.4791591807402084,0.26419331656485806,0.4724296837756237,0.03199321997987181,0.4589755813337571,0.31577681577681577,3.308893176635678,84.0,604.0,8665.0,18879.0,1.8701045543150807,3.366747769667478
13030,0.01856763925729443,0.4710482779365318,0.5092685092685093,0.28037574024913214,0.4745762711864407,0.2450479885644272,0.4781884781884782,0.000555000555000555,0.45665445665445664,0.3385,3.758448060075094,4588.0,5.0,4114.0,9009.0,1.8752086811352253,3.24551831644583
13042,0.020692567567567568,0.40374278319729245,0.3337982982284837,0.24410406029662046,0.4935570143447605,0.262338925358619,0.48193611382340634,0.0006974473427256243,0.1532989259310922,0.3177671254059069,3.481787275376396,2393.0,5.0,1099.0,7169.0,1.8308895405669598,3.343890134529148
13052,0.0823365642400495,0.48481608613283816,0.264742691975327,0.26616880371988166,0.48036729134376027,0.25346390493635806,0.5051253017074406,0.007568759498197205,0.034342501266426295,0.30298708112007344,3.8538854746999025,17769.0,508.0,2305.0,67118.0,1.8795423183072677,3.692571565528709
13062,0.017094017094017096,0.4490121096239643,0.22189128816083395,0.2662170204324539,0.4645903590557429,0.2691926205118032,0.4932985852568876,0.0007446016381236039,0.04082898982377761,0.2815547314929268,4.712280701754386,1788.0,6.0,329.0,8058.0,2.054054054054054,3.6257339163023112
13074,0.019663535066637535,0.4053724053724054,0.9537235885001731,0.266034155597723,0.484123972169513,0.24984187223276408,0.48423969518531346,6.927606511950121e-05,0.4217526844475234,0.3397266656313092,3.7444876783398184,13767.0,1.0,6088.0,14435.0,1.8863163371488034,3.308469850121994
13140,0.0245676418296428,0.46047313361864006,0.009863976218358706,0.25355450236966826,0.4728969194312796,0.27354857819905215,0.49256823709575714,0.00040536888568597424,0.015854427529051435,0.3089005235602094,3.9974792942023765,219.0,9.0,352.0,22202.0,1.8729042725797729,3.708617959737616
13160,0.054122775154377044,0.519411986430456,0.05542624381728251,0.25090733123639003,0.5255262521171062,0.22356641664650376,0.47163223741635146,0.0002909514111143439,0.30229851614780334,0.3442964864431253,2.8629737609329444,381.0,2.0,2078.0,6874.0,1.5399915361828185,3.544475586369671
13188,0.03609809864976578,0.4575134168157424,0.04123475609756098,0.25712770189630024,0.48614242142951863,0.2567298766741811,0.4950457317073171,0.0009908536585365854,0.03567073170731707,0.3317242547425474,3.737891737891738,541.0,13.0,468.0,13120.0,1.668760708166762,3.463944329739237
13212,0.021899392888117954,0.4369945212627185,0.0031308286703970157,0.24860914148576416,0.46296498309152395,0.2884258754227119,0.4690247801758593,0.0011324273914201971,0.0780708766320277,0.3286350690133645,3.5952038369304558,47.0,17.0,1172.0,15012.0,1.7990867579908676,3.857296281380051
13222,0.04501685122773231,0.4678578980757031,0.014470732942623543,0.28961288771339266,0.47415244049050254,0.23623467179610483,0.49388611533174154,0.0016641342884017075,0.07358367701324071,0.2910296853514519,3.4569784892446225,200.0,23.0,1017.0,13821.0,1.6817726589884827,3.5211719262444428
13244,0.08581382242942774,0.4997513960070374,0.03809608514549147,0.26232911029990696,0.4654164579008899,0.2722544317992031,0.4846948607343502,0.017387824076132877,0.17032062969715836,0.3535524051462755,3.721608484312859,2570.0,1173.0,11490.0,67461.0,1.78016382554793,3.7976606614681367
13248,0.01288763592428514,0.446985446985447,0.15799516600941357,0.21727498566787692,0.45690808331740873,0.3258169310147143,0.4692787177203918,0.0,0.03154814909044651,0.27495188342040144,3.537803780378038,1242.0,0.0,248.0,7861.0,1.942741208295762,3.813834548011763
13268,0.04708290685772774,0.3638324644975732,0.02197954105612386,0.22969325153374234,0.46503067484662575,0.3052760736196319,0.4730439590821123,0.0009676527508985347,0.21564832734310202,0.3445248729400893,3.617,159.0,7.0,1560.0,7234.0,1.6750125187781673,3.3270300333704115
13300,0.042446524064171126,0.42469437652811737,0.006796941376380629,0.25963613937711993,0.45621338267036693,0.2841504779525131,0.48555649957519115,0.0004248088360237893,0.12276975361087511,0.3347272381676487,4.513036809815951,80.0,5.0,1445.0,11770.0,1.9145496535796767,3.3748607660011998
13430,0.1378970893417762,0.46087178440179666,0.009366967961688398,0.25448615447092565,0.4768268230158126,0.26868702251326176,0.4989258064264119,0.0010234135137457715,0.037296000874979494,0.31036307638919014,3.7436417033773863,1199.0,131.0,4774.0,128003.0,2.0125578516051057,3.5695175108973394
13433,0.022488356620093148,0.48049125644395024,0.6271140939597315,0.2572381011173529,0.46626334958948085,0.27649854929316625,0.4868264621284756,0.005790987535953979,0.10216682646212848,0.30478868438991136,3.4607224385658655,16352.0,151.0,2664.0,26075.0,1.7880955594547172,3.6888152766952453
13440,0.01683984235041204,0.43156281920326867,0.0032921810699588477,0.2127872127872128,0.4324009324009324,0.3548118548118548,0.4788065843621399,0.0008230452674897119,0.32469135802469135,0.2986001354707609,3.48762109795479,32.0,8.0,3156.0,9720.0,1.6718188353702372,3.474865535788167
13442,0.022981218797052064,0.47019771554473244,0.9315815020739564,0.26993493720683914,0.4730670298078378,0.25699803298532303,0.4938222575236078,0.009376930544523873,0.07933986408966552,0.2542734518700184,3.9036175710594314,42223.0,425.0,3596.0,45324.0,2.035637242212443,3.6817323709050527
13458,0.09381237524950099,0.5103914447134786,0.19688195991091315,0.30417157055054267,0.5115731659474304,0.18425526350202695,0.451373422420193,0.0023014105419450633,0.5410541945063103,0.2921903804256745,3.1383970177073626,2652.0,31.0,7288.0,13470.0,1.6822320803175344,3.0345855694692903
13468,0.07282608695652174,0.47209662065683006,0.004998033181386954,0.242645364467317,0.47353867424533375,0.28381596128734926,0.5032741745146586,0.00018511234005136868,0.09334289747090266,0.31590542306017366,3.828209444493665,216.0,8.0,4034.0,43217.0,1.9663081162770024,3.628660770541152
13473,0.014467791939373063,0.47125877528324184,0.008352071956312239,0.2754315093646713,0.5026625045905252,0.22190598604480352,0.4661098618695792,5.353892279687333e-05,0.4891315986722347,0.3145844600685055,3.050963737340738,156.0,1.0,9136.0,18678.0,1.7212953876349362,3.10552140623315
13490,0.0017953321364452424,0.5368672046955246,0.028358020002531965,0.3172925567798516,0.510681358219024,0.17202608500112435,0.4644891758450437,0.000253196607165464,0.5951386251424231,0.29399048854301774,3.1227236737925574,224.0,2.0,4701.0,7899.0,1.739268680445151,3.0439644218551463
13549,0.010678156612963657,0.4226970033296337,0.014775793395862777,0.27950788158400613,0.4706651287966167,0.24982698961937716,0.47269690350764487,0.0,0.3148314702985139,0.3421556427682588,3.6892084057513035,345.0,0.0,7351.0,23349.0,1.4734177215189874,3.3406081518222988
13580,0.01339764201500536,0.4772444665506093,0.013495782567947517,0.2832945865161076,0.5041514447027565,0.21255396878113583,0.4952202436738519,0.0011246485473289597,0.09540768509840675,0.3420497680303669,3.0855986119144014,72.0,6.0,509.0,5335.0,1.9147331786542923,3.314183462045583
13600,0.06640625,0.47635506677140615,0.015138461538461538,0.24243646631706334,0.49052037111738606,0.2670431625655506,0.472,0.00024615384615384614,0.28344615384615385,0.29323717512586744,3.110643185298622,123.0,2.0,2303.0,8125.0,1.673195084485407,3.4493310208126857
13620,0.018781725888324875,0.45664434261543885,0.4311778910651999,0.2524514917588149,0.45670769872731065,0.2908408095138744,0.4979876576334854,0.0005366246310705661,0.0174403005097934,0.27926865231495135,3.298230088495575,3214.0,4.0,130.0,7454.0,1.802124833997344,3.351821862348178
13647,0.02009835364549925,0.4606413994169096,0.34937643782540256,0.23540579022306596,0.4720455624110109,0.2925486473659231,0.4980627194575615,0.0018162005085361425,0.02972514832304153,0.3199867637326274,3.3148705599036723,5771.0,30.0,491.0,16518.0,1.758391959798995,3.6232926829268295
13650,0.03378864126527678,0.3309959745487599,0.0035801963993453353,0.23013215859030836,0.44687224669603526,0.3229955947136564,0.48189443535188214,0.0,0.315671031096563,0.33307042253521124,3.393266227004512,35.0,0.0,3086.0,9776.0,1.5721271393643033,3.516165568369028
13654,0.12180879956545355,0.44623745355736705,0.04708177807940278,0.24115670904419997,0.44489822804821816,0.31394506290758184,0.4879962673905667,0.003138785205293519,0.0592551747539871,0.29662703002822377,3.664954870837224,1110.0,74.0,1397.0,23576.0,1.8234284822960536,3.995258639101277
13655,0.025169045830202855,0.40667942250826233,0.004827330115113257,0.23396548050287663,0.4939271255060729,0.2721073939910505,0.46763213268968934,0.0006188884762965714,0.42703304864463426,0.34354575163398693,3.3370508054522925,39.0,5.0,3450.0,8079.0,1.6639038541234976,3.321797584962032
13657,0.09085762807812058,0.4887692198682066,0.06667983520514702,0.23390713767032592,0.4574345393191235,0.3086583230105506,0.4877814775100175,0.008070432868672046,0.05206275749195779,0.2836857634620113,3.6791688311688313,2363.0,286.0,1845.0,35438.0,1.9701834862385321,4.003728794261642
13667,0.09297374024130589,0.4352336362801799,0.01041092112520684,0.25507845760856346,0.4712322101934071,0.27368933219802943,0.4746276889134032,0.0,0.19442912300055157,0.3337439371776118,3.9903687396807923,151.0,0.0,2820.0,14504.0,1.8624207333884752,3.3259315800430227
13670,0.0617687361652788,0.506487187804087,0.004702257894523491,0.2851210081626808,0.5194042675068022,0.19547472433051696,0.4911021930357939,0.0008918075317199724,0.1294337022173578,0.32231367377563547,3.4083958854601057,116.0,22.0,3193.0,24669.0,1.7773284997211378,3.3469537558111084
13673,0.018965113556544136,0.46923693348766804,0.24973288695776052,0.2612486920125567,0.47401464945936517,0.26473665852807815,0.49925208348172945,0.0004273808675831612,0.04523114181921789,0.303146825708232,3.8108034744842563,3506.0,6.0,635.0,14039.0,1.9344752582925504,3.4155045412286347
13683,0.048766383962991516,0.4911238563430288,0.0432108843537415,0.27950364456785837,0.48923984727525166,0.23125650815688997,0.5011700680272109,0.0010884353741496598,0.0694421768707483,0.27387116195063216,3.4722222222222223,794.0,20.0,1276.0,18375.0,2.022121384004538,3.453938365537249
13688,0.05101569713758079,0.5345181787778892,0.0038095238095238095,0.32548260136190416,0.5025926157306179,0.17192478290747798,0.48474393530997306,0.0010422282120395327,0.2820125786163522,0.2986205476631666,2.803534730785039,106.0,29.0,7847.0,27825.0,1.627665053043568,3.002277904328018
13744,0.06349775784753363,0.4808962461332664,0.008076597407672768,0.26411399978244315,0.5069074295659741,0.22897857065158272,0.47384875920015634,0.0007816062007425259,0.26170780954862244,0.29426760871148666,3.4324263548459637,124.0,12.0,4018.0,15353.0,1.8682729115064174,3.3104308985811874
13760,0.02123397435897436,0.4597265466359821,0.132252095352128,0.21669341894060995,0.47335473515248794,0.3099518459069021,0.505605747251551,0.0006530967671710025,0.012953085882224883,0.2768374955616049,3.0725752508361204,1215.0,6.0,119.0,9187.0,1.6796116504854368,3.5550903481710003
13780,0.0480209545983702,0.45323964038441666,0.0040482678084857926,0.2687483319989325,0.4714438217240459,0.25980784627702164,0.4934215648112106,0.0001557026080186843,0.09357726741922927,0.3424442896935933,3.8550420168067228,52.0,2.0,1202.0,12845.0,1.7859723058398556,3.4735932096824897
13810,0.03876538673525629,0.458006548389553,0.00217403422710296,0.2882421916640017,0.5012258821021213,0.21053192623387698,0.47170968281398074,0.0014493561514019734,0.406042700261999,0.34570175995933666,4.094606946983546,39.0,26.0,7284.0,17939.0,1.961837294332724,3.1396272874811126
13836,0.3265406576097657,0.5129081958588554,0.018709396252039687,0.24930905294189903,0.5121913769807149,0.23849957007738606,0.507241529589427,0.0016520214458734938,0.033020158715680016,0.3061285700003333,3.577064320255972,1846.0,163.0,3258.0,98667.0,2.086189295610325,4.027668145845689
13838,0.036355475763016155,0.45018270401948846,0.031832797427652736,0.25472627018511224,0.4885781803859787,0.25669554942890904,0.4885530546623794,0.0013504823151125403,0.07884244372990354,0.28305610374964757,3.8238622386223864,495.0,21.0,1226.0,15550.0,1.8485594681113027,3.6109817617384556
13873,0.028343023255813952,0.4850648577888849,0.2814762242725337,0.26867052023121385,0.49263969171483624,0.23868978805394991,0.48914123491838185,0.00018925952211970665,0.045564229950319377,0.32126861785230704,3.5219130144975836,5949.0,4.0,963.0,21135.0,1.8565471226021684,3.615245613200818
13894,0.1255539143279173,0.49320853783814633,0.044250901733087,0.26620728448882014,0.4449444522570665,0.28884826325411334,0.47004486671945106,0.0044866719451042494,0.07662531890560394,0.299776503741133,3.7751577548987045,503.0,51.0,871.0,11367.0,1.7218895542248835,3.9360982556069777
15001,0.48131803471609297,0.5599860699982587,0.0038335387014780554,0.26456142155476126,0.49143244100427735,0.24400613744096142,0.5282842533230947,0.0005714591853134989,0.04363328987862445,0.3521326240903306,2.9966414626699476,644.0,96.0,7330.0,167991.0,2.278311288276862,4.721769840253253
15022,0.01834862385321101,0.43125,0.0006321112515802782,0.12698412698412698,0.39097744360902253,0.48203842940685043,0.47534766118836913,0.0,0.8015170670037927,0.19161676646706588,2.2927536231884056,1.0,0.0,1268.0,1582.0,1.6545718432510885,3.3045977011494254
15047,0.028051327961802448,0.5060498220640569,0.002236652236652237,0.21291178421401724,0.499115631218218,0.28797258456776476,0.4917027417027417,0.0006493506493506494,0.5345598845598846,0.27715561124598637,2.999350789872322,31.0,9.0,7409.0,13860.0,1.8991104361032762,3.1421404682274248
15051,0.14877663772691396,0.6073592102310972,0.0005489478499542544,0.23367318820611738,0.4783686966106365,0.2879581151832461,0.5006404391582799,0.00036596523330283625,0.5648673376029277,0.2521808088818398,2.992857142857143,3.0,2.0,3087.0,5465.0,1.9274725274725275,3.2120654772852677
15087,0.06746139257653752,0.43358112475759536,0.002185195301830101,0.20115629984051037,0.4529505582137161,0.34589314194577353,0.5217153783119366,0.0,0.38787216607484293,0.2775821596244131,2.972797401542834,16.0,0.0,2840.0,7322.0,1.9934879934879934,3.513561889026573
15090,0.027900146842878122,0.3409090909090909,0.0013764624913971094,0.12778315585672798,0.4133591481122943,0.45885769603097776,0.49208534067446663,0.0006882312456985547,0.7219545767377838,0.24486803519061584,2.5078260869565216,2.0,1.0,1049.0,1453.0,1.806338028169014,3.4066852367688023
15092,0.006613756613756613,0.32480195003046924,0.0010554089709762533,0.21227080394922426,0.3603667136812412,0.42736248236953456,0.5044854881266491,0.0005277044854881266,0.7978891820580475,0.22874720357941836,2.533422459893048,2.0,1.0,1512.0,1895.0,1.5884718498659518,3.4733759318423854
15097,0.03452200303490137,0.32770109471680153,0.0021894904458598726,0.16180150125104253,0.39755351681957185,0.4406449819293856,0.5057722929936306,0.00019904458598726116,0.5439888535031847,0.24396031061259707,2.6616297895304912,11.0,1.0,2733.0,5024.0,1.5740441572428647,3.690447641886491
15104,0.0320620992237597,0.4118634583100168,0.0008944543828264759,0.18223836249587322,0.44073951799273686,0.3770221195113899,0.48412343470483005,0.0,0.8497316636851521,0.28557336621454993,2.9286182056319583,4.0,0.0,3800.0,4472.0,1.8680371352785146,3.1821561338289963
15106,0.019249278152069296,0.48468786808009423,0.0009737098344693282,0.15898141775636615,0.43977976600137647,0.4012388162422574,0.46105160662122685,0.0,0.7677702044790652,0.21606217616580312,2.8937677053824364,2.0,0.0,1577.0,2054.0,1.85,3.1332027424094027
15109,0.007922535211267605,0.4499054820415879,0.0033018867924528303,0.1417139046348783,0.458486162054018,0.3997999333111037,0.47570754716981134,0.0,0.8341981132075472,0.23457406944791406,2.756827048114434,14.0,0.0,3537.0,4240.0,1.778139232270657,3.260075865339023
15114,0.037199124726477024,0.41051136363636365,0.0033222591362126247,0.20627062706270627,0.4504950495049505,0.3432343234323432,0.5060908084163898,0.0022148394241417496,0.5382059800664452,0.28102189781021897,2.791277258566978,3.0,2.0,486.0,903.0,2.0723270440251573,3.279017857142857
15131,0.008547008547008548,0.3551789077212806,0.002268308489954634,0.15708989805375348,0.4541241890639481,0.3887859128822984,0.5051847051198963,0.0,0.8467271548930655,0.2531688934566632,2.998056365403304,7.0,0.0,2613.0,3086.0,1.8572815533980582,3.2907014681892335
15135,0.025380710659898477,0.4099437148217636,0.0022181146025878,0.18063112078346028,0.426550598476605,0.3928182807399347,0.4902033271719039,0.0003696857670979667,0.6720887245841035,0.24567752312022517,2.6888667992047712,6.0,1.0,1818.0,2705.0,1.904382470119522,3.0897579143389198
15162,0.02608695652173913,0.425,0.0016501650165016502,0.19969685486926866,0.4183402804092459,0.3819628647214854,0.5173267326732673,0.0008250825082508251,0.5561056105610561,0.2725689404934688,2.9827727645611155,6.0,3.0,2022.0,3636.0,2.0869565217391304,3.405098365198116
15172,0.02803261977573904,0.39740910990388634,0.0003518648838845883,0.13859480269489893,0.38354186717998073,0.47786333012512033,0.5084447572132301,0.0,0.5883180858550316,0.2002262443438914,2.49955713020372,1.0,0.0,1672.0,2842.0,1.7250889679715302,3.4992826398852226
15176,0.22172447013487476,0.5573829792365013,0.003726992985608073,0.24030985345550193,0.49695060265340923,0.26273954389108883,0.5232698151793734,0.0006689474589552952,0.10789166873721832,0.3179647551029033,3.15229920294298,195.0,35.0,5645.0,52321.0,2.2142108830960745,3.8946249561181103
15180,0.023540489642184557,0.24859131587669872,0.00027878449958182325,0.1757188498402556,0.39696485623003197,0.4273162939297125,0.4951212712573181,0.001115137998327293,0.7178700864231948,0.24910394265232974,2.7613548883756738,1.0,4.0,2575.0,3587.0,1.471042471042471,3.4063116370808677
15183,0.020869565217391306,0.2696989109545163,0.0017999485728979173,0.18124606670862178,0.42857142857142855,0.39018250471994964,0.48727179223450756,0.008614039598868604,0.7503214193880174,0.3100014027212793,2.9144687264506404,14.0,67.0,5836.0,7778.0,1.4880636604774535,3.2783692547390286
15185,0.03018707482993197,0.4931964669372165,0.00039896269698783165,0.1769208124816014,0.48483956432146014,0.33823962319693845,0.4799521244763615,0.0,0.7857570317175344,0.22870051635111877,2.8910034602076125,2.0,0.0,3939.0,5013.0,1.8764501160092808,3.2483974358974357
15187,0.02016498625114574,0.42319474835886217,0.015091627739849083,0.23929747530186607,0.43523600439077936,0.32546652030735457,0.49407114624505927,0.0,0.8311174991016889,0.2846367606192934,3.3289473684210527,42.0,0.0,2313.0,2783.0,1.8277511961722488,3.2962962962962963
15189,0.02493765586034913,0.4529776340609,0.0013357079252003562,0.18519747759707933,0.4460670428144706,0.36873547958845004,0.5040071237756011,0.0006678539626001781,0.731300089047195,0.2507882609750182,2.9728656518861682,6.0,3.0,3285.0,4492.0,1.7844827586206897,3.018609865470852
15204,0.05389640690620625,0.44543373187484103,0.014086736308958531,0.2250464972101674,0.533891299855342,0.2410622029344906,0.3780468502690725,0.0036403925292814183,0.6268597657486547,0.2729252636405319,3.2066598008925506,178.0,46.0,7921.0,12636.0,1.9865284974093265,3.325329941167117
15212,0.029683377308707123,0.5510440835266821,0.0003312355084465055,0.1551969625059326,0.4295206454674893,0.4152823920265781,0.4753229546207353,0.0009937065253395165,0.758198078834051,0.2108626198083067,2.541245791245791,1.0,3.0,2289.0,3019.0,1.7154882154882154,3.409288339458737
15215,0.03329864724245578,0.41814690350456074,0.002016942315449778,0.23271889400921658,0.4596774193548387,0.3076036866359447,0.4889068172650262,0.0,0.37394110528438884,0.2720173535791757,3.106516290726817,5.0,0.0,927.0,2479.0,1.9330808080808082,3.4335635920357577
15218,0.008414239482200648,0.32167832167832167,0.002663622526636225,0.16127262753702687,0.4174437739989029,0.4212835984640702,0.4756468797564688,0.0,0.8070776255707762,0.2608695652173913,2.885428253615128,7.0,0.0,2121.0,2628.0,1.5317725752508362,3.455662188099808
15223,0.012081784386617101,0.2985118609105643,0.004132231404958678,0.32608695652173914,0.4839319470699433,0.1899810964083176,0.4968516332152696,0.5405352223534041,0.6949035812672176,0.2094043123401145,3.511833274461321,42.0,5494.0,7063.0,10164.0,1.4453900709219858,5.078193146417446
15224,0.026462395543175487,0.5094609068189933,0.0,0.24536827835517397,0.46588341617713513,0.2887483054676909,0.490962962962963,0.0,0.5688888888888889,0.2857142857142857,3.3153241650294696,0.0,0.0,1920.0,3375.0,1.937007874015748,3.061791044776119
15226,0.01633045148895293,0.40721262208865516,0.002457002457002457,0.2005420054200542,0.44173441734417346,0.35772357723577236,0.5098280098280098,0.0012285012285012285,0.7905405405405406,0.2651162790697674,2.722408026755853,4.0,2.0,1287.0,1628.0,1.805414551607445,3.201117318435754
15232,0.004594180704441042,0.44794255730461197,0.00046008741660915573,0.1908528198074278,0.47455295735900965,0.3345942228335626,0.48769266160570507,0.0,0.9061421670117322,0.24221887550200802,3.2295690936106984,2.0,0.0,3939.0,4347.0,1.794315632011967,2.8664479850046862
15236,0.04411764705882353,0.3911826452064381,0.0005991611743559018,0.1623931623931624,0.46495726495726497,0.37264957264957266,0.46434991012582383,0.0,0.6309167165967645,0.24794952681388013,2.8050420168067225,1.0,0.0,1053.0,1669.0,2.0403361344537814,3.1700721153846154
15238,0.3324934894454913,0.5359643474083386,0.0020407122085607876,0.22796013997021394,0.49054958892830763,0.2814902711014784,0.5241569307688383,0.0004166454092478275,0.08899205822832168,0.3082287437223111,3.0161482017362546,240.0,49.0,10466.0,117606.0,2.280272852716811,4.235780022835
15244,0.03842264914054601,0.3260666459047026,0.002250562640660165,0.18515713744793638,0.47065505490344567,0.34418780764861795,0.4903725931482871,0.0005001250312578145,0.45136284071017757,0.2662302236770322,2.9781461944235117,9.0,2.0,1805.0,3999.0,1.6258452291510144,3.219302678120263
15248,0.04574243490499648,0.3947610294117647,0.004051565377532229,0.18839808408728048,0.4103246407663651,0.4012772751463544,0.4755064456721915,0.002578268876611418,0.538121546961326,0.2438822065532974,2.674562306900103,11.0,7.0,1461.0,2715.0,1.6907962771458118,3.407965970610982
15272,0.049557522123893805,0.43071696763811906,0.0012264295569523226,0.1974331550802139,0.4237433155080214,0.3788235294117647,0.5137206806684042,0.000459911083857121,0.6185804077878276,0.2621231979030144,3.0032228360957642,8.0,3.0,4035.0,6523.0,2.0854503464203233,3.6992574257425743
15276,0.03003003003003003,0.32887899034892354,0.0,0.17291936179387668,0.39542906425183266,0.43165157395429066,0.5276208411801632,0.001569365976145637,0.5998116760828626,0.23849232821881255,2.865886588658866,0.0,5.0,1911.0,3186.0,1.721266968325792,3.4686112872542805
15293,0.01684782608695652,0.4443959877889228,0.0018221574344023323,0.15845824411134904,0.4614561027837259,0.38008565310492504,0.47667638483965014,0.0,0.797740524781341,0.2550702028081123,2.8057259713701432,5.0,0.0,2189.0,2744.0,1.7131147540983607,3.2785505124450953
15296,0.019797979797979797,0.38362806617227607,0.0018202502844141069,0.20393120393120392,0.457002457002457,0.33906633906633904,0.4901023890784983,0.0,0.6994311717861206,0.2830328476166955,3.0310344827586206,8.0,0.0,3074.0,4395.0,1.6868055555555554,2.9455922865013773
15299,0.12392871718133587,0.5048239675016927,0.0022622834924001414,0.18081326490327676,0.43476115278326094,0.3844255823134623,0.527112053729233,0.00021208907741251324,0.22439024390243903,0.2545901513405547,2.693582578531509,32.0,3.0,3174.0,14145.0,1.9409823335274703,3.6347035233457463
15317,0.03195488721804511,0.3786472148541114,0.0005586592178770949,0.18359375,0.38203125,0.434375,0.5106145251396648,0.0,0.6536312849162011,0.22378908645003065,2.6133333333333333,1.0,0.0,1170.0,1790.0,1.6279761904761905,3.409090909090909
15322,0.1419501133786848,0.5343962208444051,0.0008617505847593254,0.1591989137813985,0.4548540393754243,0.3859470468431772,0.5273913578727071,0.00012310722639418935,0.19598670441954943,0.2687599787120809,2.644151565074135,7.0,1.0,1592.0,8123.0,1.981769970169042,3.780229369234605
15325,0.028804347826086957,0.4349123461395002,0.00032133676092544985,0.10294728102947281,0.36695724366957244,0.5300954753009548,0.49839331619537275,0.00032133676092544985,0.6696658097686375,0.19311276164753544,2.3908668730650153,1.0,1.0,2084.0,3112.0,1.6586687306501549,3.328682673588579
15332,0.032171581769437,0.375,0.0012751849018107625,0.22009966777408638,0.44933554817275745,0.33056478405315615,0.49757714868655956,0.20657995409334354,0.6880897730170875,0.2384200056834328,2.76056338028169,5.0,810.0,2698.0,3921.0,1.532394366197183,4.268185348174994
15362,0.08081896551724138,0.4692355500310752,0.0030864197530864196,0.22462686567164178,0.4507462686567164,0.3246268656716418,0.5030864197530864,0.0051440329218107,0.4038065843621399,0.31445849367784495,2.741889985895628,6.0,10.0,785.0,1944.0,1.885269121813031,3.6964656964656966
15367,0.028585154936343983,0.38541871921182264,0.00031580609505763463,0.16871663959155256,0.4472035275005802,0.38407983290786724,0.5076582978051476,0.0,0.7340912679614716,0.2463792809677969,2.921723019916628,2.0,0.0,4649.0,6333.0,1.8389791183294664,3.311993645750596
15368,0.0068560235063663075,0.3072100313479624,0.001694915254237288,0.22147931466778104,0.43292937735060594,0.345591307981613,0.481638418079096,0.0,0.6771186440677966,0.24103035878564857,2.8072957969865184,6.0,0.0,2397.0,3540.0,1.4497991967871486,3.3009764503159102
15377,0.02056555269922879,0.4755357864941367,0.0,0.19155555555555556,0.42933333333333334,0.3791111111111111,0.4640650406504065,0.0003252032520325203,0.6507317073170732,0.19867086393844002,2.7727682596934176,0.0,1.0,2001.0,3075.0,1.6097560975609757,3.467391304347826
15380,0.07334963325183375,0.3848454636091725,0.0,0.1388888888888889,0.3900462962962963,0.4710648148148148,0.49434782608695654,0.0,0.5930434782608696,0.20623836126629422,2.532150776053215,0.0,0.0,1364.0,2300.0,1.6585365853658536,3.0628295254833042
15401,0.03313840155945419,0.5348557692307693,0.0010460251046025104,0.15615615615615616,0.4804804804804805,0.3633633633633634,0.47280334728033474,0.0,0.6569037656903766,0.24669603524229075,2.476683937823834,1.0,0.0,628.0,956.0,1.8181818181818181,3.6234177215189876
15403,0.023652365236523653,0.3127147766323024,0.00034818941504178273,0.17196531791907516,0.394990366088632,0.43304431599229287,0.49303621169916434,0.0,0.5379526462395543,0.24592707525213345,2.4878923766816143,1.0,0.0,1545.0,2872.0,1.5992779783393503,3.28556338028169
15407,0.17633659386305775,0.6133801052367828,0.002846036373733167,0.23574032115062554,0.4774899024726628,0.28676977637671164,0.5119394696654171,0.0012494793835901709,0.4475912814105234,0.2561445965363382,2.945293146160198,41.0,18.0,6448.0,14406.0,1.9248291571753986,3.9832738470151865
15425,0.022843822843822845,0.46930560214693057,0.0011210762331838565,0.15512572533849128,0.402321083172147,0.4425531914893617,0.4941143497757848,0.0002802690582959641,0.6779708520179372,0.22790556900726391,2.56081573197378,4.0,1.0,2419.0,3568.0,1.9403636363636363,3.365460712266817
15442,0.01081282624906786,0.37065018315018317,0.0014942099364960778,0.16716826265389878,0.47633378932968534,0.3564979480164159,0.4480762047067613,0.002054538662682107,0.7896899514381771,0.25173990853052297,3.0011210762331837,8.0,11.0,4228.0,5354.0,2.031478358628443,3.3679864890223308
15455,0.14131254714609,0.5241379310344828,0.0025380710659898475,0.1776403743315508,0.4496991978609626,0.37266042780748665,0.5004834421078076,0.00024172105390379503,0.4005317863185883,0.2437946718648473,2.594620253164557,21.0,2.0,3314.0,8274.0,1.8490625993009215,3.6096459096459097
15464,0.019522776572668113,0.3212376933895921,0.0011627906976744186,0.21468926553672316,0.4378531073446328,0.3474576271186441,0.5179069767441861,0.0,0.5367441860465116,0.2894802912377605,3.0260380014074597,5.0,0.0,2308.0,4300.0,1.787188612099644,3.203147017379051
15466,0.02693714665779847,0.44679527069072805,0.0012836970474967907,0.2101669195751138,0.4336115326251897,0.3562215477996965,0.528369704749679,0.0,0.4025673940949936,0.26481994459833796,2.874538745387454,5.0,0.0,1568.0,3895.0,1.8715867158671586,3.4310880829015544
15469,0.12284759701876125,0.5116318948270935,0.0014869531849577898,0.18627651592660802,0.4445126526157834,0.36921083145760863,0.5053722179585571,4.7966231772831926e-05,0.46839025326170375,0.25022095139069406,2.820278384279476,31.0,1.0,9765.0,20848.0,1.9941168422492817,3.7950720279381094
15476,0.032972972972972976,0.3139075922916183,0.001142204454597373,0.2516110134739309,0.46690099589923845,0.2814879906268307,0.5063773082048353,0.0,0.8587473824481249,0.2972636815920398,3.672522839072382,6.0,0.0,4511.0,5253.0,2.044943820224719,3.12901376146789
15480,0.11496571198063735,0.5513626834381551,0.0022828307100804996,0.23037662794790567,0.48028863076381556,0.2893347412882788,0.4557250991229124,0.0012014898474107894,0.3547999519404061,0.2744991878722252,2.8381461675579325,19.0,10.0,2953.0,8323.0,1.7915472779369628,3.4350187039942077
15491,0.1712860310421286,0.49592456448777367,0.0008873114463176575,0.23154395228317198,0.48459958932238195,0.28385645839444607,0.5190771960958296,0.0,0.1853798375537506,0.29284978667059,3.150075252633842,13.0,0.0,2716.0,14651.0,2.279049676025918,3.9939912977415566
15494,0.02822422579380635,0.43535496003761165,0.0,0.16840882694541232,0.47038327526132406,0.3612078977932636,0.48517412935323384,0.0,0.8029850746268656,0.2361615729856807,3.0425273390036454,0.0,0.0,4035.0,5025.0,1.8549571603427173,3.173834766953391
15500,0.18144499178981938,0.5270042194092827,0.003932785126921702,0.2121684867394696,0.453458138325533,0.3343733749349974,0.489095459420808,0.0,0.8569896317483018,0.2840690978886756,2.9946466809421843,11.0,0.0,2397.0,2797.0,1.8811563169164882,3.5795536357091433
15507,0.04890510948905109,0.5429405702507729,0.0010004287551807919,0.20970575318401405,0.505270092226614,0.28502415458937197,0.4869229669858511,0.0002858367871945119,0.45333714449049595,0.2799691833590139,2.9036144578313254,7.0,2.0,3172.0,6997.0,2.103448275862069,3.308423326133909
15511,0.014492753623188406,0.4265085095410005,0.0008791208791208791,0.10166468489892984,0.3882282996432818,0.5101070154577884,0.48307692307692307,0.0,0.7767032967032967,0.2122619600557362,2.4846153846153847,2.0,0.0,1767.0,2275.0,1.592755214050494,3.158990256864482
15514,0.040372670807453416,0.4740710494079216,0.004095563139931741,0.2125984251968504,0.43799212598425197,0.3494094488188976,0.46996587030716724,0.0,0.5116040955631399,0.2533136966126657,2.6785714285714284,12.0,0.0,1499.0,2930.0,1.8900091659028415,3.310522696011004
15516,0.17617086619669156,0.49660467628675053,0.0013487042805304904,0.21198844038407755,0.47655448867344086,0.3114570709424816,0.5181272277704634,0.0002568960534343791,0.36604476413731096,0.2977489057180574,3.056516610969137,42.0,8.0,11399.0,31141.0,2.106761565836299,3.8715653079828103
15518,0.05948372615039282,0.5826086956521739,0.002575991756826378,0.23716012084592145,0.46827794561933533,0.2945619335347432,0.48377125193199383,0.0,0.3323029366306028,0.2564534231200898,2.7610872675250357,5.0,0.0,645.0,1941.0,2.0602582496413198,3.489073881373569
15522,0.039755351681957186,0.38074074074074077,0.0036496350364963502,0.17006200177147918,0.449955713020372,0.3799822852081488,0.5079075425790754,0.0006082725060827251,0.5194647201946472,0.24126344086021506,2.948998178506375,6.0,1.0,854.0,1644.0,1.790909090909091,3.6009882643607165
15531,0.02264908256880734,0.491025641025641,0.001101494885916601,0.14943566591422122,0.46817155756207673,0.382392776523702,0.4778914240755311,0.00015735641227380016,0.6807238394964594,0.25166002656042497,2.6120016440608302,7.0,1.0,4326.0,6355.0,1.8240626287597856,3.784776072163317
15533,0.024623803009575923,0.37589073634204273,0.00048520135856380397,0.2756155679110405,0.4932486100079428,0.23113582208101668,0.46676370693837943,0.0,0.7389616690926735,0.2999472851871376,3.2766295707472177,1.0,0.0,1523.0,2061.0,1.784688995215311,3.3497320993667805
15537,0.0709366391184573,0.40644038294168844,0.00024709661477637757,0.1884508990318119,0.4367219917012448,0.3748271092669433,0.5082777365950086,0.0,0.3429701013096121,0.2692001062981664,2.817294281729428,1.0,0.0,1388.0,4047.0,2.0489168413696714,3.6279591328183405
15542,0.027079843662758236,0.4154187465335552,0.0006056935190793458,0.18668496911461907,0.44086021505376344,0.3724548158316175,0.4904603270745003,0.0,0.6600545124167171,0.27123064384678075,3.0588235294117645,4.0,0.0,4359.0,6604.0,1.75139146567718,3.084859584859585
15550,0.028785982478097622,0.3872271624898949,0.0006321112515802782,0.26632653061224487,0.46938775510204084,0.2642857142857143,0.4664981036662453,0.0,0.6675094816687737,0.3022284122562674,2.9080882352941178,1.0,0.0,1056.0,1582.0,1.674721189591078,3.1290734824281152
15572,0.22152124141439838,0.5498114788437369,0.03677652733118971,0.2402916737324063,0.5075122943869764,0.2521960318806173,0.5036843515541265,0.005984280100035727,0.12649607002500893,0.28451499467571384,2.952176825184193,1647.0,268.0,5665.0,44784.0,1.8069562881890822,3.4866406143499797
15580,0.011690209449585971,0.3156267566048342,0.0011921793037672865,0.17159361196058442,0.46143391097519537,0.3669724770642202,0.4530281354315689,0.0002384358607534573,0.587029089175012,0.22320525783619818,2.4816568047337277,5.0,1.0,2462.0,4194.0,1.7143709004174121,3.5250419362568897
15599,0.08246767012931948,0.48769759450171823,0.00213747328158398,0.21274792337684353,0.47058823529411764,0.3166638413290388,0.5050061874226572,0.0001124985937675779,0.535155810552368,0.29171832382841556,3.1843165994869915,19.0,1.0,4757.0,8889.0,2.0498899486427,3.589996597482137
15600,0.024083985179086043,0.6007815043959622,0.0012308533916849016,0.23403411344704483,0.4692582308607695,0.29670765569218566,0.4722374179431072,0.002188183807439825,0.6861323851203501,0.24086524408067816,2.921968787515006,9.0,16.0,5017.0,7312.0,1.6910764305722288,3.340633608815427
15621,0.013480392156862746,0.30355276907001044,0.004932735426008968,0.14890885750962773,0.3979460847240051,0.45314505776636715,0.48834080717488787,0.0,0.7022421524663677,0.2562741312741313,2.4994350282485875,11.0,0.0,1566.0,2230.0,1.887243735763098,3.409049773755656
15632,0.01913795972707605,0.4144531670072051,0.0011647701818833438,0.2025537634408602,0.4571236559139785,0.3403225806451613,0.5104381327838007,8.959770629871875e-05,0.9078935579249171,0.2725415815582142,3.277826725403818,13.0,1.0,10133.0,11161.0,2.090748379493223,3.3611666363801564
15638,0.064,0.6388119808708784,0.002488077959776073,0.27897271268057783,0.48154093097913325,0.23948635634028892,0.49056603773584906,0.00020733982998133942,0.49181007671573707,0.26549072817729535,3.1667760998030205,12.0,1.0,2372.0,4823.0,1.972018654230513,3.3160859586897558
15646,0.054029580440688195,0.5151216767477845,0.0014251510660129973,0.266900080797199,0.5012119579854565,0.23188796121734445,0.49663664348420933,0.0015961691939345571,0.581803671189146,0.3020042325407693,3.4837617055190275,25.0,28.0,10206.0,17542.0,2.0971049457177324,3.2338236984254682
15660,0.042492917847025496,0.38367658276125094,0.0,0.1901840490797546,0.4084136722173532,0.4014022787028922,0.4815521628498728,0.0,0.561704834605598,0.24029952348536418,2.382262996941896,0.0,0.0,883.0,1572.0,1.6585365853658536,3.561740243122201
15664,0.02077431539187913,0.49058084772370486,0.00021468441391155003,0.14652122641509435,0.4528301886792453,0.40064858490566035,0.4761700300558179,0.0,0.7969085444396736,0.19812828121433462,2.785885167464115,1.0,0.0,3712.0,4658.0,1.898802395209581,3.3684324324324324
15667,0.05744485294117647,0.5370997136162458,0.0008789277081960009,0.1866836572156738,0.4501433577572475,0.3631729850270787,0.4895627334651725,0.0008789277081960009,0.42540101076686443,0.24148533585619678,2.5732122587968216,4.0,4.0,1936.0,4551.0,1.8998815165876777,3.3488785254274926
15673,0.019042717447246525,0.30710934680620716,0.0018143332325370426,0.1571550255536627,0.36115843270868825,0.4816865417376491,0.5013607499244028,0.0,0.6483217417599032,0.2462686567164179,2.762740183792815,6.0,0.0,2144.0,3307.0,1.6820469798657718,3.352493917274939
15676,0.03303964757709251,0.4411764705882353,0.002412961047914512,0.1633587786259542,0.44732824427480916,0.3893129770992366,0.489831092726646,0.0,0.859358841778697,0.2727272727272727,2.921450151057402,7.0,0.0,2493.0,2901.0,1.870837537840565,3.1370100589663545
15681,0.024513947590870666,0.4757766673908321,0.001370097619455386,0.1755983350676379,0.5015608740894901,0.322840790842872,0.4569275560883713,0.00017126220243192326,0.6281897585202946,0.27356406480117823,2.8493887530562345,8.0,1.0,3668.0,5839.0,1.9911980440097798,3.339550949913644
15686,0.05070118662351672,0.5022049744222967,0.0005859947260474656,0.20366774541531824,0.4740021574973031,0.32233009708737864,0.4827131555815998,0.0001464986815118664,0.6106065045414591,0.2435734687400825,2.8331946755407653,4.0,1.0,4168.0,6826.0,1.8176519567027478,3.4157170341867693
15690,0.12920962199312716,0.5287136294027565,0.012222579607590866,0.17776757005052826,0.46164446485989896,0.3605879650895728,0.48472177549051143,0.0,0.3608877452557092,0.26204506065857885,2.6458511548331907,38.0,0.0,1122.0,3109.0,1.7519247219846021,3.526452450503083
15693,0.1503686457120683,0.4596286938371965,0.006973254479653986,0.22106452422796888,0.45869947275922673,0.3202360030128044,0.47682937593785857,0.0007061523523700238,0.38979609850825314,0.29651623119556614,2.677443237907206,79.0,8.0,4416.0,11329.0,2.153311833291987,3.769751693002257
15696,0.018886198547215495,0.515970515970516,0.0033795201081446434,0.17915465898174832,0.42315081652257447,0.3976945244956772,0.4967894558972626,0.0023656640757012504,0.6556269009800608,0.235445836403832,2.8333333333333335,10.0,7.0,1940.0,2959.0,1.8958130477117818,3.306247866165927
15720,0.01410039481105471,0.20127981384525886,0.0,0.13859416445623343,0.40119363395225466,0.46021220159151194,0.49259624876604147,0.0004935834155972359,0.6604146100691016,0.22571893651654912,2.4398496240601504,0.0,1.0,1338.0,2026.0,1.4278544542032623,3.3178873941205778
15723,0.045174537987679675,0.3063973063973064,0.0,0.15977961432506887,0.44490358126721763,0.3953168044077135,0.5286259541984732,0.0,0.7175572519083969,0.27840327533265097,2.7116883116883117,0.0,0.0,752.0,1048.0,1.6223958333333333,3.4532304725168754
15740,0.010444743935309973,0.4222222222222222,0.0012031884493908858,0.22593130140299952,0.45379777455249154,0.32027092404450896,0.48277936531809296,0.0,0.8321552113099714,0.2939344262295082,3.4237899073120492,8.0,0.0,5533.0,6649.0,1.924304840370752,2.9265016601267733
15753,0.09482020547945205,0.46312603192074847,0.0017568517217146872,0.17417900837089503,0.42916934964584674,0.3966516419832582,0.5242445537596627,0.00035137034434293746,0.27149215272897637,0.26207775653282345,2.6074622263336416,15.0,3.0,2318.0,8538.0,1.8870718913915459,4.038187009279087
15755,0.007744191856107919,0.3366176997491938,0.0011215477358755082,0.2010287183883412,0.4541363051864552,0.3448349764252036,0.4716108229356512,0.0,0.803729146221786,0.2493894993894994,2.944191814799504,8.0,0.0,5733.0,7133.0,1.5758577924762298,3.018822530427399
15757,0.0314498933901919,0.4423421954004241,0.0011985617259288853,0.22144147761493677,0.4717928126882152,0.306765709696848,0.5035290984152351,0.0011985617259288853,0.4178985217738714,0.312237509051412,2.9069406746801087,9.0,9.0,3138.0,7509.0,1.8092283830942226,3.3721368903260576
15759,0.34257041381019243,0.5272417876583506,0.0018512061895037438,0.22657634918585132,0.4809171059273782,0.2925065448867705,0.5251697630788132,0.00039846590626089557,0.10137636765120951,0.2967525703156846,2.882855281885509,223.0,48.0,12212.0,120462.0,2.2042426154704984,4.21903899686096
15761,0.03825503355704698,0.376953125,0.00042069835927639884,0.1108719052744887,0.3789020452099031,0.5102260495156081,0.5103071098022718,0.0,0.7488430795119899,0.18692022263450836,2.281853281853282,1.0,0.0,1780.0,2377.0,1.817391304347826,3.5
15762,0.018739352640545145,0.4101796407185629,0.0003866976024748647,0.22983870967741934,0.4544930875576037,0.315668202764977,0.48453209590100543,0.0,0.8232791956689869,0.24120603015075376,2.7896440129449838,1.0,0.0,2129.0,2586.0,1.7891304347826087,2.987534086482275
15763,0.014866204162537165,0.4450648958647751,0.0001257387149503332,0.2030622009569378,0.4602870813397129,0.33665071770334926,0.48899786244184584,0.0,0.8374198415692191,0.24015213257267046,3.0945525291828795,1.0,0.0,6660.0,7953.0,1.83984375,3.046914516944866
15764,0.0256941566514712,0.4432196339434276,0.0005081300813008131,0.21849865951742628,0.47238605898123326,0.3091152815013405,0.5018631436314364,0.0005081300813008131,0.752710027100271,0.3099112426035503,3.4438565549676663,3.0,3.0,4444.0,5904.0,1.923394225103123,3.1354663036078967
15774,0.020951302378255945,0.329490022172949,0.0,0.1726844583987441,0.40397697540554683,0.42333856619570903,0.4825831702544031,0.0,0.773385518590998,0.2107216494845361,2.5601202404809618,0.0,0.0,1976.0,2555.0,1.6495983935742973,3.3950276243093924
15776,0.030122476001324065,0.5091024555461473,0.0013900955690703736,0.20467242254951754,0.4664804469273743,0.32884713052310816,0.49904430929626414,0.0008688097306689834,0.6380538662033015,0.261372110365399,2.9588688946015425,8.0,5.0,3672.0,5755.0,1.865974025974026,3.3235345581802274
15778,0.023663038334122102,0.35989286909943086,0.0,0.15003837298541828,0.3821949347659248,0.46776669224865697,0.5115681233933161,0.00028563267637817766,0.8063410454155956,0.20642618975447105,2.6592818945760124,0.0,1.0,2823.0,3501.0,1.7415902140672783,3.4135554279149916
15790,0.017879948914431672,0.3700728094401205,0.0005825242718446602,0.18881916714204222,0.4637763833428408,0.34740444951511695,0.4974757281553398,0.0001941747572815534,0.6766990291262136,0.27092465038614066,2.775377969762419,3.0,1.0,3485.0,5150.0,1.8480737927292459,3.1931573802541546
15798,0.03784520968291851,0.41182398387638564,0.011268419531927188,0.12960122699386503,0.39493865030674846,0.4754601226993865,0.5073678127708755,0.001444669170759896,0.6876625252817105,0.2125,2.497084548104956,39.0,5.0,2380.0,3461.0,1.6880466472303206,3.2619669277632726
15804,0.022446457990115323,0.35507893952934166,0.0007532011046949536,0.15482826829706886,0.4198885092609243,0.42528322244200684,0.5051468742154155,0.00025106703489831785,0.790735626412252,0.23826227738801942,2.8243867756843226,6.0,2.0,6299.0,7966.0,1.77568432278706,3.1858172165339402
15806,0.10677864427114576,0.49375600384245916,0.0015422298829719677,0.22327206834066787,0.4657002329795496,0.3110276986797825,0.5083915449514651,0.0003628776195228159,0.5458586591671959,0.2732943469785575,3.0439226519337015,17.0,4.0,6017.0,11023.0,2.1079136690647484,3.892327412561802
15808,0.04132231404958678,0.44082710074791026,0.003485535029627048,0.18696741854636592,0.43909774436090226,0.37393483709273184,0.5005228302544441,0.0003485535029627048,0.7466016033461136,0.26743752331219695,2.6989651928504235,10.0,1.0,2142.0,2869.0,1.7841658812441092,3.5366795366795367
15810,0.021423635107118175,0.41641452344931923,0.0006341154090044388,0.18045454545454545,0.4527272727272727,0.3668181818181818,0.4885859226379201,0.0,0.7003804692454026,0.26951547779273216,2.7189655172413794,2.0,0.0,2209.0,3154.0,1.606896551724138,3.5749840459476707
15814,0.03509234828496042,0.5060068649885584,0.0013782014471115194,0.22680782343441594,0.46222860218912615,0.31096357437645794,0.49293671758355345,0.0,0.5170552429080051,0.2746035741253461,3.167333575845762,12.0,0.0,4502.0,8707.0,1.8994535519125684,3.016639704183037
15816,0.02216494845360825,0.41676104190260477,0.0023674242424242425,0.1631430584918957,0.4675828047921071,0.3692741367159972,0.4810606060606061,0.00023674242424242425,0.8562973484848485,0.23485816509072324,3.0630891950688905,10.0,1.0,3617.0,4224.0,1.8540305010893245,3.075660242683797
15820,0.03260869565217391,0.44857142857142857,0.0008496176720475786,0.2351938645078824,0.4478057094162761,0.3170004260758415,0.5177003681676579,0.0,0.5921835174171622,0.30070357907617007,3.012798634812287,3.0,0.0,2091.0,3531.0,1.7929854576561164,3.381387382243791
15822,0.011560693641618497,0.4050013590649633,0.0,0.2040319777546055,0.4765380604796663,0.3194299617657282,0.49337748344370863,0.0,0.830242825607064,0.2796549245147376,3.1545961002785514,0.0,0.0,3761.0,4530.0,1.8971308607417774,2.9551708832667556
15832,0.028892455858747994,0.46110210696920584,0.000655307994757536,0.20288461538461539,0.45384615384615384,0.34326923076923077,0.4567496723460026,0.001965923984272608,0.8355176933158585,0.2576512455516014,2.901140684410646,1.0,3.0,1275.0,1526.0,1.7129277566539924,3.233972240581626
15835,0.04709141274238227,0.3641513251062108,0.0005122950819672131,0.143520782396088,0.4308068459657702,0.4256723716381418,0.5051229508196722,0.00017076502732240437,0.6463456284153005,0.2527833546267567,2.8519061583577714,3.0,1.0,3785.0,5856.0,1.8100832109642682,3.3461869512824927
15837,0.054834437086092716,0.4236822001527884,0.0013490311503556536,0.21104428649535265,0.44723892837616186,0.3417167851284855,0.5129997547216091,0.0007358351729212656,0.7164581800343389,0.25919019712306873,3.125911708253359,11.0,6.0,5842.0,8154.0,1.9558541266794627,3.3053048101891926
15839,0.01981132075471698,0.3118421052631579,0.002229654403567447,0.20276872964169382,0.4511400651465798,0.34609120521172637,0.5150501672240803,0.0,0.8400222965440357,0.25185643564356436,3.0304054054054053,4.0,0.0,1507.0,1794.0,1.8777589134125636,3.230190861769809
15842,0.018802966101694914,0.4001809954751131,0.0008689355539464157,0.16124260355029585,0.45963651732882504,0.3791208791208791,0.4844315713251267,0.0002896451846488052,0.8534395365677045,0.2500781983109165,2.8450762257931603,6.0,2.0,5893.0,6905.0,1.85519238725693,3.1910342806914738
15861,0.030130147976466393,0.5201060917180014,0.0006435926773455377,0.21987429562201993,0.4874295622019939,0.2926961421759861,0.5039330663615561,0.0,0.7461384439359268,0.26334904566880457,3.179522184300341,9.0,0.0,10434.0,13984.0,2.0123175182481754,3.064866029739243
15879,0.003367003367003367,0.3146167557932264,0.000774593338497289,0.1489841986455982,0.4345372460496614,0.4164785553047404,0.4817970565453137,0.0,0.8400464756003099,0.24201474201474202,2.7438894792773647,2.0,0.0,2169.0,2582.0,1.828723404255319,2.95404984423676
15897,0.01798120147118921,0.2664804469273743,0.001860032550569635,0.16695001700102005,0.4277456647398844,0.4053043182590955,0.4931411299697745,0.00023250406882120437,0.7472680771913508,0.2491271820448878,2.7003792667509483,8.0,1.0,3214.0,4301.0,1.7512658227848101,3.5362657931679924
17001,0.5577164564310639,0.5405001600796842,0.012089322638324226,0.22145371780386763,0.44651634982233795,0.3320299323737944,0.5277772228271185,0.010248828776633469,0.04006133314686991,0.2515279673676052,2.8932795345233395,4841.0,4104.0,16042.0,400436.0,2.2025233768330814,4.366367149709516
17013,0.11781076066790352,0.5165654018113035,0.002365778292777134,0.1915264463363947,0.46778842930884224,0.340685124354763,0.500193124758594,0.003138277327153341,0.41845307068366167,0.20605397520058352,2.9511143062544933,49.0,65.0,8667.0,20712.0,2.053245071233271,3.21207400194742
17042,0.14015452379233156,0.49902497562439063,0.008833422401056239,0.1977021461088229,0.4509863429438543,0.35131151094732277,0.5019647291817296,0.029015120555782592,0.3949262833611015,0.22369620253164557,2.897511520737327,281.0,923.0,12563.0,31811.0,2.079010522429389,3.3536264919112293
17050,0.14498319731156986,0.47760823719141543,0.0009133346864217577,0.17290732976724013,0.4451351742084719,0.38195749602428797,0.525065963060686,0.00020296326364927948,0.33570123807590824,0.23116400960908495,2.925771971496437,9.0,2.0,3308.0,9854.0,2.0274544911966577,3.163116936309646
17088,0.05336069779374038,0.4891290843583054,0.0037151702786377707,0.20875113947128532,0.44515344879975693,0.34609541172895775,0.49122807017543857,0.10990712074303406,0.43374613003095974,0.26151095216808223,3.0563112938943373,36.0,1065.0,4203.0,9690.0,2.0142360012654223,3.3123572170301143
17174,0.33609679587721264,0.5108186919552059,0.003031928058741028,0.2169207789645746,0.4546402502606882,0.3284389707747372,0.5198622225888953,0.0017119049583367708,0.07926326210708687,0.23194777218473173,3.045271122320303,147.0,83.0,3843.0,48484.0,2.2202490046135375,3.676487122363572
17272,0.0782122905027933,0.4973874098034337,0.004672897196261682,0.16402877697841728,0.44575539568345324,0.3902158273381295,0.49667705088265834,0.02035306334371755,0.5152647975077882,0.21519823788546255,2.8415607449009754,45.0,196.0,4962.0,9630.0,1.9979216152019001,3.3337863265732803
17380,0.23935363229015982,0.5497699963269376,0.017188779977966723,0.21979547263783145,0.4757608540344145,0.30444367332775407,0.5147594700714669,0.006285133188328013,0.04403830400271179,0.26117466866716676,2.988536574815071,1217.0,445.0,3118.0,70802.0,1.9821994529587983,3.643055852771239
17388,0.03934426229508197,0.4843817787418655,0.0015023474178403756,0.1700332395806699,0.43773970851444644,0.39222705190488366,0.48976525821596245,0.003004694835680751,0.39511737089201876,0.19908693926161175,2.7991587802313354,8.0,16.0,2104.0,5325.0,1.9584866001050971,3.4987719629699603
17433,0.1543108182317408,0.4906199618935952,0.003992257440116139,0.19092790617454294,0.4575715764056571,0.35150051741979993,0.49334623759980645,0.0050205661746915075,0.3988628115170578,0.2360244409776391,2.838809564768622,66.0,83.0,6594.0,16532.0,2.041537400896243,3.3481522136845956
17442,0.09494640122511486,0.513663535439795,0.11149086623453153,0.2723261560183551,0.48340981291916696,0.24426403106247793,0.48874484384207423,0.24832056570418384,0.4287566293459045,0.2332695984703633,3.163683818046234,946.0,2107.0,3638.0,8485.0,1.9376400298730396,3.2207191171235316
17444,0.08887171561051005,0.47645316171212587,0.0014819693726329656,0.1856308828785893,0.4543071607291791,0.3600619563922316,0.4925901531368352,0.00041165815906471265,0.5234645150666887,0.23996082272282077,2.7806169429097607,18.0,5.0,6358.0,12146.0,1.9251324579589957,3.2851452282157676
17446,0.07657247037374658,0.5144175317185697,0.002402691013935608,0.18556701030927836,0.474914089347079,0.3395189003436426,0.47092743873137916,0.0,0.4608361364728496,0.20936213991769548,2.789544235924933,5.0,0.0,959.0,2081.0,1.9838926174496645,3.152173913043478
17486,0.1152727695707805,0.48840964133317954,0.003708221517443279,0.20037042118260392,0.44711208670599534,0.35251749211140077,0.49768236155159795,0.004928031227128568,0.3816540619663332,0.23028589381087025,3.1636617967050045,76.0,101.0,7822.0,20495.0,2.0987057539373146,3.402415079520911
17495,0.12729498164014688,0.4636363636363636,0.004202386955790889,0.2310077519379845,0.48992248062015503,0.27906976744186046,0.5015969070432006,0.0013447638258530846,0.2623970415195831,0.30345201518163745,3.016742770167428,25.0,8.0,1561.0,5949.0,1.9715591670898933,3.4770114942528734
17513,0.11876731301939059,0.4776921698620319,0.0019676101104888753,0.17847397675593735,0.43678625568468926,0.38473976755937345,0.4947025881640684,0.004919025276222189,0.4065385197517784,0.18211172102034226,2.823148348088966,26.0,65.0,5372.0,13214.0,2.0138768430182132,3.3936340737348294
17524,0.0913399396811719,0.5175848391361834,0.00943952802359882,0.2161187261671648,0.47067917139029164,0.31320210244254354,0.493952802359882,0.006858407079646018,0.27168141592920353,0.23516379173919924,2.9878183831672205,128.0,93.0,3684.0,13560.0,2.0273029966703664,3.3849692113658283
17541,0.10299667036625972,0.4936779994380444,0.0057663475954330525,0.1890707671957672,0.44246031746031744,0.36846891534391535,0.4934263637412063,0.006054664975204706,0.4662668665667166,0.2417005314160675,2.8304103242885508,100.0,105.0,8086.0,17342.0,2.018040383978815,3.21606551664053
17614,0.16159057437407953,0.5022073412698412,0.005048728506693703,0.21218744535758,0.4438421635484059,0.3439703910940141,0.5074799809638105,0.753626187175402,0.46740052556436096,0.24488250361955674,3.3155168841930807,244.0,36422.0,22589.0,48329.0,2.194382955174322,3.297626496475201
17616,0.06635590896627365,0.5171088966262456,0.00426829268292683,0.19934407528874948,0.47483245401397406,0.32582347069727646,0.4742886178861789,0.028252032520325203,0.5557926829268293,0.2273417172593235,2.9701177180802896,42.0,278.0,5469.0,9840.0,2.022692889561271,3.2678681138644277
17653,0.12448183369909778,0.48666996676331237,0.011217853093860015,0.1708554857419043,0.4436120509102626,0.3855324633478331,0.49692702428545854,0.005370248821528731,0.2983471567515962,0.2214561855670103,2.8118693347015564,188.0,90.0,5000.0,16759.0,1.99519890260631,3.4626829709053673
17662,0.0572289156626506,0.4941127866143359,0.23531432497423566,0.1935185962555621,0.4723364956762656,0.33414490806817226,0.4888927058284667,0.00561090117943433,0.5144280316042597,0.24166769155085474,2.7543471387922858,4110.0,98.0,8985.0,17466.0,1.971039721474917,3.318022016022131
17665,0.06854410201912858,0.5017356475300401,0.0033156498673740055,0.1958063521430774,0.46500154178230035,0.33919210607462225,0.4854111405835544,0.0623342175066313,0.7051282051282052,0.23333333333333334,2.978891820580475,15.0,282.0,3190.0,4524.0,1.9461794019933554,3.3185053380782916
17777,0.134740422126638,0.4882962828813329,0.04211358247713673,0.23599574014909477,0.4604366347177849,0.30356762513312036,0.5122125625682135,0.31914493244514697,0.4692333747318505,0.23125630167372455,3.171142141066953,1119.0,8480.0,12468.0,26571.0,2.1050555754750806,3.309338079369888
17867,0.1060965954077593,0.5011709601873536,0.013093489965736662,0.19346866725507503,0.45984112974404234,0.3466902030008826,0.5061184532550171,0.0004894762604013706,0.38644150758688206,0.2539308176100629,2.916249105225483,107.0,4.0,3158.0,8172.0,1.974561089215335,3.6162361623616235
17873,0.510974501060652,0.5445756234154463,0.010090560392163104,0.22029842954713533,0.49079914734415103,0.2889024231087136,0.5179131320526492,0.008101096592446403,0.08315958682815808,0.2622777919537297,3.076179256859569,634.0,509.0,5225.0,62831.0,2.2478834416223665,4.111275273410525
17877,0.18687872763419483,0.49719821445531387,0.007802445302445302,0.2001987632508834,0.44876325088339225,0.3510379858657244,0.5263030888030888,0.013835263835263836,0.14165057915057916,0.22635566527624074,3.053575817154092,97.0,172.0,1761.0,12432.0,2.1474722564734896,3.507455429497569
18001,0.2106208918522722,0.5331218495420158,0.012845288891440088,0.2964359591040906,0.48194225877648783,0.2216217821194216,0.5049397598045782,0.009177939778938573,0.09504493299912621,0.3332225937615103,2.964689869725841,2014.0,1439.0,14902.0,156789.0,2.021002498438476,3.7858291391594223
18029,0.014384656366542355,0.46180455462669356,0.007532122286220647,0.2585647313379012,0.48070681572304363,0.26072845293905517,0.4853788214443952,0.023704031900753212,0.4678777137793531,0.2811174856572711,2.7985888389993585,34.0,107.0,2112.0,4514.0,1.731362467866324,3.2074753804834377
18094,0.021836673646425366,0.4280280866003511,0.003856749311294766,0.26544272327404855,0.4909160451329126,0.24364123159303883,0.4985123966942149,0.03074380165289256,0.32209366391184574,0.29364073980238153,2.761467889908257,35.0,279.0,2923.0,9075.0,2.1044634377967713,3.464030384271671
18150,0.05030457850265278,0.45544355849756785,0.013457890404094635,0.28848021757430553,0.5218545619374474,0.1896652204882471,0.48577257596907547,0.006406814846630159,0.41161100969970293,0.3076334254731023,3.3354128440366972,376.0,179.0,11500.0,27939.0,2.110145287470508,2.928745913036942
18205,0.05747126436781609,0.45370871683811587,0.03125831338121841,0.2630220553730643,0.48592210229939,0.25105584232754574,0.49441340782122906,0.0026602819898909284,0.2785315243415802,0.3396368002401321,3.0130665577786853,235.0,20.0,2094.0,7518.0,1.8381810733306023,3.1073924731182796
18247,0.030320448340278777,0.47094306311608064,0.061153305203938114,0.2382522671063479,0.4837409544746725,0.2780067784189796,0.5054852320675105,0.006638537271448664,0.2290295358649789,0.30179028132992325,2.867025615924294,1087.0,118.0,4071.0,17775.0,1.8715306631211568,3.280618041354238
18256,0.024509803921568627,0.5171022096660276,0.005378822806208698,0.27870536861032624,0.4746981762137169,0.24659645517595685,0.49277700937451974,0.04141693560780698,0.3625326571384663,0.291985882758027,2.192544459644323,70.0,539.0,4718.0,13014.0,1.6008230452674896,3.179094076655052
18410,0.01479084816269933,0.4621606648199446,0.0032981530343007917,0.26697687945324994,0.5163588774174785,0.2166642431292715,0.46924472295514513,0.012038258575197889,0.6084267810026385,0.31296686458532846,3.0747065101387405,40.0,146.0,7379.0,12128.0,2.0059028709417763,3.027205759249958
18460,0.014354066985645933,0.469980879541109,0.0025309710936459303,0.2856054836252856,0.4975882203604976,0.2168062960142168,0.47342480351671773,0.27680831224190755,0.6591181563873718,0.3326386662391792,3.1989000916590284,19.0,2078.0,4948.0,7507.0,2.0357470210815767,3.055383371513273
18479,0.00477326968973747,0.4621692135669027,0.005373134328358209,0.27014218009478674,0.4881516587677725,0.24170616113744076,0.4898507462686567,0.0005970149253731343,0.4525373134328358,0.2867430441898527,2.716950527169505,18.0,2.0,1516.0,3350.0,1.7292006525285482,3.1811332127787826
18592,0.03895374943870678,0.4697746787299026,0.009961057593769215,0.27139607620130796,0.48414842195052604,0.24445550184816606,0.4894035663045706,0.022914531666325066,0.37921705267472844,0.292774580221662,3.081017612524462,243.0,559.0,9251.0,24395.0,2.0178994472229532,3.118048491013903
18610,0.027285982087065196,0.4636645222778175,0.008623724040830694,0.2739747388117886,0.5077186963979416,0.21830656479026977,0.4885603660682858,0.03968673002463921,0.26786342837029214,0.3116227405836615,2.831138652207591,98.0,451.0,3044.0,11364.0,1.7953957578892912,3.08642413487134
18753,0.10249345639895302,0.4946925566343042,0.009011559330030668,0.29923284093691344,0.511874642944585,0.18889251611850158,0.47445152158527953,0.01750412833215381,0.43248407643312103,0.2960858944498097,3.33556827473426,382.0,742.0,18333.0,42390.0,2.1229114971050453,3.025196850393701
18756,0.02158894645941278,0.3937297615543126,0.019262414093504984,0.3256761763616154,0.5018525379770286,0.17247128566135606,0.44797212273739234,0.201626173652115,0.653760526570516,0.3107569721115538,3.329975686002084,199.0,2083.0,6754.0,10331.0,2.07823613086771,3.060656591974987
18785,0.025043936731107205,0.4718012422360248,0.02817160743877739,0.256957928802589,0.5061488673139158,0.23689320388349513,0.4894126311913092,0.011600073651261278,0.3791198674277297,0.3107612680612465,3.0406032482598606,153.0,63.0,2059.0,5431.0,2.0406941950927586,3.022792022792023
18860,0.02037351443123939,0.46177437020810513,0.006576783952647156,0.24043715846994534,0.5099223468507333,0.24964049467932126,0.47319960539296285,0.003288391976323578,0.5545873068069714,0.29351869982377127,3.018607123870282,40.0,20.0,3373.0,6082.0,2.0377659574468083,3.166052895882156
19001,0.37338820802496736,0.5418797996810264,0.02167922963176687,0.24463929852530888,0.4832004782781985,0.27216022319649263,0.5193060915353266,0.03450788040538104,0.09568290835647564,0.2922481603653895,2.8139055298351257,6011.0,9568.0,26530.0,277270.0,2.0950531755154453,4.245401701618263
19022,0.004102999434069043,0.3686231884057971,0.0006657386673122314,0.2389215162840363,0.4611140772379427,0.299964406478021,0.4989408703020033,0.2014767294074926,0.8614053138049991,0.2410359862042038,2.4914053075995173,11.0,3329.0,14233.0,16523.0,1.5215289318628191,3.2170712417107743
19050,0.027873365450791467,0.5675271739130435,0.006257449344457688,0.2943672839506173,0.511033950617284,0.19459876543209875,0.47790027810885977,0.0019368295589988081,0.6918454509336511,0.23076923076923078,2.5910273081924577,126.0,39.0,13931.0,20136.0,1.6578639261090151,2.9627702566174983
19075,0.00915303880888455,0.5314259525991881,0.12384981491274458,0.2522644207849992,0.4776736055935166,0.2700619736214842,0.4969328397673189,0.0007403490216816499,0.598572184029614,0.24016990987888182,2.5814556875597434,2342.0,14.0,11319.0,18910.0,1.6974709501025291,3.040969632392115
19100,0.009763983187843517,0.5021257780347608,0.05084130926137791,0.22810291431747795,0.4652584769316287,0.3066386087508933,0.4911962496860786,0.07182520858330775,0.7676423807796412,0.23742237422374224,2.649289804417342,1822.0,2574.0,27510.0,35837.0,1.5771921988983177,3.1353754663524924
19110,0.018281728838634683,0.5184551581130119,0.6555806311121669,0.2930902111324376,0.4660268714011516,0.24088291746641075,0.5004949123015402,0.2545037019440155,0.6952528012036268,0.2976566614007372,2.776237623762376,16558.0,6428.0,17560.0,25257.0,1.9707177454865699,3.007910375843238
19130,0.00933125972006221,0.4811010995723885,0.03195086391413593,0.2584843810258388,0.45415541843424606,0.2873602005399152,0.48698700251264077,0.06995067779259857,0.889226665012253,0.25610543120138585,3.0148709315375983,1030.0,2255.0,28666.0,32237.0,1.825042237657218,2.977264174611139
19137,0.016172506738544475,0.45398336206250467,0.003126815905254711,0.3049279830434992,0.46105303723686114,0.23401897971963967,0.4887794349594621,0.749550347270262,0.8743186031710894,0.32074758107724793,3.365785030951041,113.0,27088.0,31597.0,36139.0,1.9317755255255256,2.950773519163763
19142,0.0454173963806188,0.4948453608247423,0.25177053824362605,0.29212867064700865,0.4749603996588278,0.23291092969416352,0.5027935158954989,0.5032263141328297,0.6011174063581995,0.3409623903413532,2.831334752885801,6399.0,12790.0,15278.0,25416.0,1.8057675044883303,3.4608128010189865
19212,0.09053950115371937,0.530988936554527,0.11408418657565415,0.2795497185741088,0.47481064554235286,0.24563963588353832,0.5002047781569966,0.40823663253697384,0.39399317406143347,0.27851591877663573,2.8156969933619678,2507.0,8971.0,8658.0,21975.0,1.8095114006514659,3.410956991249302
19256,0.00866366009969143,0.47579412816594596,0.10411497105045492,0.23774537940534957,0.45291394022882947,0.309340680365821,0.48606803143093463,0.09928143093465674,0.8379083953680728,0.2417382034449868,2.788082826527657,4028.0,3841.0,32417.0,38688.0,1.8391988970321458,3.0907925377430074
19290,0.016597510373443983,0.4842331581462016,0.0007860090391039497,0.26260869565217393,0.4350724637681159,0.30231884057971015,0.48870112006288075,0.0009825112988799372,0.6830418549813323,0.24327731092436974,2.738966630785791,4.0,5.0,3476.0,5089.0,1.651024811218986,2.9790513833992094
19300,0.03667481662591687,0.4908631802777593,0.9543563982066656,0.2791383405684331,0.4960275206814645,0.22483413875010239,0.5324906822233025,0.0030789175174201914,0.11256954572462594,0.3096045858680393,2.815237226277372,17668.0,57.0,2084.0,18513.0,2.046865489957395,3.4209494773519165
19318,0.05342213405129659,0.48530179161593323,0.948995298914174,0.29692754509324365,0.4544481809844084,0.2486242739223479,0.5028081707367807,0.009943004534675708,0.3956816574447726,0.3910666341225287,3.5892210144927534,22811.0,239.0,9511.0,24037.0,2.4853031230863443,3.453634303643019
19355,0.013049537564930951,0.3898408812729498,0.0015430356403597907,0.28767034812374864,0.4661241361493251,0.2462055157269263,0.4925294493997215,0.5096157464905348,0.8192390199841932,0.3139182086235631,2.910989010989011,41.0,13541.0,21768.0,26571.0,2.230056272757365,2.985450796196586
19364,0.030553468569997494,0.5660768372389606,0.00183452577508714,0.336639932460954,0.4735120303925707,0.1898480371464753,0.4932428300617624,0.9857518498134898,0.9090686724148475,0.34629629629629627,3.2324570073136982,30.0,16120.0,14866.0,16353.0,2.399841803440775,3.1235720427465914
19392,0.011379406050513461,0.33401763072092744,0.12783090085556115,0.23916164226241746,0.4484639678438128,0.31237438989376975,0.4859587317564167,0.18369401107196778,0.7957725213890287,0.2732589624174158,2.6822354211663066,1270.0,1825.0,7906.0,9935.0,1.6857606052418266,3.1677818329278185
19397,0.0038560411311053984,0.3506855964082029,0.0014663498002730445,0.25223164883806715,0.45031353744005903,0.2974548137218738,0.4903675987257926,0.4788390554684735,0.7618445669211711,0.26666300647853297,2.6239883242669495,29.0,9470.0,15067.0,19777.0,1.736849132176235,3.150439313445035
19418,0.002619383437437034,0.3141748290519312,0.8529101227398707,0.325815182368862,0.4720969197061477,0.20208789792499032,0.4913554177114953,0.05945624917513528,0.7929259601425366,0.3997892005837522,3.7106038291605303,12925.0,901.0,12016.0,15154.0,2.2119155354449473,3.064418260071968
19450,0.012644001123911211,0.4822003865979381,0.18254182406907718,0.2044461702747306,0.4650033977283759,0.3305504319968935,0.49898812736103615,0.0020237452779276847,0.3611036157582299,0.24649154372076287,2.539622641509434,2706.0,30.0,5353.0,14824.0,1.7030927835051546,3.3273442267272357
19455,0.12039359444337257,0.5015501205649329,0.27388179471076685,0.26078471651602303,0.4895747740345111,0.2496405094494659,0.5100830367734283,0.17915707208150164,0.22430395645802806,0.2948897378673828,2.809055118110236,7850.0,5135.0,6429.0,28662.0,1.9479968423130056,3.5866240022504305
19473,0.00800854244527496,0.4736444444444444,0.02115210007734472,0.28920815968414126,0.4763654310155736,0.23442640930028516,0.4921478293035612,0.5075831455762182,0.8852271580858863,0.29939198318570787,2.421185474678391,629.0,15094.0,26324.0,29737.0,1.7550122249388753,2.9957356076759063
19513,0.022182254196642687,0.5032951289398281,0.9493324204039713,0.26396366083445494,0.47240915208613726,0.2636271870794078,0.5261896610749743,0.00775989957777017,0.3164441401346571,0.27676593650012304,2.7513343799058085,8319.0,68.0,2773.0,8763.0,1.9613450659962288,3.4492336060850524
19517,0.012193840008409545,0.43727438502474786,0.06138161737375883,0.31971283866843686,0.46383439051974235,0.21645277081182082,0.4879997876068603,0.813784314766633,0.7854563797589338,0.34844970703125,3.225997425997426,2312.0,30652.0,29585.0,37666.0,2.222193592716654,2.9535778199204037
19532,0.048248626373626376,0.497923875432526,0.7021269152732107,0.23873356978927604,0.4800229501356144,0.2812434800751095,0.5130833275029735,0.0013992863639543834,0.38336948156440215,0.266961933488603,2.4706855997909227,20071.0,40.0,10959.0,28586.0,1.651984300043611,3.3678372076591536
19533,0.007457386363636364,0.5039283756623424,0.030596491228070174,0.2822719449225473,0.515859355790509,0.2018686992869437,0.4843508771929825,0.1790877192982456,0.5882105263157895,0.2951151213441195,2.6572174561730697,218.0,1276.0,4191.0,7125.0,1.6564600448095594,2.918032786885246
19548,0.054319753394984585,0.5002553998832457,0.01845592414226317,0.2536807352547515,0.4671633800303382,0.2791558847149103,0.5042924232000239,0.17594448266578924,0.6007597738625826,0.27125611745513867,2.758147229114971,617.0,5882.0,20084.0,33431.0,1.8339688328912467,3.2672572237789628
19573,0.1643904542840713,0.5345180722891566,0.9526637511181791,0.27113231785648745,0.4799045696458066,0.248963112497706,0.535334459795249,0.00024848424609879736,0.015430871682735315,0.33227409761264565,3.080357142857143,38339.0,10.0,621.0,40244.0,2.1355277391438725,3.75929377392706
19585,0.005221932114882507,0.4903371538525893,0.0017388978063135367,0.3017875920084122,0.4741324921135647,0.22407991587802314,0.4993311931514179,0.7596976993044409,0.7090021401819154,0.29358540532587907,2.890201394268009,26.0,11359.0,10601.0,14952.0,1.7672797676669894,3.1118120805369127
19622,0.0062256809338521405,0.3805309734513274,0.018637532133676093,0.20610801865503234,0.4478712200992929,0.3460207612456747,0.48586118251928023,0.062339331619537273,0.7942373607540703,0.2390587700352393,2.677373100086034,174.0,582.0,7415.0,9336.0,1.7875215641173088,3.200882289649236
19693,0.004994054696789536,0.48655946974346387,0.0006118702834998981,0.2427071178529755,0.46718203033838973,0.2901108518086348,0.497756475627167,0.37732000815827044,0.7419946971242096,0.23245661901124087,2.5035879036391595,6.0,3700.0,7276.0,9806.0,1.6511150986926428,3.103551209469892
19698,0.18156916454705538,0.5454475575540951,0.22904865044985004,0.2720619954396993,0.48158932643125657,0.24634867812904418,0.5120897200933022,0.25783072309230254,0.39258788737087635,0.2958609650125772,3.0569074412490784,21996.0,24760.0,37701.0,96032.0,2.1614094822048053,3.6170154590388055
19701,0.006018054162487462,0.3704414587332054,0.006541129831516353,0.2436420722135008,0.4800627943485086,0.27629513343799056,0.4757185332011893,0.24995044598612487,0.7012884043607532,0.29378283712784586,3.037240537240537,33.0,1261.0,3538.0,5045.0,1.7871559633027523,3.079094913896676
19743,0.029462387364584387,0.5328736858144142,0.0008953085830249492,0.3006993006993007,0.470846394984326,0.22845430431637329,0.5018801480243524,0.8415900680434523,0.827056225379014,0.301333601393915,3.0497944266788486,30.0,28200.0,27713.0,33508.0,2.0568867751966344,3.3106716734298347
19760,0.0058951965065502186,0.46038608485823446,0.001338016390700786,0.2517854981237138,0.46507686720735986,0.2831376346689263,0.5002508780732564,0.43125940792774714,0.8369292523833417,0.25661877654287524,2.598299912816042,16.0,5157.0,10008.0,11958.0,1.7790115392989332,3.1995297279140074
19780,0.012734864300626305,0.527185705169113,0.5614017267648552,0.28649441682288695,0.47216562066998125,0.2413399625071318,0.49507364144235655,0.22788217369222954,0.6433214829862874,0.24936858056911937,2.512997823024715,11054.0,4487.0,12667.0,19690.0,1.6568062491996414,3.0441327053041163
19785,0.005143277002204262,0.5142303969022265,0.0020964360587002098,0.23881994848981503,0.47998126902364785,0.2811987824865371,0.49088856636026446,0.0,0.7624576681180455,0.23234232686028528,2.2516339869281046,13.0,0.0,4728.0,6201.0,1.421664849145765,3.374068071312804
19807,0.05740597297529908,0.4759831939134714,0.0049663221280690315,0.23425057511944788,0.45841443992213765,0.30733498495841444,0.5039885774591054,0.03318123971816122,0.5646397864481485,0.2533021233907373,2.8557478916999557,160.0,1069.0,18191.0,32217.0,1.7752978836919793,3.3398292095467483
19809,0.007454128440366973,0.4016588439529351,0.7978536404847812,0.31606263982102906,0.48331096196868006,0.20062639821029082,0.4948653899528171,0.1559811268387455,0.5550929780738274,0.4767200224655995,3.5702015196564254,17248.0,3372.0,12000.0,21618.0,2.0932713818619857,3.11826715526329
19821,0.0214301827205053,0.5752423196977164,0.0009786651008025053,0.33897935842274385,0.47225096672294536,0.18876967485431076,0.4929209891041952,0.9772297253213283,0.8542115221504535,0.36076201513889394,2.9097294731846226,30.0,29956.0,26185.0,30654.0,2.239456686930091,3.2226157680703134
19824,0.012531328320802004,0.43252666119770306,0.0014374700527072352,0.3164790996784566,0.4746784565916399,0.20884244372990354,0.4977000479156684,0.8287014853857211,0.8482510781025395,0.390595009596929,3.016767851980341,30.0,17295.0,17703.0,20870.0,1.629720735060049,3.015449032630667
19845,0.0630467990556867,0.5267101608423228,0.9371035659080006,0.274585635359116,0.5038674033149171,0.22154696132596685,0.5346729918447843,0.0007995309418474495,0.18042748254357444,0.3976458248353826,2.9222741433021806,17581.0,15.0,3385.0,18761.0,2.011540860885839,3.384292855990969
20001,0.3794860231268453,0.5243442725018962,0.07193223453191365,0.2879039936386369,0.5017141501965257,0.21038185616483743,0.5129302556444011,0.06809419417479955,0.05669109979558027,0.321602244846989,3.571178881861005,33042.0,31279.0,26041.0,459349.0,2.0433973717195766,4.048945991316676
20011,0.17349412011131393,0.5273197983376482,0.012171718225244581,0.279842697374971,0.49291474463213086,0.22724255799289816,0.5140178143056802,0.001220300798931976,0.07176828886710195,0.3268249800469619,3.1476857189919287,1167.0,117.0,6881.0,95878.0,1.7568989477863808,3.737925148564926
20013,0.12206623665239308,0.5006131562507231,0.3389399703178042,0.2808619223135809,0.4766090161610434,0.24252906152537568,0.4981320687125774,0.020282833796762254,0.08014192866037768,0.3237688509275324,3.441122815276879,19869.0,1189.0,4698.0,58621.0,1.7270313329792883,3.6204097077693116
20032,0.02860932171276999,0.4433191058380959,0.15867418899858957,0.273180554223799,0.48489788090900376,0.24192156486719724,0.4855701421286753,0.001952913095367256,0.22615818596072476,0.34069477398552045,3.3467683369644154,2925.0,36.0,4169.0,18434.0,1.6212286441294075,3.4094187062937062
20045,0.06521739130434782,0.4593090341410439,0.1455779655222933,0.310412051395658,0.4974745237040319,0.19211342490031014,0.49011085608243393,0.09894027445426576,0.20593836987840017,0.34744533690316826,3.7754010695187166,2981.0,2026.0,4217.0,20477.0,1.7345804778662715,3.4237279771011204
20060,0.1779624339998269,0.49718484937116114,0.01398843622605313,0.2992268160562989,0.49775452567248485,0.20301865827121626,0.4970824118728518,0.005089126322240282,0.039807092803282616,0.3670301019198862,3.7006809434520873,525.0,191.0,1494.0,37531.0,1.8281358281358282,3.574826188494886
20175,0.03664315046856902,0.43923337091319054,0.2858133315725181,0.23367595508288277,0.4786406036480304,0.2876834412690868,0.49628578031628645,0.0029053451748159397,0.19696919673808974,0.34704882913496343,3.4486215538847116,8657.0,88.0,5966.0,30289.0,1.8220571428571428,3.417112654987867
20178,0.10231159946097232,0.48568929491228924,0.17359105383988743,0.27607323232323233,0.49318181818181817,0.2307449494949495,0.5008516625934978,0.0023698437384284976,0.06972524624157594,0.34778456044184214,3.573926868044515,4688.0,64.0,1883.0,27006.0,1.7947424322889007,3.6154105105666727
20228,0.05305176409992274,0.4685396657339484,0.03898042367529709,0.2723940771147926,0.4940624541856033,0.23354346869960416,0.5017509615936621,0.0016361444399793329,0.09782421493771169,0.31835744164511287,3.3960222287218484,1358.0,57.0,3408.0,34838.0,1.7662426614481408,3.5861300130302594
20238,0.07413868294810293,0.4582776574667097,0.4821015761821366,0.27630632790028764,0.4838207094918504,0.23987296260786195,0.49877408056042033,0.010157618213660246,0.11089316987740806,0.3248023061041642,3.764504219409283,13764.0,290.0,3166.0,28550.0,1.8276637988087359,3.590766187431559
20250,0.05887607601104434,0.45277649592370406,0.7930675909878683,0.3170911387076405,0.5072090086297621,0.17569985266259736,0.5006932409012131,0.002715193529751589,0.07772963604852687,0.3645517645908691,3.637318764446312,27456.0,94.0,2691.0,34620.0,1.6675442291491154,3.3169371932982954
20295,0.030728284539075734,0.48266609423634216,0.18177434908389586,0.25240294594931967,0.4662339283485208,0.28136312570215954,0.49445515911282545,0.0004018000642880103,0.08686917389906783,0.2838994265549184,2.879888914603101,2262.0,5.0,1081.0,12444.0,1.6509958314034274,3.594270917624211
20310,0.021923620933521924,0.47381703470031544,0.0009869232667160128,0.21814744801512287,0.4948960302457467,0.28695652173913044,0.47569701455711816,0.001233654083395016,0.535899333826795,0.2617829248586049,3.2770105605199027,4.0,5.0,2172.0,4053.0,1.7051597051597052,3.817118686240358
20383,0.018983466013472138,0.4632250174703005,0.024484622056174528,0.25725274725274727,0.49615384615384617,0.2465934065934066,0.4814197077857095,0.0014010274201080792,0.23263726732937487,0.29905146015385764,3.2388779311856233,367.0,21.0,3487.0,14989.0,1.7416100021934635,3.634385201305767
20400,0.1772058329413346,0.49932084643980557,0.24055038012635185,0.322365954255718,0.5134045744281964,0.16422947131608548,0.4998661526930078,0.0028375629082342865,0.0857158153977942,0.33909176171603184,2.988081816717668,8986.0,106.0,3202.0,37356.0,1.7675339366515836,3.6288676582347192
20443,0.11574828822954027,0.4769252349558143,0.028991731987544293,0.27932667017359286,0.4769419603717342,0.24373136945467297,0.4957586169870074,0.018790937399334264,0.1320734457210351,0.3414982164090369,3.409824046920821,270.0,175.0,1230.0,9313.0,1.8367571533382245,3.903858731196861
20517,0.05150834403080873,0.4660762418174817,0.01130952380952381,0.2631526996347843,0.49343598854999504,0.2434113118152206,0.5064285714285715,0.0013690476190476191,0.12476190476190477,0.32387443475981387,3.3399602385685885,190.0,23.0,2096.0,16800.0,1.6690575811914723,3.647856885580502
20550,0.047561709813365445,0.4670433145009416,0.167054116883819,0.27554577141808845,0.4980737479361585,0.22638048064575308,0.49726982753960103,0.0012434448829539925,0.1326160999080932,0.3896564151850072,3.2947781144181074,3090.0,23.0,2453.0,18497.0,1.7674127126230976,3.6192427470906408
20570,0.04978282659538924,0.2638679718875502,0.0023987090583976623,0.33493125904486254,0.49122648335745295,0.1738422575976845,0.491342840943783,0.6294648698155174,0.6120197130271708,0.28408257361416744,4.16752105455877,55.0,14433.0,14033.0,22929.0,1.7239903219802717,3.8902907295666482
20614,0.09764373232799246,0.48322547683923706,0.000832870627429206,0.24758707511540076,0.4862568191355434,0.2661561057490558,0.49118545252637424,0.0002082176568573015,0.3442531926707385,0.2737734706238643,3.1105354058721932,12.0,3.0,4960.0,14408.0,1.8171601469634753,4.026951347567378
20621,0.13834491471888818,0.5144691257387406,0.044275920180780574,0.28126823575179927,0.48978797899241394,0.22894378525578682,0.4966869661802444,0.0331303381975564,0.11900111072810142,0.3337907375643225,3.4393939393939394,1156.0,865.0,3107.0,26109.0,1.768001056942793,3.622521685254027
20710,0.1692467802783921,0.5384487350199734,0.003732638888888889,0.28169802084061824,0.5168193579970627,0.20148262116231905,0.5010416666666667,0.00043402777777777775,0.12395833333333334,0.29308600337268126,3.0842387659289066,86.0,10.0,2856.0,23040.0,1.7912914930788872,3.4634252793296088
20750,0.08187753661549321,0.4985097927902356,0.02104581512060871,0.26550956831330663,0.487138406764575,0.24735202492211839,0.4951162916194485,0.005935999136581944,0.12033889158707031,0.3255660716425063,3.4125230202578267,390.0,110.0,2230.0,18531.0,1.8070887945357208,3.7341840890578335
20770,0.1055722891566265,0.4876389062304907,0.002444748679835713,0.2880109872354177,0.5234286637582808,0.1885603490063015,0.4901232153334637,0.0002933698415802855,0.1443379620575005,0.3265902206836867,3.202630754776073,50.0,6.0,2952.0,20452.0,1.8845791457286432,3.4032512315270935
20787,0.032939189189189186,0.4338877925007048,0.6316575410652066,0.23779957779709426,0.4845399230100584,0.2776604991928474,0.5005333143710445,0.0012088459077010596,0.18296238355969566,0.37859919092567623,3.3675766283524906,8883.0,17.0,2573.0,14063.0,1.7464517681019966,3.457200258305231
23001,0.334532993138744,0.518000738700643,0.01689788182780254,0.26174161113713756,0.4962591859708986,0.2419992028919639,0.5149461753238819,0.007052888594794374,0.0935412694277223,0.3145403003332242,3.3200846805234794,7329.0,3059.0,40571.0,433723.0,2.0545551543641802,4.0607842908616005
23068,0.08180329281958452,0.4341329269100789,0.040550288540807916,0.2594188732894971,0.4643682246312422,0.2762129020792607,0.49167868920032975,0.047789571310799674,0.2701205688375927,0.32999430848036426,3.272022254067268,1574.0,1855.0,10485.0,38816.0,1.7935636455781738,3.5434591064579664
23079,0.023499173857169084,0.42144008974269087,0.010630178805058874,0.24965905991453768,0.47849804527684336,0.27184289480861895,0.48975141735717403,0.061218927169646754,0.31258177060619274,0.33152627189324435,3.349890430971512,195.0,1123.0,5734.0,18344.0,1.832815072251692,3.5968290542023262
23090,0.019706691109074245,0.42628096369189006,0.00876542377452633,0.2387873282616101,0.49494720109004203,0.2662654706483479,0.48681815116984695,0.022655249140314207,0.6009709392488706,0.3344597076324102,3.769954245043213,130.0,336.0,8913.0,14831.0,1.8458003574163901,3.465988470668023
23162,0.13546049983533975,0.4796273846742806,0.01224909612267797,0.24187324421943013,0.47931651900101874,0.27881023677955113,0.510732244524789,0.014586709886547812,0.18092091592901965,0.2866621530128639,3.158335522858644,1179.0,1404.0,17414.0,96252.0,1.7825171142706688,3.9916000712213413
23168,0.011083123425692695,0.3364287609445476,0.0033353098132226505,0.21615914647699488,0.46977106023560794,0.3140697932873972,0.4843611028757782,0.890972428105544,0.3138155944263267,0.30671564321648165,3.220816423967534,45.0,12021.0,4234.0,13492.0,1.9025089605734766,4.112441982332684
23182,0.09351620947630923,0.4100619282995284,0.013402061855670102,0.2352961515853532,0.46706545416825146,0.2976383942463954,0.49194001874414245,0.38088097469540766,0.34536082474226804,0.27261440227030864,3.550711373658374,572.0,16256.0,14740.0,42680.0,1.9199332777314428,3.8633610900832704
23189,0.05389500670046029,0.4202306739937879,0.0034471729627918546,0.23728443571272648,0.47104889762060687,0.2916666666666667,0.4939052560503216,0.18017697857066706,0.4088276058139948,0.2841683675434205,3.653703823930403,194.0,10140.0,23008.0,56278.0,1.8468503680541983,3.986400157471861
23300,0.03084775854416334,0.4210174029451138,0.01652790625963614,0.23576036866359448,0.47649769585253454,0.28774193548387095,0.49762565525747765,0.028368794326241134,0.364477335800185,0.29164434922335297,3.105726872246696,268.0,460.0,5910.0,16215.0,1.5967401725790988,3.9106497069460033
23350,0.08843053579895685,0.45368989936638093,0.00989666715179741,0.2615458243598947,0.4784637473079684,0.25999042833213687,0.4999272303885897,0.12370833939746761,0.08746907291515063,0.3094875290720988,3.4944020356234096,136.0,1700.0,1202.0,13742.0,1.8497568466854364,3.6825443353363623
23417,0.11652881536819637,0.43968432919954903,0.017829040216872608,0.23869942016335183,0.47805349460689567,0.2832470852297525,0.5075489130986588,0.07151922510686255,0.28106121371495874,0.31938606900069866,3.1859403825614137,1756.0,7044.0,27682.0,98491.0,1.8003504331743405,3.8984190087810076
23419,0.007494646680942184,0.4210069444444444,0.14490746569306306,0.2386016636832684,0.48720648625881857,0.274191850057913,0.4862142767216417,0.021150698728440137,0.5915900793151202,0.3104799889973869,3.1234762092017303,2302.0,336.0,9398.0,15886.0,1.6420141620771047,3.363257575757576
23464,0.05867522347008939,0.4547157090418758,0.03910477127397934,0.24468386730932803,0.46696909554862487,0.28834703714204707,0.500614854894245,0.40389818002951305,0.17597147073290703,0.3055982877399505,3.165434021019852,636.0,6569.0,2862.0,16264.0,1.8286829268292684,4.079228192083385
23466,0.1540658674860432,0.48612185425698407,0.010386500334150145,0.2653728485018333,0.5087227632593008,0.2259043882388659,0.5102751169525507,0.08183893963020718,0.1269352862552907,0.3375107243534747,3.1318235371121874,746.0,5878.0,9117.0,71824.0,1.7602328941032264,3.6655465949820787
23500,0.016165363720683716,0.38400399900024995,0.8728830444311616,0.2556871718939292,0.48445282002961365,0.25986000807645715,0.4887029288702929,0.02514445108587368,0.6250249053596334,0.3295449558997762,3.3375448862880703,21905.0,631.0,15685.0,25095.0,1.725296706227497,3.544311930289523
23555,0.13171292494662507,0.47622664750564564,0.015483164340596425,0.24093799890078255,0.4735795231489963,0.28548247795022114,0.5082062430508306,0.04424235383926053,0.20617667070479098,0.3260263053009167,3.5853716598226506,933.0,2666.0,12424.0,60259.0,1.9716823655657565,3.813678101322986
23570,0.06207459842090934,0.4002090338998455,0.07004598042124,0.24722238726160062,0.4722238726160062,0.2805537401223932,0.491137644615841,0.1660486502521507,0.46306733906852565,0.3172271458055117,3.260154738878143,1889.0,4478.0,12488.0,26968.0,1.7283069103231272,3.737109170957391
23574,0.017229953611663355,0.3946453855065002,0.6918455376399302,0.23725910064239827,0.4759743040685225,0.2867665952890792,0.48043545239806923,0.03512375474992297,0.6484543493889289,0.3278485988656146,3.610307749351131,13473.0,684.0,12628.0,19474.0,1.742193308550186,3.45287593500129
23580,0.028957677240955527,0.4374814043439453,0.015496861037271648,0.27939100625126034,0.4947570074611817,0.22585198628755798,0.4816469656693626,0.16444205644477122,0.4276341835869012,0.3429261862917399,3.12250132672917,548.0,5815.0,15122.0,35362.0,1.6291238027669386,3.4032818642812375
23586,0.023389130933272186,0.38331137461572246,0.005236314178850731,0.24276357489964082,0.46756813860130997,0.28966828649904924,0.49411764705882355,0.19789187351241075,0.3126147568854131,0.27724466264970615,3.3961653961653964,77.0,2910.0,4597.0,14705.0,1.7125028888375318,3.9322741902348834
23660,0.1411194833153929,0.46184315817551347,0.008338651350776431,0.23409263110380293,0.4692331253727975,0.2966742435233996,0.5041905977451606,0.16460327589874496,0.2841629440544565,0.3135724348167479,3.286028872033276,784.0,15476.0,26717.0,94020.0,1.8601423113323285,3.913779781068899
23670,0.04968127086916928,0.2620926139467136,0.0020453788707605956,0.3011969973625482,0.4657739906674782,0.23302901196997364,0.4799743138467393,0.9767635446891499,0.6447700137944157,0.33524234861421254,3.6829610162067454,86.0,41069.0,27110.0,42046.0,1.736865187264275,4.073473487838129
23672,0.0590633608815427,0.4562409682080925,0.5966652886867851,0.26413735807255606,0.49709221822209915,0.2387704237053448,0.5026870607689128,0.09215240457489321,0.18495934959349594,0.3255131964809384,3.218538640647522,17320.0,2675.0,5369.0,29028.0,1.7700510997556098,3.653045650062439
23675,0.027847004009101745,0.39898321015080956,0.5191765465230832,0.2343569105242847,0.4749434919234798,0.2906995975522355,0.49614430818357846,0.06006046811835445,0.5018514114889425,0.3133298523049381,3.264249279219339,15283.0,1768.0,14773.0,29437.0,1.8202708703374777,3.6026353716285775
23678,0.112481426448737,0.39269454183892405,0.0022947475777664456,0.22255831148753108,0.47650736035491026,0.30093432815755866,0.48699643039265683,0.0011473737888832228,0.59667686554479,0.299939817601037,3.262895174708819,54.0,27.0,14041.0,23532.0,1.6694432875190892,3.641619239162994
23682,0.008122157244964262,0.43123314537876933,0.23799620218826295,0.28787364130434784,0.48709239130434784,0.22503396739130435,0.47942851975766343,0.4762636766434578,0.3357446423727281,0.36669013376244597,3.3360482654600303,2632.0,5267.0,3713.0,11059.0,1.6687917425622343,3.332030539901836
23686,0.047639375053359516,0.40123055078980063,0.03107073392914297,0.21826726901777907,0.4592320023316817,0.3225007286505392,0.49378339119088066,0.02732845852721767,0.508703252332767,0.2807203389830508,2.827682239086542,1262.0,1110.0,20662.0,40617.0,1.583501847848825,3.851083859779512
23807,0.08164852255054432,0.4424558626370964,0.08044768878929982,0.2844652550449592,0.4827621928479675,0.2327725521070733,0.4932199866016771,0.12206334172653562,0.42277483887361683,0.3316526020616385,3.772,6965.0,10568.0,36603.0,86578.0,1.7705936797567103,3.527395818717553
23815,0.0178287947246306,0.3684405399037329,0.012489696000799341,0.3305529953917051,0.46046082949308753,0.20898617511520737,0.4826018534708865,0.9767192066545101,0.48752279369520146,0.3505284701000869,3.6906978888171844,500.0,39101.0,19517.0,40033.0,1.733080621301775,3.990939209879022
23855,0.03999192082407595,0.4277900236754021,0.04838762481584547,0.2277868406742795,0.4954866775421425,0.276726481783578,0.4968407267965297,0.006384023571779342,0.41584547389098053,0.32058917935732373,3.0461937543649604,1478.0,195.0,12702.0,30545.0,1.641893916691639,3.6143752060666006
25001,0.1286757819816445,0.46392440244580324,0.008005957922174642,0.15594756829596962,0.3912777165257871,0.4527747151782433,0.5170359337181158,0.004654626698938745,0.19856637497672686,0.23067459503793317,2.5135069946936808,86.0,50.0,2133.0,10742.0,1.7695841392649903,3.830086477240331
25019,0.05573878627968338,0.5058056630678346,0.002607561929595828,0.22607683352735738,0.42607683352735737,0.3478463329452852,0.48402868318122555,0.0,0.5738265971316818,0.25566225765537237,2.770238652316331,16.0,0.0,3521.0,6136.0,1.7728971962616822,3.3602168199737186
25035,0.10789386766486843,0.5824942677699133,0.005310023690874928,0.19405338439013403,0.44194166009685776,0.3640049555130082,0.5033085532227759,0.002205702148517278,0.48386569724695694,0.24953675108091414,2.6450065416484954,65.0,27.0,5923.0,12241.0,1.7865414026655013,3.5711809853924237
25040,0.03943361753958587,0.5294571401022081,0.004670599803343166,0.156785392245266,0.4091523895401262,0.4340622182146078,0.48484103572599146,0.0021304490331039002,0.5231891183218617,0.2307556652852482,2.4836065573770494,57.0,26.0,6385.0,12204.0,1.6986048420188757,3.527674360883594
25053,0.08183879612451041,0.5268358136130764,0.0008995502248875562,0.1699102829537612,0.4078674948240166,0.4222222222222222,0.49035482258870566,9.995002498750625e-05,0.5604197901049476,0.24707956799647343,2.79366463237431,9.0,1.0,5607.0,10005.0,1.8862779228314477,3.6355794601177185
25086,0.02054794520547945,0.3963963963963964,0.002325581395348837,0.18274978650725876,0.4210076857386849,0.3962425277540564,0.47674418604651164,0.0,0.29534883720930233,0.26492537313432835,2.6244274809160304,4.0,0.0,508.0,1720.0,1.6030534351145038,3.3012895662368114
25095,0.03464203233256351,0.4974120082815735,0.0,0.11406155703077851,0.36632468316234157,0.5196137598068798,0.4608812949640288,0.0,0.7823741007194245,0.21958174904942965,2.464523281596452,0.0,0.0,1740.0,2224.0,1.73059866962306,3.319891255097417
25099,0.35086688216279754,0.5889263842019747,0.0024808765763903247,0.26072710251209236,0.5058511468247776,0.23342175066312998,0.4971056439942113,0.0005168492867479843,0.20922059127558404,0.3147898404135761,3.1889659729104722,24.0,5.0,2024.0,9674.0,2.0786516853932584,3.525985569381993
25120,0.034934497816593885,0.5599880916939566,0.0013297872340425532,0.23581560283687944,0.5099290780141844,0.2542553191489362,0.4403812056737589,0.0011081560283687944,0.7544326241134752,0.2837493632195619,2.9611650485436893,6.0,5.0,3404.0,4512.0,1.7765440666204024,3.0235571260306244
25123,0.07881981032665965,0.562822936357908,0.0015095967220185465,0.16699087236271135,0.4284004189735149,0.40460870866377374,0.48986413629501835,0.0007547983610092732,0.5978003019193444,0.23981481481481481,2.5972533632286994,14.0,7.0,5544.0,9274.0,1.8253434258480516,3.487539449341604
25126,0.5971629692832765,0.6232391774732473,0.0037726079076820652,0.2358289804604372,0.5302414745247015,0.23392954501486132,0.5191650947467051,0.0009616451529385657,0.1271344207320832,0.30045523520485584,3.0486826165960026,306.0,78.0,10312.0,81111.0,2.1884784921720626,4.5996254915423505
25148,0.03039179787623581,0.5313812280104415,0.0016503252111445491,0.14478971336726493,0.4481650147334583,0.4070452718992767,0.47150762061935736,0.0,0.6263469566061547,0.17832957110609482,2.485112563543936,17.0,0.0,6452.0,10301.0,1.7414965986394557,3.344186956096607
25151,0.12610409022965077,0.5350782929075837,0.003206361421059382,0.20408163265306123,0.4647913219341791,0.3311270454127597,0.49147107861998207,0.0009619084263178145,0.5684237527254072,0.2408887019904682,2.805853481185239,50.0,15.0,8864.0,15594.0,1.9307901907356948,3.3466649380955467
25154,0.009176717357105402,0.3952888028396257,0.0012253233492171545,0.20474658085277556,0.4581657280772325,0.337087691069992,0.4807351940095303,0.0004084411164057182,0.7150442477876107,0.26239578762615184,3.020618556701031,9.0,3.0,5252.0,7345.0,1.808440215142739,2.945026178010471
25168,0.03345724907063197,0.4180929095354523,0.0018055973517905506,0.1355796229442439,0.39149618933012437,0.4729241877256318,0.45079747216370747,0.0003009328919650918,0.7463135720734276,0.20812020460358055,2.5269961977186313,6.0,1.0,2480.0,3323.0,1.939117199391172,3.52200488997555
25175,0.7038630580615314,0.6105236312630361,0.0034487281368381258,0.24091626324320262,0.49537896759373556,0.2637047691630618,0.519978705839692,0.01589346747625624,0.08699744624381814,0.30065610765180323,2.9502085147335135,447.0,2060.0,11276.0,129613.0,2.2945716787244828,4.806840288672733
25178,0.07654167957855594,0.48824343015214383,0.0018533534113286227,0.21192829619701792,0.46339420338415144,0.32467750041883064,0.4912544885902931,0.0004633383528321557,0.6870149426618788,0.25263421976919215,3.063587921847247,16.0,4.0,5931.0,8633.0,1.8760653409090908,3.1065227592679494
25181,0.10959470636889991,0.4790569924467842,0.0025007213619313265,0.18366242899648363,0.45455774952664324,0.36177982147687315,0.5005289987496393,0.0011541790901221506,0.6120996441281139,0.26219197855449017,2.9060835435940566,26.0,12.0,6364.0,10397.0,1.9382716049382716,3.4797198716078204
25183,0.1325361235675137,0.5374512112012887,0.0015132408575031526,0.2514751552795031,0.49122670807453417,0.25729813664596274,0.4972509457755359,0.000605296343001261,0.47546027742749053,0.2925546637143648,3.2630615640599,30.0,12.0,9426.0,19825.0,1.9211183225162256,3.195865291816935
25200,0.20089414479376982,0.5453925302711614,0.0005212776040185765,0.23824580698377784,0.48742095133351665,0.2743332416827055,0.5063501089944081,0.0006160553502037721,0.42384608094019527,0.28853037298334805,3.1574074074074074,11.0,13.0,8944.0,21102.0,2.0119896797693126,3.6304482742158783
25214,0.5574208317436093,0.6398955773955773,0.004832433789381197,0.2438193055808035,0.5252681330667152,0.23091256135248137,0.509884523660098,0.10825906865821514,0.3656646165432409,0.31289822627862923,3.182546930492136,154.0,3450.0,11653.0,31868.0,2.181308601712189,4.544841194067851
25224,0.03198781416603199,0.4823250728862974,0.0017111079423926994,0.24462186737635838,0.4888001774229319,0.2665779552007097,0.49180094110936834,0.006131470126907172,0.8387280764294881,0.2953303139153522,3.3614978396543447,12.0,43.0,5882.0,7013.0,1.91875,3.0276821572002297
25245,0.0745393004889056,0.5255195434478303,0.0010976948408342481,0.15891775151478793,0.3984042234087228,0.4426780250764893,0.5074423710208562,0.00013172338090010978,0.47771679473106476,0.2280098048458565,2.4180530213588063,25.0,3.0,10880.0,22775.0,1.7315191772016285,3.5376634892485037
25258,0.01228813559322034,0.49940499801666005,0.000578368999421631,0.1250989707046714,0.3844022169437846,0.49049881235154397,0.4797570850202429,0.0,0.8042220936957779,0.18468190240889437,2.435211267605634,2.0,0.0,2781.0,3458.0,1.9950669485553207,3.4155157214222744
25260,0.19732813804620095,0.6411405523500084,0.0010051628820761183,0.32307261788162867,0.5075556177417098,0.16937176437666154,0.496184949970302,0.0011879197697263215,0.11719285420569288,0.26368109247916455,2.9654284164859,22.0,26.0,2565.0,21887.0,1.7851821752675063,3.299692081437566
25269,0.5169410150891632,0.6227685365897331,0.0031387596386383515,0.2821215886208817,0.5039094297587935,0.21396898162032474,0.5109783080100851,0.001102608772355393,0.05146977749354974,0.29943721166155407,3.020986382368751,427.0,150.0,7002.0,136041.0,2.0857778676916854,3.9650676543504884
25279,0.06442754541613857,0.563945875163684,0.0006512233696157782,0.19665605095541402,0.45793524416135883,0.34540870488322717,0.482835612615127,0.0006512233696157782,0.5747511396408969,0.22751589785000503,2.8602980308674826,7.0,7.0,6178.0,10749.0,2.0655301012253595,3.1048727818984134
25281,0.040742234772085516,0.441453272050777,0.0008963786303334528,0.20650984682713347,0.4573304157549234,0.3361597374179431,0.4883470778056651,0.0030476873431337396,0.7576192183578343,0.25569176882662,3.035480349344978,5.0,17.0,4226.0,5578.0,1.8368794326241136,2.8525954060408756
25286,0.6348949919224556,0.6251822277091186,0.00482092147841592,0.2576910353953027,0.5256210324023755,0.21668793220232188,0.5145288044555001,0.0009465736236159112,0.019558852664714816,0.29424519034955315,3.0288959412059464,438.0,86.0,1777.0,90854.0,2.1855174731182796,4.172286234758993
25288,0.07139340226489414,0.516881224192373,0.00020622808826562179,0.20933690157597384,0.46535831103181685,0.32530478739220936,0.5069086409568984,0.0,0.8104763868838936,0.2620415377817057,3.282329045362221,1.0,0.0,3930.0,4849.0,2.0643631436314362,3.270331950207469
25290,0.36238510034169114,0.5213532552609145,0.0032601107992098503,0.2040939501196882,0.4256398715142091,0.37026617836610265,0.5187734854223292,0.0011733428388955725,0.11945818295236822,0.25554466764657846,2.707569868591523,439.0,158.0,16086.0,134658.0,2.0611381644106967,4.0206398972538056
25293,0.047872340425531915,0.40521064301552107,0.00022841480127912289,0.17260012714558168,0.412269548633185,0.4151303242212333,0.47784376427592506,0.0,0.6130653266331658,0.2455411678475446,2.714375,1.0,0.0,2684.0,4378.0,1.8178973717146434,3.482607694079705
25295,0.20753458909818304,0.6476383874849578,0.0015631575783081825,0.32471524136684143,0.5042487796058579,0.17103597902730067,0.5024349185354416,0.002825707930018638,0.2795647207358865,0.31191511796494004,3.0736900573967785,26.0,47.0,4650.0,16633.0,1.9803849000740192,3.6092602706474906
25297,0.06711409395973154,0.36101134894411724,0.0017066926734121662,0.16040390663797385,0.40092699884125144,0.4386690945207747,0.501523832744118,0.00036571985858832134,0.5996586614653175,0.216255442670537,2.7136608344549127,14.0,3.0,4919.0,8203.0,1.8145516074450085,3.321076011846002
25299,0.038601982263954095,0.3707692307692308,0.0,0.15314076111875286,0.3897294818890417,0.4571297569922054,0.4890343698854337,0.001309328968903437,0.7751227495908347,0.23674911660777384,2.704727921498662,0.0,4.0,2368.0,3055.0,1.8224799286351472,3.1756129887342612
25307,0.38477790633331654,0.5725124053277618,0.004240982530165872,0.2142119396818839,0.4581845545489421,0.327603505769174,0.5154623639710235,0.0009149327793505054,0.021915331044207398,0.241184950607364,2.6067086192659246,394.0,85.0,2036.0,92903.0,1.8847609219126247,4.0422087878389625
25312,0.07279693486590039,0.6006944444444444,0.0017336030049118752,0.23930510314875136,0.49098805646036914,0.2697068403908795,0.5021670037561399,0.0015891360878358856,0.5887026870846576,0.29243959469992203,3.1217194570135747,12.0,11.0,4075.0,6922.0,1.9995479204339963,3.3013658820110434
25317,0.07111534795042898,0.4654170008019246,0.006449012494961709,0.2418167977670642,0.5,0.2581832022329358,0.49060862555421203,0.00016122531237404273,0.5222893994357114,0.2881760339342524,2.934232316063402,80.0,2.0,6479.0,12405.0,1.703905325443787,2.9608321144157324
25320,0.13224778151115707,0.5280602455871066,0.00380834935258061,0.21615351152786505,0.4599545652278989,0.32389192324423605,0.4461934641471111,0.0010518298211889304,0.3814877951470748,0.24888174751378817,2.6478721106070426,105.0,29.0,10518.0,27571.0,1.872526759649692,3.514356598197672
25322,0.17623150707202082,0.6273562107298212,0.0014674493062966916,0.24522447396489866,0.4955880926985358,0.2591874333365655,0.49906616862326575,0.0008671291355389541,0.5596985058697972,0.2804772857964347,3.0706365503080084,22.0,13.0,8391.0,14992.0,1.9913722267871816,3.5050708576801664
25324,0.020481927710843374,0.4087463556851312,0.005058168942842691,0.15501730103806227,0.3958477508650519,0.4491349480968858,0.490642387455741,0.0020232675771370764,0.26302478502781995,0.22715125601282737,1.9072463768115941,10.0,4.0,520.0,1977.0,1.272463768115942,3.379521141110545
25326,0.10801144492131616,0.46851385390428213,0.0013012361743656475,0.2185894441849603,0.47571228397944887,0.30569827183559084,0.49609629147690304,0.0009759271307742355,0.6406961613532857,0.26296490309062337,3.066367265469062,8.0,6.0,3939.0,6148.0,1.983016983016983,3.404192597445136
25328,0.04532304725168756,0.420443587270974,0.000832408435072142,0.16572291430728578,0.3941109852774632,0.44016610041525106,0.4938956714761376,0.0,0.7105993340732519,0.22767332549941247,2.6021660649819496,3.0,0.0,2561.0,3604.0,1.9732658959537572,3.3790299971965236
25335,0.04058094831268689,0.5415590008613265,0.002065760027543467,0.28821656050955413,0.47876857749469215,0.23301486199575372,0.4820106730934756,0.0006885866758478223,0.5064555000860733,0.2784568372803667,2.9249748237663646,12.0,4.0,2942.0,5809.0,1.8951084215834595,3.169890224777836
25339,0.020557029177718834,0.563047619047619,0.0003020235578375113,0.26071103008204194,0.4603463992707384,0.27894257064721967,0.46602234974328,0.0003020235578375113,0.692842041679251,0.255249343832021,2.77071129707113,1.0,1.0,2294.0,3311.0,1.6439966414777498,3.1384990848078096
25368,0.03304178814382896,0.5337461300309597,0.0024691358024691358,0.13830508474576272,0.4061016949152542,0.45559322033898303,0.46123456790123457,0.0009876543209876543,0.6103703703703703,0.24868835257082897,2.0632008154943935,5.0,2.0,1236.0,2025.0,1.420408163265306,3.3491035856573705
25372,0.021148036253776436,0.2058180227471566,0.0013374092472296522,0.1596987795377824,0.388989872760322,0.4513113477018956,0.5099350401222774,0.0,0.7951853267099732,0.1889763779527559,2.7658328898350186,7.0,0.0,4162.0,5234.0,1.9808815719596389,3.125743904780188
25377,0.4080896762561731,0.6244114154690251,0.003298129890179292,0.21938577795000969,0.5126428986630498,0.2679713233869405,0.5081576085049647,0.0009122486930283148,0.42907266411704853,0.2913228589729098,3.0382928655471173,94.0,26.0,12229.0,28501.0,2.2121440085975284,4.600875164538048
25386,0.1126618463090634,0.560339230644376,0.002852098329485264,0.17922137756277357,0.4154342317438378,0.4053443906933886,0.4988116256960478,0.002410702159445878,0.3766467472497623,0.22885296722763507,2.562555299946912,84.0,71.0,11093.0,29452.0,1.804538604733623,3.8359613865127624
25394,0.06405693950177936,0.4936981248078697,0.002594706798131811,0.13282336578581364,0.3949930458970793,0.4721835883171071,0.4867669953295278,0.0002594706798131811,0.5280228334198236,0.20359939552136283,2.496922578555232,20.0,2.0,4070.0,7708.0,1.8817413905133202,3.988867059593975
25398,0.018925056775170326,0.5039419087136929,0.0020261558298029104,0.12768584835761917,0.40701407755001234,0.4653000740923685,0.4512801620924664,0.0001841959845275373,0.8366181617240744,0.21172574990261006,2.5804295942720765,11.0,1.0,4542.0,5429.0,1.7785202863961813,3.514757750139224
25402,0.08242168075584286,0.5601558253306759,0.0009935040122277417,0.18997107039537126,0.44862316511303973,0.361405764491589,0.5059992357661445,0.0012991975544516623,0.5517004203286205,0.2511482939632546,2.868380575697649,13.0,17.0,7219.0,13085.0,2.2305151915455745,3.6037065637065635
25407,0.03252496433666191,0.4399841542321405,0.0005305039787798408,0.24672560576293387,0.4959070072036673,0.25736738703339884,0.48201591511936337,0.0015915119363395225,0.703660477453581,0.27632189239332094,3.2870111731843576,5.0,15.0,6632.0,9425.0,1.8937805730258561,2.792505353319058
25426,0.04402877697841727,0.46826923076923077,0.0026415717351824337,0.1586452762923351,0.4416221033868093,0.3997326203208556,0.48538880633977216,0.0021462770348357274,0.7399702823179792,0.21950793927761297,2.6622458001768345,16.0,13.0,4482.0,6057.0,1.641116526362428,3.335048978914162
25430,0.5205701912666907,0.6522729332849891,0.005569938739789965,0.2883836019527854,0.5270781782919816,0.18453821975523307,0.5079127771295215,0.002242561260210035,0.0387343203033839,0.2925819610213023,3.062266220434795,611.0,246.0,4249.0,109696.0,2.0955888578443824,3.939738298384261
25436,0.024696048632218845,0.4068259385665529,0.0002981514609421586,0.11916698804473583,0.3810258387967605,0.49980717315850365,0.4895646988670245,0.0002981514609421586,0.7602862254025045,0.18613485280151948,2.4488594554819723,1.0,1.0,2550.0,3354.0,1.8056379821958457,3.128614457831325
25438,0.03833333333333333,0.5124149659863946,0.0017854690289795358,0.21354716184849123,0.46571006541464444,0.3207427727368643,0.4738360115368768,0.005905782172778464,0.4330449114132674,0.27692307692307694,2.6616623947272062,13.0,43.0,3153.0,7281.0,1.7028319235012872,3.2154849451921743
25473,0.6184384129676751,0.6345177186684381,0.0041662464214503505,0.2780983413662797,0.5378906161609305,0.18401104247278982,0.5107492261022709,0.0007137703366358142,0.012646148355612796,0.3049490907248873,3.0957699791021116,537.0,92.0,1630.0,128893.0,2.1995946337226138,4.196944453176574
25483,0.025203854707190512,0.4844895657078398,0.002379819133745835,0.17797179314976494,0.43519140362659503,0.38683680322364,0.48024750118990955,0.00047596382674916705,0.25940028557829603,0.26131164209456026,2.441860465116279,5.0,1.0,545.0,2101.0,1.6554132712456344,3.603846153846154
25486,0.15285326086956522,0.5958117312188675,0.0026233808821118218,0.2858961303462322,0.49363543788187375,0.2204684317718941,0.5051647811116576,0.000573864567961961,0.30045909165436957,0.2942075912933981,3.0133399209486167,32.0,7.0,3665.0,12198.0,1.9431256181998022,3.3041470854975676
25488,0.11420132906719173,0.5472186287192755,0.012695405021316912,0.45585585585585586,0.357033957033957,0.18711018711018712,0.3248697299857887,0.0010421601136901943,0.5079109426811937,0.2802008158142454,2.4507042253521125,134.0,11.0,5361.0,10555.0,1.784647447030219,3.8431658878504673
25489,0.021046301864101023,0.530920060331825,0.0,0.14675767918088736,0.4104095563139932,0.44283276450511944,0.4692158133506157,0.0,0.6830848995463383,0.2121524201853759,2.3104229607250755,0.0,0.0,2108.0,3086.0,1.5743396226415094,3.642554578038449
25491,0.04459507670353193,0.5393953275309208,0.0007676069852235655,0.1580720393884426,0.4115055713915522,0.4304223892200052,0.4834004989445404,0.0011514104778353484,0.6348109767798887,0.22899202617051728,2.5776674937965263,4.0,6.0,3308.0,5211.0,1.8674280039721947,3.4567567567567568
25506,0.05170630816959669,0.5825906120023767,0.004116222760290557,0.17485754985754987,0.44195156695156695,0.3831908831908832,0.4743341404358353,0.0012106537530266344,0.6794188861985472,0.2604735883424408,2.6995397764628533,17.0,5.0,2806.0,4130.0,1.7738330046022355,3.3020248841180777
25513,0.08633344984271234,0.5109359104781281,0.0016437663322936863,0.1789518021541609,0.41957999879655816,0.40146819904928094,0.5056899603810167,0.0007165135294613504,0.46451150636432603,0.24462389982760185,2.6692628964894456,39.0,17.0,11021.0,23726.0,1.8129520795660037,3.463383516203113
25518,0.012773722627737226,0.45184227537168714,0.00129366106080207,0.15419161676646706,0.4240269461077844,0.4217814371257485,0.4667529107373868,0.000258732212160414,0.7793014230271669,0.24827395747031206,2.7140845070422537,5.0,1.0,3012.0,3865.0,1.7026836158192091,3.37957157784744
25524,0.03376729048006509,0.5096225943514121,0.0027455121436114043,0.18914081145584727,0.4119928400954654,0.39886634844868735,0.46610348468848994,0.00021119324181626187,0.7797254487856389,0.2313618853387718,2.7253886010362693,13.0,1.0,3692.0,4735.0,1.7524467472654002,3.188445960349606
25530,0.052392489400363416,0.5426867545511613,0.0017406440382941688,0.26871287128712873,0.5015841584158416,0.2297029702970297,0.4856396866840731,0.0009946537361680964,0.35509138381201044,0.29890560875512995,3.0341296928327646,14.0,8.0,2856.0,8043.0,1.9044368600682593,3.1283014144448615
25535,0.05015854713173825,0.5529299276055184,0.0025328114206769514,0.20906159850670286,0.4729339894790429,0.3180044120142542,0.48077365876122496,0.00046051116739580933,0.6649781257195487,0.26476049015967323,3.0264808362369338,22.0,4.0,5776.0,8686.0,1.8794004879749042,3.210105458338162
25572,0.1640013610071453,0.5247516416905202,0.006658232904987017,0.23809523809523808,0.47444120505344994,0.287463556851312,0.4894467008455956,0.0016645582262467542,0.19069179039882816,0.2771289178001183,2.949407749447902,100.0,25.0,2864.0,15019.0,1.8101087394281112,3.8098146877144816
25580,0.02229965156794425,0.4850678733031674,0.0,0.12052834342322509,0.3813979086406164,0.4980737479361585,0.4637623762376238,0.0,0.765940594059406,0.22976391231028667,2.565040650406504,0.0,0.0,1934.0,2525.0,2.3981670061099796,3.3566015157558837
25592,0.027252747252747254,0.5125429099551095,0.0029193801931282283,0.1420011983223487,0.41551827441581785,0.44248052726183346,0.4711430496294633,0.0,0.7350101055468223,0.20623958085258395,2.6853864734299515,13.0,0.0,3273.0,4453.0,1.7755595886267392,3.532228778937812
25594,0.041237113402061855,0.4553729456384324,0.00426049908703591,0.23808059058751155,0.4669332513072901,0.2949861581051984,0.4844796104686549,0.0,0.5380401704199634,0.28829029385574356,2.975845410628019,21.0,0.0,2652.0,4929.0,1.9933534743202417,3.316383022349805
25596,0.02351145038167939,0.47923076923076924,0.0013084723585214263,0.12383695170580417,0.38879042977403633,0.4873726185201595,0.46140006542361794,0.0004906771344455348,0.7783774942754335,0.22141623488773748,2.51440329218107,8.0,3.0,4759.0,6114.0,1.6133278486219662,3.368689360302582
25599,0.04699112922560537,0.5141314703080343,0.0009292446568432231,0.19271908425595796,0.4100206417714393,0.3972602739726027,0.48665870171246517,0.0013274923669188902,0.5333864330280101,0.25655270655270657,2.620953706926558,7.0,10.0,4018.0,7533.0,1.659233449477352,3.3985826982216873
25612,0.042300556586270875,0.5436123348017621,0.002502780867630701,0.21505235602094241,0.4664921465968586,0.31845549738219897,0.4944382647385984,9.269558769002595e-05,0.31878012606599926,0.2424090590239503,2.3162980459523297,27.0,1.0,3439.0,10788.0,1.6395273899033298,3.7067999252755466
25645,0.04453083583672027,0.4876706044271132,0.0014685725474838456,0.1589818763326226,0.40031982942430705,0.4406982942430704,0.4982377129430194,9.790483649892304e-05,0.7779518308204425,0.2327998337144045,2.5749621403331653,15.0,1.0,7946.0,10214.0,1.7519575650416772,3.45545042381234
25649,0.05651913875598086,0.4998380829015544,0.0016179048132668194,0.19550963639976157,0.4532088217762766,0.3512815418239619,0.4872589995955238,0.00040447620331670486,0.5639746528245921,0.27285942724233175,2.7719955073006366,12.0,3.0,4183.0,7417.0,1.9917633845001872,3.1216271186440676
25653,0.016022099447513812,0.5647128830705147,0.0017313875834776156,0.17545748116254037,0.4481521349120919,0.3763903839253678,0.46920603512243386,0.0,0.7793717536482809,0.25380178290508654,2.742876526458616,7.0,0.0,3151.0,4043.0,1.8388851121685927,3.2264244837024134
25658,0.09455744914788346,0.5407741935483871,0.0016590626296142678,0.1886002886002886,0.4238095238095238,0.3875901875901876,0.5060141020323518,0.0009332227291580257,0.5840937370385733,0.2388793596340766,2.668943922573299,16.0,9.0,5633.0,9644.0,1.9675121117127388,3.7564625850340136
25662,0.05574727900185824,0.5028478437754271,0.002517556645024513,0.14678899082568808,0.40091743119266054,0.4522935779816514,0.48986352192924343,0.001855041738439115,0.44852259175831455,0.23509417929471746,2.670705630791162,19.0,14.0,3385.0,7547.0,1.8826676176890156,3.503674996659094
25718,0.05480589578575877,0.5134523510183555,0.0007137758743754461,0.16139240506329114,0.4247698504027618,0.41383774453394706,0.47996329152646067,0.0035688793718772305,0.726114000203936,0.24603808003648386,2.521420824295011,7.0,35.0,7121.0,9807.0,1.6858454889249055,3.5182331792501285
25736,0.11452450869663429,0.5670285840904055,0.001265022137887413,0.24432576769025366,0.49425901201602135,0.261415220293725,0.49805728743110145,0.02114394144754676,0.4618234390530406,0.29392254414203495,3.209761766414875,14.0,234.0,5111.0,11067.0,2.0377577693871625,3.467976710334789
25740,0.3931856899488927,0.5815472074978874,0.0025912264122183947,0.2549097664543524,0.49615180467091297,0.2489384288747346,0.506569521080389,0.000579215315672347,0.1730329543029601,0.26316515026192444,2.91256123486459,85.0,19.0,5676.0,32803.0,1.9477681052046676,3.958826429980276
25743,0.08585375191424197,0.5337052533705253,0.0011661240950391137,0.192088827203331,0.43289382373351837,0.3750173490631506,0.49579709440746317,0.0003401195277197415,0.5991934308342646,0.2552480417754569,2.764057035243476,24.0,7.0,12332.0,20581.0,1.797793623032423,3.4852473455008073
25745,0.1408294522066977,0.5081172253847775,0.0008676036786395974,0.2069928210582292,0.4942834352565807,0.2987237436851901,0.5159639076869686,0.0005205622071837585,0.35111920874544505,0.3025955639452572,2.935360245273378,10.0,6.0,4047.0,11526.0,1.889371486969852,3.4455540954883923
25754,0.47989520543568553,0.6242193274902321,0.009832533845831945,0.28187882425170563,0.5194221973882991,0.1986989783599953,0.5148782170007982,0.0025557768461186756,0.004889918708007533,0.29980791994796346,3.064151732462706,6344.0,1649.0,3155.0,645205.0,2.106418063109998,3.7965052349010207
25758,0.48313308687615525,0.6231663897460242,0.0031403494645301554,0.25147168085957594,0.5140309767388695,0.23449734240155456,0.5106691360012884,0.0011675658265560835,0.2557774377969241,0.3017820751853618,3.1630074036252234,78.0,29.0,6353.0,24838.0,2.2319825596306746,4.319404693760733
25769,0.2883623468729852,0.6193117864608458,0.00309264488368966,0.2418426103646833,0.4959692898272553,0.2621880998080614,0.500067231410515,0.002084173725964771,0.4017749092375958,0.2701514059120404,3.0708824137218436,46.0,31.0,5976.0,14874.0,2.0773846472170496,3.611800610376399
25772,0.10577956989247311,0.5968998347627665,0.0009090318810466853,0.2680019540791402,0.48832437713727406,0.24367366878358573,0.5036036620998636,0.00045451594052334265,0.3804298422180378,0.27714588484634406,2.684394071490846,14.0,7.0,5859.0,15401.0,1.9246599232647366,3.3191281080728317
25777,0.03829787234042553,0.5485519591141397,0.0023275497249259417,0.15876288659793814,0.42857142857142855,0.41266568483063326,0.4904782056707575,0.0008463817181548879,0.6426153195090986,0.241869918699187,2.5796943231441047,11.0,4.0,3037.0,4726.0,1.726027397260274,3.397812567016942
25779,0.03636363636363636,0.47058823529411764,0.0011526428453811955,0.19925650557620816,0.4666666666666667,0.33407682775712516,0.4893792194961304,0.0,0.6459739832043471,0.26483126110124333,3.101634320735444,7.0,0.0,3923.0,6073.0,1.9688298415942769,3.0735221063089915
25781,0.06690705128205128,0.5043290043290043,0.003803727653100038,0.24881376037959668,0.501779359430605,0.24940688018979834,0.49277291745910995,0.0007607455306200076,0.5625713198934956,0.30002077706212343,3.1905339805825244,20.0,4.0,2958.0,5258.0,1.9180825242718447,3.1657416267942584
25785,0.311443684685847,0.5989622806506151,0.002718182700708669,0.2505680644494939,0.4886042828616677,0.2608276526888384,0.510775652849238,0.0008251626055722746,0.45966411028055526,0.28488705722781577,3.1502757352941178,56.0,17.0,9470.0,20602.0,2.1333537706928265,4.04662882865251
25793,0.01921061823262312,0.4537275064267352,0.00014847809948032666,0.2573714285714286,0.49805714285714286,0.24457142857142858,0.4775055679287305,0.00014847809948032666,0.7588715664439495,0.26692900475487785,3.2291365171249398,1.0,1.0,5111.0,6735.0,2.025542168674699,2.990510619069137
25797,0.026280918727915194,0.5168667810177244,0.0009910802775024777,0.1793103448275862,0.4077586206896552,0.41293103448275864,0.4873637264618434,0.00037165510406342913,0.7523538156590683,0.2365519989374419,2.620936280884265,8.0,3.0,6073.0,8072.0,1.9278752436647173,3.3737487487487487
25799,0.38971014492753625,0.6433689651121813,0.002403610320808398,0.25269117852649237,0.49944079407241715,0.24786802740109046,0.5078975767683704,0.0006867458059452565,0.44775826547630726,0.2853671421024828,2.8498670770952845,49.0,14.0,9128.0,20386.0,2.039050428430959,3.963910891089109
25805,0.042272727272727274,0.4947089947089947,0.0012677484787018255,0.14814814814814814,0.4035273368606702,0.44832451499118164,0.48225152129817445,0.0,0.7145030425963489,0.2569127516778523,2.246723646723647,5.0,0.0,2818.0,3944.0,1.5176940639269407,3.4813490035769035
25807,0.031876606683804626,0.30217606330365976,0.0,0.1279007015650297,0.37938478143550997,0.49271451699946034,0.5067650676506765,0.0,0.8031980319803198,0.20809995691512279,2.4180734856007944,0.0,0.0,1959.0,2439.0,1.5351833498513379,3.2906832298136646
25815,0.07777902663819265,0.520628160766569,0.0016118396952157668,0.17575757575757575,0.4131313131313131,0.4111111111111111,0.4989376511099714,0.0002197963220748773,0.2839768481207414,0.22227484410766438,2.168548387096774,22.0,3.0,3876.0,13649.0,1.5116014927794905,3.5810711124225434
25817,0.4091814776440583,0.6475825398788179,0.004592043840064949,0.3157914822164555,0.5231644023813158,0.16104411540222865,0.5026385224274407,0.013928353967931805,0.15300893038360056,0.32061068702290074,3.0358685590867016,181.0,549.0,6031.0,39416.0,2.003561474140601,3.8233893270511112
25823,0.015267175572519083,0.5019569471624267,0.0028272547356516823,0.14330339711050372,0.4006247559547052,0.4560718469347911,0.4645179530675714,0.0002827254735651682,0.7526152106304778,0.24066265060240963,2.404778156996587,10.0,1.0,2662.0,3537.0,1.6168032786885247,3.372862029646522
25839,0.03084040092521203,0.459268972299623,0.003692469998681261,0.18275996872556685,0.42396403440187647,0.3932759968725567,0.46577871554793615,0.0006593696426216537,0.6802057233284979,0.25402214022140224,2.952849528495285,28.0,5.0,5158.0,7583.0,1.9322103533278554,3.2846836847946728
25841,0.03948143783146729,0.4785063752276867,0.001564945226917058,0.17079098541758728,0.4527176314626602,0.37649138311975255,0.4755868544600939,0.00015649452269170578,0.8400625978090767,0.22768005310321937,2.7940533449934413,10.0,1.0,5368.0,6390.0,1.7909011373578303,3.1551046090923394
25843,0.1577339627881144,0.5715121831007609,0.002824929376765581,0.25938089845224616,0.5024160060400151,0.23820309550773877,0.5138371540711483,0.0007249818754531136,0.1886452838679033,0.29643846132755736,3.2154306994818653,113.0,29.0,7546.0,40001.0,2.117632732586459,3.5691367070058866
25845,0.05232558139534884,0.5389108400618451,0.0008693132425383947,0.21953238154355473,0.4622387750879371,0.31822884336850815,0.47609388583019413,0.0008693132425383947,0.4601564763836569,0.2510460251046025,2.9952256944444446,6.0,6.0,3176.0,6902.0,1.8098958333333333,3.0628279883381926
25851,0.05624688899950224,0.48491879350348027,0.002976190476190476,0.15580549123387363,0.40588819053919944,0.4383063182269269,0.4781746031746032,0.0,0.42038690476190477,0.20973684210526317,2.4387135922330097,12.0,0.0,1695.0,4032.0,1.7424242424242424,3.736368184092046
25862,0.016308119361554477,0.4389388292041219,0.0,0.14244508542267584,0.4040381628577768,0.45351675171954736,0.47534223981527296,0.00016493485073396007,0.7816262576282369,0.2016396302110588,2.636959370904325,0.0,1.0,4739.0,6063.0,1.9484265734265733,3.412448132780083
25867,0.055461233729485006,0.5004636785162287,0.0018392012611665792,0.1473067057530231,0.40600952729937706,0.44668376694759987,0.48265895953757226,0.0031529164477141357,0.6192853389385181,0.2401343408900084,2.606849315068493,7.0,12.0,2357.0,3806.0,1.7496570644718792,3.268041237113402
25871,0.05064655172413793,0.5143456962911127,0.0035046728971962616,0.14710743801652892,0.4041322314049587,0.4487603305785124,0.4824766355140187,0.0,0.6483644859813084,0.301875,2.699044585987261,6.0,0.0,1110.0,1712.0,1.8437001594896332,3.5254437869822484
25873,0.057829328914664455,0.4727893797065445,0.0007578628268283441,0.2447228250147958,0.4801736042611955,0.2751035707240087,0.49463180497663256,0.00037893141341417203,0.5901225211570039,0.30161345691726743,3.389924973204716,12.0,6.0,9344.0,15834.0,1.989069867123875,3.0732914525033315
25875,0.11524724184459084,0.562413951353832,0.002195939438301807,0.202235059115694,0.4616962695027803,0.3360686713815257,0.4995569595870093,0.0008090303193743499,0.28751396540432256,0.2971528763463305,2.731616473342556,57.0,21.0,7463.0,25957.0,1.9024312220089572,3.741163189037683
25878,0.025233044037287045,0.5259208731241474,0.0007943442688061005,0.15592305096186299,0.4075824052199348,0.4364945438182023,0.48629756136309477,0.001429819683850981,0.6226070378902216,0.24978773985396502,2.6586089906700594,10.0,18.0,7838.0,12589.0,1.6622853508585966,3.393590665707664
25885,0.03676190476190476,0.4830014303003631,0.003031138054560485,0.1515426497277677,0.44892403422348975,0.39953331604874254,0.4780931386056765,0.0016533480297602646,0.680720124919629,0.23050548589341693,2.7333668089379866,33.0,18.0,7411.0,10887.0,1.9016599597585513,3.83183461574117
25898,0.06626506024096386,0.533667223149694,0.0004749465685110425,0.19198383294038396,0.4291007073088582,0.37891545975075785,0.4896699121348848,0.0007124198527665638,0.536214675848967,0.24693877551020407,2.6993589743589745,2.0,3.0,2258.0,4211.0,1.7901155327342748,3.5174892189746045
25899,0.48456277373837625,0.5981086147561624,0.001773979576096011,0.2638818191877836,0.4938143189111431,0.24230386190107336,0.5151405300342455,0.0007095918304384043,0.051275722703853395,0.29012246689342597,3.166412963417628,230.0,92.0,6648.0,129652.0,2.206147702622757,4.124275831914927
27001,0.24740855746837756,0.5090171830544168,0.9093545687319252,0.3225457433987071,0.4689520105182426,0.2085022460830503,0.5367130983849717,0.03937719072912437,0.0763264528211205,0.41337943218624446,3.2842495876855415,109740.0,4752.0,9211.0,120679.0,2.374906439719458,4.178411075612353
27006,0.11023930953315025,0.46634460547504025,0.8698635799917321,0.27101469958612817,0.5187669473383759,0.21021835307549594,0.5019429516329061,0.00975609756097561,0.2806118230673832,0.3289411318608399,3.0846722774802346,10521.0,118.0,3394.0,12095.0,1.8857887874837027,3.146376811594203
27025,0.016908212560386472,0.16786122989821117,0.32474743257911,0.3715736929678606,0.44443471407303614,0.18399159295910325,0.49903982633380645,0.5484678968022042,0.8270017533606079,0.4635876242600246,4.478220228080015,7779.0,13138.0,19810.0,23954.0,1.8293365307753797,2.9519204942250874
27050,0.01638576779026217,0.4620284174424302,0.9610436673310382,0.2782770374961264,0.4539820266501394,0.2677409358537341,0.4941112520384128,0.006522920818988948,0.051820982061967745,0.37338527783473446,3.141223556317896,5304.0,36.0,286.0,5519.0,2.5771658060814686,3.773763201778766
27073,0.0772599311854864,0.30051132213294374,0.34640461116885574,0.31851851851851853,0.46046046046046046,0.22102102102102103,0.4998582632523859,0.58669564395729,0.7044316356420675,0.4843218279047156,3.5980225025571086,3666.0,6209.0,7455.0,10583.0,1.8144907245362267,2.7685987619583567
27075,0.15737256243585357,0.4874910650464618,0.8102368057767867,0.2911439114391144,0.4813653136531365,0.22749077490774908,0.4904959116491452,0.12838483593501115,0.06817457789104811,0.42146401985111664,3.5256657661134696,7630.0,1209.0,642.0,9417.0,2.298380878951426,3.5027667109340417
27077,0.03932707013327507,0.3186581169846731,0.5350466030925058,0.3003654636820466,0.47647327546825036,0.22316126084970306,0.49269974678088463,0.404557944076289,0.6224880124993265,0.44812689841376985,4.107524487978629,9931.0,7509.0,11554.0,18561.0,2.022094361334868,3.2842156623566723
27099,0.01702537744940572,0.31427508371573853,0.4609067292382469,0.3450491307634165,0.4656084656084656,0.1893424036281179,0.48680130729908655,0.33981396128383473,0.5361602279393279,0.5363498894963359,3.9333992746455655,5500.0,4055.0,6398.0,11933.0,1.915573494786411,2.7177258193445244
27135,0.014314928425357873,0.43082437275985663,0.8751545117428925,0.28675308251659815,0.4679102118242175,0.2453367056591843,0.5087409500264878,0.035493554653010774,0.11760550944728942,0.39580303345107004,3.190529875986471,4956.0,201.0,666.0,5663.0,2.4392630972941856,3.363585849231339
27150,0.014929086837521772,0.3507422834561572,0.6933050269163697,0.3180094067668032,0.5025034137460173,0.1794871794871795,0.47418303131397377,0.17279551141102434,0.7701872772765183,0.3984088767926306,3.4277124183006538,9144.0,2279.0,10158.0,13189.0,1.921137339055794,2.963922942206655
27160,0.010087719298245614,0.44794117647058823,0.8550074738415545,0.2616789603090973,0.47067088162978576,0.26765015806111697,0.5353405936365577,0.08989963698483878,0.3200939568652573,0.32262845849802374,2.845078979343864,4004.0,421.0,1499.0,4683.0,2.457384515289525,3.8147893772893773
27205,0.03796429304329982,0.4343784994400896,0.9387805077136561,0.26640926640926643,0.47904026475455047,0.2545504688361831,0.523140968084238,0.005713819280058771,0.08489102930373031,0.3927235316124205,3.1746690890215414,11501.0,70.0,1040.0,12251.0,2.3703505485683705,3.8335717290702567
27245,0.24571428571428572,0.47521962539366813,0.03911392405063291,0.26610348468849,0.4570221752903907,0.2768743400211193,0.5011392405063291,0.2706329113924051,0.529746835443038,0.36034985422740523,3.246198109330045,309.0,2138.0,4185.0,7900.0,2.0491257285595337,3.574970328366082
27250,0.015318015318015318,0.25678733031674206,0.36773469211503584,0.3474375341966077,0.4606966988874704,0.19186576691592194,0.48898868641506177,0.5441747992054582,0.6700060454270662,0.4775986659255142,4.034494773519164,4258.0,6301.0,7758.0,11579.0,2.0342176086120722,2.980292738926624
27361,0.11116008462623413,0.4893299291873404,0.8937586783921387,0.3206041257367387,0.47022347740667975,0.20917239685658154,0.51710755865703,0.038273934560472817,0.22601203403709902,0.4139151434400633,3.306213733075435,25103.0,1075.0,6348.0,28087.0,2.3045080456946323,3.8079353801278937
27372,0.10072595281306715,0.2574789915966387,0.42575462512171375,0.3250487329434698,0.48148148148148145,0.19346978557504874,0.4880720545277507,0.441333982473223,0.4681110029211295,0.42294573643410854,3.953801732435034,1749.0,1813.0,1923.0,4108.0,2.132620320855615,2.9677594147927393
27413,0.016695652173913042,0.42444080741953083,0.587589605734767,0.30568391866913125,0.4764325323475046,0.21788354898336415,0.49316756272401435,0.20833333333333334,0.4270833333333333,0.378606727243743,3.6530278232405893,5246.0,1860.0,3813.0,8928.0,1.9859154929577465,3.2145793036750483
27425,0.004730368968779565,0.4649581589958159,0.6989151873767259,0.32978531481147394,0.4757351614649107,0.19447952372361538,0.48422090729783035,0.11646942800788955,0.6941814595660749,0.3294710327455919,3.3766233766233764,7087.0,1181.0,7039.0,10140.0,2.654103557590701,3.4950708215297452
27430,0.005989518342899925,0.36327477626781574,0.6435968114430455,0.2806506061071045,0.49040969771367193,0.22893969617922358,0.4961633017954258,0.25448856440438056,0.43455263353944723,0.4299272090666175,3.5899973254880986,8639.0,3416.0,5833.0,13423.0,2.2817831590533846,3.53088630259624
27450,0.01846424384525205,0.3892114914425428,0.774165105257357,0.2680063668921608,0.44389176283326703,0.28810187027457224,0.5119585583599692,0.14405378595833793,0.7083654799955913,0.4274902013785647,3.2072997873848332,7024.0,1307.0,6427.0,9073.0,2.156261277517142,3.442066244170752
27491,0.12740076824583868,0.5336308048256486,0.907765801077903,0.2706896551724138,0.4898706896551724,0.2394396551724138,0.4984076433121019,0.03270455658990691,0.4131553160215581,0.3512372634643377,3.0158847432582196,7411.0,267.0,3373.0,8164.0,2.2134328358208957,3.5616089613034623
27495,0.1358447488584475,0.33653461384553823,0.4696180555555556,0.30057142857142854,0.46514285714285714,0.2342857142857143,0.4895833333333333,0.4435763888888889,0.5081018518518519,0.4224577934825285,4.0,1623.0,1533.0,1756.0,3456.0,1.934052757793765,3.093410108765195
27580,0.00311332503113325,0.3675130208333333,0.8881767955801105,0.26672275978123683,0.417753470761464,0.3155237694572991,0.5047513812154696,0.08066298342541436,0.34740331491712706,0.45841733870967744,3.2885174418604652,4019.0,365.0,1572.0,4525.0,2.2057522123893807,3.823133826496301
27600,0.013528748590755355,0.4910437478470548,0.7949586155003763,0.33006162976489384,0.44829947500570644,0.22163889522939967,0.5213192876849762,0.08301981439678957,0.23927765237020315,0.3964059196617336,3.7105630525825966,6339.0,662.0,1908.0,7974.0,2.5810746552543984,3.394173207396568
27615,0.020960339749297896,0.4716527563946736,0.7547920508941708,0.2773256017046844,0.5284172284905858,0.1942571698047298,0.4598089396357005,0.06898481049381437,0.45549868412872746,0.3433890577507599,3.2376478540047313,36424.0,3329.0,21981.0,48257.0,2.0664107763615296,3.334971704281559
27660,0.026781444285031087,0.5393068469991547,0.23109510696886254,0.27303754266211605,0.4891922639362912,0.23777019340159272,0.48379580597331073,0.1027324719339123,0.5145096377886041,0.2892393792928008,3.0735677083333335,1091.0,485.0,2429.0,4721.0,1.9007232084155161,3.55609220636663
27745,0.02240325865580448,0.46697154471544716,0.8103323699421965,0.3237410071942446,0.5,0.17625899280575538,0.4620664739884393,0.154985549132948,0.203757225433526,0.5028102031993082,3.2037037037037037,2243.0,429.0,564.0,2768.0,2.2850412249705534,3.2882603641999224
27787,0.04580520732883317,0.4154242888226287,0.8352941176470589,0.2732403037143443,0.4744510568438334,0.2523086394418223,0.5304705882352941,0.05864705882352941,0.23905882352941177,0.38771828546687837,3.1114579507895703,14200.0,997.0,4064.0,17000.0,2.2843522153673583,3.7047341403130742
27800,0.09698924731182795,0.41323594510845507,0.7620570866141733,0.28256543701209247,0.5065054339507118,0.21092912903719577,0.48408792650918636,0.0870242782152231,0.31651902887139105,0.37857559836544075,3.2590216519647153,9291.0,1061.0,3859.0,12192.0,1.854232424677188,3.2659075104311546
27810,0.1514004542013626,0.5023426359747403,0.866464339908953,0.29546586945690084,0.4915296462381664,0.21300448430493274,0.508649468892261,0.030197268588770865,0.1488619119878604,0.3585003455425017,3.164135227829495,5710.0,199.0,981.0,6590.0,2.3237051792828685,3.5608150470219435
41001,0.41969782194306426,0.5514619582613781,0.0062443168450303,0.2492981471083661,0.4789214016807651,0.2717804512108688,0.5214227122717995,0.003249333918340614,0.024672046190140084,0.296424423892208,3.0823642838872165,1964.0,1022.0,7760.0,314526.0,2.1959774100861984,4.136656933313024
41006,0.024525230602278892,0.483285377975412,0.004193469587167169,0.2888967468175389,0.501980198019802,0.2091230551626591,0.48114974350622913,0.009689764677143555,0.736462828759873,0.29558472015514364,3.37668408028595,103.0,238.0,18089.0,24562.0,2.012260641961703,2.8258003766478343
41013,0.04522003034901366,0.4626495477093668,0.0017456068893285232,0.2507451564828614,0.4577123695976155,0.2915424739195231,0.5021529151635051,0.0029093448155475387,0.313278249738159,0.2938990002563445,3.3771653543307085,15.0,25.0,2692.0,8593.0,2.076801890508074,3.1733913657216797
41016,0.06391752577319587,0.477975878342947,0.0017547411756765876,0.24936868686868688,0.47285353535353536,0.2777777777777778,0.5032732671930891,0.00047243031652831205,0.25187284875480864,0.27901903257353494,3.178540399652476,26.0,7.0,3732.0,14817.0,1.914161220043573,3.305602832051195
41020,0.04209215442092155,0.48808628041133684,0.0011352978922947825,0.25637157602223104,0.4720921000396983,0.27153632393807065,0.48437731378646526,0.0006416901130361814,0.4474060911199961,0.2751101201805427,2.987313432835821,23.0,13.0,9064.0,20259.0,1.840312171694432,3.1906077348066297
41026,0.05572949279899812,0.4590006406149904,0.0014391940513312545,0.2619573215599706,0.44150110375275936,0.29654157468727005,0.449748141041017,0.0007195970256656273,0.36363636363636365,0.2630979498861048,2.7729257641921397,6.0,3.0,1516.0,4169.0,1.7620790629575402,3.246828752642706
41078,0.016692546583850932,0.45931558935361216,0.0028447372361131906,0.23734689161081582,0.4476542639241969,0.31499884446498727,0.4609971552627639,0.0007486150621350501,0.47896391675400507,0.2460370994940978,2.8763489208633093,19.0,5.0,3199.0,6679.0,1.9588979223125564,3.310253617550957
41132,0.1531730599257557,0.5206418253447144,0.0020210052016035518,0.23819403279984191,0.47218929065402093,0.28961667654613715,0.503926051088361,0.003014942185998741,0.16582182022993075,0.25968893883914007,3.004894615922485,61.0,91.0,5005.0,30183.0,1.8861177884615385,3.469516069696666
41206,0.01633453119895459,0.34991858150895605,0.0007102272727272727,0.22694571615434925,0.4691519511663397,0.3039023326793111,0.4580965909090909,0.00014204545454545454,0.6568181818181819,0.22723711017081963,3.113544926240501,5.0,1.0,4624.0,7040.0,1.9369127516778524,3.0919982884039365
41244,0.0245520902455209,0.44495867768595043,0.0026766595289079227,0.2245398773006135,0.46134969325153374,0.3141104294478528,0.4804603854389722,0.0005353319057815846,0.5096359743040685,0.253843922251233,3.0104838709677417,10.0,2.0,1904.0,3736.0,2.062146892655367,3.184994582881907
41298,0.14294750158127767,0.5174791869082319,0.003905837643829832,0.2562003029155623,0.4778492995077622,0.2659503975766755,0.4973835411922607,0.0006635399858243731,0.3527469047367707,0.2943704702511377,3.1136905329392697,259.0,44.0,23391.0,66311.0,2.0548751315663574,3.317222026283103
41306,0.07139839459231094,0.4836953592410931,0.003585326395872502,0.23663192094219576,0.4622309462569379,0.3011371328008664,0.5021205893926807,0.0010056403305496043,0.41135061868742073,0.2784840604834826,3.128474623150325,82.0,23.0,9408.0,22871.0,1.9793342579750346,3.2909139096249835
41319,0.0274886141834743,0.48480761602538675,0.0016338842455853706,0.24964117285216322,0.4824687307771171,0.2678900963707197,0.49016527367561114,0.001319675736818953,0.5387419091308993,0.32588853547227215,3.338590956887487,26.0,21.0,8573.0,15913.0,2.1059295209959905,3.0575083919184243
41349,0.02260458839406208,0.5219686969639826,0.0034328358208955225,0.2561371005094951,0.4659564613246874,0.2779064381658175,0.49134328358208956,0.002537313432835821,0.21567164179104478,0.2616528925619835,2.9209261686325907,23.0,17.0,1445.0,6700.0,1.770140105078809,3.1306843934129023
41357,0.013003569607343193,0.47364761507439856,0.0019858781994704323,0.25827693433327237,0.4614962502286446,0.28022681543808303,0.4883053839364519,0.1849073256840247,0.5830759046778464,0.2776137761377614,3.3570898292501856,18.0,1676.0,5285.0,9064.0,1.8273676360924682,2.973962390119061
41359,0.031197206892668094,0.5067036523347203,0.0007725775627210995,0.26964864349704554,0.4912002033166021,0.23915115318635238,0.4929451469930468,0.01866384743626235,0.7152848371487822,0.2536048626824615,3.0945843828715365,19.0,459.0,17591.0,24593.0,1.9403889871179592,2.9506642141835275
41378,0.041051835035944,0.43636911942098916,0.0034468937875751504,0.26481113320079525,0.4979456593770709,0.23724320742213387,0.4917835671342685,0.06733466933867735,0.5725851703406813,0.2928079165930376,3.183210002551671,43.0,840.0,7143.0,12475.0,1.9016100178890876,2.962616067823981
41396,0.07531954577870427,0.49220298507462684,0.009852035658487272,0.2731788580948054,0.48069059518400725,0.24613054672118734,0.4929877768587446,0.05212756180498116,0.49767484606194284,0.31687047615119707,3.077497718978102,536.0,2836.0,27076.0,54405.0,1.993020594965675,3.186020167505432
41483,0.023138409760201935,0.5020234291799787,0.003404669260700389,0.2683189655172414,0.46497844827586204,0.2667025862068966,0.48508430609597925,0.08576523994811933,0.5239948119325551,0.2934208128303262,3.1285569105691056,21.0,529.0,3232.0,6168.0,1.8723186925434117,2.952216748768473
41503,0.048572191086202296,0.4309332694381215,0.002160021600216002,0.285186968383887,0.49670999839512114,0.2181030332209918,0.4893348933489335,0.00018000180001800017,0.6592565925659256,0.31152804254038324,3.6263054830287205,24.0,2.0,7325.0,11111.0,2.024175106174453,2.7997286295793757
41518,0.03777501037775011,0.4270914777169664,0.009495641344956413,0.2431968619759745,0.48271635204707036,0.2740867859769551,0.4872353673723537,0.00311332503113325,0.5630448318804483,0.30384747509446924,3.212744606121425,61.0,20.0,3617.0,6424.0,2.0301810865191148,3.1447721179624666
41524,0.10684696695552805,0.5008169100377821,0.0027636843624963907,0.2477635881300512,0.476031834166204,0.27620457770374485,0.49045085179226994,0.0037124118302190325,0.3070989563997855,0.2656899981913547,3.0387616410772718,67.0,90.0,7445.0,24243.0,2.009468501451837,3.4353039134054955
41530,0.04071322436849926,0.47755674572813056,0.00612205854218481,0.2791311093871218,0.4918541505042669,0.22901474010861134,0.479146738090683,0.03309737899368663,0.8353740195140616,0.28508170795993676,3.4939839572192515,64.0,346.0,8733.0,10454.0,2.050301810865191,2.879421686746988
41548,0.04073063195465043,0.49518782986650106,0.0021231422505307855,0.2610054347826087,0.4764945652173913,0.2625,0.4916707496325331,0.00057161522129675,0.6270618977625347,0.2933994308271367,3.303243243243243,26.0,7.0,7679.0,12246.0,2.3423056008700383,2.9472034317769347
41551,0.19520157413411443,0.5105304253885401,0.009136481914088805,0.28085403185182317,0.48742589219979077,0.2317200759483861,0.5035456865662956,0.011372800053206083,0.34349514078828136,0.29746238864451263,3.2909533423680064,1099.0,1368.0,41318.0,120287.0,2.14340859229637,3.342580884460405
41615,0.13631522896698617,0.4975788354789182,0.004065218341565765,0.2673813956474289,0.4711433523785068,0.26147525197406435,0.46833063775844735,0.009922629715434715,0.30454167941600735,0.2769390402075227,3.1165852936824976,93.0,227.0,6967.0,22877.0,1.921091664194601,3.521439306869419
41660,0.02443712246018671,0.4570468931662576,0.001687177451369591,0.27702818104184457,0.4918872758326217,0.23108454312553373,0.4853116315998412,0.002481143310837634,0.7843390234219929,0.2896072374227714,3.444558521560575,17.0,25.0,7903.0,10076.0,1.972593353888318,2.8384170653907494
41668,0.06791141988710378,0.5084176384276778,0.002098182603597766,0.26517840463291614,0.4759480665047637,0.2588735288623202,0.49007991607269585,0.02527075812274368,0.6086580888024932,0.24559865092748734,3.0911694510739856,68.0,819.0,19726.0,32409.0,1.972033330140791,3.067809772310751
41676,0.03259361997226075,0.4964845195510053,0.0015663240332843857,0.26144407739499764,0.47994336951392164,0.2586125530910807,0.4769456681350954,0.078218306412139,0.7206069505628977,0.26340985746926343,3.263578274760383,16.0,799.0,7361.0,10215.0,1.8154190658989124,2.918644735546144
41770,0.03223046206503138,0.5079655071616487,0.0005755064456721916,0.26990236575291027,0.48845287269996246,0.2416447615471273,0.4826197053406998,0.0005179558011049724,0.6450851749539595,0.26359164377435634,2.8263063649682567,10.0,9.0,11209.0,17376.0,1.8015976524290838,2.9442514762070164
41791,0.03876595057341302,0.44015021123454856,0.0011795381177054879,0.2685795396938051,0.4792659434249214,0.25215451688127344,0.4869629997516762,0.00589769058852744,0.5218524956543332,0.2859586697687149,3.2209558088382324,19.0,95.0,8406.0,16108.0,1.9927812312011228,2.9317982180951185
41797,0.07091380801383684,0.4611075747931254,0.0069622197194635,0.2443316949421278,0.46345330585064215,0.29221499920723004,0.4925770451520426,0.0010238558410975735,0.30807822258625983,0.2890799464046449,3.122442455242967,68.0,10.0,3009.0,9767.0,1.9082745349583066,3.2484266996801816
41799,0.012113055181695828,0.45736724008975316,0.0017521658717025211,0.23409746470320328,0.4657659025352968,0.30013663276149993,0.47542100652195074,0.007398033680521756,0.39102501703494597,0.2612188068972903,3.29622458857696,18.0,76.0,4017.0,10273.0,1.8946856772521063,3.1053354256571204
41801,0.020114942528735632,0.5000855724798905,0.0033893709327548808,0.25599495161968866,0.4486748001682793,0.29533024821203196,0.48142624728850325,0.0035249457700650758,0.4624457700650759,0.2565986802639472,3.125,25.0,26.0,3411.0,7376.0,1.9615713065755764,3.098576122672508
41807,0.07807241889890967,0.45464388835418673,0.00286820593718629,0.2421534598626394,0.4691677128720183,0.2886788272653423,0.4896027534776997,0.011616234045604475,0.5391749127587361,0.27454857678097516,3.025923244026068,60.0,243.0,11279.0,20919.0,1.8742010459035445,3.1705217600384707
41872,0.014038876889848811,0.450448800146547,0.002160449373469682,0.21507391213824692,0.4755361232562981,0.3093899646054549,0.4842287195736713,0.025781362523404867,0.15166354601757165,0.2325653798256538,2.7995967741935486,15.0,179.0,1053.0,6943.0,1.557264265479563,3.119861030689056
41885,0.037479806138933765,0.47041707080504364,0.0024390243902439024,0.23673076923076924,0.4667307692307692,0.29653846153846153,0.4936314363143631,0.00013550135501355014,0.16043360433604337,0.2508860011813349,3.140358361774744,18.0,1.0,1184.0,7380.0,2.115104835258879,3.5673379915056858
44001,0.21983569605633277,0.5166249047592865,0.12864568374696603,0.3168626046826202,0.4982395416840723,0.18489785363330746,0.5113784190164046,0.298480061721095,0.22687007596875652,0.37790472000828074,3.4848843167395844,22844.0,53002.0,40286.0,177573.0,1.7834283903675539,3.921457022521673
44035,0.12406271301976823,0.45984217922386766,0.042130660727542686,0.34801176141136936,0.49845981517782134,0.1535284234108093,0.495916852264291,0.36365998515219006,0.36952487008166296,0.38005128658590503,3.4369060190073917,1135.0,9797.0,9955.0,26940.0,1.6015604337476859,3.6674416831834122
44078,0.040123456790123455,0.4491172671164059,0.2197274860765701,0.3194824129761254,0.4854504586598627,0.1950671283640119,0.5052716382360153,0.33030929279484395,0.2883463518862307,0.3976578007145693,3.6688086364220536,6273.0,9430.0,8232.0,28549.0,1.728606356968215,3.6770598194130923
44090,0.027247103037895397,0.4311274411917409,0.07547795336501271,0.32930217355777086,0.49632292858310184,0.1743748978591273,0.4887004088849597,0.31848823074372856,0.41805724389435295,0.2821762939409998,3.9314191054665932,2732.0,11528.0,15132.0,36196.0,1.5595437772559544,4.302138395002403
44098,0.0994750656167979,0.4314918471647603,0.07239819004524888,0.3052888060771105,0.48272896660455783,0.21198222731833166,0.49187196246019776,0.20068711245181833,0.18417965476789006,0.34748775098472473,3.4463862559241707,864.0,2395.0,2198.0,11934.0,1.7402251184834123,3.6523953388001726
44110,0.051007815713698064,0.47543609825560695,0.09306333476949591,0.24458874458874458,0.4766233766233766,0.2787878787878788,0.4980611805256355,0.024127531236535976,0.10110584518167456,0.2887675507020281,3.556179775280899,648.0,168.0,704.0,6963.0,1.7820512820512822,3.9662953855055694
44279,0.12732844125473752,0.484283176165095,0.07294624498188583,0.29635829182656975,0.48493508614354536,0.21870662202988486,0.5083227259375306,0.03089200039165769,0.04655830803877411,0.3244789088709234,3.6132542912758803,2980.0,1262.0,1902.0,40852.0,1.9453803865933676,3.8039592732292977
44378,0.0425531914893617,0.47416063199473335,0.11515391579900408,0.33942268873637466,0.4984860718611223,0.16209123940250303,0.5030556813037573,0.35615663196016295,0.21010638297872342,0.35830931796349663,3.3705893572382224,2035.0,6294.0,3713.0,17672.0,1.6189292543021032,3.5352860568687907
44420,0.016091954022988506,0.4647636039250669,0.11280487804878049,0.2835139760410724,0.4905875641756988,0.22589845978322876,0.4752710027100271,0.022696476964769646,0.2564363143631436,0.42065586128910665,3.290969899665552,333.0,67.0,757.0,2952.0,1.8435754189944134,3.5771604938271606
44430,0.08961392286764554,0.4614982913578437,0.042167274828385344,0.3250039989945385,0.48914558625259935,0.18585041475286213,0.5156101819460757,0.42284092122369255,0.35608549016159724,0.361380018363614,3.594482228799964,6714.0,67326.0,56697.0,159223.0,1.5582463274770968,3.5303718286603374
44560,0.014596409283316304,0.4176598995852434,0.004508372692142551,0.34263838407912767,0.4889471489006733,0.16841446702019902,0.5113111850579648,0.9314888364104766,0.8441256977243452,0.476878042362847,3.6554067559464323,336.0,69422.0,62911.0,74528.0,1.1553815844048112,3.7938202931503513
44650,0.09162727449329794,0.5022483278061941,0.26277752457842307,0.27169116369575036,0.4722540741512909,0.25605476215295875,0.5059357163009744,0.184169976343946,0.11291967793042082,0.3141812546911697,3.4204231143006654,12108.0,8486.0,5203.0,46077.0,1.7688792328438718,3.8943922573299172
44847,0.008358223335581463,0.32445836088529306,0.0009022406680314353,0.33840015665540707,0.47336858079992167,0.18823126254467126,0.516722564105755,0.9638294827360915,0.9401347760887556,0.36361773445161666,3.8433650037664324,145.0,154898.0,151090.0,160711.0,1.160325821871037,4.1011805127301555
44855,0.1004112405757368,0.45174667001759233,0.07364189056677779,0.25091799265605874,0.4680232558139535,0.28105875152998777,0.5050009805844283,0.01490488331045303,0.08972347519121396,0.3109928307625462,3.392274392274392,751.0,152.0,915.0,10198.0,1.9569282136894826,4.037206072030956
44874,0.12438316400580551,0.46718497576736673,0.014322291566650665,0.26014228033070563,0.4685637377427418,0.2712939819265526,0.5105616898703793,0.018242918867018725,0.04348695791326612,0.3311026413756426,3.269941060903733,358.0,456.0,1087.0,24996.0,1.9149633123689727,3.9199742112261755
47001,0.3542359515891247,0.525547675252142,0.03524829479027952,0.26935855579028234,0.49597657000192047,0.2346648742077972,0.5158100501611952,0.01627373383098574,0.02961115174855633,0.3060952618017046,3.584975249198134,16914.0,7809.0,14209.0,479853.0,2.0288696256773404,4.0498398541128084
47030,0.13078523140925638,0.4261607309341786,0.01630054568350357,0.28242917037225257,0.490280777537797,0.22729005208995046,0.4803414019868476,0.0016790261648244019,0.09199664194767035,0.345125786163522,3.7764861294583882,233.0,24.0,1315.0,14294.0,1.8669664110023803,3.457273366127899
47053,0.049431230610134436,0.4394273513248626,0.07308677553634325,0.2992184940802097,0.46604894941270064,0.2347325565070897,0.49271533781620236,0.08533461415305796,0.14857508805635608,0.323127408477842,3.6709481321698205,2739.0,3198.0,5568.0,37476.0,1.7845107892403191,3.597893128104361
47058,0.11172075647910343,0.5027882304937208,0.003950896006772965,0.2586888782358581,0.4970038350910834,0.24430728667305848,0.48782982926485113,0.0014815860025398618,0.12798080993368138,0.31913636184547495,3.6589909443725745,112.0,42.0,3628.0,28348.0,1.8220031136481578,3.590629116673194
47161,0.007659574468085106,0.4621530698065601,0.001951219512195122,0.24215167548500882,0.4721340388007055,0.2857142857142857,0.4823848238482385,0.0008672086720867209,0.020162601626016262,0.3388557806912992,3.5839160839160837,18.0,8.0,186.0,9225.0,1.859984399375975,3.850163576881134
47170,0.029271862422246615,0.4894477535112876,0.006041300527240773,0.265586739498964,0.5024486720663025,0.23196458843473347,0.4662236379613357,0.0008238137082601055,0.19551845342706503,0.3271774242701286,3.3674865914555205,110.0,15.0,3560.0,18208.0,1.8618262641229857,3.469471127304847
47189,0.12886790108114826,0.48604157184038843,0.044049478616962894,0.2791533104896651,0.48160992594230134,0.2392367635680336,0.5035082534723688,0.01977455988516908,0.07231814919576139,0.30801917322502276,4.005927983469395,5217.0,2342.0,8565.0,118435.0,1.9243120046263225,3.61939749555221
47205,0.0849568827850527,0.40346332151622577,0.005061460592913955,0.1740465416936005,0.46073044602456364,0.3652230122818358,0.47174878628240885,0.0013428364838343147,0.013118479495919842,0.29128927652912895,3.396842105263158,49.0,13.0,127.0,9681.0,1.7393298059964726,3.9364996882145085
47245,0.07352676157866282,0.4848664427909835,0.35377722589522437,0.2651987417786674,0.4657992565055762,0.2690020017157564,0.49498271638084373,0.0017115817028559922,0.08578044769607679,0.3343161373922515,3.4584013050570963,21083.0,102.0,5112.0,59594.0,1.840200770398039,3.493176398965045
47258,0.027939698492462313,0.4774063872552669,0.36850011555350126,0.22968132978234915,0.47864817705941776,0.29167049315823307,0.47810261150912875,0.0008666512595331638,0.041945920961405134,0.28909079357011247,3.2650443312582533,6378.0,15.0,726.0,17308.0,2.10028328611898,3.773417059131345
47268,0.02011325912907635,0.43105737647634357,0.26456448694753165,0.300232450023245,0.4805206880520688,0.2192468619246862,0.48684414577410184,0.002067717756526234,0.05577668648229517,0.42061891315622657,4.33064696664428,5118.0,40.0,1079.0,19345.0,1.952893674293405,3.4693123894725892
47288,0.16913341352439726,0.44636340067407215,0.030817639165239923,0.27585747408256267,0.4839165311942009,0.2402259947232364,0.5070874400382521,0.08653000786636435,0.11762528342048031,0.345677094123334,3.9350412821758134,1998.0,5610.0,7626.0,64833.0,1.9512879990233183,3.6448488268208963
47318,0.04626485568760611,0.4066717988196048,0.003397597977243995,0.20528522931505025,0.4561672102775744,0.3385475604073754,0.48151074589127685,0.0002370417193426043,0.29839601769911506,0.31614565141460005,4.0082356667722525,86.0,6.0,7553.0,25312.0,2.063958101888589,3.5567378702453745
47460,0.021622693909938505,0.44654704463208683,0.002633085289066972,0.2643217114059447,0.5099249202920909,0.2257533683019644,0.47779049799656553,0.00034344590726960504,0.2363480251860332,0.33787065439672803,3.802267277087421,46.0,6.0,4129.0,17470.0,1.9102228047182175,3.4081797235023044
47541,0.006530612244897959,0.48511283899108665,0.42528735632183906,0.21456779289161912,0.4820096533567354,0.30342255375164545,0.47588849253534155,0.00039635354736424893,0.02642356982428326,0.28436501017146176,3.476802939825448,3219.0,3.0,200.0,7569.0,2.065716911764706,3.5275089486941535
47545,0.012202043132803632,0.39511776251226693,0.007497064402492999,0.2641386073880353,0.4895390650539392,0.2463223275580255,0.48170896937945984,0.0025291301598771567,0.28443681690904166,0.36906460158956594,3.6026684022128213,83.0,28.0,3149.0,11071.0,1.7286415711947627,3.354087019843437
47551,0.07888957216902398,0.47095220452019265,0.003491010647582475,0.22945237428864632,0.471872376154492,0.29867524955686164,0.4890033164601152,0.0006109268633269332,0.11994530749985455,0.33533873083938687,3.628417607938351,120.0,21.0,4123.0,34374.0,1.8094633216894251,3.678171013729106
47555,0.1298918640576725,0.5084262616587991,0.12682796655399395,0.26456522392997867,0.4750804583872229,0.26035431768279843,0.488293897882939,0.0015833481586906245,0.1073652375022238,0.3431260132062789,3.4789046527476613,7129.0,89.0,6035.0,56210.0,1.7916175100900342,3.66756248320344
47570,0.019862893302865177,0.4620191568918711,0.05931337295128506,0.2952837522674268,0.48872764965016846,0.21598859808240478,0.48862561035618307,3.785154623566373e-05,0.02377077103599682,0.30870522482852064,3.4620626392347007,1567.0,1.0,628.0,26419.0,1.8385614910093189,3.471341695172938
47605,0.02856159669649002,0.47870682939496234,0.0009419152276295133,0.2593811718235681,0.48699802501645817,0.25362080315997365,0.47964416535845106,0.0,0.058503401360544216,0.2615863500115287,3.2455842391304346,9.0,0.0,559.0,9555.0,1.833390003400204,3.6768922622812568
47660,0.11927034611786716,0.46266471449487556,0.02332859174964438,0.24282786885245902,0.5128073770491803,0.24436475409836064,0.4627311522048364,0.08357041251778094,0.40049786628733997,0.341713740154348,4.126615746180963,328.0,1175.0,5631.0,14060.0,1.8727967097532314,3.600727635896704
47675,0.24422883907661425,0.4513310580204778,0.004273504273504274,0.2401696851036058,0.4777288301517376,0.28210148474465657,0.4909188034188034,0.0008547008547008547,0.045726495726495724,0.27098880597014924,3.2750174947515744,40.0,8.0,428.0,9360.0,1.741234221598878,4.051635111876076
47692,0.02712543236846896,0.43085407239819007,0.002703419029949642,0.22547782185358817,0.470158672917418,0.30436350522899386,0.48582030214683275,0.0007951232441028359,0.3152398621786377,0.2970121987153044,3.897727272727273,51.0,15.0,5947.0,18865.0,1.8494000827472072,3.4101512569237324
47703,0.07514638906961614,0.43441166014930677,0.00354641368915684,0.2556220676265976,0.4866526452030416,0.2577252871703608,0.485947335756716,0.0010639241067470521,0.23069421047965244,0.36313015809883664,3.8779229711141676,40.0,12.0,2602.0,11279.0,1.7174286696459264,3.221291759465479
47707,0.02206426773285947,0.46880685486237456,0.12383928178497558,0.2547799696509863,0.49051593323216997,0.2547040971168437,0.4809664216872772,0.001364256480218281,0.2025260749020816,0.3282378962890145,3.4220045214770156,2814.0,31.0,4602.0,22723.0,1.8473270915131381,3.470760623418143
47720,0.010315533980582525,0.4179490671387716,0.040770465489566615,0.2412096921114957,0.49863363089815993,0.26015667699034434,0.4846441947565543,0.0008560727661851257,0.16179775280898875,0.3419938866682342,3.539772727272727,381.0,8.0,1512.0,9345.0,1.947647951441578,3.4463574733670503
47745,0.038625256187923694,0.46707558169006946,0.0010075957215935514,0.27989539065053937,0.4861719516181759,0.23393265773128474,0.48004185397612775,0.00023252208959851186,0.15466594326461014,0.2821592813856535,3.8042164234114697,26.0,6.0,3991.0,25804.0,1.8155871044069802,3.64206008583691
47798,0.03742362525458248,0.4328792762815847,0.04715302491103203,0.23841330425299892,0.4862322791712105,0.27535441657579063,0.469103849886768,0.0007279197670656746,0.13830475574247816,0.3252184769038702,3.4507396036840636,583.0,9.0,1710.0,12364.0,1.6708789665824206,3.6854188716111698
47960,0.00944558521560575,0.4314233465406888,0.0020915640250987683,0.25830184927420957,0.4921455557764963,0.2495525949492941,0.4715314896583779,0.00011619800139437602,0.09075063908900767,0.3275248028491478,3.6683716965046886,18.0,1.0,781.0,8606.0,1.8058045241143832,3.650531977084064
47980,0.027299105821045774,0.44479320896259006,0.44360947277027635,0.30433625964352223,0.48752327746741153,0.20814046288906624,0.4900901170623634,0.004505853118170115,0.09694320529325469,0.327289165703953,3.9630991931656383,29634.0,301.0,6476.0,66802.0,1.8466611216730038,3.1826015037593987
50001,0.3991803977575512,0.5648755487683276,0.009170855385051815,0.26070395277639336,0.49819416306901665,0.24110188415459,0.5066953006568974,0.003612492575552069,0.03545561731514233,0.30386468168113157,2.963459228436233,4138.0,1630.0,15998.0,451212.0,2.1851911264395474,4.133968615006466
50006,0.24555870913486808,0.557903521949591,0.0108185526669139,0.2622193858397778,0.5111119453412418,0.2266686688189804,0.47929001649637465,0.0017903042238391796,0.178288724919756,0.29037414160549374,2.9738917048837394,846.0,140.0,13942.0,78199.0,2.050569053192348,3.6642893200616125
50110,0.15696887686062247,0.5236842105263158,0.003363605785401951,0.299971322053341,0.5147691425293949,0.18525953541726412,0.49495459132189706,0.0005045408678102926,0.2251934073326606,0.3277756726032588,3.1677524429967425,20.0,3.0,1339.0,5946.0,1.9135869565217392,3.1363098258075426
50124,0.10296762589928057,0.5747039556563366,0.03240058910162003,0.27152698048220436,0.501435132032147,0.22703788748564868,0.4486377025036819,0.02080265095729013,0.3068851251840943,0.2837453511266681,2.902229845626072,176.0,113.0,1667.0,5432.0,1.8939650310208687,3.3035250463821892
50150,0.14091112103617687,0.5597138139790864,0.006832708838439497,0.30214025500910746,0.5228825136612022,0.17497723132969034,0.4815957681287194,0.002204099625303064,0.3204760855190655,0.310146570572516,3.19678334910123,93.0,30.0,4362.0,13611.0,1.9910122989593189,3.5043342965103355
50223,0.10003165558721114,0.5299383330017904,0.011290575505723694,0.2203023758099352,0.4862011039116871,0.29349652027837775,0.4953740003136271,0.0017249490355966755,0.2581151011447389,0.2831200276720858,2.5710774272839,72.0,11.0,1646.0,6377.0,1.7615731257681277,3.5144638005433912
50226,0.14986170480261504,0.5507034853172982,0.014721689956535963,0.26557050323866466,0.48864687878140795,0.2457826179799274,0.5029209702294715,0.0010281815207739402,0.2047950647287003,0.28567021440691037,2.75971823636838,315.0,22.0,4382.0,21397.0,1.9336728032380206,3.57240598310763
50245,0.034739454094292806,0.4899912967798085,0.006984126984126984,0.17219251336898395,0.48128342245989303,0.34652406417112297,0.45015873015873015,0.0006349206349206349,0.4838095238095238,0.2725137039937353,2.5828677839851024,11.0,1.0,762.0,1575.0,1.8197026022304832,3.1957501609787506
50251,0.01924310455420141,0.5088046054859465,0.00297417872110315,0.2367066895368782,0.4740566037735849,0.2892367066895369,0.4742463160740841,0.000405569825604975,0.4412599702582128,0.2698650674662669,2.962826797385621,22.0,3.0,3264.0,7397.0,1.8853529171766625,3.1426822633297062
50270,0.07543753771876886,0.474397092831186,0.014328196809948636,0.20897435897435898,0.4965811965811966,0.29444444444444445,0.4868883482022168,0.0045958367126250335,0.41930251419302517,0.30699909882847704,2.745426829268293,53.0,17.0,1551.0,3699.0,1.8544207317073171,3.4348773841961853
50287,0.07053422370617696,0.5177258971033291,0.006035003017501509,0.24207841031149302,0.49906015037593987,0.2588614393125671,0.48667988619708596,0.000689714630571601,0.27614449521510476,0.27393266879819445,3.0049492055222715,70.0,8.0,3203.0,11599.0,1.8655703471678413,3.4237818118648486
50313,0.15938444627644957,0.5515183532910699,0.010025873221216041,0.26042944047704925,0.4979201231094761,0.24165043641347472,0.5076849627302409,0.0021561017680034496,0.10133678309616213,0.28555534635331975,2.8863667132993367,651.0,140.0,6580.0,64932.0,1.9968327225012443,3.461973021188695
50318,0.1454509957048028,0.5641706496725084,0.004618604315508408,0.24274577739281075,0.49924209614551757,0.2580121264616717,0.5010464025402324,0.0008659883091578263,0.29782781265786246,0.2886816115378586,3.0542926506290002,64.0,12.0,4127.0,13857.0,2.0521546961325967,3.551103368176539
50325,0.034739454094292806,0.4670356111645813,0.012756792577866136,0.2815884476534296,0.5120336943441637,0.20637785800240674,0.4579191517561299,0.27634194831013914,0.5190523525513585,0.3245274914089347,3.0491803278688523,77.0,1668.0,3133.0,6036.0,1.8216454997239095,3.031948324022346
50330,0.04228520017993702,0.5210768220617202,0.00933237616654702,0.24176182707993474,0.499347471451876,0.2588907014681892,0.4694903086862886,0.0587632037739719,0.5349194954363655,0.28996240173179905,2.7062956717256887,91.0,573.0,5216.0,9751.0,1.776840921866217,3.222800624674649
50350,0.031829656459225114,0.41316646665523743,0.004900113079532605,0.29907510173880875,0.540140584535701,0.1607843137254902,0.46132261171839006,0.03869832893579595,0.7544080077061608,0.2683346441211168,3.185363836824697,117.0,924.0,18013.0,23877.0,2.1779507854858893,2.7877277414919215
50370,0.03386519049169651,0.5067197610751618,0.0026903731430576675,0.2984984984984985,0.4990990990990991,0.2024024024024024,0.43537255819394083,0.04830974382968768,0.6389051351035209,0.2810327706057597,2.9804297774366844,23.0,413.0,5462.0,8549.0,1.973583460949464,2.972952760812664
50400,0.03743589743589744,0.5024976213130352,0.004065809379727685,0.22632207947415597,0.49447266208544965,0.2792052584403944,0.4807110438729198,0.00850983358547655,0.5190998487140696,0.26784040004167103,2.870446453026568,43.0,90.0,5490.0,10576.0,1.8693508627773212,3.094633307868602
50450,0.03937250076899416,0.4995694851041846,0.01706653475142221,0.24329501915708812,0.5131971051511282,0.24350787569178373,0.4616621320801385,0.07185258471432104,0.5056888449171407,0.2857142857142857,2.7682841068917017,138.0,581.0,4089.0,8086.0,1.680506685432794,3.3189162316679095
50568,0.08694979500270751,0.516518447087396,0.009215691054928444,0.3398447719543037,0.5219761053457749,0.13817912269992152,0.4644659531413804,0.3067020991296292,0.43601433551941876,0.3119630646952253,3.5084564714260282,378.0,12580.0,17884.0,41017.0,1.7963376507369362,3.2456336766681595
50573,0.07936789772727272,0.5254954353150746,0.008029713477184295,0.26139115742044494,0.5018304702900591,0.23677837228949591,0.4907675981605943,0.04633887513264945,0.21326494517155994,0.2833457453063144,3.0391176790177115,227.0,1310.0,6029.0,28270.0,1.8856863171633673,3.3564472980203317
50577,0.028564512224642943,0.5558877972376477,0.0056780227120908485,0.24402085955763353,0.5038662111131091,0.25211292932925733,0.45991983967935873,0.006457359162769984,0.4808505900690269,0.2622452854069105,2.71625,51.0,58.0,4319.0,8982.0,1.7463813719320327,3.18212478920742
50590,0.04178537511870845,0.5528759057971014,0.02370331496545089,0.2589497144449088,0.5170636578910712,0.22398662766402005,0.4522872386950057,0.0014869238170209043,0.4259599405230473,0.2723601857460125,2.6968956245416766,271.0,17.0,4870.0,11433.0,1.7083333333333333,3.225940665701881
50606,0.1726465808226028,0.5588874097947173,0.003918228279386712,0.2408464897547867,0.497480685253611,0.26167282499160227,0.49772856331629756,0.001306076093128904,0.31152754116978987,0.292984437751004,3.011498257839721,69.0,23.0,5486.0,17610.0,2.056244541484716,3.89019000057402
50680,0.12682481751824817,0.548,0.02336692147324531,0.28886047172492185,0.5305484512645638,0.18059107701051436,0.4708999305072967,0.0031271716469770676,0.11492355802640723,0.3059307105108632,3.1543381535038932,269.0,36.0,1323.0,11512.0,1.8691433324092044,3.002541184717841
50683,0.06292069066432543,0.5130353817504656,0.003882552778451832,0.24173318129988597,0.48574686431014824,0.2725199543899658,0.46711963115748606,0.0008493084202863383,0.4116719242902208,0.2687448503158473,2.5639024390243903,32.0,7.0,3393.0,8242.0,1.6821882123086942,3.304060787244644
50686,0.12087912087912088,0.4013921113689095,0.0026109660574412533,0.2688330871491876,0.47858197932053176,0.25258493353028066,0.47780678851174935,0.006962576153176675,0.39860748476936464,0.2932932932932933,3.0552486187845305,3.0,8.0,458.0,1149.0,1.81267217630854,3.015845070422535
50689,0.08949933540097474,0.5316202140445259,0.007315650105471029,0.2346073662265462,0.47081306462821404,0.29457956914523975,0.5052286701674072,0.003859790853193304,0.1712669987882052,0.26711779448621553,2.7000248632521133,163.0,86.0,3816.0,22281.0,1.8978494623655915,3.385560188542422
50711,0.0512579039418808,0.5554958962951599,0.013736762481089258,0.23395748000780184,0.5116052272283986,0.2544372927637995,0.46747352496217853,0.0014523449319213313,0.39818456883509834,0.2934934934934935,2.9005712245626563,227.0,24.0,6580.0,16525.0,1.8511627906976744,3.179955974073621
52001,0.4068325826398962,0.5670701476882191,0.00908533574019516,0.2395887899423782,0.4886682278988075,0.27174298215881426,0.5265634667892803,0.022436607006011477,0.07723528777325545,0.27016587975788364,3.071712446804769,3201.0,7905.0,27212.0,352326.0,2.118259993459951,4.189922357696621
52019,0.01967729240456513,0.5056291862619353,0.0028059045992436258,0.23501523874026414,0.47680325093125636,0.2881815103284795,0.49383920946687815,0.001829937782115408,0.6709771867756497,0.2304601425793908,2.4169371496016523,23.0,15.0,5500.0,8197.0,1.483328415461788,3.4145951267536305
52022,0.05314232902033272,0.4792838874680307,0.0014551804423748546,0.22667217175887697,0.5012386457473162,0.27208918249380676,0.5174621653084982,0.7788125727590222,0.6204889406286379,0.25194643413266893,2.8777219430485763,10.0,5352.0,4264.0,6872.0,1.6444444444444444,3.126207906295754
52036,0.028210838901262063,0.5138824973155391,0.0017377355968453416,0.19333803313359182,0.45523440253789216,0.351427564328516,0.48763534286860044,0.0009357037829167224,0.71247159470659,0.20920443384313175,2.2378103499850432,13.0,7.0,5330.0,7481.0,1.4017349685910858,3.4778582930756845
52051,0.02058383233532934,0.4751082251082251,0.004196170993968004,0.2544075829383886,0.44606635071090045,0.2995260663507109,0.495017046944663,0.0003933910306845004,0.7823236296879098,0.23897522049559008,3.263157894736842,32.0,3.0,5966.0,7626.0,1.7616802400342906,3.345183031584512
52079,0.01404607922392886,0.4171486349848332,0.5844428871758934,0.32935693280807854,0.47916551073628144,0.19147755645564002,0.4947734174258351,0.2840749824807288,0.6255255781359496,0.37099408412877,3.454322501532802,20016.0,9729.0,21423.0,34248.0,2.0594131774041977,3.5318453645305707
52083,0.06802721088435375,0.47207920792079205,0.0015080428954423592,0.23323482609684018,0.47238008638326895,0.2943850875198909,0.5103887399463807,0.0005026809651474531,0.40800938337801607,0.24857549857549857,2.750807568066451,9.0,3.0,2435.0,5968.0,1.5767807585568918,3.362962962962963
52110,0.02951115116017121,0.49330489394478017,0.0019046664327602627,0.2201280483418459,0.4603265952089778,0.3195453564491763,0.5020299734349155,0.0024058944413813846,0.5664377725427296,0.22915109450080084,2.6350297422339723,38.0,48.0,11301.0,19951.0,1.613760127506973,3.170270678965674
52203,0.024642857142857143,0.46340368208352045,0.0037351880473982485,0.23040808956301914,0.4452871072589382,0.3243048031780426,0.48866563626996395,0.00012879958784131891,0.7721535291087068,0.23756830601092896,2.7522155264090746,29.0,1.0,5995.0,7764.0,1.7353463587921847,3.5621432278152567
52207,0.029797071667094787,0.49729044160036895,0.002075714144509242,0.2043318348998774,0.47609317531671436,0.31957498978340826,0.505386972422655,0.021449046159928833,0.6311159434615005,0.23110647181628394,2.4221635883905015,21.0,217.0,6385.0,10117.0,1.4630565583634176,3.3637901861252115
52210,0.016743407283382167,0.4735594456601021,0.0006229559258682448,0.23176625659050967,0.4496924428822496,0.3185413005272408,0.5049057779162124,0.39230649431552717,0.745522504282822,0.24644470470135518,2.774848746758859,4.0,2519.0,4787.0,6421.0,1.4346320346320347,3.085916601101495
52215,0.029434105582985187,0.4909061117483205,0.0008767788493963715,0.2753040506583576,0.45602573122926926,0.2686702181123731,0.5172995211438591,0.9765293046469279,0.7265124435152087,0.2706799795933241,2.8667826759474093,13.0,14479.0,10772.0,14827.0,1.4394731745109433,3.2123839848248763
52224,0.03367697594501718,0.4390142021720969,0.0006685236768802228,0.2569814366424536,0.4752219531880549,0.2677966101694915,0.5094150417827298,0.9522005571030641,0.7020612813370474,0.2539815590947192,3.0683760683760686,6.0,8546.0,6301.0,8975.0,1.5299145299145298,3.0156827601657894
52227,0.022304519821563843,0.42087053571428573,0.0005509304603330069,0.2631722880583409,0.4954876937101185,0.24134001823154055,0.5104064642507345,0.9650771302644466,0.6802154750244858,0.2847009139199578,3.0204308033650733,18.0,31531.0,22224.0,32672.0,1.6849949088216236,3.3540475751429097
52233,0.025716694772344013,0.4531403336604514,0.011773940345368918,0.25225750072822606,0.47422079813574136,0.27352170113603264,0.49038461538461536,0.0015698587127158557,0.4368131868131868,0.2164493058477072,2.754054054054054,60.0,8.0,2226.0,5096.0,1.745790331341662,3.154486036838978
52240,0.04013471793432501,0.4898257229091617,0.005314437555358724,0.23916051660516605,0.4720940959409594,0.2887453874538745,0.5013286093888397,0.0010467831548433852,0.49593365005233914,0.2521912696346438,3.1243994943109987,66.0,13.0,6159.0,12419.0,1.7402432843385707,3.3760038938914576
52250,0.022138964577656677,0.43082209543568467,0.8840112002278012,0.3160208848584776,0.4877713657598241,0.19620774938169827,0.4940914052489203,0.04489582838972996,0.6198092164586398,0.40929471643238,3.6366931308249915,18627.0,946.0,13060.0,21071.0,2.0684811237928007,3.1719914802981894
52254,0.01697019867549669,0.5280793710220891,0.0014462477904547647,0.21533728850802022,0.46649088112502746,0.3181718303669523,0.4946167443355295,0.0001606941989394183,0.7525309336332958,0.21393622405938922,2.6497005988023954,9.0,1.0,4683.0,6223.0,1.6058394160583942,3.432214331826985
52256,0.013717421124828532,0.4669752536941428,0.001692828562634657,0.2222466960352423,0.48370044052863437,0.29405286343612336,0.49292089873807327,0.0004616805170821791,0.5401662049861495,0.21980003278151122,2.1566544971788915,11.0,3.0,3510.0,6498.0,1.3386454183266931,3.228159851301115
52258,0.017159199237368923,0.46997836278398847,0.0006035458317615994,0.2643060732295549,0.4795001096250822,0.2561938171453629,0.49241795548849493,0.14417201056205206,0.6565069784986798,0.2383861115576274,2.6758997169429843,8.0,1911.0,8702.0,13255.0,1.484915974893703,3.1272589217919515
52260,0.03293023255813954,0.4796785947865085,0.003933531347836558,0.20560124472104913,0.45832407201600356,0.3360746832629473,0.5046961547724171,0.000722485349602633,0.6149153086617966,0.22362044043873822,2.533468972533062,49.0,9.0,7660.0,12457.0,1.4681327631846874,3.225936367297624
52287,0.02570888468809074,0.484027105517909,0.0028980840444372885,0.1991823756529639,0.4619577560754031,0.338859868271633,0.4973434229592658,0.12510062791820964,0.49911447431975525,0.2345657781599312,2.3776923076923078,18.0,777.0,3100.0,6211.0,1.3464354527938343,3.3434343434343434
52317,0.01738580685949107,0.4714787780481211,0.0011674184133722474,0.23983270839342372,0.5,0.2601672916065763,0.5164765189705492,0.8222340143274078,0.7395595648713187,0.32097577541317635,2.8626765912198087,22.0,15495.0,13937.0,18845.0,1.6651452913433744,3.4892458771414847
52320,0.0451773209848656,0.5113781369629945,0.0010209764247261926,0.2136415597612092,0.4676743299885685,0.31868411025022225,0.5000928160386114,0.09996287358455541,0.6108223501020976,0.21353604708190288,2.5090824406148116,11.0,1077.0,6581.0,10774.0,1.391192917054986,2.9707635009310986
52323,0.03388319215336603,0.490156762668611,0.0019077901430842607,0.21490467937608318,0.4831022530329289,0.3019930675909879,0.5240063593004769,0.012559618441971383,0.4702702702702703,0.2453594330070874,2.7359721618094826,12.0,79.0,2958.0,6290.0,1.5545889517181384,3.2071015424164524
52352,0.00670712232513574,0.49799866577718477,0.002109111361079865,0.25095515785240297,0.4596822843354112,0.2893625578121858,0.5129358830146231,0.18025871766029247,0.6820866141732284,0.228921124206709,2.6497764530551415,15.0,1282.0,4851.0,7112.0,1.3026119402985075,2.97737556561086
52354,0.03530092592592592,0.40722801788375557,0.0017320107069752795,0.22281449893390193,0.4518123667377399,0.3253731343283582,0.5180286569044245,0.08518343567942056,0.588883640371595,0.22825365205843293,2.63855421686747,11.0,541.0,3740.0,6351.0,1.5975051975051975,3.2448559670781894
52356,0.13974037307734263,0.5591736815972101,0.007079427959475725,0.25023501437735013,0.5007741650077416,0.2489908206149082,0.5181060871707877,0.33105565927765196,0.2585365391358738,0.2867789551808024,3.1007239067228385,747.0,34932.0,27280.0,105517.0,1.9263051372105482,3.508758144883097
52378,0.04321808510638298,0.4991671293725708,0.0011394986206069329,0.22114523091960578,0.47959599250631263,0.2992587765740816,0.5094758306345208,0.00011994722322178242,0.4155571548518652,0.21494018834308984,2.6760359781561194,19.0,2.0,6929.0,16674.0,1.6106109324758842,3.567033893203299
52381,0.006890420093354078,0.41278065630397237,0.0017685420581408202,0.2126642771804062,0.4584826762246117,0.3288530465949821,0.5038134188128661,0.001658008179507019,0.6280534983972588,0.20734569349917858,2.6072046109510087,16.0,15.0,5682.0,9047.0,1.3850591289299106,3.240120227095625
52385,0.02241238793806031,0.4375,0.02067280586355948,0.27876598110061146,0.4819344080044469,0.23929961089494164,0.5062958090584476,0.004510430370231159,0.37737267430934035,0.2543174342105263,2.343020695728754,110.0,24.0,2008.0,5321.0,1.4124944616747896,3.1258076776890915
52390,0.005668934240362812,0.41578077013938103,0.9228664272276381,0.3044169049888783,0.4474102319669527,0.24817286304416905,0.4983752351633316,0.02086540106037284,0.3745510518214469,0.40003962750148603,3.8416557161629434,5396.0,122.0,2190.0,5847.0,2.451655629139073,3.459245960502693
52399,0.04477776552332635,0.47399423486652464,0.002582085906695977,0.24327616449035275,0.47549210680179305,0.28123172870785423,0.5018667783244356,0.001430615164520744,0.5521476673994208,0.22730671452071183,2.698173904815971,74.0,41.0,15824.0,28659.0,1.5746636346408944,3.4986141809634073
52405,0.008626198083067093,0.4722222222222222,0.011340080477990488,0.24542260033290178,0.48400221934529314,0.27057518032180505,0.4800634069015974,0.00012193634922570419,0.5415193269113523,0.2666492215098783,2.417035072207486,93.0,1.0,4441.0,8201.0,1.4174785946265132,3.3732859941234086
52411,0.03398974912328028,0.4865041928721174,0.0020057945174949856,0.2071417763655621,0.46103797851414735,0.3318202451202905,0.4960998439937597,0.0012257633162469357,0.608424336973479,0.2151018965720344,2.5293951384963256,18.0,11.0,5460.0,8974.0,1.4827293318233297,3.2377912186379927
52418,0.022790267939636587,0.4439098157822381,0.01918878547627255,0.2397984886649874,0.48077246011754826,0.2794290512174643,0.4960358497069976,0.001149029070435482,0.5352177410088476,0.2640757349277529,2.817326411421155,167.0,10.0,4658.0,8703.0,1.668848167539267,3.2080817464003717
52427,0.009983361064891847,0.5173168634195919,0.9425035593034717,0.3788346943279629,0.4574045464577356,0.16376075921430147,0.4892673310699814,0.002737925747453729,0.5335122111488336,0.3406433714247969,4.745256043670392,17212.0,50.0,9743.0,18262.0,2.50523834468308,3.114468332364904
52435,0.018739352640545145,0.45683728036669213,0.0027455384999376014,0.2551186809204566,0.4694691067222323,0.2754122123573111,0.49831523773867464,0.9306127542743042,0.5960314488955447,0.2692411194833154,2.8665947500898956,22.0,7457.0,4776.0,8013.0,1.7991391678622668,3.274777596792382
52473,0.006445047489823609,0.5047251927381249,0.9723691945914168,0.342562254259502,0.45855176933158587,0.1988859764089122,0.493631197334901,9.798157946306095e-05,0.2468155986674505,0.36942603616758396,3.4926395070181444,9924.0,1.0,2519.0,10206.0,2.661795407098121,3.3632162661737524
52480,0.07230657989877079,0.4531397917324077,0.012977289742949838,0.2389958734525447,0.4896836313617607,0.2713204951856946,0.5016221612178687,0.0017469428500124782,0.34863988020963316,0.23700954400848356,2.763448275862069,52.0,7.0,1397.0,4007.0,1.5034578146611342,3.1902010050251257
52490,0.014506464837590665,0.46916581371545546,0.9221573663320103,0.3335700967770576,0.4774926751309598,0.1889372280919826,0.5003502218071445,0.04520196124212001,0.4310996964744338,0.3795927163021226,3.5270024772914947,19748.0,968.0,9232.0,21415.0,2.2112183754993344,3.332702846888792
52506,0.05090628615503278,0.46601235914213013,0.0007706535141800247,0.23336898395721925,0.47315508021390373,0.293475935828877,0.5057028360049322,0.04531442663378545,0.6428791615289766,0.22384149336826592,2.59312549960032,5.0,294.0,4171.0,6488.0,1.3311974369243091,3.003716320842366
52520,0.00860655737704918,0.4381282495667244,0.8586810228802153,0.2706566513205718,0.5020596074630482,0.22728374121637993,0.4993270524899058,0.0051144010767160165,0.29528936742934053,0.38595419847328244,3.280353200883002,6380.0,38.0,2194.0,7430.0,2.2934105075690114,3.3601994183631074
52540,0.04387056627255756,0.5031650228176063,0.09350840593937906,0.27361319340329837,0.48575712143928035,0.24062968515742128,0.499815928334765,0.0008590011044299914,0.36225303718247637,0.27342831002483337,2.7118136439267886,762.0,7.0,2952.0,8149.0,1.621313672922252,3.1470406524156678
52560,0.031150850879723104,0.5525332710716787,9.817396426467701e-05,0.23472397808680995,0.4733810928501194,0.29189492906307063,0.5070685254270567,0.20017671313567642,0.7803848419399175,0.23222045574986752,3.0267618198037467,1.0,2039.0,7949.0,10186.0,1.5239369610466844,2.981766213286024
52565,0.012675418741511997,0.5036261079774376,0.00043299415457891317,0.2579829276003794,0.4789756560227632,0.2630414163768574,0.5150465468716172,0.07772245074691492,0.7005845421086815,0.2463768115942029,2.1654946085325832,2.0,359.0,3236.0,4619.0,1.2754575316752699,3.078683522231909
52573,0.02407862407862408,0.4669603524229075,0.0010655931802036466,0.21048239025204474,0.46185945585044236,0.32765815389751296,0.5098271371063225,0.06156760596732181,0.40350461757044753,0.25819516516896596,2.6818326439707287,9.0,520.0,3408.0,8446.0,1.48077534159517,3.2646708015267176
52585,0.039076068079194164,0.4886030725259021,0.0015215142109427301,0.22041568890378813,0.47955078779751925,0.3000335232986926,0.5094638183920638,0.07875357555839571,0.5965552918264256,0.22648715127192698,3.0620573984345882,25.0,1294.0,9802.0,16431.0,1.6455956611183842,3.0139748697517623
52612,0.010200612036722203,0.42028985507246375,0.015221121381524327,0.3334996507334597,0.4667198882347071,0.19978046103183314,0.4894005645652294,0.7534731831516024,0.7836386782531688,0.3322088874472916,3.185296191819464,275.0,13613.0,14158.0,18067.0,1.5977603981514397,3.603468971311967
52621,0.004014823965410748,0.3346103038309115,0.8061682421464719,0.31954064892453515,0.479948960991615,0.2005103900838498,0.4937458225914256,0.009834813329513989,0.6412680225341354,0.39668287816435965,3.4473337722185646,8443.0,103.0,6716.0,10473.0,2.2593473827328348,3.2520565975649887
52678,0.013358380296389062,0.516860061489636,0.002402326463522569,0.24729970326409495,0.4775074183976261,0.27519287833827893,0.5036456357735912,0.10064483499810342,0.6077043031145952,0.2145997846374731,2.2733115886415964,57.0,2388.0,14419.0,23727.0,1.2900528592023066,3.5079944017982103
52683,0.08010153715978001,0.5040589012648669,0.005779733814094067,0.20888277061295465,0.4740617301840313,0.31705549920301407,0.5028898669070471,0.0009544514555384697,0.322021316082507,0.22472858187545705,2.6802788844621515,109.0,18.0,6073.0,18859.0,1.6381250890440233,3.5524796921761435
52685,0.03274161735700197,0.41580013504388924,0.000901510029299076,0.2560150967133197,0.47460292498820567,0.2693819782984746,0.48884381338742394,0.000450755014649538,0.7100518368266847,0.232414044466043,2.8020208399115885,8.0,4.0,6301.0,8874.0,1.6495342113716671,3.0945745288406625
52687,0.012479942948832234,0.4566379248913276,0.001321083288296403,0.23875729488499828,0.4540851355990388,0.3071575695159629,0.48561820692968233,0.001020837086410857,0.8047799195340178,0.22742110990206746,2.8237092391304346,22.0,17.0,13402.0,16653.0,1.5569727891156462,3.1523574098637406
52693,0.04806378132118451,0.4624828218048557,0.002552401577848248,0.2126461211477152,0.45568544102019126,0.33166843783209354,0.5154304277206281,0.00015469100471807563,0.6295150437002088,0.2871352240032881,2.777658200602669,33.0,2.0,8139.0,12929.0,1.7394214162348878,3.511199253383108
52694,0.026018654884634267,0.454188247901411,0.0028910529519172246,0.2522423977247867,0.47451323561583897,0.2732443666593743,0.49467437614120513,0.00030432136335970786,0.8715763846622033,0.22236649894497645,2.936550491510277,19.0,2.0,5728.0,6572.0,1.5642633228840126,3.12985029025359
52696,0.006137184115523465,0.4492129492129492,0.8964289687395706,0.32056825200741196,0.4863084208359069,0.19312332715668107,0.49371453999332515,0.01724329736344421,0.5257536989654021,0.39958706125258087,3.2369463449765936,8058.0,155.0,4726.0,8989.0,2.1254572055596195,3.074659801397573
52699,0.008839779005524863,0.4641309581126625,0.0008106191103455264,0.29617930204572807,0.4581829121540313,0.24563778580024068,0.49508562164353026,0.8897558009930084,0.8163947715067382,0.23557850785627954,2.781567080045096,8.0,8781.0,8057.0,9869.0,1.3983995427264932,3.007153806847215
52720,0.01544220870379036,0.42971753301019555,0.0007101264024996449,0.22717369776193305,0.48425430778371953,0.2885719944543474,0.5002130379207499,0.25805993466837096,0.6445107229086777,0.23381627620221948,2.9715517241379312,5.0,1817.0,4538.0,7041.0,1.4152652005174644,2.9627311107875967
52786,0.03156776445591137,0.5421770279639473,0.004217492862704386,0.22509356620923188,0.47175191587952237,0.30315451791124576,0.5008434985725408,0.0012976901116013497,0.455748767194394,0.24696189495365603,2.7689543657923106,65.0,20.0,7024.0,15412.0,1.6518291584069202,3.6659904456514627
52788,0.018779342723004695,0.44812575574365177,0.0014519407608169586,0.23548300776023548,0.4688252609044688,0.2956917313352957,0.5048882005614171,0.067466847352628,0.7022553479818023,0.19630508824440088,3.0637603795966784,15.0,697.0,7255.0,10331.0,1.5931750741839763,3.0939780134254304
52835,0.06806183615522136,0.49291771007570556,0.8147381074798502,0.30218933834677664,0.48415307174479955,0.2136575899084238,0.5112136200042001,0.08708025867000746,0.2436364426356533,0.36412054316555814,3.0100437460940985,112508.0,12025.0,33644.0,138091.0,2.1234756097560976,3.5579389347816166
52838,0.06519950637597696,0.5154226047692959,0.0016740150425577063,0.25541531353577285,0.4769158659479728,0.2676688205162543,0.5081932426378705,0.3783273996180416,0.5109989861599038,0.2989473148901546,2.996710761530211,71.0,16046.0,21673.0,42413.0,1.6486563750714693,3.2238464289972577
52885,0.034444444444444444,0.48393529802791935,0.001606957179317516,0.23553719008264462,0.48107171420954414,0.28339109570781124,0.5064750921637206,0.007373097646280366,0.6298326873995652,0.23205814070858988,2.9459760512392092,17.0,78.0,6663.0,10579.0,1.5844264582751884,3.2529490106544903
54001,0.29056390620822875,0.5416519510448256,0.005184187196344536,0.2617066062176166,0.48275582901554404,0.25553756476683936,0.5164438668348654,0.0007038292761203278,0.011779210503738398,0.28049896861917023,3.3687193313561608,3263.0,443.0,7414.0,629414.0,2.044294522481058,3.833630158512704
54003,0.04961832061068702,0.4893727319854847,0.000563081713093306,0.2626139495442018,0.4972440110239559,0.24014203943184229,0.4968368056705641,0.00013248981484548374,0.4869000695571528,0.2646405014394519,3.5621525724423417,17.0,4.0,14700.0,30191.0,1.9410162264597892,3.5598185093747916
54051,0.08586525759577279,0.47180650037792893,0.002926115581565472,0.2306684141546527,0.4617112900205954,0.3076202958247519,0.46330163374786637,0.000243842965130456,0.7058034625701048,0.25788423153692613,3.3814691151919867,24.0,2.0,5789.0,8202.0,1.883248730964467,3.311821322803554
54099,0.06020854355869492,0.5004531448250861,0.002294893861158921,0.22786677908937605,0.4740725126475548,0.29806070826306913,0.47819850831899025,0.0004302925989672978,0.31353987378083764,0.282516825794334,3.1984163949697253,16.0,3.0,2186.0,6972.0,2.1062734082397006,3.4373915558126082
54109,0.07312379730596537,0.4674182018146824,0.006385696040868455,0.278641127574991,0.48174918684495843,0.2396096855800506,0.46934865900383144,0.0,0.7884206045125586,0.29896177442189714,3.7167721518987342,30.0,0.0,3704.0,4698.0,1.9216772151898733,3.200772200772201
54125,0.01358695652173913,0.5082116788321168,0.00036589828027808267,0.21351351351351353,0.49783783783783786,0.28864864864864864,0.45993413830954993,0.00036589828027808267,0.6787413099158434,0.26938291139240506,3.257177033492823,1.0,1.0,1855.0,2733.0,1.6941457586618878,3.0229714709151536
54128,0.028482003129890455,0.460016835016835,0.0026614209673686646,0.1990220934444042,0.4713871785584933,0.3295907279971025,0.4736172182365193,0.0,0.6775052071279797,0.2645987693080497,3.3613380007779075,23.0,0.0,5855.0,8642.0,1.993359375,3.250175438596491
54172,0.11089866156787763,0.47844228094575797,0.002746395356095125,0.2246547965116279,0.45203488372093026,0.32331031976744184,0.5108919543099681,0.00018725422882466764,0.28319081205917235,0.27917511832319136,3.0328834822277133,44.0,3.0,4537.0,16021.0,1.831548757170172,3.6167864800100897
54174,0.0405217873993894,0.46966077400860007,0.0014212620807276862,0.2530227071660277,0.48171630787378356,0.26526098496018874,0.48209209778283113,0.04765965510706841,0.5539132082622702,0.28402427733772245,3.608205128205128,15.0,503.0,5846.0,10554.0,1.8497942386831276,3.0338837453469503
54206,0.04375932371954252,0.4775256222547584,0.0008833922261484099,0.2898834498834499,0.47132867132867134,0.2387878787878788,0.48586572438162545,0.03632950530035336,0.5308635159010601,0.3015508684863524,3.4508782088399923,16.0,658.0,9615.0,18112.0,1.8245749613601236,3.549512483796427
54223,0.011007911936704506,0.30330048490536526,0.0018305439330543933,0.22441792212874193,0.44511837213852473,0.3304637057327333,0.477902719665272,0.0009152719665271967,0.7761506276150628,0.3101363700267116,3.2852233676975944,14.0,7.0,5936.0,7648.0,1.9182092122255703,3.471061305207647
54239,0.02890932982917214,0.4896142433234421,0.00045558086560364467,0.22067401166558653,0.4442644199611147,0.33506156837329876,0.47813211845102505,0.0009111617312072893,0.430751708428246,0.2374722290792397,3.3033282904689862,2.0,4.0,1891.0,4390.0,1.8903177004538578,3.536288470372072
54245,0.031346578366445915,0.47441759198780753,0.002499791684026331,0.2546514856984171,0.48208830880311027,0.2632602054984726,0.4782934755437047,0.057495208732605614,0.6080326639446713,0.2766511627906977,3.2944903581267218,30.0,690.0,7297.0,12001.0,1.5952446779098701,3.758953517907036
54250,0.03744798890429958,0.488314606741573,0.0016251638269986894,0.3501908396946565,0.5080152671755725,0.141793893129771,0.4727653997378768,0.008283093053735256,0.4965661861074705,0.3235135297294054,3.4457350272232303,31.0,158.0,9472.0,19075.0,1.6934013853445133,3.279357165588204
54261,0.04843304843304843,0.48687362268851203,0.0019601060763288366,0.2873514940597624,0.49057962318492737,0.22206888275531023,0.4896421845574388,0.0003074676198162881,0.2869825896460279,0.28038528156816356,3.357742477076069,51.0,8.0,7467.0,26019.0,1.813026026155639,3.3574336111649545
54313,0.01333907056798623,0.4814291481631005,0.0006242197253433209,0.2347690247712564,0.4706538719035929,0.29457710332515064,0.4400749063670412,0.00015605493133583021,0.6775905118601748,0.26184448462929477,3.053691275167785,4.0,1.0,4342.0,6408.0,2.1435161455663763,3.340263115153484
54344,0.018460466736328805,0.4891064533921677,0.0001026167265264238,0.3252608047690015,0.4992548435171386,0.1754843517138599,0.4763468445356593,0.0002052334530528476,0.81693175987686,0.28392752776154295,3.666920731707317,1.0,2.0,7961.0,9745.0,1.776887871853547,3.2770576131687243
54347,0.019301470588235295,0.47643055205444923,0.0002126754572522331,0.22525192649673978,0.46621221102548904,0.3085358624777712,0.49276903445342407,0.0,0.7626541897065079,0.19714088079317502,3.4402054292002933,1.0,0.0,3586.0,4702.0,1.648569332355099,2.9564844587352628
54377,0.034131205673758866,0.4801751959428308,0.001081081081081081,0.21959095801937567,0.4599031216361679,0.3205059203444564,0.4818018018018018,0.0,0.710990990990991,0.26189089497185014,3.2235157159487775,6.0,0.0,3946.0,5550.0,1.951048951048951,3.1637416319884206
54385,0.019045064377682403,0.4719417703686311,0.001177536231884058,0.26356589147286824,0.5122480620155039,0.2241860465116279,0.47608695652173916,9.057971014492754e-05,0.5158514492753623,0.34732286634460546,3.5486981677917067,13.0,1.0,5695.0,11040.0,1.8685143409603608,3.2784856206771025
54398,0.026380873866446827,0.49338146811071,0.000690894016857814,0.24905070359615814,0.4902836721018539,0.2606656243019879,0.4790659112892082,0.0,0.8169130855326793,0.24329296336041698,3.6571136131013304,5.0,0.0,5912.0,7237.0,1.953452685421995,3.7644117238505346
54405,0.36615384615384616,0.5645531520301598,0.0055766419771283975,0.24676460612984416,0.5055961157423109,0.24763927812784492,0.5221407426514845,0.0003439338664308263,0.017700310768815026,0.28987093415907,3.3449626788733555,454.0,28.0,1441.0,81411.0,2.0945845082103167,3.976255231424562
54418,0.0464,0.4878048780487805,0.0019395954558049321,0.2501070663811563,0.4702355460385439,0.2796573875802998,0.47270712108617347,0.0008312551953449709,0.5029093931837074,0.24931756141947226,3.527913809990206,7.0,3.0,1815.0,3609.0,2.004911591355599,3.0740117746005047
54480,0.0221606648199446,0.4809656453110492,0.0012850167052171678,0.24615384615384617,0.4907692307692308,0.2630769230769231,0.4798252377280905,0.0,0.7340015420200463,0.2627777777777778,3.1841243862520456,5.0,0.0,2856.0,3891.0,1.8352459016393443,2.983160621761658
54498,0.2526791782110931,0.5330706060571546,0.0031529070340281075,0.25765915600786704,0.48255652793727477,0.2597843160548582,0.518644249975368,0.0009852834481337835,0.08426860618220577,0.29120583077812284,3.333765099255957,352.0,110.0,9408.0,111643.0,2.171365411985586,3.9830774250856553
54518,0.3390945517612583,0.5027186409500365,0.006304782408119329,0.26972344890225186,0.4543518431519935,0.27592470794575463,0.5205289866215593,0.00057116495683311,0.08437863843061444,0.33899734875873705,3.1183880846325165,287.0,26.0,3841.0,45521.0,2.39202518363064,4.272389236940551
54520,0.031932773109243695,0.49036022323693557,0.0002022653721682848,0.2175191064079953,0.4691358024691358,0.3133450911228689,0.47694174757281554,0.0004045307443365696,0.7091423948220065,0.26592495636998253,3.2577660277594185,1.0,2.0,3506.0,4944.0,1.8941098610191927,3.2715798045602607
54553,0.022977501196744854,0.552664381427236,0.010320678215997052,0.2931957944852212,0.49652846657409244,0.21027573894068638,0.5058360978007126,0.0,0.04718024327312938,0.2881076627300192,3.3940783986655547,84.0,0.0,384.0,8139.0,1.8959899749373434,3.4468718967229393
54599,0.06599286563614744,0.5127510719927781,0.002029520295202952,0.20898332436793976,0.47391070467993546,0.3171059709521248,0.4693726937269373,0.0,0.4522140221402214,0.24410401128804676,3.594522378089512,11.0,0.0,2451.0,5420.0,1.993991989319092,3.2964345715885757
54660,0.04258359531294656,0.4660967835410026,0.0034215328467153286,0.2209896108469801,0.4537770734284205,0.3252333157245994,0.4770757299270073,0.0,0.505132299270073,0.28197494107430837,3.4265514532600156,30.0,0.0,4429.0,8768.0,1.97749703908409,3.4212534690101757
54670,0.017272727272727273,0.4995819397993311,0.0018070474851922499,0.3148050114699135,0.4886183165696136,0.1965766719604729,0.4693303885152093,0.0,0.7483184419235016,0.27919356665534034,3.4177869700103414,18.0,0.0,7454.0,9961.0,1.6927065330107156,3.433560044665516
54673,0.05627887442251155,0.44523764794288934,0.010184214467575258,0.2748457847840987,0.4873200822481151,0.23783413296778616,0.4931855623783136,0.0001497678598172832,0.14138085966751535,0.2889908256880734,3.250730282375852,68.0,1.0,944.0,6677.0,1.8396088019559902,3.364846468007866
54680,0.015625,0.43978030600235385,0.00032393909944930353,0.22779156327543423,0.49081885856079405,0.2813895781637717,0.48104956268221577,0.0006478781988986071,0.4369938451571105,0.2984604618614416,3.328648648648649,1.0,2.0,1349.0,3087.0,1.8751357220412594,3.335507010107597
54720,0.03273524174770579,0.48281316541948044,0.0007531892858824083,0.2960772104607721,0.474859900373599,0.2290628891656289,0.47662759497246154,9.414866073530103e-05,0.524784634938568,0.2814749139459685,3.3687310937748767,16.0,2.0,11148.0,21243.0,1.7924648786717752,3.2850276032743193
54743,0.012567324955116697,0.48546573307871843,0.0,0.2538057742782152,0.4921259842519685,0.25406824146981627,0.47628216348678454,0.0,0.625065639768948,0.22277039848197344,3.4005952380952382,0.0,0.0,3571.0,5713.0,1.8338296605122097,2.8555867884750525
54800,0.01854527938342967,0.47656167702517643,0.0004714386736858647,0.31005624914254354,0.4981478940869804,0.19179585677047606,0.4852675414473167,0.0359079123124067,0.6455566905005107,0.2718791648156375,3.243174279152845,6.0,457.0,8216.0,12727.0,1.6650423185432162,3.4174703116282776
54810,0.03370312311588086,0.5243045503592388,0.0012840716745461975,0.33155367516201606,0.5050199791813572,0.1634263456566267,0.47310258954454365,0.013988598999980544,0.39662250238331487,0.27619173495462157,3.4673898305084747,66.0,719.0,20386.0,51399.0,1.8137208194378276,3.2807874015748033
54820,0.05721393034825871,0.42829700158690387,0.0004678518914583612,0.22552322613578357,0.4712608473711077,0.30321592649310875,0.48008287662077265,0.046317337254377755,0.613955353562358,0.2748361440459533,3.2755713334812513,7.0,693.0,9186.0,14962.0,1.8759448643841707,3.2166507046107538
54871,0.01257445400397088,0.4312518323072413,0.0023902651021295088,0.2589953687210545,0.47880299251870323,0.2622016387602423,0.4921773142112125,0.0,0.5919165580182529,0.24833015267175573,3.678657074340528,11.0,0.0,2724.0,4602.0,2.1910471622701837,3.388266315095583
54874,0.3129892445745561,0.5686941224350475,0.004043313596842161,0.25649000515762,0.5080724567463233,0.23543753809605678,0.5161465834533525,0.00014935723049021177,0.009729556729076652,0.2735136267855688,3.306237851210461,379.0,14.0,912.0,93735.0,1.9612763540853269,3.787542109354755
63001,0.494674987554228,0.5420301569762193,0.016307443377436594,0.21569874138404405,0.4479237412636254,0.33637751735233057,0.5280455374926082,0.006882140175082807,0.016430792226120206,0.240999185023143,2.8679223540996657,4495.0,1897.0,4529.0,275641.0,2.2410175549248397,4.288801122945595
63111,0.1266607617360496,0.510561797752809,0.0047427946005107625,0.1960167714884696,0.4748427672955975,0.32914046121593293,0.47245530828164906,0.031010580080262678,0.5023713973002554,0.26303127506014434,2.9268558951965065,13.0,85.0,1377.0,2741.0,2.0667396061269145,3.460540941089292
63130,0.31101594463350285,0.5381567107357929,0.005858877473040673,0.22006832751141991,0.4457986257725231,0.334133046716057,0.508576038040248,0.003976677705131471,0.08223656279188249,0.232432598227157,2.8838814285120358,414.0,281.0,5811.0,70662.0,2.103663613655287,3.8326237892511217
63190,0.375,0.5424656334821819,0.0035010134512622076,0.211294258254071,0.44385239778895474,0.34485334395697426,0.5176709047355813,0.000847613782937166,0.14015109637000184,0.23979892392883792,3.001994680851064,95.0,23.0,3803.0,27135.0,2.1979746271978633,3.9546808669099573
63212,0.07503607503607504,0.5631914893617022,0.015718157181571817,0.20222728423184005,0.4679827891672994,0.32978992660086054,0.4693766937669377,0.01915085817524842,0.4016260162601626,0.23254909585844838,2.828717948717949,87.0,106.0,2223.0,5535.0,1.9897066392177045,3.342732399490631
63272,0.12512593189603063,0.5017888173361954,0.0022917584839136185,0.19186046511627908,0.44470811580446135,0.36343141907925963,0.5063904803878361,0.0012340237990304099,0.3989422653151168,0.24037825059101656,2.785305105853051,26.0,14.0,4526.0,11345.0,2.0027486256871563,3.6951284796573876
63302,0.05925118138858597,0.5229173636667782,0.001404297149276787,0.19836001561889888,0.4445529090199141,0.35708707536118706,0.46650751298974863,0.0004212891447830361,0.43814071057435755,0.22516955538809344,2.9120198265179678,10.0,3.0,3120.0,7121.0,2.0500413564929696,3.4180187873612295
63401,0.2488436632747456,0.5128195417534558,0.0121913769807149,0.23714123949305344,0.4617394712773834,0.30111928922956316,0.5096732588134136,0.005527576464807763,0.06734430659624124,0.2465063911517319,3.1599883291188484,397.0,180.0,2193.0,32564.0,2.2436909285783884,3.6158069419026644
63470,0.2055718707833955,0.5115960843479176,0.009795040199297929,0.2274849899933289,0.4569320723619668,0.3155829376447043,0.5051239950175518,0.0022647491790284227,0.10655644887328729,0.21599270294922468,2.9994024754588136,346.0,80.0,3764.0,35324.0,2.0196162412198047,3.546486748637777
63548,0.08020304568527918,0.539980732177264,0.0006151322534344885,0.18640665328362488,0.4608546028104388,0.35273874390593635,0.4845191716218987,0.012917777322124256,0.3887635841705967,0.22740205734296345,3.011166253101737,3.0,63.0,1896.0,4877.0,2.2196029776674937,3.4872855075459994
63594,0.24182597820260854,0.5207078925956062,0.004361713088573685,0.21422251199180367,0.44600195594467473,0.3397755320635216,0.5137205069203558,0.004430401483669334,0.1477487378507401,0.2201029033443587,2.931128640776699,127.0,129.0,4302.0,29117.0,2.0484295845997975,3.7156391549393173
63690,0.19597234746017433,0.5885554346135904,0.0030351016099234625,0.20120974915495463,0.46095000889521437,0.337840241949831,0.4910266561097915,0.002903140670361573,0.4118500923726577,0.2404456353123678,2.5863259668508287,23.0,22.0,3121.0,7578.0,1.8645473393227368,4.002396804260985
66001,0.47701712336659674,0.5470997895078659,0.024488002538628654,0.22707828482933454,0.45617871128749593,0.31674300388316956,0.5287426465203701,0.004611028388703102,0.07164547074474577,0.26287811702568026,2.9272158048148547,10032.0,1889.0,29351.0,409670.0,2.240038725245826,4.150545344849329
66045,0.08302402813049424,0.5006653359946773,0.0050434295320818156,0.19908015768725362,0.45663600525624176,0.3442838370565046,0.48725133090501543,0.013729335948444943,0.5186326702157467,0.23145370925814837,2.98488241881299,54.0,147.0,5553.0,10707.0,2.173535183627698,3.37660498489426
66075,0.06694955209806695,0.5048043121631123,0.004791375524056698,0.19654307220518538,0.4627822693058266,0.34067465848898804,0.47654222399680574,0.004392094230385306,0.645038929926133,0.24016253207869975,3.127592708988058,24.0,22.0,3231.0,5009.0,2.275015733165513,3.495745542949757
66088,0.08678335604234357,0.4872802830347616,0.0048484848484848485,0.201346307651293,0.46427619301519596,0.3343774993335111,0.4941258741258741,0.024755244755244755,0.43976689976689975,0.24050506562858712,3.0673738532110093,104.0,531.0,9433.0,21450.0,2.1368979357798166,3.2543048843428894
66170,0.5362756874749744,0.5534059630937118,0.01843090974395813,0.22552677939768898,0.4706127148386023,0.30386050576370877,0.530740417671507,0.0017804915593411668,0.037882908307250246,0.2549065830446033,3.0077583002973243,3592.0,347.0,7383.0,194890.0,2.2596232977748794,3.9987257583291895
66318,0.05059978189749182,0.4765128205128205,0.0023413111342351716,0.18877236273904996,0.47550894509562,0.33571869216533007,0.48976760319112034,0.14455428373222337,0.5497745404092959,0.23638213261814484,2.860407352210631,27.0,1667.0,6340.0,11532.0,1.8408751864743909,3.181230903535574
66383,0.05968586387434555,0.5376055257099003,0.004046617028164455,0.18586269196025293,0.4577687443541102,0.35636856368563685,0.4741016510197475,0.003722887665911298,0.5812560699255422,0.29567474048442904,2.9014615747289016,25.0,23.0,3591.0,6178.0,2.104689720511606,3.3670657700508446
66400,0.3748250349930014,0.5122335871671247,0.01301158301158301,0.23664081017022193,0.45873734109028225,0.30462184873949577,0.5274517374517375,0.0013899613899613899,0.015173745173745173,0.25141138171178967,2.93979057591623,337.0,36.0,393.0,25900.0,2.1235609255670806,3.6097694198431585
66440,0.11516988355399585,0.475478748248482,0.00498220640569395,0.20216206227478517,0.4310265176014044,0.3668114201238104,0.4999029440310579,0.0918796505985118,0.43668715626011,0.23248716881675682,2.8950628871785247,77.0,1420.0,6749.0,15455.0,2.0402255639097744,3.3613697024933273
66456,0.029963270829306013,0.47335529093826534,0.002036659877800407,0.29065783462768385,0.4641388761991777,0.2452032891731384,0.4926865395297167,0.5247176448805777,0.7312843300623342,0.2841545964043962,3.6341018032412693,33.0,8502.0,11849.0,16203.0,1.9006010171058714,3.4365377393916634
66572,0.047086648032681144,0.40017976630380503,0.1257190380483748,0.30071398572028557,0.4729105417891642,0.22637547249055018,0.49469817728186294,0.5251923210201677,0.7453045949130224,0.34086769332670974,3.839542309739223,1814.0,7578.0,10754.0,14429.0,1.858135185679936,3.3632065485851386
66594,0.05870314519603619,0.484406779661017,0.0019831039543092848,0.213048874180013,0.45688789078659653,0.33006323503339047,0.4930393051203744,0.29694998611827234,0.6240431523420458,0.26359581403328186,3.3199736321687543,50.0,7487.0,15734.0,25213.0,2.134126984126984,3.2732
66682,0.3809175385966196,0.525065963060686,0.005423328743642341,0.21728466034301044,0.4549199961674811,0.3277953434895085,0.5108747576362155,0.0009554050636468374,0.12104139151937506,0.2477318624348193,3.1575039141131738,386.0,68.0,8615.0,71174.0,2.2275170189896096,3.7467696231226975
66687,0.11417058428475486,0.5131487545896596,0.004496479171969119,0.18808777429467086,0.45418374728719557,0.3577284784181336,0.485534911343005,0.01628913209468058,0.4248748621362518,0.23215422387923978,2.9834731756928554,53.0,192.0,5008.0,11787.0,2.1503184713375796,3.30327868852459
68001,0.5859504001434924,0.5811682518768614,0.01570940995168808,0.2493630458038543,0.467253060739332,0.28338389345681375,0.5254370290533322,0.00047082848795983775,0.012398483516275727,0.261766846104868,2.9891780454236554,8308.0,249.0,6557.0,528855.0,2.2316506516107912,4.379047344388368
68013,0.036488027366020526,0.3270042194092827,0.0030084235860409147,0.19802793755135578,0.44535743631881675,0.35661462612982747,0.48495788206979545,0.0024067388688327317,0.8170878459687124,0.21585051546391754,2.838209982788296,5.0,4.0,1358.0,1662.0,1.922680412371134,3.5394896719319564
68020,0.017421602787456445,0.33239337328163554,0.00030147723846849563,0.14625992478061012,0.4170497283744254,0.4366903468449645,0.47452517334941213,0.0,0.8200180886343081,0.23129032258064516,2.686433793663688,1.0,0.0,2720.0,3317.0,1.834281072298944,3.4
68051,0.027777777777777776,0.458550379520762,0.0006318716036901302,0.22538860103626943,0.4900074019245004,0.28460399703923017,0.48502464299254394,0.00012637432073802604,0.650575003159358,0.2803649237472767,3.2443252166735452,5.0,1.0,5148.0,7913.0,1.81634337598019,3.4385785504282245
68077,0.18520637515324886,0.5711657467803981,0.0014251451214849318,0.2310311531229354,0.4817299385068862,0.2872389083701784,0.5160068128888734,0.0003128367339844972,0.1555146164274045,0.26342904765512537,2.9569914600267517,41.0,9.0,4474.0,28769.0,2.0927590124987088,3.7106264533859488
68079,0.12874408828166053,0.5190031152647975,0.001961553550411926,0.18922879648287233,0.44660194174757284,0.3641692617695549,0.5153655028115601,0.005884660651235779,0.5840198770759775,0.24758522727272728,2.962050078247261,15.0,45.0,4466.0,7647.0,1.9289080911233307,3.623976762608925
68081,0.3234470807784591,0.5309706699521014,0.02193782445731695,0.25165324576004316,0.49764571805599295,0.2507010361839639,0.5136497564691026,0.001067326772363753,0.062355935940349966,0.29388029964047596,3.1948295060274017,4378.0,213.0,12444.0,199564.0,1.9596487526173123,3.873037424202209
68092,0.06167800453514739,0.5278846153846154,0.002294455066921606,0.22531939605110338,0.49506387921022066,0.27961672473867594,0.4676864244741874,0.0013384321223709368,0.4372848948374761,0.24187119781833438,3.132930513595166,12.0,7.0,2287.0,5230.0,1.9558912386706948,3.186427607480239
68101,0.02871467639015497,0.4333165576245596,0.0037629350893697085,0.18015910154422088,0.4627983153954141,0.357042583060365,0.48594125640221597,0.0,0.7994146545416536,0.24905400756793947,2.9769716088328075,36.0,0.0,7648.0,9567.0,1.7904040404040404,3.481493299298022
68121,0.03755868544600939,0.4722662440570523,0.0006169031462060457,0.15496575342465754,0.4794520547945205,0.3655821917808219,0.49537322640345466,0.0,0.7735965453423812,0.24322538003965632,3.122568093385214,1.0,0.0,1254.0,1621.0,2.01171875,3.0841121495327104
68132,0.28313253012048195,0.546639231824417,0.0027292576419213972,0.2619426751592357,0.5222929936305732,0.2157643312101911,0.486353711790393,0.0,0.4606986899563319,0.34403953057442865,3.0391822827938673,5.0,0.0,844.0,1832.0,2.3293515358361776,3.673469387755102
68147,0.09060402684563758,0.4401553220648698,0.003941441441441441,0.17235901509134233,0.4328832406671962,0.3947577442414615,0.49737237237237236,0.0,0.3688063063063063,0.2676142131979695,2.762303664921466,21.0,0.0,1965.0,5328.0,1.8050314465408805,3.6135580237456915
68152,0.011058451816745656,0.36192675684592546,0.0007263922518159806,0.19388868679519825,0.49545289196071296,0.31065842124408877,0.46464891041162226,0.0007263922518159806,0.8227602905569007,0.27859007832898175,3.1671779141104293,3.0,3.0,3398.0,4130.0,1.5884615384615384,3.230562347188264
68160,0.034103410341034104,0.5113636363636364,0.0,0.20546875,0.50859375,0.2859375,0.48475120385232745,0.0,0.7720706260032103,0.2546901648664014,3.1677966101694914,0.0,0.0,1443.0,1869.0,1.9219015280135823,3.275416890801506
68162,0.037800687285223365,0.5077504725897921,0.00030959752321981426,0.239025511376695,0.49919558722132845,0.26177890140197657,0.47337461300309597,0.01021671826625387,0.47678018575851394,0.27437067072140564,3.202776400594943,2.0,66.0,3080.0,6460.0,1.9085941381023348,3.3256909547738696
68167,0.07811291569992267,0.4823554882009093,0.003987313094698686,0.18379939608769857,0.46606275436523564,0.3501378495470658,0.5051200724966017,9.062075215224287e-05,0.35777072949705485,0.2543702820818435,2.9141791044776117,44.0,1.0,3948.0,11035.0,2.0318181818181817,3.5105895296598515
68169,0.040522875816993466,0.4893882646691635,0.0010623229461756375,0.19227005870841488,0.44080234833659493,0.3669275929549902,0.48158640226628896,0.0,0.7546033994334278,0.20520673813169985,3.0,3.0,0.0,2131.0,2824.0,2.062098501070664,3.1984951630240057
68176,0.02717825739408473,0.38058943089430897,0.0,0.17800729040097205,0.4641555285540705,0.3578371810449575,0.4796954314720812,0.0,0.6916243654822335,0.24521422060164083,2.771395076201641,0.0,0.0,1635.0,2364.0,1.672189349112426,3.4390243902439024
68179,0.02341287708239532,0.37893886345273364,0.001612531674729325,0.14620253164556962,0.47120253164556963,0.38259493670886074,0.4754664823773324,0.0,0.8470398525685326,0.21872713972201902,2.7653061224489797,7.0,0.0,3677.0,4341.0,1.7843012125079771,3.592077831827658
68190,0.0760498590295296,0.5281228261949716,0.01982002947793034,0.27042789612622015,0.5031002517036036,0.22647185217017618,0.4850283143278256,0.0005818012566907144,0.3609107129004732,0.2881714739349034,3.00144980065241,511.0,15.0,9305.0,25782.0,1.948152634766808,3.4559212399821
68207,0.05191873589164785,0.4456876456876457,0.0005660377358490566,0.18953711311969323,0.4672692413037524,0.34319364557655435,0.49339622641509434,0.014905660377358491,0.48245283018867924,0.2716527409822702,2.7546777546777546,3.0,79.0,2557.0,5300.0,1.5828125,3.405513307984791
68209,0.04400749063670412,0.5339195979899497,0.0027444253859348197,0.22018348623853212,0.49031600407747195,0.28950050968399593,0.46758147512864495,0.0,0.7718696397941681,0.2395005675368899,3.3433179723502304,8.0,0.0,2250.0,2915.0,2.01038062283737,3.2470628887353143
68211,0.08755211435378202,0.4792467332820907,0.0012135922330097086,0.12908704883227176,0.43227176220806796,0.4386411889596603,0.5027305825242718,0.0,0.2263349514563107,0.24192462987886945,2.4739299610894943,4.0,0.0,746.0,3296.0,1.8374805598755832,3.601285189718482
68217,0.01810436634717785,0.4065676309616888,0.0012458471760797341,0.19906687402799378,0.4824261275272162,0.31850699844479,0.4680232558139535,0.0,0.8021179401993356,0.2234307727169726,2.9133618059792554,6.0,0.0,3863.0,4816.0,1.7489309712889431,3.021702838063439
68229,0.08882214117142244,0.4895950794464377,0.0017162962327297692,0.21656525518440334,0.469762821308829,0.31367192350676765,0.5013301295803656,0.0,0.6072256071397923,0.25276666976657675,3.33716915995397,20.0,0.0,7076.0,11653.0,1.9239850273538728,3.371391529818496
68235,0.01264718709114697,0.46419808164175774,0.0010772196394148996,0.2358356940509915,0.5280630311614731,0.2361012747875354,0.47964621839210797,0.0003401746229731262,0.812620478512303,0.2359633935196636,2.76689242400378,19.0,6.0,14333.0,17638.0,1.8364611260053618,3.044604563389947
68245,0.05788177339901478,0.5547282204020849,0.0,0.14574187884108866,0.5030728709394205,0.35118525021949076,0.4990870359099209,0.0,0.5581253804017042,0.2524146812620734,2.421828908554572,0.0,0.0,917.0,1643.0,1.865979381443299,3.3006736068585427
68250,0.009749894022891056,0.5419079548918013,0.001708567244325116,0.24880763116057233,0.4848966613672496,0.26629570747217807,0.46692701977056383,0.000244081034903588,0.7315108616060532,0.2591299677765843,3.3899006622516556,7.0,1.0,2997.0,4097.0,1.966499162479062,3.4297745850879364
68255,0.048805391055748416,0.4993219682293685,0.00030849915162733303,0.2370414912808178,0.482501503307276,0.2804570054119062,0.4834952953879377,0.0005398735153478328,0.4090698750578436,0.26278118609406953,3.3221216041397152,4.0,7.0,5304.0,12966.0,1.9306418219461698,3.2998522895125553
68264,0.014766201804757998,0.6315508021390375,0.000856898029134533,0.23398692810457516,0.477124183006536,0.28888888888888886,0.48029134532990575,0.0,0.7772065124250214,0.23410268487988695,3.0752972258916778,2.0,0.0,1814.0,2334.0,1.9246031746031746,2.963667820069204
68266,0.02796725784447476,0.46657029273581496,0.0002946375957572186,0.18610526315789475,0.4749473684210526,0.3389473684210526,0.48379493223335296,0.0002946375957572186,0.7339422510312316,0.27600379386658236,3.1170506912442395,1.0,1.0,2491.0,3394.0,1.6743542435424354,3.4305596683446846
68271,0.02135774218154081,0.3288590604026846,0.00325874429719748,0.1747163695299838,0.5011345218800648,0.3241491085899514,0.4818596567456007,0.0,0.7260482294155985,0.258366487245495,2.948043617703656,15.0,0.0,3342.0,4603.0,1.766025641025641,3.550680122860904
68276,0.6239233442139623,0.5801418562632963,0.021442410099269744,0.24366646918836418,0.4864342447459057,0.26989928606573016,0.5285105176493681,0.00047617489794954,0.024306729332737205,0.27408272207677853,3.2223682512115843,5899.0,131.0,6687.0,275109.0,2.3885160240153813,4.312643280577869
68296,0.042974079126875855,0.4519492293744334,0.0014914243102162564,0.18337801608579088,0.4525469168900804,0.3640750670241287,0.4835943325876212,0.002609992542878449,0.7129008202833707,0.24125305126118796,3.015837104072398,4.0,7.0,1912.0,2682.0,1.73868778280543,3.0861678004535147
68298,0.014486578610992756,0.48043708142403946,0.003967129498441485,0.1864406779661017,0.4819643633202955,0.3315949587136028,0.4726551431000283,0.0,0.7840748087276849,0.2608560794044665,2.671744097486672,14.0,0.0,2767.0,3529.0,1.6809160305343511,2.991443240159726
68307,0.4619198457512739,0.5839221021916955,0.003618617621671868,0.2644966050890147,0.49987071566064295,0.23563267925034237,0.5087643582763429,0.00029214527587809576,0.08660115530177279,0.2782084788322023,3.236032547210861,545.0,44.0,13043.0,150610.0,2.1694852379601546,3.7308838798271764
68318,0.03711256117455139,0.19208454206382097,0.0015619576535925027,0.2038659793814433,0.49561855670103094,0.30051546391752576,0.4706699062825408,0.00017355085039916696,0.7334258937868795,0.24340617935192163,3.279268989149058,9.0,1.0,4226.0,5762.0,1.8958810068649885,2.9173235242599405
68320,0.04047131147540984,0.4882943143812709,0.0033505154639175256,0.15655648383581547,0.451507446422085,0.39193606974209955,0.4945876288659794,0.0,0.5878865979381444,0.24937308442463083,2.7868613138686134,13.0,0.0,2281.0,3880.0,1.9079620160701243,3.604626982063946
68322,0.044967880085653104,0.42569124423963134,0.0014619883040935672,0.18487394957983194,0.48179271708683474,0.3333333333333333,0.47855750487329435,0.0004873294346978557,0.7280701754385965,0.24738493723849372,2.8942172073342736,3.0,1.0,1494.0,2052.0,2.0072674418604652,3.1510083620265616
68324,0.022614451185879757,0.5223696390003085,0.0023993601706211675,0.13904694167852064,0.42887624466571833,0.432076813655761,0.4932018128499067,0.0,0.7286057051452945,0.21081235697940504,2.588397790055249,9.0,0.0,2733.0,3751.0,1.9923237962316818,3.811377245508982
68327,0.12514156285390712,0.5133879781420765,0.004086265607264473,0.21970187945560596,0.46759559300064807,0.31270252754374595,0.4953461975028377,0.0009080590238365494,0.3757094211123723,0.2480353634577603,2.6109134045077105,18.0,4.0,1655.0,4405.0,1.8914081145584725,3.6919714745801704
68344,0.021739130434782608,0.37437603993344426,0.0009433962264150943,0.19696969696969696,0.5068870523415978,0.29614325068870523,0.46320754716981133,0.0,0.7122641509433962,0.2613578356304237,2.6666666666666665,2.0,0.0,1510.0,2120.0,1.7471698113207548,3.331902718168813
68368,0.018803418803418803,0.40307101727447214,0.0,0.15902712815715622,0.43966323666978485,0.40130963517305895,0.4851220327649616,0.0,0.7823470411233701,0.24242424242424243,2.5573630136986303,0.0,0.0,2340.0,2991.0,1.7962166809974205,3.500168293503871
68370,0.12814070351758794,0.5106382978723404,0.0,0.23027166882276842,0.4890038809831824,0.2807244501940492,0.48753224419604474,0.0017196904557179708,0.9174548581255374,0.23134328358208955,3.5242424242424244,0.0,2.0,1067.0,1163.0,1.7696969696969698,3.3925476603119584
68377,0.04780733285406183,0.4776475694444444,0.0018165304268846503,0.19396082698585418,0.48639825897714906,0.31964091403699674,0.48428701180744776,0.0005449591280653951,0.6523160762942779,0.2686046511627907,2.9617662897145935,10.0,3.0,3591.0,5505.0,2.1248654467168997,3.230150018294914
68385,0.023052820053715308,0.49682320441988953,0.014397055639748864,0.19683626875407698,0.49445531637312456,0.30870841487279843,0.48311322797142237,0.0003247456159341849,0.5716605325828101,0.26530851188385435,2.8783910196445275,133.0,3.0,5281.0,9238.0,1.8570090540118638,3.59376022690084
68397,0.022532188841201718,0.5580224985198342,0.0017548257708698922,0.14334941419710545,0.4651964162646451,0.39145416953824946,0.4738029581348709,0.0,0.7613436951616946,0.2012728719172633,2.7470709855272224,7.0,0.0,3037.0,3989.0,2.0380359612724757,3.4984848484848485
68406,0.13254371122391426,0.5544726083401472,0.0021497285967646586,0.26462628353100376,0.5084772745363368,0.2268964419326594,0.4855162035792981,0.00021497285967646585,0.4594507443435266,0.2762384059455189,2.9831460674157304,80.0,8.0,17098.0,37214.0,1.8340305711987128,3.366827496476201
68418,0.030960794211677602,0.45176548234517655,0.00024129333226091852,0.23414811229428847,0.513189738625363,0.2526621490803485,0.4795302823131987,8.043111075363951e-05,0.8327032896324298,0.24205933682373473,3.318972437784319,3.0,1.0,10353.0,12433.0,1.878251541968356,3.314443005181347
68425,0.030155642023346304,0.4015748031496063,0.006103286384976526,0.19599723947550035,0.4230503795721187,0.38095238095238093,0.4751173708920188,0.00046948356807511736,0.8539906103286385,0.27921092564491656,2.8174603174603177,13.0,1.0,1819.0,2130.0,1.5632490013315579,3.4449192782526117
68432,0.15265626981108152,0.5103814884302689,0.0014584590625628647,0.2221325902024054,0.4702258726899384,0.3076415371076562,0.521876885938443,0.0005029169181251257,0.13377590022128344,0.3231298175567016,3.0799622225720134,29.0,10.0,2660.0,19884.0,2.066729619137551,3.950717119316448
68444,0.028162911611785094,0.5060399159663865,0.0004445432318292954,0.18416903185115105,0.4799747713654998,0.3358561967833491,0.4721049122027117,0.0002222716159146477,0.6850411202489443,0.22390208783297336,2.9899665551839463,2.0,1.0,3082.0,4499.0,2.0610328638497655,3.268506056527591
68464,0.05872756933115824,0.444702431870952,0.0016724053123462863,0.21703546529251289,0.4599878751136708,0.32297665959381633,0.4938514510575504,0.0005902606984751599,0.59390063944909,0.27978106889890536,3.3103109656301144,17.0,6.0,6037.0,10165.0,1.8857610474631752,3.1372219476025704
68468,0.011725293132328308,0.40765290750225974,0.00280970625798212,0.1739610150790732,0.44501655020228026,0.38102243471864655,0.46998722860791825,0.0,0.8329501915708812,0.24857839155158407,3.1195219123505975,11.0,0.0,3261.0,3915.0,1.550597609561753,3.1530166880616175
68498,0.021806853582554516,0.4047806671920147,0.001102049812651532,0.20135746606334842,0.48577892695539754,0.31286360698125404,0.4668283006391889,0.00022040996253030638,0.8300639188891338,0.2472123368920522,3.071767095463778,5.0,1.0,3766.0,4537.0,2.043360433604336,3.1442542787286065
68500,0.10277111062622736,0.48803601042407013,0.002174557675200158,0.19845360824742267,0.4816723940435281,0.31987399770904923,0.49570030641494517,0.00029653059207274883,0.5558960166057132,0.25518051698355054,2.9712187958883995,22.0,3.0,5624.0,10117.0,1.9932333039129155,3.5927
68502,0.02338957055214724,0.33732415444477704,0.0005056890012642225,0.155848787446505,0.4140513552068474,0.43009985734664763,0.4743362831858407,0.0,0.6993678887484197,0.21560130010834236,2.708965517241379,2.0,0.0,2766.0,3955.0,1.6071674707098553,3.1779078645965892
68522,0.06702898550724638,0.4490566037735849,0.0,0.20229885057471264,0.45977011494252873,0.33793103448275863,0.48922585794094176,0.0,0.656025538707103,0.27858985382631124,2.9975903614457833,0.0,0.0,822.0,1253.0,1.8513189448441247,3.2680577849117176
68524,0.046153846153846156,0.4885755955274672,0.0012160518848804217,0.19907138711549624,0.4724318049912943,0.3284968078932095,0.4900689096068099,0.00040535062829347385,0.6919335224969598,0.2577639751552795,3.0173697270471465,3.0,1.0,1707.0,2467.0,1.886138613861386,3.36319018404908
68533,0.0570446735395189,0.5162233265127156,0.0009652509652509653,0.2325155620651776,0.5034785792749908,0.26400585865983156,0.4768339768339768,0.0,0.7082528957528957,0.2905174678224324,3.255302435192459,4.0,0.0,2935.0,4144.0,2.0007861635220126,3.111056989771067
68547,0.42891198463332647,0.5857101878483878,0.003118945529617278,0.25239983590865583,0.5034869410638588,0.2441132230274853,0.5143020485945689,0.0005081784976973162,0.12405907575035731,0.27712512468136985,3.265518822695627,491.0,80.0,19530.0,157425.0,2.246555293035315,3.9087378017462764
68549,0.08889834113143344,0.48091603053435117,0.0011091393078970719,0.198145285935085,0.49489953632148376,0.30695517774343123,0.4880212954747116,0.0006654835847382431,0.694321206743567,0.26496754027410435,2.776947040498442,5.0,3.0,3130.0,4508.0,1.8079800498753118,3.686757786242438
68572,0.07240456402310184,0.48862760215882806,0.0025425075480692834,0.14995001666111296,0.4346329001443963,0.4154170831944907,0.5020657873828063,0.0002383600826314953,0.5806451612903226,0.24797238999137186,2.7516022099447515,32.0,3.0,7308.0,12586.0,1.9375,3.636569213374253
68573,0.05683717820127048,0.5132425274309497,0.040664626147791864,0.2644686907020873,0.5246679316888045,0.21086337760910817,0.48272846523830343,0.014283632123597144,0.32211047952193556,0.2865544845613462,3.029139072847682,279.0,98.0,2210.0,6861.0,1.9059032401242788,3.141613807346216
68575,0.08021825881586449,0.4935528581628796,0.017098870591204494,0.256254156648079,0.5046810252212616,0.23906481813065944,0.484825541043599,0.0009779796832607736,0.13038677519086378,0.2929836748871136,3.3143036386449185,542.0,31.0,4133.0,31698.0,1.837718838452668,3.3580756887293064
68615,0.06166274670211678,0.5105847018359735,0.0025726272461014804,0.22328783243116027,0.4902329959990586,0.28647917156978114,0.47039499722947836,7.915776141850709e-05,0.547613393493232,0.23612847596464756,3.119035846724351,65.0,2.0,13836.0,25266.0,1.945409429280397,3.3094410483838748
68655,0.10841261892839259,0.5210406925605297,0.012569581612497755,0.2724706153491588,0.5176884074671584,0.2098409771836829,0.491362901777698,0.0012928712515711978,0.2111689710899623,0.2923206278026906,3.142630385487528,350.0,36.0,5880.0,27845.0,1.81166685655691,3.343569639551345
68669,0.06161616161616162,0.39863429438543246,0.0009956440572495332,0.1691874780161801,0.4579669363348575,0.37284558564896236,0.4756689483509645,0.0002489110143123833,0.5861854387056628,0.24063884042410413,2.936741449062155,8.0,2.0,4710.0,8035.0,1.8399705014749264,3.2668935955622795
68673,0.02693310165073849,0.45770717045942466,0.0003695491500369549,0.17380352644836272,0.4780856423173804,0.3481108312342569,0.45934959349593496,0.0,0.7564671101256467,0.2109984399375975,2.8746014877789587,1.0,0.0,2047.0,2706.0,1.9363057324840764,3.3013392857142856
68679,0.3260340632603406,0.5640511964385087,0.001974875198858961,0.23591057289240802,0.48519898566475184,0.27889044144284014,0.5218973430614223,0.0006400058514820707,0.11622506262914403,0.28561395059498723,2.9224864864864863,108.0,35.0,6356.0,54687.0,2.178743699528481,4.110952266018083
68682,0.03243670886075949,0.4616265750286369,0.0018458698661744347,0.1762322754895341,0.43889264010803514,0.3848750844024308,0.47992616520535303,0.0,0.6437471158283341,0.2512266928361138,2.8931909212283045,4.0,0.0,1395.0,2167.0,1.7282463186077643,3.288506281991624
68684,0.0366412213740458,0.4635327635327635,0.000963159162051529,0.21283899759697905,0.4212152420185376,0.36594576038448334,0.4818203708162774,0.0,0.7240549000722369,0.2722351121423047,3.223088923556942,4.0,0.0,3007.0,4153.0,1.8503507404520654,3.461763273258646
68686,0.02679343128781331,0.5064872657376261,0.0016440608302507192,0.19107142857142856,0.44345238095238093,0.36547619047619045,0.4665022605836416,0.0,0.7414714344430744,0.27750773309765797,2.992619926199262,4.0,0.0,1804.0,2433.0,1.8437884378843787,3.4917081260364844
68689,0.04787633198259043,0.5097957133288681,0.0024467325925170763,0.2285539528008563,0.49798664559865435,0.2734594016004893,0.4763992252013457,0.00023787677982804907,0.5190811159819214,0.24960308459968247,2.761136712749616,72.0,7.0,15275.0,29427.0,1.8544090777959419,3.3091066782307026
68705,0.03423236514522822,0.38847780126849896,0.001786511835640911,0.21229773462783172,0.4880258899676375,0.29967637540453074,0.45422063421170167,0.0,0.9088878963823135,0.2270973963355834,3.0053691275167784,4.0,0.0,2035.0,2239.0,1.8496644295302014,3.1112612612612613
68720,0.02869097429766886,0.5033009708737864,0.0006317119393556538,0.22491349480968859,0.5279288185862581,0.24715768660405338,0.47220467466835125,0.0,0.5540113708149084,0.25840768702814,2.8649138712601996,2.0,0.0,1754.0,3166.0,1.8300180831826403,3.2624563630593464
68745,0.060804769001490316,0.4466274752475248,0.00204029584289722,0.20593833269889608,0.4942900647125999,0.299771602588504,0.46582504463147156,0.0014027033919918389,0.708875286916603,0.2506592643997224,3.1160642570281123,16.0,11.0,5559.0,7842.0,2.023377670294236,3.3127730660498584
68755,0.35583734149540885,0.5480504540038621,0.0027669433610027667,0.23598527746319367,0.4665911664779162,0.29742355605889015,0.5122845617895123,0.00033336667000033335,0.17338400506717339,0.2845085150881386,3.110240446543581,83.0,10.0,5201.0,29997.0,2.315926327193933,4.000411141946757
68770,0.035080478745357,0.512684694730973,0.002166229620339756,0.16415491816561334,0.44968400583373846,0.3861610760006482,0.4909360392201573,0.00011401208528103979,0.5665260517614867,0.2359578121167525,2.6522003034901367,19.0,1.0,4969.0,8771.0,1.9067152841081738,3.450317368724755
68773,0.027982326951399118,0.4443582784024816,0.0016545334215751159,0.17098571082586583,0.4650036328408816,0.3640106563332526,0.4824619457313038,0.0,0.7308074123097287,0.24344900849858356,3.019,10.0,0.0,4417.0,6044.0,1.926463231615808,3.197295943915874
68780,0.01879927228623408,0.47182359117955897,0.0017045454545454545,0.20303527481542247,0.45980311730926987,0.33716160787530763,0.48125,0.0,0.7028409090909091,0.24523663183773817,3.148479427549195,6.0,0.0,2474.0,3520.0,2.0053811659192826,3.194764096662831
68820,0.02454780361757106,0.5531370038412292,0.0,0.2367420004475274,0.4882524054598344,0.2750055940926382,0.46377245508982035,0.0001497005988023952,0.7561377245508982,0.22896440129449838,3.1554085970713275,0.0,1.0,5051.0,6680.0,2.11725768321513,2.977207547169811
68855,0.07870593915982617,0.48223670380491906,0.0033640226628895184,0.22022125032158477,0.48983792127604836,0.28994082840236685,0.4934490084985836,0.0,0.5894121813031161,0.25181922635005743,3.1570709893795414,19.0,0.0,3329.0,5648.0,2.152295632698768,3.5158120421654457
68861,0.15085727009574704,0.5097025405336397,0.0019095788604459125,0.22277444818009062,0.4464259611167958,0.3307995907031136,0.47558835672997524,0.0002580511973575557,0.34676919900908343,0.26835664335664333,2.6976812444966245,37.0,5.0,6719.0,19376.0,1.9340675477239353,3.9286088139851354
68867,0.09375,0.41797432239657634,0.0,0.22062350119904076,0.4980015987210232,0.28137490007993604,0.489216799091941,0.0005675368898978433,0.5981838819523269,0.2558983666061706,3.053726169844021,0.0,1.0,1054.0,1762.0,2.11013986013986,3.3293241695303553
68872,0.12075741336191496,0.5010695187165776,0.00385871178391214,0.1917808219178082,0.45669125395152793,0.35152792413066386,0.5129118432769367,0.0,0.3400118729593351,0.257202304737516,3.142523364485981,26.0,0.0,2291.0,6738.0,1.924766355140187,3.2673178061607815
68895,0.21062271062271062,0.5094704825107148,0.0025564076914527064,0.16688311688311688,0.45227272727272727,0.3808441558441558,0.5135045015005002,0.00011114816049794375,0.29076358786262085,0.2576456310679612,3.068535825545171,23.0,1.0,2616.0,8997.0,2.1506044905008634,3.29502688172043
70001,0.3035276738923995,0.5141495845888642,0.03335493878858941,0.26221201456243837,0.4900723164962024,0.24771566894135919,0.5156688102191376,0.11373815644777184,0.027801851271930144,0.32408246397613644,3.6233373559483866,9160.0,31235.0,7635.0,274622.0,2.038093460933543,4.109920163133698
70110,0.026881720430107527,0.4402309408214145,0.03977215948835815,0.23943883984867592,0.48455233291298866,0.2760088272383354,0.4992505246327571,0.00299790146897172,0.08613970220845409,0.2966370905904261,3.7528132033008252,398.0,30.0,862.0,10007.0,1.9018427980443775,3.7183977455716586
70124,0.028595458368376788,0.370182365106223,0.015977796114320007,0.27003548268689587,0.4670255720053836,0.26293894530772055,0.47753356837446553,0.011777060985672492,0.24064211236966468,0.30764119601328904,3.4971143756558236,213.0,157.0,3208.0,13331.0,1.7523105360443623,3.811756633119854
70204,0.022821576763485476,0.4082258064516129,0.021658336537229272,0.22863418530351437,0.4712460063897764,0.30011980830670926,0.4748173779315648,0.11559656542355504,0.23888248109701396,0.298915340188759,3.3823146944083224,169.0,902.0,1864.0,7803.0,1.7811550151975684,3.6643347583883923
70215,0.22256739152219662,0.4814508861519976,0.014046721929163527,0.23857236559382988,0.481261167529912,0.2801664668762581,0.5064807837226828,0.040663149962321024,0.049449886963074605,0.3176671191603483,3.5180851632206016,932.0,2698.0,3281.0,66350.0,1.9658646374792348,4.113260769584547
70221,0.06460153561027271,0.48748057330340183,0.2514773857585864,0.32398994780591533,0.4886912816547458,0.18731877053933887,0.4373061845415716,0.20326487625065823,0.16886080393189398,0.3080797022115174,3.1392116182572614,4298.0,3474.0,2886.0,17091.0,1.6533996683250414,3.79673442185938
70230,0.014901960784313726,0.2395715896279594,0.15096045197740113,0.23485915492957746,0.46901408450704224,0.2961267605633803,0.4662146892655367,0.03615819209039548,0.21966101694915255,0.29784102060843964,3.827854671280277,668.0,160.0,972.0,4425.0,1.788695652173913,3.8404012767897857
70233,0.01126126126126126,0.2739856154159316,0.0025546699366441857,0.22787042976266839,0.46856959589480435,0.30355997434252724,0.4822194972409565,0.1123032904148784,0.07980788882076435,0.28291694800810263,3.640625,25.0,1099.0,781.0,9786.0,1.6888556469708302,3.8806324927656055
70235,0.020145589977992213,0.4381170775208612,0.016601610751519343,0.2585186370180771,0.4739241721324588,0.2675571908494641,0.48846286871881023,0.07628835416769603,0.1898809229705025,0.31909904013961604,3.3636363636363638,336.0,1544.0,3843.0,20239.0,1.7188227469238444,3.6746335403726706
70265,0.015869565217391305,0.40112853705086715,0.0029453195031374055,0.25817744229296574,0.48856799037304455,0.2532545673339897,0.4790626200537841,0.0018568318606735819,0.4480727365859905,0.3231789969322965,3.675688397269946,46.0,29.0,6998.0,15618.0,1.8186101295641932,3.362270235407933
70400,0.034589252625077206,0.37565180376715973,0.0010425716768027802,0.2398538961038961,0.46076839826839827,0.2993777056277056,0.4782797567332754,0.09574283231972198,0.39209383145091226,0.32008684160845763,3.561262376237624,12.0,1102.0,4513.0,11510.0,1.871786930938371,3.7568112133158125
70418,0.05538715899696886,0.47132667617689017,0.015116119279923046,0.24221112595822492,0.4775300654054434,0.2802588086363317,0.4886629105400577,0.016581924785854976,0.1902798772387889,0.28287953380890185,3.3846511627906977,330.0,362.0,4154.0,21831.0,1.7952425373134329,3.8758272781968808
70429,0.02366285323164173,0.41737051792828683,0.0030041076574091104,0.23794051487128218,0.4883779055236191,0.2736815796050987,0.4780516216050518,0.030470234810863833,0.5055177487585065,0.2784930529605598,3.547026204197021,98.0,994.0,16491.0,32622.0,1.876158290635561,3.4907510517198714
70473,0.1362162162162162,0.480141294046696,0.008990738862975732,0.2503646593040217,0.4948947697436966,0.25474057095228175,0.49705941999594405,0.036300953153518556,0.19367268302575544,0.2818986682538502,3.7611902339776195,133.0,537.0,2865.0,14793.0,1.884468247895945,3.7914277914277914
70508,0.02318763326226013,0.4500733385986686,0.024571122230164402,0.23145990404386566,0.4686771761480466,0.2998629198080877,0.48463187991422446,0.04614903502501787,0.12741243745532524,0.32105696171901466,3.483348895113601,550.0,1033.0,2852.0,22384.0,1.738255033557047,3.9376686454398273
70523,0.020307513780098638,0.37642857142857145,0.007499601085048668,0.3118466898954704,0.45899222728491024,0.22916108281961942,0.48180947821924364,0.803733843944471,0.2544279559597894,0.3789269325803036,3.6214966772609074,94.0,10074.0,3189.0,12534.0,1.782570932252461,3.838193942315417
70670,0.06495828367103695,0.4385611510791367,0.009637582087545105,0.28018419916534754,0.48136422506835513,0.2384515757662973,0.4918752941703835,0.41764349911468723,0.29069637133827914,0.3094227923038974,3.913085423609893,430.0,18634.0,12970.0,44617.0,1.771117166212534,3.7168960072185877
70678,0.008343668959296426,0.436534051251371,0.16694759123515346,0.25702965235173825,0.4753323108384458,0.26763803680981596,0.47375641879973346,0.06714750499784407,0.23907334091176355,0.3096354951155485,3.429358784782901,4259.0,1713.0,6099.0,25511.0,1.7848868534482758,3.812917506620815
70702,0.05721518987341772,0.4077210233997997,0.0037210686909280345,0.22090838766714554,0.4859100453088739,0.29318156702398057,0.4865669420257498,0.041527126590756865,0.13135372478975962,0.2816110397946085,3.5960920770877944,50.0,558.0,1765.0,13437.0,1.7760793778492894,3.93754674644727
70708,0.053462940461725394,0.4449759603710359,0.23942632170978628,0.25006160670280925,0.476004189255791,0.27393420404139973,0.5008811398575178,0.22879640044994376,0.1424821897262842,0.31396115944419245,3.5767476184086946,12771.0,12204.0,7600.0,53340.0,1.8581517352703794,3.6859427752315206
70713,0.024837185544630314,0.4186606800635164,0.8877836169502836,0.24921511313196926,0.4670347515427087,0.28375013532532206,0.48976059392726057,0.0729270937604271,0.10842092092092093,0.3252806134232528,3.834319526627219,42571.0,3497.0,5199.0,47952.0,1.9817890092258323,3.6832451943255267
70717,0.04185960363030191,0.4305525460455038,0.09606744689111986,0.228067169294037,0.464273474982865,0.307659355723098,0.4939264518276111,0.04697986577181208,0.14515502801042765,0.29236060825488774,3.536226192813666,1732.0,847.0,2617.0,18029.0,1.8052279874213837,3.718960807269889
70742,0.08334232969880169,0.4654342548025727,0.016562872664634954,0.22967032967032966,0.4555944055944056,0.31473526473526475,0.4948655094739632,0.027295614151318405,0.08705445872532132,0.26994263448425154,3.498435508170124,500.0,824.0,2628.0,30188.0,1.74581589958159,3.655734975861495
70771,0.020369191597708464,0.4138832413592797,0.002461307413124192,0.21972681901759916,0.4658523771998949,0.3144208037825059,0.4600141838054316,0.02707438154436611,0.47711818447290477,0.28930903776773076,3.1876329787234043,59.0,649.0,11437.0,23971.0,1.8421683537559936,3.6679246865433806
70820,0.1268450623750119,0.5021691118472945,0.6457578408096963,0.2615024429967427,0.48865024429967424,0.24984731270358307,0.5060289891290766,0.10283643633637386,0.06725602898912908,0.3171313914066284,3.5831654354152676,20672.0,3292.0,2153.0,32012.0,1.827717879604672,3.543527416619559
70823,0.0197523122746512,0.46438994101210807,0.10727299955074128,0.2466619817287421,0.4758335285390802,0.27750448973217773,0.4900414316377976,0.361503519193331,0.15249837767683322,0.3217883788052061,3.733320909429743,2149.0,7242.0,3055.0,20033.0,1.9192969192969194,3.784121723410666
73001,0.45650376561490014,0.5431729740247105,0.0044039577699396424,0.23406641105404036,0.4629241119872676,0.303009476958692,0.5220777093827269,0.006073666928973449,0.04845152450837451,0.2785992013795545,2.8325660327598166,2205.0,3041.0,24259.0,500686.0,2.1300578368331737,4.221597600040678
73024,0.07453683757001292,0.47521613832853027,0.0012221950623319481,0.16126809097174363,0.4183321847002068,0.4203997243280496,0.47983378147152284,0.0,0.4199462234172574,0.2355857031046178,2.6119307248236048,5.0,0.0,1718.0,4091.0,1.8220937700706488,3.3874629812438304
73026,0.05052151238591916,0.4697674418604651,0.0014898688915375446,0.19591659426585578,0.4650304083405734,0.3390529973935708,0.4922526817640048,0.0013408820023837903,0.4293802145411204,0.24402757736091069,2.9335664335664338,10.0,9.0,2882.0,6712.0,1.869775626924769,3.357336139506915
73030,0.06506099468251486,0.4634146341463415,0.004291845493562232,0.18807540552389304,0.42941692240245505,0.3825076720736519,0.48865726548129984,0.00015328019619865113,0.17427958307786634,0.22567321989096317,2.6770619614279854,28.0,1.0,1137.0,6524.0,1.602137279079326,3.283614420547733
73043,0.019291587602783048,0.4730077120822622,0.0014364063724209976,0.22169323121506934,0.4885116953011799,0.2897950734837508,0.4695743013841734,0.0006529119874640898,0.7910681640114913,0.26700898587933247,3.294704861111111,11.0,5.0,6058.0,7658.0,1.990443092962641,3.188478232276733
73055,0.10391959798994975,0.47719594594594594,0.003234265734265734,0.18528138528138527,0.43722943722943725,0.3774891774891775,0.4932692307692308,0.0006993006993006993,0.21555944055944057,0.22978964248655787,2.7357487922705315,37.0,8.0,2466.0,11440.0,1.7634694370620922,3.4911863211704564
73067,0.02680895366996356,0.44802449336637995,0.011295717497395405,0.23570776255707762,0.4784474885844749,0.28584474885844746,0.47507813785162034,0.07797335088007896,0.6312441739321161,0.2778114396509937,3.226709174636911,206.0,1422.0,11512.0,18237.0,1.867057152999645,3.0773480662983426
73124,0.0848414411422879,0.5356993153555959,0.0014443353168871686,0.24083498662986286,0.46916242560165616,0.290002587768481,0.48223467560228783,0.0016176555549136287,0.39597897047778613,0.2569505598188451,3.1127141568981065,25.0,28.0,6854.0,17309.0,2.0929475587703434,3.2788819153881916
73148,0.0842911877394636,0.5197186636523486,0.0031110650212589444,0.21044117647058824,0.4636764705882353,0.32588235294117646,0.500155553251063,0.0003111065021258944,0.217048636316499,0.24152164212405175,2.7492136116671433,30.0,3.0,2093.0,9643.0,1.7464183381088825,3.5581637976004172
73152,0.045134575569358175,0.4947575360419397,0.000363901018922853,0.19631057268722468,0.4834801762114537,0.3202092511013216,0.46179039301310043,0.000363901018922853,0.6750363901018923,0.22364029059493423,2.8476683937823832,2.0,2.0,3710.0,5496.0,1.967758710348414,3.2102564102564104
73168,0.12256369845022327,0.5136581656527843,0.004703733302888457,0.23316788951230039,0.45978995827938424,0.3070421522083154,0.4930243178445028,0.03427331887201735,0.34483388514670626,0.29672035213596926,2.8790967226219024,206.0,1501.0,15102.0,43795.0,1.9678067063784217,3.4176176641487506
73200,0.04553734061930783,0.4562700964630225,0.0016010673782521682,0.18370454978107748,0.4446982676565772,0.3715971825623453,0.48819212808539025,0.012541694462975317,0.48899266177451634,0.2712469647193258,2.8293695734239335,12.0,94.0,3665.0,7495.0,1.649546827794562,3.5703386427519743
73217,0.02376948088350712,0.3829249982938647,0.0026843518079898944,0.1986318305447952,0.42462705019368663,0.37674111926151815,0.4859203115953471,0.4896047160376862,0.7118795726090847,0.24113434545975365,2.828916021441334,51.0,9302.0,13525.0,18999.0,1.7314302794798984,3.368314618700442
73226,0.03517709849587579,0.4960385272642535,0.0007729966503478485,0.15112116073110984,0.4266063689466742,0.42227247032221593,0.474491110538521,0.025380056686421026,0.5334965215150734,0.2470962389380531,2.672865013774105,6.0,197.0,4141.0,7762.0,1.8047010024196335,3.294628956927867
73236,0.04358830146231721,0.5159477772269047,0.000962331591971405,0.18086370839936608,0.4294770206022187,0.38965927099841524,0.4769040417926863,0.00013747594171020073,0.5230959582073137,0.22435992304277047,2.313475629181268,7.0,1.0,3805.0,7274.0,1.6498563676986913,3.2526769573077456
73268,0.2990042911302754,0.5128242389014023,0.003618551696747716,0.2185298748653352,0.45953841054114525,0.3219317145935195,0.5071562008149096,0.006310401129694188,0.16760072371033935,0.2381036305956997,2.9666563617895156,246.0,429.0,11394.0,67983.0,2.002174877940524,3.792189596064987
73270,0.05278984296692282,0.507227813357731,0.001058681185722928,0.17879053461875546,0.4410604732690622,0.3801489921121823,0.4789776164549304,0.0009074410163339383,0.6861766485178463,0.2452311671516327,2.965022421524664,7.0,6.0,4537.0,6612.0,2.001799370220423,3.477559713981439
73275,0.13726401394133023,0.5254100202201752,0.002817004463305773,0.2137364649265052,0.46126484281006436,0.3249986922634305,0.507133972342138,0.0011341186800321943,0.08622960415599619,0.2521903859815297,2.9735409407665507,77.0,31.0,2357.0,27334.0,1.9479496992892291,3.695735576213664
73283,0.08643114103864957,0.5187631468237274,0.0007261410788381743,0.2090326518156851,0.4745702370053911,0.31639711117892383,0.4857192254495159,0.00048409405255878286,0.42206085753803596,0.24672505427052924,2.835073891625616,21.0,14.0,12206.0,28920.0,2.0020767405063293,3.3937809384368682
73319,0.06721546710973492,0.45087297520986874,0.0024904967885699307,0.1815467860807911,0.44178561432969493,0.37666759958951396,0.5040962118233058,0.005964084414733254,0.38943505046532967,0.236668791162099,2.7651397869046535,76.0,182.0,11884.0,30516.0,1.6630424851530379,3.4964221824686943
73347,0.0990660440293529,0.37330478229835834,0.000628140703517588,0.19324448529411764,0.46829044117647056,0.33846507352941174,0.4806846733668342,0.0,0.5163316582914573,0.24019443513241703,2.940822931114193,4.0,0.0,3288.0,6368.0,2.028201571890892,3.2533564997630706
73349,0.1457579412947326,0.5194105355768174,0.004954268292682927,0.1898188595724853,0.42460248121614536,0.3855786592113693,0.5094850948509485,0.0004657859078590786,0.022781165311653116,0.23402348724237138,2.79623940027037,117.0,11.0,538.0,23616.0,1.9509718955057571,3.7327604818860918
73352,0.05173841059602649,0.49157881982309465,0.002187531072884558,0.17913864644441266,0.4263843182143368,0.39447703534125056,0.48006363726757484,0.0012926319976136024,0.6041563090384806,0.2556756756756757,2.700676589986468,22.0,13.0,6076.0,10057.0,1.7794594594594595,3.508937537658164
73408,0.08309178743961353,0.4979318214234774,0.0038632638726293607,0.20753618366328397,0.4349525869239727,0.3575112294127433,0.509482556778272,0.0014633575275111216,0.11057129477874034,0.25345035934618076,2.9321008984105044,66.0,25.0,1889.0,17084.0,1.9663952884115712,3.625349265798704
73411,0.1354003697909259,0.5035445601851852,0.002405147014611268,0.18004813891515517,0.433164274047967,0.3867875870368778,0.5057422884973845,0.001623474234862606,0.28846732006493897,0.2441129531316158,2.867631670735961,80.0,54.0,9595.0,33262.0,2.1174156321035147,3.664783084214364
73443,0.15338809034907597,0.5187627513844361,0.0033038690044921025,0.20714849101249533,0.46465191581219645,0.3281995931753082,0.5106796116504855,0.0022315606433850168,0.18524851470801332,0.2513457686529795,2.9175572519083968,114.0,77.0,6392.0,34505.0,1.9996590521650188,3.521433178912801
73449,0.1756649371289674,0.5705428083463281,0.01245019920318725,0.2452814183314247,0.5081223226025364,0.24659625906603894,0.4928521209280525,0.0014061401453011485,0.14861143660651513,0.26787733867580055,2.5294337926902335,425.0,48.0,5073.0,34136.0,1.8173612155859786,3.7748783856825416
73461,0.03116531165311653,0.4970717423133236,0.0017704337562702863,0.21532846715328466,0.48266423357664234,0.30200729927007297,0.46119799350840956,0.0,0.5033933313661847,0.26883451384417256,3.0107913669064748,6.0,0.0,1706.0,3389.0,1.9946043165467626,3.2519333729922666
73483,0.049864584992830974,0.41823544721089617,0.00279876854184159,0.1697380217153103,0.41229206096224724,0.4179699173224425,0.4991603694374475,0.47600055975370836,0.3888189196753428,0.23972141091889462,2.952223371251293,40.0,6803.0,5557.0,14292.0,1.7925664451827243,3.4852338561537373
73504,0.027645985401459853,0.4270461119618853,0.019416821169728638,0.23580762922596687,0.43024178614888103,0.3339505846251521,0.47867857744817127,0.4971515253665936,0.6943199056126749,0.2745442565341533,3.025499796001632,576.0,14748.0,20597.0,29665.0,1.7061897929903669,3.2631507315413404
73520,0.047104710471047105,0.4609364272964438,0.0010857763300760044,0.20912106135986733,0.4595356550580431,0.33134328358208953,0.48023887079261673,0.00010857763300760044,0.6358306188925081,0.25966197848954026,3.1272974812797822,10.0,1.0,5856.0,9210.0,1.9210347174948945,3.1990806610484843
73547,0.08850289495450786,0.48355045263855156,0.004843918191603875,0.21136538956029827,0.44613011056826946,0.3425044998714322,0.4738069608898457,0.001973448152134912,0.42859705776820956,0.23518016272762496,2.5833333333333335,27.0,11.0,2389.0,5574.0,1.7842401500938085,3.4195664055383492
73555,0.054093373892342284,0.5233970888969085,0.0023658208470566404,0.27145247390646166,0.4968528404111226,0.23169468568241575,0.4783133089019808,0.07681959456325092,0.5740594702416848,0.2939742791951877,3.3975351556328013,51.0,1656.0,12375.0,21557.0,2.0229830401014426,3.078390029050698
73563,0.06002691790040377,0.4710418633931382,0.0021538071709109336,0.1761638733705773,0.4554934823091248,0.36834264432029795,0.48663372608640565,0.04307614341821867,0.5009502090459901,0.2512946306895612,2.9168514412416853,17.0,340.0,3954.0,7893.0,1.7643359230484648,3.4622653556378498
73585,0.08911557000336286,0.46854349110836513,0.0016312494489022131,0.17741126301266774,0.4494544086291233,0.373134328358209,0.5023807424389384,0.06313376245480998,0.3426064720924081,0.24086330935251798,2.9714247916391057,37.0,1432.0,7771.0,22682.0,1.7484101748807632,3.514219591437091
73616,0.03636613146699602,0.49273844435134756,0.0022001047668936615,0.2718508412914961,0.4882219190541155,0.23992723965438836,0.47097957045573596,0.05212152959664746,0.6604504976427449,0.28945825515947465,3.3624338624338623,42.0,995.0,12608.0,19090.0,1.9945103594829112,3.177911519374934
73622,0.01923979352416706,0.5175059952038369,0.0021313698895562877,0.238954573739888,0.4956440572495333,0.2654013690105787,0.46890137570238327,0.006781631466770006,0.5847703933346251,0.28228742771471405,2.9320667818077144,11.0,35.0,3018.0,5161.0,1.8815028901734103,3.098610839366073
73624,0.07771954493161191,0.500986923266716,0.0028684470820969335,0.22893258426966293,0.45786516853932585,0.31320224719101125,0.4830860534124629,0.005934718100890208,0.4671612265084075,0.2675018819227874,3.0790315212425767,58.0,120.0,9446.0,20220.0,1.91320293398533,3.161725741138829
73671,0.047495361781076065,0.45564719744150817,0.0008511241932051918,0.19077589764754438,0.46182418489475857,0.34739991745769705,0.5064898219731896,0.06411802255479113,0.31073125753599545,0.23569254185692542,3.033397974574445,12.0,904.0,4381.0,14099.0,1.6328074346228658,3.3828175255521407
73675,0.044629510997224,0.43731150366221455,0.0026055237102657635,0.21522014348009566,0.4757349838233225,0.3090448726965818,0.4768108389786347,0.14139308667708878,0.5647038388049331,0.2881742935971839,3.216026898290838,30.0,1628.0,6502.0,11514.0,1.9170171012054948,3.220967883083924
73678,0.03725031491812129,0.4299111067695614,0.0034599225636378615,0.17074598899168522,0.4251083265019323,0.4041456845063825,0.49032045473267977,0.005189883845456792,0.48455391712661666,0.23083669531661113,2.8184351056419783,42.0,63.0,5882.0,12139.0,1.7352801519468186,3.604674291397315
73686,0.053353658536585365,0.5128144280968201,0.0015600624024961,0.19788838612368023,0.48687782805429863,0.3152337858220211,0.46450858034321374,0.0,0.5528471138845554,0.26142949130714743,2.9722057953873446,8.0,0.0,2835.0,5128.0,2.227488151658768,3.1801096319498825
73770,0.06524547803617571,0.43083822007588823,0.004352872896111433,0.17810392701309005,0.421658072193574,0.400238000793336,0.4846198491004063,0.0011607661056297156,0.463435867672664,0.25007718431614695,2.690085870413739,15.0,4.0,1597.0,3446.0,1.8078125,3.5672823218997363
73854,0.033602722245852826,0.4415688367129136,0.0019991115059973343,0.1753205128205128,0.441025641025641,0.3836538461538462,0.48600621945801864,0.000444247001332741,0.5453131941359396,0.23734853884533144,2.4668493150684934,9.0,2.0,2455.0,4502.0,1.7284695556774547,3.6252236135957068
73861,0.08895233911706567,0.48921294446664004,0.001153497569415836,0.18946991404011462,0.44293218720152816,0.3675978987583572,0.48759990112877977,0.0010711048858861334,0.2588778116503255,0.22576926487541013,3.0201944652206434,14.0,13.0,3142.0,12137.0,1.840319361277445,3.4414646296911324
73870,0.048426150121065374,0.4927054745052723,0.0004689331770222743,0.18772178850248403,0.47888573456352024,0.33339247693399576,0.47338804220398595,0.0008206330597889801,0.6452520515826494,0.2428444218292838,2.888135593220339,4.0,7.0,5504.0,8530.0,1.9989809782608696,3.0798110979929163
73873,0.02255054432348367,0.5461077844311377,0.0009958175662218682,0.16460074949553186,0.4176996252522341,0.4176996252522341,0.46863174666401114,0.0005974905397331209,0.579964150567616,0.23250322026620868,2.610850286906625,5.0,3.0,2912.0,5021.0,1.7052356020942407,3.356
76001,0.6178215011786784,0.5865378496352507,0.14414255769339432,0.2305623514942667,0.4677077539255413,0.301729894580192,0.5321375260646816,0.00515560909752703,0.004927946001605162,0.2466598812954536,2.9603792271636737,262753.0,9398.0,8983.0,1822869.0,2.2035146823445033,4.297951017246231
76020,0.1118792068400946,0.4921578178275694,0.011406532086000329,0.2116796829467304,0.4497027625597389,0.3386175544935307,0.499507631708518,0.02117183653372723,0.206794682422452,0.23948248547790882,2.8765665641995746,139.0,258.0,2520.0,12186.0,1.9348495617152333,3.4535248472841342
76036,0.222899377593361,0.46671683656016966,0.599602911978822,0.20945487446279124,0.4572117922038754,0.3333333333333333,0.5157180675049636,0.00011030222810500772,0.12756452680344144,0.2598796744131178,2.596674788591085,10872.0,2.0,2313.0,18132.0,2.064349324906636,3.6678903164803383
76041,0.08372467462766671,0.5023796520246547,0.01053101863671177,0.22149837133550487,0.46402978129362493,0.3144718473708702,0.4958514169006893,0.012956344140924177,0.23308654582588717,0.23917525773195877,2.7676392572944297,165.0,203.0,3652.0,15668.0,1.9439616953360526,3.3217228946690702
76054,0.09246088193456614,0.5218314845409487,0.011381789137380192,0.20247339660626978,0.43284440609721025,0.36468219729651996,0.4716453674121406,0.06429712460063898,0.430111821086262,0.2335112059765208,2.8617142857142857,57.0,322.0,2154.0,5008.0,1.8117848970251715,3.5613893376413572
76100,0.07497921862011638,0.4925333568967041,0.0058764511967894515,0.1980934422794888,0.4484600879949717,0.3534464697255395,0.4967034542066791,0.11996560126128708,0.3912139888204099,0.24230527638190955,2.9236432477913334,82.0,1674.0,5459.0,13954.0,2.174216765453006,3.5353086779266163
76109,0.21343497909363518,0.5092662355064952,0.8524753816092399,0.28472442543687104,0.4886292973261082,0.22664627723702077,0.5258952581787227,0.015163767919673431,0.08042717019094972,0.3560408136738806,3.45793348497288,220318.0,3919.0,20786.0,258445.0,2.2537507447327085,3.633496611420519
76111,0.5182763452225855,0.5467611107113117,0.021006553215738077,0.21578688984477276,0.458025528333645,0.3261875818215822,0.5217447613127153,0.001036081539617168,0.039198418248849516,0.26113773351802627,2.901569295724496,2433.0,120.0,4540.0,115821.0,2.1720441086379414,4.022424936809607
76113,0.2366497336141742,0.47949594190516875,0.016052965717395246,0.2057446144239775,0.45201373712144866,0.34224164845457383,0.506847451478324,0.021948122619263558,0.250226736803918,0.23723506743737957,3.0407177363699103,354.0,484.0,5518.0,22052.0,2.113658334484187,3.6626528005838352
76122,0.2529004681457358,0.524410163339383,0.014796828167090336,0.20725012946659763,0.43412739513205595,0.35862247540134645,0.5033577417763782,0.006715483552756384,0.13628258147740638,0.22990235964198535,2.717271498388271,390.0,177.0,3592.0,26357.0,1.9794577685088635,3.688483178321277
76126,0.12276092667781227,0.538399293806091,0.017067397533325028,0.21497751643030094,0.47552749913524733,0.3094949844344517,0.5024293011087579,0.009281176030895727,0.3126946555375607,0.2360972360972361,2.840219897144884,274.0,149.0,5020.0,16054.0,1.9334161931818181,3.464093244767515
76130,0.43456375838926176,0.5361273104675299,0.22690495033132138,0.24220563432025782,0.49955747040061455,0.25823689527912763,0.5153966997791191,0.005504305406267349,0.0729261407259541,0.25097889165231807,3.2710757218507207,19210.0,466.0,6174.0,84661.0,2.2670693686671863,3.674836016696482
76147,0.41813144187077467,0.5405534779356769,0.023164398205432524,0.2106998029043293,0.4471692983847217,0.342130898710949,0.5329326700504196,0.002819794112943276,0.019982660370529363,0.23469922637553323,2.8806468235467326,2752.0,335.0,2374.0,118803.0,2.230589450895493,3.9192084333861272
76233,0.09726161141847599,0.5175046385010798,0.18951216437665447,0.21494795921992113,0.45884693261340626,0.3262051081666726,0.4971889575192235,0.021807638976427582,0.4629774360267238,0.24064272724805255,2.779144121987211,7517.0,865.0,18364.0,39665.0,1.9476461895714587,3.325648781231731
76243,0.06929046563192905,0.4912621359223301,0.007709995942107399,0.19177812745869394,0.4860346184107002,0.32218725413060584,0.4755850128499932,0.016772622751251184,0.5271202488840795,0.254131632357205,2.9826051779935274,57.0,124.0,3897.0,7393.0,1.9372977346278317,3.383615973741794
76246,0.07020232985898221,0.5471626494591004,0.02557048066030102,0.18870967741935485,0.44423963133640554,0.3670506912442396,0.4592976209742677,0.027350703997410585,0.4929600258941576,0.2774395547051661,2.8806526806526804,158.0,169.0,3046.0,6179.0,1.977591036414566,3.2832379394930498
76248,0.35900816388621265,0.501555882098712,0.2405386881055147,0.2241312890053163,0.47589696175873847,0.2999717492359452,0.519385732545431,0.002482262934627568,0.0813589463349573,0.2842733960920813,3.055813689936537,12985.0,134.0,4392.0,53983.0,2.1094956837801,3.694350735280413
76250,0.07671641791044777,0.5165390726563629,0.005755902736990485,0.22505270555165144,0.4546732255797611,0.3202740688685875,0.5088687889110772,0.10207917302948431,0.3297309996475978,0.2548518896833504,2.915579958819492,49.0,869.0,2807.0,8513.0,1.863150637711134,3.5764119601328903
76275,0.22045669788487846,0.4936147186147186,0.09985795192502814,0.24223684210526317,0.4764736842105263,0.28128947368421053,0.5133654325087166,0.09454498496504142,0.10592727876473518,0.26840332805071315,3.146630289661578,5413.0,5125.0,5742.0,54207.0,2.1407942238267146,3.6759989582558226
76306,0.2231578947368421,0.5372012811037201,0.010488226965231528,0.2117221418234443,0.4670767004341534,0.3212011577424023,0.5064764801510304,0.012795636897582464,0.21742094498924958,0.23546544191777752,2.885235920852359,200.0,244.0,4146.0,19069.0,2.0823690621193665,3.533755942947702
76318,0.27238839894535866,0.4917057409669412,0.3109496284062758,0.22647601476014761,0.4690959409594096,0.3044280442804428,0.5156069364161849,0.001981833195706028,0.11263418662262593,0.25264285714285717,2.9310344827586206,9414.0,60.0,3410.0,30275.0,2.0925510104461584,3.759310690982098
76364,0.40371133275513155,0.5784392444750325,0.27909958575482147,0.23060270085649728,0.5080762965687562,0.26132100257474644,0.5149993171782772,0.013937150053867047,0.0964751225285647,0.2608273122913762,3.0461505283588526,36787.0,1837.0,12716.0,131806.0,2.215797575524341,4.111720545426689
76377,0.1451075083362079,0.5365296803652968,0.01847969562854259,0.18070930709307093,0.4254817548175482,0.3938089380893809,0.4934389315940679,0.007686932215234102,0.5573414084944484,0.20543532132826697,2.7018097643097643,238.0,99.0,7178.0,12879.0,1.8128814986318669,3.643220007815553
76400,0.1448662640207075,0.5315780906649304,0.007281883762079761,0.21349322506019547,0.4604598460884755,0.326046928851329,0.5288212876003812,0.0027902545256567306,0.08166598611678236,0.24792516016307514,2.823207075562392,214.0,82.0,2400.0,29388.0,1.9465317919075145,3.5412916523531432
76403,0.19082489769545552,0.5217438573602957,0.008138903960933261,0.17249698431845598,0.4256936067551267,0.40180940892641737,0.5237836860191717,0.00018086453246518358,0.0913365888949177,0.20576959938662065,2.763572679509632,90.0,2.0,1010.0,11058.0,2.061902365374937,3.658139111434814
76497,0.14837069563207766,0.4768853737328729,0.031267092069279856,0.214808161170281,0.4371872192993712,0.3480046195303477,0.5047402005469462,0.01886964448495898,0.16955332725615316,0.2282619303210696,2.8353579736365986,343.0,207.0,1860.0,10970.0,1.9854583225136329,3.4696011004126546
76520,0.5277739275071037,0.5415003077311534,0.06543044256910806,0.22066292971589363,0.47097620035050636,0.3083608699336,0.5216724711044732,0.0012490004692012344,0.032203065007500614,0.2428532748104657,2.838803647508706,19802.0,378.0,9746.0,302642.0,2.1770396370173786,3.976152034532681
76563,0.21488505355071968,0.481105051506638,0.32019195444526083,0.24371011393631595,0.46647064719836945,0.2898192388653146,0.5202286921381337,0.006222446730345334,0.06176524614254225,0.2806580505130229,3.1571843251088536,13945.0,271.0,2690.0,43552.0,2.0645137721925915,3.615429180571005
76606,0.15930035734436712,0.5391142191142191,0.008270911360799,0.21922484034353668,0.4653160096894957,0.3154591499669676,0.5050717852684145,0.010299625468164793,0.29509987515605496,0.23966181148501592,2.9092975676290065,106.0,132.0,3782.0,12816.0,2.245729902072421,3.4855863639934017
76616,0.08371681415929204,0.4982917663136317,0.02662869348522606,0.2030732148237421,0.4610826554182987,0.33584412975795924,0.49975080099679603,0.0019935920256318974,0.282876468494126,0.23637753152464655,2.6943910872070687,374.0,28.0,3973.0,14045.0,1.8766333589546502,3.444206315187884
76622,0.25007723200494286,0.5002031694433158,0.005464653484111441,0.20522999913696383,0.44981444722533875,0.3449555536376974,0.5247014972518794,0.0036325731252763913,0.11687409185671868,0.24932111337406654,2.986522399392559,173.0,115.0,3700.0,31658.0,2.2292981449607954,3.8557046979865772
76670,0.18010605229475224,0.4845005740528129,0.004207119741100324,0.22169854074141213,0.4797425904105864,0.2985588688480014,0.506084142394822,0.0025889967637540453,0.1687378640776699,0.2598430664537185,3.1763980263157894,65.0,40.0,2607.0,15450.0,2.230404290429043,3.6080878029659633
76736,0.19236692333444927,0.527224565878544,0.0050506421918700955,0.1953519207395676,0.4358218850134433,0.36882619424698904,0.5060146088467701,0.010915904092106335,0.18872023243815678,0.22763001421237347,2.7806770635222517,186.0,402.0,6950.0,36827.0,1.9916825639069058,3.5816259449983567
76823,0.10882997807454654,0.5045844713226687,0.018029939624514102,0.19022379269729092,0.450530035335689,0.35924617196702,0.5164998759407824,0.0036390703829294515,0.14076585890331653,0.22459421312632322,2.8960883129349653,218.0,44.0,1702.0,12091.0,2.143577430972389,3.4485538563829787
76828,0.1082598235765838,0.4985925658607001,0.00725071907957814,0.20084877879785207,0.45513597782781917,0.34401524337432876,0.4973034515819751,0.03865052732502397,0.3338326941514861,0.2511285953824326,3.0503939893714493,121.0,645.0,5571.0,16688.0,2.114290955787929,3.5064284420836604
76834,0.496118750620858,0.5319977103606182,0.04567239619788522,0.22622720897615708,0.46444231195098545,0.30933047907285743,0.5260981304666086,0.002666182230082443,0.05273056598934596,0.2716818069654939,2.8006573392835605,8548.0,499.0,9869.0,187159.0,2.1344381666012024,3.907895020827488
76845,0.0898815931108719,0.513064713064713,0.002477291494632535,0.19750217833284925,0.46529189660180076,0.33720592506534997,0.48142031379025596,0.0006193228736581337,0.37696118909991744,0.2383500557413601,2.913308913308913,12.0,3.0,1826.0,4844.0,1.9750152346130407,3.4921194525093324
76863,0.055795416805048154,0.4743844320889595,0.0032087277394513077,0.19166851318413472,0.4431641923332595,0.3651672944826058,0.5055350553505535,0.02149847585432376,0.30755655382640784,0.20341588385994877,2.785075960679178,20.0,134.0,1917.0,6233.0,2.0313339301700983,3.449184036193246
76869,0.18377587288312774,0.5135255980326403,0.015511796396061676,0.20756880733944955,0.4578236493374108,0.33460754332313963,0.49498420954857886,0.013839866245587962,0.25246145272153075,0.23745154557201073,3.041053227633069,167.0,149.0,2718.0,10766.0,1.9954233409610984,3.528257604205783
76890,0.2154539385847797,0.5232112762371687,0.009853181076672105,0.21418195024514255,0.47167241692391504,0.31414563283094243,0.499836867862969,0.009200652528548124,0.2671451876019576,0.23142044271736867,2.9493646515209857,151.0,141.0,4094.0,15325.0,1.9520046260601387,3.5780778812114855
76892,0.4145749642770483,0.5593732065773386,0.03333333333333333,0.24441084508903013,0.48883636950809567,0.2667527854028742,0.5159722222222223,0.004661195286195286,0.06994949494949496,0.25196618723760594,2.994854310698614,3168.0,443.0,6648.0,95040.0,2.0918655131983397,3.7529389256180776
76895,0.3021596731305532,0.49349625541978714,0.16373941997305747,0.22559691637817195,0.46875334594382384,0.3056497376780042,0.5257097831888773,0.0024400782858450044,0.04631065246676664,0.2672646473458927,2.958292554392833,6442.0,96.0,1822.0,39343.0,2.145284301140225,3.8199666367252663
81001,0.20385250826073897,0.5767553964484458,0.05809731299927379,0.29984426867751324,0.49905741567968526,0.20109831564280153,0.5008252459232851,0.01670297748729121,0.11410840430448274,0.30642474980470763,3.2775777270331985,4400.0,1265.0,8642.0,75735.0,1.9502913650008828,3.814393480979467
81065,0.04808180894308943,0.5007362919758612,0.06602898294601042,0.2935759540297628,0.5061883011639899,0.20023574480624723,0.47543518600335777,0.024984536537951754,0.41053282672086244,0.2996794473573044,3.2266964414349517,2989.0,1131.0,18584.0,45268.0,1.855471289274106,3.2861455282721335
81220,0.13375350140056022,0.3705512909979065,0.013721185510428101,0.27932960893854747,0.4718521701761925,0.24881822088525998,0.4774972557628979,0.013172338090010977,0.2667398463227223,0.2747419550698239,3.1118701964133217,50.0,48.0,972.0,3644.0,1.8929794520547945,3.4705063995548135
81300,0.03854841138382774,0.476430851458689,0.01669334552938486,0.30306592222548734,0.5023018904887844,0.1946321872857283,0.4967413674822776,0.050594557512005485,0.3750857534873085,0.32362958678748155,3.2181313598519887,292.0,885.0,6561.0,17492.0,1.7709923664122138,3.2056544865864938
81591,0.02112251056125528,0.5528375733855186,0.006716238906212521,0.29115853658536583,0.4737042682926829,0.23513719512195122,0.4816502758455265,0.03046294075317822,0.2859198848644759,0.27340823970037453,3.1933744221879814,28.0,127.0,1192.0,4169.0,1.9634809634809636,3.550667325753831
81736,0.08649602824360106,0.5376007379357219,0.0208191513501248,0.29068806075267173,0.5009645711486052,0.2083473680987231,0.5035549504576053,0.02957416231752515,0.1866916269571137,0.31390619041566037,2.860942373994418,1101.0,1564.0,9873.0,52884.0,1.7576908260414947,3.4899368776500834
81794,0.06329696332325489,0.49548272223687684,0.02813127930341594,0.29981094854512574,0.49473943777741247,0.20544961367746178,0.4942571506536677,0.03852546451340825,0.2919302423656074,0.3049088359046283,3.1986356340288924,1134.0,1553.0,11768.0,40311.0,1.9815649653839962,3.337984025882115
85001,0.3268857261120132,0.6041554171132907,0.018631086643473384,0.2874751683705606,0.5426038083240468,0.16992102330539272,0.5031795185482535,0.003351556626014706,0.10689299231563253,0.3138366124893071,2.9090806372641334,2924.0,526.0,16776.0,156942.0,1.9323133368636054,3.899925370712872
85010,0.23786441868633648,0.5784135914424251,0.008672248803827751,0.2750426012066504,0.5215308801179017,0.2034265186754479,0.4972188995215311,0.0014354066985645933,0.19808612440191387,0.31558075511274253,2.75666309101411,290.0,48.0,6624.0,33440.0,1.8132141082960755,3.6590998636156993
85015,0.04304635761589404,0.4482980089916506,0.0024888003982080635,0.24904214559386972,0.503448275862069,0.2475095785440613,0.4808362369337979,0.0,0.3703334992533599,0.27519818799546997,2.6662125340599454,5.0,0.0,744.0,2009.0,1.813753581661891,3.4649033570701935
85125,0.06316767301439852,0.39245655121410083,0.004461551920216954,0.28042903777397793,0.49183895538628947,0.22773200683973263,0.4747616131572041,0.16245297874201733,0.5106289913393404,0.31692087214658615,3.366533864541833,51.0,1857.0,5837.0,11431.0,1.7827306733167083,3.0246485139704573
85136,0.07010309278350516,0.34623655913978496,0.0057049714751426246,0.2650957290132548,0.5169366715758469,0.21796759941089838,0.4612876935615322,0.05378973105134474,0.5077424612876935,0.3597678916827853,2.949748743718593,7.0,66.0,623.0,1227.0,1.8050632911392406,3.482008368200837
85139,0.12848508481185417,0.5342048358561038,0.01429538785644421,0.2697149643705463,0.5225653206650831,0.20771971496437056,0.4801745542096155,0.006921977277857197,0.22707095026709803,0.2776385167257326,2.855967992887308,190.0,92.0,3018.0,13291.0,1.680389552899513,3.3326741709765746
85162,0.1257815908099462,0.5454467501286229,0.010318316698138657,0.2674022893678457,0.512014024956172,0.22058368567598227,0.5029673590504451,0.0016185594820609657,0.18970865929322903,0.30455688711347834,2.699799379901514,153.0,24.0,2813.0,14828.0,1.8054638797213054,3.5157485683119716
85225,0.02338190443917316,0.44594594594594594,0.0021253985122210413,0.2645698427382054,0.4849213691026827,0.25050878815911193,0.458495690164128,0.0007084661707403471,0.7327901759357658,0.27436399217221136,3.1693700490380987,18.0,6.0,6206.0,8469.0,1.7055933484504913,3.171234509056244
85230,0.0449438202247191,0.3911769493732704,0.018914271677720463,0.2769099079820244,0.5048148940723304,0.2182751979456452,0.48563006632277084,0.2796610169491525,0.3177352001965119,0.3409502577678696,3.295143212951432,154.0,2277.0,2587.0,8142.0,1.8190871369294606,3.325
85250,0.06947830326669917,0.5215598759361525,0.008244788945015387,0.28032281034892,0.5019700925706148,0.21770709708046523,0.4925100156767114,0.03750798351042211,0.25614004528827733,0.31097901408913264,3.108100686498856,284.0,1292.0,8823.0,34446.0,1.81225842076201,3.230536103101277
85263,0.10264900662251655,0.43121597096188746,0.005620608899297424,0.28266913809082483,0.49783750386160025,0.21949335804757492,0.4852459016393443,0.0005620608899297424,0.3815456674473068,0.34660690086521423,2.8550414549344745,60.0,6.0,4073.0,10675.0,1.5715820574805264,3.1306451612903228
85279,0.024834437086092714,0.3912175648702595,0.0016038492381716118,0.2485345838218054,0.46658851113716293,0.28487690504103164,0.44346431435445066,0.0,0.6760224538893344,0.25265017667844525,2.5,2.0,0.0,843.0,1247.0,1.6334012219959266,3.5926829268292684
85300,0.07189973614775726,0.4514699959726138,0.005252790544977019,0.20958083832335328,0.5034930139720559,0.2869261477045908,0.49212081418253445,0.0,0.314510833880499,0.2542857142857143,2.5905172413793105,16.0,0.0,958.0,3046.0,1.7136678200692042,3.493373094764745
85315,0.06376811594202898,0.5195402298850574,0.0011940298507462687,0.28205128205128205,0.5029585798816568,0.21499013806706113,0.4853731343283582,0.16716417910447762,0.48835820895522386,0.31809145129224653,2.7369281045751634,2.0,280.0,818.0,1675.0,2.018032786885246,3.5150784077201447
85325,0.046857142857142854,0.4371960422606071,0.006766618017778957,0.2576842105263158,0.5037894736842106,0.2385263157894737,0.478439697492371,0.0014594666312856574,0.5894918402547432,0.26400830121553515,3.2815533980582523,51.0,11.0,4443.0,7537.0,1.9150818222025652,3.0772009633395774
85400,0.025808559294348252,0.47061258278145696,0.008231755580180465,0.2537435338959978,0.4658317451674381,0.2804247209365641,0.46699382618331486,0.029127750514484723,0.7042900110812095,0.2904977375565611,2.9515738498789346,52.0,184.0,4449.0,6317.0,1.6366279069767442,2.9996805111821088
85410,0.1266386661575665,0.537962907388512,0.02095904924224976,0.27837338262476896,0.548170055452865,0.173456561922366,0.4880003685107559,0.0020728730019807452,0.2920908379013312,0.3254333764553687,3.1131909915179876,455.0,45.0,6341.0,21709.0,2.005591524426133,3.4114864225565333
85430,0.05805626598465473,0.5062775330396476,0.004175899096642236,0.28188014768531666,0.5049701789264414,0.21314967338824198,0.4929265382648713,0.0013635588886995057,0.37753536730867565,0.3022877381066335,3.201492537313433,49.0,16.0,4430.0,11734.0,1.802441731409545,3.060775380383392
85440,0.1227763923524522,0.6066501591793421,0.041794055536294006,0.2870533961523361,0.520514330585002,0.19243227326266196,0.49468906609512403,0.005137579979197529,0.17307025561824313,0.28300583623994197,2.6955005528621245,1326.0,163.0,5491.0,31727.0,1.7307790767130302,3.401483320600968
86001,0.22349523963208004,0.5437090227911333,0.036450373797034405,0.2900846170535908,0.5031460186591451,0.20676936428726406,0.5070422535211268,0.1509850894221635,0.20876874148114494,0.32186866501150263,2.5779801681396854,1765.0,7311.0,10109.0,48422.0,1.797473820576487,3.9023640167364015
86219,0.17331363860167406,0.49058823529411766,0.010760953112990008,0.25393644431720586,0.485828800458059,0.26023475522473516,0.5213297463489623,0.3005380476556495,0.14392774788624135,0.30352990911012473,2.5839960238568587,56.0,1564.0,749.0,5204.0,1.5934393638170974,3.592903100019497
86320,0.03985482435116072,0.5105093128066047,0.05641911341393207,0.2889661076698394,0.512615198670494,0.1984186936596666,0.49607611429264004,0.17731721358664365,0.3815410720237554,0.32924404300495436,2.405955188679245,1862.0,5852.0,12592.0,33003.0,1.6288644580535674,3.325579259894096
86568,0.09036556200888282,0.5444245541682717,0.034966378482228624,0.3010598117143018,0.5050735667174023,0.19386662156829584,0.494629290018339,0.08528512793642477,0.33579600034931445,0.31887755102040816,2.7235047730372104,2002.0,4883.0,19226.0,57255.0,1.82778673703758,3.3865779256794233
86569,0.017980636237897647,0.5231276281395613,0.03848228735838878,0.28996754621137294,0.496260759136447,0.21377169465218004,0.4812983276389139,0.1422406042078763,0.4767128214349937,0.26310534198701946,2.1152891773239166,428.0,1582.0,5302.0,11122.0,1.4912818547614486,3.1279112415184303
86571,0.010342084327764518,0.43124339269740586,0.05818805372963704,0.2860138393793248,0.5137345355420424,0.20025162507863284,0.4753929694198342,0.10174335524435553,0.5749642755072878,0.3017182599209055,2.822621245175365,1018.0,1780.0,10059.0,17495.0,1.8732940185341196,2.9369827382359897
86573,0.031462450592885376,0.4577709217123023,0.03756547767523073,0.3231627906976744,0.489953488372093,0.18688372093023256,0.46615115989024697,0.31464205537540535,0.4246445497630332,0.33179666851066447,2.775243810952738,753.0,6307.0,8512.0,20045.0,1.8930874194032088,3.1254552171847787
86749,0.18185313341022682,0.5349439171699741,0.010989790130459445,0.2600210970464135,0.4637130801687764,0.2762658227848101,0.5190726035167328,0.3858479863868406,0.2562393647192286,0.3453204241585984,2.655217965653897,155.0,5442.0,3614.0,14104.0,1.7734138972809668,3.777355786456467
86755,0.11624649859943978,0.5030004286326618,0.013460157932519742,0.2426098535286285,0.46764314247669775,0.2897470039946738,0.5078966259870783,0.3142498205312276,0.3365039483129935,0.3083462132921175,2.6666666666666665,75.0,1751.0,1875.0,5572.0,1.6468330134357005,3.542758994756825
86757,0.03383259911894273,0.505281854725624,0.04617902376547602,0.29804482594182163,0.5159752026704817,0.1859799713876967,0.4894691902661164,0.1936103600398463,0.5079692614202362,0.30073564688949306,2.6411474164133737,649.0,2721.0,7139.0,14054.0,1.6801141769743102,3.1741174768518516
86760,0.06290909090909091,0.49249954816555214,0.011849034523112931,0.260879523591388,0.48259276225377923,0.2565277141548328,0.5114101813926273,0.585722644821533,0.46562317144528964,0.3057999348321929,2.636890951276102,81.0,4004.0,3183.0,6836.0,1.4879751745539178,3.363230035756853
86865,0.022645083519889787,0.5311807534029757,0.029648515753050445,0.2861994261959131,0.518063118449558,0.19573745535452897,0.4948825350573666,0.1292660717537789,0.37570570023675104,0.29924030387844863,2.331873228549343,814.0,3549.0,10315.0,27455.0,1.5795669358996391,3.221311475409836
86885,0.07164142041221754,0.5311822778714183,0.02483429076447194,0.3084591702096467,0.49266969652543613,0.19887113326491718,0.49549270879363677,0.17445868316394167,0.3394167034909412,0.31538615646599216,2.874689339437541,562.0,3948.0,7681.0,22630.0,1.7896601495866684,3.3078066579575656
88001,0.23443781215738824,0.6555153203342619,0.14647803629382455,0.23489695527762594,0.497476127704723,0.267626917017651,0.5174384056314851,0.00045710106504548155,0.028774512044613065,0.2487140240383409,2.950449836423119,6409.0,20.0,1259.0,43754.0,1.8578072635250666,4.085847191533899
88564,0.24139650872817955,0.6474172185430463,0.026842684268426842,0.22588752748978952,0.4913603518693057,0.2827521206409048,0.5133113311331133,0.0,0.03256325632563256,0.2652287271865371,2.7021403091557668,122.0,0.0,148.0,4545.0,2.1011904761904763,4.184963406520293
91001,0.05290322580645161,0.517199959961296,0.008565960227803192,0.313526225171125,0.5071599546466216,0.1793138201822534,0.48541219307254224,0.425077023620577,0.04441695453272337,0.3683472210532222,3.652735965999646,367.0,18212.0,1903.0,42844.0,2.0160872285280185,3.4088742651150414
91263,0.06572769953051644,0.32155797101449274,0.013262599469496022,0.27909738717339666,0.517814726840855,0.20308788598574823,0.45411140583554377,0.7623342175066313,0.4726790450928382,0.36135113904163396,3.963680387409201,25.0,1437.0,891.0,1885.0,2.097799511002445,2.693853427895981
91405,0.05209840810419682,0.15083798882681565,0.003818413237165889,0.2740656851642129,0.48924122310305773,0.23669309173272934,0.44166313109885447,0.869325413661434,0.7484089944845143,0.3793103448275862,3.9263392857142856,9.0,2049.0,1764.0,2357.0,2.1333333333333333,2.546660769570986
91407,0.00963855421686747,0.1729157476841641,0.0018513620735255223,0.34630795649685175,0.4728105323411563,0.180881511161992,0.47500661200740546,0.8315260513091774,0.759851891034118,0.34655172413793106,4.7114093959731544,7.0,3144.0,2873.0,3781.0,1.6146540027137042,2.8164592760180995
91430,0.023255813953488372,0.05309734513274336,0.0,0.2702702702702703,0.4864864864864865,0.24324324324324326,0.4879518072289157,0.963855421686747,1.0,0.3194444444444444,4.15,0.0,160.0,166.0,166.0,1.9230769230769231,3.3466666666666667
91460,0.016666666666666666,0.11647254575707154,0.0019550342130987292,0.37104072398190047,0.4343891402714932,0.19457013574660634,0.4447702834799609,0.7556207233626588,0.8220918866080157,0.397341211225997,4.748603351955308,2.0,773.0,841.0,1023.0,1.3693181818181819,2.9256965944272446
91530,0.07692307692307693,0.20134228187919462,0.01762114537444934,0.31547619047619047,0.46726190476190477,0.21726190476190477,0.447870778267254,0.8575624082232012,0.5682819383259912,0.33766233766233766,4.077844311377246,12.0,584.0,387.0,681.0,2.2777777777777777,2.54773082942097
91536,0.0196078431372549,0.24947589098532494,0.015113350125944584,0.2536231884057971,0.5072463768115942,0.2391304347826087,0.4811083123425693,0.6612090680100756,0.47732997481108314,0.287758346581876,3.5794392523364484,12.0,525.0,379.0,794.0,1.9710144927536233,2.572192513368984
91540,0.03673210892970234,0.34372652141247184,0.0035460992907801418,0.3472222222222222,0.47305555555555556,0.17972222222222223,0.47416413373860183,0.9183130699088146,0.2763424518743668,0.41680872826457555,4.156458797327394,28.0,7251.0,2182.0,7896.0,2.250749850029994,3.0165969316596932
91669,0.008,0.29987129987129985,0.000689655172413793,0.2724505327245053,0.4992389649923896,0.228310502283105,0.46827586206896554,0.8337931034482758,0.8351724137931035,0.36036866359447006,4.249169435215947,1.0,1209.0,1211.0,1450.0,1.9189189189189189,2.8063829787234043
91798,0.022546419098143235,0.1841841841841842,0.0031456432840515887,0.348014440433213,0.4693140794223827,0.18267148014440432,0.47121736395092795,0.8763762189367725,0.9112928593897452,0.39600521059487626,4.085137085137085,10.0,2786.0,2897.0,3179.0,2.2044444444444444,2.778550148957299
94001,0.07462854570013508,0.43650879275002696,0.013785543449375498,0.33452852739510597,0.49367805246272883,0.1717934201421652,0.4813978208875897,0.7043250066436354,0.28258703162370447,0.33692164809186087,3.52001042888802,415.0,21203.0,8507.0,30104.0,1.8702180441310876,3.2907845364728563
94343,0.012121212121212121,0.17681071211199026,0.0023588178160122105,0.4339080459770115,0.4339080459770115,0.13218390804597702,0.4639933398085195,0.8419592063271819,0.8734563618704038,0.48236744759556105,5.059862610402355,17.0,6068.0,6295.0,7207.0,1.9908629441624366,2.518263165615373
94663,0.0,0.05032822757111598,0.002967359050445104,0.39825581395348836,0.42151162790697677,0.18023255813953487,0.4629080118694362,0.7487636003956478,1.0,0.5045537340619308,5.432835820895522,3.0,757.0,1011.0,1011.0,2.24031007751938,2.4375
94883,0.02413793103448276,0.46722288438617404,0.0,0.3198051948051948,0.5097402597402597,0.17045454545454544,0.47909284195605956,0.8476257973068746,0.8235294117647058,0.45901639344262296,3.9927007299270074,0.0,1196.0,1162.0,1411.0,1.7907801418439717,2.6172932330827066
94884,0.0029239766081871343,0.1568409343715239,0.0036518563603164943,0.28448275862068967,0.5100574712643678,0.20545977011494254,0.4753499695678637,0.9220937309799148,0.9933049300060864,0.411,3.878594249201278,6.0,1515.0,1632.0,1643.0,1.634375,2.576259946949602
94885,0.022727272727272728,0.39655172413793105,0.0,0.3258426966292135,0.47191011235955055,0.20224719101123595,0.46846846846846846,0.8828828828828829,0.7027027027027027,0.3076923076923077,3.8292682926829267,0.0,196.0,156.0,222.0,1.5714285714285714,2.6
94886,0.026595744680851064,0.4952681388012618,0.0,0.3,0.534375,0.165625,0.48867699642431467,0.9535160905840286,0.4791418355184744,0.2859848484848485,4.598484848484849,0.0,800.0,402.0,839.0,1.5555555555555556,2.7787182587666264
94887,0.0,0.047933884297520664,0.005922165820642978,0.3616600790513834,0.49604743083003955,0.1422924901185771,0.467005076142132,0.6793570219966159,0.8164128595600677,0.2532467532467532,4.0886075949367084,7.0,803.0,965.0,1182.0,1.5521739130434782,2.65662100456621
94888,0.011299435028248588,0.11728395061728394,0.003694581280788177,0.35311572700296734,0.4807121661721068,0.1661721068249258,0.4802955665024631,0.9137931034482759,0.812807881773399,0.3817204301075269,4.962121212121212,3.0,742.0,660.0,812.0,1.674074074074074,2.959849435382685
95001,0.13379948477998002,0.5527040454222854,0.0408850808967267,0.30091133342469506,0.5020556393038235,0.19703302727148142,0.48290562741754356,0.07950338976001331,0.236181009025496,0.33130990415335465,2.993421926910299,1966.0,3823.0,11357.0,48086.0,1.9829412940627706,3.612695931570492
95015,0.041925007381163275,0.5740128991662734,0.045675300647548565,0.27304415182029435,0.5168474051123161,0.21010844306738963,0.4333950046253469,0.04729417206290472,0.5085568917668826,0.2973925299506695,2.84890010818608,395.0,409.0,4398.0,8648.0,1.9365942028985508,3.039475312461329
95025,0.02214689265536723,0.4712915680657616,0.029717813051146385,0.2421378776142525,0.5236250968241674,0.23423702556158016,0.45379188712522045,0.07707231040564375,0.5844797178130512,0.30733844468784227,2.967237308146399,337.0,874.0,6628.0,11340.0,2.066430469441984,3.025668934240363
95200,0.012441679626749611,0.45606157793457347,0.05632115038945476,0.2611336032388664,0.49122807017543857,0.247638326585695,0.37667265827841023,0.3495106850409427,0.450968643898542,0.267402376910017,2.504981320049813,282.0,1750.0,2258.0,5007.0,1.8789968652037619,3.138244656662119
97001,0.04438549955791335,0.24800369563782748,0.00833664152441445,0.32671227231517347,0.4641061567625484,0.2091815709222781,0.4769208560395539,0.823703489840846,0.6315998412068281,0.37824192176870747,4.098863636363636,231.0,22824.0,17501.0,27709.0,1.9555470396627705,3.081900418660287
97161,0.031192660550458717,0.16499614494988435,0.008135833038556774,0.31503150315031503,0.47254725472547254,0.21242124212421243,0.4587902370003537,0.6954368588609834,0.5146798726565264,0.35738831615120276,3.7914338919925514,23.0,1966.0,1455.0,2827.0,1.9393382352941178,2.903274369589763
97511,0.009375,0.030554117037804248,0.0005055611729019212,0.35876288659793815,0.49072164948453606,0.15051546391752577,0.4716885743174924,0.9059656218402427,0.8624873609706775,0.20367132867132867,4.807046979865772,2.0,3584.0,3412.0,3956.0,1.2720970537261698,3.034696073157612
97666,0.004866180048661801,0.1137357830271216,0.0029850746268656717,0.3487241798298906,0.47509113001215064,0.17618469015795868,0.47960199004975124,0.6786069651741293,0.5890547263681593,0.3113354037267081,3.846715328467153,6.0,1364.0,1184.0,2010.0,1.4820143884892085,2.6696629213483147
97777,0.01652892561983471,0.09210526315789473,0.013888888888888888,0.3333333333333333,0.4537037037037037,0.21296296296296297,0.44675925925925924,0.8773148148148148,0.8379629629629629,0.3111111111111111,4.194174757281553,6.0,379.0,362.0,432.0,1.607843137254902,2.6965174129353233
97889,0.020202020202020204,0.11851851851851852,0.0026455026455026454,0.27102803738317754,0.5280373831775701,0.20093457943925233,0.47883597883597884,0.8862433862433863,0.9841269841269841,0.42168674698795183,4.376344086021505,2.0,670.0,744.0,756.0,1.576086956521739,2.55960729312763
99001,0.1035331595713872,0.5065833519303727,0.01364463311097635,0.3197895100069013,0.5108695652173914,0.1693409247757074,0.4733171619163129,0.28259551243177683,0.23837679401657572,0.27589743589743587,3.2573933975240714,270.0,5592.0,4717.0,19788.0,1.7136465324384786,3.9529993165448714
99524,0.017360071834780007,0.445113478462251,0.010939112487100102,0.2989632422243167,0.5070688030160226,0.1939679547596607,0.4663570691434469,0.2173374613003096,0.3934984520123839,0.28037503210891346,3.2413289521723256,106.0,2106.0,3813.0,9690.0,1.7650054565296471,3.3413262599469498
99624,0.0297723292469352,0.3843050971763843,0.011177347242921014,0.2873354516568316,0.5274625510667272,0.1852019972764412,0.47391952309985097,0.265772478887233,0.3926974664679583,0.3124418243872169,3.378026070763501,45.0,1070.0,1581.0,4026.0,1.8476454293628808,3.334756403817177
99773,0.010094637223974764,0.1688737973967176,0.003454031248551161,0.36385643616461427,0.4782654457425534,0.15787811809283234,0.46722147526542723,0.8301265705410543,0.9017339700496082,0.35067725361980384,4.191125563830903,149.0,35810.0,38899.0,43138.0,1.4981209062600667,2.8990803067288016
