codigo_municipio,year,round,left_share,right_share,abstention_rate,delta_left,delta_right,delta_abstention
05001,2002,1,0.1044134757282997,0.7202332938067111,,,,
05001,2006,1,0.17808017641389823,0.7371082469199476,,0.07366670068559852,0.0168749531132365,
05001,2010,1,0.038853585084424595,0.4121205968937164,,-0.13922659132947363,-0.3249876500262312,
05001,2010,2,,0.6662180228084099,,,,
05001,2014,1,,0.38761461338512954,,,-0.024505983508586848,
05001,2014,2,,0.6065223390382607,,,-0.05969568377014922,
05001,2018,1,0.07631317842353234,0.5300036242001509,,,0.14238901081502137,
05001,2018,2,0.21204143570807105,0.7133046447696814,,,0.10678230573142067,
05002,2002,1,0.23514322359982898,0.5823001282599402,,,,
05002,2006,1,0.05963731538605347,0.8498784819592448,,-0.1755059082137755,0.2675783536993046,
05002,2010,1,0.009966777408637873,0.8069925644676476,,-0.049670537977415594,-0.0428859174915972,
05002,2010,2,,0.923028589381087,,,,
05002,2014,1,,0.6262145958238577,,,-0.1807779686437898,
05002,2014,2,,0.7644598297995095,,,-0.15856875958157746,
05002,2018,1,0.027955028866605895,0.6958371315709511,,,0.06962253574709332,
05002,2018,2,0.07394889820197377,0.8884682979586319,,,0.12400846815912236,
05004,2002,1,0.10966810966810966,0.5512265512265512,,,,
05004,2006,1,0.11543810848400557,0.7955493741307371,,0.005769998815895905,0.24432282290418594,
05004,2010,1,0.012239902080783354,0.7233782129742962,,-0.10319820640322222,-0.07217116115644095,
05004,2010,2,,0.8675417661097852,,,,
05004,2014,1,,0.4076163610719323,,,-0.3157618519023639,
05004,2014,2,,0.5874285714285714,,,-0.28011319468121376,
05004,2018,1,0.011066398390342052,0.8329979879275654,,,0.42538162685563313,
05004,2018,2,0.04071969696969697,0.9232954545454546,,,0.3358668831168832,
05021,2002,1,0.06952789699570816,0.5184549356223176,,,,
05021,2006,1,0.06513157894736842,0.8565789473684211,,-0.004396318048339745,0.3381240117461035,
05021,2010,1,0.0070999453850355,0.5996723102129984,,-0.058031633562332915,-0.2569066371554227,
05021,2010,2,,0.8693244739756367,,,,
05021,2014,1,,0.29186046511627906,,,-0.3078118450967193,
05021,2014,2,,0.43472348141432454,,,-0.4346009925613122,
05021,2018,1,0.032682705401724924,0.6867907399001362,,,0.3949302747838571,
05021,2018,2,0.09218950064020487,0.861288945795988,,,0.4265654643816635,
05030,2002,1,0.267407691324901,0.4946978408074614,,,,
05030,2006,1,0.21933579335793357,0.650479704797048,,-0.048071897966967425,0.1557818639895866,
05030,2010,1,0.022431427243142725,0.45502092050209203,,-0.19690436611479084,-0.19545878429495595,
05030,2010,2,,0.7436519076177108,,,,
05030,2014,1,,0.3313593539703903,,,-0.12366156653170174,
05030,2014,2,,0.5137053620181282,,,-0.2299465455995826,
05030,2018,1,0.05717017208413002,0.5229445506692161,,,0.1915851966988258,
05030,2018,2,0.1586238958623896,0.7616922361692237,,,0.24798687415109544,
05031,2002,1,0.21575061525840852,0.5192780968006563,,,,
05031,2006,1,0.11141983884412336,0.7735482078355098,,-0.10433077641428516,0.25427011103485353,
05031,2010,1,0.012618296529968454,0.5757097791798107,,-0.0988015423141549,-0.19783842865569912,
05031,2010,2,,0.780121276034801,,,,
05031,2014,1,,0.436088295687885,,,-0.1396214834919257,
05031,2014,2,,0.7164812942366027,,,-0.0636399817981983,
05031,2018,1,0.043147627707059016,0.5544718135228963,,,0.11838351783501133,
05031,2018,2,0.118861432593056,0.8073193619017829,,,0.09083806766518021,
05034,2002,1,0.10360980986497657,0.68751722237531,,,,
05034,2006,1,0.09952796223697896,0.8479878390271222,,-0.004081847627997612,0.16047061665181217,
05034,2010,1,0.01939038351459645,0.7430595306239267,,-0.08013757872238252,-0.10492830840319545,
05034,2010,2,,0.8646147223417994,,,,
05034,2014,1,,0.5331462644686075,,,-0.20991326615531924,
05034,2014,2,,0.7323544016457403,,,-0.13226032069605909,
05034,2018,1,0.046286678784731236,0.6324980524539081,,,0.09935178798530064,
05034,2018,2,0.11955492424242424,0.8381273674242424,,,0.10577296577850215,
05036,2002,1,0.28776978417266186,0.5299760191846523,,,,
05036,2006,1,0.13919821826280623,0.7126948775055679,,-0.14857156590985562,0.1827188583209156,
05036,2010,1,0.00966183574879227,0.4570048309178744,,-0.12953638251401398,-0.2556900465876935,
05036,2010,2,,0.7819706498951782,,,,
05036,2014,1,,0.42824339839265213,,,-0.028761432525222286,
05036,2014,2,,0.6629834254143646,,,-0.11898722448081356,
05036,2018,1,0.033931357254290175,0.6696567862714509,,,0.24141338787879874,
05036,2018,2,0.09650702196615052,0.8584803745048614,,,0.19549694909049675,
05038,2002,1,0.08094262295081968,0.5292008196721312,,,,
05038,2006,1,0.07867847411444141,0.8038147138964578,,-0.002264148836378266,0.2746138942243266,
05038,2010,1,0.025752773375594295,0.536053882725832,,-0.052925700738847115,-0.26776083117062577,
05038,2010,2,,0.8031465848042978,,,,
05038,2014,1,,0.40035650623885916,,,-0.13569737648697283,
05038,2014,2,,0.5791309012875536,,,-0.22401568351674417,
05038,2018,1,0.039447066756574514,0.6207012811867836,,,0.22034477494792443,
05038,2018,2,0.08263473053892216,0.8413173652694611,,,0.2621864639819075,
05040,2002,1,0.2919020715630885,0.3182674199623352,,,,
05040,2006,1,0.17612687813021702,0.5968280467445742,,-0.11577519343287149,0.27856062678223903,
05040,2010,1,0.010725552050473186,0.3615141955835962,,-0.16540132607974384,-0.23531385116097803,
05040,2010,2,,0.6595067621320605,,,,
05040,2014,1,,0.24450261780104712,,,-0.11701157778254909,
05040,2014,2,,0.4053169734151329,,,-0.2541897887169276,
05040,2018,1,0.13971539456662355,0.45084087968952136,,,0.20633826188847423,
05040,2018,2,0.24842105263157896,0.6667669172932331,,,0.2614499438781002,
05042,2002,1,0.3463386507783971,0.4107245819719393,,,,
05042,2006,1,0.22231571861326152,0.6438909458094918,,-0.12402293216513557,0.23316636383755251,
05042,2010,1,0.04768961336386906,0.5271453590192644,,-0.17462610524939245,-0.1167455867902274,
05042,2010,2,,0.7422910562299428,,,,
05042,2014,1,,0.3429390876809615,,,-0.18420627133830292,
05042,2014,2,,0.5351473922902494,,,-0.2071436639396934,
05042,2018,1,0.07832792207792208,0.5875608766233766,,,0.24462178894241515,
05042,2018,2,0.17222924978106452,0.7528461613311278,,,0.21769876904087837,
05044,2002,1,0.45161290322580644,0.2921146953405018,,,,
05044,2006,1,0.044915254237288135,0.8423728813559322,,-0.4066976489885183,0.5502581860154305,
05044,2010,1,0.009461426491994178,0.7096069868995634,,-0.03545382774529396,-0.13276589445636888,
05044,2010,2,,0.8852852852852853,,,,
05044,2014,1,,0.5451467268623025,,,-0.16446026003726089,
05044,2014,2,,0.7112903225806452,,,-0.1739949627046401,
05044,2018,1,0.024567055980668547,0.7539267015706806,,,0.20877997470837817,
05044,2018,2,0.06888279643591501,0.8941055517477724,,,0.18281522916712722,
05045,2002,1,0.4639148892639763,0.46145977187867626,,,,
05045,2006,1,0.0888620481407989,0.44267103787421275,,-0.3750528411231774,-0.018788734004463514,
05045,2010,1,0.10501577287066247,0.5327129337539432,,0.016153724729863567,0.0900418958797305,
05045,2010,2,,0.7335460439224738,,,,
05045,2014,1,,0.2726586598411761,,,-0.26005427391276714,
05045,2014,2,,0.34739799401354826,,,-0.38614804990892554,
05045,2018,1,0.38569654030180345,0.35178965771071036,,,0.07913099786953426,
05045,2018,2,0.49349694379337283,0.4467806424927616,,,0.09938264847921335,
05051,2002,1,0.5880703940196231,0.34854384052328297,,,,
05051,2006,1,0.09765122265122265,0.5365186615186616,,-0.49041917136840046,0.1879748209953786,
05051,2010,1,0.04986465308448497,0.5982333665764354,,-0.047786569566737686,0.06171470505777388,
05051,2010,2,,0.7842317871569856,,,,
05051,2014,1,,0.2687791945461432,,,-0.32945417203029226,
05051,2014,2,,0.3077737156051568,,,-0.4764580715518288,
05051,2018,1,0.2745175265852698,0.430484442693974,,,0.16170524814783083,
05051,2018,2,0.36851056211958466,0.6046365914786967,,,0.29686287587353993,
05055,2002,1,0.10118505013673655,0.4366453965360073,,,,
05055,2006,1,0.09674922600619196,0.8041795665634675,,-0.004435824130544594,0.36753417002746014,
05055,2010,1,0.002205071664829107,0.9198823961778758,,-0.09454415434136285,0.11570282961440836,
05055,2010,2,,0.9551374819102749,,,,
05055,2014,1,,0.7717478052673583,,,-0.1481345909105175,
05055,2014,2,,0.8497304582210242,,,-0.1054070236892507,
05055,2018,1,0.030322791000978153,0.8705575480925987,,,0.09880974282524035,
05055,2018,2,0.04019196160767846,0.9370125974805039,,,0.0872821392594797,
05059,2002,1,0.3134851138353765,0.5341506129597198,,,,
05059,2006,1,0.08032596041909197,0.7508731082654249,,-0.23315915341628457,0.2167224953057051,
05059,2010,1,0.009518477043673012,0.41153415453527437,,-0.07080748337541896,-0.3393389537301505,
05059,2010,2,,0.802461139896373,,,,
05059,2014,1,,0.43245175125089347,,,0.020917596715619102,
05059,2014,2,,0.5672930421533774,,,-0.23516809774299563,
05059,2018,1,0.05721784776902887,0.6797900262467191,,,0.24733827499582567,
05059,2018,2,0.1039651837524178,0.8409090909090909,,,0.27361604875571355,
05079,2002,1,0.1788926115323576,0.5911655792629166,,,,
05079,2006,1,0.2681504599211564,0.6048784494086727,,0.08925784838879877,0.013712870145756173,
05079,2010,1,0.03356926188068756,0.44448938321536907,,-0.2345811980404688,-0.16038906619330368,
05079,2010,2,,0.7007216959855661,,,,
05079,2014,1,,0.3353880638834407,,,-0.10910131933192835,
05079,2014,2,,0.5184822521419828,,,-0.18223944384358326,
05079,2018,1,0.07485922490891024,0.48246817773150996,,,0.14708011384806924,
05079,2018,2,0.21094541769219632,0.7017035857342793,,,0.18322133359229642,
05086,2002,1,0.11528497409326424,0.667098445595855,,,,
05086,2006,1,0.09943820224719101,0.6662921348314607,,-0.015846771846073235,-0.0008063107643943024,
05086,2010,1,0.017084890549919914,0.40736785904965295,,-0.08235331169727109,-0.2589242757818077,
05086,2010,2,,0.7575070821529745,,,,
05086,2014,1,,0.3215731636784268,,,-0.08579469537122614,
05086,2014,2,,0.5070354196991752,,,-0.25047166245379926,
05086,2018,1,0.02702702702702703,0.585290208241028,,,0.26371704456260114,
05086,2018,2,0.09784045835169679,0.8391361833406787,,,0.33210076364150354,
05088,2002,1,0.12714779784784463,0.6392983936811397,,,,
05088,2006,1,0.2463425380582856,0.6477147044806719,,0.11919474021044096,0.0084163107995322,
05088,2010,1,0.04664342678384805,0.3562786260880544,,-0.19969911127443754,-0.29143607839261754,
05088,2010,2,,0.626904782701913,,,,
05088,2014,1,,0.293063906795987,,,-0.0632147192920674,
05088,2014,2,,0.4997628772928236,,,-0.12714190540908937,
05088,2018,1,0.085688569827103,0.46965140344069334,,,0.17658749664470635,
05088,2018,2,0.23196340433100626,0.6876695273244697,,,0.18790665003164614,
05091,2002,1,0.3117408906882591,0.5483580746738641,,,,
05091,2006,1,0.07425949103045473,0.7843137254901961,,-0.23748139965780438,0.23595565081633196,
05091,2010,1,0.008463100880162491,0.7538930264048748,,-0.06579639015029225,-0.0304206990853213,
05091,2010,2,,0.891193363114231,,,,
05091,2014,1,,0.6967665615141956,,,-0.057126464890679185,
05091,2014,2,,0.8018310691080921,,,-0.08936229400613893,
05091,2018,1,0.031086387434554975,0.7293848167539267,,,0.032618255239731164,
05091,2018,2,0.0808450704225352,0.8904225352112676,,,0.08859146610317548,
05093,2002,1,0.2493208572290975,0.5976456383942047,,,,
05093,2006,1,0.03336921420882669,0.8684068891280947,,-0.2159516430202708,0.27076125073389,
05093,2010,1,0.007949790794979079,0.7997907949790795,,-0.025419423413847612,-0.06861609414901526,
05093,2010,2,,0.9256292906178489,,,,
05093,2014,1,,0.650565034345225,,,-0.1492257606338545,
05093,2014,2,,0.7915170172738156,,,-0.1341122733440333,
05093,2018,1,0.028072837632776935,0.7852807283763278,,,0.13471569403110284,
05093,2018,2,0.04549660703269587,0.9228871067242443,,,0.13137008945042872,
05101,2002,1,0.21785468714187486,0.5746046298418519,,,,
05101,2006,1,0.08484573502722323,0.815562613430127,,-0.13300895211465164,0.24095798358827514,
05101,2010,1,0.015881649080822364,0.5822908734906994,,-0.06896408594640087,-0.23327173993942762,
05101,2010,2,,0.8490952543530215,,,,
05101,2014,1,,0.47637997432605905,,,-0.10591089916464036,
05101,2014,2,,0.7344603649108339,,,-0.11463488944218758,
05101,2018,1,0.04791589132861928,0.7206922218087086,,,0.24431224748264957,
05101,2018,2,0.09954557146531767,0.8611849438394924,,,0.12672457892865852,
05107,2002,1,0.1737891737891738,0.3091168091168091,,,,
05107,2006,1,0.0960735171261487,0.6524644945697577,,-0.0777156566630251,0.34334768545294864,
05107,2010,1,0.010682004930156122,0.21281840591618734,,-0.08539151219599257,-0.4396460886535704,
05107,2010,2,,0.614240170031881,,,,
05107,2014,1,,0.29447236180904524,,,0.0816539558928579,
05107,2014,2,,0.6159813809154383,,,0.001741210883557276,
05107,2018,1,0.08235294117647059,0.3171764705882353,,,0.022704108779190046,
05107,2018,2,0.27248079530049707,0.6145503840939901,,,-0.001430996821448205,
05113,2002,1,0.3800829875518672,0.3925311203319502,,,,
05113,2006,1,0.07380520266182698,0.6140350877192983,,-0.3062777848900402,0.22150396738734807,
05113,2010,1,0.007034632034632035,0.4518398268398268,,-0.06677057062719495,-0.16219526087947145,
05113,2010,2,,0.8517130620985011,,,,
05113,2014,1,,0.39316770186335404,,,-0.058672124976472784,
05113,2014,2,,0.5799544419134396,,,-0.2717586201850615,
05113,2018,1,0.06776685393258428,0.5435393258426966,,,0.15037162397934256,
05113,2018,2,0.17679180887372015,0.7546075085324232,,,0.1746530666189836,
05120,2002,1,0.6005597760895641,0.27508996401439423,,,,
05120,2006,1,0.09786317112587538,0.4539414616627761,,-0.5026966049636887,0.17885149764838187,
05120,2010,1,0.05033018026057469,0.3044797429948242,,-0.04753299086530069,-0.14946171866795188,
05120,2010,2,,0.5441283734500365,,,,
05120,2014,1,,0.21169315283500098,,,-0.09278659015982324,
05120,2014,2,,0.3156817600409312,,,-0.22844661340910533,
05120,2018,1,0.30039883973894127,0.38868745467730237,,,0.1769943018423014,
05120,2018,2,0.44336394741581125,0.513776337115073,,,0.1980945770741418,
05125,2002,1,0.4022813688212928,0.37718631178707224,,,,
05125,2006,1,0.06377130291368883,0.7421660252886201,,-0.33851006590760396,0.36497971350154784,
05125,2010,1,0.004403346543372964,0.6560986349625716,,-0.059367956370315875,-0.08606739032604849,
05125,2010,2,,0.8855447223399746,,,,
05125,2014,1,,0.6208572691117985,,,-0.03524136585077309,
05125,2014,2,,0.796321998612075,,,-0.08922272372789963,
05125,2018,1,0.05097894347986701,0.6671592168452161,,,0.04630194773341756,
05125,2018,2,0.104,0.85088,,,0.05455800138792499,
05129,2002,1,0.10942776307383408,0.6079675093547504,,,,
05129,2006,1,0.2690131184086427,0.6124496270256367,,0.15958535533480867,0.004482117670886243,
05129,2010,1,0.039425762879671866,0.3276758247586719,,-0.22958735552897086,-0.28477380226696475,
05129,2010,2,,0.5959908991056018,,,,
05129,2014,1,,0.24409564864964445,,,-0.08358017610902746,
05129,2014,2,,0.40105540897097625,,,-0.19493549013462552,
05129,2018,1,0.061181216383947044,0.40786615639222173,,,0.1637705077425773,
05129,2018,2,0.22937937670390762,0.6599401293633399,,,0.25888472039236365,
05134,2002,1,0.06708268330733229,0.641185647425897,,,,
05134,2006,1,0.15863453815261044,0.7128514056224899,,0.09155185484527815,0.07166575819659293,
05134,2010,1,0.022222222222222223,0.4222222222222222,,-0.13641231593038822,-0.2906291834002677,
05134,2010,2,,0.7833511205976521,,,,
05134,2014,1,,0.1851063829787234,,,-0.23711583924349883,
05134,2014,2,,0.35379939209726446,,,-0.42955172850038764,
05134,2018,1,0.0592797783933518,0.5030470914127424,,,0.317940708434019,
05134,2018,2,0.13029989658738367,0.8174767321613237,,,0.4636773400640592,
05138,2002,1,0.1289586305278174,0.4165477888730385,,,,
05138,2006,1,0.07900101936799185,0.8295107033639144,,-0.04995761115982554,0.4129629144908759,
05138,2010,1,0.009588493807431082,0.7131442269276868,,-0.06941252556056077,-0.11636647643622766,
05138,2010,2,,0.8865570051049347,,,,
05138,2014,1,,0.4968216794914687,,,-0.21632254743621804,
05138,2014,2,,0.5834280841387152,,,-0.3031289209662196,
05138,2018,1,0.03417778444011393,0.7860890421226203,,,0.2892673626311516,
05138,2018,2,0.07174332139906361,0.885981823189204,,,0.3025537390504889,
05142,2002,1,0.14896291640477688,0.535512256442489,,,,
05142,2006,1,0.22624434389140272,0.6704374057315233,,0.07728142748662584,0.13492514928903432,
05142,2010,1,0.027120600115406807,0.5626081938834391,,-0.1991237437759959,-0.10782921184808425,
05142,2010,2,,0.7792880258899676,,,,
05142,2014,1,,0.2920284135753749,,,-0.2705797803080642,
05142,2014,2,,0.47885714285714287,,,-0.3004308830328247,
05142,2018,1,0.10476190476190476,0.5946428571428571,,,0.30261444356748224,
05142,2018,2,0.16073354908306364,0.7810140237324703,,,0.30215688087532744,
05145,2002,1,0.24031413612565444,0.5005235602094241,,,,
05145,2006,1,0.1561219845243514,0.7669549385525717,,-0.08419215160130306,0.26643137834314756,
05145,2010,1,0.01987353206865402,0.6061427280939476,,-0.13624845245569736,-0.16081221045862404,
05145,2010,2,,0.8003714020427113,,,,
05145,2014,1,,0.4404819277108434,,,-0.16566080038310427,
05145,2014,2,,0.5258323765786452,,,-0.27453902546406606,
05145,2018,1,0.03033980582524272,0.5182038834951457,,,0.0777219557843023,
05145,2018,2,0.14473684210526316,0.8005756578947368,,,0.2747432813160916,
05147,2002,1,0.48733160301569645,0.4375231738969225,,,,
05147,2006,1,0.06124273580688422,0.4646848457755923,,-0.4260888672088122,0.027161671878669802,
05147,2010,1,0.07287822878228782,0.5565805658056581,,0.011635492975403602,0.09189572003006574,
05147,2010,2,,0.7631515151515151,,,,
05147,2014,1,,0.32275971451229185,,,-0.23382085129336622,
05147,2014,2,,0.371349763146849,,,-0.39180175200466616,
05147,2018,1,0.3503769255981645,0.3797661968753414,,,0.05700648236304956,
05147,2018,2,0.46262218096434227,0.4810790149074428,,,0.10972925176059384,
05148,2002,1,0.06848967152048764,0.6170843210294615,,,,
05148,2006,1,0.2620926494227678,0.6496419698962443,,0.19360297790228015,0.03255764886678281,
05148,2010,1,0.03385924481474916,0.4184837203805472,,-0.2282334046080186,-0.23115824951569713,
05148,2010,2,,0.6734261695437336,,,,
05148,2014,1,,0.321863173216885,,,-0.0966205471636622,
05148,2014,2,,0.5661443047787806,,,-0.10728186476495294,
05148,2018,1,0.08638562543192813,0.49705272572055775,,,0.17518955250367274,
05148,2018,2,0.21880111220150475,0.7082515538109257,,,0.1421072490321451,
05150,2002,1,0.20803443328550933,0.5043041606886657,,,,
05150,2006,1,0.20557913887204365,0.6343238326258338,,-0.002455294413465675,0.13001967193716812,
05150,2010,1,0.02906617192331478,0.3945578231292517,,-0.17651296694872887,-0.2397660094965821,
05150,2010,2,,0.6686991869918699,,,,
05150,2014,1,,0.277190332326284,,,-0.11736749080296771,
05150,2014,2,,0.4959677419354839,,,-0.17273144505638605,
05150,2018,1,0.06042780748663101,0.5823529411764706,,,0.30516260885018665,
05150,2018,2,0.1256572029442692,0.7965299684542587,,,0.30056222651877484,
05154,2002,1,0.5598789655335445,0.3284005484374261,,,,
05154,2006,1,0.17770470544646166,0.5001389403482771,,-0.3821742600870829,0.171738391910851,
05154,2010,1,0.06516814002043446,0.3843010083958953,,-0.1125365654260272,-0.11583793195238179,
05154,2010,2,,0.6154747948417351,,,,
05154,2014,1,,0.23823932674578033,,,-0.146061681650115,
05154,2014,2,,0.420567979571307,,,-0.19490681527042808,
05154,2018,1,0.28802588996763756,0.414334665905197,,,0.1760953391594167,
05154,2018,2,0.40323334892110363,0.5393145834725098,,,0.11874660390120284,
05172,2002,1,0.4088118811881188,0.49613861386138614,,,,
05172,2006,1,0.11957434892187062,0.5530663679641556,,-0.28923753226624815,0.05692775410276951,
05172,2010,1,0.07296925195043598,0.5215367468694683,,-0.04660509697143464,-0.03152962109468738,
05172,2010,2,,0.7442045208348379,,,,
05172,2014,1,,0.24024173480270175,,,-0.28129501206676655,
05172,2014,2,,0.29051710336730885,,,-0.45368741746752905,
05172,2018,1,0.3411788576646038,0.35883128740996245,,,0.1185895526072607,
05172,2018,2,0.4726128982764793,0.46831688231984864,,,0.1777997789525398,
05190,2002,1,0.22670623145400592,0.44985163204747775,,,,
05190,2006,1,0.22432045779685264,0.6040057224606581,,-0.002385773657153284,0.15415409041318034,
05190,2010,1,0.027115239769018327,0.29751443635450664,,-0.1972052180278343,-0.30649128610615145,
05190,2010,2,,0.6845417236662107,,,,
05190,2014,1,,0.2479318124843319,,,-0.04958262387017473,
05190,2014,2,,0.46570545829042226,,,-0.21883626537578843,
05190,2018,1,0.05007095073991486,0.5398337725521994,,,0.2919019600678675,
05190,2018,2,0.151617384401667,0.7701924985116094,,,0.30448704022118717,
05197,2002,1,0.12903225806451613,0.4879032258064516,,,,
05197,2006,1,0.06182531894013739,0.8930323846908734,,-0.06720693912437874,0.4051291588844218,
05197,2010,1,0.010576015108593012,0.7786591123701605,,-0.05124930383154438,-0.11437327232071293,
05197,2010,2,,0.9278277748367743,,,,
05197,2014,1,,0.48395967002749773,,,-0.29469944234266277,
05197,2014,2,,0.5630561521939245,,,-0.3647716226428498,
05197,2018,1,0.035253425568710924,0.8202740454968738,,,0.33631437546937604,
05197,2018,2,0.08036856923470694,0.8893012541592015,,,0.326245101965277,
05206,2002,1,0.18732970027247955,0.4420980926430518,,,,
05206,2006,1,0.05917159763313609,0.8691650230111768,,-0.12815810263934346,0.42706693036812504,
05206,2010,1,0.009846827133479213,0.5486870897155361,,-0.049324770499656875,-0.32047793329564067,
05206,2010,2,,0.8849315068493151,,,,
05206,2014,1,,0.4460431654676259,,,-0.10264392424791025,
05206,2014,2,,0.6918063314711359,,,-0.1931251753781792,
05206,2018,1,0.01990740740740741,0.7282407407407407,,,0.28219757527311484,
05206,2018,2,0.07213396307428081,0.8905109489051095,,,0.1987046174339736,
05209,2002,1,0.25292788165194163,0.5868091226628314,,,,
05209,2006,1,0.04838404838404838,0.8650538650538651,,-0.20454383326789324,0.2782447423910337,
05209,2010,1,0.012973165096854452,0.6420828149991115,,-0.03541088328719393,-0.2229710500547536,
05209,2010,2,,0.8792399218611259,,,,
05209,2014,1,,0.6323863636363637,,,-0.009696451362747771,
05209,2014,2,,0.7648551806509406,,,-0.11438474121018527,
05209,2018,1,0.024262295081967214,0.769016393442623,,,0.13663002980625927,
05209,2018,2,0.07268243145219788,0.8864064993471638,,,0.12155131869622315,
05212,2002,1,0.11359422269932663,0.6298428808431736,,,,
05212,2006,1,0.34757596845279515,0.5255857109719323,,0.23398174575346853,-0.10425716987124134,
05212,2010,1,0.05019772415462836,0.29678799128399647,,-0.2973782442981668,-0.22879771968793583,
05212,2010,2,,0.5564222326015881,,,,
05212,2014,1,,0.2673770888835069,,,-0.029410902400489547,
05212,2014,2,,0.447859659644651,,,-0.10856257295693705,
05212,2018,1,0.08791354329457261,0.43162132810637566,,,0.16424423922286874,
05212,2018,2,0.25797719629234683,0.65201104640035,,,0.204151386755699,
05234,2002,1,0.45284059569773855,0.3094318808604523,,,,
05234,2006,1,0.08536045997346307,0.5873507297655904,,-0.36748013572427546,0.2779188489051381,
05234,2010,1,0.011040574109853712,0.5713497101849296,,-0.07431988586360937,-0.016001019580660802,
05234,2010,2,,0.8104815864022663,,,,
05234,2014,1,,0.3283271719038817,,,-0.24302253828104792,
05234,2014,2,,0.37539909258948073,,,-0.4350824938127856,
05234,2018,1,0.10861805201427843,0.5106238313785484,,,0.18229665947466667,
05234,2018,2,0.2525298293309168,0.6918894426823743,,,0.31649035009289356,
05237,2002,1,0.028858766943594228,0.8587669435942282,,,,
05237,2006,1,0.09789391575663027,0.8418486739469578,,0.06903514881303605,-0.01691826964727039,
05237,2010,1,0.011975140215249355,0.6111869031377899,,-0.08591877554138092,-0.23066177080916794,
05237,2010,2,,0.8291905672402804,,,,
05237,2014,1,,0.5524580335731415,,,-0.0587288695646484,
05237,2014,2,,0.7839506172839507,,,-0.04523994995632974,
05237,2018,1,0.0324595649749024,0.6723926380368098,,,0.11993460446366833,
05237,2018,2,0.09870301165091229,0.8468894262475269,,,0.06293880896357629,
05240,2002,1,0.2546432062561095,0.6180351906158358,,,,
05240,2006,1,0.08046895816679989,0.7135624833466561,,-0.1741742480893096,0.09552729273082028,
05240,2010,1,0.011676580744657413,0.5996915620180656,,-0.06879237742214248,-0.11387092132859045,
05240,2010,2,,0.8369905956112853,,,,
05240,2014,1,,0.5288776796973518,,,-0.07081388232071384,
05240,2014,2,,0.6803779877709839,,,-0.1566126078403014,
05240,2018,1,0.03794829024186822,0.7078815679733111,,,0.17900388827595937,
05240,2018,2,0.08951310861423221,0.8612359550561798,,,0.18085796728519588,
05250,2002,1,0.5118309859154929,0.38929577464788734,,,,
05250,2006,1,0.10096670247046187,0.5870799447598588,,-0.41086428344503106,0.19778417011197147,
05250,2010,1,0.040533860603064756,0.5577113198220465,,-0.060432841867397114,-0.029368624937812338,
05250,2010,2,,0.7898962450592886,,,,
05250,2014,1,,0.2656872168062612,,,-0.2920241030157853,
05250,2014,2,,0.5236093459771238,,,-0.26628689908216474,
05250,2018,1,0.2253136468379278,0.49065460442092684,,,0.22496738761466567,
05250,2018,2,0.30953541260558803,0.6353963612735543,,,0.11178701529643043,
05264,2002,1,0.18902920284135755,0.7134964483030781,,,,
05264,2006,1,0.07077237155495067,0.7111262334127254,,-0.11825683128640688,-0.0023702148903527176,
05264,2010,1,0.014588100686498856,0.45080091533180777,,-0.05618427086845181,-0.26032531808091763,
05264,2010,2,,0.7823529411764706,,,,
05264,2014,1,,0.42645607107601186,,,-0.024344844255795917,
05264,2014,2,,0.6718397291196389,,,-0.11051321205683173,
05264,2018,1,0.03007191109174112,0.5757245587273916,,,0.14926848765137973,
05264,2018,2,0.11746791385686317,0.8057428757885577,,,0.1339031466689189,
05266,2002,1,0.05605208111947561,0.7708587344377454,,,,
05266,2006,1,0.182287312547089,0.7232869925999319,,0.1262352314276134,-0.04757174183781354,
05266,2010,1,0.031621232820939676,0.38981425353081145,,-0.15066607972614932,-0.33347273906912045,
05266,2010,2,,0.6608480101652902,,,,
05266,2014,1,,0.38656125048733825,,,-0.0032530030434732016,
05266,2014,2,,0.6242009982534996,,,-0.03664701191179054,
05266,2018,1,0.05176021704832758,0.5672962036346353,,,0.18073495314729704,
05266,2018,2,0.1774527551496201,0.7506994157821114,,,0.1264984175286118,
05282,2002,1,0.24379978956861567,0.5794378475875545,,,,
05282,2006,1,0.1813953488372093,0.6678428227746592,,-0.06240444073140636,0.08840497518710477,
05282,2010,1,0.029843893480257115,0.4886746250382614,,-0.1515514553569522,-0.1791681977363978,
05282,2010,2,,0.7662029718621561,,,,
05282,2014,1,,0.3735216240070609,,,-0.11515300103120052,
05282,2014,2,,0.6110958149779736,,,-0.15510715688418253,
05282,2018,1,0.05684238551650692,0.53314696485623,,,0.15962534084916913,
05282,2018,2,0.17310839733098327,0.7553820974442905,,,0.14428628246631692,
05284,2002,1,0.37092391304347827,0.38913043478260867,,,,
05284,2006,1,0.10643564356435643,0.602970297029703,,-0.26448826947912185,0.21383986224709428,
05284,2010,1,0.01882498965659909,0.4466280513032685,,-0.08761065390775734,-0.15634224572643446,
05284,2010,2,,0.7163620347940982,,,,
05284,2014,1,,0.23380688658800866,,,-0.21282116471525983,
05284,2014,2,,0.3557843308323155,,,-0.36057770396178274,
05284,2018,1,0.08822984244670992,0.5232622798887859,,,0.2894553933007773,
05284,2018,2,0.22967910083075418,0.6971819514578922,,,0.3413976206255767,
05306,2002,1,0.4435831180017227,0.37553832902670115,,,,
05306,2006,1,0.11176470588235295,0.6831932773109244,,-0.33181841211936974,0.30765494828422324,
05306,2010,1,0.012593016599885518,0.5437893531768746,,-0.09917168928246743,-0.13940392413404978,
05306,2010,2,,0.8113831899404368,,,,
05306,2014,1,,0.39096267190569745,,,-0.15282668127117716,
05306,2014,2,,0.5189561792220581,,,-0.29242701071837873,
05306,2018,1,0.07411907654921021,0.5164034021871203,,,0.12544073028142289,
05306,2018,2,0.21853218532185323,0.7183271832718328,,,0.1993710040497747,
05308,2002,1,0.10002443593711818,0.632157693247536,,,,
05308,2006,1,0.419867746489338,0.46221858979121777,,0.3198433105522198,-0.16993910345631824,
05308,2010,1,0.05713791512915129,0.2488468634686347,,-0.3627298313601867,-0.21337172632258308,
05308,2010,2,,0.5211710787331555,,,,
05308,2014,1,,0.2211478654226746,,,-0.0276989980459601,
05308,2014,2,,0.3710328614504012,,,-0.15013821728275428,
05308,2018,1,0.07556245738959169,0.38830391636997197,,,0.16715605094729738,
05308,2018,2,0.2583814127553407,0.6362856697333541,,,0.2652528082829529,
05310,2002,1,0.16653127538586515,0.5,,,,
05310,2006,1,0.16156176371592057,0.7246718276674521,,-0.004969511669944582,0.22467182766745208,
05310,2010,1,0.015897755610972567,0.5408354114713217,,-0.145664008104948,-0.18383641619613034,
05310,2010,2,,0.7574385510996119,,,,
05310,2014,1,,0.324736225087925,,,-0.21609918638339676,
05310,2014,2,,0.534809111324992,,,-0.2226294397746199,
05310,2018,1,0.03515524762637927,0.7000256607646907,,,0.37528943567676576,
05310,2018,2,0.09112538662859862,0.8541517963359505,,,0.3193426850109585,
05313,2002,1,0.06816901408450704,0.28619718309859155,,,,
05313,2006,1,0.06307692307692307,0.8476923076923077,,-0.005092091007583968,0.5614951245937162,
05313,2010,1,0.013245033112582781,0.808810826374892,,-0.04983188996434029,-0.038881481317415756,
05313,2010,2,,0.9115553121577218,,,,
05313,2014,1,,0.5858077503774535,,,-0.22300307599743852,
05313,2014,2,,0.7265728112626485,,,-0.1849825008950733,
05313,2018,1,0.03659233847913093,0.7667238421955404,,,0.18091609181808688,
05313,2018,2,0.0775571375046834,0.8829149494192582,,,0.1563421381566097,
05315,2002,1,0.3363431151241535,0.30812641083521447,,,,
05315,2006,1,0.20444033302497688,0.543940795559667,,-0.1319027820991766,0.23581438472445254,
05315,2010,1,0.006688963210702341,0.35535117056856186,,-0.19775136981427455,-0.18858962499110515,
05315,2010,2,,0.728440366972477,,,,
05315,2014,1,,0.16131191432396252,,,-0.19403925624459933,
05315,2014,2,,0.35188129305776367,,,-0.3765590739147134,
05315,2018,1,0.07477567298105683,0.5239282153539382,,,0.36261630102997566,
05315,2018,2,0.17474795967354778,0.742198751800288,,,0.3903174587425244,
05318,2002,1,0.10688816175853678,0.7008977263193221,,,,
05318,2006,1,0.1718369590826985,0.713500353412393,,0.06494879732416171,0.012602627093070917,
05318,2010,1,0.02728103380759692,0.5137710481660358,,-0.14455592527510158,-0.19972930524635724,
05318,2010,2,,0.7476470171962353,,,,
05318,2014,1,,0.36389160953313743,,,-0.14987943863289838,
05318,2014,2,,0.6284833392624214,,,-0.11916367793381388,
05318,2018,1,0.06501855207524376,0.5684701009578048,,,0.20457849142466739,
05318,2018,2,0.16879597367402246,0.7557964468533575,,,0.12731310759093606,
05321,2002,1,0.11140867702196036,0.7011247991430102,,,,
05321,2006,1,0.08009807928075194,0.8741315897016755,,-0.031310597741208424,0.1730067905586653,
05321,2010,1,0.018465456860872333,0.6943648519579751,,-0.0616326224198796,-0.17976673774370033,
05321,2010,2,,0.8448623237071861,,,,
05321,2014,1,,0.3779086892488954,,,-0.3164561627090797,
05321,2014,2,,0.5938529088913282,,,-0.2510094148158578,
05321,2018,1,0.06584992343032159,0.589367753226865,,,0.21145906397796954,
05321,2018,2,0.15862971852498364,0.7890028365699323,,,0.19514992767860406,
05347,2002,1,0.16199551569506726,0.624439461883408,,,,
05347,2006,1,0.13464526152252718,0.7400310719834283,,-0.027350254172540084,0.11559161010002028,
05347,2010,1,0.020704845814977973,0.4775330396475771,,-0.1139404157075492,-0.26249803233585123,
05347,2010,2,,0.7902168431669188,,,,
05347,2014,1,,0.3286921929388364,,,-0.1488408467087407,
05347,2014,2,,0.47215865751334857,,,-0.3180581856535702,
05347,2018,1,0.04836709384042993,0.5928069450186028,,,0.26411475207976637,
05347,2018,2,0.10581818181818183,0.8381818181818181,,,0.36602316066846957,
05353,2002,1,0.21878715814506539,0.5261593341260404,,,,
05353,2006,1,0.12679425837320574,0.7529904306220095,,-0.09199289977185965,0.2268310964959691,
05353,2010,1,0.025780862667327716,0.645513138324244,,-0.10101339570587803,-0.10747729229776559,
05353,2010,2,,0.820362212432697,,,,
05353,2014,1,,0.40333539221741815,,,-0.2421777461068258,
05353,2014,2,,0.5126286248830683,,,-0.30773358754962876,
05353,2018,1,0.05320600272851296,0.5989085948158254,,,0.19557320259840721,
05353,2018,2,0.14699877501020825,0.8068599428338097,,,0.2942313179507414,
05360,2002,1,0.09119149989870112,0.6957319406613691,,,,
05360,2006,1,0.22911190034227835,0.668322621487355,,0.13792040044357723,-0.027409319174014124,
05360,2010,1,0.04078222829064973,0.3453643901080639,,-0.18832967205162862,-0.3229582313792911,
05360,2010,2,,0.631003127354547,,,,
05360,2014,1,,0.2928388746803069,,,-0.05252551542775702,
05360,2014,2,,0.46990696270274723,,,-0.16109616465179977,
05360,2018,1,0.06642753768705033,0.4778170940289309,,,0.18497821934862402,
05360,2018,2,0.21133868683455667,0.7050733650134077,,,0.23516640231066044,
05361,2002,1,0.2514438027543314,0.185250999555753,,,,
05361,2006,1,0.15853658536585366,0.5544969512195121,,-0.09290721738847776,0.3692459516637592,
05361,2010,1,0.014849692140528795,0.4588917059036581,,-0.14368689322532485,-0.09560524531585407,
05361,2010,2,,0.7021723896285914,,,,
05361,2014,1,,0.23671199011124847,,,-0.2221797157924096,
05361,2014,2,,0.3651621682921297,,,-0.3370102213364617,
05361,2018,1,0.10173642030276046,0.37021371326803204,,,0.13350172315678357,
05361,2018,2,0.2813497492020064,0.5925672594619243,,,0.22740509116979463,
05364,2002,1,0.06092964824120603,0.7608877721943048,,,,
05364,2006,1,0.14197642792384407,0.8050770625566637,,0.08104677968263804,0.04418929036235886,
05364,2010,1,0.03227450314251741,0.5924919313742144,,-0.10970192478132666,-0.21258513118244926,
05364,2010,2,,0.7951006124234471,,,,
05364,2014,1,,0.43633627985706225,,,-0.15615565151715216,
05364,2014,2,,0.7002967359050445,,,-0.09480387651840261,
05364,2018,1,0.10155586987270156,0.5964639321074965,,,0.16012765225043424,
05364,2018,2,0.19550682000534902,0.7548809842203797,,,0.05458424831533526,
05368,2002,1,0.13193403298350825,0.69608053116299,,,,
05368,2006,1,0.0770849273144606,0.8326319816373374,,-0.05484910566904766,0.13655145047434747,
05368,2010,1,0.008352315869400152,0.6940015186028854,,-0.06873261144506045,-0.13863046303445203,
05368,2010,2,,0.8712927756653992,,,,
05368,2014,1,,0.4729351376574895,,,-0.22106638094539588,
05368,2014,2,,0.7335386984982672,,,-0.13775407716713195,
05368,2018,1,0.031065881092662024,0.6845206213176218,,,0.2115854836601323,
05368,2018,2,0.10134152254727655,0.8534022951349604,,,0.1198635966366931,
05376,2002,1,0.09602862673784243,0.6802369918460727,,,,
05376,2006,1,0.14807843137254903,0.7538823529411764,,0.0520498046347066,0.07364536109510378,
05376,2010,1,0.022561227771906448,0.4619307999816202,,-0.12551720360064259,-0.29195155295955627,
05376,2010,2,,0.7162659408236303,,,,
05376,2014,1,,0.3797963305117518,,,-0.08213446946986835,
05376,2014,2,,0.603030303030303,,,-0.11323563779332724,
05376,2018,1,0.044952633801967054,0.5303505702045496,,,0.15055423969279774,
05376,2018,2,0.16327720008588695,0.7558663844667342,,,0.15283608143643113,
05380,2002,1,0.15105094406840042,0.6039187744923405,,,,
05380,2006,1,0.24191852825229962,0.6369908015768725,,0.0908675841838992,0.03307202708453194,
05380,2010,1,0.03192626915830745,0.3510362034726819,,-0.20999225909399216,-0.2859545981041906,
05380,2010,2,,0.6302730970366066,,,,
05380,2014,1,,0.31324082104654527,,,-0.037795382426136614,
05380,2014,2,,0.4972411695703176,,,-0.133031927466289,
05380,2018,1,0.06660249082486011,0.4593586426809458,,,0.1461178216344005,
05380,2018,2,0.22179097937337633,0.6877836552004758,,,0.1905424856301582,
05390,2002,1,0.37996980372420736,0.47257171615500754,,,,
05390,2006,1,0.07119741100323625,0.7998150716597319,,-0.3087723927209711,0.32724335550472433,
05390,2010,1,0.017077045274027005,0.6985702938840349,,-0.05412036572920924,-0.10124477777569696,
05390,2010,2,,0.861322188449848,,,,
05390,2014,1,,0.5033164260632071,,,-0.19525386782082776,
05390,2014,2,,0.6469277300222859,,,-0.2143944584275621,
05390,2018,1,0.05766444508838018,0.6505360764995654,,,0.1472196504363582,
05390,2018,2,0.15667688876498467,0.7964873153052691,,,0.1495595852829832,
05400,2002,1,0.16269258987527513,0.5852898019075569,,,,
05400,2006,1,0.11229778545625883,0.7362965289775404,,-0.050394804419016295,0.15100672706998353,
05400,2010,1,0.011018609206660137,0.5746816846229187,,-0.1012791762495987,-0.1616148443546217,
05400,2010,2,,0.8168112074716478,,,,
05400,2014,1,,0.4398989898989899,,,-0.1347826947239288,
05400,2014,2,,0.679247396124986,,,-0.13756381134666185,
05400,2018,1,0.04343955848317607,0.5489585187822681,,,0.10905952888327819,
05400,2018,2,0.14856089856089857,0.7922955422955423,,,0.11304814617055636,
05411,2002,1,0.11320754716981132,0.57221269296741,,,,
05411,2006,1,0.10678674815053071,0.8021871984560952,,-0.00642079901928061,0.22997450548868525,
05411,2010,1,0.011559063997744572,0.5976881872004511,,-0.09522768415278614,-0.20449901125564407,
05411,2010,2,,0.847255369928401,,,,
05411,2014,1,,0.47832541567695963,,,-0.1193627715234915,
05411,2014,2,,0.686935866983373,,,-0.16031950294502806,
05411,2018,1,0.03907514450867052,0.6899421965317919,,,0.21161678085483226,
05411,2018,2,0.10159865376525032,0.8525452250736222,,,0.16560935809024924,
05425,2002,1,0.13085714285714287,0.556,,,,
05425,2006,1,0.10729080364540182,0.8156586578293289,,-0.023566339211741047,0.25965865782932884,
05425,2010,1,0.013665594855305467,0.6113344051446945,,-0.09362520879009635,-0.2043242526846344,
05425,2010,2,,0.7876884422110553,,,,
05425,2014,1,,0.351921274601687,,,-0.2594131305430075,
05425,2014,2,,0.5140419480981159,,,-0.2736464941129394,
05425,2018,1,0.05973513665821358,0.642152719075796,,,0.290231444474109,
05425,2018,2,0.1344997266265719,0.816566429743029,,,0.3025244816449131,
05440,2002,1,0.04571042557982436,0.7315169256173535,,,,
05440,2006,1,0.20662100456621005,0.7192452323395111,,0.1609105789863857,-0.012271693277842388,
05440,2010,1,0.031547584272945024,0.4996202605596775,,-0.17507342029326503,-0.2196249717798336,
05440,2010,2,,0.7341996830427893,,,,
05440,2014,1,,0.41766483220028056,,,-0.08195542835939695,
05440,2014,2,,0.6052932121753811,,,-0.12890647086740814,
05440,2018,1,0.0694648632755072,0.5815936489267862,,,0.16392881672650567,
05440,2018,2,0.18550864078747734,0.7561336639159235,,,0.1508404517405424,
05467,2002,1,0.4032258064516129,0.27180406212664276,,,,
05467,2006,1,0.0673076923076923,0.7253344481605352,,-0.3359181141439206,0.4535303860338924,
05467,2010,1,0.006193228736581338,0.5953757225433526,,-0.061114463571110965,-0.12995872561718258,
05467,2010,2,,0.842286205414697,,,,
05467,2014,1,,0.44413793103448274,,,-0.15123779150886985,
05467,2014,2,,0.6410810810810811,,,-0.20120512433361593,
05467,2018,1,0.03776223776223776,0.5699300699300699,,,0.12579213889558716,
05467,2018,2,0.11335764003977461,0.8170367915147497,,,0.17595571043366864,
05475,2006,1,0.05226480836236934,0.42160278745644597,,,,
05475,2010,1,0.009009009009009009,0.46126126126126127,,-0.04325579935336033,0.0396584738048153,
05475,2010,2,,0.7530364372469636,,,,
05475,2014,1,,0.03902439024390244,,,-0.42223687101735885,
05475,2014,2,,0.04240282685512368,,,-0.7106336103918399,
05475,2018,1,0.6580645161290323,0.06989247311827956,,,0.030868082874377124,
05475,2018,2,0.8668206312548113,0.11393379522709776,,,0.07153096837197409,
05480,2002,1,0.29533333333333334,0.5666666666666667,,,,
05480,2006,1,0.07565263718700053,0.6558337773042089,,-0.2196806961463328,0.08916711063754224,
05480,2010,1,0.029056480574600065,0.6960496245510936,,-0.04659615661240047,0.04021584724688476,
05480,2010,2,,0.843915343915344,,,,
05480,2014,1,,0.2304918032786885,,,-0.46555782127240514,
05480,2014,2,,0.24079382579933847,,,-0.6031215181160055,
05480,2018,1,0.19379276637341153,0.4252199413489736,,,0.1947281380702851,
05480,2018,2,0.3870357227348001,0.5710906079962148,,,0.3302967821968763,
05483,2002,1,0.06442577030812324,0.7640056022408963,,,,
05483,2006,1,0.03171753441053261,0.87672052663076,,-0.03270823589759063,0.11271492438986375,
05483,2010,1,0.0059430716296528,0.8579918673756647,,-0.025774462780879814,-0.01872865925509537,
05483,2010,2,,0.9397702576839491,,,,
05483,2014,1,,0.7668511885379355,,,-0.09114067883772914,
05483,2014,2,,0.8234997478567827,,,-0.11627050982716636,
05483,2018,1,0.029927204098139662,0.833647883526557,,,0.06679669498862151,
05483,2018,2,0.040350024307243555,0.9358288770053476,,,0.11232912914856485,
05490,2002,1,0.48694717444717445,0.42936117936117935,,,,
05490,2006,1,0.04548979064357715,0.7118118376841561,,-0.4414573838035973,0.2824506583229768,
05490,2010,1,0.019695115166351397,0.6402581506620675,,-0.025794675477225755,-0.07155368702208864,
05490,2010,2,,0.8129156833297576,,,,
05490,2014,1,,0.2603225806451613,,,-0.3799355700169062,
05490,2014,2,,0.3120572664230855,,,-0.5008584169066721,
05490,2018,1,0.22115062059711507,0.49085877222408586,,,0.23053619157892458,
05490,2018,2,0.33097551496307814,0.6314807617567042,,,0.3194234953336187,
05495,2002,1,0.5767441860465117,0.3358139534883721,,,,
05495,2006,1,0.11168384879725086,0.5833333333333334,,-0.4650603372492608,0.24751937984496125,
05495,2010,1,0.01762402088772846,0.6692776327241079,,-0.0940598279095224,0.08594429939077453,
05495,2010,2,,0.8212952799121844,,,,
05495,2014,1,,0.3930574098798398,,,-0.2762202228442681,
05495,2014,2,,0.554766231620684,,,-0.2665290482915005,
05495,2018,1,0.18311926605504586,0.6111926605504587,,,0.21813525067061895,
05495,2018,2,0.25615474794841736,0.7172723720203205,,,0.1625061403996365,
05501,2002,1,0.21385902031063322,0.5424133811230586,,,,
05501,2006,1,0.09687184661957618,0.7447023208879919,,-0.11698717369105704,0.20228893976493334,
05501,2010,1,0.017126546146527116,0.50523311132255,,-0.07974530047304906,-0.23946920956544193,
05501,2010,2,,0.7986447241045499,,,,
05501,2014,1,,0.49294354838709675,,,-0.012289562935453247,
05501,2014,2,,0.7215865751334859,,,-0.077058148971064,
05501,2018,1,0.04676018704074816,0.6813627254509018,,,0.18841917706380507,
05501,2018,2,0.10862818125387957,0.8491620111731844,,,0.12757543603969845,
05541,2002,1,0.08493696084936961,0.6134704711347048,,,,
05541,2006,1,0.10612492419648271,0.8473822518698201,,0.021187963347113106,0.23391178073511532,
05541,2010,1,0.01673840267814443,0.6727243743025666,,-0.08938652151833829,-0.17465787756725348,
05541,2010,2,,0.8613521034539204,,,,
05541,2014,1,,0.4313553370786517,,,-0.2413690372239149,
05541,2014,2,,0.6459420289855072,,,-0.2154100744684132,
05541,2018,1,0.05519658306866718,0.647574197787756,,,0.21621886070910434,
05541,2018,2,0.11997480843917288,0.8354151359294636,,,0.18947310694395636,
05543,2002,1,0.8196286472148541,0.04509283819628647,,,,
05543,2006,1,0.15915915915915915,0.44084084084084085,,-0.6604694880556949,0.3957480026445544,
05543,2010,1,0.01620745542949757,0.4683954619124797,,-0.1429517037296616,0.027554621071638863,
05543,2010,2,,0.835431654676259,,,,
05543,2014,1,,0.47619047619047616,,,0.007795014277996448,
05543,2014,2,,0.5005265005265005,,,-0.3349051541497585,
05543,2018,1,0.0432825484764543,0.47541551246537395,,,-0.0007749637251022179,
05543,2018,2,0.14918414918414918,0.7892107892107892,,,0.28868428868428875,
05576,2002,1,0.24397339983374897,0.600166251039069,,,,
05576,2006,1,0.08563425370148059,0.8327330932372949,,-0.15833914613226838,0.232566842198226,
05576,2010,1,0.015513126491646777,0.7012728719172633,,-0.07012112720983381,-0.13146022132003166,
05576,2010,2,,0.8765290519877675,,,,
05576,2014,1,,0.5578460244005048,,,-0.1434268475167585,
05576,2014,2,,0.7757247531060847,,,-0.10080429888168285,
05576,2018,1,0.045721750489875895,0.701175702155454,,,0.1433296777549492,
05576,2018,2,0.09795570698466781,0.8699602498580352,,,0.09423549675195053,
05579,2002,1,0.2942413620430646,0.5255883825738608,,,,
05579,2006,1,0.17781299524564184,0.5820390913893291,,-0.11642836679742277,0.05645070881546832,
05579,2010,1,0.03730598166470001,0.45438867205228284,,-0.14050701358094184,-0.12765041933704624,
05579,2010,2,,0.674516159786443,,,,
05579,2014,1,,0.3301613570541994,,,-0.12422731499808343,
05579,2014,2,,0.5052828902522154,,,-0.16923326953422757,
05579,2018,1,0.11732978425329224,0.5099467637993835,,,0.17978540674518412,
05579,2018,2,0.24644516401520483,0.684710685625792,,,0.17942779537357656,
05585,2002,1,0.38098389587469667,0.38208691815574675,,,,
05585,2006,1,0.3628189550425273,0.5001215066828676,,-0.018164940832169352,0.11803458852712084,
05585,2010,1,0.16486421533285267,0.41744772891131937,,-0.19795473970967464,-0.08267377777154822,
05585,2010,2,,0.629678094739597,,,,
05585,2014,1,,0.2074251497005988,,,-0.21002257921072057,
05585,2014,2,,0.2678741658722593,,,-0.3618039288673377,
05585,2018,1,0.20467185761957732,0.3264738598442714,,,0.1190487101436726,
05585,2018,2,0.3496111412551999,0.6125881714595768,,,0.34471400558731746,
05591,2002,1,0.10311936065996391,0.6746584171178138,,,,
05591,2006,1,0.11613540894489746,0.7889794909809735,,0.013016048284933551,0.1143210738631597,
05591,2010,1,0.01752638916550488,0.6347341167098187,,-0.09860901977939258,-0.1542453742711548,
05591,2010,2,,0.8325427923283151,,,,
05591,2014,1,,0.48720705224682864,,,-0.14752706446299008,
05591,2014,2,,0.6450261780104712,,,-0.18751661431784383,
05591,2018,1,0.07697831394513859,0.6660922016372254,,,0.17888514939039674,
05591,2018,2,0.14205709602513317,0.8154623685288895,,,0.1704361905184183,
05604,2002,1,0.19757738896366084,0.5623149394347241,,,,
05604,2006,1,0.14988587370022824,0.7045396905909206,,-0.0476915152634326,0.14222475115619648,
05604,2010,1,0.028047952951820856,0.5035059941189776,,-0.12183792074840738,-0.20103369647194302,
05604,2010,2,,0.7464685825621042,,,,
05604,2014,1,,0.2546451416387451,,,-0.2488608524802325,
05604,2014,2,,0.47109152190821885,,,-0.2753770606538854,
05604,2018,1,0.13746047595273755,0.29006490264603096,,,0.03541976100728589,
05604,2018,2,0.35647143890093996,0.5281995661605207,,,0.057108044252301815,
05607,2002,1,0.1091799652393743,0.7102227840101122,,,,
05607,2006,1,0.1655049681150823,0.7505561322853329,,0.056325002875708005,0.040333348275220726,
05607,2010,1,0.015229092818695025,0.5013784954706577,,-0.15027587529638728,-0.2491776368146752,
05607,2010,2,,0.7363048166786484,,,,
05607,2014,1,,0.4543017957652104,,,-0.04707669970544731,
05607,2014,2,,0.6555001738727252,,,-0.08080464280592325,
05607,2018,1,0.03123434107232337,0.6509103056622683,,,0.19660850989705786,
05607,2018,2,0.12221112221112221,0.8180985680985681,,,0.16259839422584288,
05615,2002,1,0.07245767167946156,0.7299663476706278,,,,
05615,2006,1,0.22491108334134385,0.6794674613092377,,0.1524534116618823,-0.050498886361390105,
05615,2010,1,0.033579918543761945,0.43955199069071565,,-0.19133116479758192,-0.2399154706185221,
05615,2010,2,,0.6939899525279992,,,,
05615,2014,1,,0.37849489368826383,,,-0.06105709700245182,
05615,2014,2,,0.5989941094737666,,,-0.09499584305423259,
05615,2018,1,0.06270365109867157,0.538544016487036,,,0.16004912279877215,
05615,2018,2,0.18789081460754362,0.7374296890614739,,,0.13843557958770725,
05628,2002,1,0.32570093457943927,0.32710280373831774,,,,
05628,2006,1,0.06872509960159362,0.6523904382470119,,-0.25697583497784565,0.3252876345086942,
05628,2010,1,0.005422153369481022,0.46049573973663827,,-0.06330294623211259,-0.19189469851037366,
05628,2010,2,,0.8826603325415677,,,,
05628,2014,1,,0.5019388194743645,,,0.04144307973772621,
05628,2014,2,,0.6787060301507538,,,-0.2039543023908139,
05628,2018,1,0.03818537859007833,0.7431462140992167,,,0.2412073946248522,
05628,2018,2,0.08543295684911671,0.8662033014769766,,,0.18749727132622274,
05631,2002,1,0.07947104891513673,0.7335344716908461,,,,
05631,2006,1,0.19146669656873738,0.7106413994169096,,0.11199564765360065,-0.022893072273936443,
05631,2010,1,0.029505237964452466,0.3637933063914937,,-0.1619614586042849,-0.3468480930254159,
05631,2010,2,,0.6557049660497937,,,,
05631,2014,1,,0.342240005425384,,,-0.02155330096610969,
05631,2014,2,,0.5329536728948042,,,-0.12275129315498945,
05631,2018,1,0.059650013753993945,0.5443196004993758,,,0.20207959507399176,
05631,2018,2,0.19877971160810307,0.7301977481728595,,,0.19724407527805532,
05642,2002,1,0.06839772007599747,0.8109563014566181,,,,
05642,2006,1,0.03383458646616541,0.9197994987468672,,-0.034563133609832056,0.10884319729024905,
05642,2010,1,0.010098325803879883,0.7924528301886793,,-0.023736260662285527,-0.12734666855818788,
05642,2010,2,,0.91765597373074,,,,
05642,2014,1,,0.6418292292932524,,,-0.15062360089542692,
05642,2014,2,,0.8165338645418326,,,-0.1011221091889074,
05642,2018,1,0.024412296564195298,0.8253164556962025,,,0.18348722640295012,
05642,2018,2,0.054766414141414144,0.9165088383838383,,,0.09997497384200571,
05647,2002,1,0.12490362374710871,0.37625289128758677,,,,
05647,2006,1,0.18881856540084388,0.6888185654008439,,0.06391494165373517,0.3125656741132571,
05647,2010,1,0.022540983606557378,0.4583333333333333,,-0.1662775817942865,-0.23048523206751054,
05647,2010,2,,0.7631964809384164,,,,
05647,2014,1,,0.43423661599471247,,,-0.024096717338620843,
05647,2014,2,,0.6722513089005235,,,-0.09094517203789287,
05647,2018,1,0.05491762356465302,0.5916125811283075,,,0.15737596513359503,
05647,2018,2,0.1203183520599251,0.797752808988764,,,0.12550150008824046,
05649,2002,1,0.055284552845528454,0.6077235772357723,,,,
05649,2006,1,0.08882235528942116,0.8100465735196274,,0.033537802443892706,0.20232299628385508,
05649,2010,1,0.012360446570972886,0.6559011164274322,,-0.07646190871844827,-0.15414545709219518,
05649,2010,2,,0.8917464114832536,,,,
05649,2014,1,,0.34102852852852855,,,-0.31487258789890366,
05649,2014,2,,0.4518869465773566,,,-0.439859464905897,
05649,2018,1,0.04971766974245972,0.6364137171188542,,,0.29538518859032564,
05649,2018,2,0.12927130506381226,0.8221490325236723,,,0.3702620859463157,
05652,2002,1,0.15384615384615385,0.21794871794871795,,,,
05652,2006,1,0.04884318766066838,0.8303341902313625,,-0.10500296618548548,0.6123854722826445,
05652,2010,1,0.008777062609713282,0.7624341720304272,,-0.040066125050955095,-0.06790001820093527,
05652,2010,2,,0.8530524041058887,,,,
05652,2014,1,,0.45213628988642507,,,-0.3102978821440021,
05652,2014,2,,0.4888705688375927,,,-0.36418183526829595,
05652,2018,1,0.06487523992322457,0.7412667946257198,,,0.2891305047392947,
05652,2018,2,0.11718470882458021,0.8520900321543409,,,0.36321946331674815,
05656,2002,1,0.2825099375354912,0.5468483816013628,,,,
05656,2006,1,0.1529831718510964,0.7320244773074962,,-0.1295267656843948,0.18517609570613336,
05656,2010,1,0.026494416465951392,0.5905408364352966,,-0.126488755385145,-0.14148364087219956,
05656,2010,2,,0.7820994475138121,,,,
05656,2014,1,,0.45058626465661644,,,-0.1399545717786802,
05656,2014,2,,0.5999217833398514,,,-0.18217766417396075,
05656,2018,1,0.03814973772055317,0.6717532983627404,,,0.221167033706124,
05656,2018,2,0.0944186046511628,0.8545736434108527,,,0.2546518600710014,
05658,2002,1,0.05047619047619047,0.6,,,,
05658,2006,1,0.06749418153607448,0.8409619860356866,,0.017017991059884004,0.24096198603568664,
05658,2010,1,0.01556420233463035,0.488715953307393,,-0.051929979201444126,-0.35224603272829363,
05658,2010,2,,0.7935656836461126,,,,
05658,2014,1,,0.33947772657450076,,,-0.14923822673289222,
05658,2014,2,,0.6339596381350034,,,-0.15960604551110913,
05658,2018,1,0.03684550743374273,0.5145442792501616,,,0.1750665526756608,
05658,2018,2,0.09870967741935484,0.8258064516129032,,,0.19184681347789978,
05659,2002,1,0.7599009900990099,0.19746974697469746,,,,
05659,2006,1,0.06653728860548933,0.4704740781813141,,-0.6933637014935206,0.2730043312066166,
05659,2010,1,0.03427340383862123,0.7436349392871132,,-0.032263884766868096,0.2731608611057991,
05659,2010,2,,0.8693652253909844,,,,
05659,2014,1,,0.204683434518647,,,-0.5389515047684662,
05659,2014,2,,0.2129541434208736,,,-0.6564110819701108,
05659,2018,1,0.23467322151532677,0.44144013880855987,,,0.23675670428991286,
05659,2018,2,0.38614800759013285,0.5885063702900515,,,0.3755522268691779,
05660,2002,1,0.0392156862745098,0.4215686274509804,,,,
05660,2006,1,0.059873344847438115,0.8796776050662061,,0.02065765857292831,0.4581089776152257,
05660,2010,1,0.009407858328721638,0.7825124515771997,,-0.050465486518716476,-0.09716515348900634,
05660,2010,2,,0.8933623503808488,,,,
05660,2014,1,,0.4830508474576271,,,-0.2994616041195726,
05660,2014,2,,0.6499783268313828,,,-0.24338402354946598,
05660,2018,1,0.06279620853080568,0.759478672985782,,,0.27642782552815487,
05660,2018,2,0.10610036077402427,0.8579862249918006,,,0.20800789816041776,
05664,2002,1,0.05992329817833174,0.7750079897730905,,,,
05664,2006,1,0.1206415620641562,0.7737796373779637,,0.060718263885824464,-0.0012283523951267528,
05664,2010,1,0.011522134627046696,0.48756822316555487,,-0.1091194274371095,-0.28621141421240887,
05664,2010,2,,0.7996366467687516,,,,
05664,2014,1,,0.37723214285714285,,,-0.11033608030841202,
05664,2014,2,,0.6835734870317003,,,-0.11606315973705128,
05664,2018,1,0.03547400611620795,0.6696373962429009,,,0.292405253385758,
05664,2018,2,0.10374810062468344,0.8337835556305926,,,0.1502100685988923,
05665,2002,1,0.31677508377685787,0.5921545436625271,,,,
05665,2006,1,0.056722076407115775,0.8279381743948673,,-0.2600530073697421,0.2357836307323402,
05665,2010,1,0.017097581317764805,0.8001112037809286,,-0.03962449508935097,-0.027826970613938684,
05665,2010,2,,0.8932869751270394,,,,
05665,2014,1,,0.3836986905987936,,,-0.416412513182135,
05665,2014,2,,0.4351691018698273,,,-0.45811787325721204,
05665,2018,1,0.13427190586257617,0.5910905652447993,,,0.20739187464600572,
05665,2018,2,0.209910078681154,0.7596478081678532,,,0.32447870629802583,
05667,2002,1,0.09769687964338782,0.5163447251114414,,,,
05667,2006,1,0.11719883889695211,0.806966618287373,,0.019501959253564294,0.2906218931759317,
05667,2010,1,0.013741833746339265,0.6823608920928137,,-0.10345700515061285,-0.12460572619455934,
05667,2010,2,,0.8586956521739131,,,,
05667,2014,1,,0.352953074433657,,,-0.3294078176591567,
05667,2014,2,,0.49734634480397194,,,-0.36134930736994114,
05667,2018,1,0.04923230974632844,0.6328437917222964,,,0.27989071728863946,
05667,2018,2,0.13369669765950626,0.8105161910868868,,,0.31316984628291483,
05670,2002,1,0.08854060655404031,0.6242621616120496,,,,
05670,2006,1,0.12090313182811362,0.798980335032775,,0.03236252527407331,0.17471817342072538,
05670,2010,1,0.016823552974163828,0.5856198678149409,,-0.10407957885394979,-0.21336046721783408,
05670,2010,2,,0.8231418571134446,,,,
05670,2014,1,,0.5077126487439401,,,-0.07790721907100084,
05670,2014,2,,0.6672541416989778,,,-0.15588771541446678,
05670,2018,1,0.043451652386780906,0.715422276621787,,,0.20770962787784697,
05670,2018,2,0.0971540726202159,0.8509743445955419,,,0.1837202028965641,
05674,2002,1,0.04377431906614786,0.7303826199740596,,,,
05674,2006,1,0.08342133051742344,0.8610084477296727,,0.03964701145127558,0.13062582775561304,
05674,2010,1,0.016642891107941038,0.7171897289586305,,-0.0667784394094824,-0.14381871877104213,
05674,2010,2,,0.8758544921875,,,,
05674,2014,1,,0.5288270377733598,,,-0.18836269118527071,
05674,2014,2,,0.7616127200454287,,,-0.11424177214207132,
05674,2018,1,0.05150562709114874,0.6990773598296665,,,0.17025032205630664,
05674,2018,2,0.11471861471861472,0.8413026367571822,,,0.07968991671175352,
05679,2002,1,0.36708670867086707,0.42514251425142513,,,,
05679,2006,1,0.17730755198832543,0.7363492642587863,,-0.18977915668254164,0.3112067500073612,
05679,2010,1,0.02122130792550888,0.6257037678648766,,-0.15608624406281654,-0.11064549639390975,
05679,2010,2,,0.794283239497618,,,,
05679,2014,1,,0.3702379315087333,,,-0.2554658363561433,
05679,2014,2,,0.5830111565226996,,,-0.2112720829749184,
05679,2018,1,0.06337531486146096,0.523727959697733,,,0.1534900281889997,
05679,2018,2,0.1634777715250422,0.7653348339898706,,,0.18232367746717093,
05686,2002,1,0.05789361247596667,0.7255928220465713,,,,
05686,2006,1,0.08992506244796003,0.8097418817651957,,0.03203144997199336,0.08414905971862441,
05686,2010,1,0.014987827145465612,0.50007608034084,,-0.07493723530249442,-0.30966580142435574,
05686,2010,2,,0.7710110651237435,,,,
05686,2014,1,,0.3853562974451065,,,-0.11471978289573342,
05686,2014,2,,0.6989576946658492,,,-0.07205337045789428,
05686,2018,1,0.037488708220415536,0.5963350109691573,,,0.2109787135240508,
05686,2018,2,0.10958726872816664,0.8163410531763489,,,0.11738335851049964,
05690,2002,1,0.114688745783502,0.5038331800061331,,,,
05690,2006,1,0.16410898841215157,0.7391168180394613,,0.04942024262864958,0.2352836380333282,
05690,2010,1,0.022509848058525603,0.49577940348902644,,-0.14159914035362597,-0.24333741455043484,
05690,2010,2,,0.8027067669172933,,,,
05690,2014,1,,0.37601442741208296,,,-0.11976497607694347,
05690,2014,2,,0.5648260763804427,,,-0.23788069053685057,
05690,2018,1,0.04526654411764706,0.5994944852941176,,,0.22348005788203468,
05690,2018,2,0.11328790459965929,0.8283645655877342,,,0.2635384892072915,
05697,2002,1,0.061634422243366106,0.7575853684321809,,,,
05697,2006,1,0.07675328584328284,0.8582321661482893,,0.01511886359991673,0.1006467977161084,
05697,2010,1,0.015373918417799753,0.6383652657601978,,-0.06137936742548308,-0.21986690038809154,
05697,2010,2,,0.8665645408368943,,,,
05697,2014,1,,0.5114873937043115,,,-0.1268778720558863,
05697,2014,2,,0.7428122993507883,,,-0.12375224148610597,
05697,2018,1,0.041363063605982575,0.7480962033638306,,,0.23660880965951914,
05697,2018,2,0.09845984598459846,0.8636963696369637,,,0.12088407028617543,
05736,2002,1,0.20309258910050915,0.5762775787290213,,,,
05736,2006,1,0.2042594385285576,0.622136172959019,,0.0011668494280484554,0.04585859422999772,
05736,2010,1,0.03737402015677491,0.29493281075027994,,-0.1668854183717827,-0.3272033622087391,
05736,2010,2,,0.6669278996865203,,,,
05736,2014,1,,0.2039577243085226,,,-0.09097508644175734,
05736,2014,2,,0.39955727725511897,,,-0.26737062243140136,
05736,2018,1,0.20944799686806734,0.2320240114837531,,,0.028066287175230492,
05736,2018,2,0.5220994475138122,0.35714285714285715,,,-0.04241442011226182,
05756,2002,1,0.07765814266487214,0.604306864064603,,,,
05756,2006,1,0.06393496649456223,0.8562012523343953,,-0.013723176170309909,0.25189438826979227,
05756,2010,1,0.009439478740289033,0.782474312922897,,-0.0544954877542732,-0.07372693941149822,
05756,2010,2,,0.8923400673400673,,,,
05756,2014,1,,0.5812893225129935,,,-0.20118499040990356,
05756,2014,2,,0.7614586559306287,,,-0.13088141140943865,
05756,2018,1,0.029483686159435477,0.7630825124013135,,,0.18179318988832005,
05756,2018,2,0.07012335906062406,0.8900982914440266,,,0.12863963551339797,
05761,2002,1,0.37309594460929774,0.47893175074183975,,,,
05761,2006,1,0.1987242394504416,0.6268400392541708,,-0.17437170515885614,0.147908288512331,
05761,2010,1,0.024307900067521943,0.40693225298221924,,-0.17441633938291964,-0.2199077862719515,
05761,2010,2,,0.7071100917431192,,,,
05761,2014,1,,0.3565369261477046,,,-0.05039532683451464,
05761,2014,2,,0.513617960986382,,,-0.1934921307567372,
05761,2018,1,0.061564625850340136,0.5479591836734694,,,0.1914222575257648,
05761,2018,2,0.17383423957818422,0.7597627286208601,,,0.24614476763447812,
05789,2002,1,0.13598292001970766,0.610280834291345,,,,
05789,2006,1,0.13655640373197625,0.7928753180661577,,0.000573483712268591,0.1825944837748127,
05789,2010,1,0.026908737234559898,0.6265196952504458,,-0.10964766649741635,-0.16635562281571192,
05789,2010,2,,0.8072625698324022,,,,
05789,2014,1,,0.38269193201797225,,,-0.24382776323247357,
05789,2014,2,,0.6553907939450108,,,-0.15187177588739142,
05789,2018,1,0.06041890440386681,0.597610096670247,,,0.21491816465227476,
05789,2018,2,0.15422498703991705,0.7855106272680145,,,0.1301198333230037,
05790,2002,1,0.3442065239143486,0.419851911146688,,,,
05790,2006,1,0.1350151362260343,0.28193743693239154,,-0.20919138768831427,-0.13791447421429648,
05790,2010,1,0.04978062774215322,0.1360107998650017,,-0.08523450848388109,-0.14592663706738984,
05790,2010,2,,0.33674201650520275,,,,
05790,2014,1,,0.19004808697470207,,,0.05403728710970038,
05790,2014,2,,0.2907801418439716,,,-0.04596187466123114,
05790,2018,1,0.22702991452991453,0.35345441595441596,,,0.16340632897971388,
05790,2018,2,0.429014598540146,0.4923357664233577,,,0.20155562457938608,
05792,2002,1,0.38636363636363635,0.4778138528138528,,,,
05792,2006,1,0.08668197474167623,0.5556831228473019,,-0.29968166162196014,0.07786927003344912,
05792,2010,1,0.02006335797254488,0.295142555438226,,-0.06661861676913135,-0.26054056740907594,
05792,2010,2,,0.8079161816065192,,,,
05792,2014,1,,0.323943661971831,,,0.028801106533605014,
05792,2014,2,,0.4699579027937237,,,-0.33795827881279555,
05792,2018,1,0.06896551724137931,0.5726080621661,,,0.24866440019426905,
05792,2018,2,0.2099601593625498,0.751792828685259,,,0.2818349258915353,
05809,2002,1,0.34545454545454546,0.5036363636363637,,,,
05809,2006,1,0.12283464566929134,0.7288188976377953,,-0.22261989978525412,0.22518253400143162,
05809,2010,1,0.013711436584605797,0.5450296042380804,,-0.10912320908468554,-0.18378929339971484,
05809,2010,2,,0.7373018440634099,,,,
05809,2014,1,,0.3260115606936416,,,-0.21901804354443882,
05809,2014,2,,0.4493498639250076,,,-0.28795198013840234,
05809,2018,1,0.036508463325589116,0.4922004646531696,,,0.16618890395952796,
05809,2018,2,0.12273972602739726,0.8057534246575343,,,0.3564035607325267,
05819,2002,1,0.17709335899903753,0.1588065447545717,,,,
05819,2006,1,0.12874251497005987,0.6806387225548902,,-0.04835084402897766,0.5218321778003185,
05819,2010,1,0.018285714285714287,0.42514285714285716,,-0.11045680068434557,-0.25549586541203306,
05819,2010,2,,0.714107365792759,,,,
05819,2014,1,,0.3005008347245409,,,-0.12464202241831623,
05819,2014,2,,0.6322130627774255,,,-0.08189430301533351,
05819,2018,1,0.07528840315725562,0.573163327261688,,,0.272662492537147,
05819,2018,2,0.15418994413407822,0.7195530726256983,,,0.08734000984827284,
05837,2002,1,0.6273494823600362,0.3117901296612725,,,,
05837,2006,1,0.056684394745215694,0.45224782944679304,,-0.5706650876148205,0.14045769978552053,
05837,2010,1,0.07022175290390707,0.5506159802886308,,0.013537358158691379,0.09836815084183775,
05837,2010,2,,0.733123165561474,,,,
05837,2014,1,,0.2296721070430819,,,-0.32094387324554885,
05837,2014,2,,0.27175682527821515,,,-0.4613663402832589,
05837,2018,1,0.3793731041456016,0.34571717463527374,,,0.11604506759219183,
05837,2018,2,0.4679325818102222,0.48817992776622526,,,0.2164231024880101,
05842,2002,1,0.5051140833988985,0.26042486231313927,,,,
05842,2006,1,0.10889774236387782,0.5956175298804781,,-0.3962163410350207,0.33519266756733884,
05842,2010,1,0.015691007845503924,0.6366928183464092,,-0.0932067345183739,0.041075288465931115,
05842,2010,2,,0.8608221892025756,,,,
05842,2014,1,,0.24312431243124313,,,-0.3935685059151661,
05842,2014,2,,0.34736428009441384,,,-0.5134579091081617,
05842,2018,1,0.03681666046857568,0.46708813685384903,,,0.2239638244226059,
05842,2018,2,0.09123563218390805,0.8548850574712644,,,0.5075207773768506,
05847,2002,1,0.26986754966887416,0.5418637653736992,,,,
05847,2006,1,0.07029304730894465,0.8257038881440337,,-0.19957450235992952,0.28384012277033455,
05847,2010,1,0.008190832016094267,0.7259663744790918,,-0.06210221529285038,-0.09973751366494188,
05847,2010,2,,0.884440149109485,,,,
05847,2014,1,,0.48962848297213624,,,-0.2363378915069556,
05847,2014,2,,0.6280156624984211,,,-0.2564244866110639,
05847,2018,1,0.062145529142029685,0.5910462169663329,,,0.10141773399419662,
05847,2018,2,0.13014864404856463,0.8091455803926019,,,0.18112991789418076,
05854,2002,1,0.30984126984126986,0.37142857142857144,,,,
05854,2006,1,0.18257756563245822,0.49403341288782815,,-0.12726370420881164,0.12260484145925671,
05854,2010,1,0.017269076305220885,0.19236947791164657,,-0.16530848932723735,-0.3016639349761816,
05854,2010,2,,0.46701954397394135,,,,
05854,2014,1,,0.2752538749331908,,,0.08288439702154424,
05854,2014,2,,0.40297061672586376,,,-0.06404892724807759,
05854,2018,1,0.11695278969957082,0.4853361945636624,,,0.21008231963047158,
05854,2018,2,0.248767663489977,0.6749917844232665,,,0.2720211676974027,
05856,2002,1,0.2621776504297994,0.562559694364852,,,,
05856,2006,1,0.2389687654933069,0.6727813584531482,,-0.023208884936492508,0.11022166408829626,
05856,2010,1,0.03170955882352941,0.36580882352941174,,-0.20725920666977748,-0.3069725349237365,
05856,2010,2,,0.6918304033092038,,,,
05856,2014,1,,0.33161350844277676,,,-0.03419531508663498,
05856,2014,2,,0.5007468259895445,,,-0.1910835773196593,
05856,2018,1,0.09020332717190388,0.5149722735674677,,,0.1833587651246909,
05856,2018,2,0.1881081081081081,0.7383783783783784,,,0.23763155238883393,
05858,2002,1,0.2349109856708641,0.43465045592705165,,,,
05858,2006,1,0.06015625,0.84375,,-0.1747547356708641,0.40909954407294835,
05858,2010,1,0.011432414256893073,0.6997310020174848,,-0.04872383574310693,-0.14401899798251516,
05858,2010,2,,0.8861101723555255,,,,
05858,2014,1,,0.48639736191261335,,,-0.2133336401048715,
05858,2014,2,,0.6518230723251643,,,-0.23428710003036113,
05858,2018,1,0.04696356275303644,0.665587044534413,,,0.17918968262179963,
05858,2018,2,0.08392118705910971,0.8688883483337387,,,0.2170652760085744,
05861,2002,1,0.300833543824198,0.5428138418792624,,,,
05861,2006,1,0.10123152709359606,0.7546798029556651,,-0.19960201673060196,0.21186596107640265,
05861,2010,1,0.015158924205378973,0.5107579462102689,,-0.0860726028882171,-0.24392185674539613,
05861,2010,2,,0.8077527501309586,,,,
05861,2014,1,,0.3989541679483236,,,-0.11180377826194532,
05861,2014,2,,0.5640625,,,-0.24369025013095857,
05861,2018,1,0.03835673862921819,0.5791238734018026,,,0.180169705453479,
05861,2018,2,0.12766790679459566,0.8265126297239084,,,0.26245012972390835,
05873,2002,1,0.7135416666666666,0.19270833333333334,,,,
05873,2006,1,0.037037037037037035,0.6284722222222222,,-0.6765046296296295,0.43576388888888884,
05873,2010,1,0.00694006309148265,0.7545741324921136,,-0.030096973945554384,0.12610191026989137,
05873,2010,2,,0.8754055807916937,,,,
05873,2014,1,,0.10216346153846154,,,-0.652410670953652,
05873,2014,2,,0.14502065167508033,,,-0.7303849291166133,
05873,2018,1,0.28162291169451076,0.07064439140811456,,,-0.03151907013034698,
05873,2018,2,0.6098265895953757,0.34104046242774566,,,0.19601981075266534,
05885,2002,1,0.13260869565217392,0.5630434782608695,,,,
05885,2006,1,0.140625,0.7112771739130435,,0.008016304347826075,0.14823369565217392,
05885,2010,1,0.007233273056057866,0.49065702230259195,,-0.13339172694394213,-0.2206201516104515,
05885,2010,2,,0.8154681139755766,,,,
05885,2014,1,,0.3593618807724601,,,-0.13129514153013183,
05885,2014,2,,0.5254424778761062,,,-0.2900256360994704,
05885,2018,1,0.04946852003270646,0.6537203597710548,,,0.2943584789985947,
05885,2018,2,0.1358964598401218,0.8169014084507042,,,0.29145893057459804,
05887,2002,1,0.0672744057235172,0.6475882760212324,,,,
05887,2006,1,0.15474769397721108,0.7232772653282691,,0.08747328825369388,0.07568898930703671,
05887,2010,1,0.02133155570369136,0.46112823931339053,,-0.13341613827351972,-0.26214902601487855,
05887,2010,2,,0.724282911333271,,,,
05887,2014,1,,0.394141395174162,,,-0.06698684413922851,
05887,2014,2,,0.6769842642227217,,,-0.04729864711054932,
05887,2018,1,0.05319582032840277,0.5829149138281993,,,0.18877351865403724,
05887,2018,2,0.1361131895789402,0.7914427589959867,,,0.11445849477326497,
05890,2002,1,0.16314014106102423,0.506593069610549,,,,
05890,2006,1,0.1428919182083739,0.7726387536514119,,-0.02024822285265032,0.26604568404086293,
05890,2010,1,0.021611886537595677,0.594777127420081,,-0.12128003167077823,-0.17786162623133084,
05890,2010,2,,0.7957317073170732,,,,
05890,2014,1,,0.42915368017262046,,,-0.1656234472474606,
05890,2014,2,,0.5906027344502215,,,-0.20512897286685172,
05890,2018,1,0.06904525933267261,0.6085232903865213,,,0.17936961021390085,
05890,2018,2,0.13892345986309895,0.806471686372122,,,0.21586895192190048,
05893,2002,1,0.41525742202179633,0.44118752348741075,,,,
05893,2006,1,0.3237212495708891,0.45211122554067973,,-0.09153617245090723,0.01092370205326898,
05893,2010,1,0.18342488655361835,0.3709099593981371,,-0.14029636301727075,-0.08120126614254264,
05893,2010,2,,0.6521044219499201,,,,
05893,2014,1,,0.2424312994876572,,,-0.12847865991047988,
05893,2014,2,,0.3093130311614731,,,-0.34279139078844706,
05893,2018,1,0.30001432049262494,0.4009737934984963,,,0.1585424940108391,
05893,2018,2,0.42377406210481944,0.5086412814388085,,,0.19932825027733542,
05895,2002,1,0.5632845188284519,0.2727510460251046,,,,
05895,2006,1,0.1481006160164271,0.4263347022587269,,-0.4151839028120248,0.1535836562336223,
05895,2010,1,0.029538904899135448,0.31051873198847263,,-0.11856171111729165,-0.11581597027025425,
05895,2010,2,,0.6738627602158828,,,,
05895,2014,1,,0.2116032116032116,,,-0.09891552038526102,
05895,2014,2,,0.4025330396475771,,,-0.2713297205683057,
05895,2018,1,0.18886422493525712,0.42415834258231594,,,0.21255513097910433,
05895,2018,2,0.34037310806054205,0.5996128123900035,,,0.19707977274242644,
08001,2002,1,0.4726378054553338,0.423657547924117,,,,
08001,2006,1,0.39731154931431345,0.4400404748389644,,-0.07532625614102034,0.01638292691484744,
08001,2010,1,0.2337876493353525,0.3476134387795165,,-0.16352389997896094,-0.09242703605944791,
08001,2010,2,,0.6337646939882172,,,,
08001,2014,1,,0.2149355987941902,,,-0.1326778399853263,
08001,2014,2,,0.23455060790772497,,,-0.39921408608049225,
08001,2018,1,0.37489292188776224,0.2875092136980298,,,0.0725736149038396,
08001,2018,2,0.5400949332549276,0.4282576785233001,,,0.19370707061557513,
08078,2002,1,0.5568063508589276,0.34597865694950547,,,,
08078,2006,1,0.48495727723127735,0.31815897178143177,,-0.07184907362765025,-0.027819685168073705,
08078,2010,1,0.26610970792047145,0.280292727154977,,-0.2188475693108059,-0.03786624462645477,
08078,2010,2,,0.6624079362693521,,,,
08078,2014,1,,0.10474537037037036,,,-0.17554735678460665,
08078,2014,2,,0.10972968637202214,,,-0.5526782498973299,
08078,2018,1,0.37742017663043476,0.18605638586956522,,,0.08131101549919485,
08078,2018,2,0.615231983788576,0.35947988348039006,,,0.24975019710836793,
08137,2002,1,0.6100753669178898,0.3322094406981357,,,,
08137,2006,1,0.1639277743964293,0.6831000202880909,,-0.44614759252146047,0.35089057958995523,
08137,2010,1,0.06881091617933723,0.6333333333333333,,-0.09511685821709208,-0.04976668695475761,
08137,2010,2,,0.8794570502431118,,,,
08137,2014,1,,0.2552269250382458,,,-0.3781064082950875,
08137,2014,2,,0.27516576250753466,,,-0.6042912877355772,
08137,2018,1,0.17520372526193248,0.3377182770663562,,,0.08249135202811042,
08137,2018,2,0.2775067089534033,0.7037082215174433,,,0.4285424590099086,
08141,2002,1,0.6631970260223048,0.2946716232961586,,,,
08141,2006,1,0.06835205992509363,0.5124843945068664,,-0.5948449660972112,0.21781277121070786,
08141,2010,1,0.07501306847882906,0.5010454783063252,,0.0066610085537354286,-0.011438916200541271,
08141,2010,2,,0.9166666666666666,,,,
08141,2014,1,,0.10265942236202459,,,-0.3983860559443006,
08141,2014,2,,0.111745805069618,,,-0.8049208615970487,
08141,2018,1,0.0936599423631124,0.2308677553634326,,,0.128208333001408,
08141,2018,2,0.2586931601069927,0.7239205196790218,,,0.6121747146094039,
08296,2002,1,0.5048251660609099,0.3816267702719639,,,,
08296,2006,1,0.47595987547561397,0.3625043237634037,,-0.02886529058529591,-0.01912244650856021,
08296,2010,1,0.2808378588052754,0.39866175329712955,,-0.19512201667033857,0.03615742953372586,
08296,2010,2,,0.6628845479003392,,,,
08296,2014,1,,0.1710707842513,,,-0.22759096904582954,
08296,2014,2,,0.13164717040784066,,,-0.5312373774924986,
08296,2018,1,0.4027098674521355,0.22191458026509572,,,0.05084379601379571,
08296,2018,2,0.6141055405659785,0.35734454414256134,,,0.22569737373472068,
08372,2002,1,0.526914194350684,0.4228104459051341,,,,
08372,2006,1,0.3200085966043413,0.4066193853427896,,-0.2069055977463427,-0.01619106056234454,
08372,2010,1,0.09021665538253217,0.25220040622884227,,-0.22979194122180913,-0.1544189791139473,
08372,2010,2,,0.7306229196386115,,,,
08372,2014,1,,0.18704156479217604,,,-0.06515884143666623,
08372,2014,2,,0.21602934951319316,,,-0.5145935701254183,
08372,2018,1,0.24377155998466846,0.3693624632681743,,,0.18232089847599825,
08372,2018,2,0.3656852053798619,0.6148067369441416,,,0.39877738743094837,
08421,2002,1,0.7220963600664552,0.21356290590545235,,,,
08421,2006,1,0.20262773722627736,0.5178102189781022,,-0.5194686228401778,0.30424731307264985,
08421,2010,1,0.06576238343223931,0.585684873440717,,-0.13686535379403805,0.06787465446261476,
08421,2010,2,,0.8680994521702486,,,,
08421,2014,1,,0.24460176991150442,,,-0.34108310352921256,
08421,2014,2,,0.2313012548167177,,,-0.6367981973535309,
08421,2018,1,0.2461521667940181,0.3552013972273769,,,0.1105996273158725,
08421,2018,2,0.36855036855036855,0.6054908663604316,,,0.3741896115437139,
08433,2002,1,0.6394358251057828,0.2841748942172073,,,,
08433,2006,1,0.37355392461748976,0.40378156487125266,,-0.265881900488293,0.11960667065404534,
08433,2010,1,0.25386690647482013,0.47275179856115107,,-0.11968701814266963,0.06897023368989841,
08433,2010,2,,0.7630935663390025,,,,
08433,2014,1,,0.1979906148477921,,,-0.274761183713359,
08433,2014,2,,0.18127187479363402,,,-0.5818216915453684,
08433,2018,1,0.4342019117454498,0.25122430273667673,,,0.053233687888884634,
08433,2018,2,0.6199273260252222,0.35604140584445326,,,0.17476953105081924,
08436,2002,1,0.5913621262458472,0.37490416560184003,,,,
08436,2006,1,0.1393782383419689,0.6541450777202072,,-0.4519838879038782,0.2792409121183672,
08436,2010,1,0.05103120042305658,0.48096245372818613,,-0.08834703791891232,-0.1731826239920211,
08436,2010,2,,0.8983379501385041,,,,
08436,2014,1,,0.11121323529411764,,,-0.3697492184340685,
08436,2014,2,,0.09897729242503034,,,-0.7993606577134738,
08436,2018,1,0.1044403791784467,0.20272742391485116,,,0.09151418862073352,
08436,2018,2,0.2580116533139111,0.7175892206846322,,,0.6186119282596019,
08520,2002,1,0.6574740909889337,0.24837519761110136,,,,
08520,2006,1,0.4170574952232065,0.3508771929824561,,-0.24041659576572721,0.10250199537135476,
08520,2010,1,0.3451478099365423,0.3072279832843213,,-0.0719096852866642,-0.043649209698134794,
08520,2010,2,,0.701246765466949,,,,
08520,2014,1,,0.08738828202581926,,,-0.21983970125850205,
08520,2014,2,,0.09147068386257722,,,-0.6097760816043718,
08520,2018,1,0.4509444144630329,0.1820831084727469,,,0.09469482644692763,
08520,2018,2,0.6441126641253706,0.3299449385853452,,,0.23847425472276795,
08549,2002,1,0.43609406952965235,0.5061349693251533,,,,
08549,2006,1,0.11845102505694761,0.5022779043280182,,-0.31764304447270475,-0.003857064997135118,
08549,2010,1,0.05634469696969697,0.3546401515151515,,-0.062106328087250647,-0.14763775281286673,
08549,2010,2,,0.8727172108467073,,,,
08549,2014,1,,0.2933568489124045,,,-0.061283302602747,
08549,2014,2,,0.3086989992301771,,,-0.5640182116165302,
08549,2018,1,0.23559822747415066,0.23079763663220088,,,-0.06255921228020361,
08549,2018,2,0.4308641975308642,0.5502057613168724,,,0.2415067620866953,
08558,2002,1,0.5494220805101634,0.34615384615384615,,,,
08558,2006,1,0.48877805486284287,0.2645309802417034,,-0.06064402564732052,-0.08162286591214274,
08558,2010,1,0.2798120227139221,0.31290385745055804,,-0.2089660321489208,0.04837287720885464,
08558,2010,2,,0.6786333250804655,,,,
08558,2014,1,,0.07387429643527205,,,-0.239029561015286,
08558,2014,2,,0.0893120755831119,,,-0.5893212494973535,
08558,2018,1,0.37751004016064255,0.11400440471563673,,,0.04013010828036469,
08558,2018,2,0.6594936708860759,0.3136427566807314,,,0.2243306810976195,
08560,2002,1,0.6855436573311368,0.2518533772652389,,,,
08560,2006,1,0.13641316190891262,0.5556766179995641,,-0.5491304954222241,0.30382324073432526,
08560,2010,1,0.08248840006874034,0.6767485822306238,,-0.05392476184017228,0.1210719642310597,
08560,2010,2,,0.8824902723735408,,,,
08560,2014,1,,0.3054066130473637,,,-0.3713419691832601,
08560,2014,2,,0.27590983503337113,,,-0.6065804373401698,
08560,2018,1,0.28903143040410517,0.35022450288646567,,,0.044817889839101954,
08560,2018,2,0.4044221622316493,0.5751381925697391,,,0.29922835753636795,
08573,2002,1,0.6614289949599763,0.2781895444213855,,,,
08573,2006,1,0.31464576304822384,0.3143480849374876,,-0.3467832319117525,0.03615854051610212,
08573,2010,1,0.21747554005618522,0.23094061803739224,,-0.09717022299203862,-0.08340746690009537,
08573,2010,2,,0.5772129119334158,,,,
08573,2014,1,,0.16088797345234007,,,-0.07005264458505217,
08573,2014,2,,0.20319240724762727,,,-0.37402050468578857,
08573,2018,1,0.3501375958779788,0.2672287604660694,,,0.10634078701372934,
08573,2018,2,0.5505153366660495,0.422020613466642,,,0.21882820621901472,
08606,2002,1,0.8023878769324966,0.1504668605541099,,,,
08606,2006,1,0.14203362690152121,0.36573258606885506,,-0.6603542500309754,0.21526572551474515,
08606,2010,1,0.09738372093023256,0.6040697674418605,,-0.04464990597128865,0.2383371813730054,
08606,2010,2,,0.8800063826392213,,,,
08606,2014,1,,0.07326732673267326,,,-0.5308024407091873,
08606,2014,2,,0.09153922323687974,,,-0.7884671594023416,
08606,2018,1,0.17154479611072526,0.17025498561365215,,,0.09698765888097889,
08606,2018,2,0.35923497267759563,0.6167213114754099,,,0.5251820882385301,
08634,2002,1,0.632,0.291672131147541,,,,
08634,2006,1,0.29871977240398295,0.3840682788051209,,-0.33328022759601705,0.09239614765757992,
08634,2010,1,0.27270725531212153,0.37586700429373554,,-0.02601251709186142,-0.008201274511385359,
08634,2010,2,,0.7355640265424255,,,,
08634,2014,1,,0.1562962962962963,,,-0.21957070799743925,
08634,2014,2,,0.15510204081632653,,,-0.580461985726099,
08634,2018,1,0.41911947599701516,0.23157283807312826,,,0.07527654177683196,
08634,2018,2,0.5729871447902571,0.3996109607577808,,,0.24450891994145427,
08638,2002,1,0.5473328152854596,0.36691502491200806,,,,
08638,2006,1,0.34164466607998434,0.3220396988364134,,-0.2056881492054753,-0.044875326075594635,
08638,2010,1,0.17938540856827204,0.3624534555423708,,-0.1622592575117123,0.04041375670595737,
08638,2010,2,,0.7249141736145169,,,,
08638,2014,1,,0.10941676526006748,,,-0.2530366902823033,
08638,2014,2,,0.11852842064221461,,,-0.6063857529723023,
08638,2018,1,0.321832309461696,0.20875760890908582,,,0.09934084364901834,
08638,2018,2,0.5441060068599572,0.42742810237166895,,,0.30889968172945437,
08675,2002,1,0.7701014832162373,0.1873536299765808,,,,
08675,2006,1,0.14931825739940138,0.6125706684403059,,-0.6207832258168359,0.42521703846372516,
08675,2010,1,0.07073671852069269,0.700616378045201,,-0.0785815388787087,0.0880457096048951,
08675,2010,2,,0.916695001700102,,,,
08675,2014,1,,0.19756958055664445,,,-0.5030467974885566,
08675,2014,2,,0.21626093122193335,,,-0.7004340704781686,
08675,2018,1,0.15167729985593745,0.25540234616176166,,,0.057832765605117215,
08675,2018,2,0.26814814814814814,0.72,,,0.5037390687780666,
08685,2002,1,0.6416732438831886,0.24997181192919157,,,,
08685,2006,1,0.4915296462381664,0.3475336322869955,,-0.15014359764502216,0.09756182035780395,
08685,2010,1,0.3058252427184466,0.2524271844660194,,-0.18570440351971984,-0.0951064478209761,
08685,2010,2,,0.6080079090459714,,,,
08685,2014,1,,0.1433219456645518,,,-0.10910523880146761,
08685,2014,2,,0.12994740018970424,,,-0.4780605088562671,
08685,2018,1,0.4797265065988233,0.2629988869454603,,,0.1196769412809085,
08685,2018,2,0.6198440138297017,0.3527377985044625,,,0.22279039831475828,
08758,2002,1,0.5856633278086042,0.31829646177127624,,,,
08758,2006,1,0.43246634921180654,0.3729693489883275,,-0.15319697859679765,0.05467288721705127,
08758,2010,1,0.2951304985893754,0.3742772921068279,,-0.13733585062243114,0.0013079431185004098,
08758,2010,2,,0.6817241327231812,,,,
08758,2014,1,,0.18173356169483953,,,-0.19254373041198838,
08758,2014,2,,0.17542859351746265,,,-0.5062955392057186,
08758,2018,1,0.4911503331493942,0.25456072872826707,,,0.07282716703342754,
08758,2018,2,0.619416552690396,0.35543917003035663,,,0.18001057651289398,
08770,2002,1,0.8006306937631394,0.17834618079887876,,,,
08770,2006,1,0.08153564899451554,0.5089579524680073,,-0.719095044768624,0.3306117716691286,
08770,2010,1,0.043124246079613994,0.6106755126658625,,-0.03841140291490155,0.10171756019785516,
08770,2010,2,,0.8849087893864013,,,,
08770,2014,1,,0.10804174340085942,,,-0.5026337692650031,
08770,2014,2,,0.1241110346409727,,,-0.7607977547454285,
08770,2018,1,0.18251986379114643,0.45266742338251986,,,0.34462567998166044,
08770,2018,2,0.30037190986655,0.6799387442572741,,,0.5558277096163013,
08832,2002,1,0.5961678389522193,0.29759883579917534,,,,
08832,2006,1,0.37490216540568744,0.32194103835116095,,-0.22126567354653182,0.024342202551985603,
08832,2010,1,0.179052484904784,0.21249419414770088,,-0.19584968050090343,-0.10944684420346007,
08832,2010,2,,0.700109950522265,,,,
08832,2014,1,,0.12155172413793103,,,-0.09094247000976985,
08832,2014,2,,0.14990583804143126,,,-0.5502041124808337,
08832,2018,1,0.3739788802550309,0.24008766686590954,,,0.11853594272797852,
08832,2018,2,0.5678665166854143,0.41019872515935507,,,0.2602928871179238,
08849,2002,1,0.6697540721814117,0.2746726285531779,,,,
08849,2006,1,0.3023440603893524,0.38617401668653156,,-0.3674100117920593,0.11150138813335364,
08849,2010,1,0.1097932904100305,0.39850898000677737,,-0.1925507699793219,0.012334963320245806,
08849,2010,2,,0.7697063369397218,,,,
08849,2014,1,,0.07544861337683524,,,-0.32306036662994214,
08849,2014,2,,0.09413979759943517,,,-0.6755665393402867,
08849,2018,1,0.3067137809187279,0.3363957597173145,,,0.2609471463404793,
08849,2018,2,0.4687278734953977,0.5001180080245456,,,0.4059782104251105,
09012,2018,1,0.125,0.25,,,,
09012,2018,2,0.3333333333333333,0.6666666666666666,,,,
09028,2014,1,,0.625,,,,
09028,2014,2,,0.7142857142857143,,,,
09031,2018,1,0.1111111111111111,0.3333333333333333,,,,
09031,2018,2,0.25,0.75,,,,
09032,2002,1,0.1048780487804878,0.7878048780487805,,,,
09032,2006,1,0.2578241430700447,0.6140089418777943,,0.1529460942895569,-0.1737959361709862,
09032,2010,1,0.10095799557848195,0.19896831245394253,,-0.15686614749156275,-0.4150406294238518,
09032,2010,2,,0.29475766567754697,,,,
09032,2014,1,,0.10843373493975904,,,-0.09053457751418349,
09032,2014,2,,0.24813325674899483,,,-0.04662440892855213,
09032,2018,1,0.3941470212518871,0.16037626291952153,,,0.051942527979762496,
09032,2018,2,0.7357404500261643,0.22972265829408686,,,-0.018410598454907973,
09036,2002,1,0.049910873440285206,0.8787878787878788,,,,
09036,2006,1,0.12385321100917432,0.7694954128440367,,0.07394233756888911,-0.10929246594384212,
09036,2010,1,0.021784232365145227,0.266597510373444,,-0.10206897864402908,-0.5028979024705926,
09036,2010,2,,0.3803191489361702,,,,
09036,2014,1,,0.170196671709531,,,-0.09640083866391297,
09036,2014,2,,0.36380255941499084,,,-0.016516589521179348,
09036,2018,1,0.16043593967811431,0.18147256368014195,,,0.011275891970610935,
09036,2018,2,0.6178656126482214,0.3222134387351779,,,-0.04158912067981296,
09040,2002,1,0.1320754716981132,0.6698113207547169,,,,
09040,2006,1,0.3333333333333333,0.5365853658536586,,0.2012578616352201,-0.13322595490105837,
09040,2010,1,0.13008130081300814,0.08130081300813008,,-0.20325203252032517,-0.4552845528455285,
09040,2010,2,,0.1523809523809524,,,,
09040,2014,1,,0.11413043478260869,,,0.03282962177447861,
09040,2014,2,,0.25668449197860965,,,0.10430353959765726,
09040,2018,1,0.24642857142857144,0.19107142857142856,,,0.07694099378881987,
09040,2018,2,0.6450939457202505,0.29436325678496866,,,0.03767876480635901,
09052,2002,1,0.0,0.7777777777777778,,,,
09056,2002,1,0.05194805194805195,0.4967532467532468,,,,
09056,2006,1,0.37987012987012986,0.5194805194805194,,0.3279220779220779,0.02272727272727265,
09056,2010,1,0.12084592145015106,0.23564954682779457,,-0.2590242084199788,-0.28383097265272483,
09056,2010,2,,0.3220338983050847,,,,
09056,2014,1,,0.17016317016317017,,,-0.0654863766646244,
09056,2014,2,,0.27680798004987534,,,-0.045225918255209385,
09056,2018,1,0.228099173553719,0.256198347107438,,,0.08603517694426782,
09056,2018,2,0.5781948168007149,0.3726541554959786,,,0.09584617544610324,
09068,2002,1,0.09859154929577464,0.8262910798122066,,,,
09068,2006,1,0.10714285714285714,0.8526785714285714,,0.008551307847082495,0.026387491616364778,
09068,2010,1,0.011627906976744186,0.5755813953488372,,-0.09551495016611294,-0.27709717607973416,
09068,2010,2,,0.7337662337662337,,,,
09068,2014,1,,0.4340659340659341,,,-0.14151546128290315,
09068,2014,2,,0.651685393258427,,,-0.08208084050780673,
09068,2018,1,0.16447368421052633,0.5175438596491229,,,0.08347792558318878,
09068,2018,2,0.308252427184466,0.6601941747572816,,,0.00850878149885459,
09076,2002,1,0.07979626485568761,0.8132427843803056,,,,
09076,2006,1,0.1693121693121693,0.7266313932980599,,0.08951590445648169,-0.08661139108224569,
09076,2010,1,0.046218487394957986,0.3172268907563025,,-0.12309368191721132,-0.4094045025417574,
09076,2010,2,,0.39856801909307876,,,,
09076,2014,1,,0.14850299401197606,,,-0.16872389674432645,
09076,2014,2,,0.3367496339677892,,,-0.06181838512528959,
09076,2018,1,0.27370786516853934,0.23235955056179775,,,0.08385655654982169,
09076,2018,2,0.6196230062832286,0.33349444175930404,,,-0.003255192208485136,
09084,2002,1,0.0,1.0,,,,
09084,2006,1,0.3333333333333333,0.6666666666666666,,0.3333333333333333,-0.33333333333333337,
09084,2018,1,0.034482758620689655,0.3103448275862069,,-0.29885057471264365,-0.3563218390804597,
09084,2018,2,0.4782608695652174,0.34782608695652173,,,,
09124,2002,1,0.05388760585065435,0.8452655889145496,,,,
09124,2006,1,0.19324090121317158,0.7224147891392259,,0.13935329536251723,-0.12285079977532376,
09124,2010,1,0.05440771349862259,0.33953168044077137,,-0.138833187714549,-0.3828831086984545,
09124,2010,2,,0.4856385329209015,,,,
09124,2014,1,,0.3086053412462908,,,-0.030926339194480568,
09124,2014,2,,0.49307726663689144,,,0.007438733715989965,
09124,2018,1,0.15601550775387693,0.4069534767383692,,,0.09834813549207838,
09124,2018,2,0.3877479498142567,0.5603841031751594,,,0.06730683653826797,
09152,2002,1,0.04893350062735257,0.8808030112923463,,,,
09152,2006,1,0.12487512487512488,0.7942057942057942,,0.07594162424777232,-0.0865972170865521,
09152,2010,1,0.027327070879590094,0.3287788215200683,,-0.09754805399553479,-0.46542697268572586,
09152,2010,2,,0.5169851380042463,,,,
09152,2014,1,,0.24903025601241272,,,-0.0797485655076556,
09152,2014,2,,0.45484672742336374,,,-0.06213841058088254,
09152,2018,1,0.22137685605595778,0.3244569885875568,,,0.07542673257514407,
09152,2018,2,0.4631422189128816,0.48652271034996275,,,0.03167598292659901,
09156,2002,1,0.078125,0.8125,,,,
09156,2006,1,0.11764705882352941,0.8117647058823529,,0.03952205882352941,-0.0007352941176470562,
09156,2010,1,0.06896551724137931,0.40229885057471265,,-0.0486815415821501,-0.4094658553076403,
09156,2010,2,,0.5142857142857142,,,,
09156,2014,1,,0.19298245614035087,,,-0.20931639443436179,
09156,2014,2,,0.32450331125827814,,,-0.1897824030274361,
09156,2018,1,0.12050739957716702,0.3572938689217759,,,0.16431141278142503,
09156,2018,2,0.4023529411764706,0.5058823529411764,,,0.1813790416828983,
09188,2002,1,0.04982764023816985,0.8934503290504544,,,,
09188,2006,1,0.06293420514916225,0.8872088271352677,,0.013106564910992394,-0.006241501915186687,
09188,2010,1,0.010821446138711265,0.5341859321200196,,-0.05211275901045098,-0.3530228950152481,
09188,2010,2,,0.7223917022574741,,,,
09188,2014,1,,0.47484454494064443,,,-0.059341387179375205,
09188,2014,2,,0.6757508342602893,,,-0.04664086799718481,
09188,2018,1,0.09789644012944984,0.5860302049622438,,,0.11118566002159935,
09188,2018,2,0.2138510576644451,0.7481889307447117,,,0.07243809648442245,
09192,2002,1,0.23076923076923078,0.42735042735042733,,,,
09192,2006,1,0.5555555555555556,0.358974358974359,,0.3247863247863248,-0.06837606837606836,
09192,2010,1,0.19607843137254902,0.23529411764705882,,-0.3594771241830066,-0.12368024132730016,
09192,2010,2,,0.25,,,,
09192,2014,1,,0.175,,,-0.06029411764705883,
09192,2014,2,,0.11428571428571428,,,-0.13571428571428573,
09192,2018,1,0.48034934497816595,0.19213973799126638,,,0.01713973799126639,
09192,2018,2,0.6470588235294118,0.3137254901960784,,,0.19943977591036416,
09196,2002,1,0.09090909090909091,0.9090909090909091,,,,
09196,2006,1,0.037037037037037035,0.8888888888888888,,-0.05387205387205388,-0.02020202020202022,
09196,2010,1,,0.7,,,-0.18888888888888888,
09196,2010,2,,0.7142857142857143,,,,
09196,2014,1,,0.375,,,-0.32499999999999996,
09196,2014,2,,0.7857142857142857,,,0.0714285714285714,
09196,2018,1,0.12,0.36,,,-0.015000000000000013,
09196,2018,2,0.46153846153846156,0.5384615384615384,,,-0.24725274725274726,
09208,2010,1,,0.07692307692307693,,,,
09208,2010,2,,0.18181818181818182,,,,
09208,2014,1,,0.06451612903225806,,,-0.012406947890818865,
09208,2014,2,,0.46153846153846156,,,0.27972027972027974,
09208,2018,1,0.2840909090909091,0.14772727272727273,,,0.08321114369501467,
09208,2018,2,0.6292134831460674,0.30337078651685395,,,-0.1581676750216076,
09214,2002,1,0.0912981455064194,0.8402282453637661,,,,
09214,2006,1,0.0791599353796446,0.8319870759289176,,-0.01213821012677481,-0.008241169434848428,
09214,2010,1,0.005607476635514018,0.42429906542056073,,-0.07355245874413058,-0.4076880105083569,
09214,2010,2,,0.5809768637532133,,,,
09214,2014,1,,0.3724137931034483,,,-0.05188527231711243,
09214,2014,2,,0.6226415094339622,,,0.0416646456807489,
09214,2018,1,0.08333333333333333,0.5290697674418605,,,0.15665597433841222,
09214,2018,2,0.23476523476523475,0.7012987012987013,,,0.07865719186473907,
09218,2002,1,0.12167651403249631,0.7424298375184638,,,,
09218,2006,1,0.07156940063091483,0.7990930599369085,,-0.050107113401581485,0.05666322241844468,
09218,2010,1,0.0177359316838187,0.5125903218743157,,-0.053833468947096126,-0.28650273806259274,
09218,2010,2,,0.7016916845365737,,,,
09218,2014,1,,0.3251685393258427,,,-0.18742178254847303,
09218,2014,2,,0.5306776556776557,,,-0.17101402885891803,
09218,2018,1,0.17695976519505932,0.5176715176715176,,,0.19250297834567492,
09218,2018,2,0.2939721390443953,0.6559041791433408,,,0.12522652346568508,
09222,2002,1,0.06976744186046512,0.7441860465116279,,,,
09222,2006,1,0.11494252873563218,0.7873563218390804,,0.04517508687516707,0.043170275327452545,
09222,2010,1,0.012578616352201259,0.4528301886792453,,-0.10236391238343093,-0.33452613315983515,
09222,2010,2,,0.6466165413533834,,,,
09222,2014,1,,0.366120218579235,,,-0.0867099701000103,
09222,2014,2,,0.5351351351351351,,,-0.11148140621824831,
09222,2018,1,0.0875,0.5416666666666666,,,0.17554644808743164,
09222,2018,2,0.23577235772357724,0.6910569105691057,,,0.15592177543397057,
09246,2002,1,0.125,0.375,,,,
09246,2010,1,0.07142857142857142,0.07142857142857142,,-0.053571428571428575,-0.3035714285714286,
09246,2010,2,,0.16666666666666666,,,,
09246,2014,1,,0.2127659574468085,,,0.1413373860182371,
09246,2014,2,,0.3055555555555556,,,0.13888888888888892,
09246,2018,1,0.14383561643835616,0.1506849315068493,,,-0.062081025939959206,
09246,2018,2,0.6434108527131783,0.3023255813953488,,,-0.003229974160206761,
09250,2002,1,0.08350033400133601,0.5818303273213092,,,,
09250,2006,1,0.40578034682080927,0.4722543352601156,,0.32228001281947327,-0.10957599206119362,
09250,2010,1,0.10908084163898117,0.17331118493909192,,-0.2966995051818281,-0.2989431503210237,
09250,2010,2,,0.24930167597765363,,,,
09250,2014,1,,0.14427860696517414,,,-0.029032577973917784,
09250,2014,2,,0.2252405206564799,,,-0.024061155321173727,
09250,2018,1,0.24160596908864806,0.20163439332030555,,,0.057355786355131416,
09250,2018,2,0.6287460567823344,0.313288643533123,,,0.08804812287664313,
09276,2002,1,0.07868383404864092,0.6967095851216023,,,,
09276,2006,1,0.3386454183266932,0.5298804780876494,,0.25996158427805227,-0.16682910703395293,
09276,2010,1,0.08196721311475409,0.1721311475409836,,-0.2566782052119391,-0.3577493305466658,
09276,2010,2,,0.21560574948665298,,,,
09276,2014,1,,0.10294117647058823,,,-0.06918997107039537,
09276,2014,2,,0.23065693430656933,,,0.015051184819916352,
09276,2018,1,0.22077922077922077,0.1317706683560342,,,0.02882949188544598,
09276,2018,2,0.7188922610015175,0.22192716236722307,,,-0.008729771939346265,
09288,2014,1,,0.2631578947368421,,,,
09288,2014,2,,0.47058823529411764,,,,
09288,2018,1,0.1875,0.25,,,-0.01315789473684209,
09288,2018,2,0.5714285714285714,0.2857142857142857,,,-0.18487394957983194,
09300,2002,1,0.08695652173913043,0.7246376811594203,,,,
09300,2010,1,0.024390243902439025,0.5365853658536586,,-0.06256627783669141,-0.18805231530576172,
09300,2010,2,,0.5294117647058824,,,,
09300,2014,1,,0.3333333333333333,,,-0.20325203252032525,
09300,2014,2,,0.5384615384615384,,,0.009049773755656076,
09300,2018,1,0.14893617021276595,0.5319148936170213,,,0.19858156028368795,
09300,2018,2,0.3488372093023256,0.6511627906976745,,,0.11270125223613603,
09320,2002,1,0.05825242718446602,0.8317152103559871,,,,
09320,2006,1,0.0855457227138643,0.8289085545722714,,0.027293295529398284,-0.002806655783715639,
09320,2010,1,0.013215859030837005,0.4977973568281938,,-0.0723298636830273,-0.3311111977440776,
09320,2010,2,,0.6824644549763034,,,,
09320,2014,1,,0.5114503816793893,,,0.013653024851195461,
09320,2014,2,,0.6842105263157895,,,0.0017460713394861216,
09320,2018,1,0.05116959064327485,0.5804093567251462,,,0.06895897504575688,
09320,2018,2,0.1461038961038961,0.7873376623376623,,,0.10312713602187285,
09328,2002,1,0.3333333333333333,0.6666666666666666,,,,
09332,2002,1,0.041666666666666664,0.875,,,,
09340,2002,1,0.04430379746835443,0.8924050632911392,,,,
09340,2006,1,0.10714285714285714,0.8285714285714286,,0.0628390596745027,-0.0638336347197106,
09340,2010,1,0.019417475728155338,0.5825242718446602,,-0.08772538141470179,-0.24604715672676847,
09340,2010,2,,0.676056338028169,,,,
09340,2014,1,,0.4444444444444444,,,-0.13807982740021574,
09340,2014,2,,0.6555555555555556,,,-0.020500782472613444,
09340,2018,1,0.06306306306306306,0.5540540540540541,,,0.10960960960960964,
09340,2018,2,0.18446601941747573,0.7427184466019418,,,0.08716289104638619,
09348,2002,1,0.07142857142857142,0.6428571428571429,,,,
09356,2002,1,0.1875,0.5,,,,
09356,2006,1,0.1111111111111111,0.8333333333333334,,-0.0763888888888889,0.33333333333333337,
09356,2010,1,,0.3333333333333333,,,-0.5,
09356,2010,2,,0.3076923076923077,,,,
09356,2014,1,,0.0,,,-0.3333333333333333,
09356,2014,2,,0.0,,,-0.3076923076923077,
09356,2018,1,0.15,0.25,,,0.25,
09356,2018,2,0.375,0.5,,,0.5,
09360,2002,1,0.2222222222222222,0.7037037037037037,,,,
09360,2010,1,0.045454545454545456,0.5,,-0.17676767676767674,-0.20370370370370372,
09360,2010,2,,0.5333333333333333,,,,
09360,2014,1,,0.23655913978494625,,,-0.26344086021505375,
09360,2014,2,,0.4634146341463415,,,-0.06991869918699184,
09360,2018,1,0.12195121951219512,0.2926829268292683,,,0.05612378704432203,
09360,2018,2,0.34285714285714286,0.4857142857142857,,,0.022299651567944223,
09364,2002,1,0.15384615384615385,0.7692307692307693,,,,
09372,2002,1,0.125,0.75,,,,
09372,2014,1,,0.19230769230769232,,,-0.5576923076923077,
09372,2014,2,,0.32653061224489793,,,,
09372,2018,1,0.13846153846153847,0.23076923076923078,,,0.038461538461538464,
09372,2018,2,0.5495495495495496,0.35135135135135137,,,0.024820739106453438,
09376,2002,1,0.08139534883720931,0.8604651162790697,,,,
09376,2006,1,0.11194029850746269,0.7761194029850746,,0.030544949670253382,-0.0843457132939951,
09376,2010,1,,0.5922330097087378,,,-0.18388639327633682,
09376,2010,2,,0.7590361445783133,,,,
09376,2014,1,,0.3191489361702128,,,-0.27308407353852504,
09376,2014,2,,0.4946236559139785,,,-0.26441248866433475,
09376,2018,1,0.07536231884057971,0.6057971014492753,,,0.28664816527906256,
09376,2018,2,0.21846153846153846,0.7323076923076923,,,0.23768403639371383,
09380,2002,1,0.1133250311332503,0.7085927770859277,,,,
09380,2006,1,0.15219976218787157,0.7300832342449465,,0.03887473105462126,0.02149045715901876,
09380,2010,1,0.03872053872053872,0.3400673400673401,,-0.11347922346733286,-0.3900158941776064,
09380,2010,2,,0.4444444444444444,,,,
09380,2014,1,,0.2240117130307467,,,-0.11605562703659336,
09380,2014,2,,0.4098883572567783,,,-0.03455608718766612,
09380,2018,1,0.1411764705882353,0.40227703984819735,,,0.17826532681745064,
09380,2018,2,0.40364931019136624,0.5451713395638629,,,0.13528298230708458,
09388,2002,1,0.2,0.55,,,,
09388,2006,1,0.08888888888888889,0.7777777777777778,,-0.11111111111111112,0.22777777777777775,
09388,2010,1,0.03225806451612903,0.46774193548387094,,-0.05663082437275986,-0.31003584229390685,
09388,2010,2,,0.7291666666666666,,,,
09388,2014,1,,0.2391304347826087,,,-0.22861150070126224,
09388,2014,2,,0.43103448275862066,,,-0.29813218390804597,
09388,2018,1,0.075,0.6375,,,0.39836956521739125,
09388,2018,2,0.0641025641025641,0.9102564102564102,,,0.4792219274977896,
09392,2002,1,0.07482993197278912,0.7619047619047619,,,,
09392,2006,1,0.10778443113772455,0.7904191616766467,,0.03295449916493544,0.028514399771884857,
09392,2010,1,0.024390243902439025,0.4329268292682927,,-0.08339418723528552,-0.35749233240835404,
09392,2010,2,,0.4855072463768116,,,,
09392,2014,1,,0.32653061224489793,,,-0.10639621702339475,
09392,2014,2,,0.47115384615384615,,,-0.01435340022296544,
09392,2018,1,0.1258741258741259,0.36363636363636365,,,0.03710575139146571,
09392,2018,2,0.40329218106995884,0.5308641975308642,,,0.05971035137701808,
09404,2002,1,0.4117647058823529,0.47058823529411764,,,,
09404,2006,1,0.5,0.3,,0.08823529411764708,-0.17058823529411765,
09404,2010,1,,0.2631578947368421,,,-0.0368421052631579,
09404,2010,2,,0.4444444444444444,,,,
09404,2014,1,,0.22727272727272727,,,-0.035885167464114825,
09404,2014,2,,0.25,,,-0.19444444444444442,
09404,2018,1,0.1935483870967742,0.16129032258064516,,,-0.06598240469208211,
09404,2018,2,0.5,0.4230769230769231,,,0.17307692307692307,
09410,2002,1,0.09090909090909091,0.6818181818181818,,,,
09410,2006,1,0.11538461538461539,0.7692307692307693,,0.02447552447552448,0.0874125874125875,
09410,2010,1,0.08,0.16,,-0.03538461538461539,-0.6092307692307692,
09410,2010,2,,0.4090909090909091,,,,
09410,2014,1,,0.10810810810810811,,,-0.05189189189189189,
09410,2014,2,,0.23076923076923078,,,-0.17832167832167833,
09410,2018,1,0.12631578947368421,0.18947368421052632,,,0.08136557610241821,
09410,2018,2,0.5454545454545454,0.37373737373737376,,,0.14296814296814297,
09422,2002,1,0.10256410256410256,0.8974358974358975,,,,
09422,2006,1,0.03164556962025317,0.8734177215189873,,-0.0709185329438494,-0.024018175916910134,
09422,2010,1,,0.7674418604651163,,,-0.10597586105387102,
09422,2010,2,,0.9122807017543859,,,,
09422,2014,1,,0.37383177570093457,,,-0.39361008476418174,
09422,2014,2,,0.3229166666666667,,,-0.5893640350877192,
09422,2018,1,0.039603960396039604,0.6039603960396039,,,0.23012862033866938,
09422,2018,2,0.04950495049504951,0.9405940594059405,,,0.6176773927392738,
09442,2018,1,0.08333333333333333,0.2638888888888889,,,,
09442,2018,2,0.40625,0.453125,,,,
09458,2002,1,0.057692307692307696,0.8846153846153846,,,,
09458,2006,1,0.0,0.896551724137931,,-0.057692307692307696,0.011936339522546469,
09458,2010,1,,0.5,,,-0.39655172413793105,
09458,2010,2,,0.5,,,,
09458,2014,1,,0.23809523809523808,,,-0.2619047619047619,
09458,2014,2,,0.4444444444444444,,,-0.05555555555555558,
09458,2018,1,0.03333333333333333,0.31666666666666665,,,0.07857142857142857,
09458,2018,2,0.2830188679245283,0.6415094339622641,,,0.1970649895178197,
09484,2002,1,0.06510681586978637,0.8301119023397762,,,,
09484,2006,1,0.15004055150040552,0.7745336577453366,,0.08493373563061915,-0.05557824459443961,
09484,2010,1,0.03995793901156677,0.3764458464773922,,-0.11008261248883874,-0.39808781126794435,
09484,2010,2,,0.5066828675577156,,,,
09484,2014,1,,0.2978540772532189,,,-0.07859176922417332,
09484,2014,2,,0.4827850038255547,,,-0.023897863732160907,
09484,2018,1,0.17728386419320966,0.34861743087154357,,,0.05076335361832468,
09484,2018,2,0.44035964035964037,0.5112887112887113,,,0.028503707463156613,
09504,2002,1,0.0,1.0,,,,
09504,2014,1,,0.42857142857142855,,,-0.5714285714285714,
09504,2014,2,,0.4444444444444444,,,,
09504,2018,1,0.2777777777777778,0.1111111111111111,,,-0.31746031746031744,
09504,2018,2,0.6666666666666666,0.2857142857142857,,,-0.15873015873015872,
09528,2002,1,0.07392996108949416,0.7509727626459144,,,,
09528,2006,1,0.22433460076045628,0.6463878326996197,,0.15040463967096213,-0.10458492994629465,
09528,2010,1,0.0933852140077821,0.25680933852140075,,-0.13094938675267417,-0.389578494178219,
09528,2010,2,,0.3644859813084112,,,,
09528,2014,1,,0.16257668711656442,,,-0.09423265140483633,
09528,2014,2,,0.34838709677419355,,,-0.01609888453421765,
09528,2018,1,0.14389067524115756,0.2733118971061093,,,0.11073520998954489,
09528,2018,2,0.546448087431694,0.40710382513661203,,,0.05871672836241848,
09531,2014,1,,0.468503937007874,,,,
09531,2014,2,,0.605072463768116,,,,
09531,2018,1,0.12084993359893759,0.6573705179282868,,,0.1888665809204128,
09531,2018,2,0.21023513139695713,0.7621023513139695,,,0.15702988754585356,
09533,2002,1,0.1124031007751938,0.8449612403100775,,,,
09533,2006,1,0.050793650793650794,0.9023809523809524,,-0.06160944998154301,0.05741971207087493,
09533,2010,1,0.019626168224299065,0.7485981308411215,,-0.03116748256935173,-0.15378282153983092,
09533,2010,2,,0.8659695817490495,,,,
09533,2014,1,,0.4916897506925208,,,-0.2569083801486007,
09533,2014,2,,0.6868932038834952,,,-0.1790763778655543,
09533,2018,1,0.09467455621301775,0.6978021978021978,,,0.20611244710967697,
09533,2018,2,0.14671985815602837,0.839095744680851,,,0.15220254079735585,
09554,2014,1,,0.1271186440677966,,,,
09554,2014,2,,0.3018867924528302,,,,
09554,2018,1,0.13967310549777118,0.17682020802377416,,,0.04970156395597755,
09554,2018,2,0.62,0.31166666666666665,,,0.00977987421383647,
09558,2002,1,0.08928571428571429,0.7589285714285714,,,,
09558,2006,1,0.18478260869565216,0.6847826086956522,,0.09549689440993787,-0.07414596273291918,
09558,2010,1,0.07462686567164178,0.4626865671641791,,-0.11015574302401038,-0.2220960415314731,
09558,2010,2,,0.54,,,,
09558,2014,1,,0.2891566265060241,,,-0.17352994065815502,
09558,2014,2,,0.4305555555555556,,,-0.10944444444444446,
09558,2018,1,0.12408759124087591,0.5036496350364964,,,0.21449300853047232,
09558,2018,2,0.29473684210526313,0.6210526315789474,,,0.19049707602339183,
09578,2002,1,0.0,0.5,,,,
09578,2006,1,0.3684210526315789,0.42105263157894735,,0.3684210526315789,-0.07894736842105265,
09578,2010,1,0.16666666666666666,0.06666666666666667,,-0.20175438596491227,-0.3543859649122807,
09578,2010,2,,0.18181818181818182,,,,
09578,2014,1,,0.09090909090909091,,,0.024242424242424246,
09578,2014,2,,0.3488372093023256,,,0.16701902748414377,
09578,2018,1,0.2708333333333333,0.140625,,,0.04971590909090909,
09578,2018,2,0.7262569832402235,0.20670391061452514,,,-0.14213329868780045,
09591,2002,1,0.11229946524064172,0.7984368572603867,,,,
09591,2006,1,0.06419753086419754,0.8658436213991769,,-0.04810193437644418,0.06740676413879021,
09591,2010,1,0.01800486618004866,0.570316301703163,,-0.04619266468414887,-0.29552731969601387,
09591,2010,2,,0.7561534058385804,,,,
09591,2014,1,,0.4628143392188336,,,-0.10750196248432947,
09591,2014,2,,0.674655787863335,,,-0.08149761797524535,
09591,2018,1,0.09916864608076009,0.5941211401425178,,,0.13130680092368424,
09591,2018,2,0.1987366375121477,0.760932944606414,,,0.08627715674307901,
09600,2002,1,0.22,0.76,,,,
09600,2006,1,0.02857142857142857,0.8428571428571429,,-0.19142857142857142,0.08285714285714285,
09600,2010,1,,0.4375,,,-0.40535714285714286,
09600,2010,2,,0.625,,,,
09600,2014,1,,0.3472222222222222,,,-0.09027777777777779,
09600,2014,2,,0.7105263157894737,,,0.08552631578947367,
09600,2018,1,0.11320754716981132,0.5,,,0.1527777777777778,
09600,2018,2,0.2727272727272727,0.6767676767676768,,,-0.03375863902179688,
09604,2002,1,0.05,0.8738095238095238,,,,
09604,2006,1,0.10051107325383304,0.8057921635434412,,0.05051107325383304,-0.06801736026608263,
09604,2010,1,0.02386117136659436,0.42950108459869846,,-0.07664990188723869,-0.37629107894474273,
09604,2010,2,,0.6407035175879398,,,,
09604,2014,1,,0.3227722772277228,,,-0.10672880737097568,
09604,2014,2,,0.5483870967741935,,,-0.09231642081374625,
09604,2018,1,0.10838709677419354,0.4335483870967742,,,0.1107761098690514,
09604,2018,2,0.3087512291052114,0.632251720747296,,,0.08386462397310246,
09608,2002,1,0.0,1.0,,,,
09608,2006,1,0.0,0.7,,0.0,-0.30000000000000004,
09608,2010,1,,0.5769230769230769,,,-0.12307692307692308,
09608,2010,2,,0.8421052631578947,,,,
09608,2014,1,,0.25,,,-0.32692307692307687,
09608,2014,2,,0.5238095238095238,,,-0.31829573934837085,
09608,2018,1,0.1,0.3375,,,0.08750000000000002,
09608,2018,2,0.4090909090909091,0.5454545454545454,,,0.021645021645021578,
09616,2002,1,0.07692307692307693,0.7692307692307693,,,,
09616,2006,1,0.44,0.48,,0.3630769230769231,-0.2892307692307693,
09616,2010,1,0.13793103448275862,0.20689655172413793,,-0.3020689655172414,-0.2731034482758621,
09616,2010,2,,0.3333333333333333,,,,
09616,2014,1,,0.23809523809523808,,,0.031198686371100154,
09616,2014,2,,0.475,,,0.14166666666666666,
09616,2018,1,0.3076923076923077,0.19658119658119658,,,-0.041514041514041505,
09616,2018,2,0.6216216216216216,0.36936936936936937,,,-0.1056306306306306,
09620,2002,1,0.14084507042253522,0.7605633802816901,,,,
09620,2006,1,0.16883116883116883,0.6363636363636364,,0.027986098408633614,-0.12419974391805377,
09620,2010,1,0.01694915254237288,0.3220338983050847,,-0.15188201628879594,-0.31432973805855163,
09620,2010,2,,0.4,,,,
09620,2014,1,,0.17204301075268819,,,-0.14999088755239653,
09620,2014,2,,0.25252525252525254,,,-0.14747474747474748,
09620,2018,1,0.16666666666666666,0.29559748427672955,,,0.12355447352404136,
09620,2018,2,0.5141843971631206,0.4148936170212766,,,0.16236836449602404,
09630,2002,1,0.06695464362850972,0.8876889848812095,,,,
09630,2006,1,0.08982035928143713,0.812375249500998,,0.0228657156529274,-0.07531373538021147,
09630,2010,1,0.019455252918287938,0.4961089494163424,,-0.07036510636314919,-0.3162663000846556,
09630,2010,2,,0.6078886310904872,,,,
09630,2014,1,,0.4646153846153846,,,-0.03149356480095783,
09630,2014,2,,0.6607142857142857,,,0.05282565462379851,
09630,2018,1,0.16847826086956522,0.5421195652173914,,,0.07750418060200676,
09630,2018,2,0.3201820940819423,0.6358118361153262,,,-0.024902449598959486,
09642,2002,1,0.0,1.0,,,,
09643,2002,1,0.0625,0.5625,,,,
09643,2006,1,0.4074074074074074,0.3888888888888889,,0.3449074074074074,-0.1736111111111111,
09643,2010,1,0.10144927536231885,0.2028985507246377,,-0.30595813204508854,-0.1859903381642512,
09643,2010,2,,0.17543859649122806,,,,
09643,2014,1,,0.09375,,,-0.1091485507246377,
09643,2014,2,,0.18032786885245902,,,0.004889272361230962,
09643,2018,1,0.41954022988505746,0.1724137931034483,,,0.07866379310344829,
09643,2018,2,0.7218045112781954,0.2556390977443609,,,0.07531122889190187,
09702,2018,1,0.0425531914893617,0.3829787234042553,,,,
09702,2018,2,0.328125,0.546875,,,,
09704,2018,1,0.14285714285714285,0.3333333333333333,,,,
09704,2018,2,0.6363636363636364,0.3181818181818182,,,,
09710,2002,1,0.02247191011235955,0.38202247191011235,,,,
09710,2006,1,0.15384615384615385,0.7384615384615385,,0.1313742437337943,0.35643906655142615,
09710,2010,1,,0.3142857142857143,,,-0.4241758241758242,
09710,2010,2,,0.26666666666666666,,,,
09710,2014,1,,0.4025974025974026,,,0.08831168831168834,
09710,2014,2,,0.5074626865671642,,,0.24079601990049754,
09710,2018,1,0.11504424778761062,0.3185840707964602,,,-0.08401333180094245,
09710,2018,2,0.4,0.53,,,0.022537313432835826,
09724,2002,1,0.11987529228371005,0.747310989867498,,,,
09724,2006,1,0.15123623894603863,0.7728749323226854,,0.03136094666232858,0.02556394245518745,
09724,2010,1,0.03226925746009716,0.4063150589868147,,-0.11896698148594148,-0.36655987333587076,
09724,2010,2,,0.5571334648257725,,,,
09724,2014,1,,0.3001031725561001,,,-0.10621188643071461,
09724,2014,2,,0.5186519465427077,,,-0.038481518283064786,
09724,2018,1,0.17227046685964523,0.4140874341275143,,,0.11398426157141422,
09724,2018,2,0.38362294883683423,0.5674716768132887,,,0.04881973027058095,
09752,2002,1,0.09333333333333334,0.76,,,,
09752,2006,1,0.2727272727272727,0.6161616161616161,,0.17939393939393938,-0.14383838383838388,
09752,2010,1,0.08974358974358974,0.28846153846153844,,-0.18298368298368295,-0.3277000777000777,
09752,2010,2,,0.3793103448275862,,,,
09752,2014,1,,0.18487394957983194,,,-0.1035875888817065,
09752,2014,2,,0.2824427480916031,,,-0.09686759673598311,
09752,2018,1,0.288135593220339,0.2465331278890601,,,0.06165917830922815,
09752,2018,2,0.6087689713322091,0.3473861720067454,,,0.0649434239151423,
09756,2002,1,0.07869481765834933,0.690978886756238,,,,
09756,2006,1,0.23412698412698413,0.6964285714285714,,0.15543216646863478,0.005449684672333421,
09756,2010,1,0.03598484848484849,0.29924242424242425,,-0.19814213564213565,-0.39718614718614714,
09756,2010,2,,0.38288288288288286,,,,
09756,2014,1,,0.21262458471760798,,,-0.08661783952481628,
09756,2014,2,,0.35858585858585856,,,-0.024297024297024294,
09756,2018,1,0.22746113989637307,0.3170984455958549,,,0.10447386087824695,
09756,2018,2,0.5155482815057283,0.4358974358974359,,,0.07731157731157734,
09764,2014,1,,0.09375,,,,
09764,2014,2,,0.25806451612903225,,,,
09764,2018,1,0.08064516129032258,0.22580645161290322,,,0.13205645161290322,
09764,2018,2,0.4090909090909091,0.5,,,0.24193548387096775,
09780,2002,1,0.2857142857142857,0.6666666666666666,,,,
09780,2014,1,,0.2647058823529412,,,-0.40196078431372545,
09780,2014,2,,0.4576271186440678,,,,
09780,2018,1,0.061855670103092786,0.3917525773195876,,,0.12704669496664645,
09780,2018,2,0.2857142857142857,0.5844155844155844,,,0.1267884657715166,
09784,2014,1,,0.6633663366336634,,,,
09784,2014,2,,0.7936507936507936,,,,
09784,2018,1,0.07331136738056013,0.7191103789126854,,,0.055744042279021966,
09784,2018,2,0.15263157894736842,0.8114035087719298,,,0.017752715121136187,
09792,2010,1,,0.6153846153846154,,,,
09792,2010,2,,0.6428571428571429,,,,
09792,2014,1,,0.32608695652173914,,,-0.2892976588628763,
09792,2014,2,,0.6129032258064516,,,-0.02995391705069128,
09792,2018,1,0.25252525252525254,0.20202020202020202,,,-0.12406675450153712,
09792,2018,2,0.6764705882352942,0.2647058823529412,,,-0.34819734345351044,
09818,2002,1,0.14814814814814814,0.7777777777777778,,,,
09818,2006,1,0.08108108108108109,0.6756756756756757,,-0.06706706706706705,-0.10210210210210213,
09818,2010,1,0.02857142857142857,0.45714285714285713,,-0.05250965250965252,-0.21853281853281853,
09818,2010,2,,0.5185185185185185,,,,
09818,2014,1,,0.16666666666666666,,,-0.29047619047619044,
09818,2014,2,,0.22727272727272727,,,-0.2912457912457912,
09818,2018,1,0.10256410256410256,0.3076923076923077,,,0.14102564102564105,
09818,2018,2,0.5384615384615384,0.3333333333333333,,,0.10606060606060605,
09826,2002,1,0.06565988181221274,0.8181221273801708,,,,
09826,2006,1,0.18386714116251482,0.7455516014234875,,0.11820725935030207,-0.07257052595668323,
09826,2010,1,0.05143191116306254,0.33489187609585036,,-0.1324352299994523,-0.41065972532763717,
09826,2010,2,,0.4756717501815541,,,,
09826,2014,1,,0.24167623421354764,,,-0.09321564188230272,
09826,2014,2,,0.4180790960451977,,,-0.05759265413635639,
09826,2018,1,0.15842257351691313,0.3958864524902261,,,0.15421021827667844,
09826,2018,2,0.3938260056127222,0.560710944808232,,,0.1426318487630343,
09840,2002,1,0.05369593056346044,0.9096293397837223,,,,
09840,2006,1,0.051965946557748145,0.9042533996030379,,-0.0017299840057122956,-0.005375940180684435,
09840,2010,1,0.011998422352770224,0.7061424449380358,,-0.03996752420497792,-0.19811095466500206,
09840,2010,2,,0.8185157487242654,,,,
09840,2014,1,,0.5838529999394563,,,-0.12228944499857952,
09840,2014,2,,0.7552281961165532,,,-0.06328755260771213,
09840,2018,1,0.05249301954527324,0.7104285777600496,,,0.12657557782059337,
09840,2018,2,0.12673863689014503,0.8468794884863087,,,0.09165129236975544,
09858,2002,1,0.21348314606741572,0.6629213483146067,,,,
09858,2006,1,0.1774193548387097,0.6774193548387096,,-0.03606379122870604,0.014498006524102935,
09858,2010,1,0.03571428571428571,0.35714285714285715,,-0.141705069124424,-0.3202764976958525,
09858,2010,2,,0.5520833333333334,,,,
09858,2014,1,,0.23129251700680273,,,-0.12585034013605442,
09858,2014,2,,0.3448275862068966,,,-0.2072557471264368,
09858,2018,1,0.26005361930294907,0.2520107238605898,,,0.020718206853787086,
09858,2018,2,0.5479876160990712,0.39628482972136225,,,0.05145724351446568,
09862,2002,1,0.19099195075757575,0.7500591856060606,,,,
09862,2006,1,0.1571836443356786,0.780870806566738,,-0.03380830642189714,0.030811620960677466,
09862,2010,1,0.049410870391486124,0.6812048650703155,,-0.10777277394419249,-0.0996659414964225,
09862,2010,2,,0.8468969390620612,,,,
09862,2014,1,,0.3728681621965891,,,-0.30833670287372644,
09862,2014,2,,0.4581640426612494,,,-0.3887328964008118,
09862,2018,1,0.12446082212129003,0.6328448595995086,,,0.25997669740291957,
09862,2018,2,0.1599975840304412,0.8293721499109111,,,0.37120810724966175,
09900,2002,1,0.23746701846965698,0.6939313984168866,,,,
09900,2006,1,0.06511627906976744,0.8488372093023255,,-0.17235073939988954,0.15490581088543898,
09900,2010,1,0.0469208211143695,0.6832844574780058,,-0.01819545795539794,-0.16555275182431972,
09900,2010,2,,0.7975460122699386,,,,
09901,2002,1,0.0,0.625,,,,
11001,2002,1,0.24789744106951753,0.5670227429359063,,,,
11001,2006,1,0.22815916515912837,0.6341221585192984,,-0.019738275910389153,0.06709941558339216,
11001,2010,1,0.08515879979438917,0.40013956699656833,,-0.1430003653647392,-0.2339825915227301,
11001,2010,2,,0.6050587695374731,,,,
11001,2014,1,,0.2160860649207452,,,-0.18405350207582313,
11001,2014,2,,0.4091390767226957,,,-0.19591969281477734,
11001,2018,1,0.29680703515418405,0.2670681820634869,,,0.05098211714274173,
11001,2018,2,0.5279433670660373,0.40498584456126524,,,-0.004153232161430487,
13001,2002,1,0.47268456183573493,0.4210043830750279,,,,
13001,2006,1,0.3267670078266105,0.5413606261288381,,-0.14591755400912443,0.12035624305381015,
13001,2010,1,0.2264311583813805,0.4107646225853269,,-0.10033584944523,-0.13059600354351114,
13001,2010,2,,0.6463373826279178,,,,
13001,2014,1,,0.2970715402377043,,,-0.1136930823476226,
13001,2014,2,,0.4090231541289874,,,-0.23731422849893047,
13001,2018,1,0.45168669313490917,0.336378934083559,,,0.03930739384585469,
13001,2018,2,0.5586931486535519,0.41200523750177476,,,0.0029820833727873808,
13006,2002,1,0.7023271969433831,0.22681486627301145,,,,
13006,2006,1,0.046197718631178705,0.8726235741444867,,-0.6561294783122044,0.6458087078714752,
13006,2010,1,0.04128092275003794,0.8621945667020792,,-0.004916795881140766,-0.01042900744240749,
13006,2010,2,,0.9339300244100895,,,,
13006,2014,1,,0.7107272727272728,,,-0.1514672939748064,
13006,2014,2,,0.7201101928374656,,,-0.21381983157262396,
13006,2018,1,0.1281710718554921,0.7908088723602072,,,0.08008159963293449,
13006,2018,2,0.14258441713399356,0.8472735950363919,,,0.1271634021989263,
13030,2002,1,0.7282127031019202,0.22008862629246675,,,,
13030,2006,1,0.14979195561719832,0.7198335644937587,,-0.5784207474847218,0.49974493820129195,
13030,2010,1,0.03197925669835782,0.8785652549697494,,-0.1178126989188405,0.15873169047599067,
13030,2010,2,,0.935672514619883,,,,
13030,2014,1,,0.336697247706422,,,-0.5418680072633273,
13030,2014,2,,0.3759942154736081,,,-0.5596782991462749,
13030,2018,1,0.25369789332138054,0.5419094576423129,,,0.2052122099358909,
13030,2018,2,0.2959572845156369,0.6842105263157895,,,0.3082163108421814,
13042,2002,1,0.08358433734939759,0.8667168674698795,,,,
13042,2006,1,0.20213523131672598,0.6740213523131673,,0.11855089396732839,-0.19269551515671224,
13042,2010,1,0.09526315789473684,0.7578947368421053,,-0.10687207342198914,0.083873384528938,
13042,2010,2,,0.9008574490889604,,,,
13042,2014,1,,0.203751617076326,,,-0.5541431197657793,
13042,2014,2,,0.29304029304029305,,,-0.6078171560486674,
13042,2018,1,0.34989384288747344,0.35371549893842885,,,0.14996388186210285,
13042,2018,2,0.40094899169632264,0.5808620007908264,,,0.28782170775053334,
13052,2002,1,0.6060319642550266,0.28759236982299363,,,,
13052,2006,1,0.28918252009870254,0.5614104911247314,,-0.31684944415632404,0.27381812130173777,
13052,2010,1,0.17565228540291045,0.5115712545676004,,-0.1135302346957921,-0.04983923655713096,
13052,2010,2,,0.7404833051838379,,,,
13052,2014,1,,0.26244712007809956,,,-0.24912413448950088,
13052,2014,2,,0.3269810508182601,,,-0.41350225436557775,
13052,2018,1,0.44525405615466823,0.34421451471874087,,,0.08176739464064131,
13052,2018,2,0.5157787147055066,0.4541970103487926,,,0.1272159595305325,
13062,2002,1,0.6138540899042004,0.30287398673544585,,,,
13062,2006,1,0.0867816091954023,0.8333333333333334,,-0.5270724807087981,0.5304593465978875,
13062,2010,1,0.04935424354243542,0.8131918819188192,,-0.03742736565296688,-0.020141451414514178,
13062,2010,2,,0.940158259149357,,,,
13062,2014,1,,0.43701226309921964,,,-0.37617961881959955,
13062,2014,2,,0.5052790346907994,,,-0.43487922445855764,
13062,2018,1,0.11864941621962764,0.552540233512149,,,0.11552797041292934,
13062,2018,2,0.16926700029437738,0.8151309979393583,,,0.3098519632485589,
13074,2002,1,0.41210762331838563,0.49551569506726456,,,,
13074,2006,1,0.1552511415525114,0.7302423603793466,,-0.2568564817658742,0.23472666531208208,
13074,2010,1,0.047164948453608246,0.8628865979381444,,-0.10808619309890316,0.13264423755879773,
13074,2010,2,,0.9093551797040169,,,,
13074,2014,1,,0.4868208714362561,,,-0.3760657265018883,
13074,2014,2,,0.6016031195840554,,,-0.3077520601199615,
13074,2018,1,0.21104206500956024,0.6481835564053537,,,0.16136268496909767,
13074,2018,2,0.22199170124481327,0.7609958506224066,,,0.15939273103835117,
13140,2002,1,0.5075553157042634,0.4093362115488397,,,,
13140,2006,1,0.11443871479571599,0.7205474018246727,,-0.3931166009085474,0.311211190275833,
13140,2010,1,0.06082802547770701,0.775,,-0.05361068931800898,0.05445259817532733,
13140,2010,2,,0.8977614433678583,,,,
13140,2014,1,,0.348294434470377,,,-0.426705565529623,
13140,2014,2,,0.39246263807667314,,,-0.5052988052911852,
13140,2018,1,0.23483691880638446,0.44066620402498263,,,0.09237176955460563,
13140,2018,2,0.30309007232084156,0.6703484549638395,,,0.2778858168871664,
13160,2002,1,0.5040650406504065,0.4056007226738934,,,,
13160,2006,1,0.15523769457299116,0.6680689945309213,,-0.3488273460774153,0.26246827185702787,
13160,2010,1,0.16385302879841113,0.4031777557100298,,0.008615334225419963,-0.2648912388208915,
13160,2010,2,,0.7405582922824302,,,,
13160,2014,1,,0.21064682312535776,,,-0.19253093258467202,
13160,2014,2,,0.2462767889575009,,,-0.49428150332492926,
13160,2018,1,0.34203821656050953,0.2952229299363057,,,0.08457610681094796,
13160,2018,2,0.5109840505567258,0.4568161300030093,,,0.2105393410455084,
13188,2002,1,0.5430555555555555,0.33425925925925926,,,,
13188,2006,1,0.17254601226993865,0.7296779141104295,,-0.37050954328561686,0.3954186548511702,
13188,2010,1,0.11702479338842975,0.7057851239669422,,-0.055521218881508905,-0.02389279014348733,
13188,2010,2,,0.8944658944658944,,,,
13188,2014,1,,0.1805732484076433,,,-0.5252118755592988,
13188,2014,2,,0.23195762524828956,,,-0.6625082692176049,
13188,2018,1,0.3651753325272068,0.44885126964933497,,,0.26827802124169164,
13188,2018,2,0.4359322033898305,0.5484745762711865,,,0.3165169510228969,
13212,2002,1,0.6950444726810674,0.10419313850063533,,,,
13212,2006,1,0.10866969190351086,0.5937425364222594,,-0.5863747807775566,0.48954939792162405,
13212,2010,1,0.05928781204111601,0.7224669603524229,,-0.049381879862394853,0.12872442393016348,
13212,2010,2,,0.9196159638554217,,,,
13212,2014,1,,0.3059135039717564,,,-0.4165534563806665,
13212,2014,2,,0.3294402506765418,,,-0.5901757131788798,
13212,2018,1,0.42250530785562634,0.31877464361540797,,,0.012861139643651598,
13212,2018,2,0.4951718261857427,0.4893496165861971,,,0.15990936590965527,
13222,2002,1,0.8020429728777738,0.12891863332159212,,,,
13222,2006,1,0.16457286432160803,0.2533500837520938,,-0.6374701085561658,0.12443145043050166,
13222,2010,1,0.06993006993006994,0.7596948506039415,,-0.0946427943915381,0.5063447668518477,
13222,2010,2,,0.8717384470292361,,,,
13222,2014,1,,0.2247690728703387,,,-0.5349257777336027,
13222,2014,2,,0.2789609173882518,,,-0.5927775296409843,
13222,2018,1,0.22527223230490018,0.3287205081669691,,,0.10395143529663042,
13222,2018,2,0.3565520243796256,0.6131911188506748,,,0.334230201462423,
13244,2002,1,0.6560355658645017,0.2305982410360491,,,,
13244,2006,1,0.1386634199134199,0.7770562770562771,,-0.5173721459510818,0.546458036020228,
13244,2010,1,0.040379015082366236,0.8566957882383622,,-0.09828440483105366,0.07963951118208512,
13244,2010,2,,0.9177558176601849,,,,
13244,2014,1,,0.5011389521640092,,,-0.35555683607435307,
13244,2014,2,,0.48815800485396266,,,-0.4295978128062222,
13244,2018,1,0.20120767737761483,0.6455898210049601,,,0.14445086884095093,
13244,2018,2,0.23439067685421008,0.7446168094466311,,,0.25645880459266845,
13248,2002,1,0.3362930077691454,0.5971143174250833,,,,
13248,2006,1,0.07976190476190476,0.7853174603174603,,-0.25653110300724064,0.18820314289237705,
13248,2010,1,0.0407098121085595,0.7073764787752261,,-0.039052092653345256,-0.07794098154223417,
13248,2010,2,,0.9351719197707736,,,,
13248,2014,1,,0.295316565481353,,,-0.41205991329387315,
13248,2014,2,,0.3093206951026856,,,-0.6258512246680881,
13248,2018,1,0.25048669695003245,0.47209604153147305,,,0.17677947605012007,
13248,2018,2,0.32111436950146627,0.660117302052786,,,0.35079660695010034,
13268,2002,1,0.6121546961325967,0.281767955801105,,,,
13268,2006,1,0.15259895088221268,0.7243681449690034,,-0.459555745250384,0.4426001891678984,
13268,2010,1,0.14411635081533716,0.6505068312031732,,-0.008482600066875512,-0.07386131376583016,
13268,2010,2,,0.8773491592482691,,,,
13268,2014,1,,0.4050913115661317,,,-0.2454155196370415,
13268,2014,2,,0.47233047544816836,,,-0.4050186838001007,
13268,2018,1,0.2602001539645881,0.42609699769053117,,,0.02100568612439946,
13268,2018,2,0.31899775617053105,0.6701570680628273,,,0.1978265926146589,
13300,2002,1,0.3090047393364929,0.504739336492891,,,,
13300,2006,1,0.17170228445099484,0.7542372881355932,,-0.13730245488549808,0.24949795164270216,
13300,2010,1,0.06956983536909188,0.8571428571428571,,-0.10213244908190296,0.10290556900726389,
13300,2010,2,,0.9396028681742967,,,,
13300,2014,1,,0.49821215733015495,,,-0.35893069981270215,
13300,2014,2,,0.49929211892402076,,,-0.44031074925027597,
13300,2018,1,0.13488372093023257,0.6695348837209303,,,0.17132272639077534,
13300,2018,2,0.176983035304906,0.8092618065107748,,,0.3099696875867541,
13430,2002,1,0.5107109360345151,0.39632339148377416,,,,
13430,2006,1,0.2379016341675219,0.4949080287360859,,-0.2728093018669932,0.09858463725231176,
13430,2010,1,0.27887646890226425,0.5252221266838636,,0.04097483473474234,0.030314097947777674,
13430,2010,2,,0.8147842723314421,,,,
13430,2014,1,,0.27453173050041935,,,-0.25069039618344424,
13430,2014,2,,0.3203844002644023,,,-0.49439987206703984,
13430,2018,1,0.39805258487834494,0.40884042404147014,,,0.1343086935410508,
13430,2018,2,0.4675486023237087,0.5105717243759347,,,0.19018732411153239,
13433,2002,1,0.575840597758406,0.30884184308841844,,,,
13433,2006,1,0.16698172652804033,0.7475320310859063,,-0.4088588712303657,0.4386901879974878,
13433,2010,1,0.09805484693877552,0.7340561224489796,,-0.06892687958926481,-0.013475908636926714,
13433,2010,2,,0.8950617283950617,,,,
13433,2014,1,,0.38656600851722805,,,-0.3474901139317515,
13433,2014,2,,0.4245472837022133,,,-0.4705144446928484,
13433,2018,1,0.2623781182727618,0.5372926427757376,,,0.15072663425850957,
13433,2018,2,0.3248363761625904,0.6580548857503732,,,0.2335076020481599,
13440,2002,1,0.6224402730375427,0.31612627986348124,,,,
13440,2006,1,0.15371254884932697,0.617455492835432,,-0.46872772418821573,0.30132921297195076,
13440,2010,1,0.056370153144346694,0.7865754317367221,,-0.09734239570498028,0.16911993890129007,
13440,2010,2,,0.9135842880523731,,,,
13440,2014,1,,0.40767101621194146,,,-0.3789044155247806,
13440,2014,2,,0.43827859569648925,,,-0.4753056923558839,
13440,2018,1,0.18362091166623745,0.5150656708730363,,,0.10739465466109488,
13440,2018,2,0.23505003661215523,0.754698559921894,,,0.3164199642254048,
13442,2002,1,0.8325587945359808,0.10815378115758344,,,,
13442,2006,1,0.20024316109422494,0.628693009118541,,-0.6323156334417559,0.5205392279609575,
13442,2010,1,0.071410157257025,0.7691844977227807,,-0.12883300383719992,0.14049148860423977,
13442,2010,2,,0.880494385934372,,,,
13442,2014,1,,0.19148936170212766,,,-0.577695136020653,
13442,2014,2,,0.20891643342662936,,,-0.6715779525077427,
13442,2018,1,0.46640068841430027,0.34960494406633813,,,0.15811558236421047,
13442,2018,2,0.529302860061287,0.4510342185903984,,,0.24211778516376903,
13458,2002,1,0.454855195911414,0.4190800681431005,,,,
13458,2006,1,0.45687885010266943,0.44763860369609854,,0.0020236541912554418,0.028558535552998032,
13458,2010,1,0.036243822075782535,0.8187808896210873,,-0.4206350280268869,0.37114228592498877,
13458,2010,2,,0.8980609418282548,,,,
13458,2014,1,,0.36815462494247586,,,-0.45062626467861144,
13458,2014,2,,0.41191155492154063,,,-0.48614938690671416,
13458,2018,1,0.3249246987951807,0.5052710843373494,,,0.1371164593948735,
13458,2018,2,0.30187345351714384,0.6776246023329798,,,0.2657130474114392,
13468,2002,1,0.5143157894736842,0.3818947368421053,,,,
13468,2006,1,0.20082971902696586,0.6478408448048275,,-0.3134860704467183,0.2659461079627222,
13468,2010,1,0.1296068796068796,0.5843278343278343,,-0.07122283942008625,-0.0635130104769932,
13468,2010,2,,0.8258160513345113,,,,
13468,2014,1,,0.28888390856118334,,,-0.29544392576665096,
13468,2014,2,,0.33969856599356163,,,-0.4861174853409497,
13468,2018,1,0.36505091065538503,0.4810698408145705,,,0.19218593225338715,
13468,2018,2,0.4227302849569251,0.5613651424784626,,,0.22166657648490096,
13473,2002,1,0.23824068417837507,0.6023213194868662,,,,
13473,2006,1,0.095112285336856,0.7784015852047557,,-0.14312839884151907,0.17608026571788948,
13473,2010,1,0.07156862745098039,0.6936274509803921,,-0.02354365788587562,-0.08477413422436353,
13473,2010,2,,0.8830365974282888,,,,
13473,2014,1,,0.42672641012124407,,,-0.26690104085914806,
13473,2014,2,,0.4725274725274725,,,-0.41050912490081626,
13473,2018,1,0.19428772919605078,0.6313469675599436,,,0.2046205574386995,
13473,2018,2,0.23425733055600065,0.7401057522832879,,,0.2675782797558154,
13490,2010,1,0.04419191919191919,0.6717171717171717,,,,
13490,2010,2,,0.7819843342036553,,,,
13490,2014,1,,0.25308641975308643,,,-0.4186307519640853,
13490,2014,2,,0.3288547664747281,,,-0.4531295677289272,
13490,2018,1,0.37555982085732564,0.344849648112604,,,0.09176322835951756,
13490,2018,2,0.4611432241490045,0.5073859987154785,,,0.1785312322407504,
13549,2002,1,0.6009661835748792,0.34758454106280195,,,,
13549,2006,1,0.0571529370259305,0.8119597812665373,,-0.5438132465489487,0.4643752402037354,
13549,2010,1,0.06488790653615409,0.7953899589516893,,0.007734969510223587,-0.01656982231484805,
13549,2010,2,,0.899604743083004,,,,
13549,2014,1,,0.31973660142674226,,,-0.47565335752494703,
13549,2014,2,,0.44301201289188397,,,-0.45659273019112,
13549,2018,1,0.20636363636363636,0.6192424242424243,,,0.299505822815682,
13549,2018,2,0.24845968390034825,0.7393517278328422,,,0.29633971494095823,
13580,2002,1,0.2897560975609756,0.6839024390243903,,,,
13580,2006,1,0.1841704718417047,0.6917808219178082,,-0.10558562571927088,0.007878382893417912,
13580,2010,1,0.17687074829931973,0.6530612244897959,,-0.007299723542384978,-0.03871959742801234,
13580,2010,2,,0.8790106951871658,,,,
13580,2014,1,,0.2302917442582247,,,-0.4227694802315711,
13580,2014,2,,0.31042128603104213,,,-0.5685894091561237,
13580,2018,1,0.3502851711026616,0.30275665399239543,,,0.07246490973417072,
13580,2018,2,0.44070080862533695,0.545822102425876,,,0.2354008163948339,
13600,2002,1,0.5266579973992198,0.3823146944083225,,,,
13600,2006,1,0.17893755824790308,0.6332712022367195,,-0.34772043915131673,0.250956507828397,
13600,2010,1,0.05357142857142857,0.7601461038961039,,-0.1253661296764745,0.12687490165938442,
13600,2010,2,,0.8714112414071977,,,,
13600,2014,1,,0.35786924939467313,,,-0.4022768545014308,
13600,2014,2,,0.4230100799443865,,,-0.4484011614628112,
13600,2018,1,0.2012454932808915,0.47820386758439853,,,0.1203346181897254,
13600,2018,2,0.31088244465232306,0.6679139382600561,,,0.24490385831566958,
13620,2002,1,0.8618299445471349,0.10859519408502773,,,,
13620,2006,1,0.1271036315323295,0.39238263950398583,,-0.7347263130148054,0.2837874454189581,
13620,2010,1,0.08575197889182058,0.5971855760773966,,-0.041351652640508926,0.2048029365734108,
13620,2010,2,,0.7919811320754717,,,,
13620,2014,1,,0.10439024390243902,,,-0.49279533217495763,
13620,2014,2,,0.16727635517126704,,,-0.6247047769042047,
13620,2018,1,0.352882703777336,0.21868787276341947,,,0.11429762886098045,
13620,2018,2,0.5538847117794486,0.43045112781954886,,,0.2631747726482818,
13647,2002,1,0.5768757687576875,0.2649446494464945,,,,
13647,2006,1,0.16482347937048064,0.7075712462781795,,-0.4120522893872069,0.442626596831685,
13647,2010,1,0.0855645010297697,0.7127878674405542,,-0.07925897834071094,0.005216621162374757,
13647,2010,2,,0.8691197992891491,,,,
13647,2014,1,,0.2547060190564722,,,-0.458081848384082,
13647,2014,2,,0.2965650701499758,,,-0.5725547291391733,
13647,2018,1,0.22108433734939759,0.46265060240963857,,,0.20794458335316635,
13647,2018,2,0.30382606240293664,0.6779613158266271,,,0.3813962456766513,
13650,2002,1,0.5726920950801547,0.3521282476506357,,,,
13650,2006,1,0.17294350842418235,0.72398414271556,,-0.39974858665597235,0.3718558950649243,
13650,2010,1,0.10887772194304858,0.7705192629815746,,-0.06406578648113377,0.046535120266014585,
13650,2010,2,,0.9141316904120138,,,,
13650,2014,1,,0.32867469879518074,,,-0.44184456418639384,
13650,2014,2,,0.28211163416274376,,,-0.63202005624927,
13650,2018,1,0.20938729623383923,0.27346824058459807,,,-0.055206458210582676,
13650,2018,2,0.32723112128146453,0.6598970251716247,,,0.377785391008881,
13654,2002,1,0.6741596205403176,0.22561352856259023,,,,
13654,2006,1,0.16410173335493278,0.6531670176575409,,-0.5100578871853849,0.4275534890949507,
13654,2010,1,0.04873602333495382,0.7572921730675741,,-0.11536571001997896,0.1041251554100332,
13654,2010,2,,0.8677395021372895,,,,
13654,2014,1,,0.42083494894662016,,,-0.33645722412095397,
13654,2014,2,,0.4273601981518529,,,-0.44037930398543657,
13654,2018,1,0.2551385622251764,0.5737805501585029,,,0.15294560121188278,
13654,2018,2,0.33073443064780056,0.6516507844835884,,,0.2242905863317355,
13655,2002,1,0.12935507783543365,0.8198665678280208,,,,
13655,2006,1,0.07237715803452856,0.5318725099601593,,-0.056977919800905094,-0.2879940578678615,
13655,2010,1,0.040625,0.7459821428571428,,-0.031752158034528556,0.21410963289698348,
13655,2010,2,,0.8700378071833649,,,,
13655,2014,1,,0.4653865588681152,,,-0.2805955839890276,
13655,2014,2,,0.4750156152404747,,,-0.3950221919428902,
13655,2018,1,0.25385208012326654,0.5820493066255779,,,0.11666274775746266,
13655,2018,2,0.26542533771449434,0.7137641474990872,,,0.23874853225861253,
13657,2002,1,0.5301448823804331,0.36142701355351303,,,,
13657,2006,1,0.1292212267401792,0.7654491155524925,,-0.4009236556402539,0.4040221019989795,
13657,2010,1,0.05869527298098726,0.7917320774463632,,-0.07052595375919193,0.026282961893870693,
13657,2010,2,,0.8811935899797384,,,,
13657,2014,1,,0.47190881878885566,,,-0.31982325865750755,
13657,2014,2,,0.4502694380292533,,,-0.4309241519504851,
13657,2018,1,0.23038311065180483,0.5889126743928546,,,0.1170038556039989,
13657,2018,2,0.2947617438323758,0.6824602906387293,,,0.23219085260947597,
13667,2002,1,0.35698348951361,0.5305667112896029,,,,
13667,2006,1,0.23071741327046144,0.6601549343213203,,-0.12626607624314853,0.12958822303171746,
13667,2010,1,0.10133744855967078,0.7561728395061729,,-0.12937996471079066,0.09601790518485254,
13667,2010,2,,0.9049723756906077,,,,
13667,2014,1,,0.4045499505440158,,,-0.35162288896215704,
13667,2014,2,,0.4737204498508148,,,-0.43125192583979294,
13667,2018,1,0.2990492653414002,0.4539757994814175,,,0.04942584893740165,
13667,2018,2,0.3725333864859478,0.611919473789117,,,0.13819902393830225,
13670,2002,1,0.19468003084040092,0.6303006939090208,,,,
13670,2006,1,0.23724167018135808,0.6060733867566428,,0.042561639340957164,-0.024227307152377975,
13670,2010,1,0.10803882072880425,0.5478850027467497,,-0.12920284945255384,-0.058188384009893124,
13670,2010,2,,0.7604205090372557,,,,
13670,2014,1,,0.28404429860541425,,,-0.2638407041413354,
13670,2014,2,,0.3494075502893359,,,-0.41101295874791977,
13670,2018,1,0.29220200992240175,0.4986642920747996,,,0.21461999346938537,
13670,2018,2,0.3846420723950503,0.5823985197178212,,,0.2329909694284853,
13673,2002,1,0.7539650264335096,0.18828792191947946,,,,
13673,2006,1,0.3410762679055362,0.3259775454897406,,-0.4128887585279734,0.13768962357026115,
13673,2010,1,0.16258287690977227,0.6091092533871433,,-0.17849339099576392,0.28313170789740266,
13673,2010,2,,0.8076555023923445,,,,
13673,2014,1,,0.13642428285523683,,,-0.47268497053190645,
13673,2014,2,,0.15904408735063866,,,-0.6486114150417058,
13673,2018,1,0.374496644295302,0.30268456375838926,,,0.16626028090315242,
13673,2018,2,0.5123495883470551,0.46928435718809375,,,0.3102402698374551,
13683,2002,1,0.723202170963365,0.2259158751696065,,,,
13683,2006,1,0.19835560123329907,0.4138403562863994,,-0.5248465697300659,0.1879244811167929,
13683,2010,1,0.11394755163611046,0.6467857971687166,,-0.0844080495971886,0.23294544088231722,
13683,2010,2,,0.8452935694315005,,,,
13683,2014,1,,0.23412698412698413,,,-0.4126588130417325,
13683,2014,2,,0.32786885245901637,,,-0.5174247169724842,
13683,2018,1,0.49707955689828803,0.364551863041289,,,0.13042487891430488,
13683,2018,2,0.5245469522240527,0.4515650741350906,,,0.12369622167607425,
13688,2002,1,0.1068752036493972,0.6125773867709352,,,,
13688,2006,1,0.1707534551939367,0.6738742755238519,,0.0638782515445395,0.06129688875291672,
13688,2010,1,0.026078710289236605,0.7227754069859333,,-0.1446747449047001,0.048901131462081415,
13688,2010,2,,0.8784399797399967,,,,
13688,2014,1,,0.4264168190127971,,,-0.29635858797313624,
13688,2014,2,,0.6223776223776224,,,-0.25606235736237426,
13688,2018,1,0.11507438609069726,0.7012009320666787,,,0.27478411305388156,
13688,2018,2,0.1586680577290906,0.7976004173187272,,,0.17522279494110482,
13744,2002,1,0.0977282468924132,0.7192456065152164,,,,
13744,2006,1,0.2585551330798479,0.5869339785689596,,0.16082688618743468,-0.13231162794625684,
13744,2010,1,0.06328264758497316,0.5315295169946332,,-0.19527248549487475,-0.055404461574326325,
13744,2010,2,,0.8161746464897048,,,,
13744,2014,1,,0.3515834675254965,,,-0.17994604946913673,
13744,2014,2,,0.4855421686746988,,,-0.33063247781500604,
13744,2018,1,0.19992484028560692,0.5383314543404735,,,0.18674798681497695,
13744,2018,2,0.2756670789892207,0.6909347941332391,,,0.2053926254585403,
13760,2002,1,0.8079257408068546,0.13816494109246696,,,,
13760,2006,1,0.38171690694626476,0.23787680209698558,,-0.4262088338605899,0.09971186100451862,
13760,2010,1,0.21651140379055572,0.44587214905236106,,-0.16520550315570903,0.20799534695537547,
13760,2010,2,,0.7089579524680073,,,,
13760,2014,1,,0.08904360571637962,,,-0.35682854333598146,
13760,2014,2,,0.11224489795918367,,,-0.5967130545088236,
13760,2018,1,0.5322114120431238,0.15566657901656586,,,0.06662297330018624,
13760,2018,2,0.6981660723382578,0.28553234844625575,,,0.17328745048707206,
13780,2002,1,0.7177661169415293,0.212143928035982,,,,
13780,2006,1,0.12549407114624506,0.6452569169960475,,-0.5922720457952841,0.43311298896006545,
13780,2010,1,0.07361148020196652,0.7743821419080521,,-0.05188259094427854,0.12912522491200462,
13780,2010,2,,0.8973501414972986,,,,
13780,2014,1,,0.35804020100502515,,,-0.41634194090302695,
13780,2014,2,,0.39847891219174925,,,-0.4988712293055494,
13780,2018,1,0.23630924988495167,0.5324436263230556,,,0.1744034253180305,
13780,2018,2,0.32615579480683976,0.6550559425796918,,,0.25657703038794255,
13810,2002,1,0.6280552603613178,0.1997874601487779,,,,
13810,2006,1,0.12217194570135746,0.8018099547511313,,-0.5058833146599603,0.6020224946023534,
13810,2010,1,0.029539530842745437,0.8256588473790907,,-0.09263241485861202,0.023848892627959417,
13810,2010,2,,0.9165945165945166,,,,
13810,2014,1,,0.5601560156015601,,,-0.26550283177753053,
13810,2014,2,,0.53125,,,-0.38534451659451663,
13810,2018,1,0.18840262582056894,0.6424507658643326,,,0.08229475026277244,
13810,2018,2,0.19811690859160455,0.7850137308748529,,,0.25376373087485293,
13836,2002,1,0.4637463569725338,0.4309811887309017,,,,
13836,2006,1,0.3507815989280929,0.5127288968289415,,-0.1129647580444409,0.08174770809803983,
13836,2010,1,0.16285102063832188,0.5071049960527799,,-0.18793057828977103,-0.0056239007761615945,
13836,2010,2,,0.7255596162631338,,,,
13836,2014,1,,0.26044265593561367,,,-0.24666234011716626,
13836,2014,2,,0.35094070539191485,,,-0.37461891087121896,
13836,2018,1,0.43163317472177437,0.31814070549372764,,,0.05769804955811397,
13836,2018,2,0.5520532099479468,0.41783545401966454,,,0.06689474862774969,
13838,2002,1,0.5531752104055088,0.3644478449375159,,,,
13838,2006,1,0.24799633615754524,0.5285092741012136,,-0.3051788742479635,0.1640614291636977,
13838,2010,1,0.1246340443329151,0.6327896277708072,,-0.12336229182463014,0.10428035366959354,
13838,2010,2,,0.8040638606676342,,,,
13838,2014,1,,0.28923884514435694,,,-0.3435507826264502,
13838,2014,2,,0.3812647157753111,,,-0.4227991448923231,
13838,2018,1,0.4433125205389418,0.3708511337495892,,,0.08161228860523229,
13838,2018,2,0.5327351745408664,0.4465161923454367,,,0.06525147657012559,
13873,2002,1,0.8331593234495719,0.11004385049070788,,,,
13873,2006,1,0.13342449697206485,0.4760695448329752,,-0.6997348264775071,0.36602569434226734,
13873,2010,1,0.07290144503977919,0.7437895762299075,,-0.06052305193228566,0.2677200313969323,
13873,2010,2,,0.8913931079536175,,,,
13873,2014,1,,0.4689334142886055,,,-0.27485616194130197,
13873,2014,2,,0.5370425914817036,,,-0.35435051647191385,
13873,2018,1,0.2330021732381248,0.55262340887923,,,0.08368999459062448,
13873,2018,2,0.28411602209944753,0.6903314917127071,,,0.1532889002310035,
13894,2002,1,0.7031674208144797,0.1493212669683258,,,,
13894,2006,1,0.15665171898355754,0.6068759342301944,,-0.5465157018309221,0.45755466726186855,
13894,2010,1,0.10901356022334485,0.5756447753257112,,-0.047638158760212684,-0.031231158904483136,
13894,2010,2,,0.8452883263009845,,,,
13894,2014,1,,0.09449610454888163,,,-0.4811486707768296,
13894,2014,2,,0.10966659677081149,,,-0.735621729530173,
13894,2018,1,0.585802894555479,0.16701125660464047,,,0.07251515205575884,
13894,2018,2,0.7120018013960819,0.26795766719207387,,,0.1582910704212624,
15001,2002,1,0.34522458580064785,0.4256917077599191,,,,
15001,2006,1,0.327200485408389,0.4859955765203265,,-0.01802410039225888,0.060303868760407386,
15001,2010,1,0.06983037742231672,0.3089289453760531,,-0.25737010798607224,-0.1770666311442734,
15001,2010,2,,0.47841848067525544,,,,
15001,2014,1,,0.1369620080485642,,,-0.17196693732748888,
15001,2014,2,,0.3675515188277172,,,-0.11086696184753825,
15001,2018,1,0.2798650903024588,0.22108991562099561,,,0.08412790757243141,
15001,2018,2,0.5814230170119341,0.35205014043737964,,,-0.01550137839033755,
15022,2002,1,0.16623376623376623,0.6012987012987013,,,,
15022,2006,1,0.06962785114045618,0.765906362545018,,-0.09660591509331005,0.16460766124631665,
15022,2010,1,0.023206751054852322,0.8175105485232067,,-0.04642110008560386,0.05160418597818872,
15022,2010,2,,0.8972375690607735,,,,
15022,2014,1,,0.6233062330623306,,,-0.19420431546087613,
15022,2014,2,,0.6686390532544378,,,-0.2285985158063356,
15022,2018,1,0.12448979591836734,0.6612244897959184,,,0.03791825673358784,
15022,2018,2,0.19848975188781015,0.7745415318230853,,,0.10590247856864743,
15047,2002,1,0.07894270001773994,0.7420613801667554,,,,
15047,2006,1,0.0503072745462341,0.8919536944404745,,-0.02863542547150584,0.14989231427371907,
15047,2010,1,0.012526939655172414,0.8542564655172413,,-0.03778033489106168,-0.03769722892323313,
15047,2010,2,,0.9169909208819714,,,,
15047,2014,1,,0.605378033874629,,,-0.24887843164261236,
15047,2014,2,,0.8338141950375072,,,-0.08317672584446423,
15047,2018,1,0.09265489206616204,0.7067563779086067,,,0.10137834403397772,
15047,2018,2,0.1570558507191914,0.8158610859142154,,,-0.017953109123291844,
15051,2002,1,0.2916666666666667,0.5470085470085471,,,,
15051,2006,1,0.19375,0.5735576923076923,,-0.09791666666666668,0.026549145299145205,
15051,2010,1,0.04100946372239748,0.476791347453808,,-0.15274053627760253,-0.09676634485388425,
15051,2010,2,,0.7043713384407391,,,,
15051,2014,1,,0.24743852459016394,,,-0.22935282286364408,
15051,2014,2,,0.5116375727348296,,,-0.1927337657059095,
15051,2018,1,0.20987189148455163,0.41823662396382816,,,0.17079809937366422,
15051,2018,2,0.3954741379310345,0.5495689655172413,,,0.037931392782411755,
15087,2002,1,0.3986394557823129,0.3414965986394558,,,,
15087,2006,1,0.14990689013035383,0.6201117318435754,,-0.2487325656519591,0.27861513320411957,
15087,2010,1,0.048486547085201795,0.47841928251121074,,-0.10142034304515203,-0.14169244933236463,
15087,2010,2,,0.7475816203143894,,,,
15087,2014,1,,0.18555289284491613,,,-0.29286638966629464,
15087,2014,2,,0.6055540576974926,,,-0.14202756261689675,
15087,2018,1,0.25588235294117645,0.396524064171123,,,0.21097117132620688,
15087,2018,2,0.4287548138639281,0.5152759948652118,,,-0.09027806283228079,
15090,2002,1,0.5553539019963702,0.23774954627949182,,,,
15090,2006,1,0.08198924731182795,0.7096774193548387,,-0.4733646546845423,0.4719278730753469,
15090,2010,1,0.03940886699507389,0.5246305418719212,,-0.04258038031675406,-0.1850468774829176,
15090,2010,2,,0.6871657754010695,,,,
15090,2014,1,,0.31262939958592134,,,-0.2120011422859998,
15090,2014,2,,0.5080058224163028,,,-0.17915995298476672,
15090,2018,1,0.3792172739541161,0.40350877192982454,,,0.0908793723439032,
15090,2018,2,0.45229244114002476,0.4882280049566295,,,-0.019777817459673275,
15092,2002,1,0.6317044100119189,0.2061978545887962,,,,
15092,2006,1,0.11214953271028037,0.47079439252336447,,-0.5195548773016385,0.2645965379345683,
15092,2010,1,0.042391304347826085,0.46956521739130436,,-0.0697582283624543,-0.0012291751320601119,
15092,2010,2,,0.6888150609080842,,,,
15092,2014,1,,0.2436750998668442,,,-0.22589011752446014,
15092,2014,2,,0.4537987679671458,,,-0.2350162929409384,
15092,2018,1,0.2446351931330472,0.3551502145922747,,,0.11147511472543048,
15092,2018,2,0.44387755102040816,0.4887755102040816,,,0.03497674223693581,
15097,2002,1,0.049910071942446045,0.6614208633093526,,,,
15097,2006,1,0.0974124809741248,0.8287671232876712,,0.04750240903167876,0.16734625997831865,
15097,2010,1,0.033255993812838364,0.6651198762567672,,-0.06415648716128644,-0.16364724703090405,
15097,2010,2,,0.8175009854158455,,,,
15097,2014,1,,0.4873831775700935,,,-0.1777366986866737,
15097,2014,2,,0.6920245398773006,,,-0.12547644553854487,
15097,2018,1,0.11200321156162184,0.5997591328783621,,,0.11237595530826866,
15097,2018,2,0.19328703703703703,0.7654320987654321,,,0.07340755888813144,
15104,2002,1,0.6884615384615385,0.17252747252747253,,,,
15104,2006,1,0.12568306010928962,0.5458409228901032,,-0.5627784783522488,0.3733134503626307,
15104,2010,1,0.031011969532100107,0.5016322089227421,,-0.0946710905771895,-0.044208713967361146,
15104,2010,2,,0.7588996763754046,,,,
15104,2014,1,,0.26019080659150046,,,-0.24144140233124162,
15104,2014,2,,0.6136907611297271,,,-0.14520891524567747,
15104,2018,1,0.22734946539110862,0.477771525042206,,,0.21758071845070553,
15104,2018,2,0.35805860805860806,0.6039377289377289,,,-0.00975303219199819,
15106,2002,1,0.04665314401622718,0.6501014198782962,,,,
15106,2006,1,0.08848715509039011,0.8353948620361561,,0.04183401107416293,0.18529344215785992,
15106,2010,1,0.012858555885262116,0.7477744807121661,,-0.07562859920512799,-0.08762038132398997,
15106,2010,2,,0.8766859344894027,,,,
15106,2014,1,,0.39467592592592593,,,-0.3530985547862402,
15106,2014,2,,0.6446511627906977,,,-0.232034771698705,
15106,2018,1,0.09822184589331075,0.7383573243014394,,,0.3436813983755135,
15106,2018,2,0.14873417721518986,0.8204113924050633,,,0.17576022961436566,
15109,2002,1,0.4645242070116861,0.4461602671118531,,,,
15109,2006,1,0.06801470588235294,0.5638786764705882,,-0.3965095011293332,0.11771840935873512,
15109,2010,1,0.02252816020025031,0.6675010429703796,,-0.04548654568210263,0.1036223664997914,
15109,2010,2,,0.8569677155700858,,,,
15109,2014,1,,0.4312997347480106,,,-0.236201308222369,
15109,2014,2,,0.6277073968124234,,,-0.2292603187576624,
15109,2018,1,0.109765625,0.597265625,,,0.16596589025198943,
15109,2018,2,0.210292484265087,0.770455386893743,,,0.14274799008131966,
15114,2002,1,0.23273657289002558,0.5575447570332481,,,,
15114,2006,1,0.19899244332493704,0.6171284634760705,,-0.03374412956508854,0.059583706442822404,
15114,2010,1,0.0707070707070707,0.5782828282828283,,-0.12828537261786632,-0.038845635193242245,
15114,2010,2,,0.7241379310344828,,,,
15114,2014,1,,0.19387755102040816,,,-0.38440527726242013,
15114,2014,2,,0.6083743842364532,,,-0.11576354679802958,
15114,2018,1,0.15471698113207547,0.41509433962264153,,,0.22121678860223337,
15114,2018,2,0.362962962962963,0.5722222222222222,,,-0.03615216201423099,
15131,2002,1,0.547976011994003,0.36881559220389803,,,,
15131,2006,1,0.14215080346106304,0.507416563658838,,-0.40582520853294,0.13860097145494,
15131,2010,1,0.06253687315634218,0.4808259587020649,,-0.07961393030472086,-0.026590604956773123,
15131,2010,2,,0.7390737116764514,,,,
15131,2014,1,,0.303886925795053,,,-0.1769390329070119,
15131,2014,2,,0.5704697986577181,,,-0.16860391301873334,
15131,2018,1,0.1473551637279597,0.5258186397984886,,,0.22193171400343564,
15131,2018,2,0.2977365060940221,0.6593151479976784,,,0.08884534933996036,
15135,2002,1,0.3306122448979592,0.413265306122449,,,,
15135,2006,1,0.04783258594917788,0.8557548579970105,,-0.2827796589487813,0.44248955187456146,
15135,2010,1,0.016288951841359773,0.7861189801699717,,-0.0315436341078181,-0.06963587782703873,
15135,2010,2,,0.8992700729927007,,,,
15135,2014,1,,0.5958408679927667,,,-0.19027811217720503,
15135,2014,2,,0.6310679611650486,,,-0.2682021118276521,
15135,2018,1,0.08616944243301955,0.5865314989138306,,,-0.009309369078936092,
15135,2018,2,0.1838351822503962,0.7765451664025357,,,0.14547720523748708,
15162,2002,1,0.1596688350088705,0.4423418095801301,,,,
15162,2006,1,0.2358695652173913,0.6010869565217392,,0.0762007302085208,0.15874514694160907,
15162,2010,1,0.09777547853078117,0.4718054837040869,,-0.13809408668661013,-0.12928147281765223,
15162,2010,2,,0.6782316731952994,,,,
15162,2014,1,,0.19952210274790919,,,-0.27228338095617777,
15162,2014,2,,0.5757575757575758,,,-0.10247409743772362,
15162,2018,1,0.3246456332876086,0.3662551440329218,,,0.16673304128501262,
15162,2018,2,0.4464928057553957,0.5004496402877698,,,-0.07530793546980596,
15172,2002,1,0.12191684284707541,0.7244538407329105,,,,
15172,2006,1,0.07929515418502203,0.8357457520453115,,-0.042621688662053375,0.11129191131240102,
15172,2010,1,0.02648171500630517,0.6941992433795713,,-0.052813439178716864,-0.14154650866574026,
15172,2010,2,,0.8589341692789969,,,,
15172,2014,1,,0.4688026981450253,,,-0.225396545234546,
15172,2014,2,,0.677336747759283,,,-0.18159742151971392,
15172,2018,1,0.10982658959537572,0.6518946692357097,,,0.18309197109068442,
15172,2018,2,0.19863438857852267,0.7616387337057728,,,0.08430198594648985,
15176,2002,1,0.1925742002540709,0.6280170920429611,,,,
15176,2006,1,0.2192726456392412,0.6535525872712987,,0.0266984453851703,0.025535495228337646,
15176,2010,1,0.054270291112396375,0.49946982841719684,,-0.16500235452684484,-0.1540827588541019,
15176,2010,2,,0.6718733729043007,,,,
15176,2014,1,,0.2787001638448935,,,-0.22076966457230335,
15176,2014,2,,0.5054205071875447,,,-0.166452865716756,
15176,2018,1,0.19529344821980166,0.38794504958543324,,,0.10924488574053975,
15176,2018,2,0.38506981740064444,0.5579195240849376,,,0.05249901689739289,
15180,2002,1,0.884478672985782,0.05864928909952607,,,,
15180,2006,1,0.02488262910798122,0.9107981220657277,,-0.8595960438778008,0.8521488329662017,
15180,2010,1,0.015189873417721518,0.8713924050632912,,-0.009692755690259703,-0.03940571700243656,
15180,2010,2,,0.9359173126614987,,,,
15180,2014,1,,0.7213962508080155,,,-0.14999615425527568,
15180,2014,2,,0.7648026315789473,,,-0.17111468108255135,
15180,2018,1,0.07403055229142186,0.7702702702702703,,,0.04887401946225478,
15180,2018,2,0.12443946188340807,0.8604260089686099,,,0.09562337738966253,
15183,2002,1,0.2014453477868112,0.542457091237579,,,,
15183,2006,1,0.02270690170301763,0.9217209441290708,,-0.17873844608379358,0.3792638528914918,
15183,2010,1,0.010659752232785941,0.8959953903774128,,-0.012047149470231687,-0.02572555375165797,
15183,2010,2,,0.9325044404973357,,,,
15183,2014,1,,0.7929034459228932,,,-0.10309194445451964,
15183,2014,2,,0.8505889646621203,,,-0.08191547583521541,
15183,2018,1,0.10515938218862964,0.7607624055208676,,,-0.03214104040202559,
15183,2018,2,0.13921690490988192,0.8321939092604101,,,-0.01839505540171016,
15185,2002,1,0.3676923076923077,0.4938461538461538,,,,
15185,2006,1,0.11209593326381648,0.6308654848800834,,-0.25559637442849126,0.1370193310339296,
15185,2010,1,0.0319634703196347,0.6768138001014713,,-0.08013246294418178,0.04594831522138787,
15185,2010,2,,0.8224112056028015,,,,
15185,2014,1,,0.4661746617466175,,,-0.21063913835485382,
15185,2014,2,,0.5830258302583026,,,-0.23938537534449889,
15185,2018,1,0.09040385327899222,0.6865505742867729,,,0.22037591254015543,
15185,2018,2,0.14023960535588442,0.8343904157857647,,,0.2513645855274621,
15187,2002,1,0.4758269720101781,0.356234096692112,,,,
15187,2006,1,0.26535433070866143,0.4393700787401575,,-0.21047264130151666,0.08313598204804551,
15187,2010,1,0.045,0.38,,-0.22035433070866145,-0.059370078740157484,
15187,2010,2,,0.6307829181494662,,,,
15187,2014,1,,0.16421780466724287,,,-0.21578219533275714,
15187,2014,2,,0.49129852744310576,,,-0.13948439070636043,
15187,2018,1,0.20013166556945358,0.35418038183015144,,,0.18996257716290857,
15187,2018,2,0.47198007471980075,0.4794520547945205,,,-0.011846472648585238,
15189,2002,1,0.11038607939097335,0.6547036432843937,,,,
15189,2006,1,0.0825593395252838,0.8204334365325078,,-0.02782673986568955,0.1657297932481141,
15189,2010,1,0.01430549146285187,0.7254268574065529,,-0.06825384806243193,-0.0950065791259549,
15189,2010,2,,0.894712643678161,,,,
15189,2014,1,,0.471866295264624,,,-0.2535605621419289,
15189,2014,2,,0.8189116859946476,,,-0.07580095768351336,
15189,2018,1,0.09706321553011449,0.6854156296665007,,,0.21354933440187673,
15189,2018,2,0.19318181818181818,0.7666083916083916,,,-0.05230329438625603,
15204,2002,1,0.5603795284646349,0.3016101207590569,,,,
15204,2006,1,0.20453938584779707,0.43578104138851803,,-0.35584014261683783,0.13417092062946112,
15204,2010,1,0.046269055897298746,0.3492912543460818,,-0.15827032995049833,-0.0864897870424362,
15204,2010,2,,0.6202672605790646,,,,
15204,2014,1,,0.19155951203428948,,,-0.15773174231179235,
15204,2014,2,,0.4906861589247819,,,-0.12958110165428266,
15204,2018,1,0.2639452874545843,0.28595853814917715,,,0.09439902611488768,
15204,2018,2,0.518312101910828,0.42277070063694266,,,-0.06791545828783924,
15212,2002,1,0.4412344057780696,0.4681549573210768,,,,
15212,2006,1,0.07586657946370176,0.5879659908436887,,-0.3653678263143678,0.11981103352261191,
15212,2010,1,0.010095011876484561,0.5593824228028503,,-0.0657715675872172,-0.028583568040838392,
15212,2010,2,,0.8738574040219378,,,,
15212,2014,1,,0.235467255334805,,,-0.32391516746804533,
15212,2014,2,,0.45,,,-0.4238574040219378,
15212,2018,1,0.0665024630541872,0.666871921182266,,,0.431404665847461,
15212,2018,2,0.13911525029103608,0.8207217694994179,,,0.3707217694994179,
15215,2002,1,0.2522432701894317,0.4317048853439681,,,,
15215,2006,1,0.19170984455958548,0.6485319516407599,,-0.06053342562984623,0.21682706629679183,
15215,2010,1,0.053471667996807665,0.475658419792498,,-0.13823817656277781,-0.17287353184826193,
15215,2010,2,,0.7218649517684887,,,,
15215,2014,1,,0.20036934441366575,,,-0.2752890753788323,
15215,2014,2,,0.5725368502715283,,,-0.1493281014969604,
15215,2018,1,0.26266952177016417,0.2919343326195575,,,0.09156498820589173,
15215,2018,2,0.49053857350800584,0.4497816593886463,,,-0.12275519088288206,
15218,2002,1,0.23007518796992482,0.5180451127819549,,,,
15218,2006,1,0.06213872832369942,0.7825144508670521,,-0.1679364596462254,0.2644693380850972,
15218,2010,1,0.018922852983988356,0.8282387190684134,,-0.043215875339711066,0.04572426820136133,
15218,2010,2,,0.9152923538230885,,,,
15218,2014,1,,0.7528735632183908,,,-0.07536515585002257,
15218,2014,2,,0.8142857142857143,,,-0.10100663953737421,
15218,2018,1,0.042,0.844,,,0.09112643678160914,
15218,2018,2,0.08829174664107485,0.8905950095969289,,,0.07630929531121466,
15223,2002,1,0.4575799721835883,0.28372739916550765,,,,
15223,2006,1,0.2777777777777778,0.4853801169590643,,-0.17980219440581052,0.20165271779355665,
15223,2010,1,0.07250538406317301,0.40272792534099067,,-0.20527239371460476,-0.08265219161807363,
15223,2010,2,,0.6352490421455939,,,,
15223,2014,1,,0.2953929539295393,,,-0.10733497141145137,
15223,2014,2,,0.3658940397350993,,,-0.26935500241049454,
15223,2018,1,0.3814625058220773,0.34094084769445737,,,0.04554789376491808,
15223,2018,2,0.5638126009693053,0.37318255250403876,,,0.007288512768939437,
15224,2002,1,0.28993666432090076,0.5939479239971851,,,,
15224,2006,1,0.28433151845130067,0.5063520871143375,,-0.005605145869600092,-0.08759583688284756,
15224,2010,1,0.022262334536702767,0.47713598074608904,,-0.2620691839145979,-0.029216106368248507,
15224,2010,2,,0.716025641025641,,,,
15224,2014,1,,0.10162314749470713,,,-0.3755128332513819,
15224,2014,2,,0.5685224839400428,,,-0.14750315708559825,
15224,2018,1,0.3933102652825836,0.30103806228373703,,,0.1994149147890299,
15224,2018,2,0.5596239485403266,0.39782285997031175,,,-0.17069962396973104,
15226,2002,1,0.5139442231075697,0.3094289508632138,,,,
15226,2006,1,0.10722100656455143,0.6706783369803063,,-0.4067232165430183,0.3612493861170925,
15226,2010,1,0.04567078972407231,0.6184586108468125,,-0.061550216840479115,-0.05221972613349379,
15226,2010,2,,0.805327868852459,,,,
15226,2014,1,,0.36629213483146067,,,-0.25216647601535186,
15226,2014,2,,0.6700274977085243,,,-0.13530037114393467,
15226,2018,1,0.1838161838161838,0.5314685314685315,,,0.1651763966370708,
15226,2018,2,0.3313953488372093,0.6366279069767442,,,-0.033399590731780116,
15232,2002,1,0.8504007123775601,0.08682101513802315,,,,
15232,2006,1,0.08540788969743393,0.09345078513979319,,-0.7649928226801261,0.006629770001770036,
15232,2010,1,0.014160766347355268,0.23823406913785922,,-0.07124712335007866,0.14478328399806603,
15232,2010,2,,0.6431478968792401,,,,
15232,2014,1,,0.1310116086235489,,,-0.10722246051431031,
15232,2014,2,,0.32517627540439653,,,-0.3179716214748436,
15232,2018,1,0.4650395778364116,0.22559366754617413,,,0.09458205892262522,
15232,2018,2,0.6540710751237067,0.29284750337381915,,,-0.03232877203057738,
15236,2002,1,0.021482277121374866,0.878625134264232,,,,
15236,2006,1,0.06234718826405868,0.8679706601466992,,0.04086491114268381,-0.010654474117532842,
15236,2010,1,0.008484848484848486,0.8254545454545454,,-0.0538623397792102,-0.04251611469215377,
15236,2010,2,,0.9179734620024126,,,,
15236,2014,1,,0.5096525096525096,,,-0.3158020358020358,
15236,2014,2,,0.6830309498399146,,,-0.23494251216249795,
15236,2018,1,0.04770992366412214,0.8034351145038168,,,0.29378260485130714,
15236,2018,2,0.09617271835132483,0.8763493621197253,,,0.19331841227981061,
15238,2002,1,0.22858676687692928,0.5185344249094082,,,,
15238,2006,1,0.24681971408183853,0.626288723210551,,0.018232947204909256,0.1077542983011428,
15238,2010,1,0.07001795332136446,0.381201816453691,,-0.17680176076047407,-0.24508690675685996,
15238,2010,2,,0.5508499714774672,,,,
15238,2014,1,,0.22734631574078357,,,-0.15385550071290743,
15238,2014,2,,0.4952845599285605,,,-0.05556541154890665,
15238,2018,1,0.27371003214346135,0.2788868211808493,,,0.05154050544006572,
15238,2018,2,0.5294036181078507,0.40747857699298884,,,-0.08780598293557168,
15244,2002,1,0.5850567044696464,0.2448298865910607,,,,
15244,2006,1,0.02938706968933669,0.8845507976490344,,-0.5556696347803097,0.6397209110579738,
15244,2010,1,0.0064516129032258064,0.8147465437788018,,-0.022935456786110885,-0.06980425387023259,
15244,2010,2,,0.9168962350780533,,,,
15244,2014,1,,0.6429418742586003,,,-0.17180466952020157,
15244,2014,2,,0.8303000491883915,,,-0.08659618588966178,
15244,2018,1,0.07131862493586455,0.7829656233966137,,,0.1400237491380134,
15244,2018,2,0.11132623426911907,0.856727976766699,,,0.026427927578307475,
15248,2002,1,0.10627177700348432,0.7770034843205574,,,,
15248,2006,1,0.028671328671328673,0.9363636363636364,,-0.07760044833215565,0.15936015204307896,
15248,2010,1,0.011177347242921014,0.8904619970193741,,-0.01749398142840766,-0.04590163934426228,
15248,2010,2,,0.9412207987942728,,,,
15248,2014,1,,0.7164948453608248,,,-0.17396715165854937,
15248,2014,2,,0.8792307692307693,,,-0.061990029563503524,
15248,2018,1,0.0526711813393529,0.8397291196388262,,,0.12323427427800149,
15248,2018,2,0.09696521095484827,0.8845299777942265,,,0.005299208563457225,
15272,2002,1,0.40232974910394265,0.4121863799283154,,,,
15272,2006,1,0.2447029497299543,0.542584129621936,,-0.15762679937398835,0.1303977496936206,
15272,2010,1,0.059870550161812294,0.37702265372168287,,-0.18483239956814201,-0.16556147590025316,
15272,2010,2,,0.6397306397306397,,,,
15272,2014,1,,0.17044881492687847,,,-0.2065738387948044,
15272,2014,2,,0.45458089668615986,,,-0.18514974304447984,
15272,2018,1,0.2564190345771996,0.3252310852447792,,,0.1547822703179007,
15272,2018,2,0.4792353328938695,0.4634146341463415,,,0.008833737460181623,
15276,2002,1,0.1896649630891539,0.5712663259511641,,,,
15276,2006,1,0.11903392754456585,0.7619321449108684,,-0.07063103554458805,0.19066581895970425,
15276,2010,1,0.03376777251184834,0.5936018957345972,,-0.0852661550327175,-0.16833024917627115,
15276,2010,2,,0.8115671641791045,,,,
15276,2014,1,,0.29678770949720673,,,-0.2968141862373905,
15276,2014,2,,0.6914893617021277,,,-0.12007780247697675,
15276,2018,1,0.17533185840707965,0.5243362831858407,,,0.22754857368863396,
15276,2018,2,0.30984455958549223,0.6544041450777202,,,-0.03708521662440756,
15293,2002,1,0.3408541498791297,0.5350523771152297,,,,
15293,2006,1,0.17216411906677392,0.6460176991150443,,-0.16869003081235578,0.11096532199981457,
15293,2010,1,0.02350570852921424,0.6474143720617864,,-0.14865841053755968,0.0013966729467421723,
15293,2010,2,,0.7807262569832403,,,,
15293,2014,1,,0.31976744186046513,,,-0.3276469302013213,
15293,2014,2,,0.5785804816223067,,,-0.2021457753609336,
15293,2018,1,0.1845618107951248,0.53047011027278,,,0.2107026684123149,
15293,2018,2,0.29728260869565215,0.658695652173913,,,0.08011517055160633,
15296,2002,1,0.342716396903589,0.4616467276565799,,,,
15296,2006,1,0.0902672718103883,0.8300554715078164,,-0.2524491250932007,0.36840874385123656,
15296,2010,1,0.027489860297431275,0.7498873366381252,,-0.06277741151295702,-0.08016813486969121,
15296,2010,2,,0.8689751988769303,,,,
15296,2014,1,,0.3545340050377834,,,-0.39535333160034186,
15296,2014,2,,0.7289127254997562,,,-0.14006247337717415,
15296,2018,1,0.13426371511068336,0.5524542829643888,,,0.19792027792660544,
15296,2018,2,0.2398945518453427,0.7205623901581723,,,-0.008350335341583914,
15299,2002,1,0.21403152008134216,0.5687171665819353,,,,
15299,2006,1,0.1910442600276625,0.6780774550484094,,-0.022987260053679653,0.10936028846647416,
15299,2010,1,0.036946614583333336,0.6106770833333334,,-0.15409764544432916,-0.06740037171507607,
15299,2010,2,,0.7559493670886076,,,,
15299,2014,1,,0.32053742802303264,,,-0.2901396553103007,
15299,2014,2,,0.5499513460914693,,,-0.20599802099713826,
15299,2018,1,0.17753001715265868,0.39451114922813035,,,0.07397372120509771,
15299,2018,2,0.38559564719358536,0.5617124856815578,,,0.01176113959008851,
15317,2002,1,0.10841836734693877,0.6033163265306123,,,,
15317,2006,1,0.04540295119182747,0.905788876276958,,-0.0630154161551113,0.30247254974634574,
15317,2010,1,0.020179372197309416,0.5538116591928252,,-0.02522357899451805,-0.3519772170841329,
15317,2010,2,,0.8972286374133949,,,,
15317,2014,1,,0.7910447761194029,,,0.23723311692657778,
15317,2014,2,,0.8728260869565218,,,-0.024402550456873118,
15317,2018,1,0.06182212581344902,0.8318872017353579,,,0.04084242561595497,
15317,2018,2,0.1125,0.86875,,,-0.0040760869565217295,
15322,2002,1,0.2921830314585319,0.5888941849380362,,,,
15322,2006,1,0.13080072793448588,0.7292993630573248,,-0.16138230352404603,0.14040517811928854,
15322,2010,1,0.03858056529812255,0.6141943470187745,,-0.09222016263636333,-0.11510501603855028,
15322,2010,2,,0.7755012117206433,,,,
15322,2014,1,,0.2847392847392847,,,-0.3294550622794898,
15322,2014,2,,0.48991421284488756,,,-0.2855869988757558,
15322,2018,1,0.16338582677165353,0.3655511811023622,,,0.08081189636307745,
15322,2018,2,0.36891233766233766,0.5752840909090909,,,0.08536987806420337,
15325,2002,1,0.02939575394665215,0.8372346216657593,,,,
15325,2006,1,0.0793720017444396,0.8656781508940253,,0.049976247797787456,0.028443529228265985,
15325,2010,1,0.028767123287671233,0.7799086757990867,,-0.05060487845676837,-0.0857694750949386,
15325,2010,2,,0.8651079136690647,,,,
15325,2014,1,,0.4709371293001186,,,-0.30897154649896813,
15325,2014,2,,0.7317913385826772,,,-0.1333165750863875,
15325,2018,1,0.08754052802223251,0.6331635016211209,,,0.1622263723210023,
15325,2018,2,0.14930875576036867,0.8230414746543778,,,0.09125013607170063,
15332,2002,1,0.05954974582425563,0.5410312273057372,,,,
15332,2006,1,0.07405405405405406,0.8745945945945945,,0.01450430822979843,0.3335633672888574,
15332,2010,1,0.03492957746478873,0.796056338028169,,-0.03912447658926533,-0.07853825656642555,
15332,2010,2,,0.8544927536231884,,,,
15332,2014,1,,0.6503267973856209,,,-0.14572954064254806,
15332,2014,2,,0.7792441511697661,,,-0.07524860245342235,
15332,2018,1,0.25206611570247933,0.601534828807556,,,-0.04879196857806489,
15332,2018,2,0.30204778156996587,0.6689419795221843,,,-0.11030217164758183,
15362,2002,1,0.3270588235294118,0.5564705882352942,,,,
15362,2006,1,0.17763845350052246,0.6687565308254964,,-0.14942037002888933,0.11228594259020219,
15362,2010,1,0.03528225806451613,0.5907258064516129,,-0.14235619543600633,-0.07803072437388348,
15362,2010,2,,0.7376185458377239,,,,
15362,2014,1,,0.35363247863247865,,,-0.23709332781913423,
15362,2014,2,,0.5962790697674418,,,-0.14133947607028208,
15362,2018,1,0.15511811023622046,0.4952755905511811,,,0.14164311191870244,
15362,2018,2,0.3330733229329173,0.6302652106084243,,,0.033986140840982504,
15367,2002,1,0.7475521498510004,0.14814814814814814,,,,
15367,2006,1,0.10552536231884058,0.5792572463768116,,-0.6420267875321598,0.4311090982286635,
15367,2010,1,0.03691132795927026,0.6011879507848961,,-0.06861403435957031,0.021930704408084423,
15367,2010,2,,0.8084020416175893,,,,
15367,2014,1,,0.32667047401484867,,,-0.2745174767700474,
15367,2014,2,,0.5868306801736614,,,-0.22157136144392797,
15367,2018,1,0.20193021529324426,0.47401633259094283,,,0.14734585857609417,
15367,2018,2,0.3452037215271094,0.61758100737889,,,0.030750327205228634,
15368,2002,1,0.12855980471928397,0.39625711960943855,,,,
15368,2006,1,0.047936893203883495,0.850121359223301,,-0.08062291151540046,0.45386423961386246,
15368,2010,1,0.014192139737991267,0.881004366812227,,-0.03374475346589223,0.030883007588926037,
15368,2010,2,,0.9092896174863389,,,,
15368,2014,1,,0.7218155197657394,,,-0.1591888470464876,
15368,2014,2,,0.8303843807199512,,,-0.07890523676638761,
15368,2018,1,0.09096692111959287,0.7856234096692112,,,0.06380788990347175,
15368,2018,2,0.12542182227221596,0.8498312710911136,,,0.019446890371162318,
15377,2002,1,0.41007194244604317,0.2607913669064748,,,,
15377,2006,1,0.045234248788368334,0.8004846526655897,,-0.3648376936576748,0.5396932857591148,
15377,2010,1,0.02142857142857143,0.8428571428571429,,-0.023805677359796905,0.0423724901915532,
15377,2010,2,,0.928475935828877,,,,
15377,2014,1,,0.7262222222222222,,,-0.11663492063492065,
15377,2014,2,,0.8300132802124834,,,-0.09846265561639356,
15377,2018,1,0.10677083333333333,0.6901041666666666,,,-0.036118055555555584,
15377,2018,2,0.1714614499424626,0.8003452243958573,,,-0.029668055816626127,
15380,2002,1,0.05040871934604905,0.7275204359673024,,,,
15380,2006,1,0.15587188612099645,0.7750889679715303,,0.10546316677494741,0.04756853200422784,
15380,2010,1,0.015015015015015015,0.6786786786786787,,-0.14085687110598144,-0.09641028929285156,
15380,2010,2,,0.8217391304347826,,,,
15380,2014,1,,0.3549000951474786,,,-0.3237785835312001,
15380,2014,2,,0.6314623338257016,,,-0.19027679660908103,
15380,2018,1,0.18513323983169705,0.5862552594670407,,,0.2313551643195621,
15380,2018,2,0.2770764119601329,0.692358803986711,,,0.06089647016100941,
15401,2002,1,0.6197771587743732,0.298050139275766,,,,
15401,2006,1,0.02416918429003021,0.45317220543806647,,-0.595607974484343,0.15512206616230045,
15401,2010,1,0.027855153203342618,0.6880222841225627,,0.003685968913312406,0.23485007868449626,
15401,2010,2,,0.882183908045977,,,,
15401,2014,1,,0.28975265017667845,,,-0.39826963394588427,
15401,2014,2,,0.46254927726675427,,,-0.41963463077922275,
15401,2018,1,0.09015421115065243,0.7425860023724793,,,0.45283335219580084,
15401,2018,2,0.13410404624277455,0.8369942196531792,,,0.37444494238642495,
15403,2002,1,0.03288958496476116,0.8285043069694596,,,,
15403,2006,1,0.039318479685452164,0.9403669724770642,,0.006428894720691004,0.1118626655076046,
15403,2010,1,0.008339124391938846,0.842946490618485,,-0.030979355293513318,-0.09742048185857921,
15403,2010,2,,0.9007042253521127,,,,
15403,2014,1,,0.5606312292358804,,,-0.28231526138260465,
15403,2014,2,,0.7833827893175074,,,-0.11732143603460532,
15403,2018,1,0.04855072463768116,0.7804347826086957,,,0.21980355337281532,
15403,2018,2,0.10049191848208011,0.8643710470836261,,,0.08098825776611873,
15407,2002,1,0.5129592066711742,0.3693937345052964,,,,
15407,2006,1,0.22601984564498345,0.4837927232635061,,-0.2869393610261908,0.1143989887582097,
15407,2010,1,0.028366111951588502,0.4680408472012103,,-0.19765373369339495,-0.015751876062295778,
15407,2010,2,,0.6293873991715718,,,,
15407,2014,1,,0.26828782140721547,,,-0.19975302579399484,
15407,2014,2,,0.5051361487037339,,,-0.12425125046783791,
15407,2018,1,0.1674515960230246,0.40698587127158553,,,0.13869804986437007,
15407,2018,2,0.3839590443686007,0.5518508794959307,,,0.04671473079219679,
15425,2002,1,0.059880239520958084,0.8034839412084921,,,,
15425,2006,1,0.06896551724137931,0.8690654672663668,,0.009085277720421225,0.0655815260578747,
15425,2010,1,0.019490254872563718,0.7341329335332334,,-0.049475262368815595,-0.1349325337331334,
15425,2010,2,,0.8600416233090531,,,,
15425,2014,1,,0.4821899736147757,,,-0.25194295991845767,
15425,2014,2,,0.6540130151843818,,,-0.20602860812467128,
15425,2018,1,0.10066090493136756,0.6563294356888663,,,0.17413946207409053,
15425,2018,2,0.200817577925396,0.7669902912621359,,,0.1129772760777541,
15442,2002,1,0.4386728311123198,0.5074789230350829,,,,
15442,2006,1,0.058098591549295774,0.5151408450704226,,-0.38057423956302405,0.007661922035339663,
15442,2010,1,0.01532567049808429,0.6652734238941136,,-0.042772921051211485,0.15013257882369102,
15442,2010,2,,0.8794567062818336,,,,
15442,2014,1,,0.4573850959393128,,,-0.20788832795480078,
15442,2014,2,,0.5440831377807577,,,-0.3353735685010759,
15442,2018,1,0.0635957373667927,0.4926091440357511,,,0.03522404809643831,
15442,2018,2,0.16865776528461,0.8056921995783556,,,0.2616090617975979,
15455,2002,1,0.5360570331779545,0.27145599122566494,,,,
15455,2006,1,0.15068159688412852,0.6794060370009737,,-0.385375436293826,0.40795004577530875,
15455,2010,1,0.047487955953200274,0.499197063546685,,-0.10319364093092825,-0.18020897345428866,
15455,2010,2,,0.6739766081871345,,,,
15455,2014,1,,0.2576112412177986,,,-0.24158582232888642,
15455,2014,2,,0.3928488507081495,,,-0.28112775747898494,
15455,2018,1,0.35311240483654277,0.30900134348410213,,,0.05139010226630353,
15455,2018,2,0.49606643356643354,0.4512674825174825,,,0.05841863180933299,
15464,2002,1,0.10237963475373547,0.7288323187603764,,,,
15464,2006,1,0.06434073402809243,0.8849116447666515,,-0.038038900725643046,0.15607932600627517,
15464,2010,1,0.016604400166044003,0.8476546284765463,,-0.047736333862048425,-0.03725701629010525,
15464,2010,2,,0.9217318900915903,,,,
15464,2014,1,,0.6502732240437158,,,-0.19738140443283048,
15464,2014,2,,0.8679398618447786,,,-0.05379202824681173,
15464,2018,1,0.08620689655172414,0.7862068965517242,,,0.13593367250800836,
15464,2018,2,0.13904338153503892,0.8368557656655543,,,-0.031084096179224252,
15466,2002,1,0.20422535211267606,0.504225352112676,,,,
15466,2006,1,0.15619694397283532,0.7532541029994341,,-0.048028408139840745,0.24902875088675802,
15466,2010,1,0.04389505549949546,0.6453077699293642,,-0.11230188847333986,-0.10794633307006984,
15466,2010,2,,0.7874601487778958,,,,
15466,2014,1,,0.3175715119673088,,,-0.3277362579620554,
15466,2014,2,,0.6909090909090909,,,-0.09655105786880491,
15466,2018,1,0.20465116279069767,0.4772093023255814,,,0.15963779035827258,
15466,2018,2,0.33856893542757416,0.62521815008726,,,-0.06569094082183091,
15469,2002,1,0.41963073581319577,0.4311702416508281,,,,
15469,2006,1,0.21287128712871287,0.5162266226622663,,-0.2067594486844829,0.08505638101143814,
15469,2010,1,0.08113207547169811,0.46955974842767295,,-0.13173921165701474,-0.046666874234593314,
15469,2010,2,,0.6757696766713899,,,,
15469,2014,1,,0.29801707917209436,,,-0.1715426692555786,
15469,2014,2,,0.514252607184241,,,-0.16151706948714883,
15469,2018,1,0.2241749259221416,0.4556043731480535,,,0.15758729397595916,
15469,2018,2,0.36486354299129414,0.576053995891617,,,0.06180138870737595,
15476,2002,1,0.8093971631205674,0.1325354609929078,,,,
15476,2006,1,0.17884780739466896,0.2295786758383491,,-0.6305493557258984,0.09704321484544129,
15476,2010,1,0.04716227018385292,0.2865707434052758,,-0.13168553721081605,0.05699206756692668,
15476,2010,2,,0.5726457399103139,,,,
15476,2014,1,,0.18676244227809133,,,-0.09980830112718445,
15476,2014,2,,0.44842562432138977,,,-0.1242201155889241,
15476,2018,1,0.42018950437317787,0.23068513119533526,,,0.043922688917243935,
15476,2018,2,0.6170547514159849,0.3382630585273757,,,-0.11016256579401407,
15480,2002,1,0.13769164015041943,0.7367659820653746,,,,
15480,2006,1,0.09113368103211639,0.7790282734010431,,-0.046557959118303044,0.0422622913356685,
15480,2010,1,0.028965517241379312,0.7042758620689655,,-0.06216816379073707,-0.07475241133207755,
15480,2010,2,,0.8540616246498599,,,,
15480,2014,1,,0.40454545454545454,,,-0.299730407523511,
15480,2014,2,,0.660751257024549,,,-0.19331036762531095,
15480,2018,1,0.1261977097452676,0.6926852068240243,,,0.2881397522785698,
15480,2018,2,0.17866354044548652,0.7772567409144197,,,0.1165054838898707,
15491,2002,1,0.5419329846988186,0.2597327135386403,,,,
15491,2006,1,0.35233160621761656,0.4639985706628551,,-0.189601378481202,0.2042658571242148,
15491,2010,1,0.08404271784553474,0.28942888097817676,,-0.2682888883720818,-0.17456968968467834,
15491,2010,2,,0.4863206765047256,,,,
15491,2014,1,,0.14063777596075225,,,-0.1487911050174245,
15491,2014,2,,0.4003234342840341,,,-0.0859972422206915,
15491,2018,1,0.4262638001162115,0.16269610691458455,,,0.022058330953832306,
15491,2018,2,0.682509950831187,0.2753453523764926,,,-0.1249780819075415,
15494,2002,1,0.6069986541049798,0.2835352175863616,,,,
15494,2006,1,0.18052014278429374,0.4563997960224375,,-0.42647851132068604,0.17286457843607594,
15494,2010,1,0.025186567164179104,0.47761194029850745,,-0.15533357562011463,0.021212144276069933,
15494,2010,2,,0.7611731843575419,,,,
15494,2014,1,,0.2190237797246558,,,-0.25858816057385164,
15494,2014,2,,0.6108520559559135,,,-0.15032112840162837,
15494,2018,1,0.2744099953725127,0.3248496066635817,,,0.1058258269389259,
15494,2018,2,0.42878961435662466,0.5154639175257731,,,-0.09538813843014038,
15500,2002,1,0.3655115511551155,0.4414191419141914,,,,
15500,2006,1,0.23534201954397393,0.5179153094462541,,-0.1301695316111416,0.07649616753206268,
15500,2010,1,0.03642384105960265,0.40811258278145696,,-0.1989181784843713,-0.10980272666479712,
15500,2010,2,,0.636697247706422,,,,
15500,2014,1,,0.17617617617617617,,,-0.23193640660528078,
15500,2014,2,,0.5035685963521015,,,-0.1331286513543205,
15500,2018,1,0.2564102564102564,0.3833943833943834,,,0.20721820721820725,
15500,2018,2,0.46338535414165666,0.4921968787515006,,,-0.011371717600600906,
15507,2002,1,0.027785734746490976,0.8476081352048124,,,,
15507,2006,1,0.1161412018323902,0.7717596335219618,,0.08835546708589923,-0.07584850168285062,
15507,2010,1,0.014564520827264784,0.7643460530148558,,-0.10157668100512542,-0.0074135805071059435,
15507,2010,2,,0.859214501510574,,,,
15507,2014,1,,0.6589828027808269,,,-0.10536325023402893,
15507,2014,2,,0.7704706640876854,,,-0.0887438374228886,
15507,2018,1,0.06696035242290749,0.7920704845814978,,,0.13308768180067088,
15507,2018,2,0.10479471719781798,0.8641975308641975,,,0.0937268667765121,
15511,2002,1,0.062127659574468086,0.7795744680851063,,,,
15511,2006,1,0.1116111611161116,0.7902790279027903,,0.04948350154164352,0.010704559817683923,
15511,2010,1,0.028720626631853787,0.6892950391644909,,-0.08289053448425782,-0.10098398873829939,
15511,2010,2,,0.8557435440783615,,,,
15511,2014,1,,0.4826388888888889,,,-0.20665615027560197,
15511,2014,2,,0.6885813148788927,,,-0.16716222919946877,
15511,2018,1,0.11194731890874883,0.6161806208842897,,,0.13354173199540081,
15511,2018,2,0.21242124212421243,0.7497749774977498,,,0.06119366261885706,
15514,2002,1,0.5457205559619605,0.3262618873445501,,,,
15514,2006,1,0.07997010463378176,0.7982062780269058,,-0.4657504513281787,0.4719443906823557,
15514,2010,1,0.017830609212481426,0.7860326894502229,,-0.06213949542130034,-0.012173588576682937,
15514,2010,2,,0.8792198049512379,,,,
15514,2014,1,,0.45548489666136727,,,-0.3305477927888556,
15514,2014,2,,0.5331058020477816,,,-0.3461140029034563,
15514,2018,1,0.1129242819843342,0.6370757180156658,,,0.1815908213542985,
15514,2018,2,0.2174496644295302,0.7483221476510067,,,0.2152163456032251,
15516,2002,1,0.4241895490862338,0.4097713288639912,,,,
15516,2006,1,0.2352263666164614,0.5434570745104988,,-0.1889631824697724,0.13368574564650765,
15516,2010,1,0.0643113864036094,0.3458744360327292,,-0.170914980212852,-0.19758263847776963,
15516,2010,2,,0.599384308178717,,,,
15516,2014,1,,0.2238928376161837,,,-0.12198159841654552,
15516,2014,2,,0.4768354055654233,,,-0.12254890261329371,
15516,2018,1,0.2370666182610274,0.2813577781811581,,,0.05746494056497439,
15516,2018,2,0.5002996524032123,0.44084861560589717,,,-0.035986789959526144,
15518,2002,1,0.6621983914209115,0.1769436997319035,,,,
15518,2006,1,0.04969879518072289,0.8539156626506024,,-0.6124995962401887,0.6769719629186989,
15518,2010,1,0.01740139211136891,0.8596287703016241,,-0.03229740306935398,0.005713107651021732,
15518,2010,2,,0.9209245742092458,,,,
15518,2014,1,,0.6568364611260054,,,-0.20279230917561875,
15518,2014,2,,0.7435320584926884,,,-0.17739251571655734,
15518,2018,1,0.08908685968819599,0.7104677060133631,,,0.05363124488735771,
15518,2018,2,0.17287784679089027,0.7929606625258799,,,0.04942860403319149,
15522,2002,1,0.2003338898163606,0.6043405676126878,,,,
15522,2006,1,0.02518891687657431,0.9017632241813602,,-0.1751449729397863,0.2974226565686724,
15522,2010,1,0.03201970443349754,0.8140394088669951,,0.006830787556923231,-0.08772381531436513,
15522,2010,2,,0.9186046511627907,,,,
15522,2014,1,,0.7391910739191074,,,-0.07484833494788767,
15522,2014,2,,0.8671586715867159,,,-0.051445979576074774,
15522,2018,1,0.06407322654462243,0.717391304347826,,,-0.02179976957128138,
15522,2018,2,0.11955307262569832,0.8581005586592179,,,-0.00905811292749803,
15531,2002,1,0.16021921341070278,0.5470664087685364,,,,
15531,2006,1,0.32784992784992784,0.5284271284271285,,0.16763071443922506,-0.018639280341407938,
15531,2010,1,0.02162014230979748,0.6089217296113848,,-0.30622978554013036,0.08049460118425633,
15531,2010,2,,0.7688720489653162,,,,
15531,2014,1,,0.4132635253054101,,,-0.1956582043059747,
15531,2014,2,,0.6348665530948325,,,-0.13400549587048372,
15531,2018,1,0.19390743995313414,0.630638547158758,,,0.2173750218533479,
15531,2018,2,0.24273743016759777,0.7301675977653631,,,0.09530104467053058,
15533,2002,1,0.1393939393939394,0.19393939393939394,,,,
15533,2006,1,0.07547169811320754,0.7283018867924528,,-0.06392224128073186,0.5343624928530588,
15533,2010,1,0.03164556962025317,0.7768987341772152,,-0.04382612849295438,0.04859684738476244,
15533,2010,2,,0.856929955290611,,,,
15533,2014,1,,0.42664670658682635,,,-0.35025202759038887,
15533,2014,2,,0.7805851063829787,,,-0.07634484890763227,
15533,2018,1,0.14126807563959956,0.6262513904338154,,,0.19960468384698904,
15533,2018,2,0.2047082906857728,0.7543500511770727,,,-0.026235055205906077,
15537,2002,1,0.7663725034835114,0.10032512772875057,,,,
15537,2006,1,0.31983805668016196,0.3747188484030589,,-0.4465344468033494,0.27439372067430834,
15537,2010,1,0.07301720520352496,0.3692824171212757,,-0.24682085147663702,-0.005436431281783227,
15537,2010,2,,0.6139555958314454,,,,
15537,2014,1,,0.09971014492753623,,,-0.26957227219373947,
15537,2014,2,,0.2964519140989729,,,-0.3175036817324725,
15537,2018,1,0.3741289198606272,0.19425087108013936,,,0.09454072615260313,
15537,2018,2,0.6406510851419032,0.3121869782971619,,,0.015735064198188986,
15542,2002,1,0.15844243034575362,0.5975159449479691,,,,
15542,2006,1,0.130117973629424,0.7439278278972935,,-0.028324456716329605,0.1464118829493244,
15542,2010,1,0.024691358024691357,0.6430646332607117,,-0.10542661560473265,-0.10086319463658178,
15542,2010,2,,0.816636528028933,,,,
15542,2014,1,,0.33361921097770153,,,-0.3094454222830102,
15542,2014,2,,0.7244897959183674,,,-0.09214673211056568,
15542,2018,1,0.14630872483221477,0.5751677852348993,,,0.24154857425719778,
15542,2018,2,0.26237473428484664,0.6975402368660796,,,-0.026949559052287797,
15550,2002,1,0.0,0.0,,,,
15550,2006,1,0.04497354497354497,0.8095238095238095,,0.04497354497354497,0.8095238095238095,
15550,2010,1,0.027777777777777776,0.8035714285714286,,-0.017195767195767195,-0.005952380952380931,
15550,2010,2,,0.8808193668528864,,,,
15550,2014,1,,0.604602510460251,,,-0.19896891811117756,
15550,2014,2,,0.7158081705150977,,,-0.1650111963377887,
15550,2018,1,0.15978456014362658,0.6122082585278277,,,0.007605748067576634,
15550,2018,2,0.2564935064935065,0.7207792207792207,,,0.004971050264123034,
15572,2002,1,0.2448654672822799,0.5871676484636205,,,,
15572,2006,1,0.237910108097857,0.567324103925659,,-0.006955359184422888,-0.019843544537961444,
15572,2010,1,0.07490117206463694,0.4915736181427283,,-0.1630089360332201,-0.0757504857829307,
15572,2010,2,,0.6814258074118172,,,,
15572,2014,1,,0.31054088426722526,,,-0.18103273387550306,
15572,2014,2,,0.5062038014783526,,,-0.1752220059334646,
15572,2018,1,0.1495260663507109,0.5106161137440758,,,0.20007522947685052,
15572,2018,2,0.25951186242509866,0.6599113362887904,,,0.15370753481043775,
15580,2002,1,0.06754072308303535,0.8037346046881207,,,,
15580,2006,1,0.12209842154131847,0.7479108635097493,,0.05455769845828312,-0.05582374117837141,
15580,2010,1,0.0200836820083682,0.7506276150627615,,-0.10201473953295027,0.002716751553012209,
15580,2010,2,,0.8674957118353345,,,,
15580,2014,1,,0.5513541134389371,,,-0.1992735016238244,
15580,2014,2,,0.7348324140857022,,,-0.13266329774963226,
15580,2018,1,0.09312477264459804,0.7486358675882139,,,0.19728175414927673,
15580,2018,2,0.14235001774937878,0.825346112886049,,,0.09051369880034676,
15599,2002,1,0.35733333333333334,0.4998518518518518,,,,
15599,2006,1,0.10274696249339672,0.7514527205493925,,-0.2545863708399366,0.25160086869754067,
15599,2010,1,0.01850550480206137,0.6781447645818693,,-0.08424145769133536,-0.07330795596752315,
15599,2010,2,,0.8144305588304646,,,,
15599,2014,1,,0.3632881555686506,,,-0.31485660901321877,
15599,2014,2,,0.583370585605722,,,-0.2310599732247426,
15599,2018,1,0.21729857819905213,0.46800947867298576,,,0.10472132310433518,
15599,2018,2,0.35514018691588783,0.6002076843198338,,,0.016837098714111876,
15600,2002,1,0.2625064466219701,0.482207323362558,,,,
15600,2006,1,0.10580065359477124,0.7254901960784313,,-0.15670579302719884,0.24328287271587334,
15600,2010,1,0.03643724696356275,0.4688259109311741,,-0.06936340663120849,-0.25666428514725725,
15600,2010,2,,0.7502222222222222,,,,
15600,2014,1,,0.3011992619926199,,,-0.16762664893855417,
15600,2014,2,,0.5984818218138234,,,-0.15174040040839887,
15600,2018,1,0.15899433427762039,0.5177053824362606,,,0.2165061204436407,
15600,2018,2,0.3069410533658877,0.6355074991280084,,,0.037025677314185046,
15621,2002,1,0.218562874251497,0.6027944111776448,,,,
15621,2006,1,0.10051993067590988,0.7746967071057193,,-0.11804294357558713,0.1719022959280745,
15621,2010,1,0.019281332164767746,0.7195442594215601,,-0.08123859851114212,-0.05515244768415917,
15621,2010,2,,0.8271391529818496,,,,
15621,2014,1,,0.4271047227926078,,,-0.2924395366289523,
15621,2014,2,,0.5940032414910859,,,-0.23313591149076374,
15621,2018,1,0.1810064935064935,0.5511363636363636,,,0.12403164084375584,
15621,2018,2,0.23877245508982037,0.7275449101796407,,,0.13354166868855488,
15632,2002,1,0.3590963139120095,0.5039635354736425,,,,
15632,2006,1,0.12726897689768976,0.6113861386138614,,-0.23182733701431976,0.1074226031402189,
15632,2010,1,0.0466864490603363,0.44510385756676557,,-0.08058252783735345,-0.1662822810470958,
15632,2010,2,,0.7251908396946565,,,,
15632,2014,1,,0.32338670548277537,,,-0.1217171520839902,
15632,2014,2,,0.5680319333564734,,,-0.15715890633818308,
15632,2018,1,0.24249905051272314,0.498101025446259,,,0.17471431996348363,
15632,2018,2,0.3409090909090909,0.6171981004070556,,,0.04916616705058219,
15638,2002,1,0.8061448427212875,0.1250914411119239,,,,
15638,2006,1,0.11155378486055777,0.2250996015936255,,-0.6945910578607297,0.10000816048170158,
15638,2010,1,0.01658374792703151,0.4090657822001106,,-0.09497003693352626,0.1839661806064851,
15638,2010,2,,0.6028858218318696,,,,
15638,2014,1,,0.19274680993955676,,,-0.21631897226055383,
15638,2014,2,,0.4611273080660836,,,-0.14175851376578597,
15638,2018,1,0.2171945701357466,0.40542986425339367,,,0.2126830543138369,
15638,2018,2,0.43363597060095116,0.5183744055339387,,,0.05724709746785506,
15646,2002,1,0.7865909507235758,0.13885326982963914,,,,
15646,2006,1,0.14021549213744905,0.39822364589400117,,-0.6463754585861268,0.25937037606436203,
15646,2010,1,0.029906802058700794,0.5394352482960078,,-0.11030869007874826,0.1412116024020066,
15646,2010,2,,0.7623657540462865,,,,
15646,2014,1,,0.15893923428170004,,,-0.3804960140143077,
15646,2014,2,,0.546914736983001,,,-0.2154510170632855,
15646,2018,1,0.2149581589958159,0.40193514644351463,,,0.2429959121618146,
15646,2018,2,0.41228951997989444,0.5306609700929882,,,-0.01625376689001279,
15660,2002,1,0.47883211678832116,0.34744525547445254,,,,
15660,2006,1,0.10062893081761007,0.6679245283018868,,-0.3782031859707111,0.3204792728274342,
15660,2010,1,0.03431372549019608,0.5968137254901961,,-0.06631520532741399,-0.07111080281169069,
15660,2010,2,,0.7595419847328244,,,,
15660,2014,1,,0.37652439024390244,,,-0.22028933524629363,
15660,2014,2,,0.6032540675844806,,,-0.15628791714834378,
15660,2018,1,0.21034077555816685,0.4712103407755582,,,0.09468595053165574,
15660,2018,2,0.3596881959910913,0.5746102449888641,,,-0.028643822595616486,
15664,2002,1,0.5547877591312932,0.3390918065153011,,,,
15664,2006,1,0.09605325725154541,0.6067522586780789,,-0.4587345018797478,0.26766045216277784,
15664,2010,1,0.031335149863760216,0.5099909173478656,,-0.06471810738778519,-0.0967613413302133,
15664,2010,2,,0.7526663280853225,,,,
15664,2014,1,,0.42289719626168226,,,-0.08709372108618335,
15664,2014,2,,0.6371644295302014,,,-0.11550189855512116,
15664,2018,1,0.11651234567901235,0.6824845679012346,,,0.2595873716395523,
15664,2018,2,0.18528011717319662,0.7788355913584768,,,0.14167116182827544,
15667,2002,1,0.06545153272576636,0.7589063794531897,,,,
15667,2006,1,0.06267691063485645,0.883946623534169,,-0.002774622090909909,0.12504024408097925,
15667,2010,1,0.02137582588418189,0.8293820443062573,,-0.04130108475067456,-0.05456457922791169,
15667,2010,2,,0.910779168348809,,,,
15667,2014,1,,0.5685404339250493,,,-0.260841610381208,
15667,2014,2,,0.7392197125256673,,,-0.1715594558231417,
15667,2018,1,0.06341656757827982,0.7296868806975823,,,0.16114644677253298,
15667,2018,2,0.13072937425269032,0.8345954563571144,,,0.09537574383144709,
15673,2002,1,0.05304400241109102,0.7118746232670283,,,,
15673,2006,1,0.03557504873294347,0.8976608187134503,,-0.017468953678147554,0.18578619544642194,
15673,2010,1,0.009485771342985522,0.8746879680479281,,-0.026089277389957945,-0.022972850665522127,
15673,2010,2,,0.9372489959839357,,,,
15673,2014,1,,0.7517281105990783,,,-0.12295985744884985,
15673,2014,2,,0.8414006179196705,,,-0.09584837806426527,
15673,2018,1,0.04332493702770781,0.8387909319899244,,,0.08706282139084609,
15673,2018,2,0.08519961051606621,0.8982473222979552,,,0.05684670437828476,
15676,2002,1,0.3022788203753351,0.5710455764075067,,,,
15676,2006,1,0.0625,0.748046875,,-0.2397788203753351,0.17700129859249325,
15676,2010,1,0.030104712041884817,0.512434554973822,,-0.03239528795811518,-0.23561232002617805,
15676,2010,2,,0.7835195530726257,,,,
15676,2014,1,,0.2319721980886186,,,-0.2804623568852034,
15676,2014,2,,0.6089655172413793,,,-0.1745540358312464,
15676,2018,1,0.10227272727272728,0.5735294117647058,,,0.34155721367608727,
15676,2018,2,0.22919418758256274,0.71334214002642,,,0.10437662278504078,
15681,2002,1,0.0743906299461855,0.7394745172522951,,,,
15681,2006,1,0.1087495572086433,0.7871059156925256,,0.03435892726245779,0.047631398440230566,
15681,2010,1,0.020757825370675453,0.8375617792421747,,-0.08799173183796784,0.05045586354964904,
15681,2010,2,,0.8983169705469846,,,,
15681,2014,1,,0.7004686834256497,,,-0.13709309581652496,
15681,2014,2,,0.7819767441860465,,,-0.1163402263609381,
15681,2018,1,0.08305032417412782,0.7826489657301636,,,0.08218028230451391,
15681,2018,2,0.12653562653562653,0.839987714987715,,,0.058010970801668504,
15686,2002,1,0.7348242811501597,0.19041533546325878,,,,
15686,2006,1,0.09458987783595113,0.443630017452007,,-0.6402344033142087,0.2532146819887482,
15686,2010,1,0.02416155787955283,0.4147133068878471,,-0.0704283199563983,-0.028916710564159898,
15686,2010,2,,0.684,,,,
15686,2014,1,,0.31437255753365173,,,-0.10034074935419535,
15686,2014,2,,0.48247809762202754,,,-0.20152190237797252,
15686,2018,1,0.1944770857814336,0.47767332549941244,,,0.1633007679657607,
15686,2018,2,0.33104584133955534,0.6288772989294538,,,0.14639920130742623,
15690,2002,1,0.14597402597402598,0.5454545454545454,,,,
15690,2006,1,0.1989189189189189,0.6464864864864864,,0.052944892944892935,0.10103194103194102,
15690,2010,1,0.022970085470085472,0.6207264957264957,,-0.17594883344883344,-0.025759990759990692,
15690,2010,2,,0.7778418926716676,,,,
15690,2014,1,,0.3538135593220339,,,-0.26691293640446184,
15690,2014,2,,0.5355781448538754,,,-0.24226374781779214,
15690,2018,1,0.16901408450704225,0.5009185548071035,,,0.14710499548506956,
15690,2018,2,0.3425692695214106,0.5894206549118388,,,0.053842510057963366,
15693,2002,1,0.2300491457992043,0.5794523753802949,,,,
15693,2006,1,0.1645598712939554,0.7152378763502643,,-0.06548927450524888,0.13578550096996933,
15693,2010,1,0.04816414686825054,0.5622030237580994,,-0.11639572442570487,-0.15303485259216487,
15693,2010,2,,0.7228285584356525,,,,
15693,2014,1,,0.28684589534325494,,,-0.27535712841484444,
15693,2014,2,,0.608846487424111,,,-0.11398207101154156,
15693,2018,1,0.1643886220908755,0.4364610269671223,,,0.14961513162386736,
15693,2018,2,0.3629546306711661,0.5813648293963255,,,-0.02748165802778546,
15696,2002,1,0.14086378737541527,0.7056478405315615,,,,
15696,2006,1,0.08470124753775443,0.7846355876559422,,-0.05616253983766084,0.07898774712438072,
15696,2010,1,0.01639344262295082,0.6658259773013872,,-0.06830780491480361,-0.11880961035455506,
15696,2010,2,,0.8358502954694682,,,,
15696,2014,1,,0.38791732909379967,,,-0.2779086482075875,
15696,2014,2,,0.666023166023166,,,-0.16982712944630218,
15696,2018,1,0.08545034642032333,0.6299076212471132,,,0.24199029215331352,
15696,2018,2,0.18559556786703602,0.7717451523545706,,,0.10572198633140462,
15720,2002,1,0.07236180904522613,0.7226130653266332,,,,
15720,2006,1,0.07079646017699115,0.8592920353982301,,-0.001565348868234978,0.1366789700715969,
15720,2010,1,0.017467248908296942,0.7240174672489083,,-0.05332921126869421,-0.13527456814932182,
15720,2010,2,,0.8618592528236316,,,,
15720,2014,1,,0.4956521739130435,,,-0.22836529333586475,
15720,2014,2,,0.595523581135092,,,-0.26633567168853967,
15720,2018,1,0.06901960784313725,0.7819607843137255,,,0.286308610400682,
15720,2018,2,0.12599565532223025,0.8486603910209993,,,0.25313680988590737,
15723,2002,1,0.5079872204472844,0.3450479233226837,,,,
15723,2006,1,0.11980830670926518,0.46006389776357826,,-0.3881789137380192,0.11501597444089456,
15723,2010,1,0.02707275803722504,0.41624365482233505,,-0.09273554867204013,-0.043820242941243204,
15723,2010,2,,0.7984189723320159,,,,
15723,2014,1,,0.18850574712643678,,,-0.22773790769589827,
15723,2014,2,,0.5085803432137286,,,-0.2898386291182873,
15723,2018,1,0.16666666666666666,0.5714285714285714,,,0.38292282430213465,
15723,2018,2,0.33116883116883117,0.6217532467532467,,,0.11317290353951814,
15740,2002,1,0.322729014948256,0.5412035262552702,,,,
15740,2006,1,0.2193877551020408,0.608843537414966,,-0.1033412598462152,0.06764001115969576,
15740,2010,1,0.035333536399634484,0.5897045385318307,,-0.18405421870240632,-0.019138998883135305,
15740,2010,2,,0.7874015748031497,,,,
15740,2014,1,,0.32415475775531544,,,-0.26554978077651525,
15740,2014,2,,0.7240647386574688,,,-0.06333683614568086,
15740,2018,1,0.1655688622754491,0.49790419161676647,,,0.17374943386145103,
15740,2018,2,0.33804660905996337,0.6187483634459282,,,-0.10531637521154058,
15753,2002,1,0.19184713375796178,0.5938853503184713,,,,
15753,2006,1,0.12554782160350605,0.7654034544985822,,-0.06629931215445573,0.17151810418011082,
15753,2010,1,0.0295159386068477,0.7010625737898465,,-0.09603188299665835,-0.06434088070873567,
15753,2010,2,,0.8241169305724726,,,,
15753,2014,1,,0.36809045226130654,,,-0.33297212152853994,
15753,2014,2,,0.5833717181022571,,,-0.24074521247021552,
15753,2018,1,0.13301559792027728,0.5749566724436742,,,0.20686622018236767,
15753,2018,2,0.25614489003880986,0.7069857697283312,,,0.12361405162607408,
15755,2002,1,0.662412515438452,0.16591189790037053,,,,
15755,2006,1,0.0724264705882353,0.7709558823529412,,-0.5899860448502168,0.6050439844525707,
15755,2010,1,0.013253392237298833,0.8232881035026822,,-0.059173078350936464,0.05233222114974101,
15755,2010,2,,0.9075386597938144,,,,
15755,2014,1,,0.6232114467408585,,,-0.20007665676182373,
15755,2014,2,,0.7179245283018868,,,-0.18961413149192763,
15755,2018,1,0.1688963210702341,0.6501672240802676,,,0.026955777339409126,
15755,2018,2,0.2273449920508744,0.7389507154213036,,,0.02102618711941684,
15757,2002,1,0.5165474060822898,0.25536672629695883,,,,
15757,2006,1,0.15817901234567902,0.6076388888888888,,-0.3583683937366108,0.35227216259193,
15757,2010,1,0.03707448601280755,0.6036400404448938,,-0.12110452633287147,-0.003998848443995007,
15757,2010,2,,0.7900735294117647,,,,
15757,2014,1,,0.28484585323491096,,,-0.31879418720998287,
15757,2014,2,,0.5423497267759563,,,-0.2477238026358084,
15757,2018,1,0.23901464713715045,0.4470705725699068,,,0.16222471933499583,
15757,2018,2,0.3866043613707165,0.5529595015576324,,,0.010609774781676129,
15759,2002,1,0.49065040650406505,0.3405487804878049,,,,
15759,2006,1,0.24040171063379942,0.5888712700014416,,-0.25024869587026566,0.24832248951363667,
15759,2010,1,0.06658645867905742,0.45042316627945567,,-0.173815251954742,-0.1384481037219859,
15759,2010,2,,0.6367811064946425,,,,
15759,2014,1,,0.22419296825825016,,,-0.2262301980212055,
15759,2014,2,,0.48008849557522126,,,-0.15669261091942122,
15759,2018,1,0.2593311114427366,0.2875026944568804,,,0.06330972619863026,
15759,2018,2,0.5075870127702196,0.43104916117185543,,,-0.04903933440336583,
15761,2002,1,0.0630891950688905,0.7730239303843365,,,,
15761,2006,1,0.13851132686084142,0.8045307443365696,,0.07542213179195091,0.03150681395223309,
15761,2010,1,0.01825047199496539,0.6796727501573316,,-0.12026085486587602,-0.12485799417923793,
15761,2010,2,,0.8213103904698875,,,,
15761,2014,1,,0.42660944206008583,,,-0.2530633080972458,
15761,2014,2,,0.6516393442622951,,,-0.16967104620759244,
15761,2018,1,0.16777531411677754,0.5365853658536586,,,0.10997592379357274,
15761,2018,2,0.2838397790055249,0.6802486187845304,,,0.028609274522235273,
15762,2002,1,0.4866666666666667,0.36,,,,
15762,2006,1,0.19251753702260327,0.3803585346843336,,-0.2941491296440634,0.02035853468433363,
15762,2010,1,0.030042918454935622,0.3369098712446352,,-0.16247461856766765,-0.04344866343969844,
15762,2010,2,,0.6281055900621118,,,,
15762,2014,1,,0.15525876460767946,,,-0.18165110663695572,
15762,2014,2,,0.487279843444227,,,-0.14082574661788477,
15762,2018,1,0.29880774962742174,0.338301043219076,,,0.18304227861139655,
15762,2018,2,0.48869883934025654,0.45693341478313987,,,-0.03034642866108711,
15763,2002,1,0.5713725490196079,0.3180392156862745,,,,
15763,2006,1,0.11254152823920266,0.6391196013289037,,-0.4588310207804052,0.32108038564262914,
15763,2010,1,0.026920315865039485,0.6094759511844939,,-0.08562121237416317,-0.029643650144409728,
15763,2010,2,,0.8162239770279971,,,,
15763,2014,1,,0.2665340626553953,,,-0.3429418885290986,
15763,2014,2,,0.6434325744308231,,,-0.17279140259717396,
15763,2018,1,0.14722069345074298,0.5528343423225096,,,0.2863002796671143,
15763,2018,2,0.3004643540016389,0.6733133023763999,,,0.029880727945576724,
15764,2002,1,0.5361163227016885,0.34568480300187615,,,,
15764,2006,1,0.12725040916530278,0.5589198036006546,,-0.40886591353638574,0.21323500059877848,
15764,2010,1,0.02368064952638701,0.553788903924222,,-0.10356975963891576,-0.005130899676432654,
15764,2010,2,,0.7854392719635982,,,,
15764,2014,1,,0.17959352965574452,,,-0.3741953742684775,
15764,2014,2,,0.7083983765220107,,,-0.07704089544158754,
15764,2018,1,0.20576923076923076,0.46955128205128205,,,0.28995775239553756,
15764,2018,2,0.3637656427758817,0.5975540386803185,,,-0.11084433784169212,
15774,2002,1,0.09827586206896552,0.46379310344827585,,,,
15774,2006,1,0.12742175856929955,0.7839046199701938,,0.02914589650033403,0.32011151652191794,
15774,2010,1,0.021609538002980627,0.6907600596125186,,-0.10581222056631892,-0.09314456035767515,
15774,2010,2,,0.8834048640915594,,,,
15774,2014,1,,0.3231707317073171,,,-0.36758932790520155,
15774,2014,2,,0.6234961075725407,,,-0.2599087565190187,
15774,2018,1,0.09830508474576272,0.7152542372881356,,,0.39208350558081856,
15774,2018,2,0.14194780394653086,0.8243157224697645,,,0.20081961489722377,
15776,2002,1,0.48012976480129765,0.4278183292781833,,,,
15776,2006,1,0.1005631536604988,0.6158487530168946,,-0.37956661114079887,0.18803042373871126,
15776,2010,1,0.016845329249617153,0.4820061255742726,,-0.08371782441088164,-0.133842627442622,
15776,2010,2,,0.7864932885906041,,,,
15776,2014,1,,0.3748917748917749,,,-0.1071143506824977,
15776,2014,2,,0.6395806028833552,,,-0.1469126857072489,
15776,2018,1,0.1522714526079641,0.4893438025799215,,,0.11445202768814661,
15776,2018,2,0.29167850042601534,0.665719965918773,,,0.026139363035417862,
15778,2002,1,0.17289423685877137,0.6776440785307156,,,,
15778,2006,1,0.07600382409177821,0.7853728489483748,,-0.09689041276699316,0.10772877041765916,
15778,2010,1,0.028672032193158954,0.7027162977867203,,-0.04733179189861925,-0.08265655116165449,
15778,2010,2,,0.8396369137670197,,,,
15778,2014,1,,0.4559111691704768,,,-0.24680512861624349,
15778,2014,2,,0.6082852648138437,,,-0.23135164895317595,
15778,2018,1,0.14224137931034483,0.5771072796934866,,,0.12119611052300983,
15778,2018,2,0.25622605363984674,0.7045019157088123,,,0.09621665089496856,
15790,2002,1,0.8571428571428571,0.06493506493506493,,,,
15790,2006,1,0.18661455788959452,0.4499267220322423,,-0.6705282992532626,0.3849916570971774,
15790,2010,1,0.036219081272084806,0.6046819787985865,,-0.1503954766175097,0.15475525676634422,
15790,2010,2,,0.7747667703243003,,,,
15790,2014,1,,0.2333523050654525,,,-0.3713296737331341,
15790,2014,2,,0.3776167471819646,,,-0.3971500231423357,
15790,2018,1,0.27692307692307694,0.3581730769230769,,,0.12482077185762444,
15790,2018,2,0.46160302140159465,0.4892992026856903,,,0.11168245550372574,
15798,2002,1,0.07198748043818466,0.7391757955138237,,,,
15798,2006,1,0.1130053580126644,0.7812956648806625,,0.041017877574479736,0.04211986936683876,
15798,2010,1,0.02432969215491559,0.7274081429990069,,-0.0886756658577488,-0.053887521881655576,
15798,2010,2,,0.8704714640198511,,,,
15798,2014,1,,0.422475106685633,,,-0.30493303631337393,
15798,2014,2,,0.633423180592992,,,-0.23704828342685913,
15798,2018,1,0.11709211986681466,0.5904550499445061,,,0.16797994325887317,
15798,2018,2,0.22304832713754646,0.724907063197026,,,0.09148388260403406,
15804,2002,1,0.798079561042524,0.12126200274348423,,,,
15804,2006,1,0.11800447713463383,0.4912056283978254,,-0.6800750839078902,0.36994362565434113,
15804,2010,1,0.02707581227436823,0.5367027677496992,,-0.0909286648602656,0.04549713935187377,
15804,2010,2,,0.815389116442364,,,,
15804,2014,1,,0.25925925925925924,,,-0.2774435084904399,
15804,2014,2,,0.4586963051967558,,,-0.3566928112456082,
15804,2018,1,0.2354073123797306,0.4227068633739577,,,0.16344760411469844,
15804,2018,2,0.38916666666666666,0.5669444444444445,,,0.10824813924768867,
15806,2002,1,0.29228100607111884,0.5119976871928303,,,,
15806,2006,1,0.28660669665167415,0.5939530234882558,,-0.00567430941944469,0.08195533629542551,
15806,2010,1,0.059607463048219046,0.4637751393263872,,-0.22699923360345511,-0.13017788416186865,
15806,2010,2,,0.6509695290858726,,,,
15806,2014,1,,0.19874122488501572,,,-0.2650339144413715,
15806,2014,2,,0.4789071038251366,,,-0.17206242526073595,
15806,2018,1,0.2777478931325085,0.2937062937062937,,,0.09496506882127798,
15806,2018,2,0.5045161290322581,0.43502304147465437,,,-0.043884062350482256,
15808,2002,1,0.30393996247654786,0.50187617260788,,,,
15808,2006,1,0.18633034987794955,0.6232709519934907,,-0.11760961259859831,0.12139477938561072,
15808,2010,1,0.062409288824383166,0.3889695210449927,,-0.12392106105356639,-0.23430143094849798,
15808,2010,2,,0.7021617293835068,,,,
15808,2014,1,,0.20717131474103587,,,-0.18179820630395685,
15808,2014,2,,0.5310773480662984,,,-0.1710843813172085,
15808,2018,1,0.25656791503633314,0.46674119619899385,,,0.259569881457958,
15808,2018,2,0.38496071829405165,0.5729517396184063,,,0.041874391552107926,
15810,2002,1,0.8869969040247678,0.05985552115583075,,,,
15810,2006,1,0.06928838951310862,0.40324594257178525,,-0.8177085145116592,0.3433904214159545,
15810,2010,1,0.022755227552275523,0.6236162361623616,,-0.0465331619608331,0.22037029359057636,
15810,2010,2,,0.8561872909698997,,,,
15810,2014,1,,0.4703757225433526,,,-0.15324051361900903,
15810,2014,2,,0.5371360665478313,,,-0.31905122442206835,
15810,2018,1,0.10846245530393325,0.6078665077473182,,,0.13749078520396563,
15810,2018,2,0.22580645161290322,0.7374080362195812,,,0.20027196967174987,
15814,2002,1,0.5040137614678899,0.38732798165137616,,,,
15814,2006,1,0.2088445078459344,0.512981455064194,,-0.2951692536219555,0.12565347341281785,
15814,2010,1,0.04707446808510638,0.45372340425531915,,-0.16177003976082802,-0.05925805080887486,
15814,2010,2,,0.6655853730462991,,,,
15814,2014,1,,0.2504241601628775,,,-0.20329924409244166,
15814,2014,2,,0.5231971759959657,,,-0.14238819705033334,
15814,2018,1,0.23294117647058823,0.37071895424836604,,,0.12029479408548854,
15814,2018,2,0.4810914313068454,0.466251795117281,,,-0.056945380878684726,
15816,2002,1,0.49,0.4305263157894737,,,,
15816,2006,1,0.08002013085052843,0.5385002516356316,,-0.40997986914947154,0.10797393584615794,
15816,2010,1,0.027188689505165852,0.41979336595976074,,-0.05283144134536258,-0.1187068856758709,
15816,2010,2,,0.7915151515151515,,,,
15816,2014,1,,0.2514705882352941,,,-0.16832277772446663,
15816,2014,2,,0.5115384615384615,,,-0.27997668997669,
15816,2018,1,0.11078431372549019,0.6279411764705882,,,0.3764705882352941,
15816,2018,2,0.22019572953736655,0.7308718861209964,,,0.2193334245825349,
15820,2002,1,0.31837016574585636,0.4558011049723757,,,,
15820,2006,1,0.1534017971758665,0.7233632862644416,,-0.16496836856998986,0.2675621812920659,
15820,2010,1,0.04778156996587031,0.6092150170648464,,-0.10562022720999618,-0.1141482691995952,
15820,2010,2,,0.7959787108219988,,,,
15820,2014,1,,0.33441769681197137,,,-0.274797320252875,
15820,2014,2,,0.6455331412103746,,,-0.15044556961162414,
15820,2018,1,0.21071248105103588,0.4633653360282971,,,0.12894763921632574,
15820,2018,2,0.33666333666333664,0.6123876123876124,,,-0.03314552882276223,
15822,2002,1,0.7616229923922232,0.1132713440405748,,,,
15822,2006,1,0.1111111111111111,0.6854575163398693,,-0.6505118812811121,0.5721861722992945,
15822,2010,1,0.025408348457350273,0.7519661222020568,,-0.08570276265376084,0.06650860586218754,
15822,2010,2,,0.8676021964612569,,,,
15822,2014,1,,0.5286506469500925,,,-0.22331547525196438,
15822,2014,2,,0.7201627486437613,,,-0.14743944781749563,
15822,2018,1,0.11265969802555169,0.5632984901277585,,,0.034647843177666005,
15822,2018,2,0.1890303623898139,0.77179236043095,,,0.05162961178718872,
15832,2002,1,0.7790143084260731,0.12082670906200318,,,,
15832,2006,1,0.1168141592920354,0.17345132743362832,,-0.6622001491340377,0.05262461837162513,
15832,2010,1,0.0390015600624025,0.49765990639625585,,-0.0778125992296329,0.32420857896262756,
15832,2010,2,,0.7926421404682275,,,,
15832,2014,1,,0.2537313432835821,,,-0.24392856311267375,
15832,2014,2,,0.3701578192252511,,,-0.42248432124297636,
15832,2018,1,0.25662482566248257,0.496513249651325,,,0.24278190636774288,
15832,2018,2,0.2922885572139303,0.677860696517413,,,0.3077028772921619,
15835,2002,1,0.7566666666666667,0.14633333333333334,,,,
15835,2006,1,0.13199426111908177,0.45086083213773315,,-0.624672405547585,0.3045274988043998,
15835,2010,1,0.04191176470588235,0.4102941176470588,,-0.09008249641319943,-0.04056671449067434,
15835,2010,2,,0.7419847328244275,,,,
15835,2014,1,,0.16960651289009498,,,-0.24068760475696382,
15835,2014,2,,0.5153042851998559,,,-0.2266804476245715,
15835,2018,1,0.20709828393135726,0.3092823712948518,,,0.13967585840475683,
15835,2018,2,0.43500511770726713,0.5018764926646195,,,-0.013427792535236405,
15837,2002,1,0.49362651370299554,0.35882727852135116,,,,
15837,2006,1,0.2404603270745003,0.5133252574197457,,-0.2531661866284952,0.1544979788983945,
15837,2010,1,0.05144256940664126,0.3413173652694611,,-0.18901775766785903,-0.17200789215028456,
15837,2010,2,,0.613965370422935,,,,
15837,2014,1,,0.15635083602229394,,,-0.18496652924716717,
15837,2014,2,,0.5385194479297365,,,-0.07544592249319848,
15837,2018,1,0.22085752568110764,0.35261277355962484,,,0.1962619375373309,
15837,2018,2,0.4362358952522887,0.509261230572706,,,-0.02925821735703049,
15839,2002,1,0.36231884057971014,0.28502415458937197,,,,
15839,2006,1,0.13673469387755102,0.5795918367346938,,-0.22558414670215912,0.29456768214532186,
15839,2010,1,0.047829937998228524,0.6536758193091231,,-0.0889047558793225,0.07408398257442927,
15839,2010,2,,0.8313364055299539,,,,
15839,2014,1,,0.3246013667425968,,,-0.3290744525665263,
15839,2014,2,,0.6613207547169812,,,-0.17001565081297276,
15839,2018,1,0.2976303317535545,0.43412322274881515,,,0.10952185600621833,
15839,2018,2,0.41535615171137835,0.5356151711378353,,,-0.12570558357914585,
15842,2002,1,0.05822021116138763,0.7822021116138763,,,,
15842,2006,1,0.07998869417750142,0.8473713962690785,,0.021768483016113782,0.06516928465520222,
15842,2010,1,0.02023706273489448,0.7533969355305001,,-0.05975163144260694,-0.0939744607385784,
15842,2010,2,,0.8867483946293053,,,,
15842,2014,1,,0.47002318648559127,,,-0.28337374904490886,
15842,2014,2,,0.7753408417308832,,,-0.11140755289842208,
15842,2018,1,0.1532135242156564,0.652452025586354,,,0.18242883910076269,
15842,2018,2,0.2435747663551402,0.7272196261682243,,,-0.048121215562658914,
15861,2002,1,0.4593767922003441,0.4209520168227872,,,,
15861,2006,1,0.11818543573418225,0.6545961002785515,,-0.34119135646616183,0.23364408345576432,
15861,2010,1,0.02924901185770751,0.5472332015810276,,-0.08893642387647474,-0.10736289869752391,
15861,2010,2,,0.7862826828344069,,,,
15861,2014,1,,0.17974918718067812,,,-0.3674840144003495,
15861,2014,2,,0.6876774559909142,,,-0.09860522684349271,
15861,2018,1,0.30084517173170294,0.34867829527063476,,,0.16892910808995665,
15861,2018,2,0.45920553815724413,0.4896983682215263,,,-0.19797908776938794,
15879,2002,1,0.2878897751994199,0.5663524292965917,,,,
15879,2006,1,0.09865771812080537,0.6483221476510067,,-0.1892320570786145,0.08196971835441502,
15879,2010,1,0.015907447577729574,0.5871294287780188,,-0.0827502705430758,-0.06119271887298794,
15879,2010,2,,0.8273852876911871,,,,
15879,2014,1,,0.28777589134125636,,,-0.2993535374367624,
15879,2014,2,,0.729602157788267,,,-0.09778312990292015,
15879,2018,1,0.11648351648351649,0.6366300366300366,,,0.3488541452887802,
15879,2018,2,0.22012987012987012,0.7474025974025974,,,0.01780043961433042,
15897,2002,1,0.5520094562647754,0.2624113475177305,,,,
15897,2006,1,0.06943713834823777,0.7743293003682272,,-0.4825723179165376,0.5119179528504967,
15897,2010,1,0.024390243902439025,0.706279190451479,,-0.04504689444579874,-0.0680501099167482,
15897,2010,2,,0.8316929133858267,,,,
15897,2014,1,,0.3784,,,-0.327879190451479,
15897,2014,2,,0.5385826771653544,,,-0.2931102362204724,
15897,2018,1,0.20751953125,0.57177734375,,,0.19337734374999999,
15897,2018,2,0.31170539237176675,0.6676896098202543,,,0.12910693265489992,
17001,2002,1,0.10342919037303307,0.7112981169805033,,,,
17001,2006,1,0.2009103476586317,0.6764824842590748,,0.09748115728559863,-0.03481563272142851,
17001,2010,1,0.038894671050095544,0.2918284295099481,,-0.16201567660853616,-0.3846540547491267,
17001,2010,2,,0.569723733831243,,,,
17001,2014,1,,0.2982845175398072,,,0.006456088029859142,
17001,2014,2,,0.5171454781922059,,,-0.052578255639037064,
17001,2018,1,0.08296257273532721,0.2926701946792462,,,-0.005614322860561016,
17001,2018,2,0.3604775101257728,0.5287379074418085,,,0.011592429249602576,
17013,2002,1,0.3023039329764952,0.5536420758668839,,,,
17013,2006,1,0.1092816197097207,0.6953286986217831,,-0.19302231326677452,0.1416866227548993,
17013,2010,1,0.02054488610987048,0.5812862885216614,,-0.08873673359985021,-0.11404241010012173,
17013,2010,2,,0.8441347270615563,,,,
17013,2014,1,,0.4882544271774485,,,-0.09303186134421293,
17013,2014,2,,0.7367412784835652,,,-0.10739344857799116,
17013,2018,1,0.024205598167148124,0.6749676262575954,,,0.18671319908014694,
17013,2018,2,0.09968610292019404,0.8462855512222962,,,0.10954427273873102,
17042,2002,1,0.15766627427898763,0.6634785167745733,,,,
17042,2006,1,0.09804947313354757,0.724908452283088,,-0.05961680114544006,0.06142993550851472,
17042,2010,1,0.02018601446779194,0.6259042369962108,,-0.07786345866575564,-0.0990042152868772,
17042,2010,2,,0.8176672875770168,,,,
17042,2014,1,,0.5493494840735756,,,-0.07655475292263514,
17042,2014,2,,0.7684671909243264,,,-0.04920009665269043,
17042,2018,1,0.056821871550100655,0.6103643093707384,,,0.061014825297162734,
17042,2018,2,0.17068987422182696,0.7626095794689366,,,-0.005857611455389766,
17050,2002,1,0.06227106227106227,0.786047286047286,,,,
17050,2006,1,0.07180090802085085,0.8231040860938288,,0.009529845749788574,0.03705680004654277,
17050,2010,1,0.008835196538045438,0.5030652722683014,,-0.06296571148280541,-0.32003881382552735,
17050,2010,2,,0.8277110729940919,,,,
17050,2014,1,,0.4735609756097561,,,-0.02950429665854537,
17050,2014,2,,0.7697074010327022,,,-0.05800367196138967,
17050,2018,1,0.020031082714557072,0.5992056639613192,,,0.12564468835156317,
17050,2018,2,0.08940231039678553,0.8598694123556002,,,0.09016201132289803,
17088,2002,1,0.19206939281288724,0.6785625774473358,,,,
17088,2006,1,0.07769118363370676,0.8063809059912324,,-0.11437820917918047,0.12781832854389652,
17088,2010,1,0.018027801911381407,0.5790616854908774,,-0.059663381722325354,-0.2273192205003549,
17088,2010,2,,0.8247307001795332,,,,
17088,2014,1,,0.4239308249591026,,,-0.15513086053177483,
17088,2014,2,,0.6536624203821656,,,-0.1710682797973676,
17088,2018,1,0.044816414686825054,0.5718142548596112,,,0.14788342990050862,
17088,2018,2,0.19279112754158964,0.7569316081330869,,,0.10326918775092131,
17174,2002,1,0.15533201348386752,0.6592648081759324,,,,
17174,2006,1,0.13284916753124845,0.7639938738204635,,-0.022482845952619068,0.1047290656445311,
17174,2010,1,0.03282022835482827,0.5149540054546295,,-0.10002893917642018,-0.24903986836583392,
17174,2010,2,,0.7568789499270783,,,,
17174,2014,1,,0.3697337200105457,,,-0.14522028544408383,
17174,2014,2,,0.5875392863745609,,,-0.1693396635525174,
17174,2018,1,0.064266326041833,0.4117435733673958,,,0.04200985335685009,
17174,2018,2,0.24607394078194011,0.6562244397186324,,,0.06868515334407155,
17272,2002,1,0.22558300623412605,0.627337797275456,,,,
17272,2006,1,0.11597422794934459,0.789602310597645,,-0.10960877828478147,0.16226451332218894,
17272,2010,1,0.016663059943735122,0.5490153646396884,,-0.09931116800560946,-0.2405869459579566,
17272,2010,2,,0.8477064220183487,,,,
17272,2014,1,,0.37386248736097066,,,-0.1751528772787177,
17272,2014,2,,0.6193743693239152,,,-0.22833205269443346,
17272,2018,1,0.039008620689655174,0.5778017241379311,,,0.2039392367769604,
17272,2018,2,0.12538040170419965,0.8271454656116859,,,0.20777109628777068,
17380,2002,1,0.3255298361641365,0.5048850142792725,,,,
17380,2006,1,0.15504451038575667,0.5783226612525378,,-0.17048532577837983,0.07343764697326538,
17380,2010,1,0.06278994497788326,0.5552199086560938,,-0.09225456540787341,-0.02310275259644401,
17380,2010,2,,0.7478068502555496,,,,
17380,2014,1,,0.4188303286465971,,,-0.13638958000949675,
17380,2014,2,,0.5529569492030388,,,-0.19484990105251077,
17380,2018,1,0.12221799176214046,0.46817347963033473,,,0.04934315098373765,
17380,2018,2,0.25179503344891596,0.6762635284228223,,,0.1233065792197835,
17388,2002,1,0.2713946117274168,0.5380348652931854,,,,
17388,2006,1,0.09625453080950463,0.7414418042690294,,-0.17514008091791217,0.20340693897584394,
17388,2010,1,0.016226415094339624,0.2807547169811321,,-0.08002811571516501,-0.4606870872878973,
17388,2010,2,,0.8137715179968701,,,,
17388,2014,1,,0.25850926324859974,,,-0.02224545373253234,
17388,2014,2,,0.6124690046050301,,,-0.20130251339184002,
17388,2018,1,0.041237113402061855,0.5815196639938908,,,0.323010400745291,
17388,2018,2,0.1537089871611983,0.7767475035663338,,,0.16427849896130375,
17433,2002,1,0.09875968992248062,0.6646511627906977,,,,
17433,2006,1,0.05867535931249074,0.8703511631352793,,-0.04008433060998988,0.20570000034458158,
17433,2010,1,0.013859140733274537,0.7039183570618621,,-0.0448162185792162,-0.16643280607341715,
17433,2010,2,,0.8672442349343865,,,,
17433,2014,1,,0.6323787258912916,,,-0.0715396311705705,
17433,2014,2,,0.7547619047619047,,,-0.11248233017248177,
17433,2018,1,0.03717754172989378,0.6761507334344967,,,0.043772007543205094,
17433,2018,2,0.1198780487804878,0.84,,,0.08523809523809522,
17442,2002,1,0.1624790619765494,0.652428810720268,,,,
17442,2006,1,0.13922764227642276,0.6676829268292683,,-0.023251419700126646,0.015254116109000293,
17442,2010,1,0.06760019314340898,0.3940125543215838,,-0.07162744913301378,-0.27367037250768456,
17442,2010,2,,0.6858836206896551,,,,
17442,2014,1,,0.3275862068965517,,,-0.06642634742503206,
17442,2014,2,,0.6196931858722797,,,-0.06619043481737541,
17442,2018,1,0.09750889679715302,0.48540925266903917,,,0.15782304577248746,
17442,2018,2,0.20972543830631823,0.7049288785974198,,,0.08523569272514009,
17444,2002,1,0.1232876712328767,0.6178912411789124,,,,
17444,2006,1,0.10614731401144545,0.796012553073657,,-0.017140357221431257,0.17812131189474467,
17444,2010,1,0.011064543168482816,0.5508801341156748,,-0.09508277084296263,-0.2451324189579822,
17444,2010,2,,0.801945181255526,,,,
17444,2014,1,,0.6877040261153428,,,0.13682389199966793,
17444,2014,2,,0.8231058746522664,,,0.021160693396740315,
17444,2018,1,0.030417625780993093,0.6619533048339362,,,-0.02575072128140654,
17444,2018,2,0.13502587322121604,0.8229301423027167,,,-0.0001757323495497065,
17446,2002,1,0.08533653846153846,0.6322115384615384,,,,
17446,2006,1,0.08667529107373868,0.7839586028460543,,0.0013387526122002197,0.1517470643845159,
17446,2010,1,0.00477326968973747,0.5178997613365155,,-0.08190202138400121,-0.26605884150953885,
17446,2010,2,,0.8645833333333334,,,,
17446,2014,1,,0.531063829787234,,,0.013164068450718491,
17446,2014,2,,0.6197183098591549,,,-0.2448650234741785,
17446,2018,1,0.023096663815226688,0.6484174508126604,,,0.11735362102542646,
17446,2018,2,0.12449145646867373,0.8079739625711961,,,0.18825565271204125,
17486,2002,1,0.17549423829157415,0.6892906226873877,,,,
17486,2006,1,0.13680216802168021,0.6751219512195122,,-0.038692070269893936,-0.014168671467875482,
17486,2010,1,0.02363451317426213,0.39760262354404613,,-0.11316765484741809,-0.2775193276754661,
17486,2010,2,,0.700942383394966,,,,
17486,2014,1,,0.4662209711470795,,,0.06861834760303337,
17486,2014,2,,0.6249381004258691,,,-0.07600428296909689,
17486,2018,1,0.04441353732035234,0.5202596198423737,,,0.05403864869529418,
17486,2018,2,0.18676617821061253,0.7314098480021844,,,0.10647174757631539,
17495,2002,1,0.5050200803212851,0.3895582329317269,,,,
17495,2006,1,0.071849234393404,0.38162544169611307,,-0.4331708459278811,-0.007932791235613856,
17495,2010,1,0.010444874274661509,0.45029013539651835,,-0.06140436011874249,0.06866469370040529,
17495,2010,2,,0.7526697992310978,,,,
17495,2014,1,,0.3738355609558526,,,-0.07645457444066578,
17495,2014,2,,0.48978860623432463,,,-0.26288119299677315,
17495,2018,1,0.08506075768406005,0.5014295925661186,,,0.12759403161026606,
17495,2018,2,0.20984549047790155,0.7003233920229968,,,0.21053478578867213,
17513,2002,1,0.21260330578512396,0.5944214876033058,,,,
17513,2006,1,0.07528530063021632,0.7838528359734287,,-0.13731800515490764,0.18943134837012288,
17513,2010,1,0.01579483695652174,0.6287364130434783,,-0.05949046367369458,-0.15511642292995043,
17513,2010,2,,0.8619972260748959,,,,
17513,2014,1,,0.4554775014239605,,,-0.17325891161951779,
17513,2014,2,,0.5944024205748866,,,-0.26759480550000936,
17513,2018,1,0.03035043804755945,0.598404255319149,,,0.1429267538951885,
17513,2018,2,0.08429510591672754,0.8559532505478451,,,0.26155082997295853,
17524,2002,1,0.33400518283904407,0.5534120357040023,,,,
17524,2006,1,0.10316886123571119,0.6067139343076255,,-0.2308363216033329,0.05330189860362322,
17524,2010,1,0.015478164731896076,0.5008291873963516,,-0.08769069650381511,-0.10588474691127392,
17524,2010,2,,0.8039654144305307,,,,
17524,2014,1,,0.36024944035817075,,,-0.14057974703818088,
17524,2014,2,,0.5148969681060507,,,-0.28906844632448003,
17524,2018,1,0.05815263306110954,0.4615601239087581,,,0.10131068355058737,
17524,2018,2,0.24318955732122588,0.6895573212258796,,,0.17466035311982897,
17541,2002,1,0.06500479386385427,0.7570469798657719,,,,
17541,2006,1,0.058506071384766344,0.8737887894026739,,-0.0064987224790879275,0.11674180953690205,
17541,2010,1,0.008577555396711936,0.7457367507403247,,-0.04992851598805441,-0.12805203866234915,
17541,2010,2,,0.871207365557648,,,,
17541,2014,1,,0.7529371112646855,,,0.007200360524360794,
17541,2014,2,,0.8489051094890511,,,-0.022302256068596926,
17541,2018,1,0.035219847159153835,0.7278768412891793,,,-0.025060269975506255,
17541,2018,2,0.11237304794146555,0.8416511958064868,,,-0.007253913682564228,
17614,2002,1,0.18571947015060788,0.6435311195790238,,,,
17614,2006,1,0.3205153749086804,0.5612007704057913,,0.1347959047580725,-0.08233034917323245,
17614,2010,1,0.1494071576199282,0.5619493092570435,,-0.17110821728875217,0.0007485388512521451,
17614,2010,2,,0.7805507745266781,,,,
17614,2014,1,,0.43900446232166423,,,-0.12294484693537922,
17614,2014,2,,0.5983265772788692,,,-0.18222419724780892,
17614,2018,1,0.16173579477343564,0.5407336370175018,,,0.10172917469583753,
17614,2018,2,0.2889637742207245,0.6489158870216822,,,0.05058930974281306,
17616,2002,1,0.39165931156222417,0.48698146513680496,,,,
17616,2006,1,0.05488592337494619,0.6532501076194576,,-0.336773388187278,0.1662686424826526,
17616,2010,1,0.011803686063367156,0.5224684199627252,,-0.043082237311579036,-0.13078168765673237,
17616,2010,2,,0.7920814479638009,,,,
17616,2014,1,,0.5459670424978318,,,0.023498622535106595,
17616,2014,2,,0.7024641412283928,,,-0.08961730673540802,
17616,2018,1,0.04210732471602037,0.6075205640423031,,,0.06155352154447136,
17616,2018,2,0.14481079055826152,0.8012364181341326,,,0.09877227690573975,
17653,2002,1,0.2634569850039463,0.6056827150749803,,,,
17653,2006,1,0.1126977460450791,0.7664846703065938,,-0.15075923895886723,0.16080195523161356,
17653,2010,1,0.018636003172085646,0.5856463124504362,,-0.09406174287299345,-0.18083835785615765,
17653,2010,2,,0.8105320304017373,,,,
17653,2014,1,,0.49148970659750363,,,-0.09415660585293256,
17653,2014,2,,0.6435072426611973,,,-0.16702478774053997,
17653,2018,1,0.04895588438666851,0.5239939150878163,,,0.032504208490312714,
17653,2018,2,0.187409646471284,0.7367591010645288,,,0.0932518584033315,
17662,2002,1,0.24392614188532555,0.3012633624878523,,,,
17662,2006,1,0.20137299771167047,0.5809087937234391,,-0.04255314417365508,0.27964543123558677,
17662,2010,1,0.011077805291281115,0.728137625439854,,-0.19029519242038936,0.147228831716415,
17662,2010,2,,0.8531917682527199,,,,
17662,2014,1,,0.5948951946385285,,,-0.13324243080132558,
17662,2014,2,,0.6944317663167503,,,-0.15876000193596962,
17662,2018,1,0.0535734771136859,0.6963404841115063,,,0.10144528947297782,
17662,2018,2,0.1173946528771042,0.8392562438112003,,,0.14482447749445004,
17665,2002,1,0.25064201335387776,0.618387262455059,,,,
17665,2006,1,0.10320284697508897,0.7019572953736655,,-0.1474391663787888,0.08357003291860643,
17665,2010,1,0.007407407407407408,0.40610021786492373,,-0.09579543956768156,-0.29585707750874174,
17665,2010,2,,0.7636647579385737,,,,
17665,2014,1,,0.4478662560492741,,,0.041766038184350374,
17665,2014,2,,0.727781926811053,,,-0.035882831127520665,
17665,2018,1,0.04276682781703235,0.4775009297136482,,,0.02963467366437411,
17665,2018,2,0.18053491827637444,0.7711738484398217,,,0.043391921628768704,
17777,2002,1,0.28905597326649957,0.5183792815371763,,,,
17777,2006,1,0.22249793217535152,0.5553586198747489,,-0.06655804109114805,0.03697933833757261,
17777,2010,1,0.07472391371658582,0.4256373206729281,,-0.1477740184587657,-0.1297212992018208,
17777,2010,2,,0.7525091240875912,,,,
17777,2014,1,,0.42565426593122874,,,1.694525830064908e-05,
17777,2014,2,,0.6178087211432759,,,-0.1347004029443153,
17777,2018,1,0.0939231228159891,0.5583397255603852,,,0.1326854596291565,
17777,2018,2,0.18583626318432947,0.7161392934873598,,,0.09833057234408393,
17867,2002,1,0.4322742474916388,0.3882385730211817,,,,
17867,2006,1,0.1061708434384263,0.666127728375101,,-0.3261034040532125,0.27788915535391934,
17867,2010,1,0.024073637007316497,0.7028557941940052,,-0.08209720643110979,0.0367280658189042,
17867,2010,2,,0.8566519391261659,,,,
17867,2014,1,,0.4792105263157895,,,-0.22364526787821576,
17867,2014,2,,0.5430308699719364,,,-0.3136210691542295,
17867,2018,1,0.051778478162989645,0.515308419630797,,,0.03609789331500751,
17867,2018,2,0.15459384401758852,0.7738949317287664,,,0.23086406175683005,
17873,2002,1,0.1854886243074384,0.6624425321230697,,,,
17873,2006,1,0.1480269139843608,0.6801842759289568,,-0.0374617103230776,0.01774174380588711,
17873,2010,1,0.028860960707366747,0.3461328299637375,,-0.11916595327699406,-0.3340514459652193,
17873,2010,2,,0.6516792473471174,,,,
17873,2014,1,,0.29533840859317967,,,-0.05079442137055784,
17873,2014,2,,0.49656632173095017,,,-0.15511292561616719,
17873,2018,1,0.07079713169177068,0.318397389687749,,,0.02305898109456933,
17873,2018,2,0.32301258595038,0.5721581084884796,,,0.07559178675752942,
17877,2002,1,0.04721723518850988,0.8339317773788151,,,,
17877,2006,1,0.10851505711318796,0.8151609553478713,,0.06129782192467808,-0.018770822030943823,
17877,2010,1,0.02415966386554622,0.5123049219687875,,-0.08435539324764174,-0.30285603337908373,
17877,2010,2,,0.8103198842629802,,,,
17877,2014,1,,0.5985344558777674,,,0.08622953390897992,
17877,2014,2,,0.7674219752030782,,,-0.042897909059901984,
17877,2018,1,0.05369834166886023,0.657278231113451,,,0.058743775235683526,
17877,2018,2,0.14205682272909165,0.8095238095238095,,,0.042101834320731335,
18001,2002,1,0.21602841741189668,0.5480946000685508,,,,
18001,2006,1,0.20669695986151682,0.7043708752569512,,-0.009331457550379868,0.15627627518840037,
18001,2010,1,0.06946363266964649,0.6377285656237301,,-0.1372333271918703,-0.06664230963322104,
18001,2010,2,,0.7693234957913333,,,,
18001,2014,1,,0.5547964644826467,,,-0.0829321011410834,
18001,2014,2,,0.6974631780841747,,,-0.07186031770715862,
18001,2018,1,0.1965947015564547,0.5236569302105791,,,-0.031139534272067615,
18001,2018,2,0.3184947933590184,0.6302124433303935,,,-0.06725073475378118,
18029,2002,1,0.22105263157894736,0.3192982456140351,,,,
18029,2006,1,0.26336173508907823,0.5894655305964369,,0.04230910351013087,0.27016728498240183,
18029,2010,1,0.038461538461538464,0.6044871794871794,,-0.22490019662753977,0.015021648890742534,
18029,2010,2,,0.7559899117276166,,,,
18029,2014,1,,0.5666438824333562,,,-0.03784329705382328,
18029,2014,2,,0.6482640865110985,,,-0.10772582521651819,
18029,2018,1,0.12287917737789203,0.6925449871465296,,,0.1259011047131734,
18029,2018,2,0.1875316776482514,0.7698935631018753,,,0.12162947659077683,
18094,2002,1,0.23603504928806135,0.34556407447973714,,,,
18094,2006,1,0.285140562248996,0.5887550200803213,,0.04910551296093463,0.24319094560058419,
18094,2010,1,0.0649206934710439,0.6646993729251199,,-0.22021986877795208,0.07594435284479861,
18094,2010,2,,0.7837429111531191,,,,
18094,2014,1,,0.5448994252873564,,,-0.11979994763776358,
18094,2014,2,,0.6725609756097561,,,-0.11118193554336298,
18094,2018,1,0.1640169581346052,0.6399046104928457,,,0.0950051852054894,
18094,2018,2,0.2525436994521263,0.7015392642838507,,,0.028978288674094577,
18150,2002,1,0.05263157894736842,0.08991228070175439,,,,
18150,2006,1,0.4577634754625905,0.414320193081255,,0.4051318965152221,0.3244079123795006,
18150,2010,1,0.08834705509816339,0.35053831538948704,,-0.3694164203644271,-0.06378187769176796,
18150,2010,2,,0.5073076923076923,,,,
18150,2014,1,,0.24276048714479026,,,-0.10777782824469678,
18150,2014,2,,0.29960707269155207,,,-0.20770061961614028,
18150,2018,1,0.37086201245493283,0.349721402818748,,,0.10696091567395771,
18150,2018,2,0.5075447972335744,0.429110342659541,,,0.12950326996798894,
18205,2002,1,0.21324161650902837,0.523645743766122,,,,
18205,2006,1,0.18722604884157795,0.6787726988102692,,-0.026015567667450418,0.1551269550441472,
18205,2010,1,0.02680599727396638,0.6179009541117674,,-0.16042005156761158,-0.06087174469850187,
18205,2010,2,,0.8401639344262295,,,,
18205,2014,1,,0.5863328116849243,,,-0.03156814242684303,
18205,2014,2,,0.633245382585752,,,-0.20691855184047747,
18205,2018,1,0.185493010955799,0.6361919153758973,,,0.049859103690972906,
18205,2018,2,0.25888514777403665,0.6864945753834643,,,0.05324919279771223,
18247,2002,1,0.28367603860679813,0.41292488459924465,,,,
18247,2006,1,0.3053814002089864,0.5963949843260188,,0.021705361602188278,0.18347009972677414,
18247,2010,1,0.07522388059701493,0.5502487562189055,,-0.23015751961197148,-0.04614622810711333,
18247,2010,2,,0.7264464641986256,,,,
18247,2014,1,,0.513850669601908,,,-0.036398086616997505,
18247,2014,2,,0.6511212219694508,,,-0.0753252422291748,
18247,2018,1,0.18201626961069145,0.5434340499709471,,,0.02958338036903918,
18247,2018,2,0.2872664059104737,0.6542083152252643,,,0.0030870932558135777,
18256,2002,1,0.33851276359600446,0.28523862375138737,,,,
18256,2006,1,0.3073415412676699,0.6019151846785226,,-0.03117122232833458,0.3166765609271352,
18256,2010,1,0.0842433697347894,0.4824492979719189,,-0.22309817153288047,-0.11946588670660369,
18256,2010,2,,0.6795952782462057,,,,
18256,2014,1,,0.46325878594249204,,,-0.019190512029426843,
18256,2014,2,,0.5227145260796411,,,-0.1568807521665646,
18256,2018,1,0.31651785714285713,0.45736607142857144,,,-0.005892714513920594,
18256,2018,2,0.4016817593790427,0.5502371711944803,,,0.02752264511483926,
18410,2002,1,0.21451104100946372,0.20189274447949526,,,,
18410,2006,1,0.4351851851851852,0.47962962962962963,,0.22067414417572145,0.2777368851501344,
18410,2010,1,0.14888079125455492,0.47423217074440394,,-0.28630439393063023,-0.005397458885225692,
18410,2010,2,,0.6173245614035088,,,,
18410,2014,1,,0.4068871771635705,,,-0.06734499358083346,
18410,2014,2,,0.46572934973637964,,,-0.15159521166712914,
18410,2018,1,0.44468704512372637,0.3289665211062591,,,-0.07792065605731135,
18410,2018,2,0.5412710007304602,0.4212320428536645,,,-0.04449730688271514,
18460,2002,1,0.3146067415730337,0.1647940074906367,,,,
18460,2006,1,0.26765799256505574,0.6607806691449815,,-0.04694874900797796,0.4959866616543448,
18460,2010,1,0.0615539858728557,0.649848637739657,,-0.20610400669220003,-0.010932031405324505,
18460,2010,2,,0.7701149425287356,,,,
18460,2014,1,,0.4469870327993898,,,-0.20286160494026717,
18460,2014,2,,0.5693970420932878,,,-0.2007179004354478,
18460,2018,1,0.30201342281879195,0.5338151781104801,,,0.08682814531109029,
18460,2018,2,0.3285854616895874,0.6414538310412574,,,0.07205678894796963,
18479,2002,1,0.2639821029082774,0.35570469798657717,,,,
18479,2006,1,0.22210300429184548,0.6727467811158798,,-0.04187909861643191,0.31704208312930265,
18479,2010,1,0.06355140186915888,0.7271028037383177,,-0.15855160242268662,0.05435602262243788,
18479,2010,2,,0.8630849220103987,,,,
18479,2014,1,,0.6897746967071057,,,-0.03732810703121203,
18479,2014,2,,0.7595367847411444,,,-0.10354813726925427,
18479,2018,1,0.15635939323220538,0.6417736289381564,,,-0.0480010677689493,
18479,2018,2,0.21299005266237567,0.7565827969572849,,,-0.0029539877838594686,
18592,2002,1,0.1938472942920682,0.5111193476649369,,,,
18592,2006,1,0.4097379822570662,0.4807097173509387,,0.215890687964998,-0.030409630313998237,
18592,2010,1,0.07621410847217298,0.5606168025522864,,-0.33352387378489323,0.0799070852013477,
18592,2010,2,,0.7194047385940866,,,,
18592,2014,1,,0.43771532184950135,,,-0.12290148070278506,
18592,2014,2,,0.5520376175548589,,,-0.16736712103922768,
18592,2018,1,0.2151487592568533,0.5237105365726906,,,0.08599521472318927,
18592,2018,2,0.30371439821498886,0.6267226670166689,,,0.07468504946180998,
18610,2002,1,0.14853896103896103,0.32954545454545453,,,,
18610,2006,1,0.42317956538314905,0.46282882195958824,,0.274640604344188,0.1332833674141337,
18610,2010,1,0.07803196490128486,0.5029771231588843,,-0.3451476004818642,0.04014830119929608,
18610,2010,2,,0.6539096007918179,,,,
18610,2014,1,,0.46215631757800435,,,-0.04082080558087997,
18610,2014,2,,0.6290880085083754,,,-0.024821592283442495,
18610,2018,1,0.26019820235077207,0.5316893293385573,,,0.06953301176055293,
18610,2018,2,0.3322550831792976,0.615988909426987,,,-0.013099099081388399,
18753,2002,1,0.5265247203175749,0.2457596535546734,,,,
18753,2006,1,0.4795444959932518,0.3766343315056938,,-0.04698022432432314,0.1308746779510204,
18753,2010,1,0.11140109890109891,0.44532967032967036,,-0.3681433970921529,0.06869533882397655,
18753,2010,2,,0.6533052039381153,,,,
18753,2014,1,,0.41089363893896474,,,-0.03443603139070561,
18753,2014,2,,0.48639490707464833,,,-0.16691029686346698,
18753,2018,1,0.26446963441183097,0.515727047518955,,,0.1048334085799903,
18753,2018,2,0.34380331937335196,0.601675197766403,,,0.11528029069175466,
18756,2002,1,0.4274193548387097,0.2056451612903226,,,,
18756,2006,1,0.48360655737704916,0.3866120218579235,,0.056187202538339476,0.1809668605676009,
18756,2010,1,0.041633306645316254,0.3386709367493995,,-0.4419732507317329,-0.04794108510852396,
18756,2010,2,,0.6430939226519337,,,,
18756,2014,1,,0.336734693877551,,,-0.0019362428718485147,
18756,2014,2,,0.38210320052253427,,,-0.2609907221293994,
18756,2018,1,0.41535111594991836,0.2988568317909635,,,-0.0378778620865875,
18756,2018,2,0.5313670411985019,0.41853932584269665,,,0.03643612532016238,
18785,2002,1,0.2699203187250996,0.3466135458167331,,,,
18785,2006,1,0.30700179533213645,0.473967684021544,,0.03708147660703687,0.1273541382048109,
18785,2010,1,0.02229965156794425,0.5282229965156794,,-0.28470214376419223,0.0542553124941354,
18785,2010,2,,0.7426470588235294,,,,
18785,2014,1,,0.3412856196156395,,,-0.18693737690003986,
18785,2014,2,,0.5165903890160183,,,-0.22605666980751116,
18785,2018,1,0.16880939072107323,0.5472330911123533,,,0.20594747149671377,
18785,2018,2,0.2233160621761658,0.6958549222797927,,,0.17926453326377445,
18860,2002,1,0.3947598253275109,0.30305676855895197,,,,
18860,2006,1,0.12382234185733512,0.6917900403768507,,-0.27093748347017577,0.3887332718178987,
18860,2010,1,0.021479713603818614,0.5885441527446301,,-0.1023426282535165,-0.10324588763222053,
18860,2010,2,,0.7869700103412617,,,,
18860,2014,1,,0.4621284755512943,,,-0.1264156771933358,
18860,2014,2,,0.57164809834806,,,-0.21532191199320172,
18860,2018,1,0.16216216216216217,0.5559179869524697,,,0.09378951140117542,
18860,2018,2,0.2588996763754045,0.6782246879334258,,,0.10657658958536587,
19001,2002,1,0.23263710917478217,0.533623782675551,,,,
19001,2006,1,0.29827787608572454,0.5435388547702485,,0.06564076691094237,0.009915072094697552,
19001,2010,1,0.09434849357129149,0.37641527537900593,,-0.20392938251443304,-0.16712357939124262,
19001,2010,2,,0.5438241729098986,,,,
19001,2014,1,,0.20375138688270636,,,-0.17266388849629957,
19001,2014,2,,0.3623286131714992,,,-0.18149555973839937,
19001,2018,1,0.37977737766341313,0.25762667385900584,,,0.05387528697629948,
19001,2018,2,0.5874476139464522,0.35682592992030804,,,-0.005502683251191187,
19022,2002,1,0.5163793103448275,0.2206896551724138,,,,
19022,2006,1,0.6027811366384522,0.14117291414752117,,0.0864018262936247,-0.07951674102489262,
19022,2010,1,0.08041504539559015,0.1504539559014267,,-0.522366091242862,0.009281041753905539,
19022,2010,2,,0.30357142857142855,,,,
19022,2014,1,,0.026869806094182824,,,-0.12358414980724389,
19022,2014,2,,0.06012497888870123,,,-0.24344644968272733,
19022,2018,1,0.7633373445647814,0.0798235058162856,,,0.05295369972210277,
19022,2018,2,0.8366336633663366,0.14273927392739275,,,0.08261429503869151,
19050,2002,1,0.6607287449392713,0.18461538461538463,,,,
19050,2006,1,0.6214919644998801,0.0662029263612377,,-0.03923678043939116,-0.11841245825414692,
19050,2010,1,0.05575035063113604,0.07748948106591866,,-0.565741613868744,0.011286554704680957,
19050,2010,2,,0.30083333333333334,,,,
19050,2014,1,,0.029556650246305417,,,-0.04793283081961324,
19050,2014,2,,0.042871768620424876,,,-0.2579615647129085,
19050,2018,1,0.8157642549113561,0.06037374221370388,,,0.030817091967398465,
19050,2018,2,0.8946063236205828,0.07811531308121512,,,0.03524354446079025,
19075,2002,1,0.5986018060005825,0.23099330032041945,,,,
19075,2006,1,0.6003210272873194,0.12740770465489568,,0.0017192212867368495,-0.10358559566552378,
19075,2010,1,0.10409628378378379,0.18391047297297297,,-0.4962247435035356,0.056502768318077295,
19075,2010,2,,0.38883034773445735,,,,
19075,2014,1,,0.05579995369298449,,,-0.12811051927998848,
19075,2014,2,,0.08054486230381996,,,-0.3082854854306374,
19075,2018,1,0.7784591194968553,0.08867924528301886,,,0.032879291590034374,
19075,2018,2,0.8433523475208424,0.13075910487055725,,,0.05021424256673729,
19100,2002,1,0.33783543628931934,0.429358450328772,,,,
19100,2006,1,0.3934718723761545,0.32336272040302266,,0.05563643608683516,-0.10599572992574935,
19100,2010,1,0.19844590555887626,0.3172942817294282,,-0.19502596681727824,-0.006068438673594467,
19100,2010,2,,0.49793926247288506,,,,
19100,2014,1,,0.13934611048478016,,,-0.17794817124464804,
19100,2014,2,,0.15161551483035254,,,-0.3463237476425325,
19100,2018,1,0.6657045840407471,0.13565365025466894,,,-0.0036924602301112164,
19100,2018,2,0.7571622490533686,0.21797528041723227,,,0.06635976558687973,
19110,2002,1,0.7454323995127893,0.10158343483556638,,,,
19110,2006,1,0.26076940797051373,0.414651002073255,,-0.48466299154227555,0.31306756723768864,
19110,2010,1,0.06169712321331645,0.5256015921838249,,-0.1990722847571973,0.11095059011056985,
19110,2010,2,,0.7371111111111112,,,,
19110,2014,1,,0.1236376021798365,,,-0.40196399000398836,
19110,2014,2,,0.16752611397593548,,,-0.5695849971351756,
19110,2018,1,0.28106396453451554,0.23014566181127297,,,0.10650805963143646,
19110,2018,2,0.4632768361581921,0.45942475603492555,,,0.2918986420589901,
19130,2002,1,0.49014925373134327,0.26427860696517413,,,,
19130,2006,1,0.28522039757994816,0.4456352636127917,,-0.2049288561513951,0.18135665664761758,
19130,2010,1,0.06809236420886906,0.3928102860141695,,-0.2171280333710791,-0.0528249775986222,
19130,2010,2,,0.6539491298527443,,,,
19130,2014,1,,0.14835244592829147,,,-0.24445784008587804,
19130,2014,2,,0.24686192468619247,,,-0.40708720516655184,
19130,2018,1,0.3952037853532638,0.2780944187547048,,,0.12974197282641334,
19130,2018,2,0.5187867813490267,0.4216387505658669,,,0.17477682587967444,
19137,2002,1,0.2628035585477278,0.28564558788170236,,,,
19137,2006,1,0.6535745807590467,0.23551044424830833,,0.39077102221131893,-0.050135143633394025,
19137,2010,1,0.125926906779661,0.2718485169491525,,-0.5276476739793857,0.03633807270084419,
19137,2010,2,,0.46208695652173915,,,,
19137,2014,1,,0.1352085664056257,,,-0.13663995054352682,
19137,2014,2,,0.16104078762306612,,,-0.30104616889867303,
19137,2018,1,0.6454243972394013,0.1574796092139464,,,0.022271042808320707,
19137,2018,2,0.7319932998324958,0.23897264098269122,,,0.0779318533596251,
19142,2002,1,0.7189906769355493,0.1523104985812728,,,,
19142,2006,1,0.29506225848003437,0.2334907685702018,,-0.42392841845551493,0.081180269988929,
19142,2010,1,0.22318384474167322,0.36768948334644636,,-0.07187841373836115,0.13419871477624457,
19142,2010,2,,0.5904823567497572,,,,
19142,2014,1,,0.18089668615984406,,,-0.1867927971866023,
19142,2014,2,,0.1935483870967742,,,-0.39693396965298305,
19142,2018,1,0.525467728941008,0.18422701638170264,,,0.0033303302218585795,
19142,2018,2,0.6586460764948824,0.28272580355539595,,,0.08917741645862176,
19212,2002,1,0.57452463708853,0.1345328153751789,,,,
19212,2006,1,0.627779469996954,0.15823941516905268,,0.05325483290842403,0.023706599793873795,
19212,2010,1,0.16857098137423698,0.2053529503834716,,-0.459208488622717,0.04711353521441891,
19212,2010,2,,0.3847589952477936,,,,
19212,2014,1,,0.07960005194130633,,,-0.12575289844216525,
19212,2014,2,,0.11726117261172611,,,-0.2674978226360675,
19212,2018,1,0.5200721267913069,0.1901869602353611,,,0.11058690829405478,
19212,2018,2,0.6590616375344986,0.287672493100276,,,0.17041132048854987,
19256,2002,1,0.4896065968046727,0.25700051537536506,,,,
19256,2006,1,0.2840909090909091,0.4970538720538721,,-0.2055156877137636,0.24005335667850702,
19256,2010,1,0.04298531810766721,0.5207993474714518,,-0.2411055909832419,0.023745475417579764,
19256,2010,2,,0.707891740387142,,,,
19256,2014,1,,0.20998093343281107,,,-0.31081841403864074,
19256,2014,2,,0.2761689858342735,,,-0.43172275455286846,
19256,2018,1,0.30733911522483787,0.35850156694118507,,,0.148520633508374,
19256,2018,2,0.4425019941504919,0.4987370380218027,,,0.22256805218752918,
19290,2002,1,0.4196157735085945,0.29221435793731043,,,,
19290,2006,1,0.2377952755905512,0.19606299212598424,,-0.18182049791804333,-0.09615136581132619,
19290,2010,1,0.06074461136512083,0.26257348138471587,,-0.17705066422543037,0.06651048925873163,
19290,2010,2,,0.44957709824333114,,,,
19290,2014,1,,0.1388888888888889,,,-0.12368459249582697,
19290,2014,2,,0.1878812525416836,,,-0.2616958457016475,
19290,2018,1,0.536322869955157,0.23856502242152466,,,0.09967613353263577,
19290,2018,2,0.7,0.26513409961685824,,,0.07725284707517463,
19300,2010,1,0.04716981132075472,0.38199814413857097,,,,
19300,2010,2,,0.6286112077967282,,,,
19300,2014,1,,0.06538295732145423,,,-0.31661518681711676,
19300,2014,2,,0.08028291351284278,,,-0.5483282942838854,
19300,2018,1,0.4480511925538104,0.1200698080279232,,,0.054686850706468976,
19300,2018,2,0.7392402019716278,0.19716277951430633,,,0.11687986600146355,
19318,2002,1,0.6326915817289543,0.29690449226123067,,,,
19318,2006,1,0.07980273481282224,0.324142568930733,,-0.5528888469161322,0.027238076669502342,
19318,2010,1,0.03491735537190083,0.23388429752066114,,-0.044885379440921414,-0.09025827141007187,
19318,2010,2,,0.4855570839064649,,,,
19318,2014,1,,0.040131168019987506,,,-0.19375312950067364,
19318,2014,2,,0.09336579427875837,,,-0.39219128962770655,
19318,2018,1,0.655712993668978,0.14666867651492313,,,0.10653750849493562,
19318,2018,2,0.8125,0.17064755838641188,,,0.07728176410765351,
19355,2002,1,0.27967064168086314,0.3938103350369108,,,,
19355,2006,1,0.533140166606302,0.27562477363274174,,0.2534695249254389,-0.11818556140416908,
19355,2010,1,0.18430034129692832,0.30170648464163824,,-0.34883982530937374,0.026081711008896502,
19355,2010,2,,0.6784061179311732,,,,
19355,2014,1,,0.21975452951490357,,,-0.08195195512673467,
19355,2014,2,,0.4316409124356144,,,-0.2467652054955588,
19355,2018,1,0.6359447004608295,0.24388514711095358,,,0.024130617596050008,
19355,2018,2,0.6638498683055312,0.3080553116769096,,,-0.12358560075870484,
19364,2002,1,0.220616570327553,0.06936416184971098,,,,
19364,2006,1,0.8822170900692841,0.05254041570438799,,0.6616005197417311,-0.016823746145322983,
19364,2010,1,0.11809713905522289,0.10944777112441784,,-0.7641199510140612,0.056907355420029844,
19364,2010,2,,0.21665213600697472,,,,
19364,2014,1,,0.03903407211379424,,,-0.0704136990106236,
19364,2014,2,,0.07990867579908675,,,-0.13674346020788797,
19364,2018,1,0.8439204988308652,0.05845674201091192,,,0.019422669897117682,
19364,2018,2,0.8889093588798821,0.08253500368459837,,,0.00262632788551162,
19392,2002,1,0.7208695652173913,0.11826086956521739,,,,
19392,2006,1,0.21750867720786735,0.548785190898573,,-0.5033608880095239,0.4305243213333556,
19392,2010,1,0.07816169070781617,0.5360617242536062,,-0.13934698650005117,-0.012723466644966819,
19392,2010,2,,0.709140332993544,,,,
19392,2014,1,,0.2939972714870396,,,-0.24206445276656663,
19392,2014,2,,0.36625811103100214,,,-0.3428822219625418,
19392,2018,1,0.4668422312664592,0.34259037586784774,,,0.04859310438080816,
19392,2018,2,0.5208426714477813,0.4350067234424025,,,0.06874861241140034,
19397,2002,1,0.5967983991995998,0.17258629314657328,,,,
19397,2006,1,0.3941309255079007,0.336117381489842,,-0.20266747369169907,0.1635310883432687,
19397,2010,1,0.05235602094240838,0.24083769633507854,,-0.3417749045654923,-0.09527968515476345,
19397,2010,2,,0.5730952380952381,,,,
19397,2014,1,,0.11511156186612576,,,-0.12572613446895278,
19397,2014,2,,0.21589230011492366,,,-0.35720293798031444,
19397,2018,1,0.5948382534912497,0.20222732897295387,,,0.08711576710682811,
19397,2018,2,0.6664176874813266,0.30265909769943233,,,0.08676679758450867,
19418,2002,1,0.7208527648234511,0.23117921385742837,,,,
19418,2006,1,0.2417452830188679,0.36124213836477986,,-0.4791074818045832,0.1300629245073515,
19418,2010,1,0.017704517704517704,0.36568986568986567,,-0.22404076531435022,0.004447727325085804,
19418,2010,2,,0.5131938125568699,,,,
19418,2014,1,,0.04177754124534327,,,-0.3239123244445224,
19418,2014,2,,0.06904463913224865,,,-0.44414917342462124,
19418,2018,1,0.41759352881698686,0.1948938321536906,,,0.15311629090834733,
19418,2018,2,0.55937794533459,0.41870876531573986,,,0.3496641261834912,
19450,2002,1,0.516374115797747,0.3075713911448782,,,,
19450,2006,1,0.4231067459291807,0.2605324373223055,,-0.09326736986856626,-0.04703895382257267,
19450,2010,1,0.1252264492753623,0.2269021739130435,,-0.2978802966538184,-0.033630263409262035,
19450,2010,2,,0.44905048633626676,,,,
19450,2014,1,,0.09542920847268674,,,-0.13147296544035675,
19450,2014,2,,0.1444154247964357,,,-0.30463506153983105,
19450,2018,1,0.6674933231590996,0.1642502861503243,,,0.06882107767763757,
19450,2018,2,0.7846635367762128,0.18857589984350548,,,0.04416047504706977,
19455,2002,1,0.5718544085346721,0.21791653592720428,,,,
19455,2006,1,0.469898156503803,0.2506123501353616,,-0.10195625203086905,0.032695814208157314,
19455,2010,1,0.24055289265410768,0.2988518559803812,,-0.22934526384969534,0.048239505845019626,
19455,2010,2,,0.5514006514657981,,,,
19455,2014,1,,0.12822966507177033,,,-0.1706221909086109,
19455,2014,2,,0.1813890149795733,,,-0.3700116364862248,
19455,2018,1,0.5310725296122019,0.17540159013467468,,,0.04717192506290435,
19455,2018,2,0.692914653784219,0.25,,,0.0686109850204267,
19473,2002,1,0.37058659994439813,0.32527105921601335,,,,
19473,2006,1,0.43720565149136575,0.3979591836734694,,0.06661905154696762,0.07268812445745604,
19473,2010,1,0.07411347517730496,0.40283687943262414,,-0.36309217631406077,0.004877695759154754,
19473,2010,2,,0.6796751635461313,,,,
19473,2014,1,,0.16272552110702398,,,-0.24011135832560015,
19473,2014,2,,0.24121386589900443,,,-0.43846129764712694,
19473,2018,1,0.37037037037037035,0.29901234567901236,,,0.13628682457198837,
19473,2018,2,0.4909497444633731,0.466247870528109,,,0.22503400462910458,
19513,2002,1,0.8697863682604272,0.06171583587656833,,,,
19513,2006,1,0.1811422777965529,0.1459952686718486,,-0.6886440904638743,0.08427943279528026,
19513,2010,1,0.1555354993983153,0.2770758122743682,,-0.025606778398237606,0.13108054360251964,
19513,2010,2,,0.598589065255732,,,,
19513,2014,1,,0.040450736781277086,,,-0.23662507549309114,
19513,2014,2,,0.059197651663405085,,,-0.5393914135923269,
19513,2018,1,0.48974635725849974,0.10091743119266056,,,0.06046669441138347,
19513,2018,2,0.7484856465630761,0.1785620226494601,,,0.11936437098605503,
19517,2002,1,0.626,0.11866666666666667,,,,
19517,2006,1,0.23688579017264277,0.2548140770252324,,-0.3891142098273572,0.13614741035856573,
19517,2010,1,0.06204724409448819,0.3337007874015748,,-0.17483854607815458,0.07888671037634243,
19517,2010,2,,0.5359699965905217,,,,
19517,2014,1,,0.17646165527714502,,,-0.1572391321244298,
19517,2014,2,,0.30583525415504065,,,-0.23013474243548104,
19517,2018,1,0.6146336230018239,0.20566462825877052,,,0.029202972981625497,
19517,2018,2,0.6704049225883287,0.2933703850734418,,,-0.012464869081598828,
19532,2002,1,0.39922061052175795,0.39445767482138994,,,,
19532,2006,1,0.5018359853121175,0.36869305045559636,,0.10261537479035954,-0.025764624365793576,
19532,2010,1,0.11086797957695113,0.45441283734500365,,-0.3909680057351663,0.08571978688940729,
19532,2010,2,,0.6642160779926483,,,,
19532,2014,1,,0.20061085658753297,,,-0.2538019807574707,
19532,2014,2,,0.291,,,-0.3732160779926483,
19532,2018,1,0.5622546552591847,0.23321590337191747,,,0.0326050467843845,
19532,2018,2,0.6664103796251802,0.2921672272945699,,,0.001167227294569917,
19533,2002,1,0.36065573770491804,0.23224043715846995,,,,
19533,2006,1,0.27901234567901234,0.49135802469135803,,-0.0816433920259057,0.25911758753288805,
19533,2010,1,0.04,0.3385714285714286,,-0.23901234567901233,-0.15278659611992945,
19533,2010,2,,0.5621939275220372,,,,
19533,2014,1,,0.3514705882352941,,,0.012899159663865511,
19533,2014,2,,0.4337801608579088,,,-0.1284137666641284,
19533,2018,1,0.4989135158626684,0.34593654932637985,,,-0.0055340389089142406,
19533,2018,2,0.5744586831639417,0.39063190455148034,,,-0.04314825630642849,
19548,2002,1,0.28462362710956335,0.4689257969461559,,,,
19548,2006,1,0.20515179392824287,0.639604415823367,,-0.07947183318132048,0.17067861887721114,
19548,2010,1,0.06452467119781093,0.44584694147762377,,-0.14062712273043193,-0.19375747434574325,
19548,2010,2,,0.7430834104700196,,,,
19548,2014,1,,0.21917046591793618,,,-0.2266764755596876,
19548,2014,2,,0.41175978588156575,,,-0.3313236245884538,
19548,2018,1,0.2703083308627335,0.4046842573376816,,,0.18551379141974542,
19548,2018,2,0.4122633125982637,0.5311367831020576,,,0.11937699722049183,
19573,2002,1,0.7819032525847106,0.15274318919326843,,,,
19573,2006,1,0.19078303425774878,0.1859706362153344,,-0.5911202183269618,0.03322744702206598,
19573,2010,1,0.12999521825261287,0.20363412801420863,,-0.060787816005135914,0.01766349179887422,
19573,2010,2,,0.4269262634631317,,,,
19573,2014,1,,0.07226090663635072,,,-0.1313732213778579,
19573,2014,2,,0.08976029920099733,,,-0.3371659642621344,
19573,2018,1,0.5804685789358441,0.10898839500766368,,,0.036727488371312955,
19573,2018,2,0.7929655399112475,0.15301594258478057,,,0.06325564338378324,
19585,2002,1,0.40883534136546185,0.26666666666666666,,,,
19585,2006,1,0.5,0.3095034246575342,,0.09116465863453815,0.04283675799086756,
19585,2010,1,0.05686149936467599,0.44504447268106734,,-0.443138500635324,0.13554104802353312,
19585,2010,2,,0.6120178041543026,,,,
19585,2014,1,,0.17653167185877466,,,-0.2685128008222927,
19585,2014,2,,0.2597601428935953,,,-0.35225766126070734,
19585,2018,1,0.4431243680485339,0.23609706774519718,,,0.05956539588642251,
19585,2018,2,0.5833710919800634,0.38060715903942005,,,0.12084701614582477,
19622,2002,1,0.3886971527178602,0.34124245038826573,,,,
19622,2006,1,0.2216393442622951,0.540655737704918,,-0.16705780845556512,0.1994132873166523,
19622,2010,1,0.05536626916524702,0.565587734241908,,-0.16627307509704808,0.024931996536989964,
19622,2010,2,,0.7389880952380953,,,,
19622,2014,1,,0.24145431945307644,,,-0.32413341478883156,
19622,2014,2,,0.33479960899315736,,,-0.4041884862449379,
19622,2018,1,0.343804537521815,0.3994016454749439,,,0.15794732602186745,
19622,2018,2,0.44779116465863456,0.5035698348951361,,,0.1687702259019787,
19693,2002,1,0.634765625,0.224609375,,,,
19693,2006,1,0.19920494699646643,0.575530035335689,,-0.4355606780035336,0.350920660335689,
19693,2010,1,0.013930348258706468,0.3419568822553897,,-0.18527459873775998,-0.2335731530802993,
19693,2010,2,,0.6151528196297891,,,,
19693,2014,1,,0.18146603098927294,,,-0.16049085126611679,
19693,2014,2,,0.1937578027465668,,,-0.4213950168832223,
19693,2018,1,0.3473389355742297,0.16106442577030813,,,-0.020401605218964808,
19693,2018,2,0.6153376107546593,0.3547204399633364,,,0.16096263721676962,
19698,2002,1,0.4958713394143063,0.2948631781084974,,,,
19698,2006,1,0.31778236747256305,0.4746689345158547,,-0.17808897194174322,0.1798057564073573,
19698,2010,1,0.09643260694108152,0.39318805488297015,,-0.22134976053148153,-0.08148087963288453,
19698,2010,2,,0.6101792721397246,,,,
19698,2014,1,,0.1902039978094195,,,-0.20298405707355066,
19698,2014,2,,0.28459850061286734,,,-0.3255807715268572,
19698,2018,1,0.4008415616706912,0.2656896263179286,,,0.0754856285085091,
19698,2018,2,0.5728986366330765,0.364742145820984,,,0.08014364520811668,
19701,2002,1,0.0,0.0,,,,
19701,2006,1,0.312280701754386,0.5070175438596491,,0.312280701754386,0.5070175438596491,
19701,2010,1,0.04317656129529684,0.4402467232074017,,-0.26910414045908915,-0.06677082065224743,
19701,2010,2,,0.5812163202463433,,,,
19701,2014,1,,0.2916299559471366,,,-0.14861676726026513,
19701,2014,2,,0.418706842435656,,,-0.1625094778106873,
19701,2018,1,0.493341053850608,0.29357266936884774,,,0.0019427134217111508,
19701,2018,2,0.5872184389732844,0.39078051335777897,,,-0.02792632907787701,
19743,2002,1,0.3456140350877193,0.23280701754385966,,,,
19743,2006,1,0.5937039517749497,0.2531815137307435,,0.2480899166872304,0.020374496186883834,
19743,2010,1,0.34408203607610577,0.2719298245614035,,-0.24962191569884395,0.01874831083066003,
19743,2010,2,,0.5261565836298933,,,,
19743,2014,1,,0.0975669397236826,,,-0.17436288483772092,
19743,2014,2,,0.14663287472845765,,,-0.3795237089014356,
19743,2018,1,0.6654119257421507,0.14081615193771924,,,0.04324921221403663,
19743,2018,2,0.7711324376199616,0.19408829174664108,,,0.04745541701818343,
19760,2002,1,0.649792531120332,0.17012448132780084,,,,
19760,2006,1,0.377895936194455,0.43220660843144704,,-0.271896594925877,0.2620821271036462,
19760,2010,1,0.0797442799461642,0.503028263795424,,-0.29815165624829076,0.07082165536397694,
19760,2010,2,,0.6600382409177821,,,,
19760,2014,1,,0.1874767051807678,,,-0.31555155861465617,
19760,2014,2,,0.25410520456443086,,,-0.4059330363533512,
19760,2018,1,0.4482957827845176,0.27440785673021373,,,0.08693115154944592,
19760,2018,2,0.5508408796895213,0.4036222509702458,,,0.14951704640581492,
19780,2002,1,0.6644935972060535,0.15855646100116413,,,,
19780,2006,1,0.22138919514884234,0.5497243660418963,,-0.44310440205721113,0.3911679050407322,
19780,2010,1,0.03697781331201279,0.507495502698381,,-0.18441138183682954,-0.04222886334351539,
19780,2010,2,,0.7107966217758502,,,,
19780,2014,1,,0.1347708894878706,,,-0.3727246132105103,
19780,2014,2,,0.19197207678883071,,,-0.5188245449870195,
19780,2018,1,0.3755621026515739,0.30020158164056443,,,0.16543069215269382,
19780,2018,2,0.4889386726407169,0.44329319518342203,,,0.2513211183945913,
19785,2002,1,0.5164585698070374,0.11010215664018161,,,,
19785,2006,1,0.7829070492825951,0.07485963817841547,,0.2664484794755577,-0.03524251846176614,
19785,2010,1,0.6757660167130919,0.0818941504178273,,-0.10714103256950325,0.00703451223941183,
19785,2010,2,,0.2532467532467532,,,,
19785,2014,1,,0.07634164777021919,,,-0.005552502647608107,
19785,2014,2,,0.09879032258064516,,,-0.15445643066610806,
19785,2018,1,0.7701597195169458,0.06388780677834048,,,-0.012453840991878712,
19785,2018,2,0.8916583582585577,0.08939847125290794,,,-0.009391851327737219,
19807,2002,1,0.25069871436556734,0.4414477361654556,,,,
19807,2006,1,0.1821099077416767,0.6795026073004412,,-0.06858880662389064,0.23805487113498564,
19807,2010,1,0.0723427430334937,0.48125624035581377,,-0.10976716470818301,-0.19824636694462744,
19807,2010,2,,0.7210459557029955,,,,
19807,2014,1,,0.24441340782122906,,,-0.2368428325345847,
19807,2014,2,,0.40756805264732276,,,-0.3134779030556727,
19807,2018,1,0.33726067746686306,0.3799705449189985,,,0.13555713709776945,
19807,2018,2,0.4523942873144777,0.4939792775133016,,,0.08641122486597885,
19809,2002,1,0.7031900138696255,0.199375866851595,,,,
19809,2006,1,0.12461921905289393,0.24619219052893934,,-0.5785707948167316,0.04681632367734434,
19809,2010,1,0.010800842992623814,0.15200210748155954,,-0.11381837606027012,-0.0941900830473798,
19809,2010,2,,0.46807387862796834,,,,
19809,2014,1,,0.05333612215017779,,,-0.09866598533138175,
19809,2014,2,,0.09528569048808928,,,-0.3727881881398791,
19809,2018,1,0.4680087390761548,0.11064294631710363,,,0.05730682416692584,
19809,2018,2,0.8237425713871576,0.16335700826206698,,,0.0680713177739777,
19821,2002,1,0.3130801687763713,0.0339662447257384,,,,
19821,2006,1,0.7978150484689952,0.0566240960147715,,0.4847348796926239,0.022657851289033103,
19821,2010,1,0.18863324699070547,0.05652902635989639,,-0.6091818014782897,-9.506965487511565e-05,
19821,2010,2,,0.1676241280262618,,,,
19821,2014,1,,0.035627135187896536,,,-0.02090189117199985,
19821,2014,2,,0.06772057252723777,,,-0.09990355549902404,
19821,2018,1,0.8092726263187118,0.055709790856931334,,,0.020082655669034798,
19821,2018,2,0.8697542365362435,0.10336261201313104,,,0.03564203948589327,
19824,2002,1,0.554320987654321,0.23580246913580247,,,,
19824,2006,1,0.5428370786516854,0.2148876404494382,,-0.011483909002635628,-0.020914828686364267,
19824,2010,1,0.09416195856873823,0.27087256748273697,,-0.4486751200829472,0.05598492703329877,
19824,2010,2,,0.46772323154232703,,,,
19824,2014,1,,0.1186492242166109,,,-0.15222334326612608,
19824,2014,2,,0.15717994807269822,,,-0.3105432834696288,
19824,2018,1,0.6717095310136157,0.16792738275340394,,,0.04927815853679304,
19824,2018,2,0.7467328370554177,0.22349048800661703,,,0.0663105399339188,
19845,2002,1,0.8421922335444781,0.09859542825667861,,,,
19845,2006,1,0.1590801327643433,0.1944049312470365,,-0.6831121007801348,0.0958095029903579,
19845,2010,1,0.11539842067480259,0.28302225412778176,,-0.043681712089540706,0.08861732288074525,
19845,2010,2,,0.49333615400888514,,,,
19845,2014,1,,0.06668819635071856,,,-0.21633405777706322,
19845,2014,2,,0.08692185007974482,,,-0.40641430392914035,
19845,2018,1,0.5606979334240811,0.10642247246627892,,,0.039734276115560366,
19845,2018,2,0.7759656652360515,0.1700797057020233,,,0.08315785562227848,
20001,2002,1,0.4828195227712883,0.40682590530944346,,,,
20001,2006,1,0.2281244627815025,0.6281359234427827,,-0.2546950599897858,0.22131001813333923,
20001,2010,1,0.22220615037463476,0.47348627303497554,,-0.005918312406867743,-0.15464965040780715,
20001,2010,2,,0.7121263300118224,,,,
20001,2014,1,,0.2639238639715057,,,-0.20956240906346985,
20001,2014,2,,0.3622610938429998,,,-0.34986523616882254,
20001,2018,1,0.38372842135710433,0.39741516454331505,,,0.13349130057180936,
20001,2018,2,0.46352398219878027,0.49870446678753916,,,0.13644337294453934,
20011,2002,1,0.4890836569749134,0.35803505825548443,,,,
20011,2006,1,0.14371764705882353,0.6675294117647059,,-0.3453660099160899,0.3094943535092215,
20011,2010,1,0.11423149905123339,0.6564705882352941,,-0.02948614800759014,-0.011058823529411788,
20011,2010,2,,0.8109474011584963,,,,
20011,2014,1,,0.3977404751412203,,,-0.25873011309407384,
20011,2014,2,,0.4903069466882068,,,-0.3206404544702895,
20011,2018,1,0.18218966462351124,0.5940100662779688,,,0.19626959113674852,
20011,2018,2,0.2670729566373235,0.6889122965415193,,,0.19860534985331252,
20013,2002,1,0.6397863358318256,0.28973895063323857,,,,
20013,2006,1,0.15964506172839507,0.7011574074074074,,-0.48014127410343055,0.41141845677416883,
20013,2010,1,0.23410690038266882,0.6080113566226392,,0.07446183865427375,-0.09314605078476823,
20013,2010,2,,0.8316653635652854,,,,
20013,2014,1,,0.3619062475625926,,,-0.24610510906004657,
20013,2014,2,,0.42808381032400356,,,-0.40358155324128187,
20013,2018,1,0.32755167076390784,0.4479650368751707,,,0.0860587893125781,
20013,2018,2,0.4236287309129492,0.5477695253033169,,,0.11968571497931335,
20032,2002,1,0.7076429716729022,0.1889363976483164,,,,
20032,2006,1,0.13832306963524396,0.7605400284225485,,-0.5693199020376583,0.5716036307742322,
20032,2010,1,0.2573996930497698,0.6167507125630344,,0.11907662341452582,-0.14378931585951416,
20032,2010,2,,0.8218070273284998,,,,
20032,2014,1,,0.3253265908133165,,,-0.2914241217497179,
20032,2014,2,,0.4236941472624292,,,-0.39811288006607054,
20032,2018,1,0.34442297073440087,0.5381004969630039,,,0.2127739061496874,
20032,2018,2,0.3972222222222222,0.584920634920635,,,0.16122648765820574,
20045,2002,1,0.6953556349464112,0.2003897369275739,,,,
20045,2006,1,0.20690747782002536,0.6295944233206591,,-0.4884481571263858,0.4292046863930852,
20045,2010,1,0.20971620971620972,0.5875420875420876,,0.0028087318961843577,-0.04205233577857148,
20045,2010,2,,0.7909252669039146,,,,
20045,2014,1,,0.22629969418960244,,,-0.36124239335248515,
20045,2014,2,,0.24668355939782383,,,-0.5442417075060908,
20045,2018,1,0.5353916677902116,0.2643926115680194,,,0.03809291737841697,
20045,2018,2,0.610267155578837,0.3601361969617601,,,0.11345263756393625,
20060,2002,1,0.6443687230989957,0.2537661406025825,,,,
20060,2006,1,0.1215891418068712,0.776049766718507,,-0.5227795812921245,0.5222836261159245,
20060,2010,1,0.19601629696695339,0.6636487098234495,,0.07442715516008218,-0.11240105689505753,
20060,2010,2,,0.8623664220419724,,,,
20060,2014,1,,0.3514016018306636,,,-0.3122471079927859,
20060,2014,2,,0.4129260569938536,,,-0.44944036504811885,
20060,2018,1,0.38995112133410004,0.4496118458884416,,,0.098210244057778,
20060,2018,2,0.43901719176566073,0.5383309968272707,,,0.1254049398334171,
20175,2002,1,0.5266231535554792,0.3234283751288217,,,,
20175,2006,1,0.13412759415833975,0.7376377145785293,,-0.3924955593971394,0.4142093394497076,
20175,2010,1,0.16820572764465225,0.6627703097603741,,0.0340781334863125,-0.07486740481815524,
20175,2010,2,,0.8468571428571429,,,,
20175,2014,1,,0.3462678523309081,,,-0.316502457429466,
20175,2014,2,,0.4049252749318545,,,-0.4419318679252884,
20175,2018,1,0.2953156822810591,0.5092619532538066,,,0.1629941009228985,
20175,2018,2,0.35970435258691486,0.6218633086960489,,,0.2169380337641944,
20178,2002,1,0.5359394703656999,0.28562421185372006,,,,
20178,2006,1,0.16785946649316852,0.7407286922576448,,-0.36808000387253137,0.45510448040392476,
20178,2010,1,0.21437093994431924,0.6191170621768527,,0.046511473451150726,-0.12161163008079212,
20178,2010,2,,0.8124189598040629,,,,
20178,2014,1,,0.3495162111695807,,,-0.269600851007272,
20178,2014,2,,0.39856429463171034,,,-0.41385466517235253,
20178,2018,1,0.4423676012461059,0.40751557632398755,,,0.057999365154406846,
20178,2018,2,0.48865904554527306,0.49119941934313194,,,0.0926351247114216,
20228,2002,1,0.41575492341356673,0.32735229759299783,,,,
20228,2006,1,0.19427554500963962,0.716001779623313,,-0.22147937840392712,0.3886494820303152,
20228,2010,1,0.2861679604798871,0.5479887085391673,,0.09189241547024746,-0.16801307108414576,
20228,2010,2,,0.8229094439051449,,,,
20228,2014,1,,0.2471934604904632,,,-0.30079524804870406,
20228,2014,2,,0.29686962504299963,,,-0.5260398188621452,
20228,2018,1,0.37161488300728807,0.4090525508247027,,,0.1618590903342395,
20228,2018,2,0.46849483900785704,0.497458018795255,,,0.20058839375225535,
20238,2002,1,0.5951623169955442,0.27625716104392106,,,,
20238,2006,1,0.0885376707073807,0.7738223108792389,,-0.5066246462881635,0.49756514983531785,
20238,2010,1,0.14289147938949645,0.6823699074630453,,0.054353808682115756,-0.09145240341619365,
20238,2010,2,,0.8401212600500857,,,,
20238,2014,1,,0.3328966521106259,,,-0.34947325535241935,
20238,2014,2,,0.324366169924521,,,-0.5157550901255648,
20238,2018,1,0.4704168942290188,0.3499908975059166,,,0.017094245395290697,
20238,2018,2,0.5384615384615384,0.44120353330879647,,,0.11683736338427547,
20250,2002,1,0.7381570408825439,0.18267358857884491,,,,
20250,2006,1,0.22327179046801202,0.611635895234006,,-0.5148852504145318,0.42896230665516105,
20250,2010,1,0.38775832150181416,0.45038649629279065,,0.16448653103380215,-0.16124939894121532,
20250,2010,2,,0.7514995715509855,,,,
20250,2014,1,,0.19548647436855476,,,-0.2549000219242359,
20250,2014,2,,0.23095713968465467,,,-0.5205424318663308,
20250,2018,1,0.6009288724520513,0.2495914681345145,,,0.05410499376595973,
20250,2018,2,0.6499835092348285,0.32899076517150394,,,0.09803362548684927,
20295,2002,1,0.5485929794023788,0.30925442413693066,,,,
20295,2006,1,0.14941948510853104,0.687783947501262,,-0.3991734942938478,0.3785295233643314,
20295,2010,1,0.10824504836480885,0.6621372639336711,,-0.04117443674372219,-0.025646683567590922,
20295,2010,2,,0.8447739775173404,,,,
20295,2014,1,,0.28561580882352944,,,-0.3765214551101417,
20295,2014,2,,0.3664093391075127,,,-0.4783646384098277,
20295,2018,1,0.19948289578361178,0.5184964200477327,,,0.23288061122420323,
20295,2018,2,0.29742703533026116,0.6728110599078341,,,0.30640172080032135,
20310,2002,1,0.21289537712895376,0.45498783454987834,,,,
20310,2006,1,0.11051788574479444,0.7255739455419113,,-0.10237749138415932,0.270586110992033,
20310,2010,1,0.13248407643312102,0.4484076433121019,,0.021966190688326573,-0.2771663022298094,
20310,2010,2,,0.7819494584837545,,,,
20310,2014,1,,0.19084967320261437,,,-0.25755797010948756,
20310,2014,2,,0.2929394091136705,,,-0.489010049370084,
20310,2018,1,0.1638036809815951,0.5533742331288344,,,0.36252455992622,
20310,2018,2,0.23473917869034405,0.6958934517203108,,,0.4029540426066403,
20383,2002,1,0.6959183673469388,0.21964285714285714,,,,
20383,2006,1,0.1169929900894368,0.6625574087503021,,-0.578925377257502,0.442914551607445,
20383,2010,1,0.08795180722891566,0.6631325301204819,,-0.02904118286052114,0.0005751213701797875,
20383,2010,2,,0.8260014745637749,,,,
20383,2014,1,,0.29249692496924967,,,-0.37063560515123223,
20383,2014,2,,0.36923931149361466,,,-0.45676216307016027,
20383,2018,1,0.2815299793246037,0.5098208132322536,,,0.21732388826300392,
20383,2018,2,0.3287603305785124,0.6459504132231405,,,0.27671110172952584,
20400,2002,1,0.7142226148409894,0.196113074204947,,,,
20400,2006,1,0.2312596932621058,0.4084094433913493,,-0.48296292157888354,0.21229636918640232,
20400,2010,1,0.28939327804452203,0.3896406227266114,,0.05813358478241623,-0.01876882066473795,
20400,2010,2,,0.7038728225942837,,,,
20400,2014,1,,0.12671476475967888,,,-0.26292585796693246,
20400,2014,2,,0.15658755814870298,,,-0.5472852644455808,
20400,2018,1,0.5460907818436312,0.19536092781443712,,,0.06864616305475824,
20400,2018,2,0.6227390180878553,0.33817001258861723,,,0.18158245443991425,
20443,2002,1,0.7908764736032804,0.13787801127626859,,,,
20443,2006,1,0.135328271549799,0.5926753014738723,,-0.6555482020534814,0.4547972901976037,
20443,2010,1,0.17335907335907336,0.6173745173745174,,0.038030801809274345,0.024699215900645166,
20443,2010,2,,0.8111429741909054,,,,
20443,2014,1,,0.2469222652128034,,,-0.37045225216171407,
20443,2014,2,,0.2966880044531033,,,-0.5144549697378021,
20443,2018,1,0.34976698552857494,0.4314446897228354,,,0.184522424510032,
20443,2018,2,0.4175875852339525,0.5605454972960263,,,0.26385749284292304,
20517,2002,1,0.7392810740580338,0.16154179298397575,,,,
20517,2006,1,0.08606088349736782,0.44197756923781184,,-0.6532201905606659,0.2804357762538361,
20517,2010,1,0.1408649959579628,0.5002021018593371,,0.054804112460594995,0.05822453262152527,
20517,2010,2,,0.7978142076502732,,,,
20517,2014,1,,0.15413146507315062,,,-0.3460706367861865,
20517,2014,2,,0.20876887340301975,,,-0.5890453342472535,
20517,2018,1,0.2899543378995434,0.4136700913242009,,,0.2595386262510503,
20517,2018,2,0.3857331571994716,0.5710700132100396,,,0.36230113980701983,
20550,2002,1,0.742992125984252,0.16818897637795274,,,,
20550,2006,1,0.15651946694538804,0.666056963679122,,-0.586472659038864,0.4978679873011693,
20550,2010,1,0.08203902827558741,0.7343687773795301,,-0.07448043866980063,0.06831181370040806,
20550,2010,2,,0.8760212418300654,,,,
20550,2014,1,,0.2888454861111111,,,-0.445523291268419,
20550,2014,2,,0.3387818041634541,,,-0.5372394376666112,
20550,2018,1,0.22215843857634904,0.5881171067738232,,,0.2992716206627121,
20550,2018,2,0.2677618646447627,0.6999438360011233,,,0.3611620318376692,
20570,2002,1,0.44192049561177077,0.4228187919463087,,,,
20570,2006,1,0.17857142857142858,0.6637239165329053,,-0.2633490670403422,0.24090512458659658,
20570,2010,1,0.15078864353312302,0.6403785488958991,,-0.027782785038305557,-0.02334536763700623,
20570,2010,2,,0.8257042253521126,,,,
20570,2014,1,,0.30250954719039824,,,-0.3378690017055008,
20570,2014,2,,0.34459210040605387,,,-0.48111212494605876,
20570,2018,1,0.41823101640453236,0.34737020125147977,,,0.04486065406108153,
20570,2018,2,0.5520053475935829,0.4219251336898396,,,0.07733303328378571,
20614,2002,1,0.442888522789676,0.38879736408566723,,,,
20614,2006,1,0.20648017709800764,0.6091768967599115,,-0.23640834569166835,0.22037953267424426,
20614,2010,1,0.1135978935489938,0.6244122625540719,,-0.09288228354901384,0.015235365794160405,
20614,2010,2,,0.8007923033389927,,,,
20614,2014,1,,0.3893032175580652,,,-0.2351090449960067,
20614,2014,2,,0.4298789489223502,,,-0.37091335441664247,
20614,2018,1,0.15712367232328164,0.5982175558539861,,,0.20891433829592088,
20614,2018,2,0.24251069900142652,0.7219448407037565,,,0.29206589178140635,
20621,2002,1,0.7067115505996213,0.23017041868293708,,,,
20621,2006,1,0.10565028418589101,0.7469073888331662,,-0.6010612664137303,0.5167369701502291,
20621,2010,1,0.14182842830306824,0.6358797745773325,,0.036178144117177236,-0.11102761425583374,
20621,2010,2,,0.8118484196591097,,,,
20621,2014,1,,0.3661268090971744,,,-0.2697529654801581,
20621,2014,2,,0.4068109171379395,,,-0.4050375025211702,
20621,2018,1,0.2584490980717396,0.5318266639021356,,,0.16569985480496124,
20621,2018,2,0.31241628026790313,0.6638845955692941,,,0.25707367843135465,
20710,2002,1,0.32453691956356256,0.3709718345597564,,,,
20710,2006,1,0.263100197325148,0.60885770664328,,-0.061436722238414565,0.23788587208352358,
20710,2010,1,0.15375357304046938,0.5640138408304498,,-0.10934662428467862,-0.044843865812830175,
20710,2010,2,,0.7535527972656952,,,,
20710,2014,1,,0.3193893129770992,,,-0.2446245278533506,
20710,2014,2,,0.44264687994161295,,,-0.3109059173240823,
20710,2018,1,0.2981574539363484,0.4624100896640063,,,0.1430207766869071,
20710,2018,2,0.39993996397838705,0.560236141685011,,,0.11758926174339807,
20750,2002,1,0.44337979094076657,0.4367015098722416,,,,
20750,2006,1,0.08530910702415245,0.8007976955461998,,-0.3580706839166141,0.36409618567395824,
20750,2010,1,0.1553875236294896,0.629867674858223,,0.07007841660533715,-0.1709300206879768,
20750,2010,2,,0.8066515182813468,,,,
20750,2014,1,,0.3073434125269978,,,-0.3225242623312252,
20750,2014,2,,0.38933933933933934,,,-0.4173121789420075,
20750,2018,1,0.27497300215982723,0.4527537796976242,,,0.1454103671706264,
20750,2018,2,0.35866141732283463,0.6119422572178478,,,0.22260291787850844,
20770,2002,1,0.14727011494252873,0.6812739463601533,,,,
20770,2006,1,0.13075396825396826,0.7660714285714286,,-0.016516146688560468,0.08479748221127537,
20770,2010,1,0.14814162409723444,0.6464682050378722,,0.01738765584326618,-0.11960322353355646,
20770,2010,2,,0.8478021978021978,,,,
20770,2014,1,,0.30718288334182375,,,-0.3392853216960484,
20770,2014,2,,0.4414956203425284,,,-0.40630657745966936,
20770,2018,1,0.2516950893774399,0.5204438052188206,,,0.21326092187699686,
20770,2018,2,0.34167539267015706,0.611413612565445,,,0.1699179922229166,
20787,2002,1,0.5202005308168682,0.3615452668829254,,,,
20787,2006,1,0.2168609379235565,0.6432637571157496,,-0.3033395928933117,0.2817184902328242,
20787,2010,1,0.2564169722367732,0.5288108957569408,,0.039556034313216665,-0.11445286135880872,
20787,2010,2,,0.7914719626168224,,,,
20787,2014,1,,0.19520174482006544,,,-0.3336091509368754,
20787,2014,2,,0.2176994734710409,,,-0.5737724891457815,
20787,2018,1,0.3968082812163036,0.3761052404571921,,,0.18090349563712668,
20787,2018,2,0.4460635498886865,0.5375430074883627,,,0.3198435340173218,
23001,2002,1,0.49696173073607997,0.4355283571797966,,,,
23001,2006,1,0.11739587909000827,0.6732998947809298,,-0.3795658516460717,0.23777153760113318,
23001,2010,1,0.24091770082137792,0.43720748498670675,,0.12352182173136965,-0.23609240979422302,
23001,2010,2,,0.7308823529411764,,,,
23001,2014,1,,0.3974923958762059,,,-0.03971508911050087,
23001,2014,2,,0.5099010251222152,,,-0.22098132781896118,
23001,2018,1,0.3735419071240883,0.4622307900100685,,,0.06473839413386262,
23001,2018,2,0.42596837318182373,0.5457942671819944,,,0.035893242059779173,
23068,2002,1,0.6064161129568106,0.3183139534883721,,,,
23068,2006,1,0.06440449870229742,0.7513217341151591,,-0.5420116142545133,0.433007780626787,
23068,2010,1,0.10462639516060322,0.6652466558745846,,0.0402218964583058,-0.08607507824057448,
23068,2010,2,,0.8419691352702819,,,,
23068,2014,1,,0.3330306698950767,,,-0.33221598597950797,
23068,2014,2,,0.39710307186341054,,,-0.4448660634068714,
23068,2018,1,0.329334701286402,0.5514955409991319,,,0.2184648711040552,
23068,2018,2,0.3460437830877093,0.6340678208613536,,,0.23696474899794306,
23079,2002,1,0.5682422754245958,0.34602005320237367,,,,
23079,2006,1,0.09865307608299964,0.36985802693847836,,-0.46958919934159615,0.02383797373610469,
23079,2010,1,0.1210925165772024,0.3359646353015472,,0.022439440494202753,-0.03389339163693117,
23079,2010,2,,0.736183876964678,,,,
23079,2014,1,,0.22070684851151195,,,-0.11525778679003523,
23079,2014,2,,0.205761316872428,,,-0.5304225600922501,
23079,2018,1,0.43341860778241553,0.3399757641039451,,,0.11926891559243313,
23079,2018,2,0.528794503435353,0.442473454091193,,,0.236712137218765,
23090,2002,1,0.6609220163722533,0.26971133132270575,,,,
23090,2006,1,0.07291666666666667,0.5472916666666666,,-0.5880053497055867,0.27758033534396087,
23090,2010,1,0.22423104015027,0.4566799718243719,,0.15131437348360333,-0.0906116948422947,
23090,2010,2,,0.7490617963472604,,,,
23090,2014,1,,0.16221584639152506,,,-0.29446412543284683,
23090,2014,2,,0.22112917023096665,,,-0.5279326261162938,
23090,2018,1,0.5269264069264069,0.37454545454545457,,,0.2123296081539295,
23090,2018,2,0.501391982182628,0.48301781737193766,,,0.26188864714097104,
23162,2002,1,0.5132242334077196,0.4033391189354492,,,,
23162,2006,1,0.17858238723534828,0.5791873054837154,,-0.33464184617237136,0.17584818654826623,
23162,2010,1,0.22188573327916683,0.39945341064371975,,0.04330334604381855,-0.1797338948399957,
23162,2010,2,,0.7076233183856502,,,,
23162,2014,1,,0.3216930326489397,,,-0.07776037799478003,
23162,2014,2,,0.4167091734006282,,,-0.290914144985022,
23162,2018,1,0.46971687662622047,0.3684210526315789,,,0.0467280199826392,
23162,2018,2,0.5203317014686782,0.4549405535018483,,,0.038231380101220125,
23168,2002,1,0.5511680793880505,0.361794500723589,,,,
23168,2006,1,0.16258847320525785,0.5377148634984833,,-0.38857960618279264,0.1759203627748943,
23168,2010,1,0.20224933282500954,0.4304231795653832,,0.03966085961975169,-0.10729168393310012,
23168,2010,2,,0.8281665190434012,,,,
23168,2014,1,,0.20095993322203673,,,-0.22946324634334644,
23168,2014,2,,0.26559446866075453,,,-0.5625720503826467,
23168,2018,1,0.42893530310748856,0.32688062489386993,,,0.1259206916718332,
23168,2018,2,0.47573103755380736,0.5126911088021374,,,0.24709664014138288,
23182,2002,1,0.5851036763770513,0.34607556290548275,,,,
23182,2006,1,0.10579635804052322,0.6433059758912542,,-0.47930731833652807,0.2972304129857714,
23182,2010,1,0.09263182000343505,0.6589568901356845,,-0.01316453803708817,0.015650914244430325,
23182,2010,2,,0.8389977513652426,,,,
23182,2014,1,,0.38416742493175615,,,-0.27478946520392833,
23182,2014,2,,0.4117647058823529,,,-0.42723304548288965,
23182,2018,1,0.28498562552165446,0.5355652415839748,,,0.15139781665221863,
23182,2018,2,0.3279793224406905,0.6519431367118989,,,0.24017843082954593,
23189,2002,1,0.4824264705882353,0.4261029411764706,,,,
23189,2006,1,0.15300663385405522,0.6292888223125758,,-0.32941983673418007,0.2031858811361052,
23189,2010,1,0.34828324787434284,0.4014409034854287,,0.19527661402028762,-0.22784791882714706,
23189,2010,2,,0.724038600028806,,,,
23189,2014,1,,0.30233704068703365,,,-0.09910386279839506,
23189,2014,2,,0.36298642099707307,,,-0.361052179031733,
23189,2018,1,0.5653086938261235,0.2687526249475011,,,-0.03358441573953258,
23189,2018,2,0.6129938832864936,0.3665481897834353,,,0.0035617687863622183,
23300,2002,1,0.34696605185779206,0.5097567495322106,,,,
23300,2006,1,0.07267441860465117,0.4666666666666667,,-0.2742916332531409,-0.043090082865543944,
23300,2010,1,0.16366942816730654,0.3483532026672055,,0.09099500956265537,-0.11831346399946119,
23300,2010,2,,0.8396596858638743,,,,
23300,2014,1,,0.360168776371308,,,0.011815573704102522,
23300,2014,2,,0.44791538556143157,,,-0.3917443003024427,
23300,2018,1,0.41099647381480997,0.36267467676635756,,,0.002505900395049554,
23300,2018,2,0.4692899482910834,0.5136839450119813,,,0.06576855945054977,
23350,2002,1,0.5958624708624709,0.32371794871794873,,,,
23350,2006,1,0.05872059109469181,0.4071553567956446,,-0.537141879767779,0.08343740807769584,
23350,2010,1,0.07823446987389071,0.37038766931340494,,0.019513878779198898,-0.03676768748223963,
23350,2010,2,,0.6677100890922225,,,,
23350,2014,1,,0.16697080291970803,,,-0.2034168663936969,
23350,2014,2,,0.19603267211201866,,,-0.4716774169802038,
23350,2018,1,0.5205151793928243,0.2719411223551058,,,0.10497031943539778,
23350,2018,2,0.5909090909090909,0.3737564322469983,,,0.17772376013497962,
23417,2002,1,0.4421439705823574,0.44642072025260804,,,,
23417,2006,1,0.14503900269738282,0.6084056280527812,,-0.29710496788497454,0.16198490780017316,
23417,2010,1,0.1644361872972888,0.5561923355480681,,0.01939718459990597,-0.05221329250471307,
23417,2010,2,,0.795416608707748,,,,
23417,2014,1,,0.2262341839366447,,,-0.3299581516114234,
23417,2014,2,,0.284572272668028,,,-0.51084433603972,
23417,2018,1,0.43448291602948896,0.28964006116905944,,,0.06340587723241473,
23417,2018,2,0.4927850906952549,0.48991269733568554,,,0.20534042466765756,
23419,2002,1,0.7120211360634082,0.22694848084544253,,,,
23419,2006,1,0.0638961038961039,0.5872727272727273,,-0.6481250321673043,0.3603242464272848,
23419,2010,1,0.08926759991884764,0.5114627713532157,,0.025371496022743745,-0.07580995591951156,
23419,2010,2,,0.8435790855392693,,,,
23419,2014,1,,0.2402482269503546,,,-0.2712145444028611,
23419,2014,2,,0.29966534834195313,,,-0.5439137371973162,
23419,2018,1,0.3063364230360128,0.38018538216076586,,,0.13993715521041125,
23419,2018,2,0.3914818342631651,0.5889236630834127,,,0.2892583147414596,
23464,2002,1,0.5187234042553192,0.3974468085106383,,,,
23464,2006,1,0.10557986870897156,0.5665572574762947,,-0.4131435355463476,0.1691104489656564,
23464,2010,1,0.12393026941362915,0.5595879556259905,,0.0183504007046576,-0.006969301850304199,
23464,2010,2,,0.8338044092707745,,,,
23464,2014,1,,0.28907124207385304,,,-0.27051671355213747,
23464,2014,2,,0.31239600665557404,,,-0.5214084026152004,
23464,2018,1,0.36115145913112373,0.36194374752409875,,,0.0728725054502457,
23464,2018,2,0.434247993787212,0.5506083354905514,,,0.2382123288349774,
23466,2002,1,0.5261890780974751,0.355079271873165,,,,
23466,2006,1,0.18710033076074972,0.442502756339581,,-0.33908874733672534,0.08742348446641601,
23466,2010,1,0.2168128363563883,0.3431333466214869,,0.029712505595638566,-0.0993694097180941,
23466,2010,2,,0.6042374251981238,,,,
23466,2014,1,,0.1574170837687696,,,-0.18571626285271733,
23466,2014,2,,0.17625804509014265,,,-0.4279793801079812,
23466,2018,1,0.6084075377925037,0.1957617174018085,,,0.038344633633038916,
23466,2018,2,0.6789757228587016,0.29343971631205673,,,0.11718167122191409,
23500,2002,1,0.6451936584386916,0.2837648003210917,,,,
23500,2006,1,0.13553510196715393,0.6830896950009023,,-0.5096585564715377,0.39932489467981064,
23500,2010,1,0.058241605127490596,0.6045701546607217,,-0.07729349683966333,-0.0785195403401806,
23500,2010,2,,0.893352462936394,,,,
23500,2014,1,,0.34182220816197406,,,-0.26274794649874766,
23500,2014,2,,0.3535777385159011,,,-0.5397747244204929,
23500,2018,1,0.38669040120498427,0.3877858414350267,,,0.04596363327305264,
23500,2018,2,0.45950920245398774,0.5211042944785276,,,0.1675265559626265,
23555,2002,1,0.5315893108298172,0.39786216596343177,,,,
23555,2006,1,0.10521124445175078,0.5535097813578826,,-0.4263780663780664,0.15564761539445088,
23555,2010,1,0.23272764083615935,0.3834084122083312,,0.12751639638440856,-0.17010136914955143,
23555,2010,2,,0.7316132858837485,,,,
23555,2014,1,,0.16664372562514337,,,-0.21676468658318784,
23555,2014,2,,0.2766292652935752,,,-0.45498402059017334,
23555,2018,1,0.4271420403495875,0.36947643551417136,,,0.202832709889028,
23555,2018,2,0.49840908198138034,0.4730722394626232,,,0.19644297416904805,
23570,2002,1,0.5766829533116178,0.36794245385450597,,,,
23570,2006,1,0.0648477157360406,0.49796954314720815,,-0.5118352375755771,0.13002708929270218,
23570,2010,1,0.05492060281177304,0.5042985738848994,,-0.009927112924267567,0.006329030737691255,
23570,2010,2,,0.8104806484758534,,,,
23570,2014,1,,0.20302929056687827,,,-0.30126928331802116,
23570,2014,2,,0.25582964684711706,,,-0.5546510016287364,
23570,2018,1,0.3471150620597115,0.42150285139215027,,,0.218473560825272,
23570,2018,2,0.4321037048891734,0.5477314555493319,,,0.2919018087022148,
23574,2002,1,0.6384571099597006,0.3107369027058146,,,,
23574,2006,1,0.05563618771165941,0.5295920012901145,,-0.5828209222480412,0.2188550985842999,
23574,2010,1,0.060574018126888216,0.5055891238670694,,0.004937830415228807,-0.024002877423045077,
23574,2010,2,,0.881704005431093,,,,
23574,2014,1,,0.27099896301417215,,,-0.2345901608528973,
23574,2014,2,,0.29649595687331537,,,-0.5852080485577775,
23574,2018,1,0.42202715676861885,0.4399945137841174,,,0.16899555076994527,
23574,2018,2,0.4615654615654616,0.5245115245115245,,,0.22801556763820913,
23580,2002,1,0.6904957997035085,0.23571075605336847,,,,
23580,2006,1,0.1634296541923259,0.3077530396336649,,-0.5270661455111826,0.07204228358029643,
23580,2010,1,0.11719860447086188,0.2668303398371883,,-0.04623104972146404,-0.040922699796476614,
23580,2010,2,,0.5638031693077564,,,,
23580,2014,1,,0.11118840579710144,,,-0.15564193404008686,
23580,2014,2,,0.12094557449147883,,,-0.4428575948162776,
23580,2018,1,0.6137751363673369,0.18440120491736547,,,0.07321279912026403,
23580,2018,2,0.7086956521739131,0.2578184591914569,,,0.13687288469997808,
23586,2002,1,0.3500118567702158,0.5015413801280532,,,,
23586,2006,1,0.1442995372318048,0.6459823306689104,,-0.205712319538411,0.14444095054085726,
23586,2010,1,0.0748074807480748,0.6422808947561423,,-0.06949205648373,-0.0037014359127681695,
23586,2010,2,,0.862136966654715,,,,
23586,2014,1,,0.21741511500547644,,,-0.4248657797506658,
23586,2014,2,,0.34271545369253453,,,-0.5194215129621804,
23586,2018,1,0.3063385765457094,0.37346207755801275,,,0.1560469625525363,
23586,2018,2,0.346012443438914,0.6346153846153846,,,0.29189993092285005,
23660,2002,1,0.5718672694702721,0.3228269214364924,,,,
23660,2006,1,0.18459110106224136,0.5688323876967706,,-0.38727616840803075,0.2460054662602782,
23660,2010,1,0.10963789319678127,0.5704096561814191,,-0.07495320786546009,0.001577268484648564,
23660,2010,2,,0.7551067551067551,,,,
23660,2014,1,,0.18828384434342457,,,-0.38212581183799454,
23660,2014,2,,0.22466616156833033,,,-0.5304405935384248,
23660,2018,1,0.44307149161518095,0.3705459588954735,,,0.1822621145520489,
23660,2018,2,0.5016582729394423,0.4780002456700651,,,0.25333408410173475,
23670,2002,1,0.7086092715231788,0.23956233803627988,,,,
23670,2006,1,0.16381260096930533,0.45096930533117935,,-0.5447966705538734,0.21140696729489947,
23670,2010,1,0.06764498155850271,0.45868319861884954,,-0.09616761941080262,0.007713893287670193,
23670,2010,2,,0.7904016692749087,,,,
23670,2014,1,,0.1101043382756727,,,-0.34857886034317687,
23670,2014,2,,0.19963163210742083,,,-0.5907700371674879,
23670,2018,1,0.3789177894660999,0.27501981410764464,,,0.16491547583197194,
23670,2018,2,0.4904145936981758,0.4906799336650083,,,0.29104830155758743,
23672,2002,1,0.5311038353601497,0.41136576239476147,,,,
23672,2006,1,0.12636165577342048,0.42592592592592593,,-0.4047421795867292,0.01456016353116446,
23672,2010,1,0.10545846301173091,0.5746947570026335,,-0.020903192761689574,0.14876883107670758,
23672,2010,2,,0.8581904051702709,,,,
23672,2014,1,,0.2548618219037871,,,-0.3198329350988464,
23672,2014,2,,0.2937945240751867,,,-0.5643958810950842,
23672,2018,1,0.3504620026400151,0.47925702432585326,,,0.22439520242206618,
23672,2018,2,0.4339542036910458,0.5469924812030075,,,0.2531979571278208,
23675,2002,1,0.6964147536755223,0.23020376579829765,,,,
23675,2006,1,0.11613876319758673,0.4734791352438411,,-0.5802759904779355,0.24327536944554345,
23675,2010,1,0.13403129314312012,0.5477450529222273,,0.017892529945533392,0.0742659176783862,
23675,2010,2,,0.8090401218892839,,,,
23675,2014,1,,0.2205245428296439,,,-0.3272205100925834,
23675,2014,2,,0.27946839839915427,,,-0.5295717234901296,
23675,2018,1,0.5296131778641495,0.19563205626503793,,,-0.024892486564605965,
23675,2018,2,0.6437633035334185,0.3369944657300979,,,0.05752606733094362,
23678,2002,1,0.4531299650460756,0.4815697489672704,,,,
23678,2006,1,0.13486678801919577,0.539632632798279,,-0.31826317702687984,0.058062883831008605,
23678,2010,1,0.15130260521042085,0.5136940547762191,,0.016435817191225083,-0.0259385780220599,
23678,2010,2,,0.787012052527433,,,,
23678,2014,1,,0.35084033613445376,,,-0.16285371864176534,
23678,2014,2,,0.41572629051620646,,,-0.37128576201122654,
23678,2018,1,0.35635964912280704,0.4651559454191033,,,0.11431560928464957,
23678,2018,2,0.4089657451261152,0.5710981385615156,,,0.15537184804530912,
23682,2010,1,0.08777686628383921,0.3806398687448728,,,,
23682,2010,2,,0.622847543049139,,,,
23682,2014,1,,0.1086341118188252,,,-0.2720057569260476,
23682,2014,2,,0.12803129074315514,,,-0.4948162523059839,
23682,2018,1,0.5712538226299694,0.20581039755351682,,,0.09717628573469163,
23682,2018,2,0.6892748828232699,0.2872897711607389,,,0.15925848041758375,
23686,2002,1,0.6181249523228316,0.33435044625829585,,,,
23686,2006,1,0.10284874704105787,0.45808505428128315,,-0.5152762052817738,0.1237346080229873,
23686,2010,1,0.1664436924529787,0.4224443220272291,,0.06359494541192082,-0.035640732254054064,
23686,2010,2,,0.7664384126722218,,,,
23686,2014,1,,0.2431181485992692,,,-0.1793261734279599,
23686,2014,2,,0.33589757383398783,,,-0.43054083883823396,
23686,2018,1,0.4550461873888347,0.3759825578059556,,,0.13286440920668638,
23686,2018,2,0.5,0.4847291172026765,,,0.14883154336868865,
23807,2002,1,0.4401449614215572,0.45265372924947395,,,,
23807,2006,1,0.09866232090717729,0.5052624431316629,,-0.3414826405143799,0.05260871388218896,
23807,2010,1,0.058640150497178176,0.5195915076592313,,-0.040022170409999114,0.014329064527568436,
23807,2010,2,,0.7884468664850136,,,,
23807,2014,1,,0.230748150178131,,,-0.28884335748110035,
23807,2014,2,,0.26215347529128163,,,-0.526293391193732,
23807,2018,1,0.4219633943427621,0.4323211314475874,,,0.20157298126945639,
23807,2018,2,0.47208140748471744,0.5011927836588639,,,0.23903930836758225,
23815,2010,1,0.07164840576141819,0.6277237473839714,,,,
23815,2010,2,,0.7720237234196442,,,,
23815,2014,1,,0.3070877601513608,,,-0.3206359872326106,
23815,2014,2,,0.320069068361981,,,-0.4519546550576632,
23815,2018,1,0.2959740860712633,0.3497454881999075,,,0.04265772804854667,
23815,2018,2,0.42147576215872007,0.5598185146859826,,,0.23974944632400164,
23855,2002,1,0.278235100428054,0.6608495225551531,,,,
23855,2006,1,0.04067651466495397,0.6123956326268465,,-0.23755858576310002,-0.04845388992830657,
23855,2010,1,0.028553628906655592,0.5695151074654761,,-0.012122885758298379,-0.04288052516137042,
23855,2010,2,,0.8197704477303278,,,,
23855,2014,1,,0.2238916516770712,,,-0.34562345578840487,
23855,2014,2,,0.29713648196355524,,,-0.5226339657667726,
23855,2018,1,0.29624613003095973,0.4385642414860681,,,0.2146725898089969,
23855,2018,2,0.3812823509767908,0.5948405409918184,,,0.29770405902826313,
25001,2002,1,0.44711842938568713,0.37069875448596157,,,,
25001,2006,1,0.22973849146315106,0.5424681218932353,,-0.21737993792253607,0.17176936740727378,
25001,2010,1,0.05741216795201371,0.40531276778063413,,-0.17232632351113736,-0.1371553541126012,
25001,2010,2,,0.6547566856641823,,,,
25001,2014,1,,0.228307414919991,,,-0.17700535286064314,
25001,2014,2,,0.37114791987673346,,,-0.28360876578744887,
25001,2018,1,0.1964994586791772,0.33706243233489713,,,0.10875501741490615,
25001,2018,2,0.3910552578081685,0.5450009240436149,,,0.17385300416688143,
25019,2002,1,0.16484848484848486,0.6036363636363636,,,,
25019,2006,1,0.1261904761904762,0.7861904761904762,,-0.03865800865800867,0.18255411255411258,
25019,2010,1,0.029306930693069305,0.72,,-0.09688354549740688,-0.06619047619047624,
25019,2010,2,,0.8609271523178808,,,,
25019,2014,1,,0.396,,,-0.32399999999999995,
25019,2014,2,,0.6600806451612903,,,-0.20084650715659047,
25019,2018,1,0.10373159876754535,0.5522081478945566,,,0.15620814789455661,
25019,2018,2,0.21771978021978022,0.7259615384615384,,,0.06588089330024816,
25035,2002,1,0.43502977801840825,0.44206821873308066,,,,
25035,2006,1,0.08625571770856022,0.8318449139620998,,-0.34877406030984803,0.38977669522901914,
25035,2010,1,0.021450459652706845,0.795880149812734,,-0.06480525805585338,-0.03596476414936578,
25035,2010,2,,0.8830553116769095,,,,
25035,2014,1,,0.5020730503455084,,,-0.2938070994672256,
25035,2014,2,,0.612106135986733,,,-0.2709491756901765,
25035,2018,1,0.10373895309313393,0.6005438477226377,,,0.09847079737712927,
25035,2018,2,0.20788432683126448,0.7570590642477152,,,0.14495292826098216,
25040,2002,1,0.4836488812392427,0.36790017211703957,,,,
25040,2006,1,0.13436853002070392,0.7389233954451345,,-0.3492803512185388,0.37102322332809495,
25040,2010,1,0.03066288550159518,0.7009925558312655,,-0.10370564451910874,-0.037930839613869005,
25040,2010,2,,0.838000777907429,,,,
25040,2014,1,,0.48310738110609,,,-0.21788517472517555,
25040,2014,2,,0.6073861599139476,,,-0.23061461799348137,
25040,2018,1,0.12050578915295551,0.5420475319926874,,,0.05894015088659743,
25040,2018,2,0.23233421338717192,0.7206087901848113,,,0.11322263027086366,
25053,2002,1,0.09547383309759547,0.7178217821782178,,,,
25053,2006,1,0.11878216123499143,0.8171097770154374,,0.02330832813739596,0.09928799483721962,
25053,2010,1,0.03633004926108374,0.6775451559934319,,-0.08245211197390769,-0.1395646210220055,
25053,2010,2,,0.83099209833187,,,,
25053,2014,1,,0.41028624621829185,,,-0.26725890977514005,
25053,2014,2,,0.6945720250521921,,,-0.13642007327967798,
25053,2018,1,0.12172088142707241,0.5647079398391046,,,0.15442169362081276,
25053,2018,2,0.23730588030012215,0.7098237654859536,,,0.01525174043376154,
25086,2002,1,0.8278529980657641,0.061895551257253385,,,,
25086,2006,1,0.07703281027104136,0.6833095577746077,,-0.7508201877947227,0.6214140065173542,
25086,2010,1,0.028692879914984058,0.7353878852284803,,-0.048339930356057305,0.05207832745387264,
25086,2010,2,,0.9047619047619048,,,,
25086,2014,1,,0.4109042553191489,,,-0.3244836299093314,
25086,2014,2,,0.48665955176093917,,,-0.4181023530009656,
25086,2018,1,0.1503690036900369,0.5378228782287823,,,0.12691862290963335,
25086,2018,2,0.21703296703296704,0.7564102564102564,,,0.2697507046493172,
25095,2002,1,0.2582897033158813,0.4607329842931937,,,,
25095,2006,1,0.07850834151128558,0.830225711481845,,-0.17978136180459572,0.3694927271886513,
25095,2010,1,0.014646053702196907,0.7770545158665582,,-0.06386228780908867,-0.053171195615286826,
25095,2010,2,,0.8951747088186356,,,,
25095,2014,1,,0.4821826280623608,,,-0.2948718878041974,
25095,2014,2,,0.6048,,,-0.2903747088186356,
25095,2018,1,0.1003921568627451,0.5231372549019608,,,0.04095462683960005,
25095,2018,2,0.20892193308550186,0.7524163568773234,,,0.14761635687732344,
25099,2002,1,0.24803459119496854,0.529874213836478,,,,
25099,2006,1,0.19066011235955055,0.6787219101123596,,-0.05737447883541799,0.14884769627588157,
25099,2010,1,0.03929384965831435,0.47522779043280183,,-0.1513662627012362,-0.20349411967955777,
25099,2010,2,,0.7771560236998025,,,,
25099,2014,1,,0.2649342891278375,,,-0.21029350130496433,
25099,2014,2,,0.468185607113087,,,-0.30897041658671553,
25099,2018,1,0.1436451897616946,0.3175198587819947,,,0.05258556965415717,
25099,2018,2,0.3420269961107298,0.5687485701212537,,,0.1005629630081667,
25120,2002,1,0.3851044504995459,0.13533151680290645,,,,
25120,2006,1,0.4849206349206349,0.43492063492063493,,0.09981618442108903,0.2995891181177285,
25120,2010,1,0.3301104972375691,0.4233425414364641,,-0.15481013768306584,-0.011578093484170826,
25120,2010,2,,0.7090367428003972,,,,
25120,2014,1,,0.21075085324232082,,,-0.21259168819414329,
25120,2014,2,,0.3118279569892473,,,-0.3972087858111499,
25120,2018,1,0.5834701696770662,0.26053639846743293,,,0.04978554522511211,
25120,2018,2,0.6376582278481012,0.3391350210970464,,,0.027307064107799095,
25123,2002,1,0.48183041722745623,0.3746971736204576,,,,
25123,2006,1,0.10987012987012987,0.7350649350649351,,-0.37196028735732634,0.36036776144447746,
25123,2010,1,0.0315031503150315,0.6586408640864087,,-0.07836697955509836,-0.07642407097852644,
25123,2010,2,,0.80581800099453,,,,
25123,2014,1,,0.3547643442622951,,,-0.30387651982411357,
25123,2014,2,,0.48707274320771254,,,-0.3187452577868175,
25123,2018,1,0.13848720800889877,0.4560622914349277,,,0.10129794717263263,
25123,2018,2,0.2843583902809415,0.6634396355353075,,,0.17636689232759495,
25126,2002,1,0.16915156782777294,0.6367587082971184,,,,
25126,2006,1,0.18696376766866243,0.7103265230541325,,0.017812199840889498,0.07356781475701402,
25126,2010,1,0.05989378442171518,0.4452202989771833,,-0.12706998324694724,-0.26510622407694917,
25126,2010,2,,0.6658947868424178,,,,
25126,2014,1,,0.20174238970774452,,,-0.24347790926943877,
25126,2014,2,,0.4445046821094135,,,-0.22139010473300424,
25126,2018,1,0.16212322056365627,0.3260330816667627,,,0.12429069195901818,
25126,2018,2,0.4104522492181862,0.5054726966562425,,,0.060968014546828986,
25148,2002,1,0.22962747380675202,0.4912689173457509,,,,
25148,2006,1,0.04757328207592504,0.8522345026429601,,-0.182054191730827,0.3609655852972092,
25148,2010,1,0.01358755204909051,0.8150339688801227,,-0.033985730026834526,-0.037200533762837384,
25148,2010,2,,0.9192506459948321,,,,
25148,2014,1,,0.5537283810603912,,,-0.26130558781973146,
25148,2014,2,,0.6840458811261731,,,-0.23520476486865893,
25148,2018,1,0.06859635210150675,0.7036082474226805,,,0.14987986636228923,
25148,2018,2,0.11223155929038282,0.8569561157796451,,,0.172910234653472,
25151,2002,1,0.07288037166085946,0.7399825783972126,,,,
25151,2006,1,0.16509298998569386,0.7819742489270386,,0.09221261832483439,0.041991670529826,
25151,2010,1,0.03624546931633546,0.6782902137232846,,-0.1288475206693584,-0.10368403520375402,
25151,2010,2,,0.8348078700647036,,,,
25151,2014,1,,0.410727969348659,,,-0.26756224437462556,
25151,2014,2,,0.6824827219564061,,,-0.15232514810829745,
25151,2018,1,0.17797565374211,0.5128494138863842,,,0.10212144453772515,
25151,2018,2,0.29905355493998154,0.6499307479224377,,,-0.03255197403396848,
25154,2002,1,0.14735736786839343,0.6867343367168358,,,,
25154,2006,1,0.12001644060830251,0.7591450883682697,,-0.027340927260090922,0.07241075165143385,
25154,2010,1,0.031196434693177923,0.5817620843332191,,-0.08882000591512458,-0.17738300403505058,
25154,2010,2,,0.8343384178786803,,,,
25154,2014,1,,0.21487946799667498,,,-0.36688261633654407,
25154,2014,2,,0.7160186625194401,,,-0.11831975535924022,
25154,2018,1,0.10022631749110895,0.5098609763983187,,,0.2949815084016437,
25154,2018,2,0.20509153318077802,0.7419908466819222,,,0.025972184162482037,
25168,2002,1,0.48279252704031467,0.28023598820059,,,,
25168,2006,1,0.052429667519181586,0.8478260869565217,,-0.43036285952113307,0.5675900987559317,
25168,2010,1,0.030283505154639175,0.7603092783505154,,-0.02214616236454241,-0.0875168086060063,
25168,2010,2,,0.875,,,,
25168,2014,1,,0.5439560439560439,,,-0.21635323439447152,
25168,2014,2,,0.6710369487485102,,,-0.20396305125148984,
25168,2018,1,0.0895922746781116,0.6233905579399142,,,0.07943451398387025,
25168,2018,2,0.16,0.8136708860759494,,,0.14263393732743923,
25175,2002,1,0.16170198697391477,0.648593248917248,,,,
25175,2006,1,0.17109454917433875,0.7146280870963028,,0.009392562200423976,0.06603483817905476,
25175,2010,1,0.04783221232503181,0.41451554262861295,,-0.12326233684930693,-0.3001125444676898,
25175,2010,2,,0.6255133130215923,,,,
25175,2014,1,,0.21467964866889086,,,-0.1998358939597221,
25175,2014,2,,0.4556398271452509,,,-0.16987348587634138,
25175,2018,1,0.13654962842615156,0.35276950386617323,,,0.13808985519728237,
25175,2018,2,0.37105599268358064,0.543543732950693,,,0.0879039058054421,
25178,2002,1,0.2638270820089002,0.5842339478703115,,,,
25178,2006,1,0.13398294762484775,0.7661388550548112,,-0.12984413438405246,0.1819049071844997,
25178,2010,1,0.029557873820168903,0.7709885742672627,,-0.10442507380467884,0.0048497192124515864,
25178,2010,2,,0.8731819341668793,,,,
25178,2014,1,,0.5502074688796681,,,-0.22078110538759466,
25178,2014,2,,0.7501204819277109,,,-0.12306145223916842,
25178,2018,1,0.1810200668896321,0.542433110367893,,,-0.0077743585117751035,
25178,2018,2,0.27770986145069276,0.6831703341483293,,,-0.06695014777938157,
25181,2002,1,0.06844254326268714,0.737507291464126,,,,
25181,2006,1,0.10776853654220492,0.8248097681826225,,0.039325993279517774,0.08730247671849656,
25181,2010,1,0.02912770197761766,0.711022535643109,,-0.07864083456458726,-0.1137872325395135,
25181,2010,2,,0.8359162805559993,,,,
25181,2014,1,,0.47716535433070867,,,-0.23385718131240035,
25181,2014,2,,0.7243058938139308,,,-0.11161038674206847,
25181,2018,1,0.09987375508486464,0.5810071538785243,,,0.10384179954781564,
25181,2018,2,0.2072072072072072,0.7440622440622441,,,0.019756350248313237,
25183,2002,1,0.27415966386554624,0.5840336134453782,,,,
25183,2006,1,0.12027384471759764,0.7446709195581142,,-0.1538858191479486,0.16063730611273597,
25183,2010,1,0.03420689655172414,0.6096551724137931,,-0.0860669481658735,-0.13501574714432107,
25183,2010,2,,0.8248887613032869,,,,
25183,2014,1,,0.2489705882352941,,,-0.36068458417849897,
25183,2014,2,,0.6260659284714267,,,-0.1988228328318602,
25183,2018,1,0.11236331176076769,0.47623298370899353,,,0.22726239547369942,
25183,2018,2,0.2637544014084507,0.667143485915493,,,0.04107755744406627,
25200,2002,1,0.10675009480470231,0.6480849450132726,,,,
25200,2006,1,0.20356145251396648,0.7112430167597765,,0.09681135770926418,0.0631580717465039,
25200,2010,1,0.07183056872037914,0.4543838862559242,,-0.13173088379358733,-0.25685913050385234,
25200,2010,2,,0.7219044414535666,,,,
25200,2014,1,,0.18404209927464088,,,-0.2703417869812833,
25200,2014,2,,0.4935117599351176,,,-0.228392681518449,
25200,2018,1,0.2306368330464716,0.3351220006074719,,,0.151079901332831,
25200,2018,2,0.44818785094435937,0.47708014293006634,,,-0.016431617005051247,
25214,2002,1,0.24488024991322457,0.5760152724748351,,,,
25214,2006,1,0.18654708520179372,0.6756352765321375,,-0.05833316471143085,0.09962000405730242,
25214,2010,1,0.04275418776782236,0.4792559407869108,,-0.14379289743397136,-0.1963793357452267,
25214,2010,2,,0.6644506648005598,,,,
25214,2014,1,,0.2548945427031117,,,-0.22436139808379912,
25214,2014,2,,0.4898447893569845,,,-0.1746058754435753,
25214,2018,1,0.15887738615283345,0.3775357548919873,,,0.12264121218887564,
25214,2018,2,0.36213246769461266,0.5668893189337662,,,0.07704452957678165,
25224,2002,1,0.206198347107438,0.5950413223140496,,,,
25224,2006,1,0.09312549960031974,0.768185451638689,,-0.11307284750711827,0.1731441293246394,
25224,2010,1,0.019000703729767768,0.5661505981703026,,-0.07412479587055197,-0.20203485346838645,
25224,2010,2,,0.8267511177347243,,,,
25224,2014,1,,0.16417910447761194,,,-0.4019714936926906,
25224,2014,2,,0.6640055536272128,,,-0.1627455641075115,
25224,2018,1,0.08246731478377473,0.5477707006369427,,,0.3835915961593307,
25224,2018,2,0.19554373129364816,0.730961090788161,,,0.06695553716094815,
25245,2002,1,0.3693540928009866,0.41652535840912597,,,,
25245,2006,1,0.15071580063626724,0.758881230116649,,-0.21863829216471933,0.342355871707523,
25245,2010,1,0.037520938023450585,0.7099944165270798,,-0.11319486261281667,-0.048886813589569145,
25245,2010,2,,0.8348461629140634,,,,
25245,2014,1,,0.42654382470119523,,,-0.2834505918258846,
25245,2014,2,,0.5577643630308077,,,-0.27708179988325576,
25245,2018,1,0.17255684084563222,0.4546469884323893,,,0.028103163731194092,
25245,2018,2,0.305379489679831,0.6552901023890785,,,0.0975257393582708,
25258,2002,1,0.1597542242703533,0.5407066052227343,,,,
25258,2006,1,0.02231121281464531,0.9216247139588101,,-0.13744301145570798,0.3809181087360758,
25258,2010,1,0.014471057884231538,0.8662674650698603,,-0.007840154930413772,-0.05535724888894977,
25258,2010,2,,0.9322453016815034,,,,
25258,2014,1,,0.7341692789968652,,,-0.13209818607299506,
25258,2014,2,,0.7988533205924511,,,-0.13339198108905237,
25258,2018,1,0.05461811722912966,0.7397868561278863,,,0.005617577131021068,
25258,2018,2,0.08868894601542417,0.8877463581833762,,,0.08889303759092515,
25260,2002,1,0.2537810042347247,0.5946763460375075,,,,
25260,2006,1,0.06684672518568535,0.8437992347512941,,-0.18693427904903936,0.24912288871378663,
25260,2010,1,0.02262864228146311,0.7357408555486671,,-0.044218082904222245,-0.10805837920262706,
25260,2010,2,,0.8786928536062056,,,,
25260,2014,1,,0.43176972281449894,,,-0.30397113273416815,
25260,2014,2,,0.6652123995407577,,,-0.2134804540654479,
25260,2018,1,0.10486169321039396,0.5046940486169321,,,0.07292432580243319,
25260,2018,2,0.23520898952924152,0.6812803268919724,,,0.01606792735121465,
25269,2002,1,0.2054606285099773,0.5480344127135859,,,,
25269,2006,1,0.22135560282570446,0.661493211481394,,0.015894974315727173,0.11345879876780807,
25269,2010,1,0.05877118472677264,0.5059054321886503,,-0.16258441809893182,-0.1555877792927437,
25269,2010,2,,0.695276510897715,,,,
25269,2014,1,,0.24638655462184875,,,-0.2595188775668015,
25269,2014,2,,0.5060580503157591,,,-0.1892184605819559,
25269,2018,1,0.20897622285794681,0.32350044552830276,,,0.07711389090645401,
25269,2018,2,0.42633910592025775,0.4805477245267821,,,-0.025510325788976995,
25279,2002,1,0.06215369790411949,0.745603469043604,,,,
25279,2006,1,0.09880823401950163,0.8556879739978331,,0.03665453611538214,0.11008450495422917,
25279,2010,1,0.021859819569743234,0.8017002081887578,,-0.07694841444975839,-0.05398776580907538,
25279,2010,2,,0.8881368008550053,,,,
25279,2014,1,,0.6321343958647426,,,-0.16956581232401513,
25279,2014,2,,0.7657721698951484,,,-0.12236463095985695,
25279,2018,1,0.08835477318889641,0.6582599864590386,,,0.026125590594295978,
25279,2018,2,0.16220653423083237,0.801510425217534,,,0.035738255322385615,
25281,2002,1,0.1298811544991511,0.7262308998302207,,,,
25281,2006,1,0.0768012668250198,0.8879651623119557,,-0.05307988767413131,0.16173426248173495,
25281,2010,1,0.023223570190641248,0.8551126516464471,,-0.053577696634378544,-0.03285251066550854,
25281,2010,2,,0.9218804009678534,,,,
25281,2014,1,,0.6320671378091873,,,-0.2230455138372598,
25281,2014,2,,0.8306288032454361,,,-0.09125159772241731,
25281,2018,1,0.09872922776148582,0.7285760834147931,,,0.09650894560560574,
25281,2018,2,0.14407313997477933,0.8332282471626734,,,0.0025994439172373207,
25286,2002,1,0.26329744061468535,0.5134462420864672,,,,
25286,2006,1,0.21167037001255917,0.6536083470196117,,-0.05162707060212618,0.14016210493314452,
25286,2010,1,0.05641995574905431,0.49589608165013205,,-0.15525041426350486,-0.15771226536947963,
25286,2010,2,,0.709394970536974,,,,
25286,2014,1,,0.22973651191969888,,,-0.2661595697304332,
25286,2014,2,,0.4356137420971013,,,-0.2737812284398727,
25286,2018,1,0.21755944159955803,0.27422816225060026,,,0.04449165033090138,
25286,2018,2,0.4749235272111089,0.44248586078651436,,,0.006872118689413065,
25288,2002,1,0.5988571428571429,0.2885714285714286,,,,
25288,2006,1,0.12861356932153392,0.5752212389380531,,-0.47024357353560897,0.2866498103666245,
25288,2010,1,0.041990668740279936,0.48263348885432866,,-0.08662290058125399,-0.09258775008372444,
25288,2010,2,,0.7452229299363057,,,,
25288,2014,1,,0.2130841121495327,,,-0.26954937670479595,
25288,2014,2,,0.49080973671137607,,,-0.2544131932249296,
25288,2018,1,0.2306684141546527,0.34775010921799915,,,0.13466599706846644,
25288,2018,2,0.4146765089014329,0.5271385149804603,,,0.036328778269084205,
25290,2002,1,0.31531783814057684,0.451725318149289,,,,
25290,2006,1,0.18689196108550948,0.6889535667124801,,-0.12842587705506736,0.23722824856319108,
25290,2010,1,0.05955813756254771,0.6066067339496226,,-0.12733382352296177,-0.08234683276285748,
25290,2010,2,,0.7483498349834984,,,,
25290,2014,1,,0.3824439546739687,,,-0.22416277927565392,
25290,2014,2,,0.5730793317306722,,,-0.17527050325282623,
25290,2018,1,0.18681353166384235,0.45771355049268814,,,0.07526959581871945,
25290,2018,2,0.3358038406602127,0.6052213934296143,,,0.03214206169894218,
25293,2002,1,0.4681372549019608,0.3341503267973856,,,,
25293,2006,1,0.0611646418098031,0.8361960620025136,,-0.4069726130921577,0.502045735205128,
25293,2010,1,0.022203602848764138,0.7343946376204441,,-0.03896103896103896,-0.10180142438206952,
25293,2010,2,,0.8661821291150064,,,,
25293,2014,1,,0.4732662784542086,,,-0.2611283591662355,
25293,2014,2,,0.5188067444876784,,,-0.347375384627328,
25293,2018,1,0.16721311475409836,0.559016393442623,,,0.0857501149884144,
25293,2018,2,0.23676767676767677,0.7248484848484849,,,0.20604174036080647,
25295,2002,1,0.16760475297060662,0.5813008130081301,,,,
25295,2006,1,0.2390005431830527,0.6398696360673547,,0.07139579021244608,0.05856882305922462,
25295,2010,1,0.052333484367920256,0.4426823742637064,,-0.18666705881513243,-0.19718726180364832,
25295,2010,2,,0.7161984772906275,,,,
25295,2014,1,,0.21070433744528452,,,-0.23197803681842186,
25295,2014,2,,0.36521576685970486,,,-0.3509827104309226,
25295,2018,1,0.21385041551246536,0.2909972299168975,,,0.080292892471613,
25295,2018,2,0.4572039942938659,0.4405135520684736,,,0.07529778520876873,
25297,2002,1,0.14096916299559473,0.7078956286004744,,,,
25297,2006,1,0.07624076029567053,0.8631467793030623,,-0.06472840269992419,0.15525115070258788,
25297,2010,1,0.023255813953488372,0.7974296205630355,,-0.05298494634218216,-0.06571715874002682,
25297,2010,2,,0.8882599580712788,,,,
25297,2014,1,,0.5717244950802693,,,-0.2257051254827661,
25297,2014,2,,0.6853146853146853,,,-0.20294527275659346,
25297,2018,1,0.09963768115942029,0.6531803542673108,,,0.08145585918704146,
25297,2018,2,0.1861916264090177,0.7669082125603864,,,0.08159352724570113,
25299,2002,1,0.03594771241830065,0.7607843137254902,,,,
25299,2006,1,0.038817005545286505,0.8971041281577325,,0.0028692931269858543,0.1363198144322424,
25299,2010,1,0.015743073047858942,0.827455919395466,,-0.023073932497427563,-0.06964820876226652,
25299,2010,2,,0.9052835051546392,,,,
25299,2014,1,,0.5158478605388273,,,-0.3116080588566388,
25299,2014,2,,0.6624161073825503,,,-0.24286739777208888,
25299,2018,1,0.07781649245063879,0.6562137049941928,,,0.1403658444553656,
25299,2018,2,0.13895348837209304,0.8238372093023256,,,0.16142110191977532,
25307,2002,1,0.4029136651972906,0.42197075583270616,,,,
25307,2006,1,0.27043217800599056,0.5225217515333048,,-0.13248148719130004,0.10055099570059867,
25307,2010,1,0.07762285931450559,0.5264007980808056,,-0.192809318691485,0.0038790465475008196,
25307,2010,2,,0.692253074679853,,,,
25307,2014,1,,0.2923032904148784,,,-0.23409750766592724,
25307,2014,2,,0.4444497187477749,,,-0.24780335593207808,
25307,2018,1,0.171527792132625,0.4214192694875664,,,0.12911597907268801,
25307,2018,2,0.3355889724310777,0.6029239766081871,,,0.1584742578604122,
25312,2002,1,0.43174603174603177,0.3746031746031746,,,,
25312,2006,1,0.19190215099114297,0.695487136229439,,-0.2398438807548888,0.3208839616262644,
25312,2010,1,0.06107109301597244,0.6304415909802693,,-0.13083105797517053,-0.06504554524916972,
25312,2010,2,,0.784022622834924,,,,
25312,2014,1,,0.4727414330218069,,,-0.15770015795846243,
25312,2014,2,,0.5941696691778579,,,-0.18985295365706611,
25312,2018,1,0.2850389321468298,0.4146273637374861,,,-0.05811406928432078,
25312,2018,2,0.41442953020134227,0.5427852348993288,,,-0.05138443427852901,
25317,2002,1,0.46685006877579094,0.325171939477304,,,,
25317,2006,1,0.12705314009661836,0.6521739130434783,,-0.33979692867917255,0.3270019735661743,
25317,2010,1,0.03378528561902645,0.5252278284063125,,-0.09326785447759191,-0.12694608463716572,
25317,2010,2,,0.7605599214145383,,,,
25317,2014,1,,0.22088250384812724,,,-0.3043453245581853,
25317,2014,2,,0.5571395185791073,,,-0.20342040283543106,
25317,2018,1,0.07800537968135733,0.38319884129939996,,,0.16231633745127272,
25317,2018,2,0.251979991663193,0.6521467278032513,,,0.09500720922414407,
25320,2002,1,0.44958127796260183,0.3687048296432259,,,,
25320,2006,1,0.13182694367102163,0.696615977725423,,-0.3177543342915802,0.3279111480821972,
25320,2010,1,0.03278241917907737,0.6662731565564838,,-0.09904452449194426,-0.03034282116893927,
25320,2010,2,,0.8116431924882629,,,,
25320,2014,1,,0.40522344747533373,,,-0.26104970908115005,
25320,2014,2,,0.5680172981103695,,,-0.2436258943778934,
25320,2018,1,0.12797881729920565,0.4996389312364599,,,0.09441548376112618,
25320,2018,2,0.25628259838786155,0.6743322269638059,,,0.10631492885343641,
25322,2002,1,0.07237487733071639,0.6889106967615309,,,,
25322,2006,1,0.11895991332611051,0.809750812567714,,0.046585035995394125,0.12084011580618303,
25322,2010,1,0.0371207838703599,0.6031656302996043,,-0.08183912945575061,-0.20658518226810962,
25322,2010,2,,0.7821011673151751,,,,
25322,2014,1,,0.2722689075630252,,,-0.33089672273657916,
25322,2014,2,,0.6129213483146068,,,-0.16917981900056833,
25322,2018,1,0.14439983386404542,0.43361484147861,,,0.16134593391558483,
25322,2018,2,0.33394032777699956,0.5820142877153663,,,-0.03090706059924042,
25324,2002,1,0.6602941176470588,0.18529411764705883,,,,
25324,2006,1,0.1522956326987682,0.503919372900336,,-0.5079984849482906,0.3186252552532771,
25324,2010,1,0.05405405405405406,0.6126126126126126,,-0.09824157864471414,0.10869323971227662,
25324,2010,2,,0.8167487684729065,,,,
25324,2014,1,,0.3640287769784173,,,-0.24858383563419528,
25324,2014,2,,0.4451988360814743,,,-0.37154993239143214,
25324,2018,1,0.22478386167146974,0.47166186359269935,,,0.10763308661428206,
25324,2018,2,0.329162656400385,0.629451395572666,,,0.18425255949119174,
25326,2002,1,0.046254604993860006,0.716741711011052,,,,
25326,2006,1,0.1448357736446379,0.7708745548080728,,0.0985811686507779,0.05413284379702077,
25326,2010,1,0.0288135593220339,0.5908474576271187,,-0.116022214322604,-0.1800270971809541,
25326,2010,2,,0.8059757942511346,,,,
25326,2014,1,,0.3304703476482618,,,-0.2603771099788569,
25326,2014,2,,0.6383682469680264,,,-0.16760754728310823,
25326,2018,1,0.07770075101097632,0.5158867706528019,,,0.1854164230045401,
25326,2018,2,0.2265625,0.6884014423076923,,,0.05003319533966588,
25328,2002,1,0.09823008849557523,0.6451327433628319,,,,
25328,2006,1,0.09788359788359788,0.8498677248677249,,-0.00034649061197734865,0.204734981504893,
25328,2010,1,0.03125,0.7801724137931034,,-0.06663359788359788,-0.06969531107462146,
25328,2010,2,,0.8659562535053281,,,,
25328,2014,1,,0.4669051878354204,,,-0.313267225957683,
25328,2014,2,,0.6912419594260267,,,-0.1747142940793014,
25328,2018,1,0.1240846216436127,0.5907241659886087,,,0.12381897815318826,
25328,2018,2,0.21906693711967545,0.732657200811359,,,0.04141524138533226,
25335,2002,1,0.17622208811104406,0.5304767652383826,,,,
25335,2006,1,0.09278350515463918,0.8213058419243986,,-0.08343858295640488,0.290829076686016,
25335,2010,1,0.03515944399018806,0.7865903515944399,,-0.05762406116445112,-0.03471549032995869,
25335,2010,2,,0.895771038017941,,,,
25335,2014,1,,0.6140506891951979,,,-0.172539662399242,
25335,2014,2,,0.7980237154150197,,,-0.0977473226029213,
25335,2018,1,0.11608680675163624,0.6734412676541509,,,0.059390578458953014,
25335,2018,2,0.18346703871642833,0.7767701430066272,,,-0.02125357240839254,
25339,2002,1,0.08695652173913043,0.7533596837944664,,,,
25339,2006,1,0.049836065573770495,0.9311475409836065,,-0.03712045616535994,0.17778785718914014,
25339,2010,1,0.01218769043266301,0.8464351005484461,,-0.037648375141107485,-0.08471244043516046,
25339,2010,2,,0.9289684990735022,,,,
25339,2014,1,,0.7245233399079553,,,-0.12191176064049081,
25339,2014,2,,0.8491921005385996,,,-0.07977639853490259,
25339,2018,1,0.07757644394110985,0.7378255945639864,,,0.013302254656031187,
25339,2018,2,0.13123948401570387,0.8491306786315199,,,-6.142190707969508e-05,
25368,2002,1,0.6283783783783784,0.24549549549549549,,,,
25368,2006,1,0.13130252100840337,0.7321428571428571,,-0.49707585736997506,0.4866473616473616,
25368,2010,1,0.03888419273034658,0.7886728655959425,,-0.0924183282780568,0.05653000845308542,
25368,2010,2,,0.8863826232247285,,,,
25368,2014,1,,0.5720430107526882,,,-0.21662985484325437,
25368,2014,2,,0.6291230893000804,,,-0.25725953392464807,
25368,2018,1,0.12158808933002481,0.6153846153846154,,,0.043341604631927266,
25368,2018,2,0.20412844036697247,0.7714067278287462,,,0.14228363852866577,
25372,2002,1,0.14215384615384616,0.6498461538461539,,,,
25372,2006,1,0.057179569547060716,0.8994539029874719,,-0.08497427660678544,0.249607749141318,
25372,2010,1,0.03257328990228013,0.812851643470536,,-0.024606279644780585,-0.0866022595169359,
25372,2010,2,,0.9030596788851863,,,,
25372,2014,1,,0.5232501223690651,,,-0.28960152110147086,
25372,2014,2,,0.6782802075611564,,,-0.22477947132402998,
25372,2018,1,0.11545356758694873,0.6181427034779491,,,0.09489258110888399,
25372,2018,2,0.18812912183269698,0.7695244706699063,,,0.09124426310874989,
25377,2002,1,0.12277252058498218,0.6037851788128303,,,,
25377,2006,1,0.23246469980484444,0.6853403742394674,,0.10969217921986225,0.08155519542663703,
25377,2010,1,0.06570120327973591,0.40230007453945266,,-0.16676349652510852,-0.2830402997000147,
25377,2010,2,,0.6080743932864595,,,,
25377,2014,1,,0.1791320406278855,,,-0.22316803391156714,
25377,2014,2,,0.4537919207317073,,,-0.1542824725547522,
25377,2018,1,0.2043487293123745,0.31881448653140365,,,0.13968244590351814,
25377,2018,2,0.45207041550851684,0.4737367258213955,,,0.019944805089688156,
25386,2002,1,0.40250312891113893,0.43929912390488113,,,,
25386,2006,1,0.17841113105924597,0.7017504488330341,,-0.22409199785189296,0.26245132492815293,
25386,2010,1,0.04259763851044505,0.6244323342415985,,-0.13581349254880093,-0.07731811459143556,
25386,2010,2,,0.7844335778321109,,,,
25386,2014,1,,0.36456169505608643,,,-0.25987063918551206,
25386,2014,2,,0.5225877008496677,,,-0.2618458769824432,
25386,2018,1,0.13242447078166747,0.4453654860587792,,,0.08080379100269275,
25386,2018,2,0.2963583089158644,0.6507604297474536,,,0.12817272889778597,
25394,2002,1,0.573921473582162,0.21909840038778478,,,,
25394,2006,1,0.08084311632870865,0.7494663820704376,,-0.4930783572534533,0.5303679816826528,
25394,2010,1,0.01503369621565578,0.7936754795230689,,-0.06580942011305287,0.04420909745263135,
25394,2010,2,,0.874056726515743,,,,
25394,2014,1,,0.420687134502924,,,-0.37298834502014494,
25394,2014,2,,0.475273990911521,,,-0.39878273560422195,
25394,2018,1,0.12976060935799782,0.5644722524483133,,,0.14378511794538934,
25394,2018,2,0.21948769462581616,0.7395781014565544,,,0.26430411054503344,
25398,2002,1,0.04462242562929062,0.6092677345537757,,,,
25398,2006,1,0.028262386601535242,0.9054431263084438,,-0.016360039027755378,0.2961753917546681,
25398,2010,1,0.0051897502432695424,0.9023678235484918,,-0.0230726363582657,-0.0030753027599520477,
25398,2010,2,,0.9407035175879397,,,,
25398,2014,1,,0.7312629399585922,,,-0.17110488358989961,
25398,2014,2,,0.8432671081677704,,,-0.09743640942016929,
25398,2018,1,0.03966091432031486,0.7862549197699061,,,0.054991979811313985,
25398,2018,2,0.07664130741053818,0.8963088193857425,,,0.053041711217972076,
25402,2002,1,0.3926092282564312,0.476929358922009,,,,
25402,2006,1,0.1137104506232023,0.7087248322147651,,-0.2788987776332289,0.23179547329275613,
25402,2010,1,0.03387381602183336,0.6468132926633489,,-0.07983663460136894,-0.06191153955141626,
25402,2010,2,,0.8074621612108412,,,,
25402,2014,1,,0.3941145559642669,,,-0.25269873669908194,
25402,2014,2,,0.5897240432992834,,,-0.21773811791155784,
25402,2018,1,0.10222005367162723,0.5600146377165163,,,0.16590008175224935,
25402,2018,2,0.21314321140731557,0.7372597644141351,,,0.1475357211148517,
25407,2002,1,0.1772554002541296,0.5851334180432021,,,,
25407,2006,1,0.10261194029850747,0.7919776119402985,,-0.07464345995562215,0.2068441938970964,
25407,2010,1,0.021627774615822423,0.6132612407512806,,-0.08098416568268504,-0.17871637118901784,
25407,2010,2,,0.8683348227584152,,,,
25407,2014,1,,0.24685816876122083,,,-0.36640307199005984,
25407,2014,2,,0.7896083951881239,,,-0.07872642757029136,
25407,2018,1,0.06540404040404041,0.5590909090909091,,,0.3122327403296883,
25407,2018,2,0.14921223354958293,0.7819740500463392,,,-0.007634345141784626,
25426,2002,1,0.16190075693860387,0.6963835155592936,,,,
25426,2006,1,0.04636785162287481,0.891499227202473,,-0.11553290531572906,0.19511571164317942,
25426,2010,1,0.032753326509723645,0.7540088706925964,,-0.013614525113151164,-0.13749035650987662,
25426,2010,2,,0.8667905824039653,,,,
25426,2014,1,,0.4463130659767141,,,-0.30769580471588226,
25426,2014,2,,0.7086070959264126,,,-0.15818348647755276,
25426,2018,1,0.055507868383404865,0.6918454935622318,,,0.2455324275855177,
25426,2018,2,0.12475687691025285,0.8349541539316476,,,0.12634705800523505,
25430,2002,1,0.156398583712696,0.6238745574102175,,,,
25430,2006,1,0.2023804333609452,0.6823037014430833,,0.045981849648249196,0.05842914403286581,
25430,2010,1,0.042216900444748545,0.5229216558330483,,-0.16016353291619664,-0.159382045610035,
25430,2010,2,,0.7292104116318688,,,,
25430,2014,1,,0.23837635798372167,,,-0.2845452978493266,
25430,2014,2,,0.47596681294569393,,,-0.2532435986861749,
25430,2018,1,0.19750885664643364,0.3171694834939188,,,0.07879312551019715,
25430,2018,2,0.4379909821968112,0.4714126342211686,,,-0.0045541787245253484,
25436,2002,1,0.15438950554994954,0.7149344096871847,,,,
25436,2006,1,0.09402914903620123,0.842971321109544,,-0.06036035651374831,0.1280369114223593,
25436,2010,1,0.022397891963109356,0.6697408871321915,,-0.07163125707309187,-0.1732304339773525,
25436,2010,2,,0.8539626001780944,,,,
25436,2014,1,,0.45889003083247687,,,-0.21085085629971462,
25436,2014,2,,0.6119900083263947,,,-0.24197259185169973,
25436,2018,1,0.07938388625592417,0.6255924170616114,,,0.16670238622913452,
25436,2018,2,0.1680605336519315,0.7968936678614098,,,0.18490365953501509,
25438,2002,1,0.19789579158316634,0.5230460921843687,,,,
25438,2006,1,0.0876944837340877,0.8426449787835927,,-0.11020130784907864,0.319598886599224,
25438,2010,1,0.013102871480345692,0.8207415667688877,,-0.074591612253742,-0.021903412014705026,
25438,2010,2,,0.8840619811842834,,,,
25438,2014,1,,0.5968063872255489,,,-0.22393517954333875,
25438,2014,2,,0.7221030042918455,,,-0.16195897689243788,
25438,2018,1,0.08722976370035193,0.6782302664655606,,,0.08142387924001171,
25438,2018,2,0.1435149654643131,0.8124840112560757,,,0.09038100696423024,
25473,2002,1,0.25435383810449214,0.5309813887435534,,,,
25473,2006,1,0.2243292953637344,0.643051943933532,,-0.030024542740757748,0.11207055518997866,
25473,2010,1,0.0702136294875106,0.4990960410286684,,-0.15411566587622377,-0.14395590290486365,
25473,2010,2,,0.6973891023402026,,,,
25473,2014,1,,0.2489261537404213,,,-0.2501698872882471,
25473,2014,2,,0.4573042095355555,,,-0.24008489280464707,
25473,2018,1,0.2284822237889012,0.28125692416154696,,,0.03233077042112567,
25473,2018,2,0.47757482026416986,0.4440310984785153,,,-0.01327311105704021,
25483,2002,1,0.5960346964064436,0.2701363073110285,,,,
25483,2006,1,0.1427061310782241,0.5221987315010571,,-0.45332856532821947,0.2520624241900286,
25483,2010,1,0.03151862464183381,0.6418338108882522,,-0.1111875064363903,0.11963507938719509,
25483,2010,2,,0.8264150943396227,,,,
25483,2014,1,,0.28433734939759037,,,-0.35749646149066183,
25483,2014,2,,0.5008976660682226,,,-0.32551742827140007,
25483,2018,1,0.2197346600331675,0.48258706467661694,,,0.19824971527902657,
25483,2018,2,0.3856920684292379,0.583203732503888,,,0.0823060664356654,
25486,2002,1,0.2151606193667668,0.582158539403744,,,,
25486,2006,1,0.2694530902623388,0.5791462872387728,,0.054292470895572015,-0.003012252164971141,
25486,2010,1,0.08000794123486202,0.357355568790947,,-0.1894451490274768,-0.22179071844782583,
25486,2010,2,,0.6336400094361878,,,,
25486,2014,1,,0.18808436616655794,,,-0.16927120262438905,
25486,2014,2,,0.41620553359683793,,,-0.21743447583934988,
25486,2018,1,0.21248499399759904,0.3514405762304922,,,0.16335621006393425,
25486,2018,2,0.45382585751978893,0.47058823529411764,,,0.05438270169727971,
25488,2002,1,0.5344108446298227,0.33420229405630864,,,,
25488,2006,1,0.14429223744292238,0.6926940639269407,,-0.3901186071869003,0.358491769870632,
25488,2010,1,0.04600662495399337,0.6540301803459698,,-0.098285612488929,-0.03866388358097084,
25488,2010,2,,0.8059299191374663,,,,
25488,2014,1,,0.41811708860759494,,,-0.23591309173837488,
25488,2014,2,,0.5622104566512244,,,-0.24371946248624188,
25488,2018,1,0.13170441001191896,0.47437425506555425,,,0.05625716645795931,
25488,2018,2,0.23743872549019607,0.7190563725490197,,,0.15684591589779528,
25489,2002,1,0.015228426395939087,0.8182741116751269,,,,
25489,2006,1,0.037251123956326265,0.9274245343609505,,0.02202269756038718,0.10915042268582364,
25489,2010,1,0.010685103708359522,0.8460087994971716,,-0.026566020247966744,-0.08141573486377895,
25489,2010,2,,0.907395498392283,,,,
25489,2014,1,,0.595552466990966,,,-0.2504563325062056,
25489,2014,2,,0.736482640865111,,,-0.170912857527172,
25489,2018,1,0.054488842760768035,0.6595744680851063,,,0.06402200109414036,
25489,2018,2,0.12771203155818542,0.8427021696252466,,,0.10621952876013563,
25491,2002,1,0.03897294818890417,0.7088491517652453,,,,
25491,2006,1,0.1909128803668195,0.7553147144643602,,0.15193993217791532,0.04646556269911484,
25491,2010,1,0.08907624633431085,0.592375366568915,,-0.10183663403250864,-0.16293934789544517,
25491,2010,2,,0.7707602339181286,,,,
25491,2014,1,,0.4218472468916519,,,-0.1705281196772631,
25491,2014,2,,0.5755015839493136,,,-0.19525864996881503,
25491,2018,1,0.1798165137614679,0.5418960244648318,,,0.12004877757317989,
25491,2018,2,0.2909365558912387,0.6676737160120846,,,0.09217213206277097,
25506,2002,1,0.538664323374341,0.19595782073813708,,,,
25506,2006,1,0.17321688500727803,0.7365356622998545,,-0.36544743836706295,0.5405778415617174,
25506,2010,1,0.09112426035502959,0.6923076923076923,,-0.08209262465224844,-0.044227969992162164,
25506,2010,2,,0.8360128617363344,,,,
25506,2014,1,,0.42270351008215085,,,-0.26960418222554144,
25506,2014,2,,0.5581962218159658,,,-0.27781663992036854,
25506,2018,1,0.23907028223574986,0.47924737133370227,,,0.05654386125155142,
25506,2018,2,0.3368017524644031,0.6226725082146769,,,0.06447628639871106,
25513,2002,1,0.1825619448340346,0.6709911173445535,,,,
25513,2006,1,0.07060428031892572,0.8335081829626522,,-0.11195766451510887,0.16251706561809864,
25513,2010,1,0.02111689351481185,0.6661329063250601,,-0.049487386804113874,-0.1673752766375921,
25513,2010,2,,0.8463684264903399,,,,
25513,2014,1,,0.39661016949152544,,,-0.2695227368335346,
25513,2014,2,,0.5533288370748627,,,-0.29303958941547725,
25513,2018,1,0.08088660987511372,0.5806798445124473,,,0.1840696750209218,
25513,2018,2,0.18490441661173368,0.761206328279499,,,0.20787749120463628,
25518,2002,1,0.4221598877980365,0.38779803646563815,,,,
25518,2006,1,0.099644128113879,0.769276393831554,,-0.32251575968415747,0.38147835736591584,
25518,2010,1,0.014942528735632184,0.7850574712643679,,-0.08470159937824681,0.015781077432813873,
25518,2010,2,,0.8792409430707303,,,,
25518,2014,1,,0.4303030303030303,,,-0.35475444096133757,
25518,2014,2,,0.47191011235955055,,,-0.40733083071117976,
25518,2018,1,0.09759481961147086,0.6313598519888992,,,0.20105682168586891,
25518,2018,2,0.18366464995678478,0.7951598962834918,,,0.32324978392394127,
25524,2002,1,0.38060897435897434,0.36939102564102566,,,,
25524,2006,1,0.16795366795366795,0.7387387387387387,,-0.2126553064053064,0.3693477130977131,
25524,2010,1,0.07928118393234672,0.6580338266384778,,-0.08867248402132123,-0.08070491210026098,
25524,2010,2,,0.8212669683257918,,,,
25524,2014,1,,0.3627878033602987,,,-0.29524602327817906,
25524,2014,2,,0.5190688459633482,,,-0.3021981223624436,
25524,2018,1,0.2689814814814815,0.475,,,0.11221219663970128,
25524,2018,2,0.3581204379562044,0.6021897810218978,,,0.08312093505854956,
25530,2002,1,0.4673815907059875,0.3677390527256479,,,,
25530,2006,1,0.08259587020648967,0.7678044669195112,,-0.38478572049949783,0.4000654141938633,
25530,2010,1,0.013630731102850062,0.8252788104089219,,-0.0689651391036396,0.05747434348941072,
25530,2010,2,,0.8973616473616474,,,,
25530,2014,1,,0.5500873616773442,,,-0.27519144873157775,
25530,2014,2,,0.657331571994716,,,-0.24003007536693133,
25530,2018,1,0.0770507349454718,0.6318160265528686,,,0.08172866487552444,
25530,2018,2,0.1535819430814524,0.8118253189401374,,,0.1544937469454214,
25535,2002,1,0.42048780487804877,0.19414634146341464,,,,
25535,2006,1,0.40043525571273125,0.46644903881030103,,-0.020052549165317513,0.2723026973468864,
25535,2010,1,0.15743183817062445,0.4444444444444444,,-0.2430034175421068,-0.02200459436585661,
25535,2010,2,,0.6864569961489089,,,,
25535,2014,1,,0.25622303352140724,,,-0.18822141092303718,
25535,2014,2,,0.4400446179587284,,,-0.24641237819018047,
25535,2018,1,0.3857347328244275,0.30248091603053434,,,0.0462578825091271,
25535,2018,2,0.5381145692377086,0.4206134415877312,,,-0.019431176370997227,
25572,2002,1,0.4290591805766313,0.408763277693475,,,,
25572,2006,1,0.22034252297410192,0.5403091060985797,,-0.20871665760252936,0.13154582840510476,
25572,2010,1,0.09474654377880184,0.5229493087557604,,-0.12559597919530008,-0.01735979734281934,
25572,2010,2,,0.7345750873108265,,,,
25572,2014,1,,0.3744403744403744,,,-0.14850893431538598,
25572,2014,2,,0.5420073056183684,,,-0.19256778169245814,
25572,2018,1,0.14995328558081594,0.5278729367798194,,,0.15343256233944497,
25572,2018,2,0.2595117311350666,0.6794546607482562,,,0.13744735512988782,
25580,2002,1,0.0,0.0,,,,
25580,2006,1,0.042081949058693245,0.8826135105204873,,0.042081949058693245,0.8826135105204873,
25580,2010,1,0.013066202090592335,0.8693379790940766,,-0.02901574696810091,-0.013275531426410692,
25580,2010,2,,0.9191374663072777,,,,
25580,2014,1,,0.6091324200913242,,,-0.26020555900275244,
25580,2014,2,,0.6837280366692131,,,-0.23540942963806455,
25580,2018,1,0.09578804347826086,0.5855978260869565,,,-0.023534594004367637,
25580,2018,2,0.16978516978516978,0.8101178101178101,,,0.12638977344859703,
25592,2002,1,0.02564102564102564,0.6666666666666666,,,,
25592,2006,1,0.045284780578898225,0.911297852474323,,0.019643754937872585,0.24463118580765641,
25592,2010,1,0.01532567049808429,0.8382290336313325,,-0.029959110080813936,-0.07306881884299055,
25592,2010,2,,0.9159700835899692,,,,
25592,2014,1,,0.6194594594594595,,,-0.21876957417187304,
25592,2014,2,,0.7686726419120785,,,-0.14729744167789072,
25592,2018,1,0.04382621951219512,0.758765243902439,,,0.13930578444297959,
25592,2018,2,0.09110867178924259,0.8843761434321259,,,0.11570350152004738,
25594,2002,1,0.18609304652326164,0.4442221110555278,,,,
25594,2006,1,0.2139152981849611,0.6983578219533275,,0.027822251661699465,0.25413571089779974,
25594,2010,1,0.04209445585215606,0.6457905544147844,,-0.17182084233280503,-0.05256726753854313,
25594,2010,2,,0.8500527983104541,,,,
25594,2014,1,,0.4583497828661666,,,-0.18744077154861777,
25594,2014,2,,0.7146171693735499,,,-0.1354356289369042,
25594,2018,1,0.20439882697947215,0.4967741935483871,,,0.03842441068222047,
25594,2018,2,0.2951631701631702,0.6611305361305362,,,-0.053486633243013726,
25596,2002,1,0.2871939736346516,0.4350282485875706,,,,
25596,2006,1,0.06297779395704405,0.8907899526756462,,-0.22421617967760754,0.4557617040880756,
25596,2010,1,0.025348542458808618,0.8444233206590621,,-0.03762925149823543,-0.046366632016584086,
25596,2010,2,,0.929188829787234,,,,
25596,2014,1,,0.6395663956639567,,,-0.20485692499510544,
25596,2014,2,,0.7066960075447972,,,-0.22249282224243683,
25596,2018,1,0.0772699939867709,0.7131689717378232,,,0.07360257607386655,
25596,2018,2,0.12628790108919635,0.8448631145128054,,,0.13816710696800816,
25599,2002,1,0.5718157181571816,0.29926442121564073,,,,
25599,2006,1,0.13007593265103995,0.7230108946847145,,-0.4417397855061416,0.42374647346907374,
25599,2010,1,0.046175243393602225,0.737413073713491,,-0.08390068925743772,0.014402179028776496,
25599,2010,2,,0.8620991253644315,,,,
25599,2014,1,,0.421105527638191,,,-0.3163075460753,
25599,2014,2,,0.5200101962783584,,,-0.342088929086073,
25599,2018,1,0.09853047458443749,0.563478679836184,,,0.14237315219799307,
25599,2018,2,0.19241126070991432,0.7730722154222767,,,0.25306201914391824,
25612,2002,1,0.5375064666321779,0.33755819968960166,,,,
25612,2006,1,0.19147133578085287,0.5210392544478961,,-0.3460351308513251,0.18348105475829446,
25612,2010,1,0.03668261562998405,0.5311004784688995,,-0.1547887201508688,0.010061224021003401,
25612,2010,2,,0.7943154697331308,,,,
25612,2014,1,,0.30586559012111136,,,-0.22523488834778815,
25612,2014,2,,0.43156503681329056,,,-0.36275043291984027,
25612,2018,1,0.12904279647174127,0.4495262985952303,,,0.14366070847411894,
25612,2018,2,0.2455991875423155,0.7042992552471226,,,0.272734218433832,
25645,2002,1,0.3714528944381385,0.46906923950056756,,,,
25645,2006,1,0.17699115044247787,0.6944299843831337,,-0.19446174399566063,0.2253607448825662,
25645,2010,1,0.04750975441817765,0.6297911406931375,,-0.12948139602430023,-0.06463884368999628,
25645,2010,2,,0.8013415892672858,,,,
25645,2014,1,,0.34775036284470245,,,-0.282040777848435,
25645,2014,2,,0.5167738970588235,,,-0.28456769220846234,
25645,2018,1,0.17494226327944573,0.45111624326404925,,,0.1033658804193468,
25645,2018,2,0.3172984414085049,0.6317106022705407,,,0.11493670521171717,
25649,2002,1,0.14038876889848811,0.5446364290856731,,,,
25649,2006,1,0.14998523767345734,0.7826985532919988,,0.009596468774969225,0.23806212420632566,
25649,2010,1,0.04344412457471866,0.7414289453022769,,-0.10654111309873868,-0.0412696079897219,
25649,2010,2,,0.8511099079588522,,,,
25649,2014,1,,0.44725063938618925,,,-0.2941783059160876,
25649,2014,2,,0.6351909184726522,,,-0.21591898948620003,
25649,2018,1,0.20476190476190476,0.530827067669173,,,0.08357642828298373,
25649,2018,2,0.3058478101296795,0.657450452654759,,,0.0222595341821068,
25653,2002,1,0.3877118644067797,0.4774011299435028,,,,
25653,2006,1,0.08338597599494631,0.817435249526216,,-0.3043258884118334,0.34003411958271323,
25653,2010,1,0.013127853881278538,0.7077625570776256,,-0.07025812211366778,-0.10967269244859046,
25653,2010,2,,0.9002229654403567,,,,
25653,2014,1,,0.5011252813203301,,,-0.2066372757572955,
25653,2014,2,,0.6647214854111406,,,-0.23550148002921611,
25653,2018,1,0.08476190476190476,0.6752380952380952,,,0.17411281391776512,
25653,2018,2,0.14522058823529413,0.8262867647058824,,,0.16156527929474174,
25658,2002,1,0.09441624365482233,0.7796954314720812,,,,
25658,2006,1,0.10983358547655069,0.8242057488653555,,0.015417341821728353,0.04451031739327427,
25658,2010,1,0.025199600798403193,0.6531936127744511,,-0.08463398467814749,-0.17101213609090438,
25658,2010,2,,0.8217661355657575,,,,
25658,2014,1,,0.49877283883283335,,,-0.15442077394161774,
25658,2014,2,,0.6651711924439198,,,-0.15659494312183775,
25658,2018,1,0.11066818526955201,0.5928246013667426,,,0.09405176253390929,
25658,2018,2,0.2178965717606043,0.7365872554716251,,,0.07141606302770531,
25662,2002,1,0.5984643179765131,0.2768744354110208,,,,
25662,2006,1,0.09335180055401662,0.7437673130193906,,-0.5051125174224965,0.4668928776083698,
25662,2010,1,0.028400954653937948,0.7379474940334129,,-0.06495084590007867,-0.0058198189859777205,
25662,2010,2,,0.8631243878550441,,,,
25662,2014,1,,0.45986670530281076,,,-0.2780807887306021,
25662,2014,2,,0.5772230889235569,,,-0.2859012989314872,
25662,2018,1,0.12594300083822296,0.5804694048616932,,,0.12060269955888242,
25662,2018,2,0.24435781698810013,0.7162494870742716,,,0.13902639815071471,
25718,2002,1,0.09172714078374455,0.7326560232220609,,,,
25718,2006,1,0.07980972515856237,0.8546511627906976,,-0.011917415625182184,0.12199513956863672,
25718,2010,1,0.023250239693192714,0.7327420901246404,,-0.05655948546536965,-0.12190907266605722,
25718,2010,2,,0.8678821178821179,,,,
25718,2014,1,,0.431885621796601,,,-0.3008564683280394,
25718,2014,2,,0.664919079097333,,,-0.20296303878478483,
25718,2018,1,0.08879781420765027,0.624512099921936,,,0.192626478125335,
25718,2018,2,0.1842854431580945,0.769595748718922,,,0.10467666962158895,
25736,2002,1,0.14668153931957614,0.6238148354712771,,,,
25736,2006,1,0.1903339668748303,0.6907412435514526,,0.04365242755525417,0.06692640808017547,
25736,2010,1,0.043681382854473254,0.4064470918009811,,-0.14665258402035705,-0.2842941517504715,
25736,2010,2,,0.671836056494046,,,,
25736,2014,1,,0.19380421313506815,,,-0.21264287866591294,
25736,2014,2,,0.44840266605378076,,,-0.22343339044026522,
25736,2018,1,0.17678148350646983,0.3550209586294879,,,0.16121674549441975,
25736,2018,2,0.40179741621419207,0.509267927354428,,,0.06086526130064729,
25740,2002,1,0.282147024504084,0.5052508751458576,,,,
25740,2006,1,0.22505944381267445,0.611392535924739,,-0.05708758069140957,0.10614166077888132,
25740,2010,1,0.06131778058007566,0.5401166456494325,,-0.16374166323259878,-0.07127589027530645,
25740,2010,2,,0.765577606378369,,,,
25740,2014,1,,0.25550384821908,,,-0.2846127974303525,
25740,2014,2,,0.5438910505836576,,,-0.22168655579471142,
25740,2018,1,0.27158622362357504,0.32476352170749456,,,0.06925967348841455,
25740,2018,2,0.46096472458274745,0.46805648957632817,,,-0.07583456100732944,
25743,2002,1,0.4314944834503511,0.36770310932798395,,,,
25743,2006,1,0.13289727961944403,0.7643823398245875,,-0.29859720383090704,0.39667923049660353,
25743,2010,1,0.050775051873550595,0.7290369827901867,,-0.08212222774589344,-0.03534535703440078,
25743,2010,2,,0.8484927234927235,,,,
25743,2014,1,,0.49540261911395933,,,-0.23363436367622736,
25743,2014,2,,0.6388823942015431,,,-0.2096103292911804,
25743,2018,1,0.1666830854103044,0.5649689685745247,,,0.06956634946056539,
25743,2018,2,0.2653461463031967,0.6945479505785448,,,0.05566555637700166,
25745,2002,1,0.18429172510518935,0.6768583450210379,,,,
25745,2006,1,0.10915049155533149,0.7506932190572221,,-0.07514123354985786,0.07383487403618416,
25745,2010,1,0.03247785600726777,0.6075403134226663,,-0.07667263554806372,-0.14315290563455574,
25745,2010,2,,0.7805296714075527,,,,
25745,2014,1,,0.2635678391959799,,,-0.3439724742266864,
25745,2014,2,,0.6402611534276388,,,-0.1402685179799139,
25745,2018,1,0.15882029675764792,0.4610734566770471,,,0.19750561748106715,
25745,2018,2,0.31087036356959236,0.626882115313992,,,-0.013379038113646824,
25754,2002,1,0.3218767809995697,0.45654070274608327,,,,
25754,2006,1,0.22971319831453038,0.6403651850845,,-0.0921635826850393,0.18382448233841675,
25754,2010,1,0.09165360929927487,0.49814160259446855,,-0.1380595890152555,-0.14222358249003147,
25754,2010,2,,0.7148469419825256,,,,
25754,2014,1,,0.23571211788222243,,,-0.26242948471224614,
25754,2014,2,,0.4330047322397028,,,-0.2818422097428228,
25754,2018,1,0.3500345428825213,0.27330986610520774,,,0.03759774822298531,
25754,2018,2,0.5616031734252619,0.3768982196706492,,,-0.056106512569053635,
25758,2002,1,0.08860759493670886,0.7225738396624473,,,,
25758,2006,1,0.22432244614315497,0.6875608061153579,,0.1357148512064461,-0.0350130335470894,
25758,2010,1,0.08248816768086545,0.33322064457967093,,-0.14183427846228952,-0.3543401615356869,
25758,2010,2,,0.5650006735821097,,,,
25758,2014,1,,0.15953597275436357,,,-0.17368467182530736,
25758,2014,2,,0.33233191753858904,,,-0.23266875604352066,
25758,2018,1,0.27252319664771024,0.25351691110445973,,,0.09398093835009616,
25758,2018,2,0.5532733287175937,0.3786445111162397,,,0.04631259357765066,
25769,2002,1,0.1636290807129982,0.6927698778289605,,,,
25769,2006,1,0.08194549583648751,0.8518168054504164,,-0.08168358487651069,0.1590469276214559,
25769,2010,1,0.023495333118764082,0.6214998390730608,,-0.05845016271772343,-0.23031696637735555,
25769,2010,2,,0.8253480383294161,,,,
25769,2014,1,,0.3593604470661285,,,-0.2621393920069323,
25769,2014,2,,0.6647793263646922,,,-0.1605687119647239,
25769,2018,1,0.08165680473372781,0.5297041420118344,,,0.17034369494570584,
25769,2018,2,0.21611940298507462,0.7086567164179104,,,0.043877390053218224,
25772,2002,1,0.263062244434348,0.522489777373921,,,,
25772,2006,1,0.16352844862873517,0.6717151043798608,,-0.09953379580561283,0.14922532700593982,
25772,2010,1,0.06314141589841711,0.35206122803965906,,-0.10038703273031806,-0.31965387634020176,
25772,2010,2,,0.6770211890557498,,,,
25772,2014,1,,0.10928451335699607,,,-0.242776714682663,
25772,2014,2,,0.33833780160857907,,,-0.33868338744717075,
25772,2018,1,0.18839551709462335,0.22840119165839126,,,0.11911667830139519,
25772,2018,2,0.5174246898995866,0.3718251624335499,,,0.033487360824970835,
25777,2002,1,0.04950495049504951,0.8163366336633663,,,,
25777,2006,1,0.07307873644507308,0.8722300801508722,,0.023573785950023574,0.05589344648750594,
25777,2010,1,0.014883720930232559,0.7330232558139534,,-0.05819501551484052,-0.13920682433691878,
25777,2010,2,,0.8516036381043561,,,,
25777,2014,1,,0.5383789586688137,,,-0.19464429714513976,
25777,2014,2,,0.7280858676207513,,,-0.1235177704836048,
25777,2018,1,0.0615702479338843,0.6681818181818182,,,0.12980285951300452,
25777,2018,2,0.13161081953976583,0.8227694792087202,,,0.0946836115879689,
25779,2002,1,0.2704213241616509,0.5141874462596733,,,,
25779,2006,1,0.14015946286193873,0.668065463701217,,-0.13026186129971215,0.15387801744154372,
25779,2010,1,0.040824112933994655,0.49637542922548644,,-0.09933534992794407,-0.17169003447573056,
25779,2010,2,,0.7811408614668219,,,,
25779,2014,1,,0.16885468537799908,,,-0.32752074384748736,
25779,2014,2,,0.6241877256317689,,,-0.156953135835053,
25779,2018,1,0.17712691771269176,0.47489539748953974,,,0.30604071211154066,
25779,2018,2,0.3101000322684737,0.638270409809616,,,0.014082684177847082,
25781,2002,1,0.23731997495303694,0.5422667501565435,,,,
25781,2006,1,0.13576881134133043,0.7360959651035986,,-0.10155116361170652,0.19382921494705518,
25781,2010,1,0.04402224281742354,0.597775718257646,,-0.09174656852390689,-0.13832024684595268,
25781,2010,2,,0.8091042584434655,,,,
25781,2014,1,,0.2730015082956259,,,-0.32477420996202006,
25781,2014,2,,0.7231942575145806,,,-0.0859100009288849,
25781,2018,1,0.11527377521613832,0.44627418690819265,,,0.17327267861256673,
25781,2018,2,0.28157784305497274,0.634074695761645,,,-0.08911956175293556,
25785,2002,1,0.14823123382226058,0.7006039689387403,,,,
25785,2006,1,0.11970979443772672,0.7642079806529625,,-0.02852143938453386,0.06360401171422214,
25785,2010,1,0.03391472868217054,0.5233769379844961,,-0.08579506575555618,-0.24083104266846633,
25785,2010,2,,0.7245943637916311,,,,
25785,2014,1,,0.23502014098690835,,,-0.28835679699758776,
25785,2014,2,,0.49774024738344436,,,-0.22685411640818676,
25785,2018,1,0.11859960195404379,0.3867378324588384,,,0.15171769147193007,
25785,2018,2,0.3204297092054084,0.5928875717725505,,,0.09514732438910611,
25793,2002,1,0.268511593118923,0.5459985041136873,,,,
25793,2006,1,0.07787732598208132,0.7887663680220538,,-0.19063426713684167,0.24276786390836647,
25793,2010,1,0.028866605894864783,0.6520814342145245,,-0.04901072008721653,-0.13668493380752933,
25793,2010,2,,0.8886522665044113,,,,
25793,2014,1,,0.27228581338883107,,,-0.3797956208256934,
25793,2014,2,,0.7980295566502463,,,-0.09062270985416498,
25793,2018,1,0.07061121964833939,0.592520234440413,,,0.32023442105158195,
25793,2018,2,0.17993630573248406,0.7550424628450106,,,-0.04298709380523569,
25797,2002,1,0.40730337078651685,0.4618780096308186,,,,
25797,2006,1,0.14650896604349484,0.7085082029759634,,-0.260794404743022,0.2466301933451448,
25797,2010,1,0.03466148364107548,0.673469387755102,,-0.11184748240241936,-0.035038815220861386,
25797,2010,2,,0.8181492109038737,,,,
25797,2014,1,,0.3830211239537664,,,-0.2904482638013356,
25797,2014,2,,0.5215782983970407,,,-0.296570912506833,
25797,2018,1,0.16516881224192373,0.4692737430167598,,,0.08625261906299336,
25797,2018,2,0.30824284304047384,0.65893385982231,,,0.13735556142526928,
25799,2002,1,0.24500093440478415,0.5780227994767333,,,,
25799,2006,1,0.15074203768550942,0.7378689344672336,,-0.09425889671927473,0.15984613499050027,
25799,2010,1,0.03205804749340369,0.5200527704485488,,-0.11868399019210574,-0.21781616401868475,
25799,2010,2,,0.7483930211202938,,,,
25799,2014,1,,0.2712710084033613,,,-0.24878176204518748,
25799,2014,2,,0.5045745080837197,,,-0.2438185130365741,
25799,2018,1,0.12343665035345297,0.4155338046039514,,,0.14426279620059007,
25799,2018,2,0.30585379516385025,0.6114275044346933,,,0.10685299635097356,
25805,2002,1,0.4098124098124098,0.1919191919191919,,,,
25805,2006,1,0.15257731958762888,0.7443298969072165,,-0.2572350902247809,0.5524107049880246,
25805,2010,1,0.08798735511064278,0.7228661749209695,,-0.0645899644769861,-0.02146372198624702,
25805,2010,2,,0.8632723112128147,,,,
25805,2014,1,,0.4851421188630491,,,-0.2377240560579204,
25805,2014,2,,0.5551391862955032,,,-0.3081331249173115,
25805,2018,1,0.23172987974098058,0.5282146160962072,,,0.04307249723315815,
25805,2018,2,0.3282967032967033,0.6387362637362637,,,0.0835970774407605,
25807,2002,1,0.10418375717801477,0.7383100902379,,,,
25807,2006,1,0.07866761162296244,0.8653437278525868,,-0.025516145555052328,0.1270336376146869,
25807,2010,1,0.02564102564102564,0.7442472057856673,,-0.053026585981936804,-0.12109652206691957,
25807,2010,2,,0.8533960995292535,,,,
25807,2014,1,,0.3109815354713314,,,-0.4332656703143359,
25807,2014,2,,0.5743481324876674,,,-0.2790479670415862,
25807,2018,1,0.10412698412698412,0.5123809523809524,,,0.201399416909621,
25807,2018,2,0.23833865814696487,0.726517571884984,,,0.15216943939731664,
25815,2002,1,0.5623944454869582,0.33758678926627883,,,,
25815,2006,1,0.10233482364629906,0.7045868521278358,,-0.46005962184065907,0.36700006286155695,
25815,2010,1,0.03274483174890599,0.6951863588350686,,-0.06958999189739307,-0.009400493292767154,
25815,2010,2,,0.8364740694595857,,,,
25815,2014,1,,0.3958067456700091,,,-0.2993796131650595,
25815,2014,2,,0.48570554961015133,,,-0.35076851984943436,
25815,2018,1,0.09945644189804613,0.5266637285147642,,,0.13085698284475505,
25815,2018,2,0.22453131812236593,0.7340502833890423,,,0.248344733778891,
25817,2002,1,0.16896276898554025,0.5706478424228624,,,,
25817,2006,1,0.27450576606260296,0.6023476112026359,,0.10554299707706272,0.03169976877977354,
25817,2010,1,0.05863813552293273,0.4250642780127727,,-0.21586763053967023,-0.17728333318986322,
25817,2010,2,,0.6721376310065256,,,,
25817,2014,1,,0.2128065795270965,,,-0.2122576984856762,
25817,2014,2,,0.3757284382284382,,,-0.29640919277808736,
25817,2018,1,0.26682485989801585,0.23547230776998032,,,0.02266572824288382,
25817,2018,2,0.5493069516453285,0.3572637816104116,,,-0.018464656618026598,
25823,2002,1,0.7086206896551724,0.14482758620689656,,,,
25823,2006,1,0.05450874831763122,0.8109017496635262,,-0.6541119413375412,0.6660741634566296,
25823,2010,1,0.013677012098895318,0.8332456601788533,,-0.040831736218735905,0.022343910515327026,
25823,2010,2,,0.909542195256481,,,,
25823,2014,1,,0.4604938271604938,,,-0.37275183301835946,
25823,2014,2,,0.47102161100196466,,,-0.4385205842545163,
25823,2018,1,0.06812134113890367,0.6354443853113358,,,0.17495055815084204,
25823,2018,2,0.1274131274131274,0.8421814671814671,,,0.3711598561795025,
25839,2002,1,0.1497294046903187,0.6049308478653037,,,,
25839,2006,1,0.10775486494336335,0.7879756026720883,,-0.04197453974695535,0.18304475480678462,
25839,2010,1,0.028161386406715408,0.7248849174113187,,-0.07959347853664794,-0.06309068526076966,
25839,2010,2,,0.8690344062153164,,,,
25839,2014,1,,0.38802958977807667,,,-0.336855327633242,
25839,2014,2,,0.5893557422969188,,,-0.2796786639183976,
25839,2018,1,0.09803921568627451,0.6553544494720965,,,0.26732485969401987,
25839,2018,2,0.16928535225544855,0.7932083122149012,,,0.2038525699179824,
25841,2002,1,0.18449682683590207,0.5199456029011786,,,,
25841,2006,1,0.14139762975071515,0.7584797711483449,,-0.04309919708518692,0.23853416824716622,
25841,2010,1,0.039153773287022416,0.7221345121566151,,-0.10224385646369274,-0.0363452589917298,
25841,2010,2,,0.8578336557059961,,,,
25841,2014,1,,0.4419868063639891,,,-0.28014770579262593,
25841,2014,2,,0.6757466360354447,,,-0.1820870196705514,
25841,2018,1,0.15579302587176602,0.5736782902137233,,,0.13169148384973417,
25841,2018,2,0.2657496561210454,0.6902338376891334,,,0.014487201653688664,
25843,2002,1,0.21090333984556703,0.607498371941576,,,,
25843,2006,1,0.1746942850012478,0.6852175359787039,,-0.036209054844319216,0.07771916403712797,
25843,2010,1,0.034743402731733194,0.4636652963797905,,-0.13995088226951463,-0.22155223959891346,
25843,2010,2,,0.6953830468977571,,,,
25843,2014,1,,0.17473884140550808,,,-0.2889264549742824,
25843,2014,2,,0.603269042170644,,,-0.09211400472711306,
25843,2018,1,0.13001523616048755,0.3500253936008126,,,0.1752865521953045,
25843,2018,2,0.3659570070276974,0.5394791236047953,,,-0.0637899185658487,
25845,2002,1,0.6597201548079785,0.23221196784757367,,,,
25845,2006,1,0.1533801020408163,0.6635841836734694,,-0.5063400527671622,0.4313722158258957,
25845,2010,1,0.028101802757158005,0.6816012725344645,,-0.1252782992836583,0.018017088860995067,
25845,2010,2,,0.8537943158511574,,,,
25845,2014,1,,0.5125076266015863,,,-0.16909364593287812,
25845,2014,2,,0.6835034927458356,,,-0.17029082310532184,
25845,2018,1,0.18181818181818182,0.4707973590655155,,,-0.04171026753607082,
25845,2018,2,0.29764243614931235,0.6480844793713163,,,-0.03541901337451925,
25851,2002,1,0.5324947589098532,0.25471698113207547,,,,
25851,2006,1,0.04236540158870256,0.8715798764342454,,-0.49012935732115065,0.61686289530217,
25851,2010,1,0.01125054089138901,0.8511466897446993,,-0.031114860697313555,-0.02043318668954608,
25851,2010,2,,0.9154808106942648,,,,
25851,2014,1,,0.642893272635306,,,-0.20825341710939327,
25851,2014,2,,0.7137904468412943,,,-0.20169036385297046,
25851,2018,1,0.04330275229357798,0.7225688073394495,,,0.07967553470414346,
25851,2018,2,0.10420346167432003,0.8664782762274814,,,0.15268782938618708,
25862,2002,1,0.07604078164825828,0.7319456244689889,,,,
25862,2006,1,0.06223933269169073,0.87776708373436,,-0.013801448956567555,0.14582145926537105,
25862,2010,1,0.010841654778887305,0.8042796005706134,,-0.05139767791280342,-0.07348748316374654,
25862,2010,2,,0.8999092833383732,,,,
25862,2014,1,,0.603455202892728,,,-0.2008243976778854,
25862,2014,2,,0.7478182365332531,,,-0.1520910468051201,
25862,2018,1,0.0962496721741411,0.6129032258064516,,,0.009448022913723597,
25862,2018,2,0.16362252663622526,0.8079654997463217,,,0.060147263213068625,
25867,2002,1,0.5164285714285715,0.355,,,,
25867,2006,1,0.047774869109947646,0.8206806282722513,,-0.4686537023186238,0.4656806282722513,
25867,2010,1,0.018468223791417708,0.7360130363932645,,-0.029306645318529938,-0.08466759187898676,
25867,2010,2,,0.8687150837988827,,,,
25867,2014,1,,0.5022335673261008,,,-0.23377946906716374,
25867,2014,2,,0.5996940336562978,,,-0.2690210501425849,
25867,2018,1,0.1116945107398568,0.5928400954653938,,,0.09060652813929304,
25867,2018,2,0.20829450139794967,0.7455731593662628,,,0.14587912570996497,
25871,2002,1,0.05099150141643059,0.48725212464589235,,,,
25871,2006,1,0.10723860589812333,0.8150134048257373,,0.05624710448169273,0.3277612801798449,
25871,2010,1,0.028112449799196786,0.714859437751004,,-0.07912615609892654,-0.10015396707473323,
25871,2010,2,,0.8487928843710292,,,,
25871,2014,1,,0.3368560105680317,,,-0.3780034271829723,
25871,2014,2,,0.4579624134520277,,,-0.39083047091900147,
25871,2018,1,0.11992619926199262,0.7020295202952029,,,0.3651735097271712,
25871,2018,2,0.16875,0.8035714285714286,,,0.3456090151194009,
25873,2002,1,0.10052083333333334,0.7317708333333334,,,,
25873,2006,1,0.08757698663061439,0.8319062640829202,,-0.012943846702718947,0.10013543074958686,
25873,2010,1,0.02091995841995842,0.708549896049896,,-0.06665702821065597,-0.12335636803302419,
25873,2010,2,,0.8628244487859336,,,,
25873,2014,1,,0.3318770933449833,,,-0.37667280270491277,
25873,2014,2,,0.7596116504854369,,,-0.10321279830049668,
25873,2018,1,0.07883676019538793,0.6024082699079859,,,0.27053117656300263,
25873,2018,2,0.17868589743589744,0.7680860805860806,,,0.008474430100643748,
25875,2002,1,0.2372746553552492,0.6173117709437964,,,,
25875,2006,1,0.09190573770491803,0.8212090163934426,,-0.14536891765033116,0.20389724544964616,
25875,2010,1,0.022334485509173094,0.7549410617743508,,-0.06957125219574493,-0.06626795461909174,
25875,2010,2,,0.8548111596128297,,,,
25875,2014,1,,0.5412396776440155,,,-0.21370138413033535,
25875,2014,2,,0.6991904199696407,,,-0.155620739643189,
25875,2018,1,0.09353497706422019,0.6123136467889908,,,0.07107396914497532,
25875,2018,2,0.19098483230079044,0.7667165135654774,,,0.06752609359583672,
25878,2002,1,0.4048913043478261,0.2547554347826087,,,,
25878,2006,1,0.1791343507630723,0.7668251188391293,,-0.2257569535847538,0.5120696840565206,
25878,2010,1,0.1103388357949609,0.7289313640312771,,-0.0687955149681114,-0.037893754807852176,
25878,2010,2,,0.8851237683249219,,,,
25878,2014,1,,0.5220552593310712,,,-0.2068761047002059,
25878,2014,2,,0.5729885057471265,,,-0.31213526257779545,
25878,2018,1,0.20905571452617405,0.5632048476687427,,,0.04114958833767146,
25878,2018,2,0.29082628497072216,0.6831489915419648,,,0.11016048579483839,
25885,2002,1,0.21939787272399494,0.7274202271498107,,,,
25885,2006,1,0.02724563644103874,0.7394636015325671,,-0.1921522362829562,0.012043374382756378,
25885,2010,1,0.011639574553481838,0.8290186634557496,,-0.015606061887556902,0.08955506192318252,
25885,2010,2,,0.9133825944170771,,,,
25885,2014,1,,0.5602985074626866,,,-0.268720155993063,
25885,2014,2,,0.564765784114053,,,-0.34861681030302416,
25885,2018,1,0.05944986690328305,0.7156166814551908,,,0.15531817399250414,
25885,2018,2,0.10093569579932311,0.8705952617957396,,,0.30582947768168667,
25898,2002,1,0.33411488862837047,0.5017584994138335,,,,
25898,2006,1,0.18335146898803048,0.6735582154515778,,-0.15076341964033999,0.17179971603774424,
25898,2010,1,0.052494577006507594,0.5635574837310195,,-0.1308568919815229,-0.11000073172055824,
25898,2010,2,,0.7777777777777778,,,,
25898,2014,1,,0.3291198501872659,,,-0.23443763354375363,
25898,2014,2,,0.533500837520938,,,-0.24427694025683977,
25898,2018,1,0.1458955223880597,0.44402985074626866,,,0.11491000055900275,
25898,2018,2,0.2951830443159923,0.6373795761078999,,,0.10387873858696184,
25899,2002,1,0.2663349521794834,0.4841641092870125,,,,
25899,2006,1,0.2869712830669119,0.5828830103267789,,0.0206363308874285,0.09871890103976644,
25899,2010,1,0.13573191917344793,0.35939928682454053,,-0.15123936389346396,-0.22348372350223839,
25899,2010,2,,0.5763482069531891,,,,
25899,2014,1,,0.15037647225434891,,,-0.20902281457019162,
25899,2014,2,,0.3342028786526624,,,-0.2421453283005267,
25899,2018,1,0.3181833092769978,0.20684621440755807,,,0.05646974215320916,
25899,2018,2,0.5955105044828047,0.32997122976047105,,,-0.004231648892191353,
27001,2002,1,0.6832818344446251,0.2383314360058546,,,,
27001,2006,1,0.17889721904199135,0.41847324297374155,,-0.5043846154026337,0.18014180696788695,
27001,2010,1,0.039091027647365675,0.40832029212310905,,-0.1398061913946257,-0.010152950850632503,
27001,2010,2,,0.5884133895768132,,,,
27001,2014,1,,0.23089280694003775,,,-0.1774274851830713,
27001,2014,2,,0.35336381450032656,,,-0.23504957507648666,
27001,2018,1,0.45744950561987663,0.23679540268739965,,,0.005902595747361905,
27001,2018,2,0.6184387617765814,0.32876289816061016,,,-0.024600916339716394,
27006,2002,1,0.7405951712521056,0.19034250421111734,,,,
27006,2006,1,0.03290598290598291,0.7192307692307692,,-0.7076891883461227,0.5288882650196519,
27006,2010,1,0.018160741885625966,0.6862442040185471,,-0.014745241020356941,-0.032986565212222096,
27006,2010,2,,0.8611865063978286,,,,
27006,2014,1,,0.24071266110689918,,,-0.445531542911648,
27006,2014,2,,0.27850356294536815,,,-0.5826829434524604,
27006,2018,1,0.26272973787285325,0.48237420909912626,,,0.24166154799222708,
27006,2018,2,0.3655274888558692,0.6,,,0.3214964370546318,
27025,2006,1,0.22478991596638656,0.21008403361344538,,,,
27025,2010,1,0.08572552103814393,0.29178136059771925,,-0.13906439492824263,0.08169732698427387,
27025,2010,2,,0.3853698406211688,,,,
27025,2014,1,,0.06403940886699508,,,-0.22774195173072417,
27025,2014,2,,0.10855263157894737,,,-0.2768172090422214,
27025,2018,1,0.5128764731558272,0.034046268005237884,,,-0.029993140861757195,
27025,2018,2,0.8999068901303539,0.074487895716946,,,-0.03406473586200137,
27050,2002,1,0.8457486832204665,0.10082768999247554,,,,
27050,2006,1,0.113215859030837,0.4026431718061674,,-0.7325328241896295,0.30181548181369183,
27050,2010,1,0.02773876404494382,0.5488061797752809,,-0.08547709498589318,0.14616300796911352,
27050,2010,2,,0.7075824549472969,,,,
27050,2014,1,,0.18640850417615792,,,-0.36239767559912295,
27050,2014,2,,0.3016795865633075,,,-0.40590286838398937,
27050,2018,1,0.4736034376918355,0.23634131368938,,,0.04993280951322207,
27050,2018,2,0.640796306982112,0.3110213502596653,,,0.009341763696357808,
27073,2002,1,0.7859281437125748,0.14520958083832336,,,,
27073,2006,1,0.05434782608695652,0.5778985507246377,,-0.7315803176256183,0.43268896988631433,
27073,2010,1,0.005917159763313609,0.5562130177514792,,-0.04843066632364291,-0.02168553297315845,
27073,2010,2,,0.7331476323119778,,,,
27073,2014,1,,0.17771084337349397,,,-0.3785021743779853,
27073,2014,2,,0.225377107364685,,,-0.5077705249472928,
27073,2018,1,0.3370416151627524,0.14627111660486197,,,-0.03143972676863199,
27073,2018,2,0.6105713175281772,0.3618344345122425,,,0.1364573271475575,
27075,2002,1,0.7184512428298279,0.21462715105162525,,,,
27075,2006,1,0.05235828645607962,0.7260926006057984,,-0.6660929563737482,0.5114654495541732,
27075,2010,1,0.03929594760540319,0.6434711420384773,,-0.013062338850676432,-0.08262145856732106,
27075,2010,2,,0.8109649122807018,,,,
27075,2014,1,,0.1773602199816682,,,-0.46611092205680915,
27075,2014,2,,0.2376204719175806,,,-0.5733444403631212,
27075,2018,1,0.26144658261446585,0.2531519575315196,,,0.07579173754985138,
27075,2018,2,0.4222222222222222,0.5318996415770609,,,0.2942791696594803,
27077,2002,1,0.7317798710956867,0.20327218641546851,,,,
27077,2006,1,0.028804608737397985,0.7642822851656265,,-0.7029752623582887,0.561010098750158,
27077,2010,1,0.008961911874533234,0.7266616878267363,,-0.019842696862864752,-0.037620597338890116,
27077,2010,2,,0.8592592592592593,,,,
27077,2014,1,,0.13936249073387694,,,-0.5872991970928594,
27077,2014,2,,0.21774506005424255,,,-0.6415141992050167,
27077,2018,1,0.2679778733866011,0.21634910878918254,,,0.0769866180553056,
27077,2018,2,0.5844388669774112,0.39799211186805306,,,0.1802470518138105,
27099,2002,1,0.8363273453093812,0.11377245508982035,,,,
27099,2006,1,0.06486486486486487,0.6472972972972973,,-0.7714624804445164,0.533524842207477,
27099,2010,1,0.02071563088512241,0.7278719397363466,,-0.04414923397974246,0.08057464243904922,
27099,2010,2,,0.8147801683816651,,,,
27099,2014,1,,0.2114639814097599,,,-0.5164079583265867,
27099,2014,2,,0.17006802721088435,,,-0.6447121411707808,
27099,2018,1,0.5011834319526627,0.14319526627218934,,,-0.06826871513757055,
27099,2018,2,0.7295774647887324,0.24976525821596243,,,0.07969723100507808,
27135,2002,1,0.8785340314136125,0.04397905759162304,,,,
27135,2006,1,0.20588235294117646,0.17914438502673796,,-0.6726516784724361,0.13516532743511492,
27135,2010,1,0.0171898355754858,0.5627802690582959,,-0.18869251736569065,0.38363588403155796,
27135,2010,2,,0.7632743362831859,,,,
27135,2014,1,,0.24132841328413285,,,-0.3214518557741631,
27135,2014,2,,0.41749502982107356,,,-0.3457793064621123,
27135,2018,1,0.2888555722138931,0.24587706146926536,,,0.004548648185132509,
27135,2018,2,0.39918533604887985,0.5585539714867617,,,0.1410589416656881,
27150,2002,1,0.8333333333333334,0.13095238095238096,,,,
27150,2006,1,0.03282828282828283,0.7070707070707071,,-0.8005050505050505,0.5761183261183261,
27150,2010,1,0.012468827930174564,0.7182044887780549,,-0.020359454898108267,0.0111337817073478,
27150,2010,2,,0.8421052631578947,,,,
27150,2014,1,,0.1083781706379708,,,-0.609826318140084,
27150,2014,2,,0.10712761416986769,,,-0.734977648988027,
27150,2018,1,0.6623125302370585,0.1398161586840832,,,0.031437988046112406,
27150,2018,2,0.7635574837310195,0.21691973969631237,,,0.10979212552644468,
27160,2002,1,0.7480314960629921,0.1795275590551181,,,,
27160,2006,1,0.07792207792207792,0.37162837162837165,,-0.6701094181409142,0.19210081257325354,
27160,2010,1,0.021546261089987327,0.5297845373891001,,-0.05637581683209059,0.1581561657607285,
27160,2010,2,,0.7435085497150095,,,,
27160,2014,1,,0.20758483033932135,,,-0.3221997070497788,
27160,2014,2,,0.3715099715099715,,,-0.37199857820503796,
27160,2018,1,0.3202386872202884,0.3197414221780209,,,0.11215659183869953,
27160,2018,2,0.45416882444329365,0.5075090626618333,,,0.13599909115186176,
27205,2002,1,0.6505681818181818,0.26988636363636365,,,,
27205,2006,1,0.09826361483820048,0.5280189423835833,,-0.5523045669799813,0.2581325787472196,
27205,2010,1,0.023323615160349854,0.5096209912536444,,-0.07493999967785063,-0.018397951129938916,
27205,2010,2,,0.7487966305655837,,,,
27205,2014,1,,0.21513249651324964,,,-0.29448849474039474,
27205,2014,2,,0.5708033760550172,,,-0.17799325451056647,
27205,2018,1,0.4868421052631579,0.2964396284829721,,,0.08130713196972247,
27205,2018,2,0.5399800099950025,0.4065467266366817,,,-0.1642566494183355,
27245,2002,1,0.21346963319302464,0.4449789536981359,,,,
27245,2006,1,0.07076755579749591,0.8611867174741427,,-0.14270207739552873,0.41620776377600677,
27245,2010,1,0.025569502556950254,0.6052998605299861,,-0.045198053240545655,-0.2558868569441566,
27245,2010,2,,0.8264384213029006,,,,
27245,2014,1,,0.2714440825190011,,,-0.333855778010985,
27245,2014,2,,0.47861771058315333,,,-0.34782071071974724,
27245,2018,1,0.1332129963898917,0.5790613718411552,,,0.30761728932215415,
27245,2018,2,0.264,0.67776,,,0.1991422894168467,
27250,2002,1,0.8514851485148515,0.05858085808580858,,,,
27250,2006,1,0.08478038815117467,0.1195097037793667,,-0.7667047603636767,0.06092884569355812,
27250,2010,1,0.06432748538011696,0.3255360623781676,,-0.020452902771057713,0.20602635859880092,
27250,2010,2,,0.5524017467248908,,,,
27250,2014,1,,0.025210084033613446,,,-0.30032597834455416,
27250,2014,2,,0.03454480028787334,,,-0.5178569464370175,
27250,2018,1,0.798443579766537,0.050972762645914396,,,0.02576267861230095,
27250,2018,2,0.9326818675352877,0.060079623597538906,,,0.02553482330966557,
27361,2002,1,0.7499398315282791,0.15090252707581228,,,,
27361,2006,1,0.2005245588936576,0.5002384358607534,,-0.5494152726346215,0.34933590878494114,
27361,2010,1,0.032707867102771564,0.42847305904630745,,-0.16781669179088604,-0.071765376814446,
27361,2010,2,,0.6377052204390334,,,,
27361,2014,1,,0.22241898353107845,,,-0.206054075515229,
27361,2014,2,,0.49754977029096475,,,-0.14015545014806868,
27361,2018,1,0.48499457635289867,0.27262866096179345,,,0.050209677430715,
27361,2018,2,0.5614336565606972,0.3848042224131582,,,-0.11274554787780655,
27372,2002,1,0.6297872340425532,0.13617021276595745,,,,
27372,2006,1,0.017587939698492462,0.7964824120603015,,-0.6121992943440607,0.660312199294344,
27372,2010,1,0.022321428571428572,0.6941964285714286,,0.00473348887293611,-0.10228598348887286,
27372,2010,2,,0.8140417457305503,,,,
27372,2014,1,,0.2115987460815047,,,-0.4825976824899239,
27372,2014,2,,0.30657748049052397,,,-0.5074642652400263,
27372,2018,1,0.3510928961748634,0.28688524590163933,,,0.07528649982013463,
27372,2018,2,0.48443337484433374,0.48941469489414696,,,0.182837214403623,
27413,2002,1,0.8723404255319149,0.05602836879432624,,,,
27413,2006,1,0.06746987951807229,0.2596385542168675,,-0.8048705460138427,0.20361018542254125,
27413,2010,1,0.014594594594594595,0.5989189189189189,,-0.05287528492347769,0.3392803647020514,
27413,2010,2,,0.8293791014639071,,,,
27413,2014,1,,0.2083500602167804,,,-0.39056885870213853,
27413,2014,2,,0.2950432730133753,,,-0.5343358284505318,
27413,2018,1,0.24623424531201968,0.3525976022133415,,,0.14424754199656112,
27413,2018,2,0.4169645758856029,0.5437114072148196,,,0.2486681342014443,
27415,2010,1,0.01124567474048443,0.5899653979238755,,,,
27415,2010,2,,0.7930769230769231,,,,
27425,2006,1,0.08187134502923976,0.3489278752436647,,,,
27425,2014,1,,0.11840120663650075,,,-0.23052666860716395,
27425,2014,2,,0.18026666666666666,,,,
27425,2018,1,0.3907442748091603,0.125,,,0.00659879336349925,
27425,2018,2,0.6655339805825242,0.3150485436893204,,,0.13478187702265373,
27430,2002,1,0.8395061728395061,0.11033950617283951,,,,
27430,2006,1,0.07177363699102829,0.3692201518288475,,-0.7677325358484779,0.258880645656008,
27430,2010,1,0.013307984790874524,0.4011406844106464,,-0.05846565220015376,0.03192053258179889,
27430,2010,2,,0.6748737373737373,,,,
27430,2014,1,,0.20829015544041452,,,-0.19285052897023186,
27430,2014,2,,0.3388646288209607,,,-0.33600910855277666,
27430,2018,1,0.20870337477797513,0.12729425695677915,,,-0.08099589848363536,
27430,2018,2,0.37726420986883197,0.6093066833229231,,,0.27044205450196246,
27450,2002,1,0.797275204359673,0.10408719346049046,,,,
27450,2006,1,0.17695473251028807,0.3368606701940035,,-0.620320471849385,0.23277347673351306,
27450,2010,1,0.033364226135310475,0.2798887859128823,,-0.14359050637497758,-0.05697188428112121,
27450,2010,2,,0.41923076923076924,,,,
27450,2014,1,,0.10129620739318292,,,-0.1785925785196994,
27450,2014,2,,0.2877094972067039,,,-0.13152127202406533,
27450,2018,1,0.6072368421052632,0.11907894736842105,,,0.017782739975238132,
27450,2018,2,0.7672413793103449,0.19655172413793104,,,-0.09115777306877287,
27491,2002,1,0.7033057851239669,0.1347107438016529,,,,
27491,2006,1,0.13420787083753785,0.3521695257315843,,-0.5690979142864291,0.21745878192993137,
27491,2010,1,0.015582655826558265,0.4600271002710027,,-0.11862521501097958,0.10785757453941841,
27491,2010,2,,0.7115251897860594,,,,
27491,2014,1,,0.2958532695374801,,,-0.1641738307335226,
27491,2014,2,,0.6083720930232558,,,-0.1031530967628036,
27491,2018,1,0.24325699745547075,0.44223918575063614,,,0.14638591621315605,
27491,2018,2,0.3505639097744361,0.6000939849624061,,,-0.00827810806084972,
27495,2002,1,0.8517133956386292,0.08161993769470405,,,,
27495,2006,1,0.041033434650455926,0.5212765957446809,,-0.8106799609881733,0.43965665804997683,
27495,2010,1,0.013370865587614356,0.6868402533427164,,-0.02766256906284157,0.16556365759803549,
27495,2010,2,,0.8234086242299795,,,,
27495,2014,1,,0.12806324110671938,,,-0.558777012235997,
27495,2014,2,,0.1677814938684504,,,-0.6556271303615291,
27495,2018,1,0.4899415963659961,0.1810512654120701,,,0.05298802430535071,
27495,2018,2,0.7282546901648664,0.24786810687890848,,,0.08008661301045808,
27580,2002,1,0.8063623789764869,0.07607192254495158,,,,
27580,2006,1,0.11376404494382023,0.625,,-0.6925983340326667,0.5489280774550485,
27580,2010,1,0.01113013698630137,0.764554794520548,,-0.10263390795751885,0.13955479452054798,
27580,2010,2,,0.8787107718405428,,,,
27580,2014,1,,0.1623119556611243,,,-0.6022428388594236,
27580,2014,2,,0.31288819875776397,,,-0.5658225730827788,
27580,2018,1,0.2823025107164728,0.3306797305572566,,,0.16836777489613228,
27580,2018,2,0.4367892976588629,0.5210702341137123,,,0.20818203535594837,
27600,2002,1,0.9349722442505948,0.04203013481363997,,,,
27600,2006,1,0.07197802197802197,0.4076923076923077,,-0.8629942222725728,0.3656621728786677,
27600,2010,1,0.013767783386874713,0.7664066085360257,,-0.05821023859114726,0.358714300843718,
27600,2010,2,,0.8386167146974063,,,,
27600,2014,1,,0.18163985876814437,,,-0.5847667497678813,
27600,2014,2,,0.31758957654723124,,,-0.521027138150175,
27600,2018,1,0.38837920489296635,0.27308868501529054,,,0.09144882624714618,
27600,2018,2,0.5199493350221659,0.4423685877137429,,,0.12477901116651163,
27615,2002,1,0.662861491628615,0.2496194824961948,,,,
27615,2006,1,0.03464818763326226,0.509594882729211,,-0.6282133039953527,0.25997540023301624,
27615,2010,1,0.02699228791773779,0.622107969151671,,-0.00765589971552447,0.11251308642245994,
27615,2010,2,,0.8042675420599097,,,,
27615,2014,1,,0.10364396654719235,,,-0.5184640026044787,
27615,2014,2,,0.13879222108495395,,,-0.6654753209749558,
27615,2018,1,0.5281844186437826,0.23237422177351505,,,0.1287302552263227,
27615,2018,2,0.6666146158650843,0.30402873204247344,,,0.16523651095751948,
27660,2002,1,0.2864637985309549,0.3273871983210913,,,,
27660,2006,1,0.2171344165435746,0.3988183161004431,,-0.06932938198738028,0.0714311177793518,
27660,2010,1,0.050220264317180616,0.29515418502202645,,-0.166914152226394,-0.10366413107841665,
27660,2010,2,,0.5240594925634295,,,,
27660,2014,1,,0.13996889580093314,,,-0.15518528922109331,
27660,2014,2,,0.2838709677419355,,,-0.24018852482149405,
27660,2018,1,0.2770780856423174,0.2619647355163728,,,0.12199583971543965,
27660,2018,2,0.494641384995878,0.43446001648804616,,,0.15058904874611068,
27745,2002,1,0.8727598566308243,0.04121863799283154,,,,
27745,2006,1,0.03504043126684636,0.16711590296495957,,-0.8377194253639779,0.12589726497212803,
27745,2010,1,0.008460236886632826,0.22842639593908629,,-0.026580194380213536,0.06131049297412672,
27745,2010,2,,0.3742802303262956,,,,
27745,2014,1,,0.2416,,,0.013173604060913724,
27745,2014,2,,0.6023391812865497,,,0.22805895096025414,
27745,2018,1,0.7198538367844093,0.09500609013398295,,,-0.14659390986601706,
27745,2018,2,0.786734693877551,0.1836734693877551,,,-0.41866571189879465,
27787,2002,1,0.43722172751558325,0.39492430988423866,,,,
27787,2006,1,0.058505408062930184,0.7413962635201573,,-0.37871631945265305,0.34647195363591865,
27787,2010,1,0.015408664582402858,0.7121482804823582,,-0.043096743480527326,-0.029247983037799075,
27787,2010,2,,0.8630979498861048,,,,
27787,2014,1,,0.23583787627399858,,,-0.4763104042083597,
27787,2014,2,,0.4231391585760518,,,-0.439958791310053,
27787,2018,1,0.313879823382607,0.34555576886158573,,,0.10971789258758716,
27787,2018,2,0.4072390278020633,0.5382059800664452,,,0.11506682149039338,
27800,2002,1,0.5076726342710998,0.33951406649616367,,,,
27800,2006,1,0.03172348484848485,0.650094696969697,,-0.4759491494226149,0.31058063047353335,
27800,2010,1,0.017377567140600316,0.5841232227488151,,-0.014345917707884532,-0.0659714742208819,
27800,2010,2,,0.7556491765607047,,,,
27800,2014,1,,0.15927311598075894,,,-0.4248501067680562,
27800,2014,2,,0.3339222614840989,,,-0.4217269150766058,
27800,2018,1,0.34156976744186046,0.4186046511627907,,,0.2593315351820318,
27800,2018,2,0.44344042838018743,0.5184069611780455,,,0.1844846996939466,
27810,2002,1,0.7324324324324324,0.15675675675675677,,,,
27810,2006,1,0.0834378920953576,0.49372647427854455,,-0.6489945403370748,0.3369697175217878,
27810,2010,1,0.01753531417437896,0.6785192401363858,,-0.06590257792097864,0.1847927658578412,
27810,2010,2,,0.8251676121712223,,,,
27810,2014,1,,0.2476506357103372,,,-0.4308686044260486,
27810,2014,2,,0.5425627240143369,,,-0.28260488815688534,
27810,2018,1,0.3219306466729147,0.3922211808809747,,,0.14457054517063747,
27810,2018,2,0.3958891867739053,0.5558534405719392,,,0.013290716557602278,
41001,2002,1,0.27414825702564555,0.5370642564113814,,,,
41001,2006,1,0.2588949351192968,0.6387295939723734,,-0.01525332190634876,0.10166533756099194,
41001,2010,1,0.07914865027821323,0.4761063928749849,,-0.17974628484108357,-0.16262320109738848,
41001,2010,2,,0.647147794043505,,,,
41001,2014,1,,0.30042246595687033,,,-0.17568392691811457,
41001,2014,2,,0.5429002467886949,,,-0.10424754725481011,
41001,2018,1,0.2597174841108814,0.4088735847003629,,,0.10845111874349256,
41001,2018,2,0.42026068370464587,0.5266584492728917,,,-0.016241797515803125,
41006,2002,1,0.17819345311346296,0.5980802362786118,,,,
41006,2006,1,0.056417489421720736,0.8871650211565585,,-0.12177596369174223,0.28908478487794664,
41006,2010,1,0.016844321621265958,0.8369522305566522,,-0.03957316780045478,-0.05021279059990624,
41006,2010,2,,0.9347401328644002,,,,
41006,2014,1,,0.8123465059164993,,,-0.02460572464015298,
41006,2014,2,,0.9125257828614288,,,-0.02221435000297134,
41006,2018,1,0.08211932819894219,0.8246265194395472,,,0.012280013523047972,
41006,2018,2,0.1002283907238229,0.8808854532677443,,,-0.03164032959368457,
41013,2002,1,0.36536353671903543,0.5235659481183778,,,,
41013,2006,1,0.10878323932312652,0.717163577759871,,-0.25658029739590893,0.1935976296414933,
41013,2010,1,0.02784313725490196,0.5313725490196078,,-0.08094010206822455,-0.1857910287402632,
41013,2010,2,,0.8313037249283668,,,,
41013,2014,1,,0.33743475018642805,,,-0.1939377988331798,
41013,2014,2,,0.6854160626268484,,,-0.1458876623015184,
41013,2018,1,0.1239371296057717,0.5936614274671477,,,0.25622667728071963,
41013,2018,2,0.22540250447227192,0.7311525683618707,,,0.045736505735022304,
41016,2002,1,0.6038683747802059,0.26601356443104746,,,,
41016,2006,1,0.3196382936897975,0.4953803813642618,,-0.2842300810904084,0.22936681693321437,
41016,2010,1,0.07112211221122113,0.5866336633663366,,-0.2485161814785764,0.09125328200207478,
41016,2010,2,,0.7631670735960935,,,,
41016,2014,1,,0.41189979123173276,,,-0.17473387213460384,
41016,2014,2,,0.6187016269151793,,,-0.1444654466809142,
41016,2018,1,0.19984387197501952,0.5223783502472027,,,0.11047855901546993,
41016,2018,2,0.30422462648119525,0.6512107161257084,,,0.032509089210529085,
41020,2002,1,0.4623115577889447,0.3165829145728643,,,,
41020,2006,1,0.3517805582290664,0.4913378248315688,,-0.11053099955987833,0.1747549102587045,
41020,2010,1,0.052653399668325045,0.5798092868988391,,-0.29912715856074135,0.08847146206727036,
41020,2010,2,,0.7546451757331543,,,,
41020,2014,1,,0.4291434927697442,,,-0.15066579412909498,
41020,2014,2,,0.5137552742616034,,,-0.24088990147155087,
41020,2018,1,0.2568039078855548,0.47522679692951847,,,0.046083304159774297,
41020,2018,2,0.33073301950235373,0.6228648285137861,,,0.10910955425218272,
41026,2002,1,0.24836601307189543,0.5966386554621849,,,,
41026,2006,1,0.14536741214057508,0.7164536741214057,,-0.10299860093132035,0.11981501865922084,
41026,2010,1,0.041666666666666664,0.6530303030303031,,-0.10370074547390842,-0.06342337109110263,
41026,2010,2,,0.7817220543806647,,,,
41026,2014,1,,0.4164305949008499,,,-0.2365997081294532,
41026,2014,2,,0.640196767392832,,,-0.14152528698783262,
41026,2018,1,0.2589073634204275,0.5285035629453682,,,0.11207296804451827,
41026,2018,2,0.359720605355064,0.6012805587892899,,,-0.03891620860354217,
41078,2002,1,0.3752079866888519,0.389351081530782,,,,
41078,2006,1,0.3086705202312139,0.5098265895953757,,-0.06653746645763803,0.12047550806459373,
41078,2010,1,0.09694117647058824,0.584,,-0.21172934376062563,0.07417341040462422,
41078,2010,2,,0.7813411078717201,,,,
41078,2014,1,,0.42953020134228187,,,-0.1544697986577181,
41078,2014,2,,0.5921474358974359,,,-0.18919367197428416,
41078,2018,1,0.21745454545454546,0.5618181818181818,,,0.1322879804758999,
41078,2018,2,0.28709454796411316,0.673567977915804,,,0.08142054201836812,
41132,2002,1,0.5775984294906751,0.28716326753190097,,,,
41132,2006,1,0.23849701878726515,0.5014062324220947,,-0.33910141070340993,0.21424296489019373,
41132,2010,1,0.09033295497540673,0.505013242527431,,-0.14816406381185843,0.0036070101053362613,
41132,2010,2,,0.7088446058702268,,,,
41132,2014,1,,0.39137548206147016,,,-0.1136377604659608,
41132,2014,2,,0.6201879631303091,,,-0.08865664273991769,
41132,2018,1,0.23717900726210975,0.5050535299842779,,,0.11367804792280772,
41132,2018,2,0.3290978398983482,0.6167875028029001,,,-0.0034004603274090384,
41206,2002,1,0.39524647887323944,0.49559859154929575,,,,
41206,2006,1,0.07590759075907591,0.7879537953795379,,-0.31933888811416355,0.29235520383024216,
41206,2010,1,0.01747311827956989,0.7788978494623656,,-0.05843447247950602,-0.009055945917172292,
41206,2010,2,,0.8914167528438469,,,,
41206,2014,1,,0.596460940871817,,,-0.18243690859054862,
41206,2014,2,,0.7450519959745052,,,-0.1463647568693417,
41206,2018,1,0.11135168574079803,0.7364676770801114,,,0.1400067362082944,
41206,2018,2,0.14373601789709173,0.8243847874720358,,,0.07933279149753059,
41244,2002,1,0.15391969407265774,0.6682600382409177,,,,
41244,2006,1,0.0452418096723869,0.8790951638065523,,-0.10867788440027085,0.21083512556563455,
41244,2010,1,0.03607503607503607,0.7034632034632035,,-0.009166773597350825,-0.17563196034334883,
41244,2010,2,,0.862844702467344,,,,
41244,2014,1,,0.6258401792382375,,,-0.07762302422496592,
41244,2014,2,,0.8298382264829239,,,-0.03300647598442008,
41244,2018,1,0.10670892762810354,0.6307448494453248,,,0.004904670207087292,
41244,2018,2,0.1904527559055118,0.78001968503937,,,-0.04981854144355391,
41298,2002,1,0.17059791552386178,0.6675809105869446,,,,
41298,2006,1,0.1059091149552981,0.7880759667777602,,-0.06468880056856367,0.12049505619081557,
41298,2010,1,0.03428140892823507,0.6191844038425316,,-0.07162770602706303,-0.16889156293522856,
41298,2010,2,,0.8085146286571643,,,,
41298,2014,1,,0.4310487628118853,,,-0.18813564103064628,
41298,2014,2,,0.7512680056806654,,,-0.05724662297649885,
41298,2018,1,0.16426543274792302,0.5617835734567252,,,0.13073481064483994,
41298,2018,2,0.2773287532834916,0.6712467165083855,,,-0.08002128917227991,
41306,2002,1,0.5250555840602018,0.3223875491705148,,,,
41306,2006,1,0.14993626513702996,0.668578712555768,,-0.37511931892317185,0.34619116338525313,
41306,2010,1,0.044207889793362556,0.6801502817783344,,-0.1057283753436674,0.011571569222566414,
41306,2010,2,,0.8285897435897436,,,,
41306,2014,1,,0.5171682916490038,,,-0.16298199012933057,
41306,2014,2,,0.7503618750695914,,,-0.07822786852015218,
41306,2018,1,0.17275510204081632,0.6051020408163266,,,0.08793374916732277,
41306,2018,2,0.25769116628746663,0.6943317835592047,,,-0.05603009151038674,
41319,2002,1,0.1774628879892038,0.6605937921727395,,,,
41319,2006,1,0.04925994449583719,0.8637835337650324,,-0.12820294349336658,0.20318974159229286,
41319,2010,1,0.020053991515618975,0.7416120323949094,,-0.029205952980218216,-0.122171501370123,
41319,2010,2,,0.8971515962531065,,,,
41319,2014,1,,0.597413096200485,,,-0.14419893619442437,
41319,2014,2,,0.8393710497918915,,,-0.057780546461215,
41319,2018,1,0.12367766023646547,0.64934660858743,,,0.05193351238694499,
41319,2018,2,0.1811826390911739,0.7733760559277599,,,-0.06599499386413155,
41349,2002,1,0.6100427350427351,0.23824786324786323,,,,
41349,2006,1,0.21180189673340358,0.5395152792413066,,-0.39824083830933155,0.30126741599344337,
41349,2010,1,0.08075370121130551,0.5715567519066846,,-0.13104819552209807,0.032041472665378046,
41349,2010,2,,0.7918198529411765,,,,
41349,2014,1,,0.49898580121703856,,,-0.07257095068964609,
41349,2014,2,,0.7225519287833828,,,-0.0692679241577937,
41349,2018,1,0.23671497584541062,0.5690131124913733,,,0.07002731127433476,
41349,2018,2,0.2967914438502674,0.6687834224598931,,,-0.05376850632348973,
41357,2002,1,0.16424418604651161,0.4796511627906977,,,,
41357,2006,1,0.34598102845731404,0.5162256615077384,,0.18173684241080243,0.036574498717040715,
41357,2010,1,0.04845173041894353,0.4568306010928962,,-0.2975292980383705,-0.059395060414842216,
41357,2010,2,,0.6536067374588063,,,,
41357,2014,1,,0.38663897542402215,,,-0.07019162566887405,
41357,2014,2,,0.6975973487986744,,,0.043990611339868146,
41357,2018,1,0.28213480330744173,0.5582560761713856,,,0.17161710074736347,
41357,2018,2,0.3261605415860735,0.6431334622823984,,,-0.05446388651627598,
41359,2002,1,0.3149655604257984,0.4967647672719683,,,,
41359,2006,1,0.09917355371900827,0.8295121300986403,,-0.2157920067067901,0.33274736282667206,
41359,2010,1,0.02546448087431694,0.792568306010929,,-0.07370907284469133,-0.03694382408771135,
41359,2010,2,,0.8820518653321201,,,,
41359,2014,1,,0.5475800794949731,,,-0.24498822651595586,
41359,2014,2,,0.7666926981647794,,,-0.11535916716734074,
41359,2018,1,0.2523197715917202,0.5329229122055674,,,-0.014657167289405693,
41359,2018,2,0.3425712767841332,0.607933415973083,,,-0.15875928219169633,
41378,2002,1,0.16447368421052633,0.4118421052631579,,,,
41378,2006,1,0.20066385033192516,0.6662643331321666,,0.03619016612139883,0.2544222278690087,
41378,2010,1,0.07244058500914077,0.7022394881170019,,-0.12822326532278439,0.03597515498483528,
41378,2010,2,,0.8535106134826219,,,,
41378,2014,1,,0.381936887921654,,,-0.3203026001953479,
41378,2014,2,,0.7778464072472719,,,-0.07566420623534997,
41378,2018,1,0.22928075940124132,0.6181087988316903,,,0.23617191091003636,
41378,2018,2,0.2778159340659341,0.681146978021978,,,-0.09669942922529395,
41396,2002,1,0.2969638638551054,0.5271677312100796,,,,
41396,2006,1,0.13173926286932683,0.7242613463295766,,-0.1652246009857786,0.19709361511949697,
41396,2010,1,0.053216694004009475,0.6683069072352834,,-0.07852256886531736,-0.05595443909429321,
41396,2010,2,,0.8392779872658713,,,,
41396,2014,1,,0.5164212910532276,,,-0.15188561618205576,
41396,2014,2,,0.750579313250474,,,-0.08869867401539733,
41396,2018,1,0.20677369892667088,0.5911878776945972,,,0.07476658664136959,
41396,2018,2,0.2667798380778271,0.6916079045877949,,,-0.05897140866267914,
41483,2002,1,0.21816881258941345,0.48354792560801146,,,,
41483,2006,1,0.11371237458193979,0.738015607580825,,-0.10445643800747366,0.2544676819728135,
41483,2010,1,0.024019607843137256,0.6519607843137255,,-0.08969276673880254,-0.08605482326709946,
41483,2010,2,,0.849616368286445,,,,
41483,2014,1,,0.5857359635811836,,,-0.06622482073254188,
41483,2014,2,,0.8010225820195995,,,-0.04859378626684552,
41483,2018,1,0.19181783095329988,0.6464685449633346,,,0.060732581382150985,
41483,2018,2,0.23920612813370473,0.7346796657381616,,,-0.06634291628143796,
41503,2002,1,0.10555902560899438,0.613366645846346,,,,
41503,2006,1,0.039892021595680865,0.9169166166766647,,-0.06566700401331352,0.30354997083031865,
41503,2010,1,0.012496528742016106,0.8719800055540128,,-0.027395492853664757,-0.044936611122651904,
41503,2010,2,,0.9318546231961518,,,,
41503,2014,1,,0.7950778503264692,,,-0.07690215522754362,
41503,2014,2,,0.9146683949017066,,,-0.01718622829444516,
41503,2018,1,0.08607935440484196,0.7590226406635283,,,-0.036055209662940846,
41503,2018,2,0.12721073939910504,0.8404005966332836,,,-0.074267798268423,
41518,2002,1,0.1441631504922644,0.7236286919831224,,,,
41518,2006,1,0.1002710027100271,0.816260162601626,,-0.04389214778223731,0.09263147061850363,
41518,2010,1,0.0344311377245509,0.6611776447105788,,-0.0658398649854762,-0.1550825178910472,
41518,2010,2,,0.8705002337540907,,,,
41518,2014,1,,0.5439223697650664,,,-0.11725527494551247,
41518,2014,2,,0.8680297397769516,,,-0.0024704939771390544,
41518,2018,1,0.09704220671319375,0.7042206713193752,,,0.1602983015543088,
41518,2018,2,0.14304123711340205,0.8144329896907216,,,-0.053596750086229994,
41524,2002,1,0.16596558317399618,0.5965583173996176,,,,
41524,2006,1,0.27134328358208953,0.6288059701492538,,0.10537770040809336,0.032247652749636146,
41524,2010,1,0.07251863243818762,0.5059742103395244,,-0.1988246511439019,-0.12283175980972938,
41524,2010,2,,0.7176557316623664,,,,
41524,2014,1,,0.40482835612615126,,,-0.10114585421337313,
41524,2014,2,,0.6854318418314256,,,-0.03222388983094082,
41524,2018,1,0.20984528832630098,0.549648382559775,,,0.14482002643362374,
41524,2018,2,0.3031449941425611,0.6565738487879607,,,-0.028857993043464925,
41530,2002,1,0.31039915966386555,0.47794117647058826,,,,
41530,2006,1,0.10810810810810811,0.7961711711711712,,-0.20229105155575744,0.31822999470058294,
41530,2010,1,0.022916666666666665,0.74375,,-0.08519144144144145,-0.05242117117117118,
41530,2010,2,,0.8735310576385003,,,,
41530,2014,1,,0.6695723236175429,,,-0.07417767638245709,
41530,2014,2,,0.849039749888343,,,-0.024491307750157287,
41530,2018,1,0.13574752174792637,0.6955290309528627,,,0.02595670733531974,
41530,2018,2,0.181940441882805,0.7813640730067243,,,-0.06767567688161868,
41548,2002,1,0.17083051991897366,0.6617150573936529,,,,
41548,2006,1,0.11000293341155765,0.7926078028747433,,-0.060827586507416015,0.13089274548109042,
41548,2010,1,0.029869168106640337,0.6714391508269563,,-0.08013376530491731,-0.12116865204778704,
41548,2010,2,,0.8518334985133796,,,,
41548,2014,1,,0.41997851772287864,,,-0.2514606331040776,
41548,2014,2,,0.8251343530384456,,,-0.026699145474934016,
41548,2018,1,0.15215329159552268,0.6552836273951812,,,0.23530510967230256,
41548,2018,2,0.21217135502849788,0.7492186063614635,,,-0.07591574667698209,
41551,2002,1,0.2675356921166977,0.5570866956341817,,,,
41551,2006,1,0.12185425762254641,0.7947680403222944,,-0.14568143449415127,0.23768134468811275,
41551,2010,1,0.04711285710159161,0.6664837228111731,,-0.07474140052095479,-0.12828431751112135,
41551,2010,2,,0.8082773983644518,,,,
41551,2014,1,,0.562854779359329,,,-0.10362894345184404,
41551,2014,2,,0.7821978758013587,,,-0.026079522563093094,
41551,2018,1,0.20600579975579975,0.5260035103785103,,,-0.0368512689808187,
41551,2018,2,0.3180471977514101,0.6353398351285582,,,-0.1468580406728005,
41615,2002,1,0.4023896314297286,0.3867962737950587,,,,
41615,2006,1,0.2559983733224888,0.5542903619357462,,-0.1463912581072398,0.1674940881406875,
41615,2010,1,0.06241067174845164,0.4916626965221534,,-0.19358770157403718,-0.06262766541359283,
41615,2010,2,,0.6834064683894036,,,,
41615,2014,1,,0.32297273832262546,,,-0.16868995819952792,
41615,2014,2,,0.572353914002205,,,-0.11105255438719852,
41615,2018,1,0.24341016874379617,0.4829601852873056,,,0.15998744696468015,
41615,2018,2,0.3603613408794079,0.5856552024379625,,,0.013301288435757508,
41660,2002,1,0.19902617163724892,0.5581253804017042,,,,
41660,2006,1,0.030225898822780782,0.9048679605472478,,-0.16880027281446813,0.3467425801455436,
41660,2010,1,0.012369974697779028,0.848186674163621,,-0.017855924125001754,-0.056681286383626794,
41660,2010,2,,0.9245232339511147,,,,
41660,2014,1,,0.8124002735354456,,,-0.0357864006281754,
41660,2014,2,,0.9074181677319388,,,-0.017105066219175846,
41660,2018,1,0.08336549594751061,0.7462369741412582,,,-0.06616329939418741,
41660,2018,2,0.11607142857142858,0.8584449404761905,,,-0.048973227255748375,
41668,2002,1,0.37891268533772654,0.45487827201171516,,,,
41668,2006,1,0.08751579189158148,0.8455265878029172,,-0.29139689344614506,0.39064831579120207,
41668,2010,1,0.03909090909090909,0.7614141414141414,,-0.04842488280067239,-0.0841124463887758,
41668,2010,2,,0.8668022861571248,,,,
41668,2014,1,,0.5153961136023917,,,-0.24601802781174975,
41668,2014,2,,0.7485893922295663,,,-0.11821289392755852,
41668,2018,1,0.1995085995085995,0.5692055692055692,,,0.053809455603177514,
41668,2018,2,0.27655416071562805,0.6766894685409306,,,-0.07189992368863574,
41676,2002,1,0.07754442649434572,0.6526655896607432,,,,
41676,2006,1,0.06255331248222917,0.8919533693488769,,-0.014991114012116544,0.23928777968813375,
41676,2010,1,0.017904034375746003,0.8445929816185247,,-0.04464927810648317,-0.04736038773035223,
41676,2010,2,,0.9250245821042281,,,,
41676,2014,1,,0.7138323194921978,,,-0.13076066212632687,
41676,2014,2,,0.8788888888888889,,,-0.04613569321533917,
41676,2018,1,0.09422240629529924,0.7693104162352454,,,0.0554780967430476,
41676,2018,2,0.13383939272872553,0.8447862564922094,,,-0.034102632396679544,
41770,2002,1,0.29466900995899237,0.4844756883421207,,,,
41770,2006,1,0.11649580615097857,0.7890649269959614,,-0.1781732038080138,0.30458923865384074,
41770,2010,1,0.03173873045078197,0.7608095676172953,,-0.08475707570019661,-0.02825535937866608,
41770,2010,2,,0.8826853526220615,,,,
41770,2014,1,,0.6447901129341572,,,-0.11601945468313812,
41770,2014,2,,0.8337337818356559,,,-0.04895157078640555,
41770,2018,1,0.15684226234890314,0.6964632144456051,,,0.05167310151144788,
41770,2018,2,0.19924707194645844,0.7714723926380368,,,-0.062261389197619144,
41791,2002,1,0.19538757206918642,0.6073030108904548,,,,
41791,2006,1,0.11511132164850782,0.7723827569872098,,-0.0802762504206786,0.16507974609675502,
41791,2010,1,0.02522361359570662,0.7338103756708408,,-0.0898877080528012,-0.038572381316368975,
41791,2010,2,,0.8795026513073688,,,,
41791,2014,1,,0.507807486631016,,,-0.2260028890398248,
41791,2014,2,,0.7948593598448108,,,-0.084643291462558,
41791,2018,1,0.14104796580655374,0.6463511160360931,,,0.13854362940507703,
41791,2018,2,0.2353286384976526,0.7256455399061033,,,-0.06921381993870757,
41797,2002,1,0.15142857142857144,0.66,,,,
41797,2006,1,0.09921962095875139,0.8093645484949833,,-0.05220895046982005,0.14936454849498326,
41797,2010,1,0.029659863945578232,0.7406802721088436,,-0.06955975701317316,-0.06868427638613972,
41797,2010,2,,0.8779178964314462,,,,
41797,2014,1,,0.5317937361594433,,,-0.20888653594940032,
41797,2014,2,,0.8251781472684085,,,-0.0527397491630377,
41797,2018,1,0.11621741051701281,0.6429518338488732,,,0.11115809768942997,
41797,2018,2,0.18254976704786108,0.7613299449385853,,,-0.06384820232982324,
41799,2002,1,0.5029134917077543,0.3240699238009861,,,,
41799,2006,1,0.32957175925925924,0.44068287037037035,,-0.1733417324484951,0.11661294656938426,
41799,2010,1,0.08628904182106935,0.5645844362096347,,-0.2432827174381899,0.12390156583926437,
41799,2010,2,,0.7782006920415225,,,,
41799,2014,1,,0.4870169082125604,,,-0.07756752799707434,
41799,2014,2,,0.6554476806903992,,,-0.12275301135112338,
41799,2018,1,0.18866135760333713,0.6120591581342435,,,0.1250422499216831,
41799,2018,2,0.24061888671527654,0.7298595056019919,,,0.0744118249115927,
41801,2002,1,0.11008676789587853,0.6090021691973969,,,,
41801,2006,1,0.14405594405594405,0.7743589743589744,,0.03396917616006552,0.16535680516157747,
41801,2010,1,0.03169572107765452,0.6862123613312203,,-0.11236022297828953,-0.08814661302775406,
41801,2010,2,,0.8316755929609794,,,,
41801,2014,1,,0.621900826446281,,,-0.06431153488493935,
41801,2014,2,,0.8299763033175356,,,-0.001699289643443791,
41801,2018,1,0.08207399687337155,0.778009379885357,,,0.15610855343907604,
41801,2018,2,0.12943842860740368,0.8473936036262906,,,0.01741730030875499,
41807,2002,1,0.1716404077849861,0.6622798887859129,,,,
41807,2006,1,0.05203959208158368,0.8984703059388123,,-0.11960081570340242,0.23619041715289935,
41807,2010,1,0.02593304061470911,0.7759330406147091,,-0.02610655146687457,-0.12253726532410314,
41807,2010,2,,0.8877887788778878,,,,
41807,2014,1,,0.6108205051561799,,,-0.16511253545852922,
41807,2014,2,,0.8037103530819868,,,-0.08407842579590097,
41807,2018,1,0.10517032300738617,0.6972770367103958,,,0.08645653155421584,
41807,2018,2,0.16954270923209663,0.7932484900776532,,,-0.010461863004333605,
41872,2002,1,0.5324189526184538,0.26807980049875313,,,,
41872,2006,1,0.2995147772386414,0.42479047198941333,,-0.23290417537981245,0.1567106714906602,
41872,2010,1,0.1,0.4666666666666667,,-0.1995147772386414,0.04187619467725334,
41872,2010,2,,0.6766079770032339,,,,
41872,2014,1,,0.3036093418259023,,,-0.16305732484076435,
41872,2014,2,,0.5,,,-0.17660797700323394,
41872,2018,1,0.2975624256837099,0.40665873959571935,,,0.10304939776981703,
41872,2018,2,0.4330753797649756,0.5316709658928059,,,0.031670965892805936,
41885,2002,1,0.20887991927346114,0.5866128489741003,,,,
41885,2006,1,0.3369837296620776,0.5425531914893617,,0.12810381038861648,-0.04405965748473861,
41885,2010,1,0.10257134783837242,0.4574738626730715,,-0.23441238182370522,-0.08507932881629016,
41885,2010,2,,0.6592434411226358,,,,
41885,2014,1,,0.3123890663826766,,,-0.1450847962903949,
41885,2014,2,,0.6423314689431852,,,-0.01691197217945062,
41885,2018,1,0.1889308176100629,0.47924528301886793,,,0.16685621663619132,
41885,2018,2,0.32328560663149963,0.6124089424767646,,,-0.029922526466420574,
44001,2002,1,0.6041700735895339,0.2919051512673753,,,,
44001,2006,1,0.5594129593439859,0.27439935624784456,,-0.04475711424554796,-0.017505795019530757,
44001,2010,1,0.18999372110280266,0.40381871111364803,,-0.3694192382411833,0.12941935486580347,
44001,2010,2,,0.6250706702682329,,,,
44001,2014,1,,0.20008330129437396,,,-0.20373540981927407,
44001,2014,2,,0.23289909884671056,,,-0.39217157142152237,
44001,2018,1,0.44764530581628725,0.3590731242524378,,,0.15898982295806385,
44001,2018,2,0.5169615104186653,0.44836716681376876,,,0.2154680679670582,
44035,2002,1,0.5032938076416338,0.3921826965305226,,,,
44035,2006,1,0.514526710402999,0.3670727897532021,,0.011232902761365238,-0.0251099067773205,
44035,2010,1,0.31495897328003364,0.3646118241110877,,-0.19956773712296538,-0.002460965642114399,
44035,2010,2,,0.6672112018669778,,,,
44035,2014,1,,0.25149700598802394,,,-0.11311481812306379,
44035,2014,2,,0.2527047913446677,,,-0.4145064105223101,
44035,2018,1,0.6358056933925307,0.26691042047531993,,,0.015413414487295996,
44035,2018,2,0.6344911639244363,0.34125533211456427,,,0.08855054076989655,
44078,2002,1,0.6296296296296297,0.2698412698412698,,,,
44078,2006,1,0.5909225749035895,0.28522693562741025,,-0.03870705472604019,0.015385665786140423,
44078,2010,1,0.1844059405940594,0.3383663366336634,,-0.40651663430953006,0.05313940100625314,
44078,2010,2,,0.5814522708729943,,,,
44078,2014,1,,0.24350185661239646,,,-0.09486448002126693,
44078,2014,2,,0.25664434976668693,,,-0.3248079211063074,
44078,2018,1,0.5883963890861142,0.27507860837813164,,,0.031576751765735184,
44078,2018,2,0.6424501424501424,0.3346628679962013,,,0.07801851822951439,
44090,2002,1,0.7787886042614316,0.16566914053148193,,,,
44090,2006,1,0.36334002006018057,0.4082246740220662,,-0.415448584201251,0.24255553349058426,
44090,2010,1,0.143348229632176,0.5838776211756618,,-0.21999179042800457,0.17565294715359558,
44090,2010,2,,0.8221422142214222,,,,
44090,2014,1,,0.17767457860337119,,,-0.40620304257229056,
44090,2014,2,,0.1944374528064435,,,-0.6277047614149787,
44090,2018,1,0.4495972979994804,0.35398804884385554,,,0.17631347024048435,
44090,2018,2,0.5082248956543088,0.47004664866192,,,0.2756091958554765,
44098,2002,1,0.7485448195576252,0.16181606519208383,,,,
44098,2006,1,0.42730953257269044,0.3934486566065513,,-0.32123528698493475,0.2316325914144675,
44098,2010,1,0.16237991942981098,0.4493337465137899,,-0.26492961314287944,0.05588508990723856,
44098,2010,2,,0.7384563532187395,,,,
44098,2014,1,,0.25017921146953404,,,-0.19915453504425584,
44098,2014,2,,0.2348993288590604,,,-0.5035570243596791,
44098,2018,1,0.3682668469686725,0.3459544737435204,,,0.09577526227398636,
44098,2018,2,0.42758620689655175,0.5488320355951056,,,0.31393270673604523,
44110,2002,1,0.754870865428183,0.19483461712732217,,,,
44110,2006,1,0.24126984126984127,0.47573696145124716,,-0.5136010241583417,0.280902344323925,
44110,2010,1,0.08734270910436713,0.5977054034048853,,-0.15392713216547416,0.12196844195363815,
44110,2010,2,,0.8133728311468472,,,,
44110,2014,1,,0.16839470861637468,,,-0.42931069478851064,
44110,2014,2,,0.22309941520467835,,,-0.5902734159421689,
44110,2018,1,0.3637587506731287,0.3756058158319871,,,0.20721110721561242,
44110,2018,2,0.45435466946484787,0.5204616998950682,,,0.29736228469038983,
44279,2002,1,0.7462993950315356,0.1639850688634316,,,,
44279,2006,1,0.5452186805040771,0.27551272547566097,,-0.20108071452745857,0.11152765661222938,
44279,2010,1,0.24965298433472138,0.3654570692048384,,-0.2955656961693557,0.08994434372917742,
44279,2010,2,,0.5894889533586253,,,,
44279,2014,1,,0.1648793565683646,,,-0.20057771263647378,
44279,2014,2,,0.1717485998755445,,,-0.4177403534830808,
44279,2018,1,0.5590879193159395,0.27559745669809255,,,0.11071810012972794,
44279,2018,2,0.6205810290514526,0.35316765838291914,,,0.18141905850737464,
44378,2002,1,0.5780730897009967,0.3302325581395349,,,,
44378,2006,1,0.5970726318696493,0.25131179232256284,,0.018999542168652628,-0.07892076581697205,
44378,2010,1,0.21645597693501886,0.3517409625194056,,-0.3806166549346305,0.10042917019684278,
44378,2010,2,,0.5893989348212021,,,,
44378,2014,1,,0.1526001705029838,,,-0.19914079201642182,
44378,2014,2,,0.1787607687210073,,,-0.41063816610019477,
44378,2018,1,0.6080729166666666,0.2529296875,,,0.1003295169970162,
44378,2018,2,0.6497773683402426,0.32842008291110086,,,0.14965931419009357,
44420,2002,1,0.6672354948805461,0.22525597269624573,,,,
44420,2006,1,0.17255717255717257,0.5291060291060291,,-0.49467832232337355,0.30385005640978335,
44420,2010,1,0.14763014763014762,0.4289044289044289,,-0.02492702492702495,-0.10020160020160018,
44420,2010,2,,0.7369791666666666,,,,
44420,2014,1,,0.211051930758988,,,-0.21785249814544091,
44420,2014,2,,0.23440043407487793,,,-0.5025787325917888,
44420,2018,1,0.4488791689447786,0.27556041552761074,,,0.06450848476862273,
44420,2018,2,0.5169409486931268,0.4641819941916747,,,0.2297815601167968,
44430,2002,1,0.7958253020544404,0.12918997696394152,,,,
44430,2006,1,0.3591985588118986,0.4247111032997935,,-0.43662674324254175,0.295521126335852,
44430,2010,1,0.20272287139164938,0.4078482763641659,,-0.15647568742024923,-0.01686282693562763,
44430,2010,2,,0.6613867920636884,,,,
44430,2014,1,,0.2453274395810311,,,-0.16252083678313478,
44430,2014,2,,0.2996753461869741,,,-0.36171144587671433,
44430,2018,1,0.3811036745748587,0.43936040001041693,,,0.19403296042938584,
44430,2018,2,0.43325865433258653,0.538652405386524,,,0.23897705919954992,
44560,2002,1,0.5331199212016745,0.36370352130017236,,,,
44560,2006,1,0.32833020637898686,0.3956043956043956,,-0.20478971482268765,0.031900874304223226,
44560,2010,1,0.07187820231298492,0.33494363929146537,,-0.25645200406600194,-0.06066075631293022,
44560,2010,2,,0.6840073837892264,,,,
44560,2014,1,,0.22200813530293298,,,-0.11293550398853239,
44560,2014,2,,0.21545319465081725,,,-0.4685541891384092,
44560,2018,1,0.3705945523772332,0.3636629893585864,,,0.1416548540556534,
44560,2018,2,0.4359779380568519,0.5325413661434026,,,0.3170881714925854,
44650,2002,1,0.4635349078640021,0.4512068518037893,,,,
44650,2006,1,0.24990678598061147,0.6551081282624907,,-0.21362812188339061,0.20390127645870137,
44650,2010,1,0.08117886485264189,0.6455114193110726,,-0.16872792112796958,-0.009596708951418065,
44650,2010,2,,0.8161130629191952,,,,
44650,2014,1,,0.45497064384515873,,,-0.19054077546591386,
44650,2014,2,,0.5167718601517622,,,-0.2993412027674329,
44650,2018,1,0.30232277526395174,0.5758069381598794,,,0.12083629431472065,
44650,2018,2,0.3321989677272985,0.6447734104701945,,,0.1280015503184323,
44847,2002,1,0.7623651915210116,0.13480847898847156,,,,
44847,2006,1,0.3350617283950617,0.3987654320987654,,-0.42730346312594986,0.2639569531102939,
44847,2010,1,0.10006738544474393,0.4282345013477089,,-0.2349943429503178,0.02946906924894349,
44847,2010,2,,0.7831258644536653,,,,
44847,2014,1,,0.2276931834353209,,,-0.200541317912388,
44847,2014,2,,0.28077469073210304,,,-0.5023511737215622,
44847,2018,1,0.24885496183206107,0.3751363140676118,,,0.14744313063229086,
44847,2018,2,0.3123798254696051,0.6521717694621111,,,0.37139707873000805,
44855,2002,1,0.5670220868240671,0.30997715156131,,,,
44855,2006,1,0.367047308319739,0.4910277324632953,,-0.1999747785043281,0.18105058090198528,
44855,2010,1,0.22171428571428572,0.382,,-0.14533302260545325,-0.10902773246329528,
44855,2010,2,,0.6605143721633888,,,,
44855,2014,1,,0.23243423243423245,,,-0.14956576756576756,
44855,2014,2,,0.2576630560036875,,,-0.4028513161597013,
44855,2018,1,0.5471488795207455,0.30863101841579765,,,0.07619678598156521,
44855,2018,2,0.5892074870569495,0.3884906411788132,,,0.13082758517512572,
44874,2002,1,0.6117190257677374,0.30127073773385105,,,,
44874,2006,1,0.28517915309446257,0.5970684039087948,,-0.32653987267327483,0.29579766617494374,
44874,2010,1,0.12819494106740828,0.6036286584558337,,-0.1569842120270543,0.006560254547038902,
44874,2010,2,,0.7812630117973629,,,,
44874,2014,1,,0.27586766136879665,,,-0.32776099708703704,
44874,2014,2,,0.3067015935385287,,,-0.4745614182588342,
44874,2018,1,0.40340594935309076,0.4628994802609753,,,0.18703181889217868,
44874,2018,2,0.4465536493756979,0.5263425032991574,,,0.21964090976062872,
47001,2002,1,0.5204483863020448,0.3424119241192412,,,,
47001,2006,1,0.38514204077147096,0.4496840485740975,,-0.13530634553057386,0.10727212445485629,
47001,2010,1,0.24062202058059637,0.4032284577703258,,-0.1445200201908746,-0.04645559080377171,
47001,2010,2,,0.6120225189596613,,,,
47001,2014,1,,0.24149351377240627,,,-0.16173494399791952,
47001,2014,2,,0.307728572297585,,,-0.3042939466620763,
47001,2018,1,0.3799469658217652,0.3696693889310262,,,0.12817587515861992,
47001,2018,2,0.508422081538479,0.45301933328029276,,,0.14529076098270777,
47030,2002,1,0.3369140625,0.4619140625,,,,
47030,2006,1,0.11669658886894076,0.756193895870736,,-0.22021747363105926,0.29427983337073604,
47030,2010,1,0.11465309402625234,0.676399678542727,,-0.002043494842688412,-0.07979421732800906,
47030,2010,2,,0.8586863804378732,,,,
47030,2014,1,,0.2028315515746894,,,-0.4735681269680376,
47030,2014,2,,0.18368175360259792,,,-0.6750046268352752,
47030,2018,1,0.5694062131340936,0.22689736531655524,,,0.024065813741865838,
47030,2018,2,0.6557000765110941,0.32612853863810254,,,0.14244678503550462,
47053,2002,1,0.7123991195891416,0.15645634629493763,,,,
47053,2006,1,0.2328103074371731,0.6408980737338946,,-0.47958881215196847,0.48444172743895697,
47053,2010,1,0.21168108776266997,0.6437989287185826,,-0.021129219674503125,0.0029008549846879506,
47053,2010,2,,0.8350981689830135,,,,
47053,2014,1,,0.26154529307282415,,,-0.3822536356457584,
47053,2014,2,,0.2612717801329262,,,-0.5738263888500873,
47053,2018,1,0.3592276605298608,0.4012572968118545,,,0.13971200373903037,
47053,2018,2,0.48649860949134294,0.48865165515385306,,,0.22737987502092688,
47058,2002,1,0.08897860314897053,0.7959628582963262,,,,
47058,2006,1,0.13250819075354933,0.5713505642519112,,0.0435295876045788,-0.22461229404441496,
47058,2010,1,0.11367359798361688,0.6630119722747322,,-0.01883459276993245,0.09166140802282097,
47058,2010,2,,0.8506417736289381,,,,
47058,2014,1,,0.2966337245213094,,,-0.36637824775342276,
47058,2014,2,,0.3411644535240041,,,-0.5094773201049341,
47058,2018,1,0.2874015748031496,0.46505905511811024,,,0.16842533059680082,
47058,2018,2,0.35245590745306277,0.6221316138820406,,,0.28096716035803654,
47161,2002,1,0.5567234505255527,0.38492207321493294,,,,
47161,2006,1,0.09705215419501134,0.5555555555555556,,-0.4596712963305414,0.17063348234062264,
47161,2010,1,0.044328097731239094,0.694240837696335,,-0.05272405646377225,0.13868528214077946,
47161,2010,2,,0.943522906793049,,,,
47161,2014,1,,0.09993060374739764,,,-0.5943102339489374,
47161,2014,2,,0.11634640694919715,,,-0.8271764998438518,
47161,2018,1,0.16116058603849467,0.24102269462798045,,,0.14109209088058283,
47161,2018,2,0.2806183115338882,0.7080856123662307,,,0.5917392054170335,
47170,2002,1,0.059465782803665435,0.8422694482355235,,,,
47170,2006,1,0.11752988047808766,0.7347277556440903,,0.05806409767442222,-0.1075416925914332,
47170,2010,1,0.07485525227460711,0.8229942100909843,,-0.042674628203480544,0.08826645444689396,
47170,2010,2,,0.9126984126984127,,,,
47170,2014,1,,0.2833734939759036,,,-0.5396207161150807,
47170,2014,2,,0.33377243536966905,,,-0.5789259773287436,
47170,2018,1,0.32239026189597936,0.4483585392843969,,,0.16498504530849328,
47170,2018,2,0.38597987378475185,0.5991813064983796,,,0.2654088711287106,
47189,2002,1,0.6522052637904098,0.24041581540680207,,,,
47189,2006,1,0.32491217193635047,0.3680512502583178,,-0.3272930918540593,0.12763543485151574,
47189,2010,1,0.28240464053436454,0.48465459658991034,,-0.04250753140198593,0.11660334633159253,
47189,2010,2,,0.7298666666666667,,,,
47189,2014,1,,0.29266028146989836,,,-0.19199431512001197,
47189,2014,2,,0.32787998318729994,,,-0.4019866834793667,
47189,2018,1,0.3696343402225755,0.3754258460140813,,,0.08276556454418293,
47189,2018,2,0.4834609834609835,0.48237873237873236,,,0.15449874919143242,
47205,2002,1,0.3291907514450867,0.6277456647398844,,,,
47205,2006,1,0.06310057655349136,0.5852017937219731,,-0.26609017489159537,-0.04254387101791124,
47205,2010,1,0.0741820537738905,0.6601878846776806,,0.01108147722039915,0.07498609095570752,
47205,2010,2,,0.8868180277871908,,,,
47205,2014,1,,0.1137609649122807,,,-0.5464269197653999,
47205,2014,2,,0.17089259946402804,,,-0.7159254283231627,
47205,2018,1,0.1762247504063153,0.2927791966566055,,,0.1790182317443248,
47205,2018,2,0.3681049822064057,0.6187722419928826,,,0.4478796425288546,
47245,2002,1,0.37635414231158915,0.5089237004130621,,,,
47245,2006,1,0.13140564680947694,0.6878358943304822,,-0.2449484955021122,0.17891219391742008,
47245,2010,1,0.09121022122323436,0.7140660120667218,,-0.04019542558624259,0.026230117736239622,
47245,2010,2,,0.8585776159688657,,,,
47245,2014,1,,0.33148700468683423,,,-0.3825790073798876,
47245,2014,2,,0.41521146663974967,,,-0.44336614932911605,
47245,2018,1,0.21135691137100182,0.42806819783006905,,,0.09658119314323482,
47245,2018,2,0.3434439813187365,0.6353638326721237,,,0.22015236603237404,
47258,2002,1,0.10995062666160274,0.8258640334219521,,,,
47258,2006,1,0.06901041666666667,0.6692708333333334,,-0.04094020999493607,-0.15659320008861877,
47258,2010,1,0.059030654515327255,0.7429577464788732,,-0.009979762151339416,0.07368691314553988,
47258,2010,2,,0.8728739642389882,,,,
47258,2014,1,,0.17399419328079635,,,-0.5689635531980769,
47258,2014,2,,0.21752052080384943,,,-0.6553534434351388,
47258,2018,1,0.22230442019604216,0.31496208618457555,,,0.1409678929037792,
47258,2018,2,0.45428480407773175,0.5262822554953807,,,0.30876173469153123,
47268,2002,1,0.7634529147982063,0.13639760837070253,,,,
47268,2006,1,0.22861150070126227,0.6569424964936886,,-0.5348414140969441,0.5205448881229862,
47268,2010,1,0.2563044475011463,0.6311325080238422,,0.027692946799884016,-0.02580998846984639,
47268,2010,2,,0.8405977584059776,,,,
47268,2014,1,,0.14689112136844965,,,-0.4842413866553926,
47268,2014,2,,0.12416707297253372,,,-0.7164306854334439,
47268,2018,1,0.455292736118101,0.2751216238886093,,,0.12823050252015963,
47268,2018,2,0.6160743397456798,0.3571894359308771,,,0.2330223629583434,
47288,2002,1,0.5552854388465085,0.3452091541621259,,,,
47288,2006,1,0.1076923076923077,0.7445599445599446,,-0.4475931311542008,0.3993507903978187,
47288,2010,1,0.09976148501503682,0.756196204500674,,-0.007930822677270882,0.011636259940729476,
47288,2010,2,,0.8564964447317388,,,,
47288,2014,1,,0.4352870723856576,,,-0.3209091321150164,
47288,2014,2,,0.4520649697930078,,,-0.404431474938731,
47288,2018,1,0.2668356421797841,0.47419481711314077,,,0.03890774472748315,
47288,2018,2,0.35498839907192575,0.6162062776342863,,,0.16414130784127845,
47318,2002,1,0.3768545994065282,0.3578635014836795,,,,
47318,2006,1,0.19523074283753647,0.7030365414307771,,-0.18162385656899174,0.3451730399470976,
47318,2010,1,0.10841037876528482,0.6707426185505517,,-0.08682036407225165,-0.03229392288022537,
47318,2010,2,,0.8559502373547225,,,,
47318,2014,1,,0.20445115050924179,,,-0.46629146804130994,
47318,2014,2,,0.3171884984025559,,,-0.5387617389521666,
47318,2018,1,0.22858553443594173,0.4638360898543569,,,0.25938493934511514,
47318,2018,2,0.2993492407809111,0.6831830117593333,,,0.36599451335677735,
47460,2002,1,0.1481940509915014,0.8146246458923513,,,,
47460,2006,1,0.04746108701199286,0.8185761673896402,,-0.10073296397950854,0.003951521497288946,
47460,2010,1,0.07259663032705649,0.7398414271555996,,0.02513554331506363,-0.07873474023404059,
47460,2010,2,,0.9112223393045311,,,,
47460,2014,1,,0.44406507330789313,,,-0.2957763538477065,
47460,2014,2,,0.4717941662080352,,,-0.4394281730964959,
47460,2018,1,0.16998039764771772,0.5194623354802577,,,0.07539726217236453,
47460,2018,2,0.2587145969498911,0.7253540305010894,,,0.25355986429305416,
47541,2002,1,0.1840382678751259,0.7479859013091642,,,,
47541,2006,1,0.12133891213389121,0.7158995815899581,,-0.06269935574123468,-0.03208631971920606,
47541,2010,1,0.04931335830212235,0.8417602996254682,,-0.07202555383176887,0.12586071803551002,
47541,2010,2,,0.9322207084468664,,,,
47541,2014,1,,0.3618843683083512,,,-0.479875931317117,
47541,2014,2,,0.2998991935483871,,,-0.6323215148984793,
47541,2018,1,0.21491745283018868,0.46609669811320753,,,0.10421232980485634,
47541,2018,2,0.2641140301844606,0.7241475684740079,,,0.42424837492562073,
47545,2002,1,0.27841726618705037,0.5679856115107914,,,,
47545,2006,1,0.11298482293423272,0.8020236087689714,,-0.16543244325281764,0.23403799725817998,
47545,2010,1,0.11775759473849044,0.6511118070779831,,0.004772771804257725,-0.15091180169098828,
47545,2010,2,,0.8770801815431165,,,,
47545,2014,1,,0.38396156688839617,,,-0.26715024018958694,
47545,2014,2,,0.4609704641350211,,,-0.41610971740809544,
47545,2018,1,0.24601571268237934,0.4222222222222222,,,0.038260655333826055,
47545,2018,2,0.30302351623740204,0.6826427771556551,,,0.22167231302063406,
47551,2002,1,0.1470997300171807,0.7435163216886198,,,,
47551,2006,1,0.10169043845747491,0.5443740095087163,,-0.0454092915597058,-0.19914231217990352,
47551,2010,1,0.2727272727272727,0.5485502012176247,,0.1710368342697978,0.004176191708908372,
47551,2010,2,,0.7627753804224392,,,,
47551,2014,1,,0.1093969144460028,,,-0.43915328677162185,
47551,2014,2,,0.1260454444526682,,,-0.636729935969771,
47551,2018,1,0.35027765912003417,0.25339598462195645,,,0.14399907017595365,
47551,2018,2,0.5792143900376663,0.3977246521638865,,,0.27167920771121834,
47555,2002,1,0.4594036507805402,0.38126703559924013,,,,
47555,2006,1,0.14156015866020275,0.6197443807844866,,-0.31784349212033747,0.23847734518524644,
47555,2010,1,0.1479835953520164,0.7023923444976077,,0.0064234366918136665,0.08264796371312111,
47555,2010,2,,0.8646472392638037,,,,
47555,2014,1,,0.28059748181747085,,,-0.42179486268013683,
47555,2014,2,,0.3002410191667623,,,-0.5644062200970414,
47555,2018,1,0.366262341325811,0.3594358251057828,,,0.07883834328831196,
47555,2018,2,0.4569799295577794,0.5246827304746464,,,0.2244417113078841,
47570,2002,1,0.6927744070601214,0.23083287369001654,,,,
47570,2006,1,0.12505446623093683,0.42854030501089324,,-0.5677199408291845,0.1977074313208767,
47570,2010,1,0.12292095675590052,0.491367020434025,,-0.0021335094750363076,0.06282671542313178,
47570,2010,2,,0.8407382091592618,,,,
47570,2014,1,,0.22369402985074627,,,-0.26767299058327876,
47570,2014,2,,0.2383973288814691,,,-0.6023408802777926,
47570,2018,1,0.27571409413973447,0.43623441062089313,,,0.21254038077014686,
47570,2018,2,0.38036201338953635,0.5989337961815026,,,0.3605364673000334,
47605,2002,1,0.08718929254302103,0.8413001912045889,,,,
47605,2006,1,0.14363143631436315,0.6086720867208673,,0.056442143771342115,-0.23262810448372162,
47605,2010,1,0.0822970007315289,0.790416971470373,,-0.061334435582834246,0.1817448847495058,
47605,2010,2,,0.8973322554567502,,,,
47605,2014,1,,0.10379384395132427,,,-0.6866231275190487,
47605,2014,2,,0.11996779388083736,,,-0.7773644615759129,
47605,2018,1,0.30986406413384454,0.1976298361798536,,,0.09383599222852934,
47605,2018,2,0.4800987349583462,0.5041653810552299,,,0.38419758717439256,
47660,2002,1,0.012623152709359606,0.9304187192118226,,,,
47660,2006,1,0.03304268012849931,0.8499311610830657,,0.02041952741913971,-0.08048755812875696,
47660,2010,1,0.0186864523220665,0.8667216268205551,,-0.014356227806432812,0.016790465737489435,
47660,2010,2,,0.9489827856025039,,,,
47660,2014,1,,0.3040439340988517,,,-0.5626776927217034,
47660,2014,2,,0.3654926938928438,,,-0.5834900917096602,
47660,2018,1,0.10443764345830145,0.5621652639632747,,,0.258121329864423,
47660,2018,2,0.21899587860621955,0.7620831772199326,,,0.3965904833270888,
47675,2002,1,0.12353138637126553,0.8123531386371265,,,,
47675,2006,1,0.16063348416289594,0.665158371040724,,0.037102097791630415,-0.1471947675964026,
47675,2010,1,0.049271339347675226,0.7505204718945176,,-0.11136214481522072,0.0853621008537937,
47675,2010,2,,0.9025748086290883,,,,
47675,2014,1,,0.2849162011173184,,,-0.46560427077719924,
47675,2014,2,,0.26306068601583116,,,-0.6395141226132572,
47675,2018,1,0.24210526315789474,0.4361308677098151,,,0.15121466659249666,
47675,2018,2,0.38192646297255306,0.5981356809943035,,,0.3350749949784723,
47692,2002,1,0.6641221374045801,0.25033677593174675,,,,
47692,2006,1,0.23222322232223222,0.5666066606660666,,-0.4318989150823479,0.31626988473431983,
47692,2010,1,0.18147951037786056,0.6572645023948909,,-0.05074371194437166,0.0906578417288243,
47692,2010,2,,0.8539392736654098,,,,
47692,2014,1,,0.21274153434092213,,,-0.44452296805396874,
47692,2014,2,,0.2536359929319016,,,-0.6003032807335082,
47692,2018,1,0.32294656279896133,0.36531365313653136,,,0.15257211879560922,
47692,2018,2,0.42370333249812075,0.5615134051616136,,,0.30787741222971204,
47703,2002,1,0.40319792566983575,0.4788245462402766,,,,
47703,2006,1,0.14765356734070964,0.6970621900038153,,-0.25554435832912614,0.2182376437635387,
47703,2010,1,0.09764207980652963,0.6003627569528416,,-0.05001148753418001,-0.09669943305097373,
47703,2010,2,,0.857095709570957,,,,
47703,2014,1,,0.11273666092943202,,,-0.48762609602340956,
47703,2014,2,,0.17012741859367625,,,-0.6869682909772807,
47703,2018,1,0.3088042049934297,0.21309680245291282,,,0.1003601415234808,
47703,2018,2,0.44899344039809996,0.5394707079846188,,,0.3693432893909426,
47707,2002,1,0.36936936936936937,0.5280382423239566,,,,
47707,2006,1,0.10315186246418338,0.8026504297994269,,-0.266217506905186,0.27461218747547034,
47707,2010,1,0.04186349568333605,0.7672259325623065,,-0.061288366780847335,-0.03542449723712038,
47707,2010,2,,0.896,,,,
47707,2014,1,,0.417286432160804,,,-0.3499395004015025,
47707,2014,2,,0.526475637131916,,,-0.369524362868084,
47707,2018,1,0.16875166356135216,0.6148522757519297,,,0.19756584359112567,
47707,2018,2,0.22843450479233227,0.7539936102236422,,,0.22751797309172617,
47720,2002,1,0.5668508287292817,0.34033149171270716,,,,
47720,2006,1,0.13373737373737374,0.6238383838383839,,-0.433113454991908,0.2835068921256767,
47720,2010,1,0.03982710713183081,0.8030256251929608,,-0.09391026660554293,0.17918724135457698,
47720,2010,2,,0.9349705984088551,,,,
47720,2014,1,,0.19611940298507463,,,-0.6069062222078863,
47720,2014,2,,0.21679284239504473,,,-0.7181777560138104,
47720,2018,1,0.382808181315644,0.2882808181315644,,,0.09216141514648979,
47720,2018,2,0.5097485890200103,0.47562852744997436,,,0.2588356850549296,
47745,2002,1,0.5494949494949495,0.31021324354657687,,,,
47745,2006,1,0.19357231149567367,0.5025957972805933,,-0.3559226379992758,0.19238255373401647,
47745,2010,1,0.16190307118764424,0.6845375466003906,,-0.03166924030802942,0.18194174931979723,
47745,2010,2,,0.8662420382165605,,,,
47745,2014,1,,0.14538614737773844,,,-0.5391513992226521,
47745,2014,2,,0.1647482014388489,,,-0.7014938367777116,
47745,2018,1,0.36021693491952417,0.34219734079776065,,,0.1968111934200222,
47745,2018,2,0.460458360232408,0.513234344738541,,,0.3484861432996921,
47798,2002,1,0.14068021201413428,0.786439929328622,,,,
47798,2006,1,0.21905476369092272,0.5855213803450863,,0.07837455167678845,-0.20091854898353567,
47798,2010,1,0.10660980810234541,0.5199893390191898,,-0.11244495558857731,-0.06553204132589652,
47798,2010,2,,0.8946742041059209,,,,
47798,2014,1,,0.14728461757179415,,,-0.37270472144739564,
47798,2014,2,,0.16488132745221593,,,-0.729792876653705,
47798,2018,1,0.23264311814859928,0.23345513601299228,,,0.08617051844119814,
47798,2018,2,0.4160339437248772,0.556945064761054,,,0.39206373730883803,
47960,2002,1,0.02041560335399198,0.9354721108275611,,,,
47960,2006,1,0.04220779220779221,0.8371985157699443,,0.02179218885380023,-0.09827359505761679,
47960,2010,1,0.01729615248852806,0.831627250264737,,-0.024911639719264148,-0.005571265505207257,
47960,2010,2,,0.9252187748607796,,,,
47960,2014,1,,0.3745414526779164,,,-0.45708579758682066,
47960,2014,2,,0.47711864406779664,,,-0.448100130792983,
47960,2018,1,0.13585232189212576,0.4877415633112201,,,0.11320011063330371,
47960,2018,2,0.21613518669937312,0.7721449986372309,,,0.2950263545694342,
47980,2002,1,0.7072639601804324,0.1676777103748639,,,,
47980,2006,1,0.22189574491239525,0.5411905539231691,,-0.4853682152680371,0.37351284354830516,
47980,2010,1,0.3247063940843845,0.5337103088299261,,0.10281064917198926,-0.007480245093242965,
47980,2010,2,,0.827061310782241,,,,
47980,2014,1,,0.23915569326103794,,,-0.2945546155688882,
47980,2014,2,,0.23626118275822006,,,-0.5908001280240209,
47980,2018,1,0.4697112551561579,0.2896287566293459,,,0.05047306336830795,
47980,2018,2,0.6153763325078067,0.3591041240443631,,,0.12284294128614304,
50001,2002,1,0.17470423469575794,0.6669737957468765,,,,
50001,2006,1,0.2152075312273318,0.6942232425409124,,0.04050329653157386,0.027249446794035848,
50001,2010,1,0.049049079567558336,0.5500887200531711,,-0.16615845165977347,-0.14413452248774128,
50001,2010,2,,0.7082793569822465,,,,
50001,2014,1,,0.37510846985195506,,,-0.17498025020121605,
50001,2014,2,,0.6174568835281179,,,-0.09082247345412864,
50001,2018,1,0.16757601452588866,0.45214048203575535,,,0.07703201218380029,
50001,2018,2,0.3341764000429311,0.6086879424350318,,,-0.008768941093086124,
50006,2002,1,0.12685925015365704,0.6305470190534727,,,,
50006,2006,1,0.17211695191524043,0.7356356968215159,,0.04525770176158339,0.1050886777680432,
50006,2010,1,0.037114579368100496,0.6911686334221545,,-0.13500237254713993,-0.04446706339936135,
50006,2010,2,,0.8059248612608296,,,,
50006,2014,1,,0.4395158735187884,,,-0.2516527599033661,
50006,2014,2,,0.6822734329812171,,,-0.12365142827961251,
50006,2018,1,0.13960405242122875,0.5100613439910773,,,0.07054547047228887,
50006,2018,2,0.2758322317029203,0.6484316788847494,,,-0.033841754096467724,
50110,2002,1,0.55625,0.31145833333333334,,,,
50110,2006,1,0.1792279411764706,0.6139705882352942,,-0.37702205882352946,0.3025122549019608,
50110,2010,1,0.017623363544813697,0.7366565961732124,,-0.1616045776316569,0.12268600793791828,
50110,2010,2,,0.8433464345873105,,,,
50110,2014,1,,0.46450939457202506,,,-0.2721472016011874,
50110,2014,2,,0.6027268453220498,,,-0.24061958926526072,
50110,2018,1,0.17905646890636168,0.5682630450321658,,,0.10375365046014079,
50110,2018,2,0.26775541207747816,0.676414736042537,,,0.0736878907204872,
50124,2002,1,0.5362318840579711,0.36231884057971014,,,,
50124,2006,1,0.12304483837330553,0.6882168925964547,,-0.4131870456846655,0.32589805201674454,
50124,2010,1,0.02258469259723965,0.7936010037641155,,-0.10046014577606588,0.10538411116766078,
50124,2010,2,,0.8862876254180602,,,,
50124,2014,1,,0.5725149375339489,,,-0.22108606623016658,
50124,2014,2,,0.5976480470390593,,,-0.2886395783790009,
50124,2018,1,0.10145888594164457,0.583554376657825,,,0.01103943912387606,
50124,2018,2,0.18766937669376693,0.7594850948509485,,,0.16183704781188923,
50150,2002,1,0.10290334435869165,0.6883498713708196,,,,
50150,2006,1,0.18181818181818182,0.7415420023014959,,0.07891483745949017,0.05319213093067632,
50150,2010,1,0.024787273399926008,0.7101368849426563,,-0.15703090841825582,-0.03140511735883966,
50150,2010,2,,0.8247402470103902,,,,
50150,2014,1,,0.4099454214675561,,,-0.3001914634751002,
50150,2014,2,,0.6202962962962963,,,-0.20444395071409383,
50150,2018,1,0.13106796116504854,0.5395453469097797,,,0.12959992544222365,
50150,2018,2,0.2586082350108355,0.6636166626535035,,,0.04332036635720715,
50223,2002,1,0.043478260869565216,0.748792270531401,,,,
50223,2006,1,0.060832443970117396,0.8911419423692636,,0.01735418310055218,0.14234967183786262,
50223,2010,1,0.014125467386788533,0.7444952222683838,,-0.04670697658332886,-0.14664672010087976,
50223,2010,2,,0.8795765328628143,,,,
50223,2014,1,,0.5745105872952457,,,-0.1699846349731381,
50223,2014,2,,0.757883291047481,,,-0.12169324181533336,
50223,2018,1,0.08850424559111691,0.6397779229261921,,,0.06526733563094633,
50223,2018,2,0.17409976874793526,0.7753551370994384,,,0.017471846051957396,
50226,2002,1,0.26264436479490244,0.5459976105137395,,,,
50226,2006,1,0.16811934294334563,0.7500838082467315,,-0.09452502185155681,0.20408619773299197,
50226,2010,1,0.027476038338658148,0.6939297124600639,,-0.1406433046046875,-0.056154095786667635,
50226,2010,2,,0.8023737234336186,,,,
50226,2014,1,,0.4539422326307572,,,-0.23998747982930663,
50226,2014,2,,0.6514764008370146,,,-0.15089732259660393,
50226,2018,1,0.13394462423588638,0.5360481841064365,,,0.08210595147567928,
50226,2018,2,0.2627791795159331,0.6763853845435006,,,0.024908983706485976,
50245,2002,1,0.0,0.0,,,,
50245,2006,1,0.056768558951965066,0.8930131004366813,,0.056768558951965066,0.8930131004366813,
50245,2010,1,0.009933774834437087,0.8388520971302428,,-0.04683478411752798,-0.05416100330643847,
50245,2010,2,,0.911452184179457,,,,
50245,2014,1,,0.6851385390428212,,,-0.1537135580874216,
50245,2014,2,,0.7458379578246392,,,-0.1656142263548177,
50245,2018,1,0.11425206124852769,0.5959952885747939,,,-0.08914325046802729,
50245,2018,2,0.16817155756207675,0.801354401805869,,,0.05551644398122979,
50251,2002,1,0.34551495016611294,0.3222591362126246,,,,
50251,2006,1,0.16977611940298507,0.6986940298507462,,-0.17573883076312788,0.37643489363812166,
50251,2010,1,0.07423117709437964,0.6325556733828208,,-0.09554494230860543,-0.06613835646792543,
50251,2010,2,,0.7719197707736389,,,,
50251,2014,1,,0.35351966873706003,,,-0.2790360046457608,
50251,2014,2,,0.41670128791026173,,,-0.3552184828633772,
50251,2018,1,0.3630305156085584,0.39074009119607156,,,0.037220422459011526,
50251,2018,2,0.4567307692307692,0.48695054945054944,,,0.07024926154028771,
50270,2002,1,0.1191806331471136,0.7616387337057728,,,,
50270,2006,1,0.057211925866236905,0.8589846897663175,,-0.06196870728087669,0.09734595606054464,
50270,2010,1,0.013626040878122634,0.8160484481453444,,-0.04358588498811427,-0.04293624162097309,
50270,2010,2,,0.9161442006269592,,,,
50270,2014,1,,0.5604467805519053,,,-0.25560166759343905,
50270,2014,2,,0.7125435540069687,,,-0.20360064661999056,
50270,2018,1,0.12186192468619247,0.6516736401673641,,,0.09122685961545873,
50270,2018,2,0.19463753723932473,0.7646474677259185,,,0.052103913718949846,
50287,2002,1,0.5238640702558228,0.31958762886597936,,,,
50287,2006,1,0.17753164556962026,0.6632911392405063,,-0.34633242468620257,0.34370351037452695,
50287,2010,1,0.050403665721143354,0.6637573641719398,,-0.1271279798484769,0.00046622493143344546,
50287,2010,2,,0.797517811997242,,,,
50287,2014,1,,0.48333727251240843,,,-0.18042009165953132,
50287,2014,2,,0.5549088086922779,,,-0.24260900330496415,
50287,2018,1,0.1833044816310829,0.5370263512213888,,,0.05368907870898032,
50287,2018,2,0.2952399306224706,0.6492580458662556,,,0.0943492371739777,
50313,2002,1,0.3248178239383533,0.5088365859787252,,,,
50313,2006,1,0.1866548889039886,0.6782632329958551,,-0.1381629350343647,0.16942664701712995,
50313,2010,1,0.04799202506408431,0.6488654704262793,,-0.13866286383990428,-0.029397762569575825,
50313,2010,2,,0.7734068064697178,,,,
50313,2014,1,,0.4754020363497954,,,-0.1734634340764839,
50313,2014,2,,0.577478907359452,,,-0.19592789911026587,
50313,2018,1,0.16750572082379864,0.5022707269846858,,,0.02686869063489039,
50313,2018,2,0.28855791133695463,0.6487471526195899,,,0.07126824526013797,
50318,2002,1,0.07849526066350711,0.753850710900474,,,,
50318,2006,1,0.12156862745098039,0.8190849673202615,,0.04307336678747328,0.06523425641978753,
50318,2010,1,0.018109452736318407,0.7657711442786069,,-0.10345917471466198,-0.05331382304165455,
50318,2010,2,,0.8531937172774869,,,,
50318,2014,1,,0.5532128514056225,,,-0.21255829287298444,
50318,2014,2,,0.7320251177394035,,,-0.12116859953808345,
50318,2018,1,0.09853646227605349,0.6098914963411557,,,0.05667864493553321,
50318,2018,2,0.19899600978246879,0.7457845282533144,,,0.013759410513910941,
50325,2002,1,0.0544464609800363,0.8820326678765881,,,,
50325,2006,1,0.12033898305084746,0.7067796610169491,,0.06589252207081117,-0.17525300685963896,
50325,2010,1,0.04513888888888889,0.5388888888888889,,-0.07520009416195858,-0.16789077212806025,
50325,2010,2,,0.6501111934766494,,,,
50325,2014,1,,0.43887362637362637,,,-0.10001526251526249,
50325,2014,2,,0.4897142857142857,,,-0.16039690776236365,
50325,2018,1,0.1896551724137931,0.48537095088819227,,,0.046497324514565896,
50325,2018,2,0.2450753186558517,0.7010428736964078,,,0.21132858798212212,
50330,2002,1,0.21122994652406418,0.2727272727272727,,,,
50330,2006,1,0.12547892720306514,0.7432950191570882,,-0.08575101932099904,0.47056774642981547,
50330,2010,1,0.05737316263632053,0.6486486486486487,,-0.06810576456674461,-0.09464637050843949,
50330,2010,2,,0.7630579297245964,,,,
50330,2014,1,,0.4011363636363636,,,-0.24751228501228506,
50330,2014,2,,0.4588998763906057,,,-0.3041580533339907,
50330,2018,1,0.4158273381294964,0.36810551558752996,,,-0.03303084804883366,
50330,2018,2,0.4675,0.4845,,,0.025600123609394287,
50350,2002,1,0.21293532338308457,0.4427860696517413,,,,
50350,2006,1,0.35241210139002455,0.47506132461161077,,0.13947677800693997,0.03227525495986949,
50350,2010,1,0.024863553668890235,0.6082474226804123,,-0.3275485477211343,0.13318609806880155,
50350,2010,2,,0.7408707865168539,,,,
50350,2014,1,,0.2611570247933884,,,-0.3470903978870239,
50350,2014,2,,0.3695090439276486,,,-0.3713617425892053,
50350,2018,1,0.31329741990360077,0.37283810603912676,,,0.11168108124573833,
50350,2018,2,0.4571680894907271,0.478068884309685,,,0.10855984038203642,
50370,2002,1,0.13114754098360656,0.04918032786885246,,,,
50370,2006,1,0.7344110854503464,0.17090069284064666,,0.6032635444667398,0.1217203649717942,
50370,2010,1,0.3492569002123142,0.19532908704883228,,-0.3851541852380322,0.024428394208185628,
50370,2010,2,,0.36945169712793735,,,,
50370,2014,1,,0.08078750848608282,,,-0.11454157856274946,
50370,2014,2,,0.09723756906077348,,,-0.2722141280671639,
50370,2018,1,0.7704683589560243,0.08544869503038971,,,0.004661186544306889,
50370,2018,2,0.8616328095055577,0.10885396703717899,,,0.011616397976405513,
50400,2002,1,0.2502532928064843,0.4447821681864235,,,,
50400,2006,1,0.13432835820895522,0.7932396839332748,,-0.11592493459752906,0.3484575157468513,
50400,2010,1,0.032133676092544985,0.7750642673521851,,-0.10219468211641024,-0.018175416581089676,
50400,2010,2,,0.849638251022334,,,,
50400,2014,1,,0.5159345391903531,,,-0.259129728161832,
50400,2014,2,,0.6067358825018992,,,-0.24290236852043479,
50400,2018,1,0.18639195016770485,0.5941542884523239,,,0.07821974926197073,
50400,2018,2,0.2584190832553789,0.681244153414406,,,0.07450827091250678,
50450,2002,1,0.2991869918699187,0.36910569105691055,,,,
50450,2006,1,0.2760041194644696,0.4572605561277034,,-0.023182872405449084,0.08815486507079284,
50450,2010,1,0.030973451327433628,0.5896017699115044,,-0.245030668137036,0.13234121378380098,
50450,2010,2,,0.709267110841914,,,,
50450,2014,1,,0.4197662061636557,,,-0.1698355637478487,
50450,2014,2,,0.5254529767040552,,,-0.18381413413785874,
50450,2018,1,0.30825565912117175,0.47569906790945404,,,0.05593286174579837,
50450,2018,2,0.3651535380507343,0.5814419225634179,,,0.05598894585936265,
50568,2002,1,0.4469790382244143,0.42355117139334153,,,,
50568,2006,1,0.1188663282571912,0.5748730964467005,,-0.3281127099672231,0.15132192505335895,
50568,2010,1,0.015790451421140626,0.6644993498049415,,-0.10307587683605057,0.08962625335824104,
50568,2010,2,,0.7998746605389597,,,,
50568,2014,1,,0.4116389185886666,,,-0.25286043121627494,
50568,2014,2,,0.5448572150619156,,,-0.2550174454770441,
50568,2018,1,0.2680826636050517,0.4251817833907386,,,0.013542864802072008,
50568,2018,2,0.39389993145990404,0.5322823851953393,,,-0.01257482986657632,
50573,2002,1,0.28847621470363777,0.5625794963113712,,,,
50573,2006,1,0.17378048780487804,0.7128339140534262,,-0.11469572689875973,0.15025441774205506,
50573,2010,1,0.03936514566148063,0.7088858724026313,,-0.1344153421433974,-0.003948041650794876,
50573,2010,2,,0.8333717978306023,,,,
50573,2014,1,,0.5416930546759553,,,-0.16719281772667605,
50573,2014,2,,0.6899280575539568,,,-0.14344374027664553,
50573,2018,1,0.13107287449392713,0.6014314632735686,,,0.05973840859761326,
50573,2018,2,0.21886546402955878,0.7308556110990364,,,0.0409275535450796,
50577,2002,1,0.38058551617873654,0.35130970724191063,,,,
50577,2006,1,0.18176670441676104,0.6919592298980748,,-0.1988188117619755,0.34064952265616416,
50577,2010,1,0.020213156927600145,0.6108048511576626,,-0.1615535474891609,-0.0811543787404122,
50577,2010,2,,0.7650924024640657,,,,
50577,2014,1,,0.5247964470762398,,,-0.08600840408142274,
50577,2014,2,,0.6185737976782753,,,-0.14651860478579048,
50577,2018,1,0.12286387743076016,0.6101944608131997,,,0.08539801373695988,
50577,2018,2,0.22525804493017607,0.7343655130540376,,,0.11579171537576238,
50590,2002,1,0.30664240218380345,0.37670609645131936,,,,
50590,2006,1,0.3245341614906832,0.5424430641821946,,0.01789175930687975,0.1657369677308752,
50590,2010,1,0.027711255559356825,0.6794389326034895,,-0.2968229059313264,0.13699586842129496,
50590,2010,2,,0.7824651504035216,,,,
50590,2014,1,,0.5160996354799514,,,-0.16333929712353812,
50590,2014,2,,0.5597075548334687,,,-0.22275759557005292,
50590,2018,1,0.35900755124056094,0.4349514563106796,,,-0.0811481791692718,
50590,2018,2,0.4004385964912281,0.5353070175438597,,,-0.024400537289609003,
50606,2002,1,0.12564102564102564,0.6661538461538462,,,,
50606,2006,1,0.16656422864167178,0.7705388240114731,,0.04092320300064614,0.1043849778576269,
50606,2010,1,0.03625150421179302,0.6459085439229844,,-0.13031272442987876,-0.12463028008848875,
50606,2010,2,,0.7933627595226418,,,,
50606,2014,1,,0.44324809331538806,,,-0.2026604506075963,
50606,2014,2,,0.6855801475519785,,,-0.1077826119706633,
50606,2018,1,0.13147968531091714,0.5196680676797069,,,0.0764199743643188,
50606,2018,2,0.2589426321709786,0.6917885264341957,,,0.006208378882217258,
50680,2002,1,0.20915243312922976,0.6596841766032872,,,,
50680,2006,1,0.10692995529061103,0.7883755588673621,,-0.10222247783861874,0.12869138226407495,
50680,2010,1,0.023816612086930634,0.7802917534980649,,-0.0831133432036804,-0.008083805369297203,
50680,2010,2,,0.8821014050091631,,,,
50680,2014,1,,0.5374496644295302,,,-0.24284208906853466,
50680,2014,2,,0.6493202062822316,,,-0.23278119872693148,
50680,2018,1,0.11365807067812798,0.6794651384909265,,,0.14201547406139625,
50680,2018,2,0.18792971734148206,0.7662337662337663,,,0.11691355995153463,
50683,2002,1,0.41119483315392896,0.4068891280947255,,,,
50683,2006,1,0.16051136363636365,0.6910511363636364,,-0.2506834695175653,0.28416200826891086,
50683,2010,1,0.036611323967645805,0.7015751383567476,,-0.12390003966871785,0.01052400199311121,
50683,2010,2,,0.7937743190661478,,,,
50683,2014,1,,0.47607361963190187,,,-0.2255015187248457,
50683,2014,2,,0.5508265916285614,,,-0.2429477274375864,
50683,2018,1,0.21212121212121213,0.5435801312089972,,,0.06750651157709531,
50683,2018,2,0.30719357826489657,0.6384686631676443,,,0.08764207153908288,
50686,2002,1,0.0,0.0,,,,
50686,2006,1,0.05454545454545454,0.9,,0.05454545454545454,0.9,
50686,2010,1,0.010014306151645207,0.9027181688125894,,-0.04453114839380934,0.00271816881258935,
50686,2010,2,,0.9451659451659452,,,,
50686,2014,1,,0.6955922865013774,,,-0.20712588231121198,
50686,2014,2,,0.8263795423956931,,,-0.1187864027702521,
50686,2018,1,0.09673366834170855,0.7236180904522613,,,0.028025803950883943,
50686,2018,2,0.13375,0.81875,,,-0.007629542395693134,
50689,2002,1,0.23925046009703865,0.629245440856617,,,,
50689,2006,1,0.11917744196915407,0.7691229163421094,,-0.12007301812788458,0.13987747548549234,
50689,2010,1,0.03369404820462371,0.6505164781111658,,-0.08548339376453036,-0.11860643823094363,
50689,2010,2,,0.8041535226077813,,,,
50689,2014,1,,0.44112399643175737,,,-0.20939248167940838,
50689,2014,2,,0.6389666977902272,,,-0.1651868248175541,
50689,2018,1,0.09841413683733576,0.6295423652016312,,,0.18841836876987383,
50689,2018,2,0.19255396999634103,0.7536589828027809,,,0.11469228501255369,
50711,2002,1,0.1370851370851371,0.6392496392496393,,,,
50711,2006,1,0.09238845144356955,0.8341207349081364,,-0.044696685641567535,0.19487109565849714,
50711,2010,1,0.01660377358490566,0.7861635220125787,,-0.07578467785866388,-0.047957212895557766,
50711,2010,2,,0.858521717043434,,,,
50711,2014,1,,0.47388414055080724,,,-0.3122793814617714,
50711,2014,2,,0.5685789938217123,,,-0.28994272322172177,
50711,2018,1,0.27071092831962396,0.4600470035252644,,,-0.013837137025542845,
50711,2018,2,0.3682639199880579,0.5642633228840125,,,-0.0043156709376998,
52001,2002,1,0.18658419994927125,0.5821512887050514,,,,
52001,2006,1,0.3959232900927111,0.49600891204875847,,0.20933909014343985,-0.08614237665629293,
52001,2010,1,0.21429646350639578,0.2568562112580171,,-0.18162682658631532,-0.23915270079074136,
52001,2010,2,,0.4696651787522582,,,,
52001,2014,1,,0.1546405971117962,,,-0.1022156141462209,
52001,2014,2,,0.26175348579293023,,,-0.207911692959328,
52001,2018,1,0.43086642272845094,0.21296770732236617,,,0.058327110210569966,
52001,2018,2,0.6748775636029455,0.2752986750113421,,,0.013545189218411857,
52019,2002,1,0.1110576923076923,0.6644230769230769,,,,
52019,2006,1,0.07487207110153515,0.8825747374091032,,-0.03618562120615715,0.2181516604860263,
52019,2010,1,0.03010641058915131,0.7871788216973786,,-0.04476566051238384,-0.09539591571172457,
52019,2010,2,,0.8783123231283766,,,,
52019,2014,1,,0.7195605736954531,,,-0.06761824800192551,
52019,2014,2,,0.7739348370927318,,,-0.10437748603564478,
52019,2018,1,0.19523562920766444,0.693423096841015,,,-0.026137476854438124,
52019,2018,2,0.23910962182862613,0.7297750119674485,,,-0.04415982512528327,
52022,2002,1,0.2850953206239168,0.34705372616984403,,,,
52022,2006,1,0.6276831976313841,0.29163582531458176,,0.34258787700746735,-0.05541790085526227,
52022,2010,1,0.09477009477009476,0.21621621621621623,,-0.5329131028612893,-0.07541960909836554,
52022,2010,2,,0.4615092908608267,,,,
52022,2014,1,,0.17692939244663383,,,-0.039286823769582396,
52022,2014,2,,0.4045368620037807,,,-0.05697242885704601,
52022,2018,1,0.3502377179080824,0.25578446909667196,,,0.07885507665003813,
52022,2018,2,0.5821956769055745,0.3757110352673493,,,-0.028825826736431415,
52036,2002,1,0.39730134932533734,0.27136431784107945,,,,
52036,2006,1,0.48234106962663975,0.3760511268079381,,0.08503972030130241,0.10468680896685867,
52036,2010,1,0.17380442541042113,0.2737330478229836,,-0.3085366442162186,-0.10231807898495454,
52036,2010,2,,0.6031860970311369,,,,
52036,2014,1,,0.15162907268170425,,,-0.12210397514127933,
52036,2014,2,,0.2444566110046537,,,-0.3587294860264832,
52036,2018,1,0.49397217928902626,0.3054095826893354,,,0.15378051000763113,
52036,2018,2,0.5974776668418287,0.36889122438255384,,,0.12443461337790013,
52051,2002,1,0.16398037841625787,0.5010511562718991,,,,
52051,2006,1,0.26279527559055116,0.6186023622047244,,0.09881489717429329,0.11755120593282531,
52051,2010,1,0.07195845697329377,0.6513353115727003,,-0.19083681861725738,0.03273294936797588,
52051,2010,2,,0.8156594450779171,,,,
52051,2014,1,,0.5893416927899686,,,-0.061993618782731685,
52051,2014,2,,0.7086479066575154,,,-0.10701153842040168,
52051,2018,1,0.31667249213561693,0.5571478504019574,,,-0.03219384238801126,
52051,2018,2,0.3665605095541401,0.5917197452229299,,,-0.11692816143458551,
52079,2002,1,0.6150121065375302,0.27280064568200163,,,,
52079,2006,1,0.3379714390333211,0.29586232149395825,,-0.27704066750420914,0.023061675811956617,
52079,2010,1,0.054681999530626614,0.5984510678244543,,-0.2832894395026945,0.3025887463304961,
52079,2010,2,,0.7215652547839174,,,,
52079,2014,1,,0.23163138231631383,,,-0.3668196855081405,
52079,2014,2,,0.21779141104294478,,,-0.5037738437409727,
52079,2018,1,0.30060393532047536,0.302357295928307,,,0.07072591361199318,
52079,2018,2,0.5306975249116039,0.4096753455480553,,,0.19188393450511051,
52083,2002,1,0.4298391569606212,0.33832501386577923,,,,
52083,2006,1,0.16794258373205742,0.6023923444976077,,-0.26189657322856374,0.26406733063182847,
52083,2010,1,0.043654001616814875,0.4894907033144705,,-0.12428858211524255,-0.11290164118313722,
52083,2010,2,,0.7409758032526775,,,,
52083,2014,1,,0.2640990371389271,,,-0.2253916661755434,
52083,2014,2,,0.3837876614060258,,,-0.3571881418466517,
52083,2018,1,0.38731160182264285,0.41254819488257977,,,0.1484491577436527,
52083,2018,2,0.5051546391752577,0.44693753790175866,,,0.06314987649573284,
52110,2002,1,0.3124645892351275,0.5269121813031161,,,,
52110,2006,1,0.20423892100192678,0.7060915962650066,,-0.1082256682332007,0.1791794149618905,
52110,2010,1,0.08358831710709319,0.62336578581363,,-0.12065060389483359,-0.08272581045137661,
52110,2010,2,,0.8071387449625792,,,,
52110,2014,1,,0.42221135029354206,,,-0.20115443552008794,
52110,2014,2,,0.5441732554142317,,,-0.26296548954834753,
52110,2018,1,0.220791383750878,0.5715289159447436,,,0.14931756565120158,
52110,2018,2,0.3006251986860231,0.6626046413054997,,,0.118431385891268,
52203,2002,1,0.41786743515850144,0.2610951008645533,,,,
52203,2006,1,0.198005698005698,0.5744301994301995,,-0.21986173715280344,0.3133350985656462,
52203,2010,1,0.18812615955473097,0.35139146567717994,,-0.009879538450967035,-0.22303873375301952,
52203,2010,2,,0.6283464566929133,,,,
52203,2014,1,,0.3325526932084309,,,-0.018838772468749043,
52203,2014,2,,0.4944541739638062,,,-0.13389228272910714,
52203,2018,1,0.5705882352941176,0.23137254901960785,,,-0.10118014418882304,
52203,2018,2,0.6473029045643154,0.3087136929460581,,,-0.1857404810177481,
52207,2002,1,0.4451303155006859,0.399519890260631,,,,
52207,2006,1,0.442837653478854,0.42783083219645296,,-0.0022926620218318705,0.028310941935821954,
52207,2010,1,0.17401332649923115,0.41978472578165044,,-0.2688243269796229,-0.008046106414802523,
52207,2010,2,,0.6208261192184021,,,,
52207,2014,1,,0.2645198389879241,,,-0.15526488679372635,
52207,2014,2,,0.34861053504769807,,,-0.2722155841707041,
52207,2018,1,0.4456419868791003,0.3252108716026242,,,0.0606910326147001,
52207,2018,2,0.5546764049502941,0.4012984378170014,,,0.05268790276930335,
52210,2002,1,0.23006955591225253,0.5805243445692884,,,,
52210,2006,1,0.45532559313478044,0.4659262998485613,,0.2252560372225279,-0.11459804472072704,
52210,2010,1,0.10560146923783287,0.30165289256198347,,-0.34972412389694757,-0.16427340728657785,
52210,2010,2,,0.6310013717421125,,,,
52210,2014,1,,0.25571628558096127,,,-0.0459366069810222,
52210,2014,2,,0.642346208869814,,,0.011344837127701513,
52210,2018,1,0.41712926249008725,0.25693893735130846,,,0.001222651770347194,
52210,2018,2,0.594859241126071,0.37239902080783355,,,-0.2699471880619804,
52215,2002,1,0.5733291099144757,0.2324992081089642,,,,
52215,2006,1,0.7188988883006882,0.17707781895182637,,0.14556977838621243,-0.055421389157137846,
52215,2010,1,0.20999275887038377,0.24643977793869176,,-0.5089061294303043,0.0693619589868654,
52215,2010,2,,0.44441838649155724,,,,
52215,2014,1,,0.10908556306968539,,,-0.13735421486900637,
52215,2014,2,,0.34648006785411367,,,-0.09793831863744357,
52215,2018,1,0.6561640938887714,0.19285261154578134,,,0.08376704847609595,
52215,2018,2,0.7571606475716065,0.21508628357943427,,,-0.1313937842746794,
52224,2002,1,0.17887323943661973,0.4708920187793427,,,,
52224,2006,1,0.5405109489051095,0.3656934306569343,,0.36163770946848983,-0.1051985881224084,
52224,2010,1,0.10365853658536585,0.44986449864498645,,-0.4368524123197437,0.08417106798805213,
52224,2010,2,,0.6646183699870634,,,,
52224,2014,1,,0.2076418371285218,,,-0.24222266151646465,
52224,2014,2,,0.3650190114068441,,,-0.29959935858021924,
52224,2018,1,0.37768515549855725,0.3061878807310035,,,0.0985460436024817,
52224,2018,2,0.5311128324296411,0.4273173250710044,,,0.062298313664160276,
52227,2002,1,0.18817527010804322,0.4105642256902761,,,,
52227,2006,1,0.5693303460293752,0.36470002489419967,,0.3811550759213319,-0.04586420079607645,
52227,2010,1,0.22712418300653595,0.28339460784313725,,-0.34220616302283924,-0.08130541705106242,
52227,2010,2,,0.5154844109646369,,,,
52227,2014,1,,0.16844631073785243,,,-0.11494829710528481,
52227,2014,2,,0.22033624312964759,,,-0.2951481678349893,
52227,2018,1,0.6314734088927637,0.21604184829991283,,,0.04759553756206039,
52227,2018,2,0.7387895460797799,0.23885832187070152,,,0.018522078741053938,
52233,2002,1,0.40250855188141393,0.2759407069555302,,,,
52233,2006,1,0.7877307274701412,0.05157437567861021,,0.38522217558872723,-0.22436633127692,
52233,2010,1,0.1016781836130306,0.11549851924975321,,-0.6860525438571106,0.06392414357114301,
52233,2010,2,,0.2408457968024755,,,,
52233,2014,1,,0.03114676734308636,,,-0.08435175190666686,
52233,2014,2,,0.0664488017429194,,,-0.1743969950595561,
52233,2018,1,0.8769692423105776,0.04276069017254314,,,0.011613922829456776,
52233,2018,2,0.9202453987730062,0.06100886162235856,,,-0.005439940120560836,
52240,2002,1,0.1982258614807233,0.6100307062436029,,,,
52240,2006,1,0.4518439904483948,0.4844786415494826,,0.2536181289676715,-0.12555206469412028,
52240,2010,1,0.14883827927306187,0.22314239705544053,,-0.3030057111753329,-0.2613362444940421,
52240,2010,2,,0.6313144670722031,,,,
52240,2014,1,,0.20304830793076725,,,-0.02009408912467328,
52240,2014,2,,0.3105739066248385,,,-0.32074056044736454,
52240,2018,1,0.46772228989037756,0.30044660982541616,,,0.0973983018946489,
52240,2018,2,0.6049548041513224,0.35604285236022765,,,0.04546894573538912,
52250,2002,1,0.8551286570320762,0.05710257314064152,,,,
52250,2006,1,0.5025522041763341,0.050580046403712296,,-0.35257645285574213,-0.006522526736929227,
52250,2010,1,0.06729543716543461,0.22023961254142238,,-0.43525676701089944,0.16965956613771008,
52250,2010,2,,0.5326688815060908,,,,
52250,2014,1,,0.041648007165248545,,,-0.17859160537617383,
52250,2014,2,,0.05045393659770799,,,-0.48221494490838285,
52250,2018,1,0.5544611819235226,0.11954422556971804,,,0.0778962184044695,
52250,2018,2,0.814997533300444,0.15984213122841637,,,0.10938819463070837,
52254,2002,1,0.5236051502145923,0.1854077253218884,,,,
52254,2006,1,0.7886140923938404,0.10452636490900606,,0.2650089421792481,-0.08088136041288234,
52254,2010,1,0.10578057412504915,0.17499016909162407,,-0.6828335182687912,0.07046380418261801,
52254,2010,2,,0.49241439098396184,,,,
52254,2014,1,,0.08589211618257261,,,-0.08909805290905146,
52254,2014,2,,0.33533653846153844,,,-0.1570778525224234,
52254,2018,1,0.6139719121353979,0.2599927979834354,,,0.17410068180086277,
52254,2018,2,0.6580782055168233,0.3213094877235526,,,-0.014027050737985824,
52256,2002,1,0.3008130081300813,0.21544715447154472,,,,
52256,2006,1,0.787594823739402,0.12717536813922356,,0.4867818156093207,-0.08827178633232116,
52256,2010,1,0.11306532663316583,0.11055276381909548,,-0.6745294971062362,-0.016622604320128076,
52256,2010,2,,0.300369685767098,,,,
52256,2014,1,,0.061979648473635525,,,-0.04857311534545996,
52256,2014,2,,0.0737012987012987,,,-0.22666838706579928,
52256,2018,1,0.8354693453411847,0.07066158642189124,,,0.008681937948255718,
52256,2018,2,0.9009137635636779,0.08766419189034837,,,0.013962893189049669,
52258,2002,1,0.46218487394957986,0.12605042016806722,,,,
52258,2006,1,0.2180232558139535,0.6952519379844961,,-0.24416161813562637,0.5692015178164289,
52258,2010,1,0.07371723056240197,0.5682276495630741,,-0.1443060252515515,-0.127024288421422,
52258,2010,2,,0.7813903743315508,,,,
52258,2014,1,,0.43336355394378967,,,-0.13486409561928447,
52258,2014,2,,0.5274633821571239,,,-0.25392699217442694,
52258,2018,1,0.3926574729780097,0.4105478941483414,,,-0.02281565979544825,
52258,2018,2,0.45278611945278613,0.517017017017017,,,-0.010446365140106884,
52260,2002,1,0.30753200357249183,0.4587674903245013,,,,
52260,2006,1,0.4406745225518082,0.45449004469727755,,0.1331425189793164,-0.004277445627223764,
52260,2010,1,0.14932915142010803,0.4420630771911483,,-0.2913453711317002,-0.01242696750612926,
52260,2010,2,,0.6695009242144178,,,,
52260,2014,1,,0.16611433305716652,,,-0.27594874413398174,
52260,2014,2,,0.3052258362879605,,,-0.36427508792645724,
52260,2018,1,0.4131408661025386,0.3932304629168741,,,0.22711612985970756,
52260,2018,2,0.45103774899011007,0.5092631285694387,,,0.20403729228147816,
52287,2002,1,0.34665697674418605,0.282703488372093,,,,
52287,2006,1,0.4187123668364984,0.3316350162112089,,0.07205539009231232,0.04893152783911586,
52287,2010,1,0.08488175675675676,0.36824324324324326,,-0.33383061007974163,0.03660822703203437,
52287,2010,2,,0.4700854700854701,,,,
52287,2014,1,,0.1503623188405797,,,-0.21788092440266354,
52287,2014,2,,0.27835375431982406,,,-0.19173171576564602,
52287,2018,1,0.27893391748813434,0.5352318364366557,,,0.384869517596076,
52287,2018,2,0.4395878863565407,0.5310646269122697,,,0.2527108725924457,
52317,2002,1,0.277373920945025,0.36256247160381644,,,,
52317,2006,1,0.5976491862567812,0.31139240506329113,,0.3202752653117562,-0.051170066540525305,
52317,2010,1,0.10823963752307435,0.156737707669072,,-0.48940954873370685,-0.15465469739421914,
52317,2010,2,,0.4051107934238742,,,,
52317,2014,1,,0.15678141849854832,,,4.371082947632332e-05,
52317,2014,2,,0.25511461671185603,,,-0.14999617671201815,
52317,2018,1,0.6648021828103684,0.19809004092769442,,,0.0413086224291461,
52317,2018,2,0.7841908531222516,0.193051890941073,,,-0.062062725770783034,
52320,2002,1,0.3471735867933967,0.3639319659829915,,,,
52320,2006,1,0.6186594202898551,0.23754528985507245,,0.2714858334964584,-0.12638667612791904,
52320,2010,1,0.2726030516966522,0.10658164427237532,,-0.3460563685932029,-0.13096364558269713,
52320,2010,2,,0.4051387933012159,,,,
52320,2014,1,,0.15087829360100377,,,0.04429664932862845,
52320,2014,2,,0.2857142857142857,,,-0.11942450758693018,
52320,2018,1,0.6244343891402715,0.22258134022839904,,,0.07170304662739527,
52320,2018,2,0.736201728090284,0.2345265385293599,,,-0.0511877471849258,
52323,2002,1,0.22292069632495165,0.4598646034816248,,,,
52323,2006,1,0.29411764705882354,0.5830332132853141,,0.07119695073387189,0.12316860980368932,
52323,2010,1,0.06986564299424185,0.44606525911708256,,-0.22425200406458168,-0.13696795416823154,
52323,2010,2,,0.6338690709525676,,,,
52323,2014,1,,0.1559278350515464,,,-0.29013742406553616,
52323,2014,2,,0.6080777860882572,,,-0.02579128486431037,
52323,2018,1,0.4338134430727023,0.1886145404663923,,,0.03268670541484592,
52323,2018,2,0.6641580432737535,0.2847287550956413,,,-0.32334903099261597,
52352,2002,1,0.2231638418079096,0.5956416464891041,,,,
52352,2006,1,0.5565024082993701,0.3619859207113746,,0.33333856649146054,-0.23365572577772953,
52352,2010,1,0.25163874726875457,0.08812818645302258,,-0.3048636610306156,-0.273857734258352,
52352,2010,2,,0.4394668641243984,,,,
52352,2014,1,,0.1970310391363023,,,0.10890285268327972,
52352,2014,2,,0.47902657700928597,,,0.03955971288488758,
52352,2018,1,0.5997396680767979,0.22421086885779368,,,0.027179829721491383,
52352,2018,2,0.7186742118027486,0.2568040959310159,,,-0.22222248107827008,
52354,2002,1,0.19919110212335692,0.5085945399393327,,,,
52354,2006,1,0.6359485263594853,0.2706517227065172,,0.4367574242361284,-0.23794281723281546,
52354,2010,1,0.17825443786982248,0.20044378698224852,,-0.4576940884896628,-0.0702079357242687,
52354,2010,2,,0.6009872480460716,,,,
52354,2014,1,,0.24665226781857452,,,0.046208480836326005,
52354,2014,2,,0.3807556080283353,,,-0.22023164001773632,
52354,2018,1,0.40913604766633566,0.30221780867262493,,,0.05556554085405041,
52354,2018,2,0.5642813826561552,0.40388114008489995,,,0.023125532056564646,
52356,2002,1,0.22836197382941825,0.4844316569446634,,,,
52356,2006,1,0.4362999249115028,0.4477777380484142,,0.20793795108208457,-0.036653918896249194,
52356,2010,1,0.1551559929579497,0.2175820369996248,,-0.28114393195355314,-0.2301957010487894,
52356,2010,2,,0.4867344102294839,,,,
52356,2014,1,,0.18206901494248756,,,-0.035513022057137245,
52356,2014,2,,0.398666488865182,,,-0.08806792136430186,
52356,2018,1,0.320392756462325,0.2583018777772469,,,0.07623286283475933,
52356,2018,2,0.5577317034735824,0.37914499898696563,,,-0.01952148987821639,
52378,2002,1,0.15567458988952126,0.6471375962504184,,,,
52378,2006,1,0.15511932255581215,0.7832948421862972,,-0.0005552673337091141,0.13615724593587875,
52378,2010,1,0.08421926910299003,0.6335548172757475,,-0.07090005345282212,-0.14974002491054972,
52378,2010,2,,0.76825100963032,,,,
52378,2014,1,,0.3928131055134754,,,-0.24074171176227205,
52378,2014,2,,0.5205958549222798,,,-0.24765515470804023,
52378,2018,1,0.3879322220691555,0.45874087339853975,,,0.06592776788506433,
52378,2018,2,0.4384156940650608,0.5248323814253787,,,0.004236526503098914,
52381,2002,1,0.4634049323786794,0.3747016706443914,,,,
52381,2006,1,0.6015103107754864,0.25936683125181526,,0.13810537839680703,-0.11533483939257616,
52381,2010,1,0.1914137270987148,0.2614164615805305,,-0.41009658367677165,0.002049630328715246,
52381,2010,2,,0.5339161893277058,,,,
52381,2014,1,,0.18847500795924865,,,-0.07294145362128185,
52381,2014,2,,0.3045445198437179,,,-0.2293716694839879,
52381,2018,1,0.5529841656516443,0.271863580998782,,,0.08338857303953334,
52381,2018,2,0.6307661849138785,0.3429023955652346,,,0.03835787572151672,
52385,2002,1,0.6119073869900772,0.23153252480705622,,,,
52385,2006,1,0.3935810810810811,0.2829391891891892,,-0.2183263059089961,0.05140666438213298,
52385,2010,1,0.07680945347119646,0.4069423929098966,,-0.31677162760988464,0.12400320372070739,
52385,2010,2,,0.6958689458689459,,,,
52385,2014,1,,0.11150568181818182,,,-0.29543671109171477,
52385,2014,2,,0.2301670146137787,,,-0.4657019312551672,
52385,2018,1,0.6057007125890737,0.20724465558194774,,,0.09573897376376592,
52385,2018,2,0.6920700308959835,0.2760041194644696,,,0.045837104850690924,
52390,2002,1,0.7413308341143393,0.18650421743205248,,,,
52390,2006,1,0.1421933085501859,0.10780669144981413,,-0.5991375255641535,-0.07869752598223835,
52390,2010,1,0.05012690355329949,0.6269035532994924,,-0.0920664049968864,0.5190968618496783,
52390,2010,2,,0.7982510930668333,,,,
52390,2014,1,,0.03872157344806392,,,-0.5881819798514285,
52390,2014,2,,0.07883622712341623,,,-0.7194148659434171,
52390,2018,1,0.49844623990055936,0.16532007458048478,,,0.12659850113242085,
52390,2018,2,0.719954648526077,0.2556689342403628,,,0.17683270711694657,
52399,2002,1,0.5142265907915158,0.30694947404724954,,,,
52399,2006,1,0.3205877942720048,0.4612385665017244,,-0.193638796519511,0.15428909245447486,
52399,2010,1,0.09916538546013617,0.5539204919833077,,-0.22142240881186862,0.09268192548158333,
52399,2010,2,,0.7590010910413384,,,,
52399,2014,1,,0.4850258644160087,,,-0.06889462756729903,
52399,2014,2,,0.6235591790834973,,,-0.13544191195784105,
52399,2018,1,0.33386454183266934,0.4991589198760514,,,0.014133055460042676,
52399,2018,2,0.40797251957181657,0.5432976513820099,,,-0.08026152770148742,
52405,2002,1,0.44329896907216493,0.21252973830293417,,,,
52405,2006,1,0.612916842549599,0.18742085268045588,,0.16961787347743407,-0.02510888562247829,
52405,2010,1,0.08441558441558442,0.1959511077158136,,-0.5285012581340146,0.008530255035357703,
52405,2010,2,,0.40065014221861034,,,,
52405,2014,1,,0.0630669546436285,,,-0.1328841530721851,
52405,2014,2,,0.09142346634901727,,,-0.30922667586959307,
52405,2018,1,0.824363519174992,0.08346761198839832,,,0.020400657344769813,
52405,2018,2,0.8820915032679738,0.0938562091503268,,,0.0024327428013095342,
52411,2002,1,0.6491387126019945,0.14097914777878512,,,,
52411,2006,1,0.6777236762020694,0.2325015216068168,,0.028584963600074897,0.09152237382803169,
52411,2010,1,0.14383735705209658,0.18703939008894535,,-0.5338863191499729,-0.04546213151787146,
52411,2010,2,,0.409440738840431,,,,
52411,2014,1,,0.06405693950177936,,,-0.12298245058716599,
52411,2014,2,,0.12154265679781846,,,-0.2878980820426125,
52411,2018,1,0.6504237288135594,0.211864406779661,,,0.14780746727788163,
52411,2018,2,0.700155159038014,0.27928626842513576,,,0.15774361162731732,
52418,2002,1,0.2,0.4233062330623306,,,,
52418,2006,1,0.6284536082474227,0.21278350515463917,,0.4284536082474227,-0.21052272790769144,
52418,2010,1,0.16334785314250155,0.19321717485998754,,-0.46510575510492114,-0.01956633029465163,
52418,2010,2,,0.468990948709353,,,,
52418,2014,1,,0.08046722907203115,,,-0.1127499457879564,
52418,2014,2,,0.14015904572564614,,,-0.32883190298370685,
52418,2018,1,0.6093906093906094,0.14585414585414586,,,0.06538691678211471,
52418,2018,2,0.768595041322314,0.1994949494949495,,,0.059335903769303366,
52427,2002,1,0.0,0.0,,,,
52427,2006,1,0.2647058823529412,0.09429065743944637,,0.2647058823529412,0.09429065743944637,
52427,2010,1,0.02295285359801489,0.2853598014888337,,-0.2417530287549263,0.19106914404938735,
52427,2010,2,,0.48834628190899,,,,
52427,2014,1,,0.06872294372294373,,,-0.21663685776588998,
52427,2014,2,,0.08738260514495713,,,-0.4009636767640329,
52427,2018,1,0.730242825607064,0.09713024282560706,,,0.028407299102663333,
52427,2018,2,0.8445411392405063,0.13330696202531644,,,0.04592435688035931,
52435,2002,1,0.3537234042553192,0.27393617021276595,,,,
52435,2006,1,0.7805498981670062,0.14562118126272913,,0.426826493911687,-0.12831498895003682,
52435,2010,1,0.21635094715852443,0.1814556331006979,,-0.5641989510084817,0.03583445183796877,
52435,2010,2,,0.37603507062834873,,,,
52435,2014,1,,0.10283877878950187,,,-0.07861685431119603,
52435,2014,2,,0.13041945717307016,,,-0.24561561345527858,
52435,2018,1,0.7201233616037008,0.1272166538164996,,,0.02437787502699773,
52435,2018,2,0.8297595841455491,0.14262508122157244,,,0.012205624048502284,
52473,2002,1,0.8162327718223583,0.06355283307810107,,,,
52473,2006,1,0.08065618591934381,0.06151742993848257,,-0.7355765859030146,-0.0020354031396185024,
52473,2010,1,0.090625,0.38,,0.009968814080656183,0.3184825700615174,
52473,2010,2,,0.6520874751491054,,,,
52473,2014,1,,0.0419047619047619,,,-0.3380952380952381,
52473,2014,2,,0.09844771241830065,,,-0.5536397627308047,
52473,2018,1,0.7894736842105263,0.06109022556390977,,,0.019185463659147868,
52473,2018,2,0.8936806148590948,0.09094790777113577,,,-0.007499804647164876,
52480,2002,1,0.40901360544217685,0.4328231292517007,,,,
52480,2006,1,0.26180555555555557,0.5854166666666667,,-0.14720804988662128,0.152593537414966,
52480,2010,1,0.16783216783216784,0.4527972027972028,,-0.09397338772338773,-0.13261946386946388,
52480,2010,2,,0.6387434554973822,,,,
52480,2014,1,,0.14701455092824886,,,-0.3057826518689539,
52480,2014,2,,0.24060721062618595,,,-0.39813624487119625,
52480,2018,1,0.4263679764965112,0.31582813073815647,,,0.1688135798099076,
52480,2018,2,0.5908492429229757,0.358459512837393,,,0.11785230221120707,
52490,2002,1,0.8709143566404633,0.036822507240380636,,,,
52490,2006,1,0.07743619489559164,0.11948955916473318,,-0.7934781617448717,0.08266705192435254,
52490,2010,1,0.13123948401570387,0.3222097588334268,,0.05380328912011223,0.2027201996686936,
52490,2010,2,,0.5976107226107226,,,,
52490,2014,1,,0.06917774495322501,,,-0.2530320138802018,
52490,2014,2,,0.06569602272727272,,,-0.5319146998834499,
52490,2018,1,0.6996038732394366,0.10431338028169014,,,0.03513563532846513,
52490,2018,2,0.8255433737257165,0.14714368147720716,,,0.08144765874993444,
52506,2002,1,0.27709431751611013,0.5600468658465143,,,,
52506,2006,1,0.5801403130059363,0.22234214786832163,,0.30304599548982614,-0.3377047179781927,
52506,2010,1,0.0784037558685446,0.17417840375586854,,-0.5017365571373916,-0.04816374411245308,
52506,2010,2,,0.6289308176100629,,,,
52506,2014,1,,0.2315388280133397,,,0.05736042425747115,
52506,2014,2,,0.39736219141021306,,,-0.2315686261998498,
52506,2018,1,0.33851784080512354,0.39752973467520586,,,0.16599090666186617,
52506,2018,2,0.5087900723888314,0.4384694932781799,,,0.04110730186796685,
52520,2002,1,0.8381578947368421,0.05394736842105263,,,,
52520,2006,1,0.20405654578979718,0.03626306084818685,,-0.634101348947045,-0.017684307572865786,
52520,2010,1,0.08376421923474664,0.6209927611168563,,-0.12029232655505054,0.5847297002686694,
52520,2010,2,,0.7524649714582252,,,,
52520,2014,1,,0.05696505505026329,,,-0.564027706066593,
52520,2014,2,,0.10404380791912385,,,-0.6484211635391014,
52520,2018,1,0.5458409228901032,0.1196114146933819,,,0.06264635964311863,
52520,2018,2,0.768642447418738,0.20889101338432123,,,0.10484720546519738,
52540,2002,1,0.48756218905472637,0.22014925373134328,,,,
52540,2006,1,0.8163908589440504,0.0508274231678487,,0.328828669889324,-0.1693218305634946,
52540,2010,1,0.08709853021230267,0.033750680457267285,,-0.7292923287317478,-0.017076742710581412,
52540,2010,2,,0.26350739511017207,,,,
52540,2014,1,,0.032100108813928184,,,-0.0016505716433391007,
52540,2014,2,,0.04760869565217391,,,-0.21589869945799817,
52540,2018,1,0.8790708266909588,0.04349806422227283,,,0.011397955408344644,
52540,2018,2,0.9411764705882353,0.04636437908496732,,,-0.0012443165672065895,
52560,2002,1,0.12469437652811736,0.4102689486552567,,,,
52560,2006,1,0.46565122785203605,0.4323904258626049,,0.3409568513239187,0.022121477207348195,
52560,2010,1,0.11834992887624467,0.31920341394025603,,-0.3473012989757914,-0.11318701192234887,
52560,2010,2,,0.6527640671273445,,,,
52560,2014,1,,0.19240196078431374,,,-0.1268014531559423,
52560,2014,2,,0.5929747530186608,,,-0.05978931410868371,
52560,2018,1,0.33017722748239864,0.32896334061665455,,,0.13656137983234082,
52560,2018,2,0.5840931134820563,0.3769156159068865,,,-0.21605913711177427,
52565,2002,1,0.18106508875739644,0.34437869822485206,,,,
52565,2006,1,0.780921052631579,0.12039473684210526,,0.5998559638741825,-0.2239839613827468,
52565,2010,1,0.14304461942257218,0.09448818897637795,,-0.6378764332090068,-0.02590654786572731,
52565,2010,2,,0.2948797038864898,,,,
52565,2014,1,,0.03440094899169632,,,-0.06008723998468163,
52565,2014,2,,0.08024422154382904,,,-0.21463548234266078,
52565,2018,1,0.7728544776119403,0.06669776119402986,,,0.03229681220233353,
52565,2018,2,0.8760360360360361,0.10738738738738739,,,0.027143165843558345,
52573,2002,1,0.18130630630630631,0.4369369369369369,,,,
52573,2006,1,0.523916292974589,0.3778026905829596,,0.3426099866682827,-0.05913424635397729,
52573,2010,1,0.19751693002257337,0.3656884875846501,,-0.3263993629520156,-0.012114202998309509,
52573,2010,2,,0.6099914845302299,,,,
52573,2014,1,,0.17389906782385084,,,-0.19178941976079927,
52573,2014,2,,0.43534273213417596,,,-0.17464875239605393,
52573,2018,1,0.49528301886792453,0.2528301886792453,,,0.07893112085539444,
52573,2018,2,0.615681233933162,0.3461868037703513,,,-0.08915592836382463,
52585,2002,1,0.12392755004766444,0.5860819828408007,,,,
52585,2006,1,0.34644378892166505,0.5542445099967224,,0.22251623887400063,-0.03183747284407834,
52585,2010,1,0.1141185076810534,0.2831016825164594,,-0.23232528124061164,-0.27114282748026297,
52585,2010,2,,0.5997184420459878,,,,
52585,2014,1,,0.16516037568669148,,,-0.11794130682976792,
52585,2014,2,,0.5976827314187108,,,-0.002035710627277032,
52585,2018,1,0.3219329825533093,0.31750207698698424,,,0.15234170130029276,
52585,2018,2,0.5434624697336562,0.39975786924939466,,,-0.1979248621693161,
52612,2002,1,0.22393822393822393,0.3407335907335907,,,,
52612,2006,1,0.7280880554423156,0.19771708112515288,,0.5041498315040917,-0.14301650960843784,
52612,2010,1,0.27209797657082,0.25026624068157616,,-0.45599007887149556,0.05254915955642328,
52612,2010,2,,0.3608040201005025,,,,
52612,2014,1,,0.16186556927297668,,,-0.08840067140859947,
52612,2014,2,,0.1509391771019678,,,-0.2098648429985347,
52612,2018,1,0.6890428757037679,0.14270246860112604,,,-0.019163100671850647,
52612,2018,2,0.8396505774355937,0.1344388510512289,,,-0.016500326050738895,
52621,2002,1,0.8303821062441752,0.08667287977632805,,,,
52621,2006,1,0.20477247502774695,0.07269700332963375,,-0.6256096312164282,-0.013975876446694305,
52621,2010,1,0.015466983938132063,0.33372992266508034,,-0.1893054910896149,0.2610329193354466,
52621,2010,2,,0.46727467811158796,,,,
52621,2014,1,,0.046233559186927065,,,-0.28749636347815327,
52621,2014,2,,0.06006352873231302,,,-0.40721114937927494,
52621,2018,1,0.7304832713754646,0.09182156133828996,,,0.0455880021513629,
52621,2018,2,0.8338870431893688,0.14750830564784054,,,0.08744477691552752,
52678,2002,1,0.35294117647058826,0.23372549019607844,,,,
52678,2006,1,0.7012177442737025,0.10205856770078284,,0.3482765678031143,-0.1316669224952956,
52678,2010,1,0.24176610978520285,0.11408114558472554,,-0.4594516344884997,0.012022577883942703,
52678,2010,2,,0.30602957906712175,,,,
52678,2014,1,,0.04926415564978798,,,-0.06481698993493756,
52678,2014,2,,0.07856056766345666,,,-0.2274690114036651,
52678,2018,1,0.7540017785682526,0.11482881280569142,,,0.06556465715590344,
52678,2018,2,0.8431372549019608,0.1341991341991342,,,0.055638566535677544,
52683,2002,1,0.5149393090569561,0.2581699346405229,,,,
52683,2006,1,0.5509874326750449,0.26265709156193895,,0.036048123618088845,0.004487156921416047,
52683,2010,1,0.18208388133859418,0.31828145550197284,,-0.3689035513364507,0.055624363940033894,
52683,2010,2,,0.575320970042796,,,,
52683,2014,1,,0.12556421830119,,,-0.19271723720078285,
52683,2014,2,,0.24785972150593089,,,-0.32746124853686515,
52683,2018,1,0.4529680365296804,0.18604044357469016,,,0.06047622527350016,
52683,2018,2,0.6274423710208562,0.3300768386388584,,,0.08221711713292751,
52685,2002,1,0.3403880070546737,0.47530864197530864,,,,
52685,2006,1,0.11764705882352941,0.7994154183412495,,-0.2227409482311443,0.3241067763659409,
52685,2010,1,0.03266666666666666,0.715,,-0.08498039215686275,-0.08441541834124955,
52685,2010,2,,0.8564231738035264,,,,
52685,2014,1,,0.5498316498316498,,,-0.1651683501683502,
52685,2014,2,,0.5901162790697675,,,-0.2663068947337589,
52685,2018,1,0.3053168635875403,0.5725026852846402,,,0.02267103545299043,
52685,2018,2,0.34143377885783716,0.6247873633049817,,,0.034671084235214256,
52687,2002,1,0.14488286066584463,0.46454993834771885,,,,
52687,2006,1,0.3928982725527831,0.5067178502879078,,0.24801541188693846,0.042167911940188985,
52687,2010,1,0.1418229069983293,0.3200297011323557,,-0.25107536555445376,-0.18668814915555215,
52687,2010,2,,0.5942058763098418,,,,
52687,2014,1,,0.27334744765937424,,,-0.04668225347298144,
52687,2014,2,,0.43600387436003873,,,-0.15820200194980305,
52687,2018,1,0.4792988313856427,0.3587646076794658,,,0.08541716002009153,
52687,2018,2,0.5379974141646315,0.4209165349806062,,,-0.015087339379432518,
52693,2002,1,0.3013698630136986,0.3835616438356164,,,,
52693,2006,1,0.3022870401060656,0.5084521047398077,,0.0009171770923669942,0.12489046090419131,
52693,2010,1,0.12603250732747134,0.4990674127364775,,-0.17625453277859426,-0.009384692003330253,
52693,2010,2,,0.6899484536082474,,,,
52693,2014,1,,0.18549747048903878,,,-0.3135699422474387,
52693,2014,2,,0.3229470452801228,,,-0.3670014083281246,
52693,2018,1,0.6611027756939235,0.2289947486871718,,,0.04349727819813301,
52693,2018,2,0.6854437489969507,0.28631038356604077,,,-0.03663666171408203,
52694,2002,1,0.2735562310030395,0.425531914893617,,,,
52694,2006,1,0.17777777777777778,0.6358585858585859,,-0.09577845322526171,0.21032667096496888,
52694,2010,1,0.07408940397350994,0.6920529801324503,,-0.10368837380426785,0.05619439427386441,
52694,2010,2,,0.8314001657000829,,,,
52694,2014,1,,0.6,,,-0.09205298013245033,
52694,2014,2,,0.6971879286694102,,,-0.13421223703067275,
52694,2018,1,0.23935292175635522,0.644106965995378,,,0.044106965995378,
52694,2018,2,0.2776470588235294,0.6858823529411765,,,-0.011305575728233652,
52696,2002,1,0.8716094032549728,0.03616636528028933,,,,
52696,2006,1,0.34134217067108535,0.256006628003314,,-0.5302672325838875,0.21984026272302465,
52696,2010,1,0.06184668989547038,0.37369337979094075,,-0.279495480775615,0.11768675178762678,
52696,2010,2,,0.6234309623430963,,,,
52696,2014,1,,0.06810035842293907,,,-0.3055930213680017,
52696,2014,2,,0.1001347103726987,,,-0.5232962519703975,
52696,2018,1,0.484375,0.285625,,,0.21752464157706095,
52696,2018,2,0.6293103448275862,0.3410560344827586,,,0.24092132411005993,
52699,2002,1,0.5015839493136219,0.2470960929250264,,,,
52699,2006,1,0.7419354838709677,0.08580645161290322,,0.24035153455734581,-0.1612896413121232,
52699,2010,1,0.1668711656441718,0.17177914110429449,,-0.5750643182267959,0.08597268949139127,
52699,2010,2,,0.35615650172612195,,,,
52699,2014,1,,0.07200929152148665,,,-0.09976984958280784,
52699,2014,2,,0.08875739644970414,,,-0.2673991052764178,
52699,2018,1,0.7681940700808625,0.09626492106276473,,,0.02425562954127808,
52699,2018,2,0.881414517415581,0.10103695825578303,,,0.012279561806078892,
52720,2002,1,0.40891472868217055,0.4132751937984496,,,,
52720,2006,1,0.6792094260737362,0.2113264918282022,,0.2702946973915657,-0.20194870197024742,
52720,2010,1,0.12857142857142856,0.33174603174603173,,-0.5506379975023077,0.12041953991782953,
52720,2010,2,,0.5627906976744186,,,,
52720,2014,1,,0.2087912087912088,,,-0.12295482295482293,
52720,2014,2,,0.3668308702791461,,,-0.19595982739527246,
52720,2018,1,0.4892669096800324,0.2985014175779668,,,0.08971020878675798,
52720,2018,2,0.58328173374613,0.39164086687306504,,,0.024809996593918915,
52786,2002,1,0.5344827586206896,0.28544061302681994,,,,
52786,2006,1,0.5149439601494396,0.14134495641344957,,-0.019538798471250063,-0.14409565661337037,
52786,2010,1,0.20014308710427473,0.13611160794133428,,-0.3148008730451648,-0.00523334847211529,
52786,2010,2,,0.3626329520369255,,,,
52786,2014,1,,0.09243697478991597,,,-0.04367463315141831,
52786,2014,2,,0.2154790803941168,,,-0.14715387164280871,
52786,2018,1,0.7798937112488928,0.13256569235311486,,,0.040128717563198885,
52786,2018,2,0.8123002173635085,0.17133358905510804,,,-0.044145491339008774,
52788,2002,1,0.37525844245348033,0.4703652653342522,,,,
52788,2006,1,0.49374565670604587,0.2824878387769284,,0.11848721425256553,-0.1878774265573238,
52788,2010,1,0.19983370288248337,0.2943458980044346,,-0.2939119538235625,0.011858059227506212,
52788,2010,2,,0.6282367447595562,,,,
52788,2014,1,,0.19147788565264293,,,-0.10286801235179169,
52788,2014,2,,0.3020746887966805,,,-0.3261620559628757,
52788,2018,1,0.38643811444416437,0.2538442147718679,,,0.06236632911922499,
52788,2018,2,0.5941599661447313,0.3666948793906052,,,0.06462019059392471,
52835,2002,1,0.5893199357745895,0.2759620862899467,,,,
52835,2006,1,0.21074701711914232,0.28527580840394257,,-0.3785729186554472,0.009313722113995893,
52835,2010,1,0.0867396725577361,0.46633416458852867,,-0.12400734456140622,0.1810583561845861,
52835,2010,2,,0.6479402760620872,,,,
52835,2014,1,,0.2419178510073403,,,-0.22441631358118835,
52835,2014,2,,0.32531538413891353,,,-0.3226248919231736,
52835,2018,1,0.28667935498713737,0.3248070608411938,,,0.0828892098338535,
52835,2018,2,0.4555361281665515,0.5097792054649697,,,0.18446382132605615,
52838,2002,1,0.248340774707373,0.4701339447327139,,,,
52838,2006,1,0.5786389888674981,0.3341424625428978,,0.33029821416012506,-0.1359914821898161,
52838,2010,1,0.3657302522277602,0.1483914816492977,,-0.21290873663973792,-0.18575098089360012,
52838,2010,2,,0.45544554455445546,,,,
52838,2014,1,,0.10252260828177058,,,-0.04586887336752711,
52838,2014,2,,0.2450384024577573,,,-0.21040714209669817,
52838,2018,1,0.549486986986987,0.19838588588588588,,,0.0958632776041153,
52838,2018,2,0.7256378971937828,0.23330327303591322,,,-0.01173512942184407,
52885,2002,1,0.21054545454545454,0.5065454545454545,,,,
52885,2006,1,0.6248095092959464,0.2511429442243219,,0.41426405475049183,-0.25540251032113265,
52885,2010,1,0.3165688739871472,0.2257613858619726,,-0.30824063530879914,-0.02538155836234926,
52885,2010,2,,0.4744094488188976,,,,
52885,2014,1,,0.27147114603088596,,,0.045709760168913344,
52885,2014,2,,0.33130252100840335,,,-0.14310692781049428,
52885,2018,1,0.49219108865411115,0.2131373449701424,,,-0.05833380106074357,
52885,2018,2,0.6390870185449358,0.3148563276951294,,,-0.01644619331327396,
54001,2002,1,0.20596967278531525,0.6384942803937217,,,,
54001,2006,1,0.19942613507897372,0.646933106514928,,-0.006543537706341529,0.008438826121206278,
54001,2010,1,0.04512225139481457,0.4793690515260912,,-0.15430388368415915,-0.16756405498883675,
54001,2010,2,,0.7135063831690031,,,,
54001,2014,1,,0.2617938308801488,,,-0.21757522064594242,
54001,2014,2,,0.42197703126873914,,,-0.2915293519002639,
54001,2018,1,0.06425814256583583,0.5962204027163712,,,0.33442657183622243,
54001,2018,2,0.1488047959453837,0.7916083563422721,,,0.36963132507353297,
54003,2002,1,0.2591700629862912,0.47536124490552056,,,,
54003,2006,1,0.09300561371567288,0.7909270216962525,,-0.1661644492706183,0.31556577679073194,
54003,2010,1,0.02670967741935484,0.7886451612903226,,-0.06629593629631804,-0.0022818604059299252,
54003,2010,2,,0.9123243377689342,,,,
54003,2014,1,,0.5352135374697824,,,-0.2534316238205402,
54003,2014,2,,0.5770065075921909,,,-0.3353178301767433,
54003,2018,1,0.0775419982316534,0.7634836427939876,,,0.22827010532420522,
54003,2018,2,0.1180129240710824,0.8530694668820679,,,0.276062959289877,
54051,2002,1,0.1382697393275406,0.5047223271628258,,,,
54051,2006,1,0.06808980493191019,0.7920500552079499,,-0.07017993439563042,0.2873277280451241,
54051,2010,1,0.02835538752362949,0.795526149968494,,-0.0397344174082807,0.003476094760544113,
54051,2010,2,,0.8804314329738059,,,,
54051,2014,1,,0.398975344220301,,,-0.396550805748193,
54051,2014,2,,0.5366485366485366,,,-0.34378289632526926,
54051,2018,1,0.02564102564102564,0.6944847605224964,,,0.2955094163021954,
54051,2018,2,0.0809369202226345,0.8801020408163265,,,0.34345350416778986,
54099,2002,1,0.43483762125685366,0.4280894137494728,,,,
54099,2006,1,0.07917760279965004,0.6907261592300963,,-0.35566001845720363,0.2626367454806235,
54099,2010,1,0.021377672209026127,0.6749236511706821,,-0.05779993059062391,-0.01580250805941419,
54099,2010,2,,0.8393546124166958,,,,
54099,2014,1,,0.35489276139410186,,,-0.32003088977658023,
54099,2014,2,,0.4591373439273553,,,-0.38021726848934057,
54099,2018,1,0.03834880312652662,0.6910112359550562,,,0.33611847456095434,
54099,2018,2,0.10613718411552346,0.8567990373044525,,,0.3976616933770972,
54109,2002,1,0.07692307692307693,0.5156382079459002,,,,
54109,2006,1,0.08089887640449438,0.7805243445692884,,0.00397579948141745,0.2648861366233882,
54109,2010,1,0.017119244391971666,0.7851239669421488,,-0.06377963201252271,0.004599622372860379,
54109,2010,2,,0.8997668997668997,,,,
54109,2014,1,,0.5295646523716699,,,-0.25555931457047887,
54109,2014,2,,0.6864057672502575,,,-0.21336113251664224,
54109,2018,1,0.03075489282385834,0.777260018639329,,,0.2476953662676591,
54109,2018,2,0.06681818181818182,0.9013636363636364,,,0.21495786911337889,
54125,2002,1,0.5025746652935118,0.41709577754891863,,,,
54125,2006,1,0.052783109404990404,0.7408829174664108,,-0.4497915558885214,0.32378713991749214,
54125,2010,1,0.007285974499089253,0.7404371584699454,,-0.045497134905901154,-0.000445758996465373,
54125,2010,2,,0.866779089376054,,,,
54125,2014,1,,0.4766355140186916,,,-0.2638016444512538,
54125,2014,2,,0.6409130816505707,,,-0.22586600772548326,
54125,2018,1,0.02531645569620253,0.7580872011251758,,,0.2814516871064842,
54125,2018,2,0.07493188010899182,0.8848773841961853,,,0.24396430254561463,
54128,2002,1,0.041136430896715,0.8129624149156556,,,,
54128,2006,1,0.04503464203233257,0.898960739030023,,0.0038982111356175644,0.08599832411436747,
54128,2010,1,0.018100807574491784,0.8674463937621832,,-0.026933834457840783,-0.031514345267839805,
54128,2010,2,,0.9405714285714286,,,,
54128,2014,1,,0.7013934970139349,,,-0.1660528967482483,
54128,2014,2,,0.7951807228915663,,,-0.14539070567986234,
54128,2018,1,0.029304029304029304,0.8473748473748474,,,0.14598135036091242,
54128,2018,2,0.06452386663468458,0.9160470136723435,,,0.12086629078077726,
54172,2002,1,0.13197400851445215,0.6578534617969976,,,,
54172,2006,1,0.1461100569259962,0.748471431583386,,0.014136048411544061,0.09061796978638847,
54172,2010,1,0.041379310344827586,0.6346469622331691,,-0.10473074658116863,-0.11382446935021695,
54172,2010,2,,0.7889955433664724,,,,
54172,2014,1,,0.2824074074074074,,,-0.3522395548257617,
54172,2014,2,,0.4957502704373358,,,-0.29324527292913655,
54172,2018,1,0.06557971014492754,0.6330917874396135,,,0.3506843800322061,
54172,2018,2,0.14647577092511013,0.7980910425844346,,,0.3023407721470988,
54174,2002,1,0.7618755746245786,0.14434569414649095,,,,
54174,2006,1,0.045236668663870584,0.8088675853804673,,-0.716638905960708,0.6645218912339763,
54174,2010,1,0.007524858908895459,0.8078473528621338,,-0.03771180975497512,-0.001020232518333497,
54174,2010,2,,0.9204733076499725,,,,
54174,2014,1,,0.599450884685784,,,-0.20839646817634983,
54174,2014,2,,0.7296466973886329,,,-0.19082661026133962,
54174,2018,1,0.041260162601626016,0.7495934959349594,,,0.15014261124917538,
54174,2018,2,0.08386454183266932,0.8830677290836654,,,0.15342103169503252,
54206,2002,1,0.20865051903114187,0.38961937716262973,,,,
54206,2006,1,0.42014210688909487,0.43404386777880755,,0.211491587857953,0.044424490616177814,
54206,2010,1,0.16519823788546256,0.41244493392070486,,-0.2549438690036323,-0.021598933858102687,
54206,2010,2,,0.6602351522460054,,,,
54206,2014,1,,0.20656370656370657,,,-0.2058812273569983,
54206,2014,2,,0.2734602463605823,,,-0.38677490588542307,
54206,2018,1,0.26876617773943057,0.40638481449525454,,,0.19982110793154798,
54206,2018,2,0.39918306721128854,0.5464166357222429,,,0.27295638936166056,
54223,2002,1,0.053445378151260506,0.6003361344537815,,,,
54223,2006,1,0.07753335737468446,0.8031013342949874,,0.024087979223423955,0.2027651998412059,
54223,2010,1,0.019601100412654747,0.5931911966987621,,-0.057932256962029714,-0.20991013759622534,
54223,2010,2,,0.8603015075376884,,,,
54223,2014,1,,0.2863202545068929,,,-0.30687094219186917,
54223,2014,2,,0.556988602279544,,,-0.30331290525814436,
54223,2018,1,0.05855245323936026,0.7180807806993765,,,0.4317605261924836,
54223,2018,2,0.0918444165621079,0.8692597239648683,,,0.3122711216853242,
54239,2002,1,0.5711689884918232,0.2852816474863719,,,,
54239,2006,1,0.17335058214747737,0.5853816300129366,,-0.39781840634434584,0.3000999825265647,
54239,2010,1,0.03609756097560975,0.6648780487804878,,-0.1372530211718676,0.0794964187675512,
54239,2010,2,,0.839167935058346,,,,
54239,2014,1,,0.21081349206349206,,,-0.45406455671699575,
54239,2014,2,,0.3778642455685257,,,-0.46130368948982026,
54239,2018,1,0.025147347740667975,0.5567779960707269,,,0.3459645040072348,
54239,2018,2,0.10807600950118765,0.8444180522565321,,,0.4665538066880064,
54245,2002,1,0.617672290534744,0.2556476980268802,,,,
54245,2006,1,0.07444005270092227,0.7717391304347826,,-0.5432322378338218,0.5160914324079025,
54245,2010,1,0.05037849125554685,0.5512920908379013,,-0.02406156144537542,-0.22044703959688128,
54245,2010,2,,0.8955642897248737,,,,
54245,2014,1,,0.3290086493679308,,,-0.22228344146997053,
54245,2014,2,,0.38936959208899874,,,-0.5061946976358749,
54245,2018,1,0.16106694024108745,0.6470889971787638,,,0.318080347810833,
54245,2018,2,0.2241742796907941,0.7390489576013117,,,0.349679365512313,
54250,2002,1,0.14327272727272727,0.29963636363636365,,,,
54250,2006,1,0.8308718437351119,0.08242020009528347,,0.6875991164623847,-0.21721616354108017,
54250,2010,1,0.3945578231292517,0.09280855199222546,,-0.4363140206058602,0.010388351896941983,
54250,2010,2,,0.2316684378320935,,,,
54250,2014,1,,0.03383630544124371,,,-0.058972246550981745,
54250,2014,2,,0.04150737302020754,,,-0.19016106481188597,
54250,2018,1,0.7273136680927719,0.09772573744652105,,,0.06388943200527733,
54250,2018,2,0.8310976761760817,0.13281692801813716,,,0.09130955499792962,
54261,2002,1,0.3548152193701074,0.4620425996723102,,,,
54261,2006,1,0.14540995094604064,0.6487386124737211,,-0.20940526842406676,0.1866960128014109,
54261,2010,1,0.03262620837808808,0.5777389903329753,,-0.11278374256795257,-0.07099962214074584,
54261,2010,2,,0.7878872453251465,,,,
54261,2014,1,,0.31612162937464144,,,-0.2616173609583338,
54261,2014,2,,0.38817480719794345,,,-0.3997124381272031,
54261,2018,1,0.06067983049319268,0.6651338923451448,,,0.3490122629705033,
54261,2018,2,0.12720139494333044,0.8306015693112467,,,0.4424267621133033,
54313,2002,1,0.08653457339264052,0.5580266882329155,,,,
54313,2006,1,0.10137875101378752,0.816301703163017,,0.014844177621146995,0.2582750149301015,
54313,2010,1,0.03323375653472741,0.7031366691560866,,-0.06814499447906011,-0.11316503400693034,
54313,2010,2,,0.8788326560768378,,,,
54313,2014,1,,0.39380723942433493,,,-0.3093294297317517,
54313,2014,2,,0.5605118829981719,,,-0.3183207730786659,
54313,2018,1,0.03807679896740884,0.7437883188125202,,,0.34998107938818523,
54313,2018,2,0.08261405672009864,0.8859432799013564,,,0.32543139690318446,
54344,2002,1,0.16345062429057888,0.21679909194097616,,,,
54344,2006,1,0.6997725549658832,0.2001516300227445,,0.5363219306753043,-0.01664746191823166,
54344,2010,1,0.17596229379418696,0.21052631578947367,,-0.5238102611716963,0.010374685766729175,
54344,2010,2,,0.5091743119266054,,,,
54344,2014,1,,0.0665646518745218,,,-0.14396166391495185,
54344,2014,2,,0.05919439579684763,,,-0.4499799161297578,
54344,2018,1,0.6828314430973798,0.18302698474775128,,,0.11646233287322948,
54344,2018,2,0.762252346193952,0.20368439346541536,,,0.14448999766856774,
54347,2002,1,0.07112253641816624,0.6923736075407027,,,,
54347,2006,1,0.06818181818181818,0.8573667711598746,,-0.002940718236348061,0.16499316361917193,
54347,2010,1,0.017806267806267807,0.8041310541310541,,-0.050375550375550374,-0.05323571702882046,
54347,2010,2,,0.9085673146148309,,,,
54347,2014,1,,0.4016877637130802,,,-0.40244329041797394,
54347,2014,2,,0.6014705882352941,,,-0.3070967263795368,
54347,2018,1,0.02556077203964528,0.8335941575378195,,,0.43190639382473933,
54347,2018,2,0.06167176350662589,0.9153924566768603,,,0.3139218684415662,
54377,2002,1,0.45670995670995673,0.43073593073593075,,,,
54377,2006,1,0.06902086677367576,0.7560192616372392,,-0.387689089936281,0.32528333090130845,
54377,2010,1,0.010958904109589041,0.8237442922374429,,-0.058061962664086725,0.06772503060020374,
54377,2010,2,,0.9065836298932385,,,,
54377,2014,1,,0.44196951934349354,,,-0.3817747728939494,
54377,2014,2,,0.551623646960866,,,-0.3549599829323725,
54377,2018,1,0.0236370568051849,0.6309569195577583,,,0.1889874002142648,
54377,2018,2,0.10233258088788563,0.8559066967644846,,,0.30428304980361864,
54385,2002,1,0.13996948893974065,0.5774218154080855,,,,
54385,2006,1,0.10704125177809388,0.7884068278805121,,-0.032928237161646765,0.21098501247242663,
54385,2010,1,0.042621892153697126,0.7016467549241201,,-0.06441935962439677,-0.08676007295639199,
54385,2010,2,,0.8789808917197452,,,,
54385,2014,1,,0.4805149617258177,,,-0.2211317931983024,
54385,2014,2,,0.6049686049686049,,,-0.2740122867511403,
54385,2018,1,0.12339103417665336,0.6744340878828229,,,0.19391912615700518,
54385,2018,2,0.18338229122954258,0.7813680234997902,,,0.17639941853118524,
54398,2002,1,0.09041591320072333,0.6401446654611211,,,,
54398,2006,1,0.12768910478834142,0.7925052047189451,,0.03727319158761809,0.152360539257824,
54398,2010,1,0.05223068552774755,0.7437431991294886,,-0.07545841926059386,-0.048762005589456536,
54398,2010,2,,0.8923327895595432,,,,
54398,2014,1,,0.37959974176888317,,,-0.36414345736060544,
54398,2014,2,,0.43199042680494615,,,-0.46034236275459706,
54398,2018,1,0.1562625855819573,0.6012887635924286,,,0.22168902182354538,
54398,2018,2,0.23858407079646018,0.728495575221239,,,0.29650514841629283,
54405,2002,1,0.2766884531590414,0.5777980442823124,,,,
54405,2006,1,0.188846772937328,0.625318033127369,,-0.0878416802217134,0.04751998884505659,
54405,2010,1,0.040871838349583155,0.49837501766285147,,-0.14797493458774483,-0.12694301546451753,
54405,2010,2,,0.7332451670621183,,,,
54405,2014,1,,0.30949449873047624,,,-0.18888051893237523,
54405,2014,2,,0.4701657286775909,,,-0.2630794383845274,
54405,2018,1,0.06417870322848694,0.6290539384607865,,,0.31955943973031026,
54405,2018,2,0.15557807325391726,0.7945479709356927,,,0.32438224225810186,
54418,2002,1,0.04552469135802469,0.6674382716049383,,,,
54418,2006,1,0.04890895410082769,0.8653122648607976,,0.0033842627428029987,0.1978739932558593,
54418,2010,1,0.00533689126084056,0.8432288192128086,,-0.04357206283998713,-0.02208344564798903,
54418,2010,2,,0.9090909090909091,,,,
54418,2014,1,,0.5560675883256528,,,-0.2871612308871557,
54418,2014,2,,0.7177842565597667,,,-0.19130665253114232,
54418,2018,1,0.010622887493964268,0.8242394978271367,,,0.26817190950148384,
54418,2018,2,0.02897196261682243,0.944392523364486,,,0.22660826680471924,
54480,2002,1,0.24025385312783318,0.4913871260199456,,,,
54480,2006,1,0.07960576194086429,0.7778620166793025,,-0.16064809118696888,0.28647489065935694,
54480,2010,1,0.013245033112582781,0.7052980132450332,,-0.0663607288282815,-0.07256400343426939,
54480,2010,2,,0.8974193548387097,,,,
54480,2014,1,,0.4483319772172498,,,-0.25696603602778334,
54480,2014,2,,0.6404631322364412,,,-0.25695622260226847,
54480,2018,1,0.021788990825688075,0.7809633027522935,,,0.3326313255350437,
54480,2018,2,0.04899777282850779,0.9220489977728286,,,0.2815858655363873,
54498,2002,1,0.34486769409712126,0.4816599509824284,,,,
54498,2006,1,0.18829850746268656,0.6309651741293533,,-0.1565691866344347,0.14930522314692485,
54498,2010,1,0.08119028866897236,0.554600554737527,,-0.1071082187937142,-0.07636461939182626,
54498,2010,2,,0.7602548924019779,,,,
54498,2014,1,,0.3265571842580537,,,-0.22804337047947332,
54498,2014,2,,0.4755666266875788,,,-0.28468826571439904,
54498,2018,1,0.1423751225406379,0.5605179764266011,,,0.23396079216854737,
54498,2018,2,0.2502796295467764,0.7038834951456311,,,0.22831686845805227,
54518,2002,1,0.2740026839087471,0.5197633280468464,,,,
54518,2006,1,0.2168499688732102,0.6387217264992737,,-0.0571527150355369,0.11895839845242728,
54518,2010,1,0.05753449364234827,0.5123094958968347,,-0.15931547523086192,-0.126412230602439,
54518,2010,2,,0.6881330021020448,,,,
54518,2014,1,,0.2874344734520164,,,-0.22487502244481833,
54518,2014,2,,0.5273018263980418,,,-0.16083117570400296,
54518,2018,1,0.1362034678854272,0.4492202491016293,,,0.16178577564961288,
54518,2018,2,0.3087615236189523,0.6170227971128421,,,0.08972097071480034,
54520,2002,1,0.06351039260969978,0.7424942263279446,,,,
54520,2006,1,0.07272727272727272,0.8207070707070707,,0.009216880117572948,0.07821284437912612,
54520,2010,1,0.011049723756906077,0.6657458563535912,,-0.06167754897036665,-0.15496121435347954,
54520,2010,2,,0.894688221709007,,,,
54520,2014,1,,0.28890069038767924,,,-0.37684516596591194,
54520,2014,2,,0.696969696969697,,,-0.19771852473930995,
54520,2018,1,0.03364140480591497,0.787800369685767,,,0.4988996792980878,
54520,2018,2,0.06218547807332854,0.8946800862688713,,,0.19771038929917428,
54553,2002,1,0.13902147971360382,0.7088305489260143,,,,
54553,2006,1,0.11918158567774936,0.7575447570332481,,-0.019839894035854455,0.048714208107233814,
54553,2010,1,0.017569546120058566,0.746705710102489,,-0.1016120395576908,-0.0108390469307591,
54553,2010,2,,0.8627525733892489,,,,
54553,2014,1,,0.4752415458937198,,,-0.2714641642087692,
54553,2014,2,,0.555408271474019,,,-0.3073443019152299,
54553,2018,1,0.05228262928584959,0.677969312369767,,,0.20272776647604718,
54553,2018,2,0.09461400359066427,0.8809694793536804,,,0.32556120787966136,
54599,2002,1,0.11487758945386065,0.6691776522284997,,,,
54599,2006,1,0.05965109735509285,0.8643781654473832,,-0.055226492098767795,0.19520051321888354,
54599,2010,1,0.01746031746031746,0.7968253968253968,,-0.04219077989477539,-0.06755276862198645,
54599,2010,2,,0.9003181336161188,,,,
54599,2014,1,,0.39599383667180277,,,-0.400831560153594,
54599,2014,2,,0.5835219556360344,,,-0.3167961779800844,
54599,2018,1,0.032268073223704626,0.8020477815699659,,,0.40605394489816315,
54599,2018,2,0.05064429127959245,0.9283787833383278,,,0.3448568277022934,
54660,2002,1,0.0835030549898167,0.5994568906992532,,,,
54660,2006,1,0.11198738170347003,0.7558359621451104,,0.028484326713653335,0.15637907144585717,
54660,2010,1,0.02262443438914027,0.6970987490018632,,-0.08936294731432975,-0.0587372131432472,
54660,2010,2,,0.8555082490686535,,,,
54660,2014,1,,0.2680876613629541,,,-0.4290110876389091,
54660,2014,2,,0.47327121137812656,,,-0.38223703769052697,
54660,2018,1,0.033808207527110355,0.677652562194344,,,0.4095649008313899,
54660,2018,2,0.07627293341579056,0.8868274582560297,,,0.41355624687790316,
54670,2002,1,0.2953929539295393,0.10975609756097561,,,,
54670,2006,1,0.8140981340704907,0.11057360055286801,,0.5187051801409515,0.0008175029918923993,
54670,2010,1,0.708092485549133,0.10346820809248555,,-0.10600564852135774,-0.007105392460382456,
54670,2010,2,,0.4642857142857143,,,,
54670,2014,1,,0.02527743526510481,,,-0.07819077282738074,
54670,2014,2,,0.03259726603575184,,,-0.43168844824996244,
54670,2018,1,0.8349762687112084,0.05951077035414385,,,0.034233335089039044,
54670,2018,2,0.9088471849865952,0.06166219839142091,,,0.029064932355669072,
54673,2002,1,0.3608116677235257,0.45529486366518707,,,,
54673,2006,1,0.20966802562609202,0.5096097845078625,,-0.15114364209743367,0.054314920842675474,
54673,2010,1,0.04110105580693816,0.5637254901960784,,-0.16856696981915387,0.05411570568821589,
54673,2010,2,,0.775990099009901,,,,
54673,2014,1,,0.3222318339100346,,,-0.2414936562860438,
54673,2014,2,,0.4159581425768476,,,-0.3600319564330534,
54673,2018,1,0.05395398042845808,0.6995503834964295,,,0.3773185495863949,
54673,2018,2,0.11406743940990516,0.8487881981032666,,,0.43283005552641896,
54680,2002,1,0.20249221183800623,0.514018691588785,,,,
54680,2006,1,0.14058106841611998,0.7413308341143393,,-0.06191114342188625,0.22731214252555432,
54680,2010,1,0.03212576896787423,0.7395762132604238,,-0.10845529944824575,-0.001754620853915534,
54680,2010,2,,0.8749131341209173,,,,
54680,2014,1,,0.25346784363177804,,,-0.48610836962864573,
54680,2014,2,,0.4208219178082192,,,-0.4540912163126981,
54680,2018,1,0.060085836909871244,0.5901287553648069,,,0.33666091173302887,
54680,2018,2,0.12532501300052,0.8367134685387415,,,0.4158915507305223,
54720,2002,1,0.07825015403573629,0.6487985212569316,,,,
54720,2006,1,0.1424875254111994,0.7281463685085936,,0.06423737137546312,0.079347847251662,
54720,2010,1,0.0267076723858854,0.7128520556814503,,-0.11577985302531402,-0.01529431282714333,
54720,2010,2,,0.854057702041505,,,,
54720,2014,1,,0.47155797101449276,,,-0.2412940846669575,
54720,2014,2,,0.5593584419304024,,,-0.2946992601111026,
54720,2018,1,0.07676375404530744,0.7083495145631068,,,0.23679154354861404,
54720,2018,2,0.12616593028964163,0.8246195385370643,,,0.26526109660666186,
54743,2002,1,0.705848623853211,0.20126146788990826,,,,
54743,2006,1,0.026416906820365033,0.8515850144092219,,-0.679431717032846,0.6503235465193136,
54743,2010,1,0.005139186295503212,0.8518201284796574,,-0.02127772052486182,0.000235114070435527,
54743,2010,2,,0.9383088869715271,,,,
54743,2014,1,,0.7124921531701193,,,-0.1393279753095381,
54743,2014,2,,0.8098271155595996,,,-0.12848177141192751,
54743,2018,1,0.01596351197263398,0.8582288103382745,,,0.1457366571681552,
54743,2018,2,0.03820064262763299,0.9346661906461978,,,0.1248390750865982,
54800,2002,1,0.2535211267605634,0.22132796780684105,,,,
54800,2006,1,0.5369718309859155,0.34330985915492956,,0.2834507042253521,0.12198189134808851,
54800,2010,1,0.3444168734491315,0.228287841191067,,-0.19255495753678398,-0.11502201796386258,
54800,2010,2,,0.5657773689052438,,,,
54800,2014,1,,0.07623318385650224,,,-0.15205465733456475,
54800,2014,2,,0.10029990003332223,,,-0.46547746887192154,
54800,2018,1,0.5978035025230038,0.17601662214306915,,,0.09978343828656691,
54800,2018,2,0.7603719599427754,0.2010014306151645,,,0.10070153058184228,
54810,2002,1,0.10426540284360189,0.6531507811128664,,,,
54810,2006,1,0.23995169915473522,0.5835777126099707,,0.13568629631113333,-0.06957306850289569,
54810,2010,1,0.0832517140058766,0.508692458374143,,-0.15669998514885863,-0.0748852542358277,
54810,2010,2,,0.6892418772563177,,,,
54810,2014,1,,0.16228237387215658,,,-0.3464100845019864,
54810,2014,2,,0.23296936902116147,,,-0.4562725082351562,
54810,2018,1,0.2792207792207792,0.4039644565960355,,,0.24168208272387895,
54810,2018,2,0.4228806907378336,0.515763997906855,,,0.2827946288856935,
54820,2002,1,0.1924303635977036,0.6153519030406124,,,,
54820,2006,1,0.08074660174477581,0.8186244674376141,,-0.11168376185292779,0.2032725643970017,
54820,2010,1,0.017966223499820338,0.7412863816025871,,-0.06278037824495547,-0.07733808583502699,
54820,2010,2,,0.8879825992387167,,,,
54820,2014,1,,0.44653961885656973,,,-0.29474676274601735,
54820,2014,2,,0.6548935467898993,,,-0.2330890524488174,
54820,2018,1,0.058823529411764705,0.7472426470588235,,,0.30070302820225375,
54820,2018,2,0.10069188870896512,0.8519063742087443,,,0.19701282741884496,
54871,2002,1,0.041263700838168924,0.6460348162475822,,,,
54871,2006,1,0.027227722772277228,0.9139851485148515,,-0.014035978065891696,0.2679503322672693,
54871,2010,1,0.01845748187211602,0.7923533289386948,,-0.008770240900161208,-0.12163181957615665,
54871,2010,2,,0.9090909090909091,,,,
54871,2014,1,,0.6203170028818443,,,-0.17203632605685049,
54871,2014,2,,0.7510063254744106,,,-0.15808458361649846,
54871,2018,1,0.023124115148655026,0.8362435110901368,,,0.2159265082082925,
54871,2018,2,0.03606853020739405,0.9409377817853922,,,0.18993145631098163,
54874,2002,1,0.3157520950712561,0.5686757255811752,,,,
54874,2006,1,0.13392498997192137,0.6868732450862415,,-0.18182710509933475,0.1181975195050663,
54874,2010,1,0.025355978727054383,0.5696688968948361,,-0.10856901124486698,-0.11720434819140535,
54874,2010,2,,0.7845433255269321,,,,
54874,2014,1,,0.33478735005452565,,,-0.23488154684031048,
54874,2014,2,,0.4796335678063144,,,-0.3049097577206177,
54874,2018,1,0.05141879653853894,0.7070084524049104,,,0.37222110235038475,
54874,2018,2,0.10882316236116311,0.8536877573942344,,,0.37405418958792,
63001,2002,1,0.16184694040581563,0.6926402451058711,,,,
63001,2006,1,0.19265720858895705,0.6645897239263804,,0.03081026818314142,-0.028050521179490695,
63001,2010,1,0.04929169430752307,0.43255770990956194,,-0.14336551428143396,-0.23203201401681844,
63001,2010,2,,0.6464643705787562,,,,
63001,2014,1,,0.25124645969252485,,,-0.1813112502170371,
63001,2014,2,,0.4591057531397748,,,-0.18735861743898136,
63001,2018,1,0.11721956799677007,0.3748065406096494,,,0.12356008091712456,
63001,2018,2,0.33084300285655555,0.5812771567703202,,,0.1221714036305454,
63111,2002,1,0.12795793163891322,0.7370727432077125,,,,
63111,2006,1,0.16666666666666666,0.7495934959349594,,0.03870873502775343,0.012520752727246842,
63111,2010,1,0.05207485760781123,0.435313262815297,,-0.11459180905885544,-0.3142802331196624,
63111,2010,2,,0.7393617021276596,,,,
63111,2014,1,,0.2265625,,,-0.20875076281529698,
63111,2014,2,,0.4954896907216495,,,-0.24387201140601011,
63111,2018,1,0.09865152590489709,0.49893541518807666,,,0.27237291518807666,
63111,2018,2,0.23347701149425287,0.6939655172413793,,,0.19847582651972984,
63130,2002,1,0.2118377731218198,0.626384316073032,,,,
63130,2006,1,0.15259656731228638,0.7151310228233305,,-0.05924120580953343,0.0887467067502985,
63130,2010,1,0.04543756579617618,0.535810099500798,,-0.1071590015161102,-0.17932092332253247,
63130,2010,2,,0.718118478976741,,,,
63130,2014,1,,0.32988273043278965,,,-0.2059273690680084,
63130,2014,2,,0.5275235355648535,,,-0.19059494341188743,
63130,2018,1,0.10778096313670982,0.46231141227231926,,,0.1324286818395296,
63130,2018,2,0.2748026393307411,0.6483445269235301,,,0.12082099135867652,
63190,2002,1,0.19158460161145927,0.6605988262210285,,,,
63190,2006,1,0.13698098564221964,0.7424330616996507,,-0.05460361596923963,0.08183423547862223,
63190,2010,1,0.026609442060085836,0.5212207916070577,,-0.1103715435821338,-0.22121227009259303,
63190,2010,2,,0.7389635316698656,,,,
63190,2014,1,,0.3240587605798229,,,-0.19716203102723479,
63190,2014,2,,0.5220458553791887,,,-0.21691767629067693,
63190,2018,1,0.1032234697573343,0.4676566461427019,,,0.143597885562879,
63190,2018,2,0.27071577071577074,0.6575586575586576,,,0.13551280217946893,
63212,2002,1,0.5008807985907222,0.31591309453904876,,,,
63212,2006,1,0.313373253493014,0.46107784431137727,,-0.18750754509770823,0.14516474977232852,
63212,2010,1,0.07182599898836621,0.4350025290844714,,-0.24154725450464776,-0.02607531522690587,
63212,2010,2,,0.6714801444043321,,,,
63212,2014,1,,0.31581272084805656,,,-0.11918980823641484,
63212,2014,2,,0.44874631268436577,,,-0.22273383171996636,
63212,2018,1,0.17211246200607902,0.40425531914893614,,,0.08844259830087958,
63212,2018,2,0.34564643799472294,0.5767056162834527,,,0.12795930359908697,
63272,2002,1,0.10630006494912318,0.7570902792812297,,,,
63272,2006,1,0.14749000444247,0.7663260772989783,,0.04118993949334683,0.009235798017748542,
63272,2010,1,0.029801324503311258,0.5304221854304636,,-0.11768867993915876,-0.23590389186851468,
63272,2010,2,,0.7474791758000877,,,,
63272,2014,1,,0.2588996763754045,,,-0.2715225090550591,
63272,2014,2,,0.5411574406901509,,,-0.2063217351099368,
63272,2018,1,0.07026752455130376,0.47595665424991535,,,0.21705697787451084,
63272,2018,2,0.2294379712131597,0.6965387251542152,,,0.1553812844640643,
63302,2002,1,0.2736541598694943,0.5228384991843393,,,,
63302,2006,1,0.160882140274765,0.6229211858279103,,-0.11277201959472932,0.100082686643571,
63302,2010,1,0.0370138017565872,0.5530112923462986,,-0.1238683385181778,-0.0699098934816117,
63302,2010,2,,0.7707300958044269,,,,
63302,2014,1,,0.37285441830896376,,,-0.18015687403733488,
63302,2014,2,,0.5632183908045977,,,-0.20751170499982918,
63302,2018,1,0.10803618946248005,0.5486961149547632,,,0.17584169664579946,
63302,2018,2,0.23611469904417462,0.705244122965642,,,0.1420257321610443,
63401,2002,1,0.3144494550920707,0.5053551296505073,,,,
63401,2006,1,0.2140663148775301,0.614790895487123,,-0.10038314021454056,0.10943576583661563,
63401,2010,1,0.07165908757517969,0.5269913451664955,,-0.14240722730235042,-0.08779955032062747,
63401,2010,2,,0.721307619943556,,,,
63401,2014,1,,0.2892335029480656,,,-0.23775784221842988,
63401,2014,2,,0.45230320294587645,,,-0.2690044169976795,
63401,2018,1,0.1395423783435385,0.396712858524009,,,0.1074793555759434,
63401,2018,2,0.31499439276997165,0.5962794379576489,,,0.14397623501177248,
63470,2002,1,0.3216286377920481,0.5295122284465091,,,,
63470,2006,1,0.1390515640622768,0.7132552492501071,,-0.18257707372977128,0.18374302080359795,
63470,2010,1,0.044481476733752086,0.5706960646071016,,-0.09457008732852473,-0.14255918464300543,
63470,2010,2,,0.7662978269564058,,,,
63470,2014,1,,0.3227766657134687,,,-0.24791939889363296,
63470,2014,2,,0.5039141264381449,,,-0.2623837005182609,
63470,2018,1,0.08502024291497975,0.47807492729657297,,,0.15529826158310428,
63470,2018,2,0.224566257421177,0.6866101792610525,,,0.18269605282290757,
63548,2002,1,0.10902896081771721,0.6545996592844975,,,,
63548,2006,1,0.18505338078291814,0.7058125741399762,,0.07602441996520093,0.05121291485547874,
63548,2010,1,0.08400884303610906,0.5088430361090641,,-0.10104453774680908,-0.1969695380309121,
63548,2010,2,,0.7499046892870759,,,,
63548,2014,1,,0.3864699532205829,,,-0.1223730828884812,
63548,2014,2,,0.5793977812995246,,,-0.1705069079875513,
63548,2018,1,0.10018610421836228,0.5846774193548387,,,0.19820746613425583,
63548,2018,2,0.22059738643434973,0.7230864965774736,,,0.14368871527794902,
63594,2002,1,0.24342105263157895,0.5849506578947369,,,,
63594,2006,1,0.17531806615776083,0.6675996607294318,,-0.06810298647381813,0.0826490028346949,
63594,2010,1,0.05422961827603825,0.47412597620611635,,-0.12108844788172257,-0.19347368452331543,
63594,2010,2,,0.7005400471590477,,,,
63594,2014,1,,0.2561889250814332,,,-0.21793705112468315,
63594,2014,2,,0.4347942098592489,,,-0.26574583729979884,
63594,2018,1,0.13835914501471905,0.42813259951363114,,,0.17194367443219793,
63594,2018,2,0.2985604544574269,0.6268801239429346,,,0.1920859140836857,
63690,2002,1,0.17257785467128028,0.6976643598615917,,,,
63690,2006,1,0.12338156892612338,0.7566641279512567,,-0.0491962857451569,0.058999768089665006,
63690,2010,1,0.029154518950437316,0.5532069970845481,,-0.09422704997568607,-0.20345713086670858,
63690,2010,2,,0.7871634083364072,,,,
63690,2014,1,,0.4088651127244937,,,-0.1443418843600544,
63690,2014,2,,0.5810723514211886,,,-0.20609105691521856,
63690,2018,1,0.08627334716869256,0.5206048028461311,,,0.11173969012163737,
63690,2018,2,0.22666269012824336,0.705934983596779,,,0.12486263217559035,
66001,2002,1,0.13606817466746104,0.7010730949719175,,,,
66001,2006,1,0.16649503777980873,0.7112386885836756,,0.030426863112347685,0.010165593611758061,
66001,2010,1,0.03964580922897318,0.4604636375955054,,-0.12684922855083555,-0.25077505098817016,
66001,2010,2,,0.6653752027784127,,,,
66001,2014,1,,0.2707066151808112,,,-0.18975702241469422,
66001,2014,2,,0.47988567786242275,,,-0.1854895249159899,
66001,2018,1,0.12451204163911346,0.37149683227031294,,,0.10079021708950175,
66001,2018,2,0.3367928606163212,0.5813806890838031,,,0.10149501122138038,
66045,2002,1,0.06168748406831506,0.7705837369360183,,,,
66045,2006,1,0.09921196201252779,0.8197615679935341,,0.03752447794421272,0.04917783105751572,
66045,2010,1,0.02419047619047619,0.5584761904761905,,-0.07502148582205159,-0.2612853775173436,
66045,2010,2,,0.8196460528932193,,,,
66045,2014,1,,0.3983739837398374,,,-0.16010220673635306,
66045,2014,2,,0.6706756278740714,,,-0.14897042501914792,
66045,2018,1,0.055298719772403984,0.6130867709815079,,,0.21471278724167048,
66045,2018,2,0.17059231035677175,0.766539660547281,,,0.09586403267320953,
66075,2002,1,0.45349761526232113,0.40977742448330684,,,,
66075,2006,1,0.10550458715596331,0.5650542118432027,,-0.3479930281063578,0.15527678735989586,
66075,2010,1,0.02169035153328347,0.5635751682872102,,-0.08381423562267984,-0.0014790435559924875,
66075,2010,2,,0.8153495440729484,,,,
66075,2014,1,,0.42414355628058725,,,-0.13943161200662296,
66075,2014,2,,0.5572289156626506,,,-0.2581206284102977,
66075,2018,1,0.08440840398083303,0.526723184666421,,,0.10257962838583373,
66075,2018,2,0.20806566738044255,0.7166309778729479,,,0.1594020622102973,
66088,2002,1,0.07085842319002941,0.7767819633104607,,,,
66088,2006,1,0.12207937395192846,0.7806595863610956,,0.051220950761899045,0.003877623050634882,
66088,2010,1,0.0318656475401012,0.5253525675530197,,-0.09021372641182726,-0.2553070188080758,
66088,2010,2,,0.8162855549358616,,,,
66088,2014,1,,0.4619489806809692,,,-0.06340358687205055,
66088,2014,2,,0.7604891983574362,,,-0.05579635657842541,
66088,2018,1,0.06813980103882385,0.6195087595739062,,,0.15755977889293699,
66088,2018,2,0.16549973744092422,0.7765622265009627,,,0.016073028143526513,
66170,2002,1,0.1182200956937799,0.7027368421052631,,,,
66170,2006,1,0.1540046538891948,0.7255804039291615,,0.03578455819541489,0.02284356182389835,
66170,2010,1,0.04064061569979098,0.4540232271638775,,-0.11336403818940381,-0.27155717676528396,
66170,2010,2,,0.6763448285995562,,,,
66170,2014,1,,0.26936065644445084,,,-0.18466257071942666,
66170,2014,2,,0.47229806524096307,,,-0.20404676335859318,
66170,2018,1,0.11743446008598163,0.35856233667706316,,,0.08920168023261232,
66170,2018,2,0.3393538539811753,0.5764104719454061,,,0.104112406704443,
66318,2002,1,0.11924119241192412,0.68774465522433,,,,
66318,2006,1,0.14634767116314584,0.7510817001781623,,0.027106478751221727,0.0633370449538323,
66318,2010,1,0.024470491466173146,0.5716635821509356,,-0.1218771796969727,-0.17941811802722674,
66318,2010,2,,0.8161930075649152,,,,
66318,2014,1,,0.5393992163691772,,,-0.0322643657817584,
66318,2014,2,,0.778184352674682,,,-0.038008654890233196,
66318,2018,1,0.07346510407556411,0.6380969039706139,,,0.09869768760143671,
66318,2018,2,0.15356489945155394,0.7944158218381253,,,0.016231469163443313,
66383,2002,1,0.11757672379434038,0.5898764447987246,,,,
66383,2006,1,0.13764880952380953,0.7801339285714286,,0.020072085729469155,0.19025748377270402,
66383,2010,1,0.035227650382186775,0.5922233300099701,,-0.10242115914162275,-0.18791059856145853,
66383,2010,2,,0.8257706962244544,,,,
66383,2014,1,,0.38955274837828613,,,-0.20267058163168394,
66383,2014,2,,0.7138300956799072,,,-0.11194060054454724,
66383,2018,1,0.09827434922491957,0.6121673003802282,,,0.22261455200194202,
66383,2018,2,0.1808450704225352,0.7585915492957747,,,0.044761453615867475,
66400,2002,1,0.1757679180887372,0.6407849829351536,,,,
66400,2006,1,0.1934180624526555,0.6436326908509384,,0.01765014436391829,0.002847707915784814,
66400,2010,1,0.05779274326553051,0.4930593732820231,,-0.135625319187125,-0.15057331756891534,
66400,2010,2,,0.7228496959165943,,,,
66400,2014,1,,0.2651752190237797,,,-0.22788415425824338,
66400,2014,2,,0.44738788408525515,,,-0.27546181183133917,
66400,2018,1,0.11518638379479804,0.4275440489032722,,,0.16236882987949247,
66400,2018,2,0.2796797175461825,0.6352058508290777,,,0.1878179667438225,
66440,2002,1,0.2113619810633649,0.6294246176256373,,,,
66440,2006,1,0.14389265885256014,0.7154534238124615,,-0.06746932221080476,0.08602880618682418,
66440,2010,1,0.025690876267185112,0.4461880294403555,,-0.11820178258537503,-0.26926539437210595,
66440,2010,2,,0.7706408345752608,,,,
66440,2014,1,,0.41304020478843545,,,-0.033147824651920066,
66440,2014,2,,0.6542044618779113,,,-0.11643637269734952,
66440,2018,1,0.13210387655250283,0.5555137372977041,,,0.1424735325092687,
66440,2018,2,0.22032866707242849,0.7124771758977481,,,0.0582727140198368,
66456,2002,1,0.1781663516068053,0.4777882797731569,,,,
66456,2006,1,0.2949891067538126,0.5516339869281046,,0.11682275514700732,0.0738457071549477,
66456,2010,1,0.04105138806851742,0.4548139397519197,,-0.2539377186852952,-0.09682004717618492,
66456,2010,2,,0.6961776278808319,,,,
66456,2014,1,,0.3237300985595148,,,-0.1310838411924049,
66456,2014,2,,0.4843966712898752,,,-0.21178095659095675,
66456,2018,1,0.2957093158098183,0.41321994588326244,,,0.08948984732374765,
66456,2018,2,0.4332290465997036,0.514408035567265,,,0.030011364277389818,
66572,2002,1,0.1401129943502825,0.6022598870056497,,,,
66572,2006,1,0.2728323699421965,0.6127167630057804,,0.13271937559191402,0.010456876000130677,
66572,2010,1,0.025964912280701753,0.5684210526315789,,-0.24686745766149476,-0.044295710374201436,
66572,2010,2,,0.7134641407307172,,,,
66572,2014,1,,0.2703922249219021,,,-0.2980288277096768,
66572,2014,2,,0.40526182646091574,,,-0.30820231426980144,
66572,2018,1,0.42209217264081933,0.4013655206047306,,,0.13097329568282845,
66572,2018,2,0.5343383584589615,0.43299832495812396,,,0.027736498497208217,
66594,2002,1,0.6223895926052722,0.2081478945566587,,,,
66594,2006,1,0.22137216189536033,0.36759624876604147,,-0.4010174307099118,0.15944835420938278,
66594,2010,1,0.07522972836514187,0.4365343835201454,,-0.14614243353021844,0.06893813475410393,
66594,2010,2,,0.690788013318535,,,,
66594,2014,1,,0.2665801274486665,,,-0.1699542560714789,
66594,2014,2,,0.4343230076293777,,,-0.2564650056891573,
66594,2018,1,0.15572592237661714,0.40019166267369427,,,0.13361153522502778,
66594,2018,2,0.3445010924981792,0.5666423889293518,,,0.13231938129997411,
66682,2002,1,0.08626238141012245,0.7680026748025244,,,,
66682,2006,1,0.13128736244907285,0.7860107375395042,,0.045024981038950404,0.018008062736979857,
66682,2010,1,0.04973274459679294,0.4945054945054945,,-0.08155461785227991,-0.2915052430340097,
66682,2010,2,,0.7214520508789481,,,,
66682,2014,1,,0.29928792346975475,,,-0.19521757103573978,
66682,2014,2,,0.5680904041371385,,,-0.15336164674180963,
66682,2018,1,0.09868331379658152,0.42316604421666715,,,0.1238781207469124,
66682,2018,2,0.2821755969795759,0.6356822424698375,,,0.067591838332699,
66687,2002,1,0.06095277719991679,0.6998127730393177,,,,
66687,2006,1,0.14609929078014183,0.7507598784194529,,0.08514651358022504,0.05094710538013525,
66687,2010,1,0.016557433597792343,0.6755777854432563,,-0.12954185718234948,-0.0751820929761966,
66687,2010,2,,0.8396003633060853,,,,
66687,2014,1,,0.3633852830933123,,,-0.312192502349944,
66687,2014,2,,0.6592427616926503,,,-0.18035760161343506,
66687,2018,1,0.05094687447628624,0.6229260935143288,,,0.2595408104210165,
66687,2018,2,0.13474350433044638,0.7979680213191206,,,0.1387252596264703,
68001,2002,1,0.49174785548535127,0.40028332797385735,,,,
68001,2006,1,0.16110051115351093,0.4939344687065696,,-0.33064734433184034,0.09365114073271225,
68001,2010,1,0.05541523337583091,0.37323695204188817,,-0.10568527777768003,-0.12069751666468143,
68001,2010,2,,0.5786348437680157,,,,
68001,2014,1,,0.23062612721359899,,,-0.14261082482828918,
68001,2014,2,,0.38555640624479876,,,-0.1930784375232169,
68001,2018,1,0.14372792785748725,0.39573478243871923,,,0.16510865522512025,
68001,2018,2,0.36252006474902976,0.5720095904420679,,,0.18645318419726914,
68013,2002,1,0.25161290322580643,0.5032258064516129,,,,
68013,2006,1,0.03276353276353276,0.8290598290598291,,-0.21884937046227365,0.32583402260821626,
68013,2010,1,0.004143646408839779,0.6961325966850829,,-0.028619886354692984,-0.13292723237474624,
68013,2010,2,,0.8523676880222841,,,,
68013,2014,1,,0.5528301886792453,,,-0.1433024080058376,
68013,2014,2,,0.6426076833527358,,,-0.20976000466954836,
68013,2018,1,0.09504132231404959,0.7300275482093664,,,0.17719735953012117,
68013,2018,2,0.15852205005959474,0.8045292014302742,,,0.1619215180775384,
68020,2002,1,0.35101311084624554,0.465435041716329,,,,
68020,2006,1,0.07495195387572069,0.7110826393337604,,-0.27606115697052486,0.24564759761743138,
68020,2010,1,0.02185163887291547,0.6906267970097757,,-0.05310031500280522,-0.020455842323984674,
68020,2010,2,,0.8590769230769231,,,,
68020,2014,1,,0.3490136570561457,,,-0.34161313995363,
68020,2014,2,,0.5940912010276173,,,-0.2649857220493058,
68020,2018,1,0.1798330122029544,0.5973025048169557,,,0.24828884776081,
68020,2018,2,0.25090470446320867,0.7098914354644149,,,0.11580023443679766,
68051,2002,1,0.7395568470759172,0.19978205593897566,,,,
68051,2006,1,0.04767103347889374,0.38064046579330424,,-0.6918858135970234,0.18085840985432858,
68051,2010,1,0.027828634199926768,0.42475283778835593,,-0.01984239927896697,0.04411237199505169,
68051,2010,2,,0.7589445438282647,,,,
68051,2014,1,,0.4276676507802615,,,0.0029148129919055465,
68051,2014,2,,0.5245449531163817,,,-0.234399590711883,
68051,2018,1,0.11544413494274218,0.5716496440730424,,,0.14398199329278094,
68051,2018,2,0.2228350799779371,0.7214561500275786,,,0.19691119691119685,
68077,2002,1,0.6318243033253911,0.2955557857660831,,,,
68077,2006,1,0.16924564796905223,0.4922630560928433,,-0.46257865535633885,0.19670727032676022,
68077,2010,1,0.0923671497584541,0.3897584541062802,,-0.07687849821059813,-0.10250460198656314,
68077,2010,2,,0.633639337343041,,,,
68077,2014,1,,0.2773109243697479,,,-0.11244752973653227,
68077,2014,2,,0.43492586490939045,,,-0.19871347243365056,
68077,2018,1,0.256013986013986,0.36643356643356645,,,0.08912264206381854,
68077,2018,2,0.4527990825030464,0.48856712780445843,,,0.05364126289506799,
68079,2002,1,0.5154394299287411,0.3834407872412623,,,,
68079,2006,1,0.08714969241285031,0.5239234449760766,,-0.42828973751589083,0.14048265773481428,
68079,2010,1,0.021454911163258466,0.5672142138786457,,-0.06569478124959184,0.04329076890256911,
68079,2010,2,,0.7482837528604119,,,,
68079,2014,1,,0.34957369062119364,,,-0.21764052325745203,
68079,2014,2,,0.5790097835754521,,,-0.16927396928495986,
68079,2018,1,0.0712223291626564,0.4504331087584216,,,0.10085941813722793,
68079,2018,2,0.22720478325859492,0.7142501245640259,,,0.13524034098857385,
68081,2002,1,0.641120482860017,0.267120637622843,,,,
68081,2006,1,0.37512894573963274,0.24872773536895673,,-0.26599153712038426,-0.018392902253886262,
68081,2010,1,0.23132516104640172,0.2862917884511917,,-0.14380378469323102,0.037564053082234955,
68081,2010,2,,0.505475209909651,,,,
68081,2014,1,,0.1520403562168865,,,-0.1342514322343052,
68081,2014,2,,0.22453586074049564,,,-0.28093934916915536,
68081,2018,1,0.41649603082540676,0.25009330334177265,,,0.09805294712488616,
68081,2018,2,0.6108580298895123,0.3376824974889157,,,0.11314663674842007,
68092,2002,1,0.4621010638297872,0.3371010638297872,,,,
68092,2006,1,0.038050734312416554,0.6154873164218959,,-0.42405032951737065,0.2783862525921087,
68092,2010,1,0.033397559409120106,0.6107899807321773,,-0.0046531749032964476,-0.00469733568971864,
68092,2010,2,,0.8039867109634552,,,,
68092,2014,1,,0.3343319352905932,,,-0.2764580454415841,
68092,2014,2,,0.5211195928753181,,,-0.28286711808813714,
68092,2018,1,0.13954468802698144,0.5510118043844857,,,0.21667986909389253,
68092,2018,2,0.23867964451967838,0.7046127803639441,,,0.18349318748862609,
68101,2002,1,0.3781952571604558,0.35848475515860795,,,,
68101,2006,1,0.18828571428571428,0.6168571428571429,,-0.18990954287474154,0.25837238769853493,
68101,2010,1,0.05091649694501019,0.5664460285132383,,-0.1373692173407041,-0.05041111434390455,
68101,2010,2,,0.7857911733046287,,,,
68101,2014,1,,0.3530476765238383,,,-0.21339835198940005,
68101,2014,2,,0.47649918962722854,,,-0.30929198367740013,
68101,2018,1,0.22755905511811023,0.5349081364829397,,,0.18186045995910138,
68101,2018,2,0.2939229132182549,0.6583116576022701,,,0.18181246797504153,
68121,2002,1,0.1906519065190652,0.7047970479704797,,,,
68121,2006,1,0.05944055944055944,0.7808857808857809,,-0.13121134707850574,0.07608873291530116,
68121,2010,1,0.019417475728155338,0.694868238557559,,-0.0400230837124041,-0.0860175423282219,
68121,2010,2,,0.8390532544378698,,,,
68121,2014,1,,0.4928774928774929,,,-0.20199074568006609,
68121,2014,2,,0.547027027027027,,,-0.29202622741084283,
68121,2018,1,0.03391572456320658,0.5827338129496403,,,0.08985632007214744,
68121,2018,2,0.1029723991507431,0.8694267515923567,,,0.3223997245653297,
68132,2002,1,0.25257731958762886,0.5747422680412371,,,,
68132,2006,1,0.06382978723404255,0.8844984802431611,,-0.18874753235358632,0.30975621220192406,
68132,2010,1,0.006243496357960458,0.7273673257023934,,-0.057586290876082094,-0.15713115454076776,
68132,2010,2,,0.8595132743362832,,,,
68132,2014,1,,0.5798429319371727,,,-0.14752439376522064,
68132,2014,2,,0.7527716186252772,,,-0.10674165571100602,
68132,2018,1,0.05130513051305131,0.7614761476147615,,,0.18163321567758872,
68132,2018,2,0.09718670076726342,0.8525149190110827,,,0.09974330038580548,
68147,2002,1,0.28996447602131437,0.5883658969804618,,,,
68147,2006,1,0.02729827378562826,0.7643516659975913,,-0.2626662022356861,0.17598576901712948,
68147,2010,1,0.01466508125247721,0.7487118509710662,,-0.012633192533151053,-0.015639815026525117,
68147,2010,2,,0.8916771225428691,,,,
68147,2014,1,,0.5343511450381679,,,-0.21436070593289824,
68147,2014,2,,0.719551282051282,,,-0.17212584049158708,
68147,2018,1,0.053538000748783225,0.7386746536877574,,,0.20432350864958948,
68147,2018,2,0.11845018450184502,0.844280442804428,,,0.124729160753146,
68152,2002,1,0.7546201232032854,0.18531827515400412,,,,
68152,2006,1,0.0630965005302227,0.6049840933191941,,-0.6915236226730628,0.41966581816519,
68152,2010,1,0.009518477043673012,0.6237402015677491,,-0.053578023486549685,0.018756108248555003,
68152,2010,2,,0.8798047589993899,,,,
68152,2014,1,,0.5786864931846345,,,-0.04505370838311462,
68152,2014,2,,0.6713216957605985,,,-0.2084830632387914,
68152,2018,1,0.04676826064109301,0.6920651602732527,,,0.11337866708861821,
68152,2018,2,0.13733075435203096,0.8099613152804642,,,0.1386396195198657,
68160,2002,1,0.8878504672897196,0.05794392523364486,,,,
68160,2006,1,0.04504504504504504,0.7826576576576577,,-0.8428054222446746,0.7247137324240128,
68160,2010,1,0.015,0.744,,-0.030045045045045043,-0.03865765765765772,
68160,2010,2,,0.8919821826280624,,,,
68160,2014,1,,0.4810126582278481,,,-0.2629873417721519,
68160,2014,2,,0.5399828030954428,,,-0.3519993795326196,
68160,2018,1,0.0763430725730443,0.6946277097078228,,,0.21361505147997473,
68160,2018,2,0.14214046822742474,0.8219063545150501,,,0.28192355141960734,
68162,2002,1,0.9137859225322782,0.038733860891295296,,,,
68162,2006,1,0.0756152125279642,0.7033557046979866,,-0.838170710004314,0.6646218438066913,
68162,2010,1,0.009174311926605505,0.6313594662218516,,-0.0664409006013587,-0.07199623847613501,
68162,2010,2,,0.8750563824988723,,,,
68162,2014,1,,0.3717105263157895,,,-0.2596489399060621,
68162,2014,2,,0.4936998854524628,,,-0.3813564970464095,
68162,2018,1,0.058823529411764705,0.6506024096385542,,,0.2788918833227647,
68162,2018,2,0.13579387186629527,0.8004874651810585,,,0.3067875797285957,
68167,2002,1,0.3808745402533715,0.45545565999182674,,,,
68167,2006,1,0.14496833216045038,0.5883180858550316,,-0.2359062080929211,0.1328624258632049,
68167,2010,1,0.06619437679876024,0.4547265884436573,,-0.07877395536169014,-0.13359149741137433,
68167,2010,2,,0.7005519779208832,,,,
68167,2014,1,,0.16063879755753874,,,-0.2940877908861186,
68167,2014,2,,0.26840721262208866,,,-0.43214476529879453,
68167,2018,1,0.1359860923314661,0.4577940892408731,,,0.2971552916833344,
68167,2018,2,0.30590206665425435,0.6402904487060138,,,0.37188323608392515,
68169,2002,1,0.1327054794520548,0.5873287671232876,,,,
68169,2006,1,0.0447934845840605,0.9028504944735312,,-0.0879119948679943,0.31552172735024353,
68169,2010,1,0.007462686567164179,0.6960199004975124,,-0.03733079801689632,-0.20683059397601877,
68169,2010,2,,0.9165739710789766,,,,
68169,2014,1,,0.5652941176470588,,,-0.13072578285045355,
68169,2014,2,,0.6971593644679827,,,-0.219414606610994,
68169,2018,1,0.04748201438848921,0.7899280575539568,,,0.22463393990689795,
68169,2018,2,0.09659863945578231,0.8757369614512471,,,0.17857759698326447,
68176,2002,1,0.7309644670050761,0.1696881798404641,,,,
68176,2006,1,0.018034265103697024,0.4247069431920649,,-0.7129302019013791,0.2550187633516008,
68176,2010,1,0.007582139848357203,0.506318449873631,,-0.010452125255339822,0.08161150668156603,
68176,2010,2,,0.8345132743362832,,,,
68176,2014,1,,0.3622448979591837,,,-0.14407355191444726,
68176,2014,2,,0.4644167278063096,,,-0.3700965465299736,
68176,2018,1,0.0651277823577906,0.4888705688375927,,,0.12662567087840904,
68176,2018,2,0.195141065830721,0.7225705329153606,,,0.25815380510905095,
68179,2002,1,0.8923076923076924,0.05501165501165501,,,,
68179,2006,1,0.06214039125431531,0.2675489067894131,,-0.830167301053377,0.21253725177775812,
68179,2010,1,0.015191545574636724,0.333553500660502,,-0.04694884567967858,0.06600459387108887,
68179,2010,2,,0.7766165904637492,,,,
68179,2014,1,,0.1471160077770577,,,-0.1864374928834443,
68179,2014,2,,0.22971048884670148,,,-0.5469061016170478,
68179,2018,1,0.18507281553398058,0.2967233009708738,,,0.1496072931938161,
68179,2018,2,0.3503289473684211,0.5877192982456141,,,0.3580088093989126,
68190,2002,1,0.4626959907397664,0.46511627906976744,,,,
68190,2006,1,0.07217869644940823,0.5720953492248708,,-0.3905172942903582,0.10697907015510338,
68190,2010,1,0.06390449438202248,0.40686446629213485,,-0.008274202067385758,-0.16523088293273597,
68190,2010,2,,0.6626365054602185,,,,
68190,2014,1,,0.35182849936948296,,,-0.05503596692265189,
68190,2014,2,,0.47752952170588736,,,-0.1851069837543311,
68190,2018,1,0.20516562089595797,0.5203560484459361,,,0.16852754907645312,
68190,2018,2,0.3079017068864038,0.6300029429075927,,,0.15247342120170537,
68207,2002,1,0.8698339127076091,0.0984936268829664,,,,
68207,2006,1,0.04680120223271791,0.622155431515672,,-0.8230327104748912,0.5236618046327056,
68207,2010,1,0.01076158940397351,0.6452814569536424,,-0.0360396128287444,0.023126025437970377,
68207,2010,2,,0.8678111587982833,,,,
68207,2014,1,,0.43824511206485456,,,-0.2070363448887878,
68207,2014,2,,0.5680029973772949,,,-0.29980816142098843,
68207,2018,1,0.07972136222910217,0.6044891640866873,,,0.16624405202183273,
68207,2018,2,0.19037199124726478,0.7439824945295405,,,0.1759794971522456,
68209,2002,1,0.3676748582230624,0.5198487712665406,,,,
68209,2006,1,0.0517578125,0.6943359375,,-0.3159170457230624,0.1744871662334594,
68209,2010,1,0.017210144927536232,0.5615942028985508,,-0.03454766757246377,-0.13274173460144922,
68209,2010,2,,0.8187672493100276,,,,
68209,2014,1,,0.4002057613168724,,,-0.16138844158167837,
68209,2014,2,,0.6021818181818182,,,-0.2165854311282095,
68209,2018,1,0.07692307692307693,0.7175177763413058,,,0.31731201502443335,
68209,2018,2,0.12950094756790903,0.8395451674036639,,,0.23736334922184577,
68211,2002,1,0.47358943577430973,0.3619447779111645,,,,
68211,2006,1,0.044036697247706424,0.7333333333333333,,-0.4295527385266033,0.3713885554221688,
68211,2010,1,0.04643557880967953,0.55134074558535,,0.0023988815619731055,-0.18199258774798333,
68211,2010,2,,0.7550881953867028,,,,
68211,2014,1,,0.2270311313591496,,,-0.32430961422620036,
68211,2014,2,,0.49510763209393344,,,-0.25998056329276936,
68211,2018,1,0.10551558752997602,0.47422062350119903,,,0.24718949214204944,
68211,2018,2,0.21280379371665678,0.7154712507409603,,,0.22036361864702686,
68217,2002,1,0.6805433829973707,0.18580192813321647,,,,
68217,2006,1,0.0437636761487965,0.5295404814004376,,-0.6367797068485742,0.34373855326722114,
68217,2010,1,0.013068949977467327,0.5416854438936458,,-0.03069472617132917,0.012144962493208178,
68217,2010,2,,0.8116268589454709,,,,
68217,2014,1,,0.38727609635577515,,,-0.15440934753787067,
68217,2014,2,,0.4953664700926706,,,-0.31626038885280033,
68217,2018,1,0.07507507507507508,0.51008151008151,,,0.12280541372573489,
68217,2018,2,0.15710435117443203,0.8001540238737004,,,0.3047875537810298,
68229,2002,1,0.47409126063418405,0.4444444444444444,,,,
68229,2006,1,0.09064860640791873,0.5149778588174003,,-0.38344265422626533,0.0705334143729559,
68229,2010,1,0.027559055118110236,0.44611220472440943,,-0.0630895512898085,-0.06886565409299089,
68229,2010,2,,0.6836648921266462,,,,
68229,2014,1,,0.40104596751995597,,,-0.04506623720445346,
68229,2014,2,,0.5413887799136916,,,-0.14227611221295455,
68229,2018,1,0.13302151543498597,0.5332086061739943,,,0.13216263865403838,
68229,2018,2,0.2625828407666129,0.6845781837721655,,,0.1431894038584739,
68235,2002,1,0.12299208822824263,0.779429393430832,,,,
68235,2006,1,0.024958053691275166,0.8322147651006712,,-0.09803403453696746,0.05278537166983921,
68235,2010,1,0.01466275659824047,0.7718108504398827,,-0.010295297093034696,-0.06040391466078843,
68235,2010,2,,0.910955002847921,,,,
68235,2014,1,,0.5712841253791708,,,-0.2005267250607119,
68235,2014,2,,0.7161009864571142,,,-0.1948540163908068,
68235,2018,1,0.05561122244488978,0.7844021376085505,,,0.21311801222937965,
68235,2018,2,0.09249727031664327,0.8611761035719856,,,0.14507511711487142,
68245,2002,1,0.3263546798029557,0.4051724137931034,,,,
68245,2006,1,0.04238143289606458,0.8435923309788093,,-0.2839732469068911,0.43841991718570583,
68245,2010,1,0.019450800915331808,0.6899313501144165,,-0.022930631980732773,-0.15366098086439273,
68245,2010,2,,0.8455971049457177,,,,
68245,2014,1,,0.4777777777777778,,,-0.21215357233663873,
68245,2014,2,,0.47593582887700536,,,-0.36966127606871235,
68245,2018,1,0.045168067226890755,0.45168067226890757,,,-0.026097105508870233,
68245,2018,2,0.12884834663625996,0.806157354618016,,,0.3302215257410106,
68250,2002,1,0.17050359712230215,0.5848920863309353,,,,
68250,2006,1,0.12376237623762376,0.6567656765676567,,-0.046741220884678386,0.07187359023672146,
68250,2010,1,0.024437299035369776,0.6733118971061093,,-0.09932507720225399,0.01654622053845256,
68250,2010,2,,0.8013071895424837,,,,
68250,2014,1,,0.308265078183172,,,-0.3650468189229373,
68250,2014,2,,0.42377869334902885,,,-0.37752849619345485,
68250,2018,1,0.19888129272840274,0.6090739589807334,,,0.30080888079756135,
68250,2018,2,0.2658157602663707,0.681465038845727,,,0.2576863454966981,
68255,2002,1,0.3562396921385377,0.3908741066520066,,,,
68255,2006,1,0.06254173158246161,0.7242377030937013,,-0.29369796055607605,0.33336359644169467,
68255,2010,1,0.02094025867378362,0.677684253746664,,-0.041601472908677994,-0.04655344934703731,
68255,2010,2,,0.8553515450067174,,,,
68255,2014,1,,0.4255129348795718,,,-0.25217131886709215,
68255,2014,2,,0.5496428571428571,,,-0.3057086878638603,
68255,2018,1,0.08630759247242051,0.7021414665801428,,,0.27662853170057095,
68255,2018,2,0.1549273531269741,0.7994314592545799,,,0.24978860211172282,
68264,2002,1,0.5518630412890232,0.37361530715005037,,,,
68264,2006,1,0.027230046948356807,0.6028169014084507,,-0.5246329943406663,0.2292015942584003,
68264,2010,1,0.007231404958677686,0.5247933884297521,,-0.01999864198967912,-0.07802351297869858,
68264,2010,2,,0.848,,,,
68264,2014,1,,0.2773393461104848,,,-0.24745404231926732,
68264,2014,2,,0.4823825503355705,,,-0.3656174496644295,
68264,2018,1,0.08130841121495327,0.6373831775700934,,,0.36004383145960867,
68264,2018,2,0.1473851030110935,0.8161648177496038,,,0.33378226741403333,
68266,2002,1,0.6479421579532815,0.2397107897664071,,,,
68266,2006,1,0.05241935483870968,0.4377880184331797,,-0.5955228031145718,0.1980772286667726,
68266,2010,1,0.02386934673366834,0.45037688442211055,,-0.02855000810504134,0.01258886598893083,
68266,2010,2,,0.7966457023060797,,,,
68266,2014,1,,0.2894736842105263,,,-0.16090320021158422,
68266,2014,2,,0.4337950138504155,,,-0.36285068845566415,
68266,2018,1,0.056140350877192984,0.6099415204678362,,,0.3204678362573099,
68266,2018,2,0.16795580110497238,0.7773480662983425,,,0.343553052447927,
68271,2002,1,0.8705929487179487,0.08052884615384616,,,,
68271,2006,1,0.13933362180874082,0.2799653829511034,,-0.7312593269092078,0.19943653679725726,
68271,2010,1,0.01802179379715004,0.5523889354568315,,-0.12131182801159077,0.27242355250572814,
68271,2010,2,,0.7818347786398905,,,,
68271,2014,1,,0.23690337601862632,,,-0.3154855594382052,
68271,2014,2,,0.308915864378401,,,-0.47291891426148946,
68271,2018,1,0.22670949977053695,0.4387333639284075,,,0.20182998790978118,
68271,2018,2,0.3650343990287333,0.6005665722379604,,,0.2916507078595594,
68276,2002,1,0.4640731747210025,0.4102238270781696,,,,
68276,2006,1,0.1552240829886772,0.4964268763983999,,-0.30884909173232533,0.08620304932023026,
68276,2010,1,0.05965995564638866,0.38775709875201114,,-0.09556412734228856,-0.10866977764638874,
68276,2010,2,,0.6090895093409977,,,,
68276,2014,1,,0.22883649014302282,,,-0.15892060860898832,
68276,2014,2,,0.4063542510760553,,,-0.20273525826494243,
68276,2018,1,0.14430562118031617,0.42115862774107093,,,0.19232213759804812,
68276,2018,2,0.3433266392528131,0.5924978483312614,,,0.18614359725520613,
68296,2002,1,0.5013501350135013,0.38253825382538253,,,,
68296,2006,1,0.041530944625407164,0.7630293159609121,,-0.45981919038809416,0.3804910621355295,
68296,2010,1,0.022318214542836574,0.7235421166306696,,-0.01921273008257059,-0.03948719933024247,
68296,2010,2,,0.8404255319148937,,,,
68296,2014,1,,0.5515370705244123,,,-0.17200504610625733,
68296,2014,2,,0.6856936416184971,,,-0.15473189029639656,
68296,2018,1,0.06581598388179986,0.7078576225654802,,,0.15632055204106798,
68296,2018,2,0.12351387054161163,0.8441215323645971,,,0.15842789074609998,
68298,2002,1,0.3271731690622861,0.47775496235455167,,,,
68298,2006,1,0.03004043905257077,0.7868284228769498,,-0.29713273000971535,0.3090734605223981,
68298,2010,1,0.00749063670411985,0.7322097378277154,,-0.022549802348450918,-0.054618685049234394,
68298,2010,2,,0.8789808917197452,,,,
68298,2014,1,,0.30940044411547,,,-0.42280929371224535,
68298,2014,2,,0.4647550776583035,,,-0.41422581406144177,
68298,2018,1,0.10058823529411764,0.6452941176470588,,,0.3358936735315888,
68298,2018,2,0.15930169121658483,0.800872885979269,,,0.3361178083209655,
68307,2002,1,0.5354694996572995,0.3623486406214302,,,,
68307,2006,1,0.16027100571999778,0.508107958016327,,-0.37519849393730176,0.14575931739489684,
68307,2010,1,0.06911001446439206,0.44278056666383053,,-0.09116099125560571,-0.06532739135249649,
68307,2010,2,,0.6670973076326805,,,,
68307,2014,1,,0.25268422807602536,,,-0.19009633858780517,
68307,2014,2,,0.4014331538764561,,,-0.2656641537562244,
68307,2018,1,0.15239499929765415,0.4368169686753757,,,0.18413274059935036,
68307,2018,2,0.3311896643503532,0.6041549771965413,,,0.2027218233200852,
68318,2002,1,0.5270897832817337,0.3908668730650155,,,,
68318,2006,1,0.03050595238095238,0.7191220238095238,,-0.49658383090078134,0.32825515074450834,
68318,2010,1,0.008303249097472924,0.7173285198555956,,-0.022202703283479456,-0.0017935039539281883,
68318,2010,2,,0.9146718146718147,,,,
68318,2014,1,,0.4900943396226415,,,-0.22723418023295416,
68318,2014,2,,0.6254923021840315,,,-0.2891795124877832,
68318,2018,1,0.06373937677053824,0.7245042492917847,,,0.2344099096691432,
68318,2018,2,0.14171208720743828,0.8153254248156461,,,0.18983312263161456,
68320,2002,1,0.10680529300567108,0.6852551984877127,,,,
68320,2006,1,0.041223404255319146,0.8594858156028369,,-0.06558188875035194,0.17423061711512422,
68320,2010,1,0.01807501129688206,0.6199728874830547,,-0.023148392958437087,-0.2395129281197822,
68320,2010,2,,0.8608815426997245,,,,
68320,2014,1,,0.3336755646817248,,,-0.28629732280132986,
68320,2014,2,,0.6774056803730394,,,-0.1834758623266851,
68320,2018,1,0.07404255319148936,0.7131914893617022,,,0.37951592467997736,
68320,2018,2,0.14519817073170732,0.8132621951219512,,,0.1358565147489118,
68322,2002,1,0.5703824247355573,0.33197721724979656,,,,
68322,2006,1,0.05555555555555555,0.5779569892473119,,-0.5148268691800018,0.2459797719975153,
68322,2010,1,0.0050150451354062184,0.38615847542627885,,-0.050540510420149336,-0.19179851382103302,
68322,2010,2,,0.7884427032321254,,,,
68322,2014,1,,0.2734274711168164,,,-0.11273100430946242,
68322,2014,2,,0.4778368794326241,,,-0.3106058237995013,
68322,2018,1,0.07654563297350343,0.6408243375858685,,,0.3673968664690521,
68322,2018,2,0.13380281690140844,0.8133802816901409,,,0.3355434022575168,
68324,2002,1,0.7227200843437006,0.2140221402214022,,,,
68324,2006,1,0.05150214592274678,0.44420600858369097,,-0.6712179384209538,0.23018386836228877,
68324,2010,1,0.022080185938407902,0.42184776292852993,,-0.02942195998433888,-0.022358245655161035,
68324,2010,2,,0.7723926380368098,,,,
68324,2014,1,,0.19619422572178477,,,-0.22565353720674516,
68324,2014,2,,0.41203491042719337,,,-0.36035772760961643,
68324,2018,1,0.2940881763527054,0.4153306613226453,,,0.21913643560086052,
68324,2018,2,0.4117647058823529,0.5420814479638009,,,0.1300465375366075,
68327,2002,1,0.8090856814261069,0.13628522139160437,,,,
68327,2006,1,0.15157894736842106,0.42578947368421055,,-0.6575067340576859,0.2895042522926062,
68327,2010,1,0.08070175438596491,0.4251461988304094,,-0.07087719298245615,-0.0006432748538011679,
68327,2010,2,,0.7146341463414634,,,,
68327,2014,1,,0.18306188925081432,,,-0.24208430957959506,
68327,2014,2,,0.3148702594810379,,,-0.39976388686042547,
68327,2018,1,0.26184777405457155,0.3178554332216372,,,0.13479354397082285,
68327,2018,2,0.42518587360594795,0.5144052044609665,,,0.19953494497992857,
68344,2002,1,0.8887677208287895,0.04143947655398037,,,,
68344,2006,1,0.0645879732739421,0.19933184855233854,,-0.8241797475548475,0.15789237199835818,
68344,2010,1,0.0281214848143982,0.20022497187851518,,-0.036466488459543894,0.0008931233261766369,
68344,2010,2,,0.549936788874842,,,,
68344,2014,1,,0.2085747392815759,,,0.008349767403060732,
68344,2014,2,,0.3174311926605505,,,-0.2325055962142915,
68344,2018,1,0.1600418410041841,0.3493723849372385,,,0.14079764565566258,
68344,2018,2,0.3313953488372093,0.5833333333333334,,,0.2659021406727829,
68368,2002,1,0.5079255685733977,0.326671261199173,,,,
68368,2006,1,0.09343065693430656,0.6102189781021898,,-0.4144949116390911,0.28354771690301683,
68368,2010,1,0.05722260990928123,0.5931612002791347,,-0.036208047025025336,-0.017057777823055176,
68368,2010,2,,0.8052136133236785,,,,
68368,2014,1,,0.2907290729072907,,,-0.30243212737184394,
68368,2014,2,,0.4827144686299616,,,-0.3224991446937169,
68368,2018,1,0.27711598746081506,0.45454545454545453,,,0.1638163816381638,
68368,2018,2,0.3717277486910995,0.5823152995927865,,,0.0996008309628249,
68370,2002,1,0.2515991471215352,0.6695095948827292,,,,
68370,2006,1,0.05415860735009671,0.6731141199226306,,-0.1974405397714385,0.003604525039901385,
68370,2010,1,0.01,0.374,,-0.04415860735009671,-0.2991141199226306,
68370,2010,2,,0.824468085106383,,,,
68370,2014,1,,0.31533477321814257,,,-0.05866522678185743,
68370,2014,2,,0.81875,,,-0.005718085106383053,
68370,2018,1,0.043055555555555555,0.7111111111111111,,,0.39577633789296857,
68370,2018,2,0.08745247148288973,0.8897338403041825,,,0.07098384030418248,
68377,2002,1,0.1963276836158192,0.6228813559322034,,,,
68377,2006,1,0.12307013674459638,0.7728275253639171,,-0.07325754687122282,0.14994616943171368,
68377,2010,1,0.006123230003827019,0.7860696517412935,,-0.11694690674076937,0.013242126377376429,
68377,2010,2,,0.8816,,,,
68377,2014,1,,0.5850860420650096,,,-0.20098360967628393,
68377,2014,2,,0.7337390642829973,,,-0.14786093571700276,
68377,2018,1,0.08873379860418744,0.6955799268860087,,,0.11049388482099909,
68377,2018,2,0.15923984272608127,0.8076671035386632,,,0.07392803925566593,
68385,2002,1,0.740815809475551,0.12642513301241448,,,,
68385,2006,1,0.08753568030447194,0.29329210275927686,,-0.6532801291710791,0.16686696974686238,
68385,2010,1,0.048418024928092045,0.5057526366251198,,-0.039117655376379894,0.21246053386584296,
68385,2010,2,,0.7037597779460005,,,,
68385,2014,1,,0.3406628425748885,,,-0.16508979405023133,
68385,2014,2,,0.42388702728578265,,,-0.2798727506602179,
68385,2018,1,0.21527467619472979,0.495980348369808,,,0.15531750579491949,
68385,2018,2,0.28641711229946526,0.6483422459893048,,,0.22445521870352214,
68397,2002,1,0.37448800468110005,0.4353423054417788,,,,
68397,2006,1,0.08514013749338974,0.6932839767318879,,-0.28934786718771033,0.2579416712901091,
68397,2010,1,0.012863534675615212,0.6359060402684564,,-0.07227660281777452,-0.05737793646343148,
68397,2010,2,,0.8442666666666667,,,,
68397,2014,1,,0.3373205741626794,,,-0.298585466105777,
68397,2014,2,,0.5337136929460581,,,-0.31055297372060864,
68397,2018,1,0.09180708890180128,0.6304474142940151,,,0.29312684013133566,
68397,2018,2,0.157765801077903,0.7765801077902988,,,0.24286641484424076,
68406,2002,1,0.595821325648415,0.3259185878962536,,,,
68406,2006,1,0.061351761334906454,0.5005056463846284,,-0.5344695643135084,0.17458705848837475,
68406,2010,1,0.021754336877448238,0.5758953553441523,,-0.039597424457458216,0.0753897089595239,
68406,2010,2,,0.8030378074954598,,,,
68406,2014,1,,0.4213008008382606,,,-0.15459455450589166,
68406,2014,2,,0.510342257283061,,,-0.2926955502123988,
68406,2018,1,0.08539661296134246,0.6172852215988058,,,0.19598442076054523,
68406,2018,2,0.1874486019736842,0.7611533717105263,,,0.2508111144274653,
68418,2002,1,0.5156748140276302,0.3783209351753454,,,,
68418,2006,1,0.11036975257158743,0.5076452599388379,,-0.4053050614560427,0.12932432476349254,
68418,2010,1,0.02136244956088298,0.4564443389508664,,-0.08900730301070445,-0.05120092098797152,
68418,2010,2,,0.7419251678925488,,,,
68418,2014,1,,0.27570492737111935,,,-0.18073941157974704,
68418,2014,2,,0.43917977304399763,,,-0.3027453948485512,
68418,2018,1,0.06594885598923284,0.6035377811959238,,,0.3278328538248045,
68418,2018,2,0.16050479914681834,0.7705296836118023,,,0.33134991056780466,
68425,2002,1,0.5039281705948373,0.3961840628507295,,,,
68425,2006,1,0.01684836471754212,0.7254707631318137,,-0.48707980587729516,0.3292867002810842,
68425,2010,1,0.010357815442561206,0.7146892655367232,,-0.006490549274980915,-0.010781497595090506,
68425,2010,2,,0.8886774500475737,,,,
68425,2014,1,,0.6091015169194866,,,-0.10558774861723663,
68425,2014,2,,0.736283185840708,,,-0.15239426420686575,
68425,2018,1,0.06261343012704174,0.6996370235934665,,,0.09053550667397992,
68425,2018,2,0.11343804537521815,0.8551483420593369,,,0.11886515621862892,
68432,2002,1,0.36217303822937624,0.4898725687458082,,,,
68432,2006,1,0.10461410558403769,0.709436053761951,,-0.2575589326453386,0.21956348501614276,
68432,2010,1,0.03366914103923648,0.5784729586426299,,-0.0709449645448012,-0.13096309511932103,
68432,2010,2,,0.7600877192982456,,,,
68432,2014,1,,0.3741827792460704,,,-0.20429017939655952,
68432,2014,2,,0.5653499146549622,,,-0.19473780464328339,
68432,2018,1,0.11893899204244032,0.5477984084880637,,,0.1736156292419933,
68432,2018,2,0.2551760939167556,0.6807897545357524,,,0.11543983988079021,
68444,2002,1,0.3778443113772455,0.4419161676646707,,,,
68444,2006,1,0.05716963448922212,0.8228678537956888,,-0.32067467688802337,0.38095168613101815,
68444,2010,1,0.015584415584415584,0.7313543599257885,,-0.041585218904806535,-0.09151349386990038,
68444,2010,2,,0.8947157726180944,,,,
68444,2014,1,,0.5459646094087182,,,-0.1853897505170703,
68444,2014,2,,0.6960167714884696,,,-0.1986990011296248,
68444,2018,1,0.0823293172690763,0.7195448460508701,,,0.17358023664215194,
68444,2018,2,0.14077362079898542,0.8224476854787571,,,0.1264309139902875,
68464,2002,1,0.42064439140811455,0.4036396181384248,,,,
68464,2006,1,0.09115720524017468,0.6869541484716157,,-0.32948718616793987,0.28331453033319093,
68464,2010,1,0.028470795421191665,0.587026709715292,,-0.06268640981898302,-0.0999274387563237,
68464,2010,2,,0.8050295857988166,,,,
68464,2014,1,,0.37017485978225007,,,-0.21685184993304196,
68464,2014,2,,0.5700024956326428,,,-0.23502709016617374,
68464,2018,1,0.09691522953606996,0.6349283458829245,,,0.2647534861006744,
68464,2018,2,0.1793478260869565,0.7497637051039697,,,0.1797612094713269,
68468,2002,1,0.3078947368421053,0.5307017543859649,,,,
68468,2006,1,0.06595538312318137,0.7381183317167799,,-0.2419393537189239,0.20741657733081498,
68468,2010,1,0.005336179295624333,0.647812166488794,,-0.06061920382755704,-0.09030616522798585,
68468,2010,2,,0.8843304843304843,,,,
68468,2014,1,,0.6408304498269897,,,-0.00698171666180436,
68468,2014,2,,0.7830744509908945,,,-0.10125603333958988,
68468,2018,1,0.043069306930693066,0.7816831683168317,,,0.14085271848984204,
68468,2018,2,0.0863275781614559,0.8721418572095193,,,0.08906740621862486,
68498,2002,1,0.5268199233716475,0.40804597701149425,,,,
68498,2006,1,0.042879019908116385,0.48085758039816234,,-0.48394090346353114,0.07281160338666809,
68498,2010,1,0.013111447302067574,0.45385779122541603,,-0.02976757260604881,-0.026999789172746314,
68498,2010,2,,0.8346709470304976,,,,
68498,2014,1,,0.4247277386290839,,,-0.029130052596332112,
68498,2014,2,,0.507893549842129,,,-0.3267773971883686,
68498,2018,1,0.062379110251450674,0.6769825918762089,,,0.252254853247125,
68498,2018,2,0.14185945002182454,0.8249672632038412,,,0.3170737133617122,
68500,2002,1,0.6118848653667596,0.29480037140204274,,,,
68500,2006,1,0.054595542198847984,0.505885299273729,,-0.5572893231679116,0.2110849278716863,
68500,2010,1,0.01567554117939786,0.4784772331425728,,-0.038920001019450125,-0.02740806613115626,
68500,2010,2,,0.745139376903256,,,,
68500,2014,1,,0.3424036281179138,,,-0.13607360502465898,
68500,2014,2,,0.5630308448815378,,,-0.18210853202171828,
68500,2018,1,0.11342309261525908,0.5991432068543452,,,0.2567395787364314,
68500,2018,2,0.21598440545808967,0.7307992202729044,,,0.1677683753913667,
68502,2002,1,0.3337222870478413,0.5060287825748736,,,,
68502,2006,1,0.05435244161358811,0.6713375796178344,,-0.2793698454342532,0.16530879704296075,
68502,2010,1,0.012802275960170697,0.6704599336178284,,-0.04155016565341742,-0.0008776460000059494,
68502,2010,2,,0.8532857870606215,,,,
68502,2014,1,,0.28520114942528735,,,-0.38525878419254106,
68502,2014,2,,0.5870870870870871,,,-0.2661986999735344,
68502,2018,1,0.07862679955703211,0.6146179401993356,,,0.32941679077404823,
68502,2018,2,0.14486711829077645,0.7998957790515894,,,0.21280869196450225,
68522,2002,1,0.8877005347593583,0.0855614973262032,,,,
68522,2006,1,0.033576642335766425,0.38248175182481753,,-0.8541238924235919,0.2969202544986143,
68522,2010,1,0.018998272884283247,0.3592400690846287,,-0.014578369451483178,-0.02324168274018884,
68522,2010,2,,0.6730038022813688,,,,
68522,2014,1,,0.22527472527472528,,,-0.1339653438099034,
68522,2014,2,,0.34002677376171353,,,-0.33297702851965527,
68522,2018,1,0.17403314917127072,0.47513812154696133,,,0.24986339627223605,
68522,2018,2,0.29843561973525873,0.6630565583634176,,,0.32302978460170406,
68524,2002,1,0.43733333333333335,0.4826666666666667,,,,
68524,2006,1,0.0875842155919153,0.6005774783445621,,-0.34974911774141804,0.11791081167789541,
68524,2010,1,0.018245004344048653,0.5473501303214596,,-0.06933921124786666,-0.05322734802310247,
68524,2010,2,,0.787422497785651,,,,
68524,2014,1,,0.33992094861660077,,,-0.20742918170485886,
68524,2014,2,,0.5036179450072359,,,-0.2838045527784151,
68524,2018,1,0.07644628099173553,0.6143250688705234,,,0.27440412025392263,
68524,2018,2,0.15060240963855423,0.8132530120481928,,,0.3096350670409569,
68533,2002,1,0.5825305073859988,0.36480411046885036,,,,
68533,2006,1,0.05545171339563863,0.45482866043613707,,-0.5270787939903602,0.0900245499672867,
68533,2010,1,0.011635423400129283,0.4266321913380737,,-0.04381628999550935,-0.028196469098063393,
68533,2010,2,,0.7187096774193549,,,,
68533,2014,1,,0.35918068763716166,,,-0.06745150370091202,
68533,2014,2,,0.6238260009886307,,,-0.09488367643072415,
68533,2018,1,0.055323105532310554,0.6378428637842863,,,0.2786621761471247,
68533,2018,2,0.15622317596566523,0.7931330472103004,,,0.1693070462216697,
68547,2002,1,0.4601094286804937,0.40781269881664334,,,,
68547,2006,1,0.1625461941730885,0.496891740911565,,-0.2975632345074052,0.08907904209492168,
68547,2010,1,0.05988914700248604,0.4295553653665892,,-0.10265704717060245,-0.06733637554497579,
68547,2010,2,,0.6518803316111978,,,,
68547,2014,1,,0.26118970056673657,,,-0.16836566479985265,
68547,2014,2,,0.4299279877616507,,,-0.22195234384954715,
68547,2018,1,0.15699880121289048,0.4415203441224173,,,0.18033064355568074,
68547,2018,2,0.3356962822936358,0.6006186630005156,,,0.1706906752388649,
68549,2002,1,0.6880790611488573,0.25077208153180974,,,,
68549,2006,1,0.08966861598440545,0.3729694606887589,,-0.5984104451644519,0.12219737915694917,
68549,2010,1,0.04025423728813559,0.4110169491525424,,-0.04941437869626986,0.038047488463783474,
68549,2010,2,,0.6637744034707158,,,,
68549,2014,1,,0.3784829721362229,,,-0.03253397701631949,
68549,2014,2,,0.5330347144456887,,,-0.13073968902502708,
68549,2018,1,0.12286689419795221,0.47245246221355436,,,0.09396949007733146,
68549,2018,2,0.2822315986872949,0.6643225503984997,,,0.13128783595281102,
68572,2002,1,0.5407379659112194,0.3410751076980708,,,,
68572,2006,1,0.11917758369723436,0.5418486171761281,,-0.421560382213985,0.20077350947805728,
68572,2010,1,0.04878911083613222,0.4307937069117907,,-0.07038847286110214,-0.11105491026433739,
68572,2010,2,,0.7126301316047928,,,,
68572,2014,1,,0.23049270458870796,,,-0.20030100232308273,
68572,2014,2,,0.44562647754137114,,,-0.2670036540634217,
68572,2018,1,0.23861945849449567,0.4034513537637608,,,0.17295864917505283,
68572,2018,2,0.414587613736425,0.5396243029057822,,,0.09399782536441109,
68573,2002,1,0.5376452753916119,0.4022233451237999,,,,
68573,2006,1,0.04495073891625616,0.5166256157635468,,-0.4926945364753557,0.1144022706397469,
68573,2010,1,0.025816649104320338,0.5600632244467861,,-0.01913408981193582,0.043437608683239315,
68573,2010,2,,0.8253968253968254,,,,
68573,2014,1,,0.4523957685127567,,,-0.10766745593402943,
68573,2014,2,,0.4953436807095344,,,-0.33005314468729097,
68573,2018,1,0.12398921832884097,0.6611474778590681,,,0.20875170934631143,
68573,2018,2,0.17697533071147659,0.7865570253843404,,,0.291213344674806,
68575,2002,1,0.637414800389484,0.2546251217137293,,,,
68575,2006,1,0.18798401199100676,0.4195603297526855,,-0.44943078839847717,0.16493520803895617,
68575,2010,1,0.13621930567315835,0.470575783234547,,-0.05176470631784841,0.05101545348186154,
68575,2010,2,,0.7244540002263211,,,,
68575,2014,1,,0.31750465549348234,,,-0.15307112774106468,
68575,2014,2,,0.3645360450335936,,,-0.3599179551927275,
68575,2018,1,0.3574314088537283,0.42274027941424,,,0.10523562392075769,
68575,2018,2,0.45281350482315114,0.5060289389067524,,,0.14149289387315878,
68615,2002,1,0.511059500110595,0.38774607387746074,,,,
68615,2006,1,0.05610482430017868,0.6102441929720072,,-0.4549546758104163,0.22249811909454642,
68615,2010,1,0.02775551102204409,0.6167334669338678,,-0.02834931327813459,0.006489273961860609,
68615,2010,2,,0.8322288491274574,,,,
68615,2014,1,,0.42019131036072377,,,-0.196542156573144,
68615,2014,2,,0.5060986878580669,,,-0.32613016126939054,
68615,2018,1,0.10375,0.6325833333333334,,,0.21239202297260962,
68615,2018,2,0.1941051945937144,0.7564728871519296,,,0.25037419929386273,
68655,2002,1,0.675875486381323,0.21498054474708173,,,,
68655,2006,1,0.1587497792689387,0.4894932014833127,,-0.5171257071123843,0.274512656736231,
68655,2010,1,0.08284175429597333,0.5257758399589638,,-0.07590802497296538,0.03628263847565111,
68655,2010,2,,0.7744686611614999,,,,
68655,2014,1,,0.3691427050053248,,,-0.156633134953639,
68655,2014,2,,0.45868709877821495,,,-0.315781562383285,
68655,2018,1,0.18281236545251012,0.5338844398518902,,,0.16474173484656535,
68655,2018,2,0.30749354005167956,0.6348837209302326,,,0.17619662215201765,
68669,2002,1,0.46153846153846156,0.3687198410445643,,,,
68669,2006,1,0.052730192719486084,0.7417023554603854,,-0.4088082688189755,0.37298251441582114,
68669,2010,1,0.013583265417006248,0.6813365933170334,,-0.03914692730247984,-0.060365762143351986,
68669,2010,2,,0.8719835197174809,,,,
68669,2014,1,,0.3956810631229236,,,-0.28565553019410983,
68669,2014,2,,0.5703451882845189,,,-0.30163833143296204,
68669,2018,1,0.1106069200226886,0.6290414066931367,,,0.23336034357021307,
68669,2018,2,0.19634340222575516,0.7506624271330153,,,0.18031723884849649,
68673,2002,1,0.6893106893106893,0.22577422577422576,,,,
68673,2006,1,0.05549389567147614,0.5105438401775805,,-0.6338167936392132,0.2847696144033547,
68673,2010,1,0.018147086914995225,0.612225405921681,,-0.037346808756480915,0.10168156574410048,
68673,2010,2,,0.8762603116406966,,,,
68673,2014,1,,0.29035532994923857,,,-0.3218700759724424,
68673,2014,2,,0.43904109589041096,,,-0.43721921575028566,
68673,2018,1,0.09658246656760773,0.437592867756315,,,0.14723753780707644,
68673,2018,2,0.20342612419700215,0.7566024268379729,,,0.3175613309475619,
68679,2002,1,0.5359526876683453,0.37211617285396414,,,,
68679,2006,1,0.16531263164229404,0.43840645122464944,,-0.3706400560260512,0.0662902783706853,
68679,2010,1,0.05604017975151996,0.31805445413692834,,-0.10927245189077409,-0.1203519970877211,
68679,2010,2,,0.5447614647106388,,,,
68679,2014,1,,0.25668870957956685,,,-0.06136574455736149,
68679,2014,2,,0.4449123826120631,,,-0.09984908209857568,
68679,2018,1,0.15296448830522963,0.37629186416971017,,,0.11960315459014331,
68679,2018,2,0.3781066962165585,0.5550102896944752,,,0.11009790708241207,
68682,2002,1,0.4393530997304582,0.3746630727762803,,,,
68682,2006,1,0.05939716312056738,0.574468085106383,,-0.37995593660989085,0.19980501233010273,
68682,2010,1,0.010193679918450561,0.46687054026503566,,-0.049203483202116816,-0.10759754484134737,
68682,2010,2,,0.7553083923154702,,,,
68682,2014,1,,0.3202933985330073,,,-0.14657714173202835,
68682,2014,2,,0.5073720728534259,,,-0.2479363194620443,
68682,2018,1,0.07597340930674264,0.6666666666666666,,,0.3463732681336593,
68682,2018,2,0.1444991789819376,0.8054187192118226,,,0.2980466463583967,
68684,2002,1,0.1931106471816284,0.5955114822546973,,,,
68684,2006,1,0.07925636007827788,0.7798434442270059,,-0.11385428710335052,0.1843319619723086,
68684,2010,1,0.020163226116178587,0.6773883821411426,,-0.059093133962099295,-0.1024550620858633,
68684,2010,2,,0.8821007502679529,,,,
68684,2014,1,,0.5167123287671233,,,-0.16067605337401936,
68684,2014,2,,0.7153024911032029,,,-0.16679825916475,
68684,2018,1,0.060495330897279743,0.7515225334957369,,,0.2348102047286137,
68684,2018,2,0.12196078431372549,0.8435294117647059,,,0.12822692066150299,
68686,2002,1,0.44685242518059853,0.3828689370485036,,,,
68686,2006,1,0.03491495076096687,0.711727842435094,,-0.4119374744196317,0.3288589053865904,
68686,2010,1,0.01810344827586207,0.628448275862069,,-0.016811502485104803,-0.08327956657302504,
68686,2010,2,,0.8316633266533067,,,,
68686,2014,1,,0.5039908779931584,,,-0.12445739786891052,
68686,2014,2,,0.6752440106477373,,,-0.15641931600556935,
68686,2018,1,0.07834877843302443,0.6259477674810446,,,0.12195688948788619,
68686,2018,2,0.16478190630048464,0.8037156704361874,,,0.1284716597884501,
68689,2002,1,0.42899620629549884,0.44878498923408183,,,,
68689,2006,1,0.07914104244379473,0.634539772154451,,-0.3498551638517041,0.18575478292036918,
68689,2010,1,0.04409533160760511,0.6114433633848076,,-0.035045710836189625,-0.023096408769643362,
68689,2010,2,,0.7899034892353378,,,,
68689,2014,1,,0.39741121095421483,,,-0.21403215243059281,
68689,2014,2,,0.5684017350684017,,,-0.22150175416693607,
68689,2018,1,0.15781474288609304,0.5908131385628641,,,0.19340192760864927,
68689,2018,2,0.25180026905119884,0.6921737754213817,,,0.12377204035297995,
68705,2002,1,0.1683673469387755,0.6122448979591837,,,,
68705,2006,1,0.07116104868913857,0.797752808988764,,-0.09720629824963693,0.1855079110295803,
68705,2010,1,0.019823788546255508,0.7191629955947136,,-0.05133726014288306,-0.07858981339405036,
68705,2010,2,,0.8735224586288416,,,,
68705,2014,1,,0.4591961023142509,,,-0.25996689328046274,
68705,2014,2,,0.6277683134582623,,,-0.24575414517057925,
68705,2018,1,0.07375643224699828,0.6903945111492281,,,0.23119840883497722,
68705,2018,2,0.1280388978930308,0.8346839546191248,,,0.20691564116086247,
68720,2002,1,0.2511078286558346,0.5324963072378139,,,,
68720,2006,1,0.051264044943820225,0.7844101123595506,,-0.19984378371201436,0.25191380512173667,
68720,2010,1,0.017071569271175313,0.7504924491135916,,-0.03419247567264491,-0.03391766324595902,
68720,2010,2,,0.8710115410726409,,,,
68720,2014,1,,0.4307553956834532,,,-0.31973705343013836,
68720,2014,2,,0.5285145888594165,,,-0.3424969522132244,
68720,2018,1,0.11798152096659559,0.665955934612651,,,0.2352005389291978,
68720,2018,2,0.1532156368221942,0.7736443883984867,,,0.24512979953907021,
68745,2002,1,0.6847085541256623,0.23353520060560182,,,,
68745,2006,1,0.057421875,0.39375,,-0.6272866791256624,0.16021479939439817,
68745,2010,1,0.041618938526155023,0.45017182130584193,,-0.015802936473844974,0.056421821305841946,
68745,2010,2,,0.6980360065466449,,,,
68745,2014,1,,0.3937575030012005,,,-0.05641431830464144,
68745,2014,2,,0.4633301857097891,,,-0.23470582083685576,
68745,2018,1,0.1491389913899139,0.515990159901599,,,0.12223265690039853,
68745,2018,2,0.2770549970431697,0.6570076877587226,,,0.19367750204893353,
68755,2002,1,0.5239859233191332,0.38433043156140023,,,,
68755,2006,1,0.1087747674888799,0.48069146785281036,,-0.41521115583025325,0.09636103629141013,
68755,2010,1,0.04142441860465116,0.3988917151162791,,-0.06735034888422875,-0.08179975273653128,
68755,2010,2,,0.6488736532810969,,,,
68755,2014,1,,0.2525500196155355,,,-0.14634169550074355,
68755,2014,2,,0.458377239199157,,,-0.1904964140819399,
68755,2018,1,0.1129669415759928,0.485896458521034,,,0.2333464389054985,
68755,2018,2,0.2743637492240844,0.6688047451548382,,,0.21042750595568122,
68770,2002,1,0.7951458472500557,0.1505232687597417,,,,
68770,2006,1,0.03296703296703297,0.4139194139194139,,-0.7621788142830227,0.2633961451596722,
68770,2010,1,0.02883904362829677,0.4609317229479911,,-0.004127989338736197,0.047012309028577226,
68770,2010,2,,0.7578288100208769,,,,
68770,2014,1,,0.2555740432612313,,,-0.20535767968675983,
68770,2014,2,,0.3683168316831683,,,-0.38951197833770856,
68770,2018,1,0.11818412376363176,0.48262744103474514,,,0.22705339777351385,
68770,2018,2,0.23674242424242425,0.6995738636363636,,,0.33125703195319534,
68773,2002,1,0.18916886047386236,0.6088755171116961,,,,
68773,2006,1,0.0961219754723235,0.7805767318528339,,-0.09304688500153886,0.17170121474113786,
68773,2010,1,0.02149532710280374,0.7797507788161994,,-0.07462664836951977,-0.0008259530366345746,
68773,2010,2,,0.8941664010200829,,,,
68773,2014,1,,0.5505925250683683,,,-0.22915825374783105,
68773,2014,2,,0.6828345373237014,,,-0.21133186369638157,
68773,2018,1,0.12635920509936258,0.6531683539557556,,,0.10257582888738725,
68773,2018,2,0.19060869565217392,0.7648695652173914,,,0.08203502789369,
68780,2002,1,0.3365231259968102,0.4864433811802233,,,,
68780,2006,1,0.056732223903177004,0.7972768532526475,,-0.2797909020936332,0.31083347207242423,
68780,2010,1,0.01667735728030789,0.7203335471456062,,-0.04005486662286911,-0.07694330610704136,
68780,2010,2,,0.8668575518969219,,,,
68780,2014,1,,0.4918381831085876,,,-0.22849536403701853,
68780,2014,2,,0.615995115995116,,,-0.2508624359018059,
68780,2018,1,0.08006042296072508,0.7185297079556898,,,0.2266915248471022,
68780,2018,2,0.1488417939871858,0.8102513553474618,,,0.19425623935234582,
68820,2002,1,0.8973262032085562,0.05953654188948307,,,,
68820,2006,1,0.05737109658678286,0.4241103848946986,,-0.8399551066217733,0.36457384300521556,
68820,2010,1,0.023550087873462213,0.5500878734622144,,-0.03382100871332065,0.12597748856751584,
68820,2010,2,,0.8119009584664537,,,,
68820,2014,1,,0.33992264718521703,,,-0.2101652262769974,
68820,2014,2,,0.4383994383994384,,,-0.3735015200670153,
68820,2018,1,0.0845771144278607,0.6245439469320067,,,0.2846212997467896,
68820,2018,2,0.16186468112657817,0.7856911621884105,,,0.3472917237889721,
68855,2002,1,0.7185461323392358,0.2124883504193849,,,,
68855,2006,1,0.06195121951219512,0.31073170731707317,,-0.6565949128270407,0.09824335689768826,
68855,2010,1,0.03538976566236251,0.3519846963175514,,-0.026561453849832613,0.041252989000478246,
68855,2010,2,,0.6502347417840375,,,,
68855,2014,1,,0.34192882929345025,,,-0.010055867024101162,
68855,2014,2,,0.5362844702467344,,,-0.11395027153730308,
68855,2018,1,0.12468285610728524,0.5077926785067053,,,0.16586384921325503,
68855,2018,2,0.2562664907651715,0.6962401055408971,,,0.15995563529416268,
68861,2002,1,0.6314827828531272,0.24680252986647927,,,,
68861,2006,1,0.12836879432624113,0.4025531914893617,,-0.503113988526886,0.15575066162288242,
68861,2010,1,0.06882868089764642,0.3541324575807334,,-0.05954011342859471,-0.04842073390862828,
68861,2010,2,,0.6539451764349538,,,,
68861,2014,1,,0.24821312540610785,,,-0.10591933217462557,
68861,2014,2,,0.3749252302907046,,,-0.27901994614424913,
68861,2018,1,0.22329984990185892,0.37409075164530653,,,0.12587762623919868,
68861,2018,2,0.40015929002161793,0.5282739788371829,,,0.15334874854647823,
68867,2002,1,0.09057071960297766,0.7655086848635235,,,,
68867,2006,1,0.02583423035522067,0.9106566200215285,,-0.06473648924775699,0.14514793515800495,
68867,2010,1,0.007238883143743537,0.8562564632885212,,-0.018595347211477133,-0.05440015673300724,
68867,2010,2,,0.9413067552602437,,,,
68867,2014,1,,0.625,,,-0.23125646328852123,
68867,2014,2,,0.8054245283018868,,,-0.13588222695835683,
68867,2018,1,0.016701461377870562,0.8590814196242171,,,0.23408141962421714,
68867,2018,2,0.029263370332996974,0.9354187689202825,,,0.1299942406183957,
68872,2002,1,0.1747173689619733,0.7074340527577938,,,,
68872,2006,1,0.1229322088874473,0.6921829386960753,,-0.05178516007452599,-0.01525111406171853,
68872,2010,1,0.025040650406504064,0.5278048780487805,,-0.09789155848094323,-0.16437806064729477,
68872,2010,2,,0.7549256826823367,,,,
68872,2014,1,,0.36594615092908606,,,-0.16185872711969446,
68872,2014,2,,0.6343004883654122,,,-0.12062519431692453,
68872,2018,1,0.07517995201279659,0.6014396161023727,,,0.23549346517328668,
68872,2018,2,0.17687074829931973,0.764172335600907,,,0.12987184723549483,
68895,2002,1,0.381122283490107,0.4369120986052546,,,,
68895,2006,1,0.0625385089340727,0.6922365988909427,,-0.3185837745560343,0.2553245002856881,
68895,2010,1,0.030599755201958383,0.5664014687882497,,-0.031938753732114314,-0.12583513010269298,
68895,2010,2,,0.7749747729566094,,,,
68895,2014,1,,0.3363309352517986,,,-0.23007053353645113,
68895,2014,2,,0.6263172885217887,,,-0.14865748443482074,
68895,2018,1,0.1013953488372093,0.6362790697674419,,,0.2999481345156433,
68895,2018,2,0.2080536912751678,0.7475121499652858,,,0.12119486144349711,
70001,2002,1,0.5424981522542498,0.33921398502522576,,,,
70001,2006,1,0.2416873224109788,0.516141708481954,,-0.300810829843271,0.1769277234567282,
70001,2010,1,0.3220079731178263,0.4582977032121307,,0.08032065070684752,-0.05784400526982325,
70001,2010,2,,0.7107800175284837,,,,
70001,2014,1,,0.36930293923623836,,,-0.08899476397589234,
70001,2014,2,,0.436233762129018,,,-0.27454625539946576,
70001,2018,1,0.49139506619536677,0.34087598690008997,,,-0.028426952336148392,
70001,2018,2,0.5510911781024598,0.4215923802478269,,,-0.014641381881191073,
70110,2002,1,0.4796342477140482,0.43917982820725965,,,,
70110,2006,1,0.08023483365949119,0.45817025440313114,,-0.39939941405455703,0.01899042619587149,
70110,2010,1,0.314679854242582,0.49583550234252993,,0.2344450205830908,0.037665247939398794,
70110,2010,2,,0.8088235294117647,,,,
70110,2014,1,,0.22104992279979413,,,-0.2747855795427358,
70110,2014,2,,0.24573035965441029,,,-0.5630931697573545,
70110,2018,1,0.41334792122538294,0.37921225382932167,,,0.15816233102952754,
70110,2018,2,0.5005343022013251,0.4763838427014319,,,0.23065348304702163,
70124,2002,1,0.7987232444611341,0.11903867818250094,,,,
70124,2006,1,0.16211545108883513,0.341168337366056,,-0.6366077933722989,0.22212965918355507,
70124,2010,1,0.1522359657469077,0.5486837932128132,,-0.009879485341927424,0.20751545584675724,
70124,2010,2,,0.7645875251509054,,,,
70124,2014,1,,0.1624548736462094,,,-0.3862289195666039,
70124,2014,2,,0.2014014014014014,,,-0.563186123749504,
70124,2018,1,0.5686194182712003,0.25215075788611224,,,0.08969588423990285,
70124,2018,2,0.6571311810380057,0.3291785860237025,,,0.1277771846223011,
70204,2002,1,0.7743538767395626,0.0636182902584493,,,,
70204,2006,1,0.29255918827508454,0.5586245772266065,,-0.48179468846447804,0.49500628696815724,
70204,2010,1,0.09888291270169632,0.7418287132809268,,-0.19367627557338823,0.1832041360543203,
70204,2010,2,,0.8691380080393033,,,,
70204,2014,1,,0.4162646450723639,,,-0.32556406820856293,
70204,2014,2,,0.3800317796610169,,,-0.4891062283782864,
70204,2018,1,0.4048101265822785,0.4541772151898734,,,0.037912570117509536,
70204,2018,2,0.4473876063183475,0.5353584447144593,,,0.15532666505344234,
70215,2002,1,0.5537176180329707,0.32101603678367163,,,,
70215,2006,1,0.27566171723692706,0.473047127178825,,-0.27805590079604364,0.1520310903951534,
70215,2010,1,0.30369806291942314,0.4593784208271858,,0.028036345682496078,-0.013668706351639248,
70215,2010,2,,0.7150664863646609,,,,
70215,2014,1,,0.3432217810550198,,,-0.11615663977216595,
70215,2014,2,,0.3768206408655847,,,-0.33824584549907616,
70215,2018,1,0.47195350719093687,0.3496891896862471,,,0.0064674086312273005,
70215,2018,2,0.5424245805899639,0.43559126585574526,,,0.05877062499016056,
70221,2002,1,0.5569721115537849,0.2764940239043825,,,,
70221,2006,1,0.22863653627041397,0.5571591340676035,,-0.32833557528337093,0.28066511016322104,
70221,2010,1,0.19272168118913377,0.5853408508457202,,-0.0359148550812802,0.02818171677811665,
70221,2010,2,,0.7876731693525587,,,,
70221,2014,1,,0.3294486777229942,,,-0.255892173122726,
70221,2014,2,,0.3643483709273183,,,-0.4233247984252404,
70221,2018,1,0.44882166725290185,0.3967639817094618,,,0.06731530398646762,
70221,2018,2,0.45800291309273344,0.5195015374656093,,,0.15515316653829103,
70230,2002,1,0.8256302521008403,0.03361344537815126,,,,
70230,2006,1,0.38280542986425337,0.5104072398190045,,-0.4428248222365869,0.47679379444085324,
70230,2010,1,0.09231722428748451,0.7472118959107806,,-0.29048820557676885,0.23680465609177614,
70230,2010,2,,0.8844743276283619,,,,
70230,2014,1,,0.49582463465553234,,,-0.2513872612552483,
70230,2014,2,,0.46729354047424365,,,-0.4171807871541182,
70230,2018,1,0.3705932932072227,0.5399828030954428,,,0.04415816843991044,
70230,2018,2,0.3805418719211823,0.6096059113300493,,,0.14231237085580561,
70233,2002,1,0.7394172622319956,0.17811984606926884,,,,
70233,2006,1,0.18056589724497393,0.3279970215934475,,-0.5588513649870216,0.14987717552417867,
70233,2010,1,0.46503496503496505,0.3356643356643357,,0.28446906778999115,0.007667314070888165,
70233,2010,2,,0.7355088020609704,,,,
70233,2014,1,,0.19492084432717677,,,-0.1407434913371589,
70233,2014,2,,0.24922118380062305,,,-0.4862876182603473,
70233,2018,1,0.5703245749613601,0.24597041289467875,,,0.05104956856750198,
70233,2018,2,0.6135235732009926,0.37572373862696445,,,0.1265025548263414,
70235,2002,1,0.5544435548438751,0.3490792634107286,,,,
70235,2006,1,0.16961879091259144,0.5102040816326531,,-0.3848247639312836,0.16112481822192448,
70235,2010,1,0.0848414411422879,0.6832143450107919,,-0.08477734977030355,0.17301026337813885,
70235,2010,2,,0.8748534092812866,,,,
70235,2014,1,,0.38293980711672765,,,-0.3002745378940643,
70235,2014,2,,0.43935245804070944,,,-0.4355009512405772,
70235,2018,1,0.22043144061492687,0.6015373171336474,,,0.2185975100169198,
70235,2018,2,0.276045197740113,0.696497175141243,,,0.25714471710053355,
70265,2002,1,0.7073078379401742,0.21279818250662627,,,,
70265,2006,1,0.07794075352315215,0.7667529479436296,,-0.629367084417022,0.5539547654370033,
70265,2010,1,0.04575744113727232,0.8305197689915593,,-0.03218331238587983,0.06376682104792974,
70265,2010,2,,0.9124674710196357,,,,
70265,2014,1,,0.6088679712657914,,,-0.22165179772576793,
70265,2014,2,,0.5633651184251,,,-0.3491023525945357,
70265,2018,1,0.16286068330677997,0.6829527349973447,,,0.07408476373155326,
70265,2018,2,0.1763662743833629,0.810253103337095,,,0.24688798491199504,
70400,2002,1,0.6669642857142857,0.25744047619047616,,,,
70400,2006,1,0.18232044198895028,0.4198895027624309,,-0.4846438437253354,0.16244902657195476,
70400,2010,1,0.24140893470790378,0.4493127147766323,,0.0590884927189535,0.029423212014201394,
70400,2010,2,,0.6837472492926753,,,,
70400,2014,1,,0.176874813265611,,,-0.2724379015110213,
70400,2014,2,,0.2308602999210734,,,-0.4528869493716019,
70400,2018,1,0.5834510595358224,0.24076690211907165,,,0.06389208885346065,
70400,2018,2,0.6364161849710983,0.3447013487475915,,,0.1138410488265181,
70418,2002,1,0.7842339724966105,0.115824133255859,,,,
70418,2006,1,0.19720597790773228,0.34535412605588045,,-0.5870279945888782,0.22952999280002145,
70418,2010,1,0.373355687387155,0.457312354913593,,0.17614970947942274,0.11195822885771256,
70418,2010,2,,0.74571972098922,,,,
70418,2014,1,,0.2550404520354437,,,-0.20227190287814933,
70418,2014,2,,0.2700617283950617,,,-0.4756579925941583,
70418,2018,1,0.6207965433026489,0.25812511741499156,,,0.0030846653795478796,
70418,2018,2,0.6594560058415481,0.3277656078860898,,,0.05770387949102812,
70429,2002,1,0.5701006971340047,0.32796281951975215,,,,
70429,2006,1,0.06581685744016649,0.7412851196670135,,-0.5042838396938382,0.41332230014726135,
70429,2010,1,0.054604433231212834,0.808794377365291,,-0.011212424208953659,0.06750925769827754,
70429,2010,2,,0.9166027607361963,,,,
70429,2014,1,,0.4335979613839067,,,-0.3751964159813843,
70429,2014,2,,0.49105691056910566,,,-0.4255458501670906,
70429,2018,1,0.16489600478826874,0.6236720035912016,,,0.19007404220729485,
70429,2018,2,0.20883985665097324,0.7758414728409809,,,0.28478456227187526,
70473,2002,1,0.634024303073624,0.2215868477483917,,,,
70473,2006,1,0.2459546925566343,0.5330559408229311,,-0.38806961051698974,0.31146909307453935,
70473,2010,1,0.23689727463312368,0.5138015373864431,,-0.009057417923510613,-0.019254403436487988,
70473,2010,2,,0.7641732283464567,,,,
70473,2014,1,,0.36192109777015435,,,-0.15188043961628872,
70473,2014,2,,0.39000713775874374,,,-0.374166090587713,
70473,2018,1,0.4937353171495693,0.3183241973375098,,,-0.04359690043264458,
70473,2018,2,0.5518880041099409,0.4296172617518623,,,0.039610123993118584,
70508,2002,1,0.7084851639770953,0.16944299843831337,,,,
70508,2006,1,0.4335955576122166,0.3610982569797933,,-0.2748896063648787,0.19165525854147994,
70508,2010,1,0.17713004484304934,0.6489910313901345,,-0.25646551276916724,0.28789277441034117,
70508,2010,2,,0.8372184907151323,,,,
70508,2014,1,,0.3794637890755368,,,-0.2695272423145977,
70508,2014,2,,0.36321314468279325,,,-0.47400534603233907,
70508,2018,1,0.5024525104789084,0.37322750379024344,,,-0.006236285285293353,
70508,2018,2,0.5432780847145487,0.4437428746821012,,,0.08052972999930796,
70523,2002,1,0.6954716981132075,0.19584905660377358,,,,
70523,2006,1,0.1910048391688016,0.4443495587816681,,-0.5044668589444059,0.24850050217789452,
70523,2010,1,0.09897172236503857,0.6593830334190232,,-0.09203311680376303,0.21503347463735506,
70523,2010,2,,0.8142894667717363,,,,
70523,2014,1,,0.249728555917481,,,-0.40965447750154216,
70523,2014,2,,0.3092142453363482,,,-0.5050752214353881,
70523,2018,1,0.44829032934759805,0.38724564715754145,,,0.13751709124006045,
70523,2018,2,0.5243374328771869,0.4609388532825221,,,0.15172460794617387,
70670,2002,1,0.6284802784222738,0.2731051817478732,,,,
70670,2006,1,0.16259030376882236,0.4650535294629646,,-0.4658899746534515,0.1919483477150914,
70670,2010,1,0.27942264988897114,0.469059955588453,,0.11683234612014878,0.004006426125488405,
70670,2010,2,,0.731336032388664,,,,
70670,2014,1,,0.24585849202662952,,,-0.22320146356182347,
70670,2014,2,,0.2787861599546228,,,-0.45254987243404116,
70670,2018,1,0.3910263299301451,0.26195593766792047,,,0.016097445641290953,
70670,2018,2,0.5151400862068966,0.46099137931034484,,,0.18220521935572204,
70678,2002,1,0.7579160116775208,0.14507073882775656,,,,
70678,2006,1,0.13078749505342302,0.4851602690937871,,-0.6271285166240977,0.34008953026603056,
70678,2010,1,0.15583477758521086,0.6658001155401502,,0.02504728253178784,0.18063984644636305,
70678,2010,2,,0.8552266419981499,,,,
70678,2014,1,,0.37584084728782025,,,-0.2899592682523299,
70678,2014,2,,0.4288860918816866,,,-0.4263405501164633,
70678,2018,1,0.4143893591293833,0.4447400241837969,,,0.06889917689597663,
70678,2018,2,0.4294674178803019,0.5591580737748485,,,0.13027198189316191,
70702,2002,1,0.5967393910333253,0.3325341644689523,,,,
70702,2006,1,0.15704437742352434,0.5329599310641965,,-0.43969501360980096,0.2004257665952442,
70702,2010,1,0.4631621676476558,0.35863608686827686,,0.30611779022413144,-0.17432384419591962,
70702,2010,2,,0.7600339174674957,,,,
70702,2014,1,,0.31099585062240664,,,-0.047640236245870216,
70702,2014,2,,0.3339920948616601,,,-0.4260418226058356,
70702,2018,1,0.5271850336159017,0.32987430575855015,,,0.0188784551361435,
70702,2018,2,0.5851496657948271,0.4007555943039814,,,0.0667634994423213,
70708,2002,1,0.7359807822235568,0.20884317994144583,,,,
70708,2006,1,0.07265193370165746,0.5532458563535911,,-0.6633288485218993,0.3444026764121453,
70708,2010,1,0.09306260575296109,0.6617158613774519,,0.020410672051303633,0.10847000502386073,
70708,2010,2,,0.8108502538071066,,,,
70708,2014,1,,0.3657968313140727,,,-0.29591903006337916,
70708,2014,2,,0.41583660328000804,,,-0.3950136505270986,
70708,2018,1,0.34076648325127906,0.3891784921324452,,,0.023381660818372507,
70708,2018,2,0.44053959878540494,0.536164069888994,,,0.12032746660898597,
70713,2002,1,0.5561652344963247,0.3174241639921317,,,,
70713,2006,1,0.21082509542918665,0.5600469805226583,,-0.34534013906713806,0.24262281653052664,
70713,2010,1,0.20119000396667988,0.5697738992463308,,-0.009635091462506767,0.009726918723672484,
70713,2010,2,,0.8187986249321513,,,,
70713,2014,1,,0.21067870220556928,,,-0.35909519704076154,
70713,2014,2,,0.23322586532027495,,,-0.5855727596118763,
70713,2018,1,0.40827601758935617,0.28684180854662306,,,0.07616310634105378,
70713,2018,2,0.5375584178730195,0.4444317793229226,,,0.21120591400264765,
70717,2002,1,0.6778099948831656,0.2500426402865427,,,,
70717,2006,1,0.1521598968407479,0.45357833655706,,-0.5256500980424177,0.20353569627051726,
70717,2010,1,0.33548481736834385,0.505060877218718,,0.18332492052759594,0.05148254066165797,
70717,2010,2,,0.7906623967638632,,,,
70717,2014,1,,0.31235923423423423,,,-0.19270164298448372,
70717,2014,2,,0.35603964960811435,,,-0.43462274715574883,
70717,2018,1,0.43534278959810874,0.37659574468085105,,,0.06423651044661682,
70717,2018,2,0.489945155393053,0.49005941499085925,,,0.1340197653827449,
70742,2002,1,0.5668380462724936,0.3575242238481313,,,,
70742,2006,1,0.10885133199656259,0.4692065310799198,,-0.45798671427593096,0.11168230723178846,
70742,2010,1,0.2675450635922774,0.4411199560801537,,0.15869373159571482,-0.02808657499976608,
70742,2010,2,,0.732863216841232,,,,
70742,2014,1,,0.2926599749058971,,,-0.14845998117425657,
70742,2014,2,,0.33981337480559876,,,-0.39304984203563326,
70742,2018,1,0.4047708348961068,0.40207036231340487,,,0.10941038740750775,
70742,2018,2,0.4626788990825688,0.5098715596330275,,,0.1700581848274288,
70771,2002,1,0.4013566986998304,0.5087620124364047,,,,
70771,2006,1,0.10992108229988726,0.7290022547914318,,-0.2914356163999432,0.22024024235502704,
70771,2010,1,0.06474056603773586,0.7621462264150943,,-0.0451805162621514,0.03314397162366256,
70771,2010,2,,0.8818205327126972,,,,
70771,2014,1,,0.46888510415301976,,,-0.29326112226207457,
70771,2014,2,,0.46667334870201466,,,-0.41514718401068257,
70771,2018,1,0.22510487966438508,0.5799293442260984,,,0.11104424007307867,
70771,2018,2,0.26617264169837773,0.7210094131784498,,,0.25433606447643514,
70820,2002,1,0.6144663919283786,0.28577518829046467,,,,
70820,2006,1,0.23685935247083498,0.4480272643858959,,-0.3776070394575436,0.16225207609543124,
70820,2010,1,0.26520577231427045,0.5067878140032068,,0.028346419843435472,0.05876054961731092,
70820,2010,2,,0.7229956793086894,,,,
70820,2014,1,,0.2888412501410358,,,-0.21794656386217104,
70820,2014,2,,0.3241681260945709,,,-0.39882755321411845,
70820,2018,1,0.5636203585147247,0.25640204865556976,,,-0.03243920148546603,
70820,2018,2,0.6245795601552393,0.35498059508408797,,,0.03081246898951706,
70823,2002,1,0.7176884029675907,0.18859820382663023,,,,
70823,2006,1,0.1946118397731301,0.565225097483162,,-0.5230765631944606,0.37662689365653174,
70823,2010,1,0.13727260998580829,0.6751386917817056,,-0.05733922978732181,0.10991359429854364,
70823,2010,2,,0.8508687919003968,,,,
70823,2014,1,,0.24119789558883042,,,-0.4339407961928752,
70823,2014,2,,0.2687594936708861,,,-0.5821092982295106,
70823,2018,1,0.3959936846260114,0.3870140122360371,,,0.14581611664720667,
70823,2018,2,0.4670302912243109,0.5129054251485341,,,0.24414593147764801,
73001,2002,1,0.25035300854378284,0.5867359886516701,,,,
73001,2006,1,0.1816567505720824,0.6674965675057208,,-0.06869625797170045,0.08076057885405075,
73001,2010,1,0.05149314041459354,0.5589369346562418,,-0.13016361015748884,-0.108559632849479,
73001,2010,2,,0.7079522120589883,,,,
73001,2014,1,,0.35908016237676765,,,-0.19985677227947418,
73001,2014,2,,0.5679591623713262,,,-0.13999304968766213,
73001,2018,1,0.1624150559113252,0.4325127783326479,,,0.07343261595588024,
73001,2018,2,0.33796862429605795,0.5943845534995977,,,0.02642539112827158,
73024,2002,1,0.07985257985257985,0.812039312039312,,,,
73024,2006,1,0.03639846743295019,0.921455938697318,,-0.043454112419629654,0.109416626658006,
73024,2010,1,0.020262869660460023,0.8214676889375685,,-0.01613559777249017,-0.09998824975974951,
73024,2010,2,,0.9155086158977209,,,,
73024,2014,1,,0.6185503685503686,,,-0.2029173203871999,
73024,2014,2,,0.8144750254841998,,,-0.10103359041352111,
73024,2018,1,0.09197080291970802,0.7182481751824817,,,0.09969780663211314,
73024,2018,2,0.12813370473537605,0.8449396471680595,,,0.03046462168385966,
73026,2002,1,0.5750279955207167,0.25083986562150057,,,,
73026,2006,1,0.23979148566463945,0.49609035621198955,,-0.3352365098560772,0.24525049059048898,
73026,2010,1,0.10886829913964262,0.5463269358041033,,-0.13092318652499685,0.05023657959211375,
73026,2010,2,,0.7423595136378573,,,,
73026,2014,1,,0.30242751180040456,,,-0.24389942400369874,
73026,2014,2,,0.4503012048192771,,,-0.29205830881858025,
73026,2018,1,0.22524952792015107,0.4575128135958996,,,0.15508530179549507,
73026,2018,2,0.3237283888749687,0.6286644951140065,,,0.17836329029472936,
73030,2002,1,0.6631955743573056,0.2271396029938171,,,,
73030,2006,1,0.16602987148315387,0.4623133032302883,,-0.49716570287415174,0.2351737002364712,
73030,2010,1,0.07245080500894455,0.4028026237328563,,-0.09357906647420933,-0.059510679497431995,
73030,2010,2,,0.7089018843404808,,,,
73030,2014,1,,0.1855151045701007,,,-0.2172875191627556,
73030,2014,2,,0.3367891925856111,,,-0.3721126917548698,
73030,2018,1,0.21872103799814643,0.283595922150139,,,0.09808081758003831,
73030,2018,2,0.38272363971718415,0.5597909621887488,,,0.22300176960313772,
73043,2002,1,0.14873713751169318,0.5257249766136576,,,,
73043,2006,1,0.13552479815455595,0.7525951557093425,,-0.013212339357137226,0.22687017909568497,
73043,2010,1,0.03644373247897477,0.7172607128554265,,-0.09908106567558118,-0.03533444285391607,
73043,2010,2,,0.8520428401428005,,,,
73043,2014,1,,0.6826666666666666,,,-0.03459404618875983,
73043,2014,2,,0.8132217090069284,,,-0.038821131135872156,
73043,2018,1,0.12986643932935493,0.7075873827791986,,,0.024920716112531993,
73043,2018,2,0.16623711340206185,0.8033505154639176,,,-0.009871193543010803,
73055,2002,1,0.6107885824866957,0.21504596032897919,,,,
73055,2006,1,0.2505483792347063,0.5205946868145259,,-0.36024020325198935,0.30554872648554676,
73055,2010,1,0.10849947534102833,0.5695697796432319,,-0.14204890389367797,0.048975092828705935,
73055,2010,2,,0.7617615467239527,,,,
73055,2014,1,,0.31311351623458344,,,-0.2564562634086484,
73055,2014,2,,0.4229749030810039,,,-0.3387866436429488,
73055,2018,1,0.268567780378804,0.4160459672270696,,,0.10293245099248616,
73055,2018,2,0.40423814328960644,0.546518668012109,,,0.12354376493110514,
73067,2002,1,0.5876288659793815,0.26970402394413034,,,,
73067,2006,1,0.10281837160751565,0.6897181628392485,,-0.4848104943718658,0.4200141388951181,
73067,2010,1,0.02324397692568714,0.7589073634204275,,-0.07957439468182852,0.06918920058117906,
73067,2010,2,,0.8899721448467967,,,,
73067,2014,1,,0.7283606557377049,,,-0.030546707682722607,
73067,2014,2,,0.8019536999866185,,,-0.08801844486017818,
73067,2018,1,0.07199237887860642,0.708764289602613,,,-0.01959636613509197,
73067,2018,2,0.11803661862095832,0.8620958317101675,,,0.060142131723548986,
73124,2002,1,0.24402654867256637,0.6183628318584071,,,,
73124,2006,1,0.09,0.8227586206896552,,-0.15402654867256638,0.2043957888312481,
73124,2010,1,0.028031024629201252,0.7354742141787999,,-0.06196897537079875,-0.08728440651085534,
73124,2010,2,,0.8499325236167341,,,,
73124,2014,1,,0.5229595312712904,,,-0.21251468290750952,
73124,2014,2,,0.728182256509161,,,-0.12175026710757308,
73124,2018,1,0.17834871539037167,0.5781990521327014,,,0.05523952086141104,
73124,2018,2,0.26256785461411375,0.6844465423648808,,,-0.043735714144280236,
73148,2002,1,0.4778501628664495,0.41270358306188926,,,,
73148,2006,1,0.12916534433513172,0.6708981275785465,,-0.3486848185313178,0.25819454451665724,
73148,2010,1,0.030682689849143442,0.6604448990028126,,-0.09848265448598828,-0.010453228575733942,
73148,2010,2,,0.8195767195767196,,,,
73148,2014,1,,0.3876876112948359,,,-0.27275728770797664,
73148,2014,2,,0.507587091258816,,,-0.31198962831790367,
73148,2018,1,0.10234705656021546,0.5802231627549057,,,0.1925355514600698,
73148,2018,2,0.19488264717198922,0.7606771835321278,,,0.2530900922733118,
73152,2002,1,0.06651243493348756,0.5320994794679005,,,,
73152,2006,1,0.10828343313373254,0.8183632734530938,,0.04177099820024498,0.2862637939851933,
73152,2010,1,0.02850877192982456,0.6986842105263158,,-0.07977466120390797,-0.11967906292677799,
73152,2010,2,,0.8670694864048338,,,,
73152,2014,1,,0.5281653746770025,,,-0.17051883584931327,
73152,2014,2,,0.7239043824701196,,,-0.14316510393471427,
73152,2018,1,0.06395786305492852,0.6313017306245298,,,0.10313635594752724,
73152,2018,2,0.14246004169562196,0.8158443363446838,,,0.09193995387456422,
73168,2002,1,0.6735067045916294,0.2339496139780577,,,,
73168,2006,1,0.20748546511627908,0.5755813953488372,,-0.46602123947535035,0.34163178137077954,
73168,2010,1,0.046866889136077124,0.6809047089358546,,-0.16061857598020196,0.10532331358701741,
73168,2010,2,,0.8243590742616691,,,,
73168,2014,1,,0.4972036234738086,,,-0.18370108546204605,
73168,2014,2,,0.5958373358949728,,,-0.22852173836669631,
73168,2018,1,0.14910858995137763,0.5952607164813055,,,0.09805709300749693,
73168,2018,2,0.23101662578359225,0.7248841646225129,,,0.12904682872754014,
73200,2002,1,0.591182364729459,0.2768871075484302,,,,
73200,2006,1,0.25960502692998205,0.4132854578096948,,-0.3315773377994769,0.13639835026126457,
73200,2010,1,0.057742028152829646,0.43263430048836543,,-0.2018629987771524,0.019348842678670652,
73200,2010,2,,0.6773104083512435,,,,
73200,2014,1,,0.25864553314121036,,,-0.17398876734715507,
73200,2014,2,,0.36896008403361347,,,-0.30835032431763,
73200,2018,1,0.2653480606216286,0.3241715900333933,,,0.06552605689218294,
73200,2018,2,0.4212538226299694,0.536697247706422,,,0.16773716367280855,
73217,2002,1,0.6101432442895858,0.18737901664730933,,,,
73217,2006,1,0.36314475873544094,0.35565723793677206,,-0.24699848555414483,0.16827822128946274,
73217,2010,1,0.14173354735152488,0.4654895666131621,,-0.22141121138391606,0.10983232867639003,
73217,2010,2,,0.7295124934474926,,,,
73217,2014,1,,0.29953170028818443,,,-0.16595786632497767,
73217,2014,2,,0.3541541781560964,,,-0.3753583152913962,
73217,2018,1,0.3640870283668411,0.45552189479482236,,,0.15599019450663792,
73217,2018,2,0.4391413838589759,0.5333972898429068,,,0.1792431116868104,
73226,2002,1,0.1487964989059081,0.6469730123997083,,,,
73226,2006,1,0.07598784194528875,0.8377659574468085,,-0.07280865696061935,0.1907929450471002,
73226,2010,1,0.026963657678780773,0.80978898007034,,-0.04902418426650798,-0.027976977376468537,
73226,2010,2,,0.907812032325651,,,,
73226,2014,1,,0.5854237288135593,,,-0.22436525125678064,
73226,2014,2,,0.7231524249422633,,,-0.1846596073833877,
73226,2018,1,0.10966850828729281,0.7477900552486187,,,0.16236632643505944,
73226,2018,2,0.155561317085818,0.8244749805548354,,,0.10132255561257208,
73236,2002,1,0.28502415458937197,0.5693581780538303,,,,
73236,2006,1,0.1412691060676239,0.7966651227420102,,-0.14375504852174806,0.2273069446881799,
73236,2010,1,0.07915735716565592,0.7963613150335141,,-0.062111748901967995,-0.0003038077084960289,
73236,2010,2,,0.9114927344782034,,,,
73236,2014,1,,0.6650943396226415,,,-0.13126697541087262,
73236,2014,2,,0.7316996544140748,,,-0.17979308006412864,
73236,2018,1,0.1315186246418338,0.6974212034383954,,,0.03232686381575389,
73236,2018,2,0.17398418325606763,0.7998363785110445,,,0.06813672409696969,
73268,2002,1,0.2475689328562408,0.595074721111345,,,,
73268,2006,1,0.23334167292135768,0.622341756317238,,-0.014227259934883107,0.02726703520589302,
73268,2010,1,0.05689031465428981,0.41980069619821175,,-0.17645135826706787,-0.20254106011902623,
73268,2010,2,,0.6975828111011638,,,,
73268,2014,1,,0.3202042900919305,,,-0.09959640610628123,
73268,2014,2,,0.4981989036805012,,,-0.19938390742066264,
73268,2018,1,0.149252443933295,0.43783783783783786,,,0.11763354774590734,
73268,2018,2,0.2850269549591328,0.6535563155759087,,,0.15535741189540747,
73270,2002,1,0.7094861660079052,0.15942028985507245,,,,
73270,2006,1,0.16773897058823528,0.4572610294117647,,-0.5417471954196699,0.29784073955669227,
73270,2010,1,0.0481972038263429,0.5757910228108903,,-0.11954176676189238,0.11852999339912562,
73270,2010,2,,0.7427921092564491,,,,
73270,2014,1,,0.4015304067660089,,,-0.17426061604488147,
73270,2014,2,,0.453140414337389,,,-0.2896516949190601,
73270,2018,1,0.17456896551724138,0.4694683908045977,,,0.0679379840385888,
73270,2018,2,0.31914191419141913,0.6343234323432343,,,0.1811830180058453,
73275,2002,1,0.473630237327864,0.37122765895106946,,,,
73275,2006,1,0.29043913285158424,0.4723457476375764,,-0.1831911044762798,0.10111808868650696,
73275,2010,1,0.05842434524440674,0.5615523274308133,,-0.2320147876071775,0.08920657979323687,
73275,2010,2,,0.7415096468464403,,,,
73275,2014,1,,0.3576923076923077,,,-0.2038600197385056,
73275,2014,2,,0.5106094808126411,,,-0.23090016603379915,
73275,2018,1,0.15670870374198884,0.4919371511267314,,,0.13424484343442372,
73275,2018,2,0.2808472374862624,0.6673993405934658,,,0.15678985978082471,
73283,2002,1,0.22712283594394064,0.5549258037922506,,,,
73283,2006,1,0.13133248190719454,0.7412728820774798,,-0.0957903540367461,0.18634707828522912,
73283,2010,1,0.034750720335283335,0.5905876189644634,,-0.0965817615719112,-0.15068526311301633,
73283,2010,2,,0.8007659341661347,,,,
73283,2014,1,,0.49674283941681313,,,-0.0938447795476503,
73283,2014,2,,0.7296549479166666,,,-0.0711109862494681,
73283,2018,1,0.06957257072570726,0.6064729397293973,,,0.10973010031258418,
73283,2018,2,0.17086897793786582,0.7747260993546451,,,0.04507115143797846,
73319,2002,1,0.2292735886300829,0.566521910777734,,,,
73319,2006,1,0.17904011998500188,0.7127859017622797,,-0.05023346864508102,0.1462639909845458,
73319,2010,1,0.0472479298587433,0.6006656924825459,,-0.1317921901262586,-0.11212020927973387,
73319,2010,2,,0.8072116196588414,,,,
73319,2014,1,,0.3441258094357077,,,-0.25653988304683817,
73319,2014,2,,0.643969026901892,,,-0.1632425927569494,
73319,2018,1,0.11008965202856709,0.5890442182039204,,,0.2449184087682127,
73319,2018,2,0.2053604300125175,0.7534054929681172,,,0.10943646606622526,
73347,2002,1,0.11750365675280351,0.6757679180887372,,,,
73347,2006,1,0.1323671497584541,0.7594202898550725,,0.014863493005650583,0.08365237176633533,
73347,2010,1,0.03880934438583271,0.6292388847023361,,-0.09355780537262139,-0.13018140515273635,
73347,2010,2,,0.8325774754346182,,,,
73347,2014,1,,0.552405498281787,,,-0.07683338642054915,
73347,2014,2,,0.7530946804951488,,,-0.07948279493946941,
73347,2018,1,0.08159531650201245,0.6311745334796927,,,0.07876903519790568,
73347,2018,2,0.1570945945945946,0.7925675675675675,,,0.039472887072418694,
73349,2002,1,0.5050722686057995,0.36717838226052607,,,,
73349,2006,1,0.18460037257163134,0.5319790650226204,,-0.32047189603416815,0.1648006827620943,
73349,2010,1,0.06717635941929387,0.5106090542049652,,-0.11742401315233747,-0.021370010817655216,
73349,2010,2,,0.7078449053201082,,,,
73349,2014,1,,0.2792349726775956,,,-0.23137408152736955,
73349,2014,2,,0.46986924388857304,,,-0.2379756614315352,
73349,2018,1,0.15320644718792867,0.38185871056241427,,,0.10262373788481866,
73349,2018,2,0.34828335506301605,0.5831377661886137,,,0.11326852230004064,
73352,2002,1,0.5637583892617449,0.25100671140939596,,,,
73352,2006,1,0.24475247524752475,0.6261386138613861,,-0.3190059140142202,0.3751319024519902,
73352,2010,1,0.07696776067383096,0.670926517571885,,-0.1677847145736938,0.0447879037104989,
73352,2010,2,,0.8159034653465347,,,,
73352,2014,1,,0.35316100903145436,,,-0.3177655085404307,
73352,2014,2,,0.45722861430715356,,,-0.3586748510393811,
73352,2018,1,0.32415691672401925,0.4221151640284469,,,0.06895415499699253,
73352,2018,2,0.40470379409806967,0.5546927002440648,,,0.09746408593691125,
73408,2002,1,0.5552755376344086,0.3040994623655914,,,,
73408,2006,1,0.3472775564409031,0.4545152722443559,,-0.20799798119350554,0.15041580987876452,
73408,2010,1,0.12356006582556225,0.44747668678003294,,-0.22371749061534082,-0.007038585464322955,
73408,2010,2,,0.6813703867078371,,,,
73408,2014,1,,0.26681385869565216,,,-0.18066282808438078,
73408,2014,2,,0.4137122361705063,,,-0.26765815053733083,
73408,2018,1,0.2507420312298361,0.34881920247773907,,,0.0820053437820869,
73408,2018,2,0.4104091144484723,0.5398757120662869,,,0.12616347589578064,
73411,2002,1,0.4236988174724479,0.333521036119379,,,,
73411,2006,1,0.22708349697588565,0.5724609221585107,,-0.19661532049656227,0.23893988603913174,
73411,2010,1,0.06719232087761398,0.5055879328076791,,-0.15989117609827166,-0.06687298935083164,
73411,2010,2,,0.7492548435171386,,,,
73411,2014,1,,0.42015284014811316,,,-0.08543509265956595,
73411,2014,2,,0.5681379487839403,,,-0.18111689473319825,
73411,2018,1,0.24564365390413023,0.42912270123605667,,,0.00896986108794351,
73411,2018,2,0.3741195044935633,0.5767549186300704,,,0.00861696984613014,
73443,2002,1,0.42860183017663334,0.37316450308576293,,,,
73443,2006,1,0.222674687644609,0.5937066173068024,,-0.20592714253202435,0.22054211422103948,
73443,2010,1,0.05961810466760962,0.5840876944837341,,-0.16305658297699938,-0.00961892282306831,
73443,2010,2,,0.7363232023721274,,,,
73443,2014,1,,0.42700701173875366,,,-0.15708068274498044,
73443,2014,2,,0.5177217783241139,,,-0.21860142404801353,
73443,2018,1,0.16928446771378708,0.4538193046046449,,,0.026812292865891263,
73443,2018,2,0.3095396046172217,0.6140374154172747,,,0.09631563709316082,
73449,2002,1,0.29165254715915506,0.5764147746526601,,,,
73449,2006,1,0.15647538413295703,0.7230061670325075,,-0.13517716302619803,0.14659139237984742,
73449,2010,1,0.033785372736536805,0.6312612683232735,,-0.12269001139642022,-0.09174489870923408,
73449,2010,2,,0.8158687646468028,,,,
73449,2014,1,,0.49115531104528143,,,-0.14010595727799202,
73449,2014,2,,0.6812740004517732,,,-0.13459476419502958,
73449,2018,1,0.10744591848930321,0.599796820843791,,,0.10864150979850962,
73449,2018,2,0.1911194572328568,0.7606009207656894,,,0.0793269203139162,
73461,2002,1,0.34678624813153963,0.3781763826606876,,,,
73461,2006,1,0.1402116402116402,0.7442680776014109,,-0.20657460791989943,0.3660916949407233,
73461,2010,1,0.04758620689655172,0.5675862068965517,,-0.09262543331508849,-0.1766818707048592,
73461,2010,2,,0.7868613138686131,,,,
73461,2014,1,,0.40084745762711865,,,-0.16673874926943305,
73461,2014,2,,0.7036303630363037,,,-0.08323095083230947,
73461,2018,1,0.13133781307269396,0.5742211362248014,,,0.17337367859768277,
73461,2018,2,0.23771880293619424,0.7103331451157539,,,0.006702782079450187,
73483,2002,1,0.5036695323967288,0.33612916754036487,,,,
73483,2006,1,0.38528301886792454,0.4530188679245283,,-0.1183865135288043,0.11688970038416341,
73483,2010,1,0.09610876699484294,0.5218002812939522,,-0.2891742518730816,0.0687814133694239,
73483,2010,2,,0.6966422872340425,,,,
73483,2014,1,,0.2929044465468307,,,-0.2288958347471215,
73483,2014,2,,0.38742774566473986,,,-0.30921454156930267,
73483,2018,1,0.3315484158857653,0.42451286627993456,,,0.1316084197331039,
73483,2018,2,0.43728100911002105,0.5281009110021023,,,0.14067316533736246,
73504,2002,1,0.46302573760200877,0.36371625863151286,,,,
73504,2006,1,0.1701578627808136,0.5959319975713419,,-0.29286787482119514,0.232215738939829,
73504,2010,1,0.037629603146228104,0.5631033249910619,,-0.1325282596345855,-0.032828672580279994,
73504,2010,2,,0.8163377192982456,,,,
73504,2014,1,,0.401704007573367,,,-0.16139931741769487,
73504,2014,2,,0.6359832635983264,,,-0.18035445569991926,
73504,2018,1,0.21421170782248317,0.5776204455189087,,,0.17591643794554168,
73504,2018,2,0.2823607207802943,0.6818482393784097,,,0.045864975780083306,
73520,2002,1,0.4367325146823278,0.29151094500800856,,,,
73520,2006,1,0.21960940613790356,0.6305300916699881,,-0.21712310854442426,0.3390191466619795,
73520,2010,1,0.06598984771573604,0.7338197969543148,,-0.1536195584221675,0.10328970528432668,
73520,2010,2,,0.8362704261454662,,,,
73520,2014,1,,0.5215566577642121,,,-0.21226313919010265,
73520,2014,2,,0.6210905065042901,,,-0.2151799196411761,
73520,2018,1,0.17621266100301453,0.6261989586187997,,,0.10464230085458759,
73520,2018,2,0.23637277066063803,0.7239387088671189,,,0.10284820236282877,
73547,2002,1,0.7095078834209269,0.22025800286669853,,,,
73547,2006,1,0.1376597836774828,0.3672566371681416,,-0.5718480997434441,0.14699863430144308,
73547,2010,1,0.10506644518272425,0.4738372093023256,,-0.03259333849475855,0.10658057213418398,
73547,2010,2,,0.721593703885883,,,,
73547,2014,1,,0.155858310626703,,,-0.31797889867562257,
73547,2014,2,,0.31646693297825124,,,-0.4051267709076317,
73547,2018,1,0.25748086290883787,0.34133611691022964,,,0.18547780628352664,
73547,2018,2,0.44865771812080535,0.48624161073825506,,,0.16977467776000382,
73555,2002,1,0.6028349826156726,0.19416956405456004,,,,
73555,2006,1,0.22996450588455072,0.597235195217635,,-0.37287047673112184,0.403065631163075,
73555,2010,1,0.05167079207920792,0.6503712871287128,,-0.1782937138053428,0.05313609191107782,
73555,2010,2,,0.8111285266457681,,,,
73555,2014,1,,0.4762207730236997,,,-0.17415051410501314,
73555,2014,2,,0.6210062431142123,,,-0.1901222835315558,
73555,2018,1,0.1938064221231859,0.5787909953148211,,,0.10257022229112145,
73555,2018,2,0.243391360412637,0.701912744465936,,,0.08090650135172373,
73563,2002,1,0.5811287477954145,0.30423280423280424,,,,
73563,2006,1,0.15027755749405233,0.675654242664552,,-0.4308511903013621,0.37142143843174774,
73563,2010,1,0.028595458368376788,0.7328287075974208,,-0.12168209912567554,0.05717446493286882,
73563,2010,2,,0.862597547380156,,,,
73563,2014,1,,0.5175324675324675,,,-0.2152962400649533,
73563,2014,2,,0.6337355455002514,,,-0.2288620018799047,
73563,2018,1,0.13426395939086294,0.6517766497461929,,,0.13424418221372536,
73563,2018,2,0.2132983794089609,0.7578646329837941,,,0.12412908748354279,
73585,2002,1,0.49032197148522333,0.37852893966575396,,,,
73585,2006,1,0.272403901319564,0.47056798623063684,,-0.21791807016565934,0.09203904656488288,
73585,2010,1,0.061693390692217444,0.47800156433320296,,-0.21071051062734655,0.0074335781025661185,
73585,2010,2,,0.7193882684374685,,,,
73585,2014,1,,0.26128461991750146,,,-0.2167169444157015,
73585,2014,2,,0.4554300927200955,,,-0.263958175717373,
73585,2018,1,0.2804445274561076,0.3769144564811356,,,0.11562983656363413,
73585,2018,2,0.4276003352267436,0.5247229723437936,,,0.06929287962369812,
73616,2002,1,0.7599009900990099,0.1349009900990099,,,,
73616,2006,1,0.23252496433666192,0.38873038516405134,,-0.527376025762348,0.25382939506504143,
73616,2010,1,0.040204508482454104,0.5677434348129212,,-0.19232045585420782,0.17901304964886988,
73616,2010,2,,0.771117166212534,,,,
73616,2014,1,,0.4720205040580948,,,-0.09572293075482641,
73616,2014,2,,0.6029830735713089,,,-0.16813409264122514,
73616,2018,1,0.11783834004335708,0.6376587178693094,,,0.16563821381121457,
73616,2018,2,0.1658255227108868,0.7935111751982696,,,0.19052810162696077,
73622,2002,1,0.35984848484848486,0.4457070707070707,,,,
73622,2006,1,0.07310469314079422,0.8294223826714802,,-0.28674379170769065,0.38371531196440944,
73622,2010,1,0.01900674432863274,0.7670141017780503,,-0.054097948812161484,-0.06240828089342987,
73622,2010,2,,0.9017421602787457,,,,
73622,2014,1,,0.5559895833333334,,,-0.21102451844471692,
73622,2014,2,,0.7088607594936709,,,-0.19288140078507476,
73622,2018,1,0.10099947396107312,0.6354550236717517,,,0.07946544033841829,
73622,2018,2,0.16560820713238886,0.782608695652174,,,0.07374793615850306,
73624,2002,1,0.22507381330910742,0.5334998864410629,,,,
73624,2006,1,0.09678030303030304,0.7214015151515152,,-0.12829351027880437,0.18790162871045224,
73624,2010,1,0.02728242645938119,0.7125438195397044,,-0.06949787657092185,-0.008857695611810823,
73624,2010,2,,0.8616057482036863,,,,
73624,2014,1,,0.5467511885895404,,,-0.16579263095016394,
73624,2014,2,,0.755735329630524,,,-0.10587041857316226,
73624,2018,1,0.09761438285121586,0.6775383196957474,,,0.130787131106207,
73624,2018,2,0.1545246651421104,0.8064902537297179,,,0.05075492409919391,
73671,2002,1,0.26449339207048456,0.5677533039647578,,,,
73671,2006,1,0.20262525420595304,0.6566833056017748,,-0.06186813786453152,0.08893000163701703,
73671,2010,1,0.031030265973708344,0.6436869458881076,,-0.1715949882322447,-0.012996359713667194,
73671,2010,2,,0.8129496402877698,,,,
73671,2014,1,,0.3244370308590492,,,-0.3192499150290584,
73671,2014,2,,0.625640178423922,,,-0.18730946186384778,
73671,2018,1,0.1459734050500523,0.5177050649932765,,,0.19326803413422733,
73671,2018,2,0.27367135003054366,0.6776114844227245,,,0.0519713059988024,
73675,2002,1,0.12010836845273931,0.6556291390728477,,,,
73675,2006,1,0.06450719822812846,0.8189368770764119,,-0.05560117022461085,0.16330773800356424,
73675,2010,1,0.017807585568917667,0.8221554116558741,,-0.0466996126592108,0.0032185345794621956,
73675,2010,2,,0.9172062904717854,,,,
73675,2014,1,,0.6432919405892379,,,-0.17886347106663625,
73675,2014,2,,0.836359926545603,,,-0.08084636392618239,
73675,2018,1,0.07890318970341355,0.7259839582167507,,,0.08269201762751277,
73675,2018,2,0.11395856052344602,0.8589603780443476,,,0.022600451498744567,
73678,2002,1,0.2741519965650494,0.5468012022327179,,,,
73678,2006,1,0.09179307662388175,0.7909373784519642,,-0.18235891994116765,0.24413617621924633,
73678,2010,1,0.026012569832402233,0.7568086592178771,,-0.06578050679147952,-0.03412871923408711,
73678,2010,2,,0.858729074137342,,,,
73678,2014,1,,0.43567498942022853,,,-0.32113366979764857,
73678,2014,2,,0.5434395728846465,,,-0.3152895012526955,
73678,2018,1,0.0832422302045916,0.599406528189911,,,0.1637315387696825,
73678,2018,2,0.15828202432797717,0.806727736897432,,,0.26328816401278554,
73686,2002,1,0.09438775510204081,0.7253401360544217,,,,
73686,2006,1,0.08802083333333334,0.8317708333333333,,-0.00636692176870747,0.10643069727891163,
73686,2010,1,0.02192448233861145,0.7365002030044661,,-0.06609635099472189,-0.09527063032886729,
73686,2010,2,,0.8941374947279629,,,,
73686,2014,1,,0.5670154459392127,,,-0.16948475706525334,
73686,2014,2,,0.7858192505510654,,,-0.1083182441768975,
73686,2018,1,0.07651054701465856,0.6456918126564176,,,0.0786763667172049,
73686,2018,2,0.14370422043948378,0.8287408440878967,,,0.04292159353683134,
73770,2002,1,0.21009463722397476,0.6744479495268139,,,,
73770,2006,1,0.15228113440197288,0.7336621454993835,,-0.05781350282200187,0.059214195972569605,
73770,2010,1,0.039619651347068144,0.6397253037506603,,-0.11266148305490474,-0.09393684174872319,
73770,2010,2,,0.8746694870438921,,,,
73770,2014,1,,0.3426453819840365,,,-0.2970799217666238,
73770,2014,2,,0.48988195615514335,,,-0.3847875308887488,
73770,2018,1,0.09880372175454143,0.593265396544085,,,0.25062001456004857,
73770,2018,2,0.19630872483221476,0.7709731543624161,,,0.28109119820727274,
73854,2002,1,0.2126230975828111,0.6544315129811996,,,,
73854,2006,1,0.12235915492957747,0.7411971830985915,,-0.09026394265323362,0.08676567011739189,
73854,2010,1,0.02288135593220339,0.5855932203389831,,-0.09947779899737408,-0.15560396275960842,
73854,2010,2,,0.8714226462048942,,,,
73854,2014,1,,0.3717693836978131,,,-0.21382383664117,
73854,2014,2,,0.7515151515151515,,,-0.11990749468974271,
73854,2018,1,0.0744150364403529,0.7840429612581511,,,0.412273577560338,
73854,2018,2,0.11416781292984869,0.859009628610729,,,0.10749447709557758,
73861,2002,1,0.5060588574725908,0.3897864974033468,,,,
73861,2006,1,0.1719056974459725,0.518172888015717,,-0.3341531600266183,0.12838639061237023,
73861,2010,1,0.06507381507381507,0.5052447552447552,,-0.10683188237215743,-0.012928132770961831,
73861,2010,2,,0.7630865484880084,,,,
73861,2014,1,,0.36128884826325414,,,-0.14395590698150107,
73861,2014,2,,0.4645441389290883,,,-0.2985424095589201,
73861,2018,1,0.16094570928196147,0.5033274956217163,,,0.14203864735846217,
73861,2018,2,0.3101401483924155,0.6491343775762572,,,0.18459023864716895,
73870,2002,1,0.10391304347826087,0.5982608695652174,,,,
73870,2006,1,0.104,0.8152727272727273,,8.695652173912327e-05,0.21701185770750986,
73870,2010,1,0.029947514665020068,0.7335597406606977,,-0.07405248533497993,-0.08171298661202953,
73870,2010,2,,0.8946550652579242,,,,
73870,2014,1,,0.6702702702702703,,,-0.06328947039042743,
73870,2014,2,,0.8065058889512058,,,-0.08814917630671837,
73870,2018,1,0.11577684463107378,0.6970605878824235,,,0.026790317612153225,
73870,2018,2,0.14636163175303196,0.8238699007717751,,,0.017364011820569347,
73873,2002,1,0.4429421308815576,0.40237966468361275,,,,
73873,2006,1,0.05341987019470794,0.871193210184723,,-0.38952226068684964,0.4688135455011102,
73873,2010,1,0.028225806451612902,0.867741935483871,,-0.025194063743095036,-0.0034512747008519362,
73873,2010,2,,0.9322873658133773,,,,
73873,2014,1,,0.70772238514174,,,-0.160019550342131,
73873,2014,2,,0.7607537894305613,,,-0.17153357638281608,
73873,2018,1,0.11996644295302013,0.7671979865771812,,,0.05947560143544117,
73873,2018,2,0.13621922160444797,0.8423351866560762,,,0.08158139722551494,
76001,2002,1,0.23346459903764374,0.6041193352829008,,,,
76001,2006,1,0.24239999541679477,0.6317318213848536,,0.008935396379151028,0.02761248610195277,
76001,2010,1,0.0940228965190637,0.34003833570870856,,-0.14837709889773107,-0.29169348567614506,
76001,2010,2,,0.5653025408435515,,,,
76001,2014,1,,0.17930793110299734,,,-0.16073040460571122,
76001,2014,2,,0.3249307665679449,,,-0.24037177427560658,
76001,2018,1,0.2603154151244824,0.28084944017155467,,,0.10154150906855733,
76001,2018,2,0.5235793022166518,0.41329220159535385,,,0.08836143502740895,
76020,2002,1,0.5005619240278715,0.3589570690042706,,,,
76020,2006,1,0.18766066838046272,0.5438186492171068,,-0.3129012556474088,0.18486158021283616,
76020,2010,1,0.11146095717884132,0.49727120067170444,,-0.0761997112016214,-0.046547448545402326,
76020,2010,2,,0.7263828818575006,,,,
76020,2014,1,,0.31263803680981594,,,-0.1846331638618885,
76020,2014,2,,0.4520222045995242,,,-0.27436067725797636,
76020,2018,1,0.16388328133602495,0.4665076160763443,,,0.15386957926652833,
76020,2018,2,0.29172141918528255,0.6457668481321569,,,0.1937446435326327,
76036,2002,1,0.24928046050527664,0.5425327790214263,,,,
76036,2006,1,0.3768621236133122,0.49096671949286846,,0.1275816631080356,-0.051566059528557806,
76036,2010,1,0.079738245273873,0.38560349006301503,,-0.2971238783394392,-0.10536322942985343,
76036,2010,2,,0.6746392824645782,,,,
76036,2014,1,,0.1565880721220527,,,-0.22901541794096233,
76036,2014,2,,0.29646116180725574,,,-0.3781781206573224,
76036,2018,1,0.2905062635883632,0.29961693757117713,,,0.14302886544912444,
76036,2018,2,0.5130753138075314,0.4247907949790795,,,0.12832963317182378,
76041,2002,1,0.04385676741130092,0.7886005256241787,,,,
76041,2006,1,0.18641936497956618,0.7651681861049985,,0.14256259756826525,-0.023432339519180223,
76041,2010,1,0.03383405868313913,0.653235996069072,,-0.15258530629642705,-0.11193219003592647,
76041,2010,2,,0.8372283722837228,,,,
76041,2014,1,,0.36880787887696603,,,-0.284428117192106,
76041,2014,2,,0.6799548702519744,,,-0.1572735020317484,
76041,2018,1,0.06937537901758642,0.6201334141904185,,,0.2513255353134524,
76041,2018,2,0.16333212077118953,0.7886504183339396,,,0.10869554808196513,
76054,2002,1,0.03721739130434783,0.7961739130434783,,,,
76054,2006,1,0.11762295081967213,0.8323770491803278,,0.0804055595153243,0.036203136136849556,
76054,2010,1,0.02475442043222004,0.6817288801571709,,-0.09286853038745209,-0.15064816902315692,
76054,2010,2,,0.8758673862760216,,,,
76054,2014,1,,0.2635789473684211,,,-0.41814993278874985,
76054,2014,2,,0.5942492012779552,,,-0.28161818499806635,
76054,2018,1,0.07912638739706408,0.6630862871464375,,,0.3995073397780164,
76054,2018,2,0.15147112241191427,0.8020341445695605,,,0.20778494329160524,
76100,2002,1,0.10055544914767287,0.7414288450488412,,,,
76100,2006,1,0.17621599340478153,0.7403132728771641,,0.07566054425710866,-0.001115572171677126,
76100,2010,1,0.04092940125111707,0.5915996425379804,,-0.13528659215366445,-0.14871363033918372,
76100,2010,2,,0.829628279883382,,,,
76100,2014,1,,0.3088487972508591,,,-0.28275084528712124,
76100,2014,2,,0.5973292244478685,,,-0.23229905543551344,
76100,2018,1,0.11745846691926552,0.49956280967647915,,,0.19071401242562003,
76100,2018,2,0.24203273040482343,0.7128911857594028,,,0.11556196131153429,
76109,2002,1,0.7317173096620007,0.18607033117104813,,,,
76109,2006,1,0.1540532743533032,0.3368593133955188,,-0.5776640353086975,0.15078898222447065,
76109,2010,1,0.07260259552775229,0.29665107745981145,,-0.08145067882555092,-0.040208235935707326,
76109,2010,2,,0.5302200853683693,,,,
76109,2014,1,,0.11333302473421901,,,-0.18331805272559243,
76109,2014,2,,0.17621293021750686,,,-0.35400715515086245,
76109,2018,1,0.5282388223712827,0.20309745656006045,,,0.08976443182584144,
76109,2018,2,0.7020445951523129,0.2555241993954334,,,0.07931126917792655,
76111,2002,1,0.23553598429583256,0.5821152876886755,,,,
76111,2006,1,0.27137604631150747,0.5953479882135128,,0.03584006201567491,0.013232700524837271,
76111,2010,1,0.08526950685978847,0.39559529371787794,,-0.186106539451719,-0.19975269449563482,
76111,2010,2,,0.6190939410783769,,,,
76111,2014,1,,0.16639718126312233,,,-0.2291981124547556,
76111,2014,2,,0.2869700323514388,,,-0.3321239087269381,
76111,2018,1,0.26053526798111637,0.28108511524576507,,,0.11468793398264274,
76111,2018,2,0.5145547484530535,0.4102232983588916,,,0.12325326600745279,
76113,2002,1,0.265185933030456,0.4716473161702844,,,,
76113,2006,1,0.46840723003244245,0.4149544260775529,,0.20322129700198643,-0.056692890092731485,
76113,2010,1,0.1594357515410147,0.3581081081081081,,-0.30897147849142775,-0.05684631796944478,
76113,2010,2,,0.6050213536948363,,,,
76113,2014,1,,0.1374900079936051,,,-0.220618100114503,
76113,2014,2,,0.24963564438892358,,,-0.35538570930591273,
76113,2018,1,0.38153327382723395,0.26202519091540216,,,0.12453518292179705,
76113,2018,2,0.5855609756097561,0.3621463414634146,,,0.11251069707449105,
76122,2002,1,0.13802914044314166,0.6253125269419778,,,,
76122,2006,1,0.11194905312552371,0.7931121166415284,,-0.026080087317617948,0.16779958969955056,
76122,2010,1,0.04220630809081213,0.5398445832698461,,-0.06974274503471159,-0.2532675333716823,
76122,2010,2,,0.7935962951133823,,,,
76122,2014,1,,0.28068497913769125,,,-0.25915960413215483,
76122,2014,2,,0.6207790227913713,,,-0.17281727232201094,
76122,2018,1,0.1236582535538149,0.5652741514360313,,,0.2845891722983401,
76122,2018,2,0.23535375479759577,0.7050474328336592,,,0.08426841004228791,
76126,2002,1,0.18326512050932242,0.5632105502501137,,,,
76126,2006,1,0.2359170797656602,0.6514195583596214,,0.05265195925633778,0.08820900810950771,
76126,2010,1,0.07153153153153154,0.49405405405405406,,-0.16438554823412865,-0.15736550430556734,
76126,2010,2,,0.7362428842504743,,,,
76126,2014,1,,0.23628080347898114,,,-0.25777325057507294,
76126,2014,2,,0.4003080609276057,,,-0.33593482332286867,
76126,2018,1,0.21316568047337278,0.3903846153846154,,,0.15410381190563424,
76126,2018,2,0.39505988023952093,0.5404191616766467,,,0.14011110074904104,
76130,2002,1,0.402451005739697,0.3831118465277419,,,,
76130,2006,1,0.330150586670467,0.4108118379174386,,-0.07230041906923002,0.0276999913896967,
76130,2010,1,0.18227976643818228,0.3017081927973017,,-0.1478708202322847,-0.10910364512013687,
76130,2010,2,,0.5578960645812311,,,,
76130,2014,1,,0.13282997762863535,,,-0.16887821516866636,
76130,2014,2,,0.2252119424990785,,,-0.3326841220821526,
76130,2018,1,0.38079251513483764,0.2066593285635663,,,0.07382935093493095,
76130,2018,2,0.6290415783825432,0.3005971217082634,,,0.07538517920918492,
76147,2002,1,0.14542705583886426,0.6764472234323348,,,,
76147,2006,1,0.18775811209439527,0.70968534906588,,0.04233105625553102,0.033238125633545224,
76147,2010,1,0.05112032197993632,0.5119440940309565,,-0.13663779011445895,-0.19774125503492346,
76147,2010,2,,0.7141287902339944,,,,
76147,2014,1,,0.26924621098062834,,,-0.2426978830503282,
76147,2014,2,,0.5102326827559202,,,-0.2038961074780743,
76147,2018,1,0.1211455649136157,0.42699271916019577,,,0.15774650817956742,
76147,2018,2,0.30427886521754804,0.6223459860855773,,,0.11211330332965719,
76233,2002,1,0.35348655001305823,0.45886654478976235,,,,
76233,2006,1,0.20136024082952392,0.651020180622143,,-0.15212630918353431,0.1921536358323806,
76233,2010,1,0.04802570389786083,0.619852879005665,,-0.1533345369316631,-0.03116730161647796,
76233,2010,2,,0.8035067015088933,,,,
76233,2014,1,,0.39081011847582453,,,-0.22904276052984046,
76233,2014,2,,0.4587184611541344,,,-0.34478824035475886,
76233,2018,1,0.19466784877461846,0.501678171110126,,,0.1108680526343015,
76233,2018,2,0.31565779838906516,0.6329631437637295,,,0.17424468260959514,
76243,2002,1,0.03327055869428751,0.743879472693032,,,,
76243,2006,1,0.1093512031678343,0.814498933901919,,0.07608064447354679,0.07061946120888696,
76243,2010,1,0.01929777539533637,0.6837309032430984,,-0.09005342777249792,-0.1307680306588206,
76243,2010,2,,0.8806330472103004,,,,
76243,2014,1,,0.3934169278996865,,,-0.29031397534341186,
76243,2014,2,,0.7964533538936006,,,-0.08417969331669983,
76243,2018,1,0.054600606673407485,0.6825075834175935,,,0.289090655517907,
76243,2018,2,0.13531598513011153,0.8123915737298637,,,0.01593821983626309,
76246,2002,1,0.04293116210214656,0.7912657290895633,,,,
76246,2006,1,0.1152542372881356,0.825,,0.07232307518598904,0.03373427091043668,
76246,2010,1,0.02923076923076923,0.6415384615384615,,-0.08602346805736637,-0.18346153846153845,
76246,2010,2,,0.831353919239905,,,,
76246,2014,1,,0.2864428389290268,,,-0.3550956226094347,
76246,2014,2,,0.7007818052594172,,,-0.13057211398048774,
76246,2018,1,0.10251117991056072,0.6150670794633643,,,0.3286242405343375,
76246,2018,2,0.15451215451215453,0.8075258075258075,,,0.10674400226639025,
76248,2002,1,0.3734367183591796,0.4311530765382691,,,,
76248,2006,1,0.34284751095628724,0.4551635015170244,,-0.030589207402892338,0.024010424978755274,
76248,2010,1,0.18793214713745737,0.2724255554531207,,-0.15491536381882987,-0.1827379460639037,
76248,2010,2,,0.5144942758113643,,,,
76248,2014,1,,0.13088976247162395,,,-0.14153579298149674,
76248,2014,2,,0.23657118242515615,,,-0.27792309338620813,
76248,2018,1,0.36970014207732,0.20619905780303596,,,0.07530929533141201,
76248,2018,2,0.6287097608751894,0.3111209668477658,,,0.07454978442260965,
76250,2002,1,0.03505802707930367,0.8089941972920697,,,,
76250,2006,1,0.14315956602275734,0.7724265678750992,,0.10810153894345367,-0.03656762941697045,
76250,2010,1,0.031906614785992216,0.4754863813229572,,-0.11125295123676512,-0.29694018655214205,
76250,2010,2,,0.8136200716845878,,,,
76250,2014,1,,0.16858992400788067,,,-0.30689645731507653,
76250,2014,2,,0.481111903064861,,,-0.3325081686197268,
76250,2018,1,0.13652249890782,0.5498034076015728,,,0.3812134835936921,
76250,2018,2,0.2365869424692954,0.7132083602671838,,,0.2320964572023228,
76275,2002,1,0.4090501792114695,0.37103174603174605,,,,
76275,2006,1,0.43757553782934494,0.36088953347836594,,0.028525358617875418,-0.010142212553380103,
76275,2010,1,0.1880864373045209,0.41285186238271254,,-0.24948910052482404,0.0519623289043466,
76275,2010,2,,0.6451838690572336,,,,
76275,2014,1,,0.1468951014349332,,,-0.2659567609477793,
76275,2014,2,,0.248688602765856,,,-0.39649526629137755,
76275,2018,1,0.4952801227935533,0.19727551803530316,,,0.05038041660036996,
76275,2018,2,0.6728738503463154,0.27213201619923544,,,0.02344341343337944,
76306,2002,1,0.4412811387900356,0.4183112261404076,,,,
76306,2006,1,0.21471774193548387,0.5495631720430108,,-0.22656339685455174,0.13125194590260314,
76306,2010,1,0.07096354166666667,0.46875,,-0.1437542002688172,-0.08081317204301075,
76306,2010,2,,0.6876830799274655,,,,
76306,2014,1,,0.20281216567323856,,,-0.26593783432676144,
76306,2014,2,,0.36896120150187733,,,-0.31872187842558813,
76306,2018,1,0.24772583033636555,0.39887878146816164,,,0.19606661579492307,
76306,2018,2,0.4302201325069459,0.5041675571703356,,,0.13520635566845823,
76318,2002,1,0.37384752651928227,0.3430157628630911,,,,
76318,2006,1,0.41722057470088963,0.447796298189999,,0.043373048181607365,0.1047805353269079,
76318,2010,1,0.15157446808510638,0.30936170212765957,,-0.26564610661578325,-0.13843459606233943,
76318,2010,2,,0.5809258926969316,,,,
76318,2014,1,,0.10813124108416548,,,-0.20123046104349407,
76318,2014,2,,0.18327540960351799,,,-0.39765048309341366,
76318,2018,1,0.38884021834355414,0.24341262888334794,,,0.13528138779918247,
76318,2018,2,0.6199358202968311,0.3256451397245621,,,0.14236973012104412,
76364,2002,1,0.4351419810691908,0.4182109052126383,,,,
76364,2006,1,0.24400740025740025,0.5365588803088803,,-0.19113458081179052,0.11834797509624201,
76364,2010,1,0.08298186996768363,0.3749520731774114,,-0.1610255302897166,-0.1616068071314689,
76364,2010,2,,0.6016624436066992,,,,
76364,2014,1,,0.1686308440492884,,,-0.206321229128123,
76364,2014,2,,0.2631472235598246,,,-0.33851522004687457,
76364,2018,1,0.29604759718396084,0.2601775329048056,,,0.0915466888555172,
76364,2018,2,0.5556140453490865,0.3801836579516874,,,0.11703643439186279,
76377,2002,1,0.3291139240506329,0.5192355423181931,,,,
76377,2006,1,0.20780825302693354,0.6491228070175439,,-0.12130567102369935,0.12988726469935075,
76377,2010,1,0.04753710475371047,0.4919337491933749,,-0.16027114827322306,-0.15718905782416898,
76377,2010,2,,0.732695810564663,,,,
76377,2014,1,,0.22769028871391075,,,-0.2642434604794641,
76377,2014,2,,0.4277948903786918,,,-0.30490092018597126,
76377,2018,1,0.2025015832805573,0.4279607346421786,,,0.20027044592826784,
76377,2018,2,0.3588927776010181,0.590359529112313,,,0.16256463873362126,
76400,2002,1,0.0494930400412442,0.7673998968894999,,,,
76400,2006,1,0.11025708984892658,0.8056365403304179,,0.06076404980768239,0.03823664344091793,
76400,2010,1,0.035645694092340786,0.6503802719520627,,-0.07461139575658579,-0.15525626837835516,
76400,2010,2,,0.8368157622944308,,,,
76400,2014,1,,0.2658270644915899,,,-0.38455320746047283,
76400,2014,2,,0.6612779650628257,,,-0.17553779723160512,
76400,2018,1,0.0820967431104259,0.518597032183465,,,0.2527699676918751,
76400,2018,2,0.1926480156148341,0.7392322706571243,,,0.07795430559429861,
76403,2002,1,0.06205673758865248,0.7797478329393223,,,,
76403,2006,1,0.19423915103278377,0.7290126966079211,,0.13218241344413129,-0.05073513633140114,
76403,2010,1,0.056790123456790124,0.5876543209876544,,-0.13744902757599364,-0.14135837562026676,
76403,2010,2,,0.7939132068382491,,,,
76403,2014,1,,0.24109775459287822,,,-0.34655656639477617,
76403,2014,2,,0.5082718756228822,,,-0.28564133121536683,
76403,2018,1,0.12448489010989011,0.5072115384615384,,,0.26611378386866025,
76403,2018,2,0.2261044851335461,0.7182932974970603,,,0.21002142187417805,
76497,2002,1,0.49247948951686416,0.35961713764813125,,,,
76497,2006,1,0.18005786779434677,0.5728911640329402,,-0.3124216217225174,0.2132740263848089,
76497,2010,1,0.06885109912899212,0.4572791372874326,,-0.11120676866535464,-0.11561202674550758,
76497,2010,2,,0.7091693635382956,,,,
76497,2014,1,,0.22536806342015855,,,-0.23191107386727403,
76497,2014,2,,0.41201400405380506,,,-0.29715535948449057,
76497,2018,1,0.22358402971216343,0.3403899721448468,,,0.11502190872468823,
76497,2018,2,0.4222515060240964,0.5182605421686747,,,0.10624653811486962,
76520,2002,1,0.2775213695339911,0.5343325405609061,,,,
76520,2006,1,0.305388725019842,0.5209614177239181,,0.027867355485850898,-0.013371122836987936,
76520,2010,1,0.1100594080991225,0.33833548316770523,,-0.19532931692071948,-0.1826259345562129,
76520,2010,2,,0.569465882954255,,,,
76520,2014,1,,0.15446211619173847,,,-0.18387336697596676,
76520,2014,2,,0.25935685985441814,,,-0.3101090230998369,
76520,2018,1,0.27913000694605233,0.23884290344987266,,,0.0843807872581342,
76520,2018,2,0.5492954624382098,0.37920893768888037,,,0.11985207783446222,
76563,2002,1,0.38838883888388837,0.41516651665166515,,,,
76563,2006,1,0.32164780711485835,0.4782930256637823,,-0.06674103176903001,0.06312650901211714,
76563,2010,1,0.1334330246736067,0.47403232299994247,,-0.18821478244125164,-0.0042607026638398215,
76563,2010,2,,0.7270580727504786,,,,
76563,2014,1,,0.18561533617854895,,,-0.2884169868213935,
76563,2014,2,,0.276809469511864,,,-0.4502486032386146,
76563,2018,1,0.37638537818393936,0.22545207077581178,,,0.039836734597262835,
76563,2018,2,0.6103571603547107,0.3265396109940718,,,0.04973014148220778,
76606,2002,1,0.1688235294117647,0.644313725490196,,,,
76606,2006,1,0.21187526697992312,0.6702263989747971,,0.043051737568158416,0.025912673484601023,
76606,2010,1,0.04832291074474133,0.5266249763122987,,-0.1635523562351818,-0.14360142266249842,
76606,2010,2,,0.7571872571872572,,,,
76606,2014,1,,0.2764679715302491,,,-0.25015700478204955,
76606,2014,2,,0.41373830125375244,,,-0.3434489559335048,
76606,2018,1,0.17171415783977323,0.4159331642548113,,,0.1394651927245622,
76606,2018,2,0.3102446483180428,0.6206422018348624,,,0.20690390058110997,
76616,2002,1,0.08882235528942116,0.6428809048569527,,,,
76616,2006,1,0.33586572438162543,0.5821554770318021,,0.24704336909220426,-0.06072542782515056,
76616,2010,1,0.09550396708786366,0.3458712900382016,,-0.24036175729376177,-0.23628418699360054,
76616,2010,2,,0.7188916876574307,,,,
76616,2014,1,,0.19535655058043117,,,-0.15051473945777044,
76616,2014,2,,0.5080957157185844,,,-0.21079597193884636,
76616,2018,1,0.17107001321003962,0.48005284015852046,,,0.2846962895780893,
76616,2018,2,0.31982217573221755,0.6123169456066946,,,0.10422122988811022,
76622,2002,1,0.051117129316181446,0.7935849695328369,,,,
76622,2006,1,0.17233845895302916,0.7567431308293421,,0.1212213296368477,-0.03684183870349478,
76622,2010,1,0.06437003489494394,0.44903110847130445,,-0.10796842405808521,-0.30771202235803763,
76622,2010,2,,0.7613194829910396,,,,
76622,2014,1,,0.17631398144967364,,,-0.2727171270216308,
76622,2014,2,,0.48367799113737076,,,-0.2776414918536688,
76622,2018,1,0.14736521474261347,0.44745659457812975,,,0.2711426131284561,
76622,2018,2,0.31329701621889317,0.6220131236845363,,,0.13833513254716556,
76670,2002,1,0.34027072758037225,0.46142131979695433,,,,
76670,2006,1,0.2543382997370727,0.5382997370727433,,-0.08593242784329952,0.07687841727578892,
76670,2010,1,0.06419445310065441,0.41009660330320974,,-0.1901438466364183,-0.12820313376953352,
76670,2010,2,,0.6976416754663851,,,,
76670,2014,1,,0.2144063027574564,,,-0.19569030054575334,
76670,2014,2,,0.3235468564650059,,,-0.3740948190013792,
76670,2018,1,0.19413724183877415,0.30939373750832777,,,0.09498743475087137,
76670,2018,2,0.4330860126408354,0.4980763946139049,,,0.174529538148899,
76736,2002,1,0.26454604738787046,0.5028621114412,,,,
76736,2006,1,0.1904228298222023,0.6597191095174062,,-0.07412321756566817,0.15685699807620623,
76736,2010,1,0.06108312342569269,0.5363979848866499,,-0.1293397063965096,-0.12332112463075628,
76736,2010,2,,0.7560137457044673,,,,
76736,2014,1,,0.29178663433853613,,,-0.24461135054811378,
76736,2014,2,,0.4714648065948003,,,-0.28454893910966705,
76736,2018,1,0.16076839517466127,0.4450288719913098,,,0.15324223765277367,
76736,2018,2,0.3157655093910074,0.6095617529880478,,,0.13809694639324754,
76823,2002,1,0.08580246913580247,0.7611111111111111,,,,
76823,2006,1,0.1133848402589267,0.822092294842347,,0.027582371123124227,0.060981183731235955,
76823,2010,1,0.02855064557192217,0.6604837243135115,,-0.08483419468700454,-0.16160857052883548,
76823,2010,2,,0.8474701011959521,,,,
76823,2014,1,,0.3852588740673751,,,-0.27522485024613647,
76823,2014,2,,0.6145158304017775,,,-0.23295427079417463,
76823,2018,1,0.08186545881563496,0.5900016775708774,,,0.20474280350350232,
76823,2018,2,0.19693137750800876,0.7551846231664138,,,0.14066879276463629,
76828,2002,1,0.04940207802391688,0.743383650264654,,,,
76828,2006,1,0.17607135931743262,0.7541206127593563,,0.12666928129351573,0.01073696249470224,
76828,2010,1,0.04775534799638445,0.5766797228080747,,-0.12831601132104817,-0.1774408899512816,
76828,2010,2,,0.8143343603048484,,,,
76828,2014,1,,0.33327402135231315,,,-0.24340570145576151,
76828,2014,2,,0.6241219548647436,,,-0.19021240544010476,
76828,2018,1,0.1319525856454344,0.5986713559984369,,,0.26539733464612375,
76828,2018,2,0.22672014036846722,0.7218949743075573,,,0.09777301944281369,
76834,2002,1,0.19610638131687885,0.6065765836132156,,,,
76834,2006,1,0.2468753027807383,0.6323805832768142,,0.050768921463859445,0.025803999663598587,
76834,2010,1,0.08289875110837254,0.41861164129307626,,-0.16397655167236574,-0.21376894198373797,
76834,2010,2,,0.6755801892908078,,,,
76834,2014,1,,0.21640765581547522,,,-0.20220398547760104,
76834,2014,2,,0.39345927566698174,,,-0.282120913623826,
76834,2018,1,0.20608352962493207,0.3459526182279398,,,0.1295449624124646,
76834,2018,2,0.41490677432151774,0.5102793270016102,,,0.11682005133462842,
76845,2002,1,0.21828358208955223,0.6281094527363185,,,,
76845,2006,1,0.13708690330477355,0.6976744186046512,,-0.08119667878477868,0.06956496586833272,
76845,2010,1,0.03490759753593429,0.41478439425051333,,-0.10217930576883927,-0.28289002435413785,
76845,2010,2,,0.7275296777840587,,,,
76845,2014,1,,0.19538378958668814,,,-0.2194006046638252,
76845,2014,2,,0.47300125575554625,,,-0.2545284220285125,
76845,2018,1,0.11253430924062215,0.47529734675205854,,,0.27991355716537036,
76845,2018,2,0.26788154897494304,0.6683371298405467,,,0.19533587408500047,
76863,2002,1,0.0525328330206379,0.8048780487804879,,,,
76863,2006,1,0.09827479975354282,0.8330252618607517,,0.04574196673290492,0.0281472130802638,
76863,2010,1,0.016379058204153262,0.6458028663351857,,-0.08189574154938956,-0.18722239552556597,
76863,2010,2,,0.8552746294681779,,,,
76863,2014,1,,0.24558534990189668,,,-0.400217516433289,
76863,2014,2,,0.6469599327542729,,,-0.208314696713905,
76863,2018,1,0.06146038906117846,0.6365943050465181,,,0.3910089551446215,
76863,2018,2,0.1442907512883103,0.8096013018714402,,,0.1626413691171673,
76869,2002,1,0.15965008201202843,0.655002733734281,,,,
76869,2006,1,0.3016045689420723,0.5942344302420451,,0.1419544869300439,-0.06076830349223583,
76869,2010,1,0.07248157248157248,0.2606879606879607,,-0.22912299646049983,-0.33354646955408446,
76869,2010,2,,0.6246893123446562,,,,
76869,2014,1,,0.09850275807722617,,,-0.16218520261073452,
76869,2014,2,,0.41395457738234603,,,-0.21073473496231016,
76869,2018,1,0.2448749294715065,0.46323114538273463,,,0.3647283873055085,
76869,2018,2,0.4137995512341062,0.543567688855647,,,0.12961311147330096,
76890,2002,1,0.2989354768629155,0.527047577666739,,,,
76890,2006,1,0.2557741659538067,0.5804106073567151,,-0.043161310909108797,0.05336302968997608,
76890,2010,1,0.07050257503107796,0.4009944947611437,,-0.18527159092272874,-0.17941611259557144,
76890,2010,2,,0.6336477987421384,,,,
76890,2014,1,,0.1970281744500193,,,-0.20396632031112438,
76890,2014,2,,0.3356379635449403,,,-0.2980098351971981,
76890,2018,1,0.2137240886347391,0.3117941386704789,,,0.1147659642204596,
76890,2018,2,0.45550351288056207,0.4702868852459016,,,0.13464892170096132,
76892,2002,1,0.24281150159744408,0.5028827439315486,,,,
76892,2006,1,0.4466249490872737,0.41700299922242384,,0.2038134474898296,-0.0858797447091248,
76892,2010,1,0.18442272291218337,0.2414374238377972,,-0.2622022261750903,-0.17556557538462664,
76892,2010,2,,0.51229811367279,,,,
76892,2014,1,,0.11280018253379727,,,-0.12863724130399995,
76892,2014,2,,0.2219638306820712,,,-0.2903342829907188,
76892,2018,1,0.4196671884965501,0.19800545022322724,,,0.08520526768942997,
76892,2018,2,0.6361674411370132,0.3071374409425855,,,0.08517361026051429,
76895,2002,1,0.3,0.49806451612903224,,,,
76895,2006,1,0.3613652637441324,0.4379823374970165,,0.061365263744132426,-0.06008217863201576,
76895,2010,1,0.1232876712328767,0.31111565460369384,,-0.2380775925112557,-0.12686668289332265,
76895,2010,2,,0.5624720774385704,,,,
76895,2014,1,,0.12889971085070764,,,-0.1822159437529862,
76895,2014,2,,0.23873628039536718,,,-0.3237357970432032,
76895,2018,1,0.33746729461015174,0.21093668236525379,,,0.08203697151454614,
76895,2018,2,0.5849608355091384,0.3551436031331593,,,0.11640732273779211,
81001,2002,1,0.2522633744855967,0.6210562414266118,,,,
81001,2006,1,0.14909821512008223,0.7672180170077563,,-0.10316515936551449,0.14616177558114452,
81001,2010,1,0.02825413613356501,0.638626577018962,,-0.12084407898651722,-0.1285914399887943,
81001,2010,2,,0.788956009913259,,,,
81001,2014,1,,0.5515536439281263,,,-0.08707293309083564,
81001,2014,2,,0.6486835839172733,,,-0.14027242599598566,
81001,2018,1,0.0754458545312238,0.6865880248224968,,,0.13503438089437048,
81001,2018,2,0.15296626599457153,0.8000886279288761,,,0.15140504401160282,
81065,2002,1,0.45322245322245325,0.16268191268191268,,,,
81065,2006,1,0.6111498257839721,0.275725900116144,,0.1579273725615189,0.11304398743423133,
81065,2010,1,0.16750874465604354,0.3235522736105713,,-0.4436410811279286,0.04782637349442731,
81065,2010,2,,0.5285597715218279,,,,
81065,2014,1,,0.20727321166910884,,,-0.11627906194146248,
81065,2014,2,,0.2203123636680918,,,-0.30824740785373606,
81065,2018,1,0.3950189953566906,0.3448712536935416,,,0.13759804202443277,
81065,2018,2,0.5303030303030303,0.4103469932485477,,,0.1900346295804559,
81220,2002,1,0.2603211009174312,0.5172018348623854,,,,
81220,2006,1,0.07219251336898395,0.8502673796791443,,-0.18812858754844725,0.333065544816759,
81220,2010,1,0.02304964539007092,0.8306737588652482,,-0.049142867978913034,-0.01959362081389615,
81220,2010,2,,0.9000839630562553,,,,
81220,2014,1,,0.6120434353405726,,,-0.2186303235246756,
81220,2014,2,,0.5594091201027617,,,-0.3406748429534936,
81220,2018,1,0.1301169590643275,0.7222222222222222,,,0.11017878688164962,
81220,2018,2,0.08366533864541832,0.8791500664010624,,,0.31974094629830074,
81300,2002,1,0.5444839857651246,0.11981020166073547,,,,
81300,2006,1,0.6822523881347411,0.20110608345902464,,0.13776840236961652,0.08129588179828917,
81300,2010,1,0.2616487455197133,0.25412186379928314,,-0.4206036426150278,0.0530157803402585,
81300,2010,2,,0.46952595936794583,,,,
81300,2014,1,,0.17352146502551785,,,-0.08060039877376529,
81300,2014,2,,0.18759904912836767,,,-0.28192691023957817,
81300,2018,1,0.413177217701925,0.3038301250248065,,,0.13030865999928865,
81300,2018,2,0.6171753750646664,0.32281427832384896,,,0.1352152291954813,
81591,2002,1,0.2998833138856476,0.5110851808634772,,,,
81591,2006,1,0.05102040816326531,0.8849721706864564,,-0.2488629057223823,0.3738869898229792,
81591,2010,1,0.003469210754553339,0.7875108412836079,,-0.04755119740871197,-0.09746132940284846,
81591,2010,2,,0.9207419898819561,,,,
81591,2014,1,,0.6411609498680739,,,-0.146349891415534,
81591,2014,2,,0.6326923076923077,,,-0.28804968218964844,
81591,2018,1,0.04542626011200996,0.7927815805849409,,,0.15162063071686693,
81591,2018,2,0.09383832673827021,0.8784624081401922,,,0.2457701004478845,
81736,2002,1,0.44114814101329225,0.29262184550183007,,,,
81736,2006,1,0.31831929142363363,0.5603802117087924,,-0.12282884958965862,0.2677583662069623,
81736,2010,1,0.12192752355970077,0.4793549013892937,,-0.19639176786393286,-0.08102531031949867,
81736,2010,2,,0.6786177105831533,,,,
81736,2014,1,,0.32951233728385465,,,-0.14984256410543906,
81736,2014,2,,0.3837920489296636,,,-0.2948256616534897,
81736,2018,1,0.25926595552341347,0.46610016271921895,,,0.1365878254353643,
81736,2018,2,0.3979002624671916,0.5376494604841061,,,0.1538574115544425,
81794,2002,1,0.2791651136787179,0.5121133060007454,,,,
81794,2006,1,0.2130156042095077,0.6985605419136325,,-0.0661495094692102,0.18644723591288703,
81794,2010,1,0.06573359073359074,0.6893822393822394,,-0.14728201347591696,-0.009178302531393068,
81794,2010,2,,0.8033036296457292,,,,
81794,2014,1,,0.45368282600526116,,,-0.23569941337697825,
81794,2014,2,,0.44811820832228993,,,-0.3551854213234393,
81794,2018,1,0.21749828336003663,0.5462920576791027,,,0.09260923167384155,
81794,2018,2,0.32327562815433875,0.6245183697834699,,,0.17640016146117993,
85001,2002,1,0.28454619787408014,0.5282910874897793,,,,
85001,2006,1,0.12182023742227246,0.7739966082532505,,-0.16272596045180768,0.24570552076347119,
85001,2010,1,0.031933084735985495,0.6760543068460413,,-0.08988715268628697,-0.09794230140720916,
85001,2010,2,,0.7843501036778348,,,,
85001,2014,1,,0.5230787795901128,,,-0.15297552725592845,
85001,2014,2,,0.7480013142043588,,,-0.03634878947347597,
85001,2018,1,0.13262347936817578,0.517963098431277,,,-0.005115681158835872,
85001,2018,2,0.27725974462365593,0.6679407482078853,,,-0.08006056599647349,
85010,2002,1,0.28140912397381274,0.46742180193286914,,,,
85010,2006,1,0.08133653925876792,0.8165160434458171,,-0.2000725847150448,0.34909424151294793,
85010,2010,1,0.0232202447163515,0.7153086763070078,,-0.05811629454241642,-0.10120736713880929,
85010,2010,2,,0.8253859609095748,,,,
85010,2014,1,,0.4848808253290644,,,-0.23042785097794338,
85010,2014,2,,0.7131757639070253,,,-0.11221019700254953,
85010,2018,1,0.1474181295554871,0.5514834205933682,,,0.06660259526430379,
85010,2018,2,0.2584868803125495,0.6699223905812787,,,-0.043253373325746636,
85015,2002,1,0.6258992805755396,0.07913669064748201,,,,
85015,2006,1,0.029827315541601257,0.9120879120879121,,-0.5960719650339383,0.8329512214404301,
85015,2010,1,0.009184845005740528,0.8817451205510907,,-0.020642470535860727,-0.0303427915368214,
85015,2010,2,,0.9413118527042578,,,,
85015,2014,1,,0.5160523186682521,,,-0.3656928018828386,
85015,2014,2,,0.6189967982924226,,,-0.32231505441183517,
85015,2018,1,0.1543921916592724,0.6583850931677019,,,0.1423327744994498,
85015,2018,2,0.21637426900584794,0.7535505430242272,,,0.1345537447318046,
85125,2002,1,0.28401122019635344,0.49158485273492286,,,,
85125,2006,1,0.0444104134762634,0.8625574272588055,,-0.23960080672009004,0.3709725745238826,
85125,2010,1,0.013278855975485188,0.8409090909090909,,-0.03113155750077821,-0.021648336349714525,
85125,2010,2,,0.8862660944206009,,,,
85125,2014,1,,0.7227632379793062,,,-0.11814585292978474,
85125,2014,2,,0.8128715430343758,,,-0.07339455138622508,
85125,2018,1,0.12534883720930232,0.7637209302325582,,,0.040957692253251965,
85125,2018,2,0.14380825565912117,0.8320017754105636,,,0.019130232376187828,
85136,2002,1,0.0,0.0,,,,
85136,2006,1,0.11333333333333333,0.48333333333333334,,0.11333333333333333,0.48333333333333334,
85136,2010,1,0.12183908045977011,0.3080459770114943,,0.008505747126436786,-0.17528735632183906,
85136,2010,2,,0.5435779816513762,,,,
85136,2014,1,,0.3297587131367292,,,0.021712736125234944,
85136,2014,2,,0.36992840095465396,,,-0.1736495806967222,
85136,2018,1,0.4594017094017094,0.14102564102564102,,,-0.1887330721110882,
85136,2018,2,0.6877729257641921,0.2554585152838428,,,-0.11446988567081118,
85139,2002,1,0.4905008635578584,0.30362694300518134,,,,
85139,2006,1,0.09064748201438849,0.7764028776978418,,-0.3998533815434699,0.47277593469266044,
85139,2010,1,0.030762835169403452,0.7630430263978383,,-0.05988464684498504,-0.0133598513000035,
85139,2010,2,,0.8460863845647885,,,,
85139,2014,1,,0.6130698405569279,,,-0.14997318584091035,
85139,2014,2,,0.7702463054187192,,,-0.07584007914606927,
85139,2018,1,0.12402049427365883,0.6434599156118144,,,0.030390075054886445,
85139,2018,2,0.194335643266044,0.7603193733052124,,,-0.009926932113506814,
85162,2002,1,0.20294926268432892,0.6315921019745063,,,,
85162,2006,1,0.0695970695970696,0.8706501831501832,,-0.13335219308725932,0.23905808117567684,
85162,2010,1,0.023853211009174313,0.796697247706422,,-0.045743858587895286,-0.07395293544376114,
85162,2010,2,,0.8749511527940602,,,,
85162,2014,1,,0.49759743726641753,,,-0.2990998104400045,
85162,2014,2,,0.718296224588577,,,-0.1566549282054832,
85162,2018,1,0.12712314225053079,0.5830679405520169,,,0.08547050328559941,
85162,2018,2,0.24947559781848694,0.6912319955251014,,,-0.02706422906347561,
85225,2002,1,0.3683716564992961,0.3932426091037072,,,,
85225,2006,1,0.047335319430652105,0.8288646143661039,,-0.321036337068644,0.43562200526239675,
85225,2010,1,0.016163793103448277,0.8564116379310345,,-0.031171526327203828,0.02754702356493055,
85225,2010,2,,0.9105405405405406,,,,
85225,2014,1,,0.704216285806244,,,-0.15219535212479052,
85225,2014,2,,0.8306406685236769,,,-0.07989987201686366,
85225,2018,1,0.05835211620335587,0.759328825444528,,,0.055112539638284,
85225,2018,2,0.11961023142509135,0.8496954933008526,,,0.019054824777175683,
85230,2002,1,0.4854111405835544,0.2917771883289125,,,,
85230,2006,1,0.11471610660486674,0.7663190421011974,,-0.37069503397868764,0.4745418537722849,
85230,2010,1,0.016067776803973123,0.8007595676307333,,-0.09864832980089361,0.034440525529535915,
85230,2010,2,,0.8525438344351826,,,,
85230,2014,1,,0.5358312113495817,,,-0.26492835628115163,
85230,2014,2,,0.7261462205700124,,,-0.12639761386517012,
85230,2018,1,0.14715719063545152,0.6915910176779742,,,0.15575980632839248,
85230,2018,2,0.20919484310386768,0.7533446849914862,,,0.027198464421473778,
85250,2002,1,0.4410134600158353,0.3654790182106097,,,,
85250,2006,1,0.05955710955710956,0.841025641025641,,-0.3814563504587257,0.47554662281503135,
85250,2010,1,0.01906458797327394,0.8303786191536748,,-0.040492521583835615,-0.0106470218719662,
85250,2010,2,,0.8964204802899864,,,,
85250,2014,1,,0.711825487944891,,,-0.11855313120878386,
85250,2014,2,,0.8388168557536467,,,-0.057603624536339715,
85250,2018,1,0.09507874015748032,0.7498687664041995,,,0.03804327845930855,
85250,2018,2,0.14463502708279596,0.8211890637090534,,,-0.017627792044593305,
85263,2002,1,0.48148148148148145,0.2843488649940263,,,,
85263,2006,1,0.06675874769797421,0.7969613259668509,,-0.4147227337835072,0.5126124609728246,
85263,2010,1,0.011468620579802484,0.8540936604014017,,-0.05529012711817173,0.05713233443455079,
85263,2010,2,,0.9014729950900163,,,,
85263,2014,1,,0.7070739549839228,,,-0.14701970541747889,
85263,2014,2,,0.8207597645799893,,,-0.08071323051002699,
85263,2018,1,0.08494718309859155,0.7790492957746479,,,0.0719753407907251,
85263,2018,2,0.12422625400213447,0.8490928495197438,,,0.028333084939754505,
85279,2002,1,0.0,0.0,,,,
85279,2006,1,0.060955518945634266,0.7874794069192751,,0.060955518945634266,0.7874794069192751,
85279,2010,1,0.027446300715990454,0.7494033412887828,,-0.03350921822964381,-0.03807606563049226,
85279,2010,2,,0.8597785977859779,,,,
85279,2014,1,,0.496875,,,-0.2525283412887828,
85279,2014,2,,0.621903520208605,,,-0.23787507757737292,
85279,2018,1,0.1857707509881423,0.5915678524374176,,,0.0946928524374176,
85279,2018,2,0.23773584905660378,0.7220125786163522,,,0.1001090584077472,
85300,2002,1,0.3076305220883534,0.5004016064257029,,,,
85300,2006,1,0.07523066004258339,0.8360539389638041,,-0.23239986204577,0.33565233253810123,
85300,2010,1,0.015815085158150853,0.7700729927007299,,-0.05941557488443253,-0.06598094626307416,
85300,2010,2,,0.8539184952978056,,,,
85300,2014,1,,0.5252945252945252,,,-0.24477846740620468,
85300,2014,2,,0.639375,,,-0.2145434952978056,
85300,2018,1,0.12492563950029745,0.6014277215942891,,,0.0761331962997639,
85300,2018,2,0.21506024096385543,0.7457831325301205,,,0.10640813253012049,
85315,2002,1,0.0,0.0,,,,
85315,2006,1,0.3364485981308411,0.5023364485981309,,0.3364485981308411,0.5023364485981309,
85315,2010,1,0.07521367521367521,0.37606837606837606,,-0.2612349229171659,-0.1262680725297548,
85315,2010,2,,0.5474452554744526,,,,
85315,2014,1,,0.2129817444219067,,,-0.16308663164646936,
85315,2014,2,,0.3126934984520124,,,-0.23475175702244017,
85315,2018,1,0.5043988269794721,0.3020527859237537,,,0.08907104150184697,
85315,2018,2,0.5994436717663422,0.3574408901251738,,,0.04474739167316144,
85325,2002,1,0.5871453387376955,0.22235089751013318,,,,
85325,2006,1,0.03829225352112676,0.8617957746478874,,-0.5488530852165687,0.6394448771377542,
85325,2010,1,0.009231783712495879,0.8654797230464887,,-0.02906046980863088,0.003683948398601311,
85325,2010,2,,0.9099541584806811,,,,
85325,2014,1,,0.7148692810457516,,,-0.15061044200073703,
85325,2014,2,,0.8418557399254994,,,-0.06809841855518162,
85325,2018,1,0.06954835134386257,0.7583818232197285,,,0.04351254217397682,
85325,2018,2,0.1143317230273752,0.855072463768116,,,0.013216723842616518,
85400,2002,1,0.33296703296703295,0.3934065934065934,,,,
85400,2006,1,0.07793633369923161,0.7178924259055982,,-0.2550306992678013,0.3244858324990048,
85400,2010,1,0.007453416149068323,0.8115942028985508,,-0.0704829175501633,0.09370177699295257,
85400,2010,2,,0.9003601440576231,,,,
85400,2014,1,,0.6472134595162986,,,-0.16438074338225217,
85400,2014,2,,0.7867059318468658,,,-0.11365421221075733,
85400,2018,1,0.09696491919590067,0.7288135593220338,,,0.08160009980573524,
85400,2018,2,0.1461880088823094,0.8242042931162102,,,0.03749836126934447,
85410,2002,1,0.27150304083405735,0.5349695916594266,,,,
85410,2006,1,0.051945765099489345,0.8809649586194752,,-0.219557275734568,0.3459953669600486,
85410,2010,1,0.027640539457871545,0.8107891574308986,,-0.0243052256416178,-0.07017580118857658,
85410,2010,2,,0.8875665079809577,,,,
85410,2014,1,,0.5627177700348432,,,-0.2480713873960554,
85410,2014,2,,0.7661916348047735,,,-0.12137487317618423,
85410,2018,1,0.11947870200297385,0.6147992652847022,,,0.052081495249858945,
85410,2018,2,0.2213478064224333,0.7197648123021257,,,-0.046426822502647735,
85430,2002,1,0.6436026285272517,0.19482025512176265,,,,
85430,2006,1,0.05937328202308961,0.840021990104453,,-0.5842293465041621,0.6452017349826904,
85430,2010,1,0.018173950670705322,0.8509303331890956,,-0.041199331352384294,0.010908343084642613,
85430,2010,2,,0.8988335100742312,,,,
85430,2014,1,,0.7221377912867275,,,-0.1287925419023681,
85430,2014,2,,0.834736193800041,,,-0.06409731627419013,
85430,2018,1,0.08933505249585559,0.7496776570270768,,,0.02753986574034928,
85430,2018,2,0.1383111111111111,0.8272,,,-0.007536193800041002,
85440,2002,1,0.3481105840013087,0.4024210698511369,,,,
85440,2006,1,0.11084905660377359,0.7547169811320755,,-0.2372615273975351,0.3522959112809386,
85440,2010,1,0.029050517996368687,0.72936024778383,,-0.08179853860740491,-0.025356733348245508,
85440,2010,2,,0.8363159694517269,,,,
85440,2014,1,,0.45253128228676387,,,-0.27682896549706615,
85440,2014,2,,0.6935368956743002,,,-0.1427790737774267,
85440,2018,1,0.14275677954194183,0.5823380637909231,,,0.12980678150415925,
85440,2018,2,0.23689574839836924,0.6974373907979033,,,0.0039004951236031316,
86001,2002,1,0.34084995663486556,0.49572543674885394,,,,
86001,2006,1,0.20398832684824902,0.6150778210116732,,-0.13686162978661653,0.11935238426281924,
86001,2010,1,0.13836242415162184,0.27709940819537043,,-0.06562590269662719,-0.33797841281630275,
86001,2010,2,,0.45426074289876184,,,,
86001,2014,1,,0.18479938271604937,,,-0.09230002547932106,
86001,2014,2,,0.38227297444263186,,,-0.07198776845612997,
86001,2018,1,0.5366389455515456,0.24739787645797373,,,0.06259849374192436,
86001,2018,2,0.6608518886209994,0.3003829244078854,,,-0.08189005003474648,
86219,2002,1,0.4395527603074773,0.42557651991614254,,,,
86219,2006,1,0.16387959866220736,0.6309921962095875,,-0.27567316164526995,0.20541567629344493,
86219,2010,1,0.1379657603222558,0.28700906344410876,,-0.02591383833995156,-0.3439831327654787,
86219,2010,2,,0.564977420973407,,,,
86219,2014,1,,0.1949616648411829,,,-0.09204739860292585,
86219,2014,2,,0.4158241758241758,,,-0.14915324514923117,
86219,2018,1,0.4549431321084864,0.3223972003499563,,,0.12743553550877337,
86219,2018,2,0.5614448370632116,0.4028268551236749,,,-0.012997320700500914,
86320,2002,1,0.4512165151142787,0.2676333251413124,,,,
86320,2006,1,0.5967375886524823,0.22950354609929077,,0.1455210735382036,-0.03812977904202161,
86320,2010,1,0.4952526465131507,0.09702062643239114,,-0.10148494213933157,-0.13248291966689962,
86320,2010,2,,0.19637280807110258,,,,
86320,2014,1,,0.09435965494359655,,,-0.0026609714887945862,
86320,2014,2,,0.14352505292872264,,,-0.05284775514237994,
86320,2018,1,0.7604565650375363,0.09345794392523364,,,-0.0009017110183629079,
86320,2018,2,0.8487560786524773,0.12615406300655438,,,-0.017370989922168262,
86568,2002,1,0.27328778536910514,0.49975004165972337,,,,
86568,2006,1,0.3852491961414791,0.41519292604501606,,0.11196141077237398,-0.0845571156147073,
86568,2010,1,0.2068326082305114,0.2457028742600385,,-0.17841658791096773,-0.16949005178497756,
86568,2010,2,,0.37685438039707725,,,,
86568,2014,1,,0.20339132738673496,,,-0.042311546873303546,
86568,2014,2,,0.34424956313507216,,,-0.03260481726200509,
86568,2018,1,0.5140432410587997,0.2537381289149323,,,0.050346801528197344,
86568,2018,2,0.6387153887768652,0.3085624354497615,,,-0.03568712768531068,
86569,2002,1,0.4092465753424658,0.3167808219178082,,,,
86569,2006,1,0.27438731379144643,0.2623738587217684,,-0.13485926155101935,-0.054406963196039826,
86569,2010,1,0.3957377049180328,0.11081967213114755,,0.12135039112658635,-0.15155418659062084,
86569,2010,2,,0.2648809523809524,,,,
86569,2014,1,,0.07177937287495277,,,-0.039040299256194774,
86569,2014,2,,0.13054629392151834,,,-0.13433465845943404,
86569,2018,1,0.739058039961941,0.09847764034253093,,,0.026698267467578154,
86569,2018,2,0.827652733118971,0.12990353697749196,,,-0.0006427569440263792,
86571,2002,1,0.31738623103850644,0.43173862310385064,,,,
86571,2006,1,0.16272727272727272,0.6427272727272727,,-0.15465895831123372,0.21098864962342206,
86571,2010,1,0.08680403331871986,0.417360806663744,,-0.07592323940855286,-0.22536646606352873,
86571,2010,2,,0.6553030303030303,,,,
86571,2014,1,,0.2507076425394258,,,-0.1666531641243182,
86571,2014,2,,0.3570827489481066,,,-0.2982202813549237,
86571,2018,1,0.5154195011337869,0.2931972789115646,,,0.04248963637213882,
86571,2018,2,0.5895677472984207,0.36783042394014964,,,0.010747674992043044,
86573,2002,1,0.2744186046511628,0.5700258397932817,,,,
86573,2006,1,0.20250759878419453,0.6683130699088146,,-0.07191100586696828,0.09828723011553286,
86573,2010,1,0.07963875205254516,0.5914066776135741,,-0.12286884673164937,-0.07690639229524043,
86573,2010,2,,0.7344376168848518,,,,
86573,2014,1,,0.3834920634920635,,,-0.20791461412151063,
86573,2014,2,,0.5072899791714881,,,-0.22714763771336366,
86573,2018,1,0.31420765027322406,0.5329820452771272,,,0.14948998178506373,
86573,2018,2,0.38667606626718365,0.5743743390905887,,,0.06708435991910056,
86749,2002,1,0.3612938596491228,0.43585526315789475,,,,
86749,2006,1,0.2642192347466391,0.5899689762150983,,-0.0970746249024837,0.1541137130572035,
86749,2010,1,0.2011993382961125,0.25578990901571547,,-0.06301989645052661,-0.3341790671993828,
86749,2010,2,,0.4511742892459827,,,,
86749,2014,1,,0.16550441655044165,,,-0.09028549246527381,
86749,2014,2,,0.3812652524873287,,,-0.06990903675865401,
86749,2018,1,0.48980335032774946,0.2771303714493809,,,0.11162595489893926,
86749,2018,2,0.6226563730896486,0.3412635890972113,,,-0.0400016633901174,
86755,2002,1,0.3306797305572566,0.5076546233925291,,,,
86755,2006,1,0.1717171717171717,0.7075517075517076,,-0.15896255884008487,0.1998970841591785,
86755,2010,1,0.1343632958801498,0.3169475655430712,,-0.037353875837021905,-0.3906041420086364,
86755,2010,2,,0.6000903750564844,,,,
86755,2014,1,,0.1874032008260196,,,-0.12954436471705158,
86755,2014,2,,0.4108,,,-0.18929037505648444,
86755,2018,1,0.37799909461294706,0.3775464010864645,,,0.19014320026044487,
86755,2018,2,0.49981556621173,0.4533382515676872,,,0.0425382515676872,
86757,2002,1,0.32516703786191536,0.36674090571640683,,,,
86757,2006,1,0.6902621722846441,0.10861423220973783,,0.3650951344227288,-0.258126673506669,
86757,2010,1,0.4510972636141967,0.06366838255215389,,-0.23916490867044743,-0.04494584965758394,
86757,2010,2,,0.22905982905982905,,,,
86757,2014,1,,0.04750982961992136,,,-0.016158552932232527,
86757,2014,2,,0.06974753958065896,,,-0.1593122894791701,
86757,2018,1,0.7986407766990291,0.08893203883495146,,,0.0414222092150301,
86757,2018,2,0.8681609601129545,0.1048358630427109,,,0.03508832346205194,
86760,2002,1,0.5053492762743864,0.30899937067337946,,,,
86760,2006,1,0.25061546036435256,0.5578532742491383,,-0.25473381591003386,0.24885390357575887,
86760,2010,1,0.08205590622182146,0.36203787195671777,,-0.1685595541425311,-0.19581540229242056,
86760,2010,2,,0.5485533095521204,,,,
86760,2014,1,,0.12958963282937366,,,-0.2324482391273441,
86760,2014,2,,0.37098039215686274,,,-0.1775729173952577,
86760,2018,1,0.5948242564696794,0.24488219389725763,,,0.11529256106788396,
86760,2018,2,0.613941018766756,0.3495308310991957,,,-0.021449561057667044,
86865,2002,1,0.4282094594594595,0.22508445945945946,,,,
86865,2006,1,0.681612505141917,0.103112573700809,,0.2534030456824575,-0.12197188575865046,
86865,2010,1,0.5150295857988165,0.05668639053254438,,-0.16658291934310043,-0.04642618316826461,
86865,2010,2,,0.191931376491087,,,,
86865,2014,1,,0.052659860290166574,,,-0.004026530242377806,
86865,2014,2,,0.07251381215469613,,,-0.11941756433639086,
86865,2018,1,0.8027122743370476,0.07480348967780945,,,0.022143629387642874,
86865,2018,2,0.8758507585075851,0.1001230012300123,,,0.027609189075316176,
86885,2002,1,0.40458015267175573,0.4507451835696111,,,,
86885,2006,1,0.2072948328267477,0.5282674772036474,,-0.19728531984500802,0.07752229363403634,
86885,2010,1,0.14180876322037556,0.3034750701489316,,-0.06548606960637215,-0.22479240705471581,
86885,2010,2,,0.503764250376425,,,,
86885,2014,1,,0.2544817638574078,,,-0.04899330629152382,
86885,2014,2,,0.43487924136909173,,,-0.0688850090073333,
86885,2018,1,0.4392684610075914,0.3364389233954451,,,0.08195715953803734,
86885,2018,2,0.5580404685835996,0.3812566560170394,,,-0.05362258535205233,
88001,2002,1,0.4745566692367001,0.43041634541249035,,,,
88001,2006,1,0.1338008926131706,0.5351124874760907,,-0.3407557766235295,0.1046961420636004,
88001,2010,1,0.04740662993090178,0.5151753695443015,,-0.08639426268226882,-0.019937117931789206,
88001,2010,2,,0.7089013632718525,,,,
88001,2014,1,,0.3027825398918634,,,-0.21239282965243816,
88001,2014,2,,0.42748795736394385,,,-0.28141340590790864,
88001,2018,1,0.19244728655375043,0.42939854821984097,,,0.1266160083279776,
88001,2018,2,0.3526570048309179,0.6026389790179537,,,0.17515102165400986,
88564,2002,1,0.5527272727272727,0.3236363636363636,,,,
88564,2006,1,0.06,0.5555555555555556,,-0.49272727272727274,0.23191919191919197,
88564,2010,1,0.023758099352051837,0.45680345572354214,,-0.03624190064794816,-0.09875209983201344,
88564,2010,2,,0.6132368148914168,,,,
88564,2014,1,,0.29697525206232817,,,-0.15982820366121397,
88564,2014,2,,0.4458128078817734,,,-0.16742400700964338,
88564,2018,1,0.11185308848080133,0.6026711185308848,,,0.3056958664685567,
88564,2018,2,0.28231046931407944,0.6823104693140795,,,0.23649766143230605,
91001,2002,1,0.4594763742568061,0.41618858871388337,,,,
91001,2006,1,0.32540967024074446,0.45154764313170137,,-0.13406670401606163,0.035359054417818,
91001,2010,1,0.0834857808082488,0.4275735905538001,,-0.24192388943249565,-0.02397405257790125,
91001,2010,2,,0.5971203957247593,,,,
91001,2014,1,,0.35038409399005876,,,-0.07718949656374136,
91001,2014,2,,0.5612857368504186,,,-0.035834658874340675,
91001,2018,1,0.26244934404835496,0.42200700597568513,,,0.07162291198562637,
91001,2018,2,0.4222911000063255,0.539945600607249,,,-0.02134013624316955,
91263,2002,1,0.3058823529411765,0.49411764705882355,,,,
91263,2006,1,0.3769230769230769,0.4,,0.07104072398190042,-0.09411764705882353,
91263,2010,1,0.02575107296137339,0.21888412017167383,,-0.3511720039617035,-0.1811158798283262,
91263,2010,2,,0.4247104247104247,,,,
91263,2014,1,,0.2616822429906542,,,0.04279812281898035,
91263,2014,2,,0.4819277108433735,,,0.0572172861329488,
91263,2018,1,0.6168831168831169,0.16233766233766234,,,-0.09934458065299184,
91263,2018,2,0.6114864864864865,0.3614864864864865,,,-0.12044122435688698,
91405,2002,1,0.4166666666666667,0.5,,,,
91405,2006,1,0.5981735159817352,0.2237442922374429,,0.1815068493150685,-0.2762557077625571,
91405,2010,1,0.2021978021978022,0.11428571428571428,,-0.395975713783933,-0.10945857795172863,
91405,2010,2,,0.3806146572104019,,,,
91405,2014,1,,0.27111984282907664,,,0.15683412854336237,
91405,2014,2,,0.29817444219066935,,,-0.08244021501973253,
91405,2018,1,0.831858407079646,0.07787610619469026,,,-0.19324373663438638,
91405,2018,2,0.8561278863232682,0.13854351687388988,,,-0.15963092531677947,
91407,2002,1,0.5454545454545454,0.16666666666666666,,,,
91407,2006,1,0.16129032258064516,0.40860215053763443,,-0.3841642228739003,0.24193548387096778,
91407,2010,1,0.014778325123152709,0.18226600985221675,,-0.14651199745749244,-0.22633614068541769,
91407,2010,2,,0.3191489361702128,,,,
91407,2014,1,,0.25806451612903225,,,0.0757985062768155,
91407,2014,2,,0.33689839572192515,,,0.017749459551712365,
91407,2018,1,0.6493506493506493,0.09090909090909091,,,-0.16715542521994134,
91407,2018,2,0.7309236947791165,0.26506024096385544,,,-0.0718381547580697,
91430,2002,1,0.0,0.0,,,,
91430,2006,1,0.75,0.0,,0.75,0.0,
91430,2010,1,0.3333333333333333,0.3333333333333333,,-0.4166666666666667,0.3333333333333333,
91430,2010,2,,0.3333333333333333,,,,
91430,2014,1,,0.3333333333333333,,,0.0,
91430,2014,2,,0.5,,,0.16666666666666669,
91430,2018,1,0.7368421052631579,0.10526315789473684,,,-0.22807017543859648,
91430,2018,2,0.6470588235294118,0.29411764705882354,,,-0.20588235294117646,
91460,2002,1,0.5,0.5,,,,
91460,2006,1,0.35294117647058826,0.17647058823529413,,-0.14705882352941174,-0.32352941176470584,
91460,2010,1,,0.2222222222222222,,,0.04575163398692808,
91460,2010,2,,0.36363636363636365,,,,
91460,2014,1,,0.058823529411764705,,,-0.1633986928104575,
91460,2014,2,,0.12,,,-0.24363636363636365,
91460,2018,1,0.7662337662337663,0.05194805194805195,,,-0.006875477463712754,
91460,2018,2,0.8571428571428571,0.14285714285714285,,,0.022857142857142854,
91530,2002,1,0.4,0.6,,,,
91530,2006,1,0.375,0.5,,-0.025000000000000022,-0.09999999999999998,
91530,2010,1,0.0851063829787234,0.19148936170212766,,-0.2898936170212766,-0.30851063829787234,
91530,2010,2,,0.29411764705882354,,,,
91530,2014,1,,0.07936507936507936,,,-0.1121242823370483,
91530,2014,2,,0.3548387096774194,,,0.060721062618595834,
91530,2018,1,0.41333333333333333,0.4533333333333333,,,0.37396825396825395,
91530,2018,2,0.547945205479452,0.4383561643835616,,,0.08351745470614225,
91536,2002,1,0.2,0.5,,,,
91536,2006,1,0.3620689655172414,0.46551724137931033,,0.16206896551724137,-0.03448275862068967,
91536,2010,1,0.017699115044247787,0.11504424778761062,,-0.3443698504729936,-0.3504729935916997,
91536,2010,2,,0.37894736842105264,,,,
91536,2014,1,,0.08270676691729323,,,-0.03233748087031739,
91536,2014,2,,0.3949579831932773,,,0.01601061477222465,
91536,2018,1,0.6712328767123288,0.2191780821917808,,,0.13647131527448758,
91536,2018,2,0.5793103448275863,0.4,,,0.005042016806722727,
91540,2002,1,0.6258992805755396,0.29136690647482016,,,,
91540,2006,1,0.2064186725018235,0.12691466083150985,,-0.41948060807371607,-0.16445224564331032,
91540,2010,1,0.1093847110006215,0.19390926041019266,,-0.097033961501202,0.06699459957868281,
91540,2010,2,,0.3645524599881446,,,,
91540,2014,1,,0.14805023132848646,,,-0.04585902908170619,
91540,2014,2,,0.44351230425055926,,,0.07895984426241465,
91540,2018,1,0.43926701570680626,0.34083769633507854,,,0.19278746500659208,
91540,2018,2,0.5645463049579046,0.4087932647333957,,,-0.03471903951716354,
91669,2002,1,0.29411764705882354,0.4117647058823529,,,,
91669,2006,1,0.2727272727272727,0.6136363636363636,,-0.021390374331550832,0.20187165775401072,
91669,2010,1,0.07065217391304347,0.3532608695652174,,-0.20207509881422925,-0.26037549407114624,
91669,2010,2,,0.5117647058823529,,,,
91669,2014,1,,0.3474576271186441,,,-0.00580324244657332,
91669,2014,2,,0.39664804469273746,,,-0.11511666118961544,
91669,2018,1,0.5059523809523809,0.16071428571428573,,,-0.18674334140435836,
91669,2018,2,0.6927710843373494,0.2891566265060241,,,-0.10749141818671337,
91798,2002,1,0.4594594594594595,0.30405405405405406,,,,
91798,2006,1,0.40225563909774437,0.38345864661654133,,-0.05720382036171512,0.07940459256248728,
91798,2010,1,0.14634146341463414,0.2229965156794425,,-0.25591417568311026,-0.16046213093709882,
91798,2010,2,,0.5282392026578073,,,,
91798,2014,1,,0.19505494505494506,,,-0.027941570624497453,
91798,2014,2,,0.271264367816092,,,-0.25697483484171535,
91798,2018,1,0.4702702702702703,0.25675675675675674,,,0.06170181170181169,
91798,2018,2,0.6342592592592593,0.33796296296296297,,,0.06669859514687099,
94001,2002,1,0.44670889562104105,0.40319471220049574,,,,
94001,2006,1,0.30987246102975907,0.5276334435521965,,-0.13683643459128197,0.1244387313517008,
94001,2010,1,0.04863013698630137,0.4768835616438356,,-0.2612423240434577,-0.05074988190836094,
94001,2010,2,,0.6608416547788873,,,,
94001,2014,1,,0.32035106966538673,,,-0.15653249197844887,
94001,2014,2,,0.4351661276095266,,,-0.22567552716936073,
94001,2018,1,0.18822822822822824,0.42726726726726727,,,0.10691619760188054,
94001,2018,2,0.36316256376136613,0.5905965846085607,,,0.15543045699903407,
94343,2002,1,0.22018348623853212,0.5321100917431193,,,,
94343,2006,1,0.1259259259259259,0.6814814814814815,,-0.09425756031260621,0.14937138973836217,
94343,2010,1,0.009316770186335404,0.391304347826087,,-0.1166091557395905,-0.2901771336553945,
94343,2010,2,,0.4266304347826087,,,,
94343,2014,1,,0.1328125,,,-0.258491847826087,
94343,2014,2,,0.3463414634146341,,,-0.08028897136797458,
94343,2018,1,0.6074450084602369,0.1116751269035533,,,-0.0211373730964467,
94343,2018,2,0.7958883994126285,0.1762114537444934,,,-0.17013000967014072,
94663,2002,1,0.3333333333333333,0.4444444444444444,,,,
94663,2006,1,0.14285714285714285,0.7142857142857143,,-0.19047619047619047,0.2698412698412699,
94663,2010,1,0.015384615384615385,0.676923076923077,,-0.12747252747252746,-0.03736263736263734,
94663,2010,2,,0.8793103448275862,,,,
94663,2014,1,,0.15053763440860216,,,-0.5263854425144748,
94663,2014,2,,0.24705882352941178,,,-0.6322515212981744,
94663,2018,1,0.27835051546391754,0.5463917525773195,,,0.3958541181687174,
94663,2018,2,0.40594059405940597,0.5742574257425742,,,0.32719860221316244,
94883,2002,1,0.0,0.0,,,,
94883,2006,1,0.5384615384615384,0.3076923076923077,,0.5384615384615384,0.3076923076923077,
94883,2010,1,0.01,0.79,,-0.5284615384615384,0.4823076923076923,
94883,2010,2,,0.7857142857142857,,,,
94883,2014,1,,0.3897058823529412,,,-0.40029411764705886,
94883,2014,2,,0.47692307692307695,,,-0.30879120879120875,
94883,2018,1,0.06130268199233716,0.46360153256704983,,,0.07389565021410865,
94883,2018,2,0.2697095435684647,0.7053941908713693,,,0.2284711139482924,
94884,2002,1,0.38095238095238093,0.6190476190476191,,,,
94884,2006,1,0.4117647058823529,0.4117647058823529,,0.03081232492997199,-0.20728291316526615,
94884,2010,1,,0.5047619047619047,,,0.09299719887955182,
94884,2010,2,,0.7523809523809524,,,,
94884,2014,1,,0.13675213675213677,,,-0.368009768009768,
94884,2014,2,,0.2980132450331126,,,-0.45436770734783977,
94884,2018,1,0.25,0.5,,,0.36324786324786323,
94884,2018,2,0.2986111111111111,0.6805555555555556,,,0.382542310522443,
94885,2002,1,0.0,0.0,,,,
94885,2006,1,0.0,0.0,,0.0,0.0,
94885,2010,1,,0.9696969696969697,,,0.9696969696969697,
94885,2010,2,,1.0,,,,
94885,2014,1,,0.375,,,-0.5946969696969697,
94885,2014,2,,0.7441860465116279,,,-0.2558139534883721,
94885,2018,1,0.09615384615384616,0.5384615384615384,,,0.16346153846153844,
94885,2018,2,0.2727272727272727,0.696969696969697,,,-0.04721634954193088,
94886,2002,1,0.7666666666666667,0.13333333333333333,,,,
94886,2006,1,0.15151515151515152,0.6666666666666666,,-0.6151515151515152,0.5333333333333333,
94886,2010,1,,0.8260869565217391,,,0.1594202898550725,
94886,2010,2,,0.7936507936507936,,,,
94886,2014,1,,0.1,,,-0.7260869565217392,
94886,2014,2,,0.19230769230769232,,,-0.6013431013431013,
94886,2018,1,0.3,0.25,,,0.15,
94886,2018,2,0.43478260869565216,0.4782608695652174,,,0.2859531772575251,
94887,2002,1,0.8,0.12,,,,
94887,2006,1,0.8,0.2,,0.0,0.08000000000000002,
94887,2010,1,,0.5714285714285714,,,0.3714285714285714,
94887,2010,2,,0.9090909090909091,,,,
94887,2014,1,,0.06896551724137931,,,-0.5024630541871921,
94887,2014,2,,0.19875776397515527,,,-0.7103331451157537,
94887,2018,1,0.5066666666666667,0.08666666666666667,,,0.01770114942528736,
94887,2018,2,0.5769230769230769,0.38461538461538464,,,0.18585762064022937,
94888,2002,1,0.9024390243902439,0.024390243902439025,,,,
94888,2006,1,1.0,0.0,,0.09756097560975607,-0.024390243902439025,
94888,2010,1,,0.32142857142857145,,,0.32142857142857145,
94888,2010,2,,0.7777777777777778,,,,
94888,2014,1,,0.04,,,-0.2814285714285715,
94888,2014,2,,0.043478260869565216,,,-0.7342995169082126,
94888,2018,1,0.7222222222222222,0.018518518518518517,,,-0.021481481481481483,
94888,2018,2,0.7096774193548387,0.22580645161290322,,,0.182328190743338,
95001,2002,1,0.2679994596785087,0.511009050384979,,,,
95001,2006,1,0.19080415171209622,0.6339121156271219,,-0.07719530796641247,0.1229030652421429,
95001,2010,1,0.04380475594493116,0.5861002723993227,,-0.14699939576716506,-0.04781184322779919,
95001,2010,2,,0.7289964299881,,,,
95001,2014,1,,0.4208855608009116,,,-0.1652147115984111,
95001,2014,2,,0.5666823592709664,,,-0.16231407071713355,
95001,2018,1,0.19839766145184864,0.4796730363232826,,,0.05878747552237101,
95001,2018,2,0.3264750976803996,0.5984964637222414,,,0.03181410445127497,
95015,2002,1,0.0,0.0,,,,
95015,2006,1,0.3383199079401611,0.4936708860759494,,0.3383199079401611,0.4936708860759494,
95015,2010,1,0.08145106091718002,0.2997946611909651,,-0.2568688470229811,-0.1938762248849843,
95015,2010,2,,0.5049435028248588,,,,
95015,2014,1,,0.1433868974042027,,,-0.15640776378676238,
95015,2014,2,,0.19576719576719576,,,-0.309176307057663,
95015,2018,1,0.42813299232736574,0.2557544757033248,,,0.11236757829912211,
95015,2018,2,0.6052371541501976,0.32707509881422925,,,0.1313079030470335,
95025,2002,1,0.2572178477690289,0.22965879265091863,,,,
95025,2006,1,0.1918869644484959,0.5733819507748404,,-0.065330883320533,0.34372315812392185,
95025,2010,1,0.019498607242339833,0.5787681832250078,,-0.17238835720615606,0.005386232450167339,
95025,2010,2,,0.7559715945771466,,,,
95025,2014,1,,0.33247496423462086,,,-0.24629321899038692,
95025,2014,2,,0.42749486184060287,,,-0.3284767327365437,
95025,2018,1,0.1636632930140706,0.48679338434954333,,,0.15431842011492247,
95025,2018,2,0.2706572769953052,0.6460093896713615,,,0.2185145278307586,
95200,2002,1,0.0,0.0,,,,
95200,2006,1,0.26200873362445415,0.46943231441048033,,0.26200873362445415,0.46943231441048033,
95200,2010,1,0.027434842249657063,0.30315500685871055,,-0.2345738913747971,-0.16627730755176978,
95200,2010,2,,0.45566166439290584,,,,
95200,2014,1,,0.07440811724915446,,,-0.22874688960955608,
95200,2014,2,,0.1453900709219858,,,-0.31027159347092004,
95200,2018,1,0.5368705035971223,0.1393884892086331,,,0.06498037195947863,
95200,2018,2,0.7465277777777778,0.2074652777777778,,,0.06207520685579199,
97001,2002,1,0.593490746649649,0.27983407785577535,,,,
97001,2006,1,0.2036673215455141,0.5579567779960707,,-0.38982342510413487,0.27812270014029533,
97001,2010,1,0.05478708977488473,0.41632763764578246,,-0.14888023177062937,-0.14162914035028823,
97001,2010,2,,0.628619153674833,,,,
97001,2014,1,,0.15455187014820043,,,-0.261775767497582,
97001,2014,2,,0.27928692699490665,,,-0.34933222667992636,
97001,2018,1,0.3629588224333892,0.15949319918017515,,,0.004941329031974723,
97001,2018,2,0.5980362074255907,0.3751150659711568,,,0.09582813897625014,
97161,2002,1,0.0,0.0,,,,
97161,2006,1,0.15444015444015444,0.7297297297297297,,0.15444015444015444,0.7297297297297297,
97161,2010,1,0.014619883040935672,0.10526315789473684,,-0.13982027139921877,-0.6244665718349929,
97161,2010,2,,0.6029411764705882,,,,
97161,2014,1,,0.15027322404371585,,,0.04501006614897901,
97161,2014,2,,0.26851851851851855,,,-0.33442265795206966,
97161,2018,1,0.5466417910447762,0.10261194029850747,,,-0.04766128374520838,
97161,2018,2,0.6059701492537314,0.3761194029850746,,,0.10760088446655608,
97511,2002,1,0.2736842105263158,0.2736842105263158,,,,
97511,2006,1,0.25961538461538464,0.3173076923076923,,-0.01406882591093117,0.04362348178137648,
97511,2010,1,0.16756756756756758,0.07027027027027027,,-0.09204781704781706,-0.24703742203742202,
97511,2010,2,,0.189873417721519,,,,
97511,2014,1,,0.045871559633027525,,,-0.02439871063724275,
97511,2014,2,,0.21568627450980393,,,0.025812856788284932,
97511,2018,1,0.26519337016574585,0.06629834254143646,,,0.020426782908408936,
97511,2018,2,0.5508982035928144,0.437125748502994,,,0.22143947399319008,
97666,2002,1,0.2,0.3333333333333333,,,,
97666,2006,1,0.0845771144278607,0.6865671641791045,,-0.11542288557213931,0.35323383084577115,
97666,2010,1,0.07936507936507936,0.27380952380952384,,-0.0052120350627813394,-0.4127576403695806,
97666,2010,2,,0.6358695652173914,,,,
97666,2014,1,,0.29385964912280704,,,0.020050125313283207,
97666,2014,2,,0.29927007299270075,,,-0.3365994922246906,
97666,2018,1,0.3466666666666667,0.16533333333333333,,,-0.1285263157894737,
97666,2018,2,0.5533707865168539,0.4353932584269663,,,0.13612318543426555,
97777,2002,1,0.9583333333333334,0.041666666666666664,,,,
97777,2006,1,0.0,0.041666666666666664,,-0.9583333333333334,0.0,
97777,2010,1,,0.05,,,0.008333333333333338,
97777,2010,2,,0.5588235294117647,,,,
97777,2014,1,,0.0,,,-0.05,
97777,2014,2,,0.047619047619047616,,,-0.511204481792717,
97777,2018,1,0.30434782608695654,,,,,
97777,2018,2,0.7142857142857143,0.2857142857142857,,,0.23809523809523808,
97889,2002,1,0.27896995708154504,0.44635193133047213,,,,
97889,2006,1,0.058823529411764705,0.7352941176470589,,-0.22014642766978032,0.28894218631658675,
97889,2010,1,,0.6957746478873239,,,-0.03951946975973497,
97889,2010,2,,0.8291316526610645,,,,
97889,2014,1,,0.15755627009646303,,,-0.5382183777908609,
97889,2014,2,,0.24924924924924924,,,-0.5798824034118153,
97889,2018,1,0.2953020134228188,0.09395973154362416,,,-0.06359653855283887,
97889,2018,2,0.46496815286624205,0.5127388535031847,,,0.26348960425393547,
99001,2002,1,0.6442336199229173,0.2712718648087756,,,,
99001,2006,1,0.28027681660899656,0.5242214532871973,,-0.3639568033139207,0.2529495884784217,
99001,2010,1,0.03712984054669704,0.49954441913439634,,-0.2431469760622995,-0.024677034152800925,
99001,2010,2,,0.6757946210268949,,,,
99001,2014,1,,0.37991803278688524,,,-0.1196263863475111,
99001,2014,2,,0.4879151451921405,,,-0.1878794758347544,
99001,2018,1,0.1180911680911681,0.5723646723646724,,,0.19244663957778713,
99001,2018,2,0.2391041162227603,0.7144370460048426,,,0.22652190081270207,
99524,2002,1,0.40487804878048783,0.4592334494773519,,,,
99524,2006,1,0.03426791277258567,0.8826583592938733,,-0.37061013600790216,0.42342490981652137,
99524,2010,1,0.008293838862559242,0.8325434439178515,,-0.025974073910026423,-0.05011491537602175,
99524,2010,2,,0.9173116089613035,,,,
99524,2014,1,,0.6986111111111111,,,-0.13393233280674044,
99524,2014,2,,0.7362132352941176,,,-0.18109837366718584,
99524,2018,1,0.07964601769911504,0.7302410741531888,,,0.03162996304207777,
99524,2018,2,0.11179931867451223,0.8572313409724373,,,0.12101810567831961,
99624,2002,1,0.6230529595015576,0.3115264797507788,,,,
99624,2006,1,0.07901234567901234,0.7777777777777778,,-0.5440406138225452,0.466251298026999,
99624,2010,1,0.012524084778420038,0.8265895953757225,,-0.0664882609005923,0.04881181759794473,
99624,2010,2,,0.888560157790927,,,,
99624,2014,1,,0.6377459749552773,,,-0.18884362042044522,
99624,2014,2,,0.6630179827990618,,,-0.22554217499186524,
99624,2018,1,0.07142857142857142,0.6728971962616822,,,0.03515122130640491,
99624,2018,2,0.1436388508891929,0.8317373461012312,,,0.1687193633021694,
99773,2002,1,0.5518672199170125,0.22959889349930843,,,,
99773,2006,1,0.274859287054409,0.5356472795497186,,-0.2770079328626035,0.3060483860504102,
99773,2010,1,0.03111111111111111,0.3916049382716049,,-0.24374817594329787,-0.14404234127811366,
99773,2010,2,,0.5749464668094219,,,,
99773,2014,1,,0.2899239543726236,,,-0.10168098389898134,
99773,2014,2,,0.2706567796610169,,,-0.30428968714840493,
99773,2018,1,0.4885386819484241,0.24761222540592168,,,-0.042311728966701906,
99773,2018,2,0.6630210482872472,0.3031366075113496,,,0.032479827850332654,
