"","annoh","corp","codcirc","coddepto","codmpio","nommun","nomdepto","codparti","nomparti","eleccion","votos","censo","color","partido"
"1",2022,13,0,1,"05001","Medellín","Antioquia",1076,"LIGA DE GOBERNANTES ANTICORRUPCION","Presidencia 2da vuelta",687474,12414,"#f07605","LIGA DE GOBERNANTES ANTICORRUPCION"
"2",2022,13,0,1,"05001","Medellín","Antioquia",1235,"COALICION PACTO HISTORICO","Presidencia 2da vuelta",371257,12414,"#1b3383","COALICION PACTO HISTORICO"
"3",2022,13,0,1,"05001","Medellín","Antioquia",996,"VOTOS EN BLANCO","Presidencia 2da vuelta",36894,12414,"#dddddd","OTROS"
"4",2022,13,0,1,"05001","Medellín","Antioquia",997,"VOTOS NULOS","Presidencia 2da vuelta",16181,12414,"#808080","VOTOS NULOS"
"5",2022,13,0,1,"05001","Medellín","Antioquia",998,"VOTOS NO MARCADOS","Presidencia 2da vuelta",912,12414,"#dddddd","OTROS"
"6",2022,13,0,1,"05002","Abejorral","Antioquia",1076,"LIGA DE GOBERNANTES ANTICORRUPCION","Presidencia 2da vuelta",6502,13104,"#f07605","LIGA DE GOBERNANTES ANTICORRUPCION"
"7",2022,13,0,1,"05002","Abejorral","Antioquia",1235,"COALICION PACTO HISTORICO","Presidencia 2da vuelta",1025,13104,"#1b3383","COALICION PACTO HISTORICO"
"8",2022,13,0,1,"05002","Abejorral","Antioquia",996,"VOTOS EN BLANCO","Presidencia 2da vuelta",128,13104,"#dddddd","OTROS"
"9",2022,13,0,1,"05002","Abejorral","Antioquia",997,"VOTOS NULOS","Presidencia 2da vuelta",68,13104,"#808080","VOTOS NULOS"
"10",2022,13,0,1,"05002","Abejorral","Antioquia",998,"VOTOS NO MARCADOS","Presidencia 2da vuelta",22,13104,"#dddddd","OTROS"
"11",2022,13,0,1,"05004","Abriaquí","Antioquia",1076,"LIGA DE GOBERNANTES ANTICORRUPCION","Presidencia 2da vuelta",990,1451,"#f07605","LIGA DE GOBERNANTES ANTICORRUPCION"
"12",2022,13,0,1,"05004","Abriaquí","Antioquia",1235,"COALICION PACTO HISTORICO","Presidencia 2da vuelta",99,1451,"#1b3383","COALICION PACTO HISTORICO"
"13",2022,13,0,1,"05004","Abriaquí","Antioquia",996,"VOTOS EN BLANCO","Presidencia 2da vuelta",23,1451,"#dddddd","OTROS"
"14",2022,13,0,1,"05004","Abriaquí","Antioquia",997,"VOTOS NULOS","Presidencia 2da vuelta",10,1451,"#808080","VOTOS NULOS"
"15",2022,13,0,1,"05004","Abriaquí","Antioquia",998,"VOTOS NO MARCADOS","Presidencia 2da vuelta",4,516,"#dddddd","OTROS"
"16",2022,13,0,1,"05021","Alejandría","Antioquia",1076,"LIGA DE GOBERNANTES ANTICORRUPCION","Presidencia 2da vuelta",1986,4558,"#f07605","LIGA DE GOBERNANTES ANTICORRUPCION"
"17",2022,13,0,1,"05021","Alejandría","Antioquia",1235,"COALICION PACTO HISTORICO","Presidencia 2da vuelta",401,4558,"#1b3383","COALICION PACTO HISTORICO"
"18",2022,13,0,1,"05021","Alejandría","Antioquia",996,"VOTOS EN BLANCO","Presidencia 2da vuelta",54,4558,"#dddddd","OTROS"
"19",2022,13,0,1,"05021","Alejandría","Antioquia",997,"VOTOS NULOS","Presidencia 2da vuelta",18,4558,"#808080","VOTOS NULOS"
"20",2022,13,0,1,"05021","Alejandría","Antioquia",998,"VOTOS NO MARCADOS","Presidencia 2da vuelta",2,4558,"#dddddd","OTROS"
"21",2022,13,0,1,"05030","Amagá","Antioquia",1076,"LIGA DE GOBERNANTES ANTICORRUPCION","Presidencia 2da vuelta",8101,4696,"#f07605","LIGA DE GOBERNANTES ANTICORRUPCION"
"22",2022,13,0,1,"05030","Amagá","Antioquia",1235,"COALICION PACTO HISTORICO","Presidencia 2da vuelta",3276,4696,"#1b3383","COALICION PACTO HISTORICO"
"23",2022,13,0,1,"05030","Amagá","Antioquia",996,"VOTOS EN BLANCO","Presidencia 2da vuelta",302,4696,"#dddddd","OTROS"
"24",2022,13,0,1,"05030","Amagá","Antioquia",997,"VOTOS NULOS","Presidencia 2da vuelta",235,4696,"#808080","VOTOS NULOS"
"25",2022,13,0,1,"05030","Amagá","Antioquia",998,"VOTOS NO MARCADOS","Presidencia 2da vuelta",23,4696,"#dddddd","OTROS"
"26",2022,13,0,1,"05031","Amalfi","Antioquia",1076,"LIGA DE GOBERNANTES ANTICORRUPCION","Presidencia 2da vuelta",5028,11232,"#f07605","LIGA DE GOBERNANTES ANTICORRUPCION"
"27",2022,13,0,1,"05031","Amalfi","Antioquia",1235,"COALICION PACTO HISTORICO","Presidencia 2da vuelta",1382,11232,"#1b3383","COALICION PACTO HISTORICO"
"28",2022,13,0,1,"05031","Amalfi","Antioquia",996,"VOTOS EN BLANCO","Presidencia 2da vuelta",218,11232,"#dddddd","OTROS"
"29",2022,13,0,1,"05031","Amalfi","Antioquia",997,"VOTOS NULOS","Presidencia 2da vuelta",92,11232,"#808080","VOTOS NULOS"
"30",2022,13,0,1,"05031","Amalfi","Antioquia",998,"VOTOS NO MARCADOS","Presidencia 2da vuelta",17,11232,"#dddddd","OTROS"
"31",2022,13,0,1,"05034","Andes","Antioquia",1076,"LIGA DE GOBERNANTES ANTICORRUPCION","Presidencia 2da vuelta",13425,3187,"#f07605","LIGA DE GOBERNANTES ANTICORRUPCION"
"32",2022,13,0,1,"05034","Andes","Antioquia",1235,"COALICION PACTO HISTORICO","Presidencia 2da vuelta",3589,3187,"#1b3383","COALICION PACTO HISTORICO"
"33",2022,13,0,1,"05034","Andes","Antioquia",996,"VOTOS EN BLANCO","Presidencia 2da vuelta",369,3187,"#dddddd","OTROS"
"34",2022,13,0,1,"05034","Andes","Antioquia",997,"VOTOS NULOS","Presidencia 2da vuelta",169,3187,"#808080","VOTOS NULOS"
"35",2022,13,0,1,"05034","Andes","Antioquia",998,"VOTOS NO MARCADOS","Presidencia 2da vuelta",35,3187,"#dddddd","OTROS"
"36",2022,13,0,1,"05036","Angelópolis","Antioquia",1076,"LIGA DE GOBERNANTES ANTICORRUPCION","Presidencia 2da vuelta",2017,5036,"#f07605","LIGA DE GOBERNANTES ANTICORRUPCION"
"37",2022,13,0,1,"05036","Angelópolis","Antioquia",1235,"COALICION PACTO HISTORICO","Presidencia 2da vuelta",557,5036,"#1b3383","COALICION PACTO HISTORICO"
"38",2022,13,0,1,"05036","Angelópolis","Antioquia",996,"VOTOS EN BLANCO","Presidencia 2da vuelta",81,5036,"#dddddd","OTROS"
"39",2022,13,0,1,"05036","Angelópolis","Antioquia",997,"VOTOS NULOS","Presidencia 2da vuelta",44,5036,"#808080","VOTOS NULOS"
"40",2022,13,0,1,"05036","Angelópolis","Antioquia",998,"VOTOS NO MARCADOS","Presidencia 2da vuelta",7,5036,"#dddddd","OTROS"
"41",2022,13,0,1,"05038","Angostura","Antioquia",1076,"LIGA DE GOBERNANTES ANTICORRUPCION","Presidencia 2da vuelta",2809,8434,"#f07605","LIGA DE GOBERNANTES ANTICORRUPCION"
"42",2022,13,0,1,"05038","Angostura","Antioquia",1235,"COALICION PACTO HISTORICO","Presidencia 2da vuelta",645,8434,"#1b3383","COALICION PACTO HISTORICO"
"43",2022,13,0,1,"05038","Angostura","Antioquia",996,"VOTOS EN BLANCO","Presidencia 2da vuelta",112,8434,"#dddddd","OTROS"
"44",2022,13,0,1,"05038","Angostura","Antioquia",997,"VOTOS NULOS","Presidencia 2da vuelta",84,8434,"#808080","VOTOS NULOS"
"45",2022,13,0,1,"05038","Angostura","Antioquia",998,"VOTOS NO MARCADOS","Presidencia 2da vuelta",26,8434,"#dddddd","OTROS"
"46",2022,13,0,1,"05040","Anorí","Antioquia",1076,"LIGA DE GOBERNANTES ANTICORRUPCION","Presidencia 2da vuelta",2474,9831,"#f07605","LIGA DE GOBERNANTES ANTICORRUPCION"
"47",2022,13,0,1,"05040","Anorí","Antioquia",1235,"COALICION PACTO HISTORICO","Presidencia 2da vuelta",1380,9831,"#1b3383","COALICION PACTO HISTORICO"
"48",2022,13,0,1,"05040","Anorí","Antioquia",996,"VOTOS EN BLANCO","Presidencia 2da vuelta",136,9831,"#dddddd","OTROS"
"49",2022,13,0,1,"05040","Anorí","Antioquia",997,"VOTOS NULOS","Presidencia 2da vuelta",46,9831,"#808080","VOTOS NULOS"
"50",2022,13,0,1,"05040","Anorí","Antioquia",998,"VOTOS NO MARCADOS","Presidencia 2da vuelta",6,9831,"#dddddd","OTROS"
"51",2022,13,0,1,"05042","Santafé de Antioquia","Antioquia",1076,"LIGA DE GOBERNANTES ANTICORRUPCION","Presidencia 2da vuelta",7340,4546,"#f07605","LIGA DE GOBERNANTES ANTICORRUPCION"
"52",2022,13,0,1,"05042","Santafé de Antioquia","Antioquia",1235,"COALICION PACTO HISTORICO","Presidencia 2da vuelta",3100,4546,"#1b3383","COALICION PACTO HISTORICO"
"53",2022,13,0,1,"05042","Santafé de Antioquia","Antioquia",996,"VOTOS EN BLANCO","Presidencia 2da vuelta",314,4546,"#dddddd","OTROS"
"54",2022,13,0,1,"05042","Santafé de Antioquia","Antioquia",997,"VOTOS NULOS","Presidencia 2da vuelta",180,4546,"#808080","VOTOS NULOS"
"55",2022,13,0,1,"05042","Santafé de Antioquia","Antioquia",998,"VOTOS NO MARCADOS","Presidencia 2da vuelta",29,4546,"#dddddd","OTROS"
"56",2022,13,0,1,"05044","Anza","Antioquia",1076,"LIGA DE GOBERNANTES ANTICORRUPCION","Presidencia 2da vuelta",2387,3788,"#f07605","LIGA DE GOBERNANTES ANTICORRUPCION"
"57",2022,13,0,1,"05044","Anza","Antioquia",1235,"COALICION PACTO HISTORICO","Presidencia 2da vuelta",381,3788,"#1b3383","COALICION PACTO HISTORICO"
"58",2022,13,0,1,"05044","Anza","Antioquia",996,"VOTOS EN BLANCO","Presidencia 2da vuelta",55,3788,"#dddddd","OTROS"
"59",2022,13,0,1,"05044","Anza","Antioquia",997,"VOTOS NULOS","Presidencia 2da vuelta",28,3788,"#808080","VOTOS NULOS"
"60",2022,13,0,1,"05044","Anza","Antioquia",998,"VOTOS NO MARCADOS","Presidencia 2da vuelta",7,3788,"#dddddd","OTROS"
"61",2022,13,0,1,"05045","Apartadó","Antioquia",1235,"COALICION PACTO HISTORICO","Presidencia 2da vuelta",33897,8262,"#1b3383","COALICION PACTO HISTORICO"
"62",2022,13,0,1,"05045","Apartadó","Antioquia",1076,"LIGA DE GOBERNANTES ANTICORRUPCION","Presidencia 2da vuelta",16812,8262,"#f07605","LIGA DE GOBERNANTES ANTICORRUPCION"
"63",2022,13,0,1,"05045","Apartadó","Antioquia",996,"VOTOS EN BLANCO","Presidencia 2da vuelta",1401,8262,"#dddddd","OTROS"
"64",2022,13,0,1,"05045","Apartadó","Antioquia",997,"VOTOS NULOS","Presidencia 2da vuelta",556,8262,"#808080","VOTOS NULOS"
"65",2022,13,0,1,"05045","Apartadó","Antioquia",998,"VOTOS NO MARCADOS","Presidencia 2da vuelta",61,8262,"#dddddd","OTROS"
"66",2022,13,0,1,"05051","Arboletes","Antioquia",1076,"LIGA DE GOBERNANTES ANTICORRUPCION","Presidencia 2da vuelta",6586,12955,"#f07605","LIGA DE GOBERNANTES ANTICORRUPCION"
"67",2022,13,0,1,"05051","Arboletes","Antioquia",1235,"COALICION PACTO HISTORICO","Presidencia 2da vuelta",5115,12955,"#1b3383","COALICION PACTO HISTORICO"
"68",2022,13,0,1,"05051","Arboletes","Antioquia",996,"VOTOS EN BLANCO","Presidencia 2da vuelta",145,12955,"#dddddd","OTROS"
"69",2022,13,0,1,"05051","Arboletes","Antioquia",997,"VOTOS NULOS","Presidencia 2da vuelta",69,12955,"#808080","VOTOS NULOS"
"70",2022,13,0,1,"05051","Arboletes","Antioquia",998,"VOTOS NO MARCADOS","Presidencia 2da vuelta",22,12955,"#dddddd","OTROS"
"71",2022,13,0,1,"05055","Argelia","Antioquia",1076,"LIGA DE GOBERNANTES ANTICORRUPCION","Presidencia 2da vuelta",2856,5894,"#f07605","LIGA DE GOBERNANTES ANTICORRUPCION"
"72",2022,13,0,1,"05055","Argelia","Antioquia",1235,"COALICION PACTO HISTORICO","Presidencia 2da vuelta",359,5894,"#1b3383","COALICION PACTO HISTORICO"
"73",2022,13,0,1,"05055","Argelia","Antioquia",996,"VOTOS EN BLANCO","Presidencia 2da vuelta",54,5894,"#dddddd","OTROS"
"74",2022,13,0,1,"05055","Argelia","Antioquia",997,"VOTOS NULOS","Presidencia 2da vuelta",19,5894,"#808080","VOTOS NULOS"
"75",2022,13,0,1,"05055","Argelia","Antioquia",998,"VOTOS NO MARCADOS","Presidencia 2da vuelta",8,5894,"#dddddd","OTROS"
"76",2022,13,0,1,"05059","Armenia","Antioquia",1076,"LIGA DE GOBERNANTES ANTICORRUPCION","Presidencia 2da vuelta",1655,4020,"#f07605","LIGA DE GOBERNANTES ANTICORRUPCION"
"77",2022,13,0,1,"05059","Armenia","Antioquia",1235,"COALICION PACTO HISTORICO","Presidencia 2da vuelta",344,4020,"#1b3383","COALICION PACTO HISTORICO"
"78",2022,13,0,1,"05059","Armenia","Antioquia",996,"VOTOS EN BLANCO","Presidencia 2da vuelta",39,4020,"#dddddd","OTROS"
"79",2022,13,0,1,"05059","Armenia","Antioquia",997,"VOTOS NULOS","Presidencia 2da vuelta",27,4020,"#808080","VOTOS NULOS"
"80",2022,13,0,1,"05059","Armenia","Antioquia",998,"VOTOS NO MARCADOS","Presidencia 2da vuelta",9,4020,"#dddddd","OTROS"
"81",2022,13,0,1,"05079","Barbosa","Antioquia",1076,"LIGA DE GOBERNANTES ANTICORRUPCION","Presidencia 2da vuelta",13537,6890,"#f07605","LIGA DE GOBERNANTES ANTICORRUPCION"
"82",2022,13,0,1,"05079","Barbosa","Antioquia",1235,"COALICION PACTO HISTORICO","Presidencia 2da vuelta",7640,6890,"#1b3383","COALICION PACTO HISTORICO"
"83",2022,13,0,1,"05079","Barbosa","Antioquia",996,"VOTOS EN BLANCO","Presidencia 2da vuelta",810,6890,"#dddddd","OTROS"
"84",2022,13,0,1,"05079","Barbosa","Antioquia",997,"VOTOS NULOS","Presidencia 2da vuelta",569,6890,"#808080","VOTOS NULOS"
"85",2022,13,0,1,"05079","Barbosa","Antioquia",998,"VOTOS NO MARCADOS","Presidencia 2da vuelta",47,6890,"#dddddd","OTROS"
"86",2022,13,0,1,"05086","Belmira","Antioquia",1076,"LIGA DE GOBERNANTES ANTICORRUPCION","Presidencia 2da vuelta",2212,3204,"#f07605","LIGA DE GOBERNANTES ANTICORRUPCION"
"87",2022,13,0,1,"05086","Belmira","Antioquia",1235,"COALICION PACTO HISTORICO","Presidencia 2da vuelta",391,3204,"#1b3383","COALICION PACTO HISTORICO"
"88",2022,13,0,1,"05086","Belmira","Antioquia",996,"VOTOS EN BLANCO","Presidencia 2da vuelta",88,3204,"#dddddd","OTROS"
"89",2022,13,0,1,"05086","Belmira","Antioquia",997,"VOTOS NULOS","Presidencia 2da vuelta",33,3204,"#808080","VOTOS NULOS"
"90",2022,13,0,1,"05086","Belmira","Antioquia",998,"VOTOS NO MARCADOS","Presidencia 2da vuelta",8,3204,"#dddddd","OTROS"
"91",2022,13,0,1,"05088","Bello","Antioquia",1076,"LIGA DE GOBERNANTES ANTICORRUPCION","Presidencia 2da vuelta",112305,5413,"#f07605","LIGA DE GOBERNANTES ANTICORRUPCION"
"92",2022,13,0,1,"05088","Bello","Antioquia",1235,"COALICION PACTO HISTORICO","Presidencia 2da vuelta",69666,5413,"#1b3383","COALICION PACTO HISTORICO"
"93",2022,13,0,1,"05088","Bello","Antioquia",996,"VOTOS EN BLANCO","Presidencia 2da vuelta",6341,5413,"#dddddd","OTROS"
"94",2022,13,0,1,"05088","Bello","Antioquia",997,"VOTOS NULOS","Presidencia 2da vuelta",3409,5413,"#808080","VOTOS NULOS"
"95",2022,13,0,1,"05088","Bello","Antioquia",998,"VOTOS NO MARCADOS","Presidencia 2da vuelta",140,5413,"#dddddd","OTROS"
"96",2022,13,0,1,"05091","Betania","Antioquia",1076,"LIGA DE GOBERNANTES ANTICORRUPCION","Presidencia 2da vuelta",2954,7968,"#f07605","LIGA DE GOBERNANTES ANTICORRUPCION"
"97",2022,13,0,1,"05091","Betania","Antioquia",1235,"COALICION PACTO HISTORICO","Presidencia 2da vuelta",596,7968,"#1b3383","COALICION PACTO HISTORICO"
"98",2022,13,0,1,"05091","Betania","Antioquia",996,"VOTOS EN BLANCO","Presidencia 2da vuelta",58,7968,"#dddddd","OTROS"
"99",2022,13,0,1,"05091","Betania","Antioquia",997,"VOTOS NULOS","Presidencia 2da vuelta",10,7968,"#808080","VOTOS NULOS"
"100",2022,13,0,1,"05091","Betania","Antioquia",998,"VOTOS NO MARCADOS","Presidencia 2da vuelta",5,7968,"#dddddd","OTROS"
"101",2022,13,0,1,"05093","Betulia","Antioquia",1076,"LIGA DE GOBERNANTES ANTICORRUPCION","Presidencia 2da vuelta",4987,5215,"#f07605","LIGA DE GOBERNANTES ANTICORRUPCION"
"102",2022,13,0,1,"05093","Betulia","Antioquia",1235,"COALICION PACTO HISTORICO","Presidencia 2da vuelta",673,5215,"#1b3383","COALICION PACTO HISTORICO"
"103",2022,13,0,1,"05093","Betulia","Antioquia",996,"VOTOS EN BLANCO","Presidencia 2da vuelta",115,5215,"#dddddd","OTROS"
"104",2022,13,0,1,"05093","Betulia","Antioquia",997,"VOTOS NULOS","Presidencia 2da vuelta",38,5215,"#808080","VOTOS NULOS"
"105",2022,13,0,1,"05093","Betulia","Antioquia",998,"VOTOS NO MARCADOS","Presidencia 2da vuelta",16,5215,"#dddddd","OTROS"
"106",2022,13,0,1,"05101","Ciudad Bolívar","Antioquia",1076,"LIGA DE GOBERNANTES ANTICORRUPCION","Presidencia 2da vuelta",9324,4529,"#f07605","LIGA DE GOBERNANTES ANTICORRUPCION"
"107",2022,13,0,1,"05101","Ciudad Bolívar","Antioquia",1235,"COALICION PACTO HISTORICO","Presidencia 2da vuelta",2124,4529,"#1b3383","COALICION PACTO HISTORICO"
"108",2022,13,0,1,"05101","Ciudad Bolívar","Antioquia",996,"VOTOS EN BLANCO","Presidencia 2da vuelta",257,4529,"#dddddd","OTROS"
"109",2022,13,0,1,"05101","Ciudad Bolívar","Antioquia",997,"VOTOS NULOS","Presidencia 2da vuelta",108,4529,"#808080","VOTOS NULOS"
"110",2022,13,0,1,"05101","Ciudad Bolívar","Antioquia",998,"VOTOS NO MARCADOS","Presidencia 2da vuelta",14,4529,"#dddddd","OTROS"
"111",2022,13,0,1,"05107","Briceño","Antioquia",1076,"LIGA DE GOBERNANTES ANTICORRUPCION","Presidencia 2da vuelta",1763,4553,"#f07605","LIGA DE GOBERNANTES ANTICORRUPCION"
"112",2022,13,0,1,"05107","Briceño","Antioquia",1235,"COALICION PACTO HISTORICO","Presidencia 2da vuelta",980,4553,"#1b3383","COALICION PACTO HISTORICO"
"113",2022,13,0,1,"05107","Briceño","Antioquia",996,"VOTOS EN BLANCO","Presidencia 2da vuelta",39,4553,"#dddddd","OTROS"
"114",2022,13,0,1,"05107","Briceño","Antioquia",997,"VOTOS NULOS","Presidencia 2da vuelta",31,4553,"#808080","VOTOS NULOS"
"115",2022,13,0,1,"05107","Briceño","Antioquia",998,"VOTOS NO MARCADOS","Presidencia 2da vuelta",15,4553,"#dddddd","OTROS"
"116",2022,13,0,1,"05113","Buriticá","Antioquia",1076,"LIGA DE GOBERNANTES ANTICORRUPCION","Presidencia 2da vuelta",1723,5427,"#f07605","LIGA DE GOBERNANTES ANTICORRUPCION"
"117",2022,13,0,1,"05113","Buriticá","Antioquia",1235,"COALICION PACTO HISTORICO","Presidencia 2da vuelta",953,5427,"#1b3383","COALICION PACTO HISTORICO"
"118",2022,13,0,1,"05113","Buriticá","Antioquia",996,"VOTOS EN BLANCO","Presidencia 2da vuelta",104,5427,"#dddddd","OTROS"
"119",2022,13,0,1,"05113","Buriticá","Antioquia",997,"VOTOS NULOS","Presidencia 2da vuelta",39,5427,"#808080","VOTOS NULOS"
"120",2022,13,0,1,"05113","Buriticá","Antioquia",998,"VOTOS NO MARCADOS","Presidencia 2da vuelta",11,5427,"#dddddd","OTROS"
"121",2022,13,0,1,"05120","Cáceres","Antioquia",1235,"COALICION PACTO HISTORICO","Presidencia 2da vuelta",3931,7978,"#1b3383","COALICION PACTO HISTORICO"
"122",2022,13,0,1,"05120","Cáceres","Antioquia",1076,"LIGA DE GOBERNANTES ANTICORRUPCION","Presidencia 2da vuelta",2770,7978,"#f07605","LIGA DE GOBERNANTES ANTICORRUPCION"
"123",2022,13,0,1,"05120","Cáceres","Antioquia",996,"VOTOS EN BLANCO","Presidencia 2da vuelta",155,7978,"#dddddd","OTROS"
"124",2022,13,0,1,"05120","Cáceres","Antioquia",997,"VOTOS NULOS","Presidencia 2da vuelta",58,7978,"#808080","VOTOS NULOS"
"125",2022,13,0,1,"05120","Cáceres","Antioquia",998,"VOTOS NO MARCADOS","Presidencia 2da vuelta",17,7978,"#dddddd","OTROS"
"126",2022,13,0,1,"05125","Caicedo","Antioquia",1076,"LIGA DE GOBERNANTES ANTICORRUPCION","Presidencia 2da vuelta",2558,6575,"#f07605","LIGA DE GOBERNANTES ANTICORRUPCION"
"127",2022,13,0,1,"05125","Caicedo","Antioquia",1235,"COALICION PACTO HISTORICO","Presidencia 2da vuelta",607,6575,"#1b3383","COALICION PACTO HISTORICO"
"128",2022,13,0,1,"05125","Caicedo","Antioquia",996,"VOTOS EN BLANCO","Presidencia 2da vuelta",87,6575,"#dddddd","OTROS"
"129",2022,13,0,1,"05125","Caicedo","Antioquia",997,"VOTOS NULOS","Presidencia 2da vuelta",43,6575,"#808080","VOTOS NULOS"
"130",2022,13,0,1,"05125","Caicedo","Antioquia",998,"VOTOS NO MARCADOS","Presidencia 2da vuelta",9,6575,"#dddddd","OTROS"
"131",2022,13,0,1,"05129","Caldas","Antioquia",1076,"LIGA DE GOBERNANTES ANTICORRUPCION","Presidencia 2da vuelta",24410,7494,"#f07605","LIGA DE GOBERNANTES ANTICORRUPCION"
"132",2022,13,0,1,"05129","Caldas","Antioquia",1235,"COALICION PACTO HISTORICO","Presidencia 2da vuelta",14901,7494,"#1b3383","COALICION PACTO HISTORICO"
"133",2022,13,0,1,"05129","Caldas","Antioquia",996,"VOTOS EN BLANCO","Presidencia 2da vuelta",1503,7494,"#dddddd","OTROS"
"134",2022,13,0,1,"05129","Caldas","Antioquia",997,"VOTOS NULOS","Presidencia 2da vuelta",1122,7494,"#808080","VOTOS NULOS"
"135",2022,13,0,1,"05129","Caldas","Antioquia",998,"VOTOS NO MARCADOS","Presidencia 2da vuelta",52,7494,"#dddddd","OTROS"
"136",2022,13,0,1,"05134","Campamento","Antioquia",1076,"LIGA DE GOBERNANTES ANTICORRUPCION","Presidencia 2da vuelta",1540,6322,"#f07605","LIGA DE GOBERNANTES ANTICORRUPCION"
"137",2022,13,0,1,"05134","Campamento","Antioquia",1235,"COALICION PACTO HISTORICO","Presidencia 2da vuelta",683,6322,"#1b3383","COALICION PACTO HISTORICO"
"138",2022,13,0,1,"05134","Campamento","Antioquia",996,"VOTOS EN BLANCO","Presidencia 2da vuelta",104,6322,"#dddddd","OTROS"
"139",2022,13,0,1,"05134","Campamento","Antioquia",997,"VOTOS NULOS","Presidencia 2da vuelta",28,6322,"#808080","VOTOS NULOS"
"140",2022,13,0,1,"05134","Campamento","Antioquia",998,"VOTOS NO MARCADOS","Presidencia 2da vuelta",17,6322,"#dddddd","OTROS"
"141",2022,13,0,1,"05138","Cañasgordas","Antioquia",1076,"LIGA DE GOBERNANTES ANTICORRUPCION","Presidencia 2da vuelta",5752,11064,"#f07605","LIGA DE GOBERNANTES ANTICORRUPCION"
"142",2022,13,0,1,"05138","Cañasgordas","Antioquia",1235,"COALICION PACTO HISTORICO","Presidencia 2da vuelta",1046,11064,"#1b3383","COALICION PACTO HISTORICO"
"143",2022,13,0,1,"05138","Cañasgordas","Antioquia",996,"VOTOS EN BLANCO","Presidencia 2da vuelta",150,11064,"#dddddd","OTROS"
"144",2022,13,0,1,"05138","Cañasgordas","Antioquia",997,"VOTOS NULOS","Presidencia 2da vuelta",82,11064,"#808080","VOTOS NULOS"
"145",2022,13,0,1,"05138","Cañasgordas","Antioquia",998,"VOTOS NO MARCADOS","Presidencia 2da vuelta",14,11064,"#dddddd","OTROS"
"146",2022,13,0,1,"05142","Caracolí","Antioquia",1076,"LIGA DE GOBERNANTES ANTICORRUPCION","Presidencia 2da vuelta",1540,4498,"#f07605","LIGA DE GOBERNANTES ANTICORRUPCION"
"147",2022,13,0,1,"05142","Caracolí","Antioquia",1235,"COALICION PACTO HISTORICO","Presidencia 2da vuelta",510,4498,"#1b3383","COALICION PACTO HISTORICO"
"148",2022,13,0,1,"05142","Caracolí","Antioquia",996,"VOTOS EN BLANCO","Presidencia 2da vuelta",51,4498,"#dddddd","OTROS"
"149",2022,13,0,1,"05142","Caracolí","Antioquia",997,"VOTOS NULOS","Presidencia 2da vuelta",35,4498,"#808080","VOTOS NULOS"
"150",2022,13,0,1,"05142","Caracolí","Antioquia",998,"VOTOS NO MARCADOS","Presidencia 2da vuelta",7,4498,"#dddddd","OTROS"
"151",2022,13,0,1,"05145","Caramanta","Antioquia",1076,"LIGA DE GOBERNANTES ANTICORRUPCION","Presidencia 2da vuelta",1822,3949,"#f07605","LIGA DE GOBERNANTES ANTICORRUPCION"
"152",2022,13,0,1,"05145","Caramanta","Antioquia",1235,"COALICION PACTO HISTORICO","Presidencia 2da vuelta",477,3949,"#1b3383","COALICION PACTO HISTORICO"
"153",2022,13,0,1,"05145","Caramanta","Antioquia",996,"VOTOS EN BLANCO","Presidencia 2da vuelta",51,3949,"#dddddd","OTROS"
"154",2022,13,0,1,"05145","Caramanta","Antioquia",997,"VOTOS NULOS","Presidencia 2da vuelta",29,3949,"#808080","VOTOS NULOS"
"155",2022,13,0,1,"05145","Caramanta","Antioquia",998,"VOTOS NO MARCADOS","Presidencia 2da vuelta",8,3949,"#dddddd","OTROS"
"156",2022,13,0,1,"05147","Carepa","Antioquia",1235,"COALICION PACTO HISTORICO","Presidencia 2da vuelta",12605,6056,"#1b3383","COALICION PACTO HISTORICO"
"157",2022,13,0,1,"05147","Carepa","Antioquia",1076,"LIGA DE GOBERNANTES ANTICORRUPCION","Presidencia 2da vuelta",8113,6056,"#f07605","LIGA DE GOBERNANTES ANTICORRUPCION"
"158",2022,13,0,1,"05147","Carepa","Antioquia",996,"VOTOS EN BLANCO","Presidencia 2da vuelta",585,6056,"#dddddd","OTROS"
"159",2022,13,0,1,"05147","Carepa","Antioquia",997,"VOTOS NULOS","Presidencia 2da vuelta",261,6056,"#808080","VOTOS NULOS"
"160",2022,13,0,1,"05147","Carepa","Antioquia",998,"VOTOS NO MARCADOS","Presidencia 2da vuelta",32,6056,"#dddddd","OTROS"
"161",2022,13,0,1,"05148","El Carmen de Viboral","Antioquia",1076,"LIGA DE GOBERNANTES ANTICORRUPCION","Presidencia 2da vuelta",19123,10931,"#f07605","LIGA DE GOBERNANTES ANTICORRUPCION"
"162",2022,13,0,1,"05148","El Carmen de Viboral","Antioquia",1235,"COALICION PACTO HISTORICO","Presidencia 2da vuelta",8583,10931,"#1b3383","COALICION PACTO HISTORICO"
"163",2022,13,0,1,"05148","El Carmen de Viboral","Antioquia",996,"VOTOS EN BLANCO","Presidencia 2da vuelta",720,10931,"#dddddd","OTROS"
"164",2022,13,0,1,"05148","El Carmen de Viboral","Antioquia",997,"VOTOS NULOS","Presidencia 2da vuelta",467,10931,"#808080","VOTOS NULOS"
"165",2022,13,0,1,"05148","El Carmen de Viboral","Antioquia",998,"VOTOS NO MARCADOS","Presidencia 2da vuelta",32,10931,"#dddddd","OTROS"
"166",2022,13,0,1,"05150","Carolina","Antioquia",1076,"LIGA DE GOBERNANTES ANTICORRUPCION","Presidencia 2da vuelta",1617,4211,"#f07605","LIGA DE GOBERNANTES ANTICORRUPCION"
"167",2022,13,0,1,"05150","Carolina","Antioquia",1235,"COALICION PACTO HISTORICO","Presidencia 2da vuelta",562,4211,"#1b3383","COALICION PACTO HISTORICO"
"168",2022,13,0,1,"05150","Carolina","Antioquia",997,"VOTOS NULOS","Presidencia 2da vuelta",43,4211,"#808080","VOTOS NULOS"
"169",2022,13,0,1,"05150","Carolina","Antioquia",996,"VOTOS EN BLANCO","Presidencia 2da vuelta",42,4211,"#dddddd","OTROS"
"170",2022,13,0,1,"05150","Carolina","Antioquia",998,"VOTOS NO MARCADOS","Presidencia 2da vuelta",3,4211,"#dddddd","OTROS"
"171",2022,13,0,1,"05154","Caucasia","Antioquia",1235,"COALICION PACTO HISTORICO","Presidencia 2da vuelta",17320,5624,"#1b3383","COALICION PACTO HISTORICO"
"172",2022,13,0,1,"05154","Caucasia","Antioquia",1076,"LIGA DE GOBERNANTES ANTICORRUPCION","Presidencia 2da vuelta",15433,5624,"#f07605","LIGA DE GOBERNANTES ANTICORRUPCION"
"173",2022,13,0,1,"05154","Caucasia","Antioquia",996,"VOTOS EN BLANCO","Presidencia 2da vuelta",793,5624,"#dddddd","OTROS"
"174",2022,13,0,1,"05154","Caucasia","Antioquia",997,"VOTOS NULOS","Presidencia 2da vuelta",450,5624,"#808080","VOTOS NULOS"
"175",2022,13,0,1,"05154","Caucasia","Antioquia",998,"VOTOS NO MARCADOS","Presidencia 2da vuelta",45,5624,"#dddddd","OTROS"
"176",2022,13,0,1,"05172","Chigorodó","Antioquia",1235,"COALICION PACTO HISTORICO","Presidencia 2da vuelta",12747,7597,"#1b3383","COALICION PACTO HISTORICO"
"177",2022,13,0,1,"05172","Chigorodó","Antioquia",1076,"LIGA DE GOBERNANTES ANTICORRUPCION","Presidencia 2da vuelta",9107,7597,"#f07605","LIGA DE GOBERNANTES ANTICORRUPCION"
"178",2022,13,0,1,"05172","Chigorodó","Antioquia",996,"VOTOS EN BLANCO","Presidencia 2da vuelta",570,7597,"#dddddd","OTROS"
"179",2022,13,0,1,"05172","Chigorodó","Antioquia",997,"VOTOS NULOS","Presidencia 2da vuelta",271,7597,"#808080","VOTOS NULOS"
"180",2022,13,0,1,"05172","Chigorodó","Antioquia",998,"VOTOS NO MARCADOS","Presidencia 2da vuelta",37,7597,"#dddddd","OTROS"
"181",2022,13,0,1,"05190","Cisneros","Antioquia",1076,"LIGA DE GOBERNANTES ANTICORRUPCION","Presidencia 2da vuelta",4053,12092,"#f07605","LIGA DE GOBERNANTES ANTICORRUPCION"
"182",2022,13,0,1,"05190","Cisneros","Antioquia",1235,"COALICION PACTO HISTORICO","Presidencia 2da vuelta",1595,12092,"#1b3383","COALICION PACTO HISTORICO"
"183",2022,13,0,1,"05190","Cisneros","Antioquia",996,"VOTOS EN BLANCO","Presidencia 2da vuelta",172,12092,"#dddddd","OTROS"
"184",2022,13,0,1,"05190","Cisneros","Antioquia",997,"VOTOS NULOS","Presidencia 2da vuelta",162,12092,"#808080","VOTOS NULOS"
"185",2022,13,0,1,"05190","Cisneros","Antioquia",998,"VOTOS NO MARCADOS","Presidencia 2da vuelta",11,12092,"#dddddd","OTROS"
"186",2022,13,0,1,"05197","Cocorná","Antioquia",1076,"LIGA DE GOBERNANTES ANTICORRUPCION","Presidencia 2da vuelta",6703,11391,"#f07605","LIGA DE GOBERNANTES ANTICORRUPCION"
"187",2022,13,0,1,"05197","Cocorná","Antioquia",1235,"COALICION PACTO HISTORICO","Presidencia 2da vuelta",1251,11391,"#1b3383","COALICION PACTO HISTORICO"
"188",2022,13,0,1,"05197","Cocorná","Antioquia",996,"VOTOS EN BLANCO","Presidencia 2da vuelta",134,11391,"#dddddd","OTROS"
"189",2022,13,0,1,"05197","Cocorná","Antioquia",997,"VOTOS NULOS","Presidencia 2da vuelta",95,11391,"#808080","VOTOS NULOS"
"190",2022,13,0,1,"05197","Cocorná","Antioquia",998,"VOTOS NO MARCADOS","Presidencia 2da vuelta",30,11391,"#dddddd","OTROS"
"191",2022,13,0,1,"05206","Concepción","Antioquia",1076,"LIGA DE GOBERNANTES ANTICORRUPCION","Presidencia 2da vuelta",2231,4387,"#f07605","LIGA DE GOBERNANTES ANTICORRUPCION"
"192",2022,13,0,1,"05206","Concepción","Antioquia",1235,"COALICION PACTO HISTORICO","Presidencia 2da vuelta",332,4387,"#1b3383","COALICION PACTO HISTORICO"
"193",2022,13,0,1,"05206","Concepción","Antioquia",996,"VOTOS EN BLANCO","Presidencia 2da vuelta",47,4387,"#dddddd","OTROS"
"194",2022,13,0,1,"05206","Concepción","Antioquia",997,"VOTOS NULOS","Presidencia 2da vuelta",23,4387,"#808080","VOTOS NULOS"
"195",2022,13,0,1,"05206","Concepción","Antioquia",998,"VOTOS NO MARCADOS","Presidencia 2da vuelta",8,4387,"#dddddd","OTROS"
"196",2022,13,0,1,"05209","Concordia","Antioquia",1076,"LIGA DE GOBERNANTES ANTICORRUPCION","Presidencia 2da vuelta",5784,14941,"#f07605","LIGA DE GOBERNANTES ANTICORRUPCION"
"197",2022,13,0,1,"05209","Concordia","Antioquia",1235,"COALICION PACTO HISTORICO","Presidencia 2da vuelta",1147,14941,"#1b3383","COALICION PACTO HISTORICO"
"198",2022,13,0,1,"05209","Concordia","Antioquia",996,"VOTOS EN BLANCO","Presidencia 2da vuelta",136,14941,"#dddddd","OTROS"
"199",2022,13,0,1,"05209","Concordia","Antioquia",997,"VOTOS NULOS","Presidencia 2da vuelta",65,14941,"#808080","VOTOS NULOS"
"200",2022,13,0,1,"05209","Concordia","Antioquia",998,"VOTOS NO MARCADOS","Presidencia 2da vuelta",17,14941,"#dddddd","OTROS"
"201",2022,13,0,1,"05212","Copacabana","Antioquia",1076,"LIGA DE GOBERNANTES ANTICORRUPCION","Presidencia 2da vuelta",23732,1151,"#f07605","LIGA DE GOBERNANTES ANTICORRUPCION"
"202",2022,13,0,1,"05212","Copacabana","Antioquia",1235,"COALICION PACTO HISTORICO","Presidencia 2da vuelta",15903,1151,"#1b3383","COALICION PACTO HISTORICO"
"203",2022,13,0,1,"05212","Copacabana","Antioquia",996,"VOTOS EN BLANCO","Presidencia 2da vuelta",1346,1151,"#dddddd","OTROS"
"204",2022,13,0,1,"05212","Copacabana","Antioquia",997,"VOTOS NULOS","Presidencia 2da vuelta",825,1151,"#808080","VOTOS NULOS"
"205",2022,13,0,1,"05212","Copacabana","Antioquia",998,"VOTOS NO MARCADOS","Presidencia 2da vuelta",35,7217,"#dddddd","OTROS"
"206",2022,13,0,1,"05234","Dabeiba","Antioquia",1076,"LIGA DE GOBERNANTES ANTICORRUPCION","Presidencia 2da vuelta",4851,10080,"#f07605","LIGA DE GOBERNANTES ANTICORRUPCION"
"207",2022,13,0,1,"05234","Dabeiba","Antioquia",1235,"COALICION PACTO HISTORICO","Presidencia 2da vuelta",3163,10080,"#1b3383","COALICION PACTO HISTORICO"
"208",2022,13,0,1,"05234","Dabeiba","Antioquia",996,"VOTOS EN BLANCO","Presidencia 2da vuelta",149,10080,"#dddddd","OTROS"
"209",2022,13,0,1,"05234","Dabeiba","Antioquia",997,"VOTOS NULOS","Presidencia 2da vuelta",97,10080,"#808080","VOTOS NULOS"
"210",2022,13,0,1,"05234","Dabeiba","Antioquia",998,"VOTOS NO MARCADOS","Presidencia 2da vuelta",20,10080,"#dddddd","OTROS"
"211",2022,13,0,1,"05237","Don Matías","Antioquia",1076,"LIGA DE GOBERNANTES ANTICORRUPCION","Presidencia 2da vuelta",6462,16609,"#f07605","LIGA DE GOBERNANTES ANTICORRUPCION"
"212",2022,13,0,1,"05237","Don Matías","Antioquia",1235,"COALICION PACTO HISTORICO","Presidencia 2da vuelta",1585,16609,"#1b3383","COALICION PACTO HISTORICO"
"213",2022,13,0,1,"05237","Don Matías","Antioquia",996,"VOTOS EN BLANCO","Presidencia 2da vuelta",325,16609,"#dddddd","OTROS"
"214",2022,13,0,1,"05237","Don Matías","Antioquia",997,"VOTOS NULOS","Presidencia 2da vuelta",150,16609,"#808080","VOTOS NULOS"
"215",2022,13,0,1,"05237","Don Matías","Antioquia",998,"VOTOS NO MARCADOS","Presidencia 2da vuelta",19,16609,"#dddddd","OTROS"
"216",2022,13,0,1,"05240","Ebéjico","Antioquia",1076,"LIGA DE GOBERNANTES ANTICORRUPCION","Presidencia 2da vuelta",4572,7160,"#f07605","LIGA DE GOBERNANTES ANTICORRUPCION"
"217",2022,13,0,1,"05240","Ebéjico","Antioquia",1235,"COALICION PACTO HISTORICO","Presidencia 2da vuelta",858,7160,"#1b3383","COALICION PACTO HISTORICO"
"218",2022,13,0,1,"05240","Ebéjico","Antioquia",996,"VOTOS EN BLANCO","Presidencia 2da vuelta",98,7160,"#dddddd","OTROS"
"219",2022,13,0,1,"05240","Ebéjico","Antioquia",997,"VOTOS NULOS","Presidencia 2da vuelta",62,7160,"#808080","VOTOS NULOS"
"220",2022,13,0,1,"05240","Ebéjico","Antioquia",998,"VOTOS NO MARCADOS","Presidencia 2da vuelta",20,7160,"#dddddd","OTROS"
"221",2022,13,0,1,"05250","El Bagre","Antioquia",1235,"COALICION PACTO HISTORICO","Presidencia 2da vuelta",6694,9181,"#1b3383","COALICION PACTO HISTORICO"
"222",2022,13,0,1,"05250","El Bagre","Antioquia",1076,"LIGA DE GOBERNANTES ANTICORRUPCION","Presidencia 2da vuelta",6556,9181,"#f07605","LIGA DE GOBERNANTES ANTICORRUPCION"
"223",2022,13,0,1,"05250","El Bagre","Antioquia",996,"VOTOS EN BLANCO","Presidencia 2da vuelta",392,9181,"#dddddd","OTROS"
"224",2022,13,0,1,"05250","El Bagre","Antioquia",997,"VOTOS NULOS","Presidencia 2da vuelta",172,9181,"#808080","VOTOS NULOS"
"225",2022,13,0,1,"05250","El Bagre","Antioquia",998,"VOTOS NO MARCADOS","Presidencia 2da vuelta",21,9181,"#dddddd","OTROS"
"226",2022,13,0,1,"05264","Entrerrios","Antioquia",1076,"LIGA DE GOBERNANTES ANTICORRUPCION","Presidencia 2da vuelta",4206,9326,"#f07605","LIGA DE GOBERNANTES ANTICORRUPCION"
"227",2022,13,0,1,"05264","Entrerrios","Antioquia",1235,"COALICION PACTO HISTORICO","Presidencia 2da vuelta",977,9326,"#1b3383","COALICION PACTO HISTORICO"
"228",2022,13,0,1,"05264","Entrerrios","Antioquia",996,"VOTOS EN BLANCO","Presidencia 2da vuelta",133,9326,"#dddddd","OTROS"
"229",2022,13,0,1,"05264","Entrerrios","Antioquia",997,"VOTOS NULOS","Presidencia 2da vuelta",48,9326,"#808080","VOTOS NULOS"
"230",2022,13,0,1,"05264","Entrerrios","Antioquia",998,"VOTOS NO MARCADOS","Presidencia 2da vuelta",5,9326,"#dddddd","OTROS"
"231",2022,13,0,1,"05266","Envigado","Antioquia",1076,"LIGA DE GOBERNANTES ANTICORRUPCION","Presidencia 2da vuelta",108434,14207,"#f07605","LIGA DE GOBERNANTES ANTICORRUPCION"
"232",2022,13,0,1,"05266","Envigado","Antioquia",1235,"COALICION PACTO HISTORICO","Presidencia 2da vuelta",35037,14207,"#1b3383","COALICION PACTO HISTORICO"
"233",2022,13,0,1,"05266","Envigado","Antioquia",996,"VOTOS EN BLANCO","Presidencia 2da vuelta",4467,14207,"#dddddd","OTROS"
"234",2022,13,0,1,"05266","Envigado","Antioquia",997,"VOTOS NULOS","Presidencia 2da vuelta",1454,14207,"#808080","VOTOS NULOS"
"235",2022,13,0,1,"05266","Envigado","Antioquia",998,"VOTOS NO MARCADOS","Presidencia 2da vuelta",87,14207,"#dddddd","OTROS"
"236",2022,13,0,1,"05282","Fredonia","Antioquia",1076,"LIGA DE GOBERNANTES ANTICORRUPCION","Presidencia 2da vuelta",6635,11959,"#f07605","LIGA DE GOBERNANTES ANTICORRUPCION"
"237",2022,13,0,1,"05282","Fredonia","Antioquia",1235,"COALICION PACTO HISTORICO","Presidencia 2da vuelta",2055,11959,"#1b3383","COALICION PACTO HISTORICO"
"238",2022,13,0,1,"05282","Fredonia","Antioquia",996,"VOTOS EN BLANCO","Presidencia 2da vuelta",204,11959,"#dddddd","OTROS"
"239",2022,13,0,1,"05282","Fredonia","Antioquia",997,"VOTOS NULOS","Presidencia 2da vuelta",126,11959,"#808080","VOTOS NULOS"
"240",2022,13,0,1,"05282","Fredonia","Antioquia",998,"VOTOS NO MARCADOS","Presidencia 2da vuelta",20,11959,"#dddddd","OTROS"
"241",2022,13,0,1,"05284","Frontino","Antioquia",1076,"LIGA DE GOBERNANTES ANTICORRUPCION","Presidencia 2da vuelta",4127,11472,"#f07605","LIGA DE GOBERNANTES ANTICORRUPCION"
"242",2022,13,0,1,"05284","Frontino","Antioquia",1235,"COALICION PACTO HISTORICO","Presidencia 2da vuelta",2294,11472,"#1b3383","COALICION PACTO HISTORICO"
"243",2022,13,0,1,"05284","Frontino","Antioquia",996,"VOTOS EN BLANCO","Presidencia 2da vuelta",192,11472,"#dddddd","OTROS"
"244",2022,13,0,1,"05284","Frontino","Antioquia",997,"VOTOS NULOS","Presidencia 2da vuelta",131,11472,"#808080","VOTOS NULOS"
"245",2022,13,0,1,"05284","Frontino","Antioquia",998,"VOTOS NO MARCADOS","Presidencia 2da vuelta",19,11472,"#dddddd","OTROS"
"246",2022,13,0,1,"05306","Giraldo","Antioquia",1076,"LIGA DE GOBERNANTES ANTICORRUPCION","Presidencia 2da vuelta",1545,3677,"#f07605","LIGA DE GOBERNANTES ANTICORRUPCION"
"247",2022,13,0,1,"05306","Giraldo","Antioquia",1235,"COALICION PACTO HISTORICO","Presidencia 2da vuelta",929,3677,"#1b3383","COALICION PACTO HISTORICO"
"248",2022,13,0,1,"05306","Giraldo","Antioquia",996,"VOTOS EN BLANCO","Presidencia 2da vuelta",74,3677,"#dddddd","OTROS"
"249",2022,13,0,1,"05306","Giraldo","Antioquia",997,"VOTOS NULOS","Presidencia 2da vuelta",27,3677,"#808080","VOTOS NULOS"
"250",2022,13,0,1,"05306","Giraldo","Antioquia",998,"VOTOS NO MARCADOS","Presidencia 2da vuelta",3,3677,"#dddddd","OTROS"
"251",2022,13,0,1,"05308","Girardota","Antioquia",1076,"LIGA DE GOBERNANTES ANTICORRUPCION","Presidencia 2da vuelta",17229,6474,"#f07605","LIGA DE GOBERNANTES ANTICORRUPCION"
"252",2022,13,0,1,"05308","Girardota","Antioquia",1235,"COALICION PACTO HISTORICO","Presidencia 2da vuelta",10409,6474,"#1b3383","COALICION PACTO HISTORICO"
"253",2022,13,0,1,"05308","Girardota","Antioquia",996,"VOTOS EN BLANCO","Presidencia 2da vuelta",1003,6474,"#dddddd","OTROS"
"254",2022,13,0,1,"05308","Girardota","Antioquia",997,"VOTOS NULOS","Presidencia 2da vuelta",688,6474,"#808080","VOTOS NULOS"
"255",2022,13,0,1,"05308","Girardota","Antioquia",998,"VOTOS NO MARCADOS","Presidencia 2da vuelta",37,6474,"#dddddd","OTROS"
"256",2022,13,0,1,"05310","Gómez Plata","Antioquia",1076,"LIGA DE GOBERNANTES ANTICORRUPCION","Presidencia 2da vuelta",3411,7706,"#f07605","LIGA DE GOBERNANTES ANTICORRUPCION"
"257",2022,13,0,1,"05310","Gómez Plata","Antioquia",1235,"COALICION PACTO HISTORICO","Presidencia 2da vuelta",777,7706,"#1b3383","COALICION PACTO HISTORICO"
"258",2022,13,0,1,"05310","Gómez Plata","Antioquia",996,"VOTOS EN BLANCO","Presidencia 2da vuelta",151,7706,"#dddddd","OTROS"
"259",2022,13,0,1,"05310","Gómez Plata","Antioquia",997,"VOTOS NULOS","Presidencia 2da vuelta",99,7706,"#808080","VOTOS NULOS"
"260",2022,13,0,1,"05310","Gómez Plata","Antioquia",998,"VOTOS NO MARCADOS","Presidencia 2da vuelta",11,7706,"#dddddd","OTROS"
"261",2022,13,0,1,"05313","Granada","Antioquia",1076,"LIGA DE GOBERNANTES ANTICORRUPCION","Presidencia 2da vuelta",4498,9404,"#f07605","LIGA DE GOBERNANTES ANTICORRUPCION"
"262",2022,13,0,1,"05313","Granada","Antioquia",1235,"COALICION PACTO HISTORICO","Presidencia 2da vuelta",771,9404,"#1b3383","COALICION PACTO HISTORICO"
"263",2022,13,0,1,"05313","Granada","Antioquia",996,"VOTOS EN BLANCO","Presidencia 2da vuelta",91,9404,"#dddddd","OTROS"
"264",2022,13,0,1,"05313","Granada","Antioquia",997,"VOTOS NULOS","Presidencia 2da vuelta",46,9404,"#808080","VOTOS NULOS"
"265",2022,13,0,1,"05313","Granada","Antioquia",998,"VOTOS NO MARCADOS","Presidencia 2da vuelta",14,9404,"#dddddd","OTROS"
"266",2022,13,0,1,"05315","Guadalupe","Antioquia",1076,"LIGA DE GOBERNANTES ANTICORRUPCION","Presidencia 2da vuelta",1424,5113,"#f07605","LIGA DE GOBERNANTES ANTICORRUPCION"
"267",2022,13,0,1,"05315","Guadalupe","Antioquia",1235,"COALICION PACTO HISTORICO","Presidencia 2da vuelta",1021,5113,"#1b3383","COALICION PACTO HISTORICO"
"268",2022,13,0,1,"05315","Guadalupe","Antioquia",996,"VOTOS EN BLANCO","Presidencia 2da vuelta",75,5113,"#dddddd","OTROS"
"269",2022,13,0,1,"05315","Guadalupe","Antioquia",997,"VOTOS NULOS","Presidencia 2da vuelta",65,5113,"#808080","VOTOS NULOS"
"270",2022,13,0,1,"05315","Guadalupe","Antioquia",998,"VOTOS NO MARCADOS","Presidencia 2da vuelta",16,5113,"#dddddd","OTROS"
"271",2022,13,0,1,"05318","Guarne","Antioquia",1076,"LIGA DE GOBERNANTES ANTICORRUPCION","Presidencia 2da vuelta",18500,8006,"#f07605","LIGA DE GOBERNANTES ANTICORRUPCION"
"272",2022,13,0,1,"05318","Guarne","Antioquia",1235,"COALICION PACTO HISTORICO","Presidencia 2da vuelta",6951,8006,"#1b3383","COALICION PACTO HISTORICO"
"273",2022,13,0,1,"05318","Guarne","Antioquia",996,"VOTOS EN BLANCO","Presidencia 2da vuelta",832,8006,"#dddddd","OTROS"
"274",2022,13,0,1,"05318","Guarne","Antioquia",997,"VOTOS NULOS","Presidencia 2da vuelta",475,8006,"#808080","VOTOS NULOS"
"275",2022,13,0,1,"05318","Guarne","Antioquia",998,"VOTOS NO MARCADOS","Presidencia 2da vuelta",38,8006,"#dddddd","OTROS"
"276",2022,13,0,1,"05321","Guatapé","Antioquia",1076,"LIGA DE GOBERNANTES ANTICORRUPCION","Presidencia 2da vuelta",3959,7595,"#f07605","LIGA DE GOBERNANTES ANTICORRUPCION"
"277",2022,13,0,1,"05321","Guatapé","Antioquia",1235,"COALICION PACTO HISTORICO","Presidencia 2da vuelta",1055,7595,"#1b3383","COALICION PACTO HISTORICO"
"278",2022,13,0,1,"05321","Guatapé","Antioquia",996,"VOTOS EN BLANCO","Presidencia 2da vuelta",106,7595,"#dddddd","OTROS"
"279",2022,13,0,1,"05321","Guatapé","Antioquia",997,"VOTOS NULOS","Presidencia 2da vuelta",46,7595,"#808080","VOTOS NULOS"
"280",2022,13,0,1,"05321","Guatapé","Antioquia",998,"VOTOS NO MARCADOS","Presidencia 2da vuelta",6,7595,"#dddddd","OTROS"
"281",2022,13,0,1,"05347","Heliconia","Antioquia",1076,"LIGA DE GOBERNANTES ANTICORRUPCION","Presidencia 2da vuelta",2226,3748,"#f07605","LIGA DE GOBERNANTES ANTICORRUPCION"
"282",2022,13,0,1,"05347","Heliconia","Antioquia",1235,"COALICION PACTO HISTORICO","Presidencia 2da vuelta",549,3748,"#1b3383","COALICION PACTO HISTORICO"
"283",2022,13,0,1,"05347","Heliconia","Antioquia",996,"VOTOS EN BLANCO","Presidencia 2da vuelta",58,3748,"#dddddd","OTROS"
"284",2022,13,0,1,"05347","Heliconia","Antioquia",997,"VOTOS NULOS","Presidencia 2da vuelta",37,3748,"#808080","VOTOS NULOS"
"285",2022,13,0,1,"05347","Heliconia","Antioquia",998,"VOTOS NO MARCADOS","Presidencia 2da vuelta",8,3748,"#dddddd","OTROS"
"286",2022,13,0,1,"05353","Hispania","Antioquia",1076,"LIGA DE GOBERNANTES ANTICORRUPCION","Presidencia 2da vuelta",1701,5232,"#f07605","LIGA DE GOBERNANTES ANTICORRUPCION"
"287",2022,13,0,1,"05353","Hispania","Antioquia",1235,"COALICION PACTO HISTORICO","Presidencia 2da vuelta",646,5232,"#1b3383","COALICION PACTO HISTORICO"
"288",2022,13,0,1,"05353","Hispania","Antioquia",996,"VOTOS EN BLANCO","Presidencia 2da vuelta",38,5232,"#dddddd","OTROS"
"289",2022,13,0,1,"05353","Hispania","Antioquia",997,"VOTOS NULOS","Presidencia 2da vuelta",34,5232,"#808080","VOTOS NULOS"
"290",2022,13,0,1,"05353","Hispania","Antioquia",998,"VOTOS NO MARCADOS","Presidencia 2da vuelta",8,5232,"#dddddd","OTROS"
"291",2022,13,0,1,"05360","Itagüí","Antioquia",1076,"LIGA DE GOBERNANTES ANTICORRUPCION","Presidencia 2da vuelta",94198,15387,"#f07605","LIGA DE GOBERNANTES ANTICORRUPCION"
"292",2022,13,0,1,"05360","Itagüí","Antioquia",1235,"COALICION PACTO HISTORICO","Presidencia 2da vuelta",48723,15387,"#1b3383","COALICION PACTO HISTORICO"
"293",2022,13,0,1,"05360","Itagüí","Antioquia",996,"VOTOS EN BLANCO","Presidencia 2da vuelta",4666,15387,"#dddddd","OTROS"
"294",2022,13,0,1,"05360","Itagüí","Antioquia",997,"VOTOS NULOS","Presidencia 2da vuelta",2490,15387,"#808080","VOTOS NULOS"
"295",2022,13,0,1,"05360","Itagüí","Antioquia",998,"VOTOS NO MARCADOS","Presidencia 2da vuelta",139,15387,"#dddddd","OTROS"
"296",2022,13,0,1,"05361","Ituango","Antioquia",1076,"LIGA DE GOBERNANTES ANTICORRUPCION","Presidencia 2da vuelta",3007,11101,"#f07605","LIGA DE GOBERNANTES ANTICORRUPCION"
"297",2022,13,0,1,"05361","Ituango","Antioquia",1235,"COALICION PACTO HISTORICO","Presidencia 2da vuelta",1744,11101,"#1b3383","COALICION PACTO HISTORICO"
"298",2022,13,0,1,"05361","Ituango","Antioquia",996,"VOTOS EN BLANCO","Presidencia 2da vuelta",180,11101,"#dddddd","OTROS"
"299",2022,13,0,1,"05361","Ituango","Antioquia",997,"VOTOS NULOS","Presidencia 2da vuelta",101,11101,"#808080","VOTOS NULOS"
"300",2022,13,0,1,"05361","Ituango","Antioquia",998,"VOTOS NO MARCADOS","Presidencia 2da vuelta",30,11101,"#dddddd","OTROS"
"301",2022,13,0,1,"05364","Jardín","Antioquia",1076,"LIGA DE GOBERNANTES ANTICORRUPCION","Presidencia 2da vuelta",5301,12385,"#f07605","LIGA DE GOBERNANTES ANTICORRUPCION"
"302",2022,13,0,1,"05364","Jardín","Antioquia",1235,"COALICION PACTO HISTORICO","Presidencia 2da vuelta",2377,12385,"#1b3383","COALICION PACTO HISTORICO"
"303",2022,13,0,1,"05364","Jardín","Antioquia",996,"VOTOS EN BLANCO","Presidencia 2da vuelta",208,12385,"#dddddd","OTROS"
"304",2022,13,0,1,"05364","Jardín","Antioquia",997,"VOTOS NULOS","Presidencia 2da vuelta",72,12385,"#808080","VOTOS NULOS"
"305",2022,13,0,1,"05364","Jardín","Antioquia",998,"VOTOS NO MARCADOS","Presidencia 2da vuelta",15,12385,"#dddddd","OTROS"
"306",2022,13,0,1,"05368","Jericó","Antioquia",1076,"LIGA DE GOBERNANTES ANTICORRUPCION","Presidencia 2da vuelta",4861,11085,"#f07605","LIGA DE GOBERNANTES ANTICORRUPCION"
"307",2022,13,0,1,"05368","Jericó","Antioquia",1235,"COALICION PACTO HISTORICO","Presidencia 2da vuelta",1407,11085,"#1b3383","COALICION PACTO HISTORICO"
"308",2022,13,0,1,"05368","Jericó","Antioquia",996,"VOTOS EN BLANCO","Presidencia 2da vuelta",150,11085,"#dddddd","OTROS"
"309",2022,13,0,1,"05368","Jericó","Antioquia",997,"VOTOS NULOS","Presidencia 2da vuelta",94,11085,"#808080","VOTOS NULOS"
"310",2022,13,0,1,"05368","Jericó","Antioquia",998,"VOTOS NO MARCADOS","Presidencia 2da vuelta",13,11085,"#dddddd","OTROS"
"311",2022,13,0,1,"05376","La Ceja","Antioquia",1076,"LIGA DE GOBERNANTES ANTICORRUPCION","Presidencia 2da vuelta",27607,6355,"#f07605","LIGA DE GOBERNANTES ANTICORRUPCION"
"312",2022,13,0,1,"05376","La Ceja","Antioquia",1235,"COALICION PACTO HISTORICO","Presidencia 2da vuelta",9204,6355,"#1b3383","COALICION PACTO HISTORICO"
"313",2022,13,0,1,"05376","La Ceja","Antioquia",996,"VOTOS EN BLANCO","Presidencia 2da vuelta",1103,6355,"#dddddd","OTROS"
"314",2022,13,0,1,"05376","La Ceja","Antioquia",997,"VOTOS NULOS","Presidencia 2da vuelta",606,6355,"#808080","VOTOS NULOS"
"315",2022,13,0,1,"05376","La Ceja","Antioquia",998,"VOTOS NO MARCADOS","Presidencia 2da vuelta",35,6355,"#dddddd","OTROS"
"316",2022,13,0,1,"05380","La Estrella","Antioquia",1076,"LIGA DE GOBERNANTES ANTICORRUPCION","Presidencia 2da vuelta",21829,5319,"#f07605","LIGA DE GOBERNANTES ANTICORRUPCION"
"317",2022,13,0,1,"05380","La Estrella","Antioquia",1235,"COALICION PACTO HISTORICO","Presidencia 2da vuelta",12324,5319,"#1b3383","COALICION PACTO HISTORICO"
"318",2022,13,0,1,"05380","La Estrella","Antioquia",996,"VOTOS EN BLANCO","Presidencia 2da vuelta",1144,5319,"#dddddd","OTROS"
"319",2022,13,0,1,"05380","La Estrella","Antioquia",997,"VOTOS NULOS","Presidencia 2da vuelta",594,5319,"#808080","VOTOS NULOS"
"320",2022,13,0,1,"05380","La Estrella","Antioquia",998,"VOTOS NO MARCADOS","Presidencia 2da vuelta",33,5319,"#dddddd","OTROS"
"321",2022,13,0,1,"05390","La Pintada","Antioquia",1076,"LIGA DE GOBERNANTES ANTICORRUPCION","Presidencia 2da vuelta",2966,7376,"#f07605","LIGA DE GOBERNANTES ANTICORRUPCION"
"322",2022,13,0,1,"05390","La Pintada","Antioquia",1235,"COALICION PACTO HISTORICO","Presidencia 2da vuelta",929,7376,"#1b3383","COALICION PACTO HISTORICO"
"323",2022,13,0,1,"05390","La Pintada","Antioquia",996,"VOTOS EN BLANCO","Presidencia 2da vuelta",61,7376,"#dddddd","OTROS"
"324",2022,13,0,1,"05390","La Pintada","Antioquia",997,"VOTOS NULOS","Presidencia 2da vuelta",43,7376,"#808080","VOTOS NULOS"
"325",2022,13,0,1,"05390","La Pintada","Antioquia",998,"VOTOS NO MARCADOS","Presidencia 2da vuelta",7,7376,"#dddddd","OTROS"
"326",2022,13,0,1,"05400","La Unión","Antioquia",1076,"LIGA DE GOBERNANTES ANTICORRUPCION","Presidencia 2da vuelta",9644,13476,"#f07605","LIGA DE GOBERNANTES ANTICORRUPCION"
"327",2022,13,0,1,"05400","La Unión","Antioquia",1235,"COALICION PACTO HISTORICO","Presidencia 2da vuelta",2788,13476,"#1b3383","COALICION PACTO HISTORICO"
"328",2022,13,0,1,"05400","La Unión","Antioquia",996,"VOTOS EN BLANCO","Presidencia 2da vuelta",325,13476,"#dddddd","OTROS"
"329",2022,13,0,1,"05400","La Unión","Antioquia",997,"VOTOS NULOS","Presidencia 2da vuelta",153,13476,"#808080","VOTOS NULOS"
"330",2022,13,0,1,"05400","La Unión","Antioquia",998,"VOTOS NO MARCADOS","Presidencia 2da vuelta",28,13476,"#dddddd","OTROS"
"331",2022,13,0,1,"05411","Liborina","Antioquia",1076,"LIGA DE GOBERNANTES ANTICORRUPCION","Presidencia 2da vuelta",3868,5365,"#f07605","LIGA DE GOBERNANTES ANTICORRUPCION"
"332",2022,13,0,1,"05411","Liborina","Antioquia",1235,"COALICION PACTO HISTORICO","Presidencia 2da vuelta",825,5365,"#1b3383","COALICION PACTO HISTORICO"
"333",2022,13,0,1,"05411","Liborina","Antioquia",996,"VOTOS EN BLANCO","Presidencia 2da vuelta",112,5365,"#dddddd","OTROS"
"334",2022,13,0,1,"05411","Liborina","Antioquia",997,"VOTOS NULOS","Presidencia 2da vuelta",29,5365,"#808080","VOTOS NULOS"
"335",2022,13,0,1,"05411","Liborina","Antioquia",998,"VOTOS NO MARCADOS","Presidencia 2da vuelta",13,5365,"#dddddd","OTROS"
"336",2022,13,0,1,"05425","Maceo","Antioquia",1076,"LIGA DE GOBERNANTES ANTICORRUPCION","Presidencia 2da vuelta",3069,5898,"#f07605","LIGA DE GOBERNANTES ANTICORRUPCION"
"337",2022,13,0,1,"05425","Maceo","Antioquia",1235,"COALICION PACTO HISTORICO","Presidencia 2da vuelta",794,5898,"#1b3383","COALICION PACTO HISTORICO"
"338",2022,13,0,1,"05425","Maceo","Antioquia",996,"VOTOS EN BLANCO","Presidencia 2da vuelta",53,5898,"#dddddd","OTROS"
"339",2022,13,0,1,"05425","Maceo","Antioquia",997,"VOTOS NULOS","Presidencia 2da vuelta",37,5898,"#808080","VOTOS NULOS"
"340",2022,13,0,1,"05425","Maceo","Antioquia",998,"VOTOS NO MARCADOS","Presidencia 2da vuelta",11,5898,"#dddddd","OTROS"
"341",2022,13,0,1,"05440","Marinilla","Antioquia",1076,"LIGA DE GOBERNANTES ANTICORRUPCION","Presidencia 2da vuelta",22017,7051,"#f07605","LIGA DE GOBERNANTES ANTICORRUPCION"
"342",2022,13,0,1,"05440","Marinilla","Antioquia",1235,"COALICION PACTO HISTORICO","Presidencia 2da vuelta",8337,7051,"#1b3383","COALICION PACTO HISTORICO"
"343",2022,13,0,1,"05440","Marinilla","Antioquia",996,"VOTOS EN BLANCO","Presidencia 2da vuelta",726,7051,"#dddddd","OTROS"
"344",2022,13,0,1,"05440","Marinilla","Antioquia",997,"VOTOS NULOS","Presidencia 2da vuelta",357,7051,"#808080","VOTOS NULOS"
"345",2022,13,0,1,"05440","Marinilla","Antioquia",998,"VOTOS NO MARCADOS","Presidencia 2da vuelta",40,7051,"#dddddd","OTROS"
"346",2022,13,0,1,"05467","Montebello","Antioquia",1076,"LIGA DE GOBERNANTES ANTICORRUPCION","Presidencia 2da vuelta",2442,5961,"#f07605","LIGA DE GOBERNANTES ANTICORRUPCION"
"347",2022,13,0,1,"05467","Montebello","Antioquia",1235,"COALICION PACTO HISTORICO","Presidencia 2da vuelta",651,5961,"#1b3383","COALICION PACTO HISTORICO"
"348",2022,13,0,1,"05467","Montebello","Antioquia",996,"VOTOS EN BLANCO","Presidencia 2da vuelta",97,5961,"#dddddd","OTROS"
"349",2022,13,0,1,"05467","Montebello","Antioquia",997,"VOTOS NULOS","Presidencia 2da vuelta",71,5961,"#808080","VOTOS NULOS"
"350",2022,13,0,1,"05467","Montebello","Antioquia",998,"VOTOS NO MARCADOS","Presidencia 2da vuelta",14,5961,"#dddddd","OTROS"
"351",2022,13,0,1,"05475","Murindó","Antioquia",1235,"COALICION PACTO HISTORICO","Presidencia 2da vuelta",1381,2635,"#1b3383","COALICION PACTO HISTORICO"
"352",2022,13,0,1,"05475","Murindó","Antioquia",1076,"LIGA DE GOBERNANTES ANTICORRUPCION","Presidencia 2da vuelta",100,2635,"#f07605","LIGA DE GOBERNANTES ANTICORRUPCION"
"353",2022,13,0,1,"05475","Murindó","Antioquia",996,"VOTOS EN BLANCO","Presidencia 2da vuelta",12,2635,"#dddddd","OTROS"
"354",2022,13,0,1,"05475","Murindó","Antioquia",998,"VOTOS NO MARCADOS","Presidencia 2da vuelta",6,2635,"#dddddd","OTROS"
"355",2022,13,0,1,"05475","Murindó","Antioquia",997,"VOTOS NULOS","Presidencia 2da vuelta",4,2635,"#808080","VOTOS NULOS"
"356",2022,13,0,1,"05480","Mutatá","Antioquia",1235,"COALICION PACTO HISTORICO","Presidencia 2da vuelta",3062,9194,"#1b3383","COALICION PACTO HISTORICO"
"357",2022,13,0,1,"05480","Mutatá","Antioquia",1076,"LIGA DE GOBERNANTES ANTICORRUPCION","Presidencia 2da vuelta",2703,9194,"#f07605","LIGA DE GOBERNANTES ANTICORRUPCION"
"358",2022,13,0,1,"05480","Mutatá","Antioquia",996,"VOTOS EN BLANCO","Presidencia 2da vuelta",98,9194,"#dddddd","OTROS"
"359",2022,13,0,1,"05480","Mutatá","Antioquia",997,"VOTOS NULOS","Presidencia 2da vuelta",60,9194,"#808080","VOTOS NULOS"
"360",2022,13,0,1,"05480","Mutatá","Antioquia",998,"VOTOS NO MARCADOS","Presidencia 2da vuelta",12,9194,"#dddddd","OTROS"
"361",2022,13,0,1,"05483","Nariño","Antioquia",1076,"LIGA DE GOBERNANTES ANTICORRUPCION","Presidencia 2da vuelta",3334,6969,"#f07605","LIGA DE GOBERNANTES ANTICORRUPCION"
"362",2022,13,0,1,"05483","Nariño","Antioquia",1235,"COALICION PACTO HISTORICO","Presidencia 2da vuelta",411,6969,"#1b3383","COALICION PACTO HISTORICO"
"363",2022,13,0,1,"05483","Nariño","Antioquia",996,"VOTOS EN BLANCO","Presidencia 2da vuelta",63,6969,"#dddddd","OTROS"
"364",2022,13,0,1,"05483","Nariño","Antioquia",997,"VOTOS NULOS","Presidencia 2da vuelta",27,6969,"#808080","VOTOS NULOS"
"365",2022,13,0,1,"05483","Nariño","Antioquia",998,"VOTOS NO MARCADOS","Presidencia 2da vuelta",13,6969,"#dddddd","OTROS"
"366",2022,13,0,1,"05490","Necoclí","Antioquia",1076,"LIGA DE GOBERNANTES ANTICORRUPCION","Presidencia 2da vuelta",8835,17763,"#f07605","LIGA DE GOBERNANTES ANTICORRUPCION"
"367",2022,13,0,1,"05490","Necoclí","Antioquia",1235,"COALICION PACTO HISTORICO","Presidencia 2da vuelta",6359,17763,"#1b3383","COALICION PACTO HISTORICO"
"368",2022,13,0,1,"05490","Necoclí","Antioquia",996,"VOTOS EN BLANCO","Presidencia 2da vuelta",350,17763,"#dddddd","OTROS"
"369",2022,13,0,1,"05490","Necoclí","Antioquia",997,"VOTOS NULOS","Presidencia 2da vuelta",192,17763,"#808080","VOTOS NULOS"
"370",2022,13,0,1,"05490","Necoclí","Antioquia",998,"VOTOS NO MARCADOS","Presidencia 2da vuelta",51,17763,"#dddddd","OTROS"
"371",2022,13,0,1,"05495","Nechí","Antioquia",1076,"LIGA DE GOBERNANTES ANTICORRUPCION","Presidencia 2da vuelta",4109,15817,"#f07605","LIGA DE GOBERNANTES ANTICORRUPCION"
"372",2022,13,0,1,"05495","Nechí","Antioquia",1235,"COALICION PACTO HISTORICO","Presidencia 2da vuelta",2620,15817,"#1b3383","COALICION PACTO HISTORICO"
"373",2022,13,0,1,"05495","Nechí","Antioquia",996,"VOTOS EN BLANCO","Presidencia 2da vuelta",103,15817,"#dddddd","OTROS"
"374",2022,13,0,1,"05495","Nechí","Antioquia",997,"VOTOS NULOS","Presidencia 2da vuelta",45,15817,"#808080","VOTOS NULOS"
"375",2022,13,0,1,"05495","Nechí","Antioquia",998,"VOTOS NO MARCADOS","Presidencia 2da vuelta",17,15817,"#dddddd","OTROS"
"376",2022,13,0,1,"05501","Olaya","Antioquia",1076,"LIGA DE GOBERNANTES ANTICORRUPCION","Presidencia 2da vuelta",1385,371,"#f07605","LIGA DE GOBERNANTES ANTICORRUPCION"
"377",2022,13,0,1,"05501","Olaya","Antioquia",1235,"COALICION PACTO HISTORICO","Presidencia 2da vuelta",230,371,"#1b3383","COALICION PACTO HISTORICO"
"378",2022,13,0,1,"05501","Olaya","Antioquia",996,"VOTOS EN BLANCO","Presidencia 2da vuelta",29,371,"#dddddd","OTROS"
"379",2022,13,0,1,"05501","Olaya","Antioquia",997,"VOTOS NULOS","Presidencia 2da vuelta",7,1354,"#808080","VOTOS NULOS"
"380",2022,13,0,1,"05501","Olaya","Antioquia",998,"VOTOS NO MARCADOS","Presidencia 2da vuelta",1,1354,"#dddddd","OTROS"
"381",2022,13,0,1,"05541","Peñol","Antioquia",1076,"LIGA DE GOBERNANTES ANTICORRUPCION","Presidencia 2da vuelta",7453,17724,"#f07605","LIGA DE GOBERNANTES ANTICORRUPCION"
"382",2022,13,0,1,"05541","Peñol","Antioquia",1235,"COALICION PACTO HISTORICO","Presidencia 2da vuelta",2111,17724,"#1b3383","COALICION PACTO HISTORICO"
"383",2022,13,0,1,"05541","Peñol","Antioquia",996,"VOTOS EN BLANCO","Presidencia 2da vuelta",244,17724,"#dddddd","OTROS"
"384",2022,13,0,1,"05541","Peñol","Antioquia",997,"VOTOS NULOS","Presidencia 2da vuelta",122,17724,"#808080","VOTOS NULOS"
"385",2022,13,0,1,"05541","Peñol","Antioquia",998,"VOTOS NO MARCADOS","Presidencia 2da vuelta",17,17724,"#dddddd","OTROS"
"386",2022,13,0,1,"05543","Peque","Antioquia",1076,"LIGA DE GOBERNANTES ANTICORRUPCION","Presidencia 2da vuelta",2223,4606,"#f07605","LIGA DE GOBERNANTES ANTICORRUPCION"
"387",2022,13,0,1,"05543","Peque","Antioquia",1235,"COALICION PACTO HISTORICO","Presidencia 2da vuelta",943,4606,"#1b3383","COALICION PACTO HISTORICO"
"388",2022,13,0,1,"05543","Peque","Antioquia",996,"VOTOS EN BLANCO","Presidencia 2da vuelta",53,4606,"#dddddd","OTROS"
"389",2022,13,0,1,"05543","Peque","Antioquia",997,"VOTOS NULOS","Presidencia 2da vuelta",29,4606,"#808080","VOTOS NULOS"
"390",2022,13,0,1,"05543","Peque","Antioquia",998,"VOTOS NO MARCADOS","Presidencia 2da vuelta",14,4606,"#dddddd","OTROS"
"391",2022,13,0,1,"05576","Pueblorrico","Antioquia",1076,"LIGA DE GOBERNANTES ANTICORRUPCION","Presidencia 2da vuelta",3024,7440,"#f07605","LIGA DE GOBERNANTES ANTICORRUPCION"
"392",2022,13,0,1,"05576","Pueblorrico","Antioquia",1235,"COALICION PACTO HISTORICO","Presidencia 2da vuelta",706,7440,"#1b3383","COALICION PACTO HISTORICO"
"393",2022,13,0,1,"05576","Pueblorrico","Antioquia",996,"VOTOS EN BLANCO","Presidencia 2da vuelta",63,7440,"#dddddd","OTROS"
"394",2022,13,0,1,"05576","Pueblorrico","Antioquia",997,"VOTOS NULOS","Presidencia 2da vuelta",37,7440,"#808080","VOTOS NULOS"
"395",2022,13,0,1,"05576","Pueblorrico","Antioquia",998,"VOTOS NO MARCADOS","Presidencia 2da vuelta",4,7440,"#dddddd","OTROS"
"396",2022,13,0,1,"05579","Puerto Berrío","Antioquia",1076,"LIGA DE GOBERNANTES ANTICORRUPCION","Presidencia 2da vuelta",9541,4096,"#f07605","LIGA DE GOBERNANTES ANTICORRUPCION"
"397",2022,13,0,1,"05579","Puerto Berrío","Antioquia",1235,"COALICION PACTO HISTORICO","Presidencia 2da vuelta",5132,4096,"#1b3383","COALICION PACTO HISTORICO"
"398",2022,13,0,1,"05579","Puerto Berrío","Antioquia",996,"VOTOS EN BLANCO","Presidencia 2da vuelta",312,4096,"#dddddd","OTROS"
"399",2022,13,0,1,"05579","Puerto Berrío","Antioquia",997,"VOTOS NULOS","Presidencia 2da vuelta",273,4096,"#808080","VOTOS NULOS"
"400",2022,13,0,1,"05579","Puerto Berrío","Antioquia",998,"VOTOS NO MARCADOS","Presidencia 2da vuelta",34,3047,"#dddddd","OTROS"
"401",2022,13,0,1,"05585","Puerto Nare","Antioquia",1076,"LIGA DE GOBERNANTES ANTICORRUPCION","Presidencia 2da vuelta",3237,6160,"#f07605","LIGA DE GOBERNANTES ANTICORRUPCION"
"402",2022,13,0,1,"05585","Puerto Nare","Antioquia",1235,"COALICION PACTO HISTORICO","Presidencia 2da vuelta",3023,6160,"#1b3383","COALICION PACTO HISTORICO"
"403",2022,13,0,1,"05585","Puerto Nare","Antioquia",996,"VOTOS EN BLANCO","Presidencia 2da vuelta",88,6160,"#dddddd","OTROS"
"404",2022,13,0,1,"05585","Puerto Nare","Antioquia",997,"VOTOS NULOS","Presidencia 2da vuelta",64,6160,"#808080","VOTOS NULOS"
"405",2022,13,0,1,"05585","Puerto Nare","Antioquia",998,"VOTOS NO MARCADOS","Presidencia 2da vuelta",10,6160,"#dddddd","OTROS"
"406",2022,13,0,1,"05591","Puerto Triunfo","Antioquia",1076,"LIGA DE GOBERNANTES ANTICORRUPCION","Presidencia 2da vuelta",6384,4706,"#f07605","LIGA DE GOBERNANTES ANTICORRUPCION"
"407",2022,13,0,1,"05591","Puerto Triunfo","Antioquia",1235,"COALICION PACTO HISTORICO","Presidencia 2da vuelta",2092,4706,"#1b3383","COALICION PACTO HISTORICO"
"408",2022,13,0,1,"05591","Puerto Triunfo","Antioquia",996,"VOTOS EN BLANCO","Presidencia 2da vuelta",106,4706,"#dddddd","OTROS"
"409",2022,13,0,1,"05591","Puerto Triunfo","Antioquia",997,"VOTOS NULOS","Presidencia 2da vuelta",68,4706,"#808080","VOTOS NULOS"
"410",2022,13,0,1,"05591","Puerto Triunfo","Antioquia",998,"VOTOS NO MARCADOS","Presidencia 2da vuelta",9,4706,"#dddddd","OTROS"
"411",2022,13,0,1,"05604","Remedios","Antioquia",1076,"LIGA DE GOBERNANTES ANTICORRUPCION","Presidencia 2da vuelta",3657,11059,"#f07605","LIGA DE GOBERNANTES ANTICORRUPCION"
"412",2022,13,0,1,"05604","Remedios","Antioquia",1235,"COALICION PACTO HISTORICO","Presidencia 2da vuelta",3649,11059,"#1b3383","COALICION PACTO HISTORICO"
"413",2022,13,0,1,"05604","Remedios","Antioquia",996,"VOTOS EN BLANCO","Presidencia 2da vuelta",234,11059,"#dddddd","OTROS"
"414",2022,13,0,1,"05604","Remedios","Antioquia",997,"VOTOS NULOS","Presidencia 2da vuelta",124,11059,"#808080","VOTOS NULOS"
"415",2022,13,0,1,"05604","Remedios","Antioquia",998,"VOTOS NO MARCADOS","Presidencia 2da vuelta",22,11059,"#dddddd","OTROS"
"416",2022,13,0,1,"05607","Retiro","Antioquia",1076,"LIGA DE GOBERNANTES ANTICORRUPCION","Presidencia 2da vuelta",11089,14374,"#f07605","LIGA DE GOBERNANTES ANTICORRUPCION"
"417",2022,13,0,1,"05607","Retiro","Antioquia",1235,"COALICION PACTO HISTORICO","Presidencia 2da vuelta",2391,14374,"#1b3383","COALICION PACTO HISTORICO"
"418",2022,13,0,1,"05607","Retiro","Antioquia",996,"VOTOS EN BLANCO","Presidencia 2da vuelta",325,14374,"#dddddd","OTROS"
"419",2022,13,0,1,"05607","Retiro","Antioquia",997,"VOTOS NULOS","Presidencia 2da vuelta",122,14374,"#808080","VOTOS NULOS"
"420",2022,13,0,1,"05607","Retiro","Antioquia",998,"VOTOS NO MARCADOS","Presidencia 2da vuelta",16,14374,"#dddddd","OTROS"
"421",2022,13,0,1,"05615","Rionegro","Antioquia",1076,"LIGA DE GOBERNANTES ANTICORRUPCION","Presidencia 2da vuelta",57728,8925,"#f07605","LIGA DE GOBERNANTES ANTICORRUPCION"
"422",2022,13,0,1,"05615","Rionegro","Antioquia",1235,"COALICION PACTO HISTORICO","Presidencia 2da vuelta",20835,8925,"#1b3383","COALICION PACTO HISTORICO"
"423",2022,13,0,1,"05615","Rionegro","Antioquia",996,"VOTOS EN BLANCO","Presidencia 2da vuelta",2149,8925,"#dddddd","OTROS"
"424",2022,13,0,1,"05615","Rionegro","Antioquia",997,"VOTOS NULOS","Presidencia 2da vuelta",1230,8925,"#808080","VOTOS NULOS"
"425",2022,13,0,1,"05615","Rionegro","Antioquia",998,"VOTOS NO MARCADOS","Presidencia 2da vuelta",67,8925,"#dddddd","OTROS"
"426",2022,13,0,1,"05628","Sabanalarga","Antioquia",1076,"LIGA DE GOBERNANTES ANTICORRUPCION","Presidencia 2da vuelta",2956,6104,"#f07605","LIGA DE GOBERNANTES ANTICORRUPCION"
"427",2022,13,0,1,"05628","Sabanalarga","Antioquia",1235,"COALICION PACTO HISTORICO","Presidencia 2da vuelta",588,6104,"#1b3383","COALICION PACTO HISTORICO"
"428",2022,13,0,1,"05628","Sabanalarga","Antioquia",996,"VOTOS EN BLANCO","Presidencia 2da vuelta",65,6104,"#dddddd","OTROS"
"429",2022,13,0,1,"05628","Sabanalarga","Antioquia",997,"VOTOS NULOS","Presidencia 2da vuelta",30,6104,"#808080","VOTOS NULOS"
"430",2022,13,0,1,"05628","Sabanalarga","Antioquia",998,"VOTOS NO MARCADOS","Presidencia 2da vuelta",17,6104,"#dddddd","OTROS"
"431",2022,13,0,1,"05631","Sabaneta","Antioquia",1076,"LIGA DE GOBERNANTES ANTICORRUPCION","Presidencia 2da vuelta",40723,9873,"#f07605","LIGA DE GOBERNANTES ANTICORRUPCION"
"432",2022,13,0,1,"05631","Sabaneta","Antioquia",1235,"COALICION PACTO HISTORICO","Presidencia 2da vuelta",16631,9873,"#1b3383","COALICION PACTO HISTORICO"
"433",2022,13,0,1,"05631","Sabaneta","Antioquia",996,"VOTOS EN BLANCO","Presidencia 2da vuelta",1771,9873,"#dddddd","OTROS"
"434",2022,13,0,1,"05631","Sabaneta","Antioquia",997,"VOTOS NULOS","Presidencia 2da vuelta",529,9873,"#808080","VOTOS NULOS"
"435",2022,13,0,1,"05631","Sabaneta","Antioquia",998,"VOTOS NO MARCADOS","Presidencia 2da vuelta",22,9873,"#dddddd","OTROS"
"436",2022,13,0,1,"05642","Salgar","Antioquia",1076,"LIGA DE GOBERNANTES ANTICORRUPCION","Presidencia 2da vuelta",5019,11532,"#f07605","LIGA DE GOBERNANTES ANTICORRUPCION"
"437",2022,13,0,1,"05642","Salgar","Antioquia",1235,"COALICION PACTO HISTORICO","Presidencia 2da vuelta",751,11532,"#1b3383","COALICION PACTO HISTORICO"
"438",2022,13,0,1,"05642","Salgar","Antioquia",996,"VOTOS EN BLANCO","Presidencia 2da vuelta",79,11532,"#dddddd","OTROS"
"439",2022,13,0,1,"05642","Salgar","Antioquia",997,"VOTOS NULOS","Presidencia 2da vuelta",40,11532,"#808080","VOTOS NULOS"
"440",2022,13,0,1,"05642","Salgar","Antioquia",998,"VOTOS NO MARCADOS","Presidencia 2da vuelta",23,11532,"#dddddd","OTROS"
"441",2022,13,0,1,"05647","San Andrés de Cuerquía","Antioquia",1076,"LIGA DE GOBERNANTES ANTICORRUPCION","Presidencia 2da vuelta",1797,4354,"#f07605","LIGA DE GOBERNANTES ANTICORRUPCION"
"442",2022,13,0,1,"05647","San Andrés de Cuerquía","Antioquia",1235,"COALICION PACTO HISTORICO","Presidencia 2da vuelta",443,4354,"#1b3383","COALICION PACTO HISTORICO"
"443",2022,13,0,1,"05647","San Andrés de Cuerquía","Antioquia",996,"VOTOS EN BLANCO","Presidencia 2da vuelta",53,4354,"#dddddd","OTROS"
"444",2022,13,0,1,"05647","San Andrés de Cuerquía","Antioquia",997,"VOTOS NULOS","Presidencia 2da vuelta",50,4354,"#808080","VOTOS NULOS"
"445",2022,13,0,1,"05647","San Andrés de Cuerquía","Antioquia",998,"VOTOS NO MARCADOS","Presidencia 2da vuelta",8,4354,"#dddddd","OTROS"
"446",2022,13,0,1,"05649","San Carlos","Antioquia",1076,"LIGA DE GOBERNANTES ANTICORRUPCION","Presidencia 2da vuelta",6010,11810,"#f07605","LIGA DE GOBERNANTES ANTICORRUPCION"
"447",2022,13,0,1,"05649","San Carlos","Antioquia",1235,"COALICION PACTO HISTORICO","Presidencia 2da vuelta",1589,11810,"#1b3383","COALICION PACTO HISTORICO"
"448",2022,13,0,1,"05649","San Carlos","Antioquia",996,"VOTOS EN BLANCO","Presidencia 2da vuelta",122,11810,"#dddddd","OTROS"
"449",2022,13,0,1,"05649","San Carlos","Antioquia",997,"VOTOS NULOS","Presidencia 2da vuelta",62,11810,"#808080","VOTOS NULOS"
"450",2022,13,0,1,"05649","San Carlos","Antioquia",998,"VOTOS NO MARCADOS","Presidencia 2da vuelta",14,11810,"#dddddd","OTROS"
"451",2022,13,0,1,"05652","San Francisco","Antioquia",1076,"LIGA DE GOBERNANTES ANTICORRUPCION","Presidencia 2da vuelta",2395,5282,"#f07605","LIGA DE GOBERNANTES ANTICORRUPCION"
"452",2022,13,0,1,"05652","San Francisco","Antioquia",1235,"COALICION PACTO HISTORICO","Presidencia 2da vuelta",577,5282,"#1b3383","COALICION PACTO HISTORICO"
"453",2022,13,0,1,"05652","San Francisco","Antioquia",996,"VOTOS EN BLANCO","Presidencia 2da vuelta",40,5282,"#dddddd","OTROS"
"454",2022,13,0,1,"05652","San Francisco","Antioquia",997,"VOTOS NULOS","Presidencia 2da vuelta",15,5282,"#808080","VOTOS NULOS"
"455",2022,13,0,1,"05652","San Francisco","Antioquia",998,"VOTOS NO MARCADOS","Presidencia 2da vuelta",7,5282,"#dddddd","OTROS"
"456",2022,13,0,1,"05656","San Jerónimo","Antioquia",1076,"LIGA DE GOBERNANTES ANTICORRUPCION","Presidencia 2da vuelta",5367,10862,"#f07605","LIGA DE GOBERNANTES ANTICORRUPCION"
"457",2022,13,0,1,"05656","San Jerónimo","Antioquia",1235,"COALICION PACTO HISTORICO","Presidencia 2da vuelta",1169,10862,"#1b3383","COALICION PACTO HISTORICO"
"458",2022,13,0,1,"05656","San Jerónimo","Antioquia",996,"VOTOS EN BLANCO","Presidencia 2da vuelta",148,10862,"#dddddd","OTROS"
"459",2022,13,0,1,"05656","San Jerónimo","Antioquia",997,"VOTOS NULOS","Presidencia 2da vuelta",87,10862,"#808080","VOTOS NULOS"
"460",2022,13,0,1,"05656","San Jerónimo","Antioquia",998,"VOTOS NO MARCADOS","Presidencia 2da vuelta",12,10862,"#dddddd","OTROS"
"461",2022,13,0,1,"05658","San José de La Montaña","Antioquia",1076,"LIGA DE GOBERNANTES ANTICORRUPCION","Presidencia 2da vuelta",1178,3270,"#f07605","LIGA DE GOBERNANTES ANTICORRUPCION"
"462",2022,13,0,1,"05658","San José de La Montaña","Antioquia",1235,"COALICION PACTO HISTORICO","Presidencia 2da vuelta",274,3270,"#1b3383","COALICION PACTO HISTORICO"
"463",2022,13,0,1,"05658","San José de La Montaña","Antioquia",996,"VOTOS EN BLANCO","Presidencia 2da vuelta",46,3270,"#dddddd","OTROS"
"464",2022,13,0,1,"05658","San José de La Montaña","Antioquia",997,"VOTOS NULOS","Presidencia 2da vuelta",29,3270,"#808080","VOTOS NULOS"
"465",2022,13,0,1,"05658","San José de La Montaña","Antioquia",998,"VOTOS NO MARCADOS","Presidencia 2da vuelta",8,3270,"#dddddd","OTROS"
"466",2022,13,0,1,"05659","San Juan de Urabá","Antioquia",1076,"LIGA DE GOBERNANTES ANTICORRUPCION","Presidencia 2da vuelta",5209,7250,"#f07605","LIGA DE GOBERNANTES ANTICORRUPCION"
"467",2022,13,0,1,"05659","San Juan de Urabá","Antioquia",1235,"COALICION PACTO HISTORICO","Presidencia 2da vuelta",3803,7250,"#1b3383","COALICION PACTO HISTORICO"
"468",2022,13,0,1,"05659","San Juan de Urabá","Antioquia",996,"VOTOS EN BLANCO","Presidencia 2da vuelta",122,7250,"#dddddd","OTROS"
"469",2022,13,0,1,"05659","San Juan de Urabá","Antioquia",997,"VOTOS NULOS","Presidencia 2da vuelta",48,7250,"#808080","VOTOS NULOS"
"470",2022,13,0,1,"05659","San Juan de Urabá","Antioquia",998,"VOTOS NO MARCADOS","Presidencia 2da vuelta",19,7250,"#dddddd","OTROS"
"471",2022,13,0,1,"05660","San Luis","Antioquia",1076,"LIGA DE GOBERNANTES ANTICORRUPCION","Presidencia 2da vuelta",5058,8670,"#f07605","LIGA DE GOBERNANTES ANTICORRUPCION"
"472",2022,13,0,1,"05660","San Luis","Antioquia",1235,"COALICION PACTO HISTORICO","Presidencia 2da vuelta",1136,8670,"#1b3383","COALICION PACTO HISTORICO"
"473",2022,13,0,1,"05660","San Luis","Antioquia",996,"VOTOS EN BLANCO","Presidencia 2da vuelta",105,8670,"#dddddd","OTROS"
"474",2022,13,0,1,"05660","San Luis","Antioquia",997,"VOTOS NULOS","Presidencia 2da vuelta",31,8670,"#808080","VOTOS NULOS"
"475",2022,13,0,1,"05660","San Luis","Antioquia",998,"VOTOS NO MARCADOS","Presidencia 2da vuelta",16,8670,"#dddddd","OTROS"
"476",2022,13,0,1,"05664","San Pedro","Antioquia",1076,"LIGA DE GOBERNANTES ANTICORRUPCION","Presidencia 2da vuelta",9989,4736,"#f07605","LIGA DE GOBERNANTES ANTICORRUPCION"
"477",2022,13,0,1,"05664","San Pedro","Antioquia",1235,"COALICION PACTO HISTORICO","Presidencia 2da vuelta",2438,4736,"#1b3383","COALICION PACTO HISTORICO"
"478",2022,13,0,1,"05664","San Pedro","Antioquia",996,"VOTOS EN BLANCO","Presidencia 2da vuelta",396,4736,"#dddddd","OTROS"
"479",2022,13,0,1,"05664","San Pedro","Antioquia",997,"VOTOS NULOS","Presidencia 2da vuelta",203,4736,"#808080","VOTOS NULOS"
"480",2022,13,0,1,"05664","San Pedro","Antioquia",998,"VOTOS NO MARCADOS","Presidencia 2da vuelta",20,4736,"#dddddd","OTROS"
"481",2022,13,0,1,"05665","San Pedro de Urabá","Antioquia",1076,"LIGA DE GOBERNANTES ANTICORRUPCION","Presidencia 2da vuelta",8171,6240,"#f07605","LIGA DE GOBERNANTES ANTICORRUPCION"
"482",2022,13,0,1,"05665","San Pedro de Urabá","Antioquia",1235,"COALICION PACTO HISTORICO","Presidencia 2da vuelta",3230,6240,"#1b3383","COALICION PACTO HISTORICO"
"483",2022,13,0,1,"05665","San Pedro de Urabá","Antioquia",996,"VOTOS EN BLANCO","Presidencia 2da vuelta",225,6240,"#dddddd","OTROS"
"484",2022,13,0,1,"05665","San Pedro de Urabá","Antioquia",997,"VOTOS NULOS","Presidencia 2da vuelta",71,6240,"#808080","VOTOS NULOS"
"485",2022,13,0,1,"05665","San Pedro de Urabá","Antioquia",998,"VOTOS NO MARCADOS","Presidencia 2da vuelta",18,6240,"#dddddd","OTROS"
"486",2022,13,0,1,"05667","San Rafael","Antioquia",1076,"LIGA DE GOBERNANTES ANTICORRUPCION","Presidencia 2da vuelta",5202,12662,"#f07605","LIGA DE GOBERNANTES ANTICORRUPCION"
"487",2022,13,0,1,"05667","San Rafael","Antioquia",1235,"COALICION PACTO HISTORICO","Presidencia 2da vuelta",1665,12662,"#1b3383","COALICION PACTO HISTORICO"
"488",2022,13,0,1,"05667","San Rafael","Antioquia",996,"VOTOS EN BLANCO","Presidencia 2da vuelta",115,12662,"#dddddd","OTROS"
"489",2022,13,0,1,"05667","San Rafael","Antioquia",997,"VOTOS NULOS","Presidencia 2da vuelta",84,12662,"#808080","VOTOS NULOS"
"490",2022,13,0,1,"05667","San Rafael","Antioquia",998,"VOTOS NO MARCADOS","Presidencia 2da vuelta",14,12662,"#dddddd","OTROS"
"491",2022,13,0,1,"05670","San Roque","Antioquia",1076,"LIGA DE GOBERNANTES ANTICORRUPCION","Presidencia 2da vuelta",6182,10712,"#f07605","LIGA DE GOBERNANTES ANTICORRUPCION"
"492",2022,13,0,1,"05670","San Roque","Antioquia",1235,"COALICION PACTO HISTORICO","Presidencia 2da vuelta",1267,10712,"#1b3383","COALICION PACTO HISTORICO"
"493",2022,13,0,1,"05670","San Roque","Antioquia",996,"VOTOS EN BLANCO","Presidencia 2da vuelta",169,10712,"#dddddd","OTROS"
"494",2022,13,0,1,"05670","San Roque","Antioquia",997,"VOTOS NULOS","Presidencia 2da vuelta",100,10712,"#808080","VOTOS NULOS"
"495",2022,13,0,1,"05670","San Roque","Antioquia",998,"VOTOS NO MARCADOS","Presidencia 2da vuelta",34,10712,"#dddddd","OTROS"
"496",2022,13,0,1,"05674","San Vicente","Antioquia",1076,"LIGA DE GOBERNANTES ANTICORRUPCION","Presidencia 2da vuelta",8531,11989,"#f07605","LIGA DE GOBERNANTES ANTICORRUPCION"
"497",2022,13,0,1,"05674","San Vicente","Antioquia",1235,"COALICION PACTO HISTORICO","Presidencia 2da vuelta",1734,11989,"#1b3383","COALICION PACTO HISTORICO"
"498",2022,13,0,1,"05674","San Vicente","Antioquia",996,"VOTOS EN BLANCO","Presidencia 2da vuelta",221,11989,"#dddddd","OTROS"
"499",2022,13,0,1,"05674","San Vicente","Antioquia",997,"VOTOS NULOS","Presidencia 2da vuelta",160,11989,"#808080","VOTOS NULOS"
"500",2022,13,0,1,"05674","San Vicente","Antioquia",998,"VOTOS NO MARCADOS","Presidencia 2da vuelta",23,11989,"#dddddd","OTROS"
"501",2022,13,0,1,"05679","Santa Bárbara","Antioquia",1076,"LIGA DE GOBERNANTES ANTICORRUPCION","Presidencia 2da vuelta",7849,5873,"#f07605","LIGA DE GOBERNANTES ANTICORRUPCION"
"502",2022,13,0,1,"05679","Santa Bárbara","Antioquia",1235,"COALICION PACTO HISTORICO","Presidencia 2da vuelta",2924,5873,"#1b3383","COALICION PACTO HISTORICO"
"503",2022,13,0,1,"05679","Santa Bárbara","Antioquia",996,"VOTOS EN BLANCO","Presidencia 2da vuelta",308,5873,"#dddddd","OTROS"
"504",2022,13,0,1,"05679","Santa Bárbara","Antioquia",997,"VOTOS NULOS","Presidencia 2da vuelta",202,5873,"#808080","VOTOS NULOS"
"505",2022,13,0,1,"05679","Santa Bárbara","Antioquia",998,"VOTOS NO MARCADOS","Presidencia 2da vuelta",30,5873,"#dddddd","OTROS"
"506",2022,13,0,1,"05686","Santa Rosa de Osos","Antioquia",1076,"LIGA DE GOBERNANTES ANTICORRUPCION","Presidencia 2da vuelta",11216,6168,"#f07605","LIGA DE GOBERNANTES ANTICORRUPCION"
"507",2022,13,0,1,"05686","Santa Rosa de Osos","Antioquia",1235,"COALICION PACTO HISTORICO","Presidencia 2da vuelta",3044,6168,"#1b3383","COALICION PACTO HISTORICO"
"508",2022,13,0,1,"05686","Santa Rosa de Osos","Antioquia",996,"VOTOS EN BLANCO","Presidencia 2da vuelta",626,6168,"#dddddd","OTROS"
"509",2022,13,0,1,"05686","Santa Rosa de Osos","Antioquia",997,"VOTOS NULOS","Presidencia 2da vuelta",356,6168,"#808080","VOTOS NULOS"
"510",2022,13,0,1,"05686","Santa Rosa de Osos","Antioquia",998,"VOTOS NO MARCADOS","Presidencia 2da vuelta",47,6168,"#dddddd","OTROS"
"511",2022,13,0,1,"05690","Santo Domingo","Antioquia",1076,"LIGA DE GOBERNANTES ANTICORRUPCION","Presidencia 2da vuelta",3888,5827,"#f07605","LIGA DE GOBERNANTES ANTICORRUPCION"
"512",2022,13,0,1,"05690","Santo Domingo","Antioquia",1235,"COALICION PACTO HISTORICO","Presidencia 2da vuelta",898,5827,"#1b3383","COALICION PACTO HISTORICO"
"513",2022,13,0,1,"05690","Santo Domingo","Antioquia",996,"VOTOS EN BLANCO","Presidencia 2da vuelta",110,5827,"#dddddd","OTROS"
"514",2022,13,0,1,"05690","Santo Domingo","Antioquia",997,"VOTOS NULOS","Presidencia 2da vuelta",76,5827,"#808080","VOTOS NULOS"
"515",2022,13,0,1,"05690","Santo Domingo","Antioquia",998,"VOTOS NO MARCADOS","Presidencia 2da vuelta",16,5827,"#dddddd","OTROS"
"516",2022,13,0,1,"05697","El Santuario","Antioquia",1076,"LIGA DE GOBERNANTES ANTICORRUPCION","Presidencia 2da vuelta",16105,7081,"#f07605","LIGA DE GOBERNANTES ANTICORRUPCION"
"517",2022,13,0,1,"05697","El Santuario","Antioquia",1235,"COALICION PACTO HISTORICO","Presidencia 2da vuelta",2776,7081,"#1b3383","COALICION PACTO HISTORICO"
"518",2022,13,0,1,"05697","El Santuario","Antioquia",996,"VOTOS EN BLANCO","Presidencia 2da vuelta",310,7081,"#dddddd","OTROS"
"519",2022,13,0,1,"05697","El Santuario","Antioquia",997,"VOTOS NULOS","Presidencia 2da vuelta",162,7081,"#808080","VOTOS NULOS"
"520",2022,13,0,1,"05697","El Santuario","Antioquia",998,"VOTOS NO MARCADOS","Presidencia 2da vuelta",23,7081,"#dddddd","OTROS"
"521",2022,13,0,1,"05736","Segovia","Antioquia",1235,"COALICION PACTO HISTORICO","Presidencia 2da vuelta",6386,6486,"#1b3383","COALICION PACTO HISTORICO"
"522",2022,13,0,1,"05736","Segovia","Antioquia",1076,"LIGA DE GOBERNANTES ANTICORRUPCION","Presidencia 2da vuelta",3572,6486,"#f07605","LIGA DE GOBERNANTES ANTICORRUPCION"
"523",2022,13,0,1,"05736","Segovia","Antioquia",996,"VOTOS EN BLANCO","Presidencia 2da vuelta",404,6486,"#dddddd","OTROS"
"524",2022,13,0,1,"05736","Segovia","Antioquia",997,"VOTOS NULOS","Presidencia 2da vuelta",181,6486,"#808080","VOTOS NULOS"
"525",2022,13,0,1,"05736","Segovia","Antioquia",998,"VOTOS NO MARCADOS","Presidencia 2da vuelta",27,6486,"#dddddd","OTROS"
"526",2022,13,0,1,"05756","Sonsón","Antioquia",1076,"LIGA DE GOBERNANTES ANTICORRUPCION","Presidencia 2da vuelta",12478,5297,"#f07605","LIGA DE GOBERNANTES ANTICORRUPCION"
"527",2022,13,0,1,"05756","Sonsón","Antioquia",1235,"COALICION PACTO HISTORICO","Presidencia 2da vuelta",2109,5297,"#1b3383","COALICION PACTO HISTORICO"
"528",2022,13,0,1,"05756","Sonsón","Antioquia",996,"VOTOS EN BLANCO","Presidencia 2da vuelta",333,5297,"#dddddd","OTROS"
"529",2022,13,0,1,"05756","Sonsón","Antioquia",997,"VOTOS NULOS","Presidencia 2da vuelta",243,5297,"#808080","VOTOS NULOS"
"530",2022,13,0,1,"05756","Sonsón","Antioquia",998,"VOTOS NO MARCADOS","Presidencia 2da vuelta",41,5297,"#dddddd","OTROS"
"531",2022,13,0,1,"05761","Sopetrán","Antioquia",1076,"LIGA DE GOBERNANTES ANTICORRUPCION","Presidencia 2da vuelta",5022,10612,"#f07605","LIGA DE GOBERNANTES ANTICORRUPCION"
"532",2022,13,0,1,"05761","Sopetrán","Antioquia",1235,"COALICION PACTO HISTORICO","Presidencia 2da vuelta",1671,10612,"#1b3383","COALICION PACTO HISTORICO"
"533",2022,13,0,1,"05761","Sopetrán","Antioquia",996,"VOTOS EN BLANCO","Presidencia 2da vuelta",118,10612,"#dddddd","OTROS"
"534",2022,13,0,1,"05761","Sopetrán","Antioquia",997,"VOTOS NULOS","Presidencia 2da vuelta",82,10612,"#808080","VOTOS NULOS"
"535",2022,13,0,1,"05761","Sopetrán","Antioquia",998,"VOTOS NO MARCADOS","Presidencia 2da vuelta",9,10612,"#dddddd","OTROS"
"536",2022,13,0,1,"05789","Támesis","Antioquia",1076,"LIGA DE GOBERNANTES ANTICORRUPCION","Presidencia 2da vuelta",5997,12230,"#f07605","LIGA DE GOBERNANTES ANTICORRUPCION"
"537",2022,13,0,1,"05789","Támesis","Antioquia",1235,"COALICION PACTO HISTORICO","Presidencia 2da vuelta",2035,12230,"#1b3383","COALICION PACTO HISTORICO"
"538",2022,13,0,1,"05789","Támesis","Antioquia",996,"VOTOS EN BLANCO","Presidencia 2da vuelta",176,12230,"#dddddd","OTROS"
"539",2022,13,0,1,"05789","Támesis","Antioquia",997,"VOTOS NULOS","Presidencia 2da vuelta",90,12230,"#808080","VOTOS NULOS"
"540",2022,13,0,1,"05789","Támesis","Antioquia",998,"VOTOS NO MARCADOS","Presidencia 2da vuelta",19,12230,"#dddddd","OTROS"
"541",2022,13,0,1,"05790","Tarazá","Antioquia",1235,"COALICION PACTO HISTORICO","Presidencia 2da vuelta",4177,4286,"#1b3383","COALICION PACTO HISTORICO"
"542",2022,13,0,1,"05790","Tarazá","Antioquia",1076,"LIGA DE GOBERNANTES ANTICORRUPCION","Presidencia 2da vuelta",2619,4286,"#f07605","LIGA DE GOBERNANTES ANTICORRUPCION"
"543",2022,13,0,1,"05790","Tarazá","Antioquia",996,"VOTOS EN BLANCO","Presidencia 2da vuelta",157,4286,"#dddddd","OTROS"
"544",2022,13,0,1,"05790","Tarazá","Antioquia",997,"VOTOS NULOS","Presidencia 2da vuelta",93,4286,"#808080","VOTOS NULOS"
"545",2022,13,0,1,"05790","Tarazá","Antioquia",998,"VOTOS NO MARCADOS","Presidencia 2da vuelta",21,4286,"#dddddd","OTROS"
"546",2022,13,0,1,"05792","Tarso","Antioquia",1076,"LIGA DE GOBERNANTES ANTICORRUPCION","Presidencia 2da vuelta",1935,6060,"#f07605","LIGA DE GOBERNANTES ANTICORRUPCION"
"547",2022,13,0,1,"05792","Tarso","Antioquia",1235,"COALICION PACTO HISTORICO","Presidencia 2da vuelta",1000,6060,"#1b3383","COALICION PACTO HISTORICO"
"548",2022,13,0,1,"05792","Tarso","Antioquia",996,"VOTOS EN BLANCO","Presidencia 2da vuelta",64,6060,"#dddddd","OTROS"
"549",2022,13,0,1,"05792","Tarso","Antioquia",997,"VOTOS NULOS","Presidencia 2da vuelta",28,6060,"#808080","VOTOS NULOS"
"550",2022,13,0,1,"05792","Tarso","Antioquia",998,"VOTOS NO MARCADOS","Presidencia 2da vuelta",10,6060,"#dddddd","OTROS"
"551",2022,13,0,1,"05809","Titiribí","Antioquia",1076,"LIGA DE GOBERNANTES ANTICORRUPCION","Presidencia 2da vuelta",2885,4339,"#f07605","LIGA DE GOBERNANTES ANTICORRUPCION"
"552",2022,13,0,1,"05809","Titiribí","Antioquia",1235,"COALICION PACTO HISTORICO","Presidencia 2da vuelta",740,4339,"#1b3383","COALICION PACTO HISTORICO"
"553",2022,13,0,1,"05809","Titiribí","Antioquia",996,"VOTOS EN BLANCO","Presidencia 2da vuelta",80,4339,"#dddddd","OTROS"
"554",2022,13,0,1,"05809","Titiribí","Antioquia",997,"VOTOS NULOS","Presidencia 2da vuelta",57,4339,"#808080","VOTOS NULOS"
"555",2022,13,0,1,"05809","Titiribí","Antioquia",998,"VOTOS NO MARCADOS","Presidencia 2da vuelta",11,4339,"#dddddd","OTROS"
"556",2022,13,0,1,"05819","Toledo","Antioquia",1076,"LIGA DE GOBERNANTES ANTICORRUPCION","Presidencia 2da vuelta",1284,4167,"#f07605","LIGA DE GOBERNANTES ANTICORRUPCION"
"557",2022,13,0,1,"05819","Toledo","Antioquia",1235,"COALICION PACTO HISTORICO","Presidencia 2da vuelta",463,4167,"#1b3383","COALICION PACTO HISTORICO"
"558",2022,13,0,1,"05819","Toledo","Antioquia",996,"VOTOS EN BLANCO","Presidencia 2da vuelta",57,4167,"#dddddd","OTROS"
"559",2022,13,0,1,"05819","Toledo","Antioquia",997,"VOTOS NULOS","Presidencia 2da vuelta",47,4167,"#808080","VOTOS NULOS"
"560",2022,13,0,1,"05819","Toledo","Antioquia",998,"VOTOS NO MARCADOS","Presidencia 2da vuelta",13,4167,"#dddddd","OTROS"
"561",2022,13,0,1,"05837","Turbo","Antioquia",1235,"COALICION PACTO HISTORICO","Presidencia 2da vuelta",27091,10369,"#1b3383","COALICION PACTO HISTORICO"
"562",2022,13,0,1,"05837","Turbo","Antioquia",1076,"LIGA DE GOBERNANTES ANTICORRUPCION","Presidencia 2da vuelta",13782,10369,"#f07605","LIGA DE GOBERNANTES ANTICORRUPCION"
"563",2022,13,0,1,"05837","Turbo","Antioquia",996,"VOTOS EN BLANCO","Presidencia 2da vuelta",1028,10369,"#dddddd","OTROS"
"564",2022,13,0,1,"05837","Turbo","Antioquia",997,"VOTOS NULOS","Presidencia 2da vuelta",546,10369,"#808080","VOTOS NULOS"
"565",2022,13,0,1,"05837","Turbo","Antioquia",998,"VOTOS NO MARCADOS","Presidencia 2da vuelta",70,10369,"#dddddd","OTROS"
"566",2022,13,0,1,"05842","Uramita","Antioquia",1076,"LIGA DE GOBERNANTES ANTICORRUPCION","Presidencia 2da vuelta",2156,6095,"#f07605","LIGA DE GOBERNANTES ANTICORRUPCION"
"567",2022,13,0,1,"05842","Uramita","Antioquia",1235,"COALICION PACTO HISTORICO","Presidencia 2da vuelta",525,6095,"#1b3383","COALICION PACTO HISTORICO"
"568",2022,13,0,1,"05842","Uramita","Antioquia",996,"VOTOS EN BLANCO","Presidencia 2da vuelta",50,6095,"#dddddd","OTROS"
"569",2022,13,0,1,"05842","Uramita","Antioquia",997,"VOTOS NULOS","Presidencia 2da vuelta",30,6095,"#808080","VOTOS NULOS"
"570",2022,13,0,1,"05842","Uramita","Antioquia",998,"VOTOS NO MARCADOS","Presidencia 2da vuelta",12,6095,"#dddddd","OTROS"
"571",2022,13,0,1,"05847","Urrao","Antioquia",1076,"LIGA DE GOBERNANTES ANTICORRUPCION","Presidencia 2da vuelta",7192,5756,"#f07605","LIGA DE GOBERNANTES ANTICORRUPCION"
"572",2022,13,0,1,"05847","Urrao","Antioquia",1235,"COALICION PACTO HISTORICO","Presidencia 2da vuelta",2080,5756,"#1b3383","COALICION PACTO HISTORICO"
"573",2022,13,0,1,"05847","Urrao","Antioquia",996,"VOTOS EN BLANCO","Presidencia 2da vuelta",285,5756,"#dddddd","OTROS"
"574",2022,13,0,1,"05847","Urrao","Antioquia",997,"VOTOS NULOS","Presidencia 2da vuelta",102,5756,"#808080","VOTOS NULOS"
"575",2022,13,0,1,"05847","Urrao","Antioquia",998,"VOTOS NO MARCADOS","Presidencia 2da vuelta",31,5756,"#dddddd","OTROS"
"576",2022,13,0,1,"05854","Valdivia","Antioquia",1076,"LIGA DE GOBERNANTES ANTICORRUPCION","Presidencia 2da vuelta",2227,6922,"#f07605","LIGA DE GOBERNANTES ANTICORRUPCION"
"577",2022,13,0,1,"05854","Valdivia","Antioquia",1235,"COALICION PACTO HISTORICO","Presidencia 2da vuelta",1758,6922,"#1b3383","COALICION PACTO HISTORICO"
"578",2022,13,0,1,"05854","Valdivia","Antioquia",996,"VOTOS EN BLANCO","Presidencia 2da vuelta",94,6922,"#dddddd","OTROS"
"579",2022,13,0,1,"05854","Valdivia","Antioquia",997,"VOTOS NULOS","Presidencia 2da vuelta",69,6922,"#808080","VOTOS NULOS"
"580",2022,13,0,1,"05854","Valdivia","Antioquia",998,"VOTOS NO MARCADOS","Presidencia 2da vuelta",15,6922,"#dddddd","OTROS"
"581",2022,13,0,1,"05856","Valparaíso","Antioquia",1076,"LIGA DE GOBERNANTES ANTICORRUPCION","Presidencia 2da vuelta",2150,5631,"#f07605","LIGA DE GOBERNANTES ANTICORRUPCION"
"582",2022,13,0,1,"05856","Valparaíso","Antioquia",1235,"COALICION PACTO HISTORICO","Presidencia 2da vuelta",819,5631,"#1b3383","COALICION PACTO HISTORICO"
"583",2022,13,0,1,"05856","Valparaíso","Antioquia",996,"VOTOS EN BLANCO","Presidencia 2da vuelta",62,5631,"#dddddd","OTROS"
"584",2022,13,0,1,"05856","Valparaíso","Antioquia",997,"VOTOS NULOS","Presidencia 2da vuelta",29,5631,"#808080","VOTOS NULOS"
"585",2022,13,0,1,"05856","Valparaíso","Antioquia",998,"VOTOS NO MARCADOS","Presidencia 2da vuelta",10,5631,"#dddddd","OTROS"
"586",2022,13,0,1,"05858","Vegachí","Antioquia",1076,"LIGA DE GOBERNANTES ANTICORRUPCION","Presidencia 2da vuelta",3910,6819,"#f07605","LIGA DE GOBERNANTES ANTICORRUPCION"
"587",2022,13,0,1,"05858","Vegachí","Antioquia",1235,"COALICION PACTO HISTORICO","Presidencia 2da vuelta",848,6819,"#1b3383","COALICION PACTO HISTORICO"
"588",2022,13,0,1,"05858","Vegachí","Antioquia",996,"VOTOS EN BLANCO","Presidencia 2da vuelta",126,6819,"#dddddd","OTROS"
"589",2022,13,0,1,"05858","Vegachí","Antioquia",997,"VOTOS NULOS","Presidencia 2da vuelta",71,6819,"#808080","VOTOS NULOS"
"590",2022,13,0,1,"05858","Vegachí","Antioquia",998,"VOTOS NO MARCADOS","Presidencia 2da vuelta",14,6819,"#dddddd","OTROS"
"591",2022,13,0,1,"05861","Venecia","Antioquia",1076,"LIGA DE GOBERNANTES ANTICORRUPCION","Presidencia 2da vuelta",4614,7993,"#f07605","LIGA DE GOBERNANTES ANTICORRUPCION"
"592",2022,13,0,1,"05861","Venecia","Antioquia",1235,"COALICION PACTO HISTORICO","Presidencia 2da vuelta",1138,7993,"#1b3383","COALICION PACTO HISTORICO"
"593",2022,13,0,1,"05861","Venecia","Antioquia",996,"VOTOS EN BLANCO","Presidencia 2da vuelta",99,7993,"#dddddd","OTROS"
"594",2022,13,0,1,"05861","Venecia","Antioquia",997,"VOTOS NULOS","Presidencia 2da vuelta",58,7993,"#808080","VOTOS NULOS"
"595",2022,13,0,1,"05861","Venecia","Antioquia",998,"VOTOS NO MARCADOS","Presidencia 2da vuelta",9,7993,"#dddddd","OTROS"
"596",2022,13,0,1,"05873","Vigía del Fuerte","Antioquia",1235,"COALICION PACTO HISTORICO","Presidencia 2da vuelta",2284,2833,"#1b3383","COALICION PACTO HISTORICO"
"597",2022,13,0,1,"05873","Vigía del Fuerte","Antioquia",1076,"LIGA DE GOBERNANTES ANTICORRUPCION","Presidencia 2da vuelta",359,2833,"#f07605","LIGA DE GOBERNANTES ANTICORRUPCION"
"598",2022,13,0,1,"05873","Vigía del Fuerte","Antioquia",996,"VOTOS EN BLANCO","Presidencia 2da vuelta",50,2833,"#dddddd","OTROS"
"599",2022,13,0,1,"05873","Vigía del Fuerte","Antioquia",997,"VOTOS NULOS","Presidencia 2da vuelta",23,2833,"#808080","VOTOS NULOS"
"600",2022,13,0,1,"05873","Vigía del Fuerte","Antioquia",998,"VOTOS NO MARCADOS","Presidencia 2da vuelta",12,2833,"#dddddd","OTROS"
"601",2022,13,0,1,"05885","Yalí","Antioquia",1076,"LIGA DE GOBERNANTES ANTICORRUPCION","Presidencia 2da vuelta",2223,6404,"#f07605","LIGA DE GOBERNANTES ANTICORRUPCION"
"602",2022,13,0,1,"05885","Yalí","Antioquia",1235,"COALICION PACTO HISTORICO","Presidencia 2da vuelta",506,6404,"#1b3383","COALICION PACTO HISTORICO"
"603",2022,13,0,1,"05885","Yalí","Antioquia",996,"VOTOS EN BLANCO","Presidencia 2da vuelta",53,6404,"#dddddd","OTROS"
"604",2022,13,0,1,"05885","Yalí","Antioquia",997,"VOTOS NULOS","Presidencia 2da vuelta",27,6404,"#808080","VOTOS NULOS"
"605",2022,13,0,1,"05885","Yalí","Antioquia",998,"VOTOS NO MARCADOS","Presidencia 2da vuelta",9,6404,"#dddddd","OTROS"
"606",2022,13,0,1,"05887","Yarumal","Antioquia",1076,"LIGA DE GOBERNANTES ANTICORRUPCION","Presidencia 2da vuelta",10603,2320,"#f07605","LIGA DE GOBERNANTES ANTICORRUPCION"
"607",2022,13,0,1,"05887","Yarumal","Antioquia",1235,"COALICION PACTO HISTORICO","Presidencia 2da vuelta",3726,2320,"#1b3383","COALICION PACTO HISTORICO"
"608",2022,13,0,1,"05887","Yarumal","Antioquia",996,"VOTOS EN BLANCO","Presidencia 2da vuelta",569,2320,"#dddddd","OTROS"
"609",2022,13,0,1,"05887","Yarumal","Antioquia",997,"VOTOS NULOS","Presidencia 2da vuelta",310,2320,"#808080","VOTOS NULOS"
"610",2022,13,0,1,"05887","Yarumal","Antioquia",998,"VOTOS NO MARCADOS","Presidencia 2da vuelta",42,2320,"#dddddd","OTROS"
"611",2022,13,0,1,"05890","Yolombó","Antioquia",1076,"LIGA DE GOBERNANTES ANTICORRUPCION","Presidencia 2da vuelta",5096,12912,"#f07605","LIGA DE GOBERNANTES ANTICORRUPCION"
"612",2022,13,0,1,"05890","Yolombó","Antioquia",1235,"COALICION PACTO HISTORICO","Presidencia 2da vuelta",1496,12912,"#1b3383","COALICION PACTO HISTORICO"
"613",2022,13,0,1,"05890","Yolombó","Antioquia",996,"VOTOS EN BLANCO","Presidencia 2da vuelta",156,12912,"#dddddd","OTROS"
"614",2022,13,0,1,"05890","Yolombó","Antioquia",997,"VOTOS NULOS","Presidencia 2da vuelta",81,12912,"#808080","VOTOS NULOS"
"615",2022,13,0,1,"05890","Yolombó","Antioquia",998,"VOTOS NO MARCADOS","Presidencia 2da vuelta",19,12912,"#dddddd","OTROS"
"616",2022,13,0,1,"05893","Yondó","Antioquia",1076,"LIGA DE GOBERNANTES ANTICORRUPCION","Presidencia 2da vuelta",5278,12150,"#f07605","LIGA DE GOBERNANTES ANTICORRUPCION"
"617",2022,13,0,1,"05893","Yondó","Antioquia",1235,"COALICION PACTO HISTORICO","Presidencia 2da vuelta",3556,12150,"#1b3383","COALICION PACTO HISTORICO"
"618",2022,13,0,1,"05893","Yondó","Antioquia",997,"VOTOS NULOS","Presidencia 2da vuelta",151,12150,"#808080","VOTOS NULOS"
"619",2022,13,0,1,"05893","Yondó","Antioquia",996,"VOTOS EN BLANCO","Presidencia 2da vuelta",146,12150,"#dddddd","OTROS"
"620",2022,13,0,1,"05893","Yondó","Antioquia",998,"VOTOS NO MARCADOS","Presidencia 2da vuelta",19,12150,"#dddddd","OTROS"
"621",2022,13,0,1,"05895","Zaragoza","Antioquia",1076,"LIGA DE GOBERNANTES ANTICORRUPCION","Presidencia 2da vuelta",3422,10737,"#f07605","LIGA DE GOBERNANTES ANTICORRUPCION"
"622",2022,13,0,1,"05895","Zaragoza","Antioquia",1235,"COALICION PACTO HISTORICO","Presidencia 2da vuelta",2799,10737,"#1b3383","COALICION PACTO HISTORICO"
"623",2022,13,0,1,"05895","Zaragoza","Antioquia",996,"VOTOS EN BLANCO","Presidencia 2da vuelta",160,10737,"#dddddd","OTROS"
"624",2022,13,0,1,"05895","Zaragoza","Antioquia",997,"VOTOS NULOS","Presidencia 2da vuelta",140,10737,"#808080","VOTOS NULOS"
"625",2022,13,0,1,"05895","Zaragoza","Antioquia",998,"VOTOS NO MARCADOS","Presidencia 2da vuelta",19,10737,"#dddddd","OTROS"
"626",2022,13,0,3,"08001","Barranquilla","Atlántico",1235,"COALICION PACTO HISTORICO","Presidencia 2da vuelta",358679,12632,"#1b3383","COALICION PACTO HISTORICO"
"627",2022,13,0,3,"08001","Barranquilla","Atlántico",1076,"LIGA DE GOBERNANTES ANTICORRUPCION","Presidencia 2da vuelta",190693,12632,"#f07605","LIGA DE GOBERNANTES ANTICORRUPCION"
"628",2022,13,0,3,"08001","Barranquilla","Atlántico",996,"VOTOS EN BLANCO","Presidencia 2da vuelta",9433,12632,"#dddddd","OTROS"
"629",2022,13,0,3,"08001","Barranquilla","Atlántico",997,"VOTOS NULOS","Presidencia 2da vuelta",2633,12632,"#808080","VOTOS NULOS"
"630",2022,13,0,3,"08001","Barranquilla","Atlántico",998,"VOTOS NO MARCADOS","Presidencia 2da vuelta",310,5871,"#dddddd","OTROS"
"631",2022,13,0,3,"08078","Baranoa","Atlántico",1235,"COALICION PACTO HISTORICO","Presidencia 2da vuelta",20621,5929,"#1b3383","COALICION PACTO HISTORICO"
"632",2022,13,0,3,"08078","Baranoa","Atlántico",1076,"LIGA DE GOBERNANTES ANTICORRUPCION","Presidencia 2da vuelta",8017,5929,"#f07605","LIGA DE GOBERNANTES ANTICORRUPCION"
"633",2022,13,0,3,"08078","Baranoa","Atlántico",996,"VOTOS EN BLANCO","Presidencia 2da vuelta",434,5929,"#dddddd","OTROS"
"634",2022,13,0,3,"08078","Baranoa","Atlántico",997,"VOTOS NULOS","Presidencia 2da vuelta",177,5929,"#808080","VOTOS NULOS"
"635",2022,13,0,3,"08078","Baranoa","Atlántico",998,"VOTOS NO MARCADOS","Presidencia 2da vuelta",30,5929,"#dddddd","OTROS"
"636",2022,13,0,3,"08137","Campo de La Cruz","Atlántico",1076,"LIGA DE GOBERNANTES ANTICORRUPCION","Presidencia 2da vuelta",5043,4887,"#f07605","LIGA DE GOBERNANTES ANTICORRUPCION"
"637",2022,13,0,3,"08137","Campo de La Cruz","Atlántico",1235,"COALICION PACTO HISTORICO","Presidencia 2da vuelta",3842,4887,"#1b3383","COALICION PACTO HISTORICO"
"638",2022,13,0,3,"08137","Campo de La Cruz","Atlántico",996,"VOTOS EN BLANCO","Presidencia 2da vuelta",135,4887,"#dddddd","OTROS"
"639",2022,13,0,3,"08137","Campo de La Cruz","Atlántico",997,"VOTOS NULOS","Presidencia 2da vuelta",62,4887,"#808080","VOTOS NULOS"
"640",2022,13,0,3,"08137","Campo de La Cruz","Atlántico",998,"VOTOS NO MARCADOS","Presidencia 2da vuelta",12,4887,"#dddddd","OTROS"
"641",2022,13,0,3,"08141","Candelaria","Atlántico",1076,"LIGA DE GOBERNANTES ANTICORRUPCION","Presidencia 2da vuelta",3097,10344,"#f07605","LIGA DE GOBERNANTES ANTICORRUPCION"
"642",2022,13,0,3,"08141","Candelaria","Atlántico",1235,"COALICION PACTO HISTORICO","Presidencia 2da vuelta",2945,10344,"#1b3383","COALICION PACTO HISTORICO"
"643",2022,13,0,3,"08141","Candelaria","Atlántico",996,"VOTOS EN BLANCO","Presidencia 2da vuelta",95,10344,"#dddddd","OTROS"
"644",2022,13,0,3,"08141","Candelaria","Atlántico",997,"VOTOS NULOS","Presidencia 2da vuelta",35,10344,"#808080","VOTOS NULOS"
"645",2022,13,0,3,"08141","Candelaria","Atlántico",998,"VOTOS NO MARCADOS","Presidencia 2da vuelta",9,10344,"#dddddd","OTROS"
"646",2022,13,0,3,"08296","Galapa","Atlántico",1235,"COALICION PACTO HISTORICO","Presidencia 2da vuelta",15986,4183,"#1b3383","COALICION PACTO HISTORICO"
"647",2022,13,0,3,"08296","Galapa","Atlántico",1076,"LIGA DE GOBERNANTES ANTICORRUPCION","Presidencia 2da vuelta",4318,4183,"#f07605","LIGA DE GOBERNANTES ANTICORRUPCION"
"648",2022,13,0,3,"08296","Galapa","Atlántico",996,"VOTOS EN BLANCO","Presidencia 2da vuelta",292,4183,"#dddddd","OTROS"
"649",2022,13,0,3,"08296","Galapa","Atlántico",997,"VOTOS NULOS","Presidencia 2da vuelta",162,4183,"#808080","VOTOS NULOS"
"650",2022,13,0,3,"08296","Galapa","Atlántico",998,"VOTOS NO MARCADOS","Presidencia 2da vuelta",20,4183,"#dddddd","OTROS"
"651",2022,13,0,3,"08372","Juan de Acosta","Atlántico",1235,"COALICION PACTO HISTORICO","Presidencia 2da vuelta",4456,9456,"#1b3383","COALICION PACTO HISTORICO"
"652",2022,13,0,3,"08372","Juan de Acosta","Atlántico",1076,"LIGA DE GOBERNANTES ANTICORRUPCION","Presidencia 2da vuelta",4210,9456,"#f07605","LIGA DE GOBERNANTES ANTICORRUPCION"
"653",2022,13,0,3,"08372","Juan de Acosta","Atlántico",996,"VOTOS EN BLANCO","Presidencia 2da vuelta",103,9456,"#dddddd","OTROS"
"654",2022,13,0,3,"08372","Juan de Acosta","Atlántico",997,"VOTOS NULOS","Presidencia 2da vuelta",36,9456,"#808080","VOTOS NULOS"
"655",2022,13,0,3,"08372","Juan de Acosta","Atlántico",998,"VOTOS NO MARCADOS","Presidencia 2da vuelta",6,9456,"#dddddd","OTROS"
"656",2022,13,0,3,"08421","Luruaco","Atlántico",1235,"COALICION PACTO HISTORICO","Presidencia 2da vuelta",5249,13377,"#1b3383","COALICION PACTO HISTORICO"
"657",2022,13,0,3,"08421","Luruaco","Atlántico",1076,"LIGA DE GOBERNANTES ANTICORRUPCION","Presidencia 2da vuelta",5182,13377,"#f07605","LIGA DE GOBERNANTES ANTICORRUPCION"
"658",2022,13,0,3,"08421","Luruaco","Atlántico",996,"VOTOS EN BLANCO","Presidencia 2da vuelta",159,13377,"#dddddd","OTROS"
"659",2022,13,0,3,"08421","Luruaco","Atlántico",997,"VOTOS NULOS","Presidencia 2da vuelta",74,13377,"#808080","VOTOS NULOS"
"660",2022,13,0,3,"08421","Luruaco","Atlántico",998,"VOTOS NO MARCADOS","Presidencia 2da vuelta",23,13377,"#dddddd","OTROS"
"661",2022,13,0,3,"08433","Malambo","Atlántico",1235,"COALICION PACTO HISTORICO","Presidencia 2da vuelta",34301,11844,"#1b3383","COALICION PACTO HISTORICO"
"662",2022,13,0,3,"08433","Malambo","Atlántico",1076,"LIGA DE GOBERNANTES ANTICORRUPCION","Presidencia 2da vuelta",8506,11844,"#f07605","LIGA DE GOBERNANTES ANTICORRUPCION"
"663",2022,13,0,3,"08433","Malambo","Atlántico",996,"VOTOS EN BLANCO","Presidencia 2da vuelta",589,11844,"#dddddd","OTROS"
"664",2022,13,0,3,"08433","Malambo","Atlántico",997,"VOTOS NULOS","Presidencia 2da vuelta",241,11844,"#808080","VOTOS NULOS"
"665",2022,13,0,3,"08433","Malambo","Atlántico",998,"VOTOS NO MARCADOS","Presidencia 2da vuelta",32,11844,"#dddddd","OTROS"
"666",2022,13,0,3,"08436","Manatí","Atlántico",1076,"LIGA DE GOBERNANTES ANTICORRUPCION","Presidencia 2da vuelta",3670,16133,"#f07605","LIGA DE GOBERNANTES ANTICORRUPCION"
"667",2022,13,0,3,"08436","Manatí","Atlántico",1235,"COALICION PACTO HISTORICO","Presidencia 2da vuelta",2817,16133,"#1b3383","COALICION PACTO HISTORICO"
"668",2022,13,0,3,"08436","Manatí","Atlántico",996,"VOTOS EN BLANCO","Presidencia 2da vuelta",110,16133,"#dddddd","OTROS"
"669",2022,13,0,3,"08436","Manatí","Atlántico",997,"VOTOS NULOS","Presidencia 2da vuelta",31,16133,"#808080","VOTOS NULOS"
"670",2022,13,0,3,"08436","Manatí","Atlántico",998,"VOTOS NO MARCADOS","Presidencia 2da vuelta",15,16133,"#dddddd","OTROS"
"671",2022,13,0,3,"08520","Palmar de Varela","Atlántico",1235,"COALICION PACTO HISTORICO","Presidencia 2da vuelta",9238,5692,"#1b3383","COALICION PACTO HISTORICO"
"672",2022,13,0,3,"08520","Palmar de Varela","Atlántico",1076,"LIGA DE GOBERNANTES ANTICORRUPCION","Presidencia 2da vuelta",2401,5692,"#f07605","LIGA DE GOBERNANTES ANTICORRUPCION"
"673",2022,13,0,3,"08520","Palmar de Varela","Atlántico",996,"VOTOS EN BLANCO","Presidencia 2da vuelta",149,5692,"#dddddd","OTROS"
"674",2022,13,0,3,"08520","Palmar de Varela","Atlántico",997,"VOTOS NULOS","Presidencia 2da vuelta",64,5692,"#808080","VOTOS NULOS"
"675",2022,13,0,3,"08520","Palmar de Varela","Atlántico",998,"VOTOS NO MARCADOS","Presidencia 2da vuelta",13,5692,"#dddddd","OTROS"
"676",2022,13,0,3,"08549","Piojó","Atlántico",1235,"COALICION PACTO HISTORICO","Presidencia 2da vuelta",1751,3229,"#1b3383","COALICION PACTO HISTORICO"
"677",2022,13,0,3,"08549","Piojó","Atlántico",1076,"LIGA DE GOBERNANTES ANTICORRUPCION","Presidencia 2da vuelta",994,3229,"#f07605","LIGA DE GOBERNANTES ANTICORRUPCION"
"678",2022,13,0,3,"08549","Piojó","Atlántico",996,"VOTOS EN BLANCO","Presidencia 2da vuelta",24,3229,"#dddddd","OTROS"
"679",2022,13,0,3,"08549","Piojó","Atlántico",997,"VOTOS NULOS","Presidencia 2da vuelta",9,3229,"#808080","VOTOS NULOS"
"680",2022,13,0,3,"08549","Piojó","Atlántico",998,"VOTOS NO MARCADOS","Presidencia 2da vuelta",6,3229,"#dddddd","OTROS"
"681",2022,13,0,3,"08558","Polonuevo","Atlántico",1235,"COALICION PACTO HISTORICO","Presidencia 2da vuelta",6360,8479,"#1b3383","COALICION PACTO HISTORICO"
"682",2022,13,0,3,"08558","Polonuevo","Atlántico",1076,"LIGA DE GOBERNANTES ANTICORRUPCION","Presidencia 2da vuelta",1744,8479,"#f07605","LIGA DE GOBERNANTES ANTICORRUPCION"
"683",2022,13,0,3,"08558","Polonuevo","Atlántico",996,"VOTOS EN BLANCO","Presidencia 2da vuelta",105,8479,"#dddddd","OTROS"
"684",2022,13,0,3,"08558","Polonuevo","Atlántico",997,"VOTOS NULOS","Presidencia 2da vuelta",61,8479,"#808080","VOTOS NULOS"
"685",2022,13,0,3,"08558","Polonuevo","Atlántico",998,"VOTOS NO MARCADOS","Presidencia 2da vuelta",9,8479,"#dddddd","OTROS"
"686",2022,13,0,3,"08560","Ponedera","Atlántico",1235,"COALICION PACTO HISTORICO","Presidencia 2da vuelta",5345,12345,"#1b3383","COALICION PACTO HISTORICO"
"687",2022,13,0,3,"08560","Ponedera","Atlántico",1076,"LIGA DE GOBERNANTES ANTICORRUPCION","Presidencia 2da vuelta",3271,12345,"#f07605","LIGA DE GOBERNANTES ANTICORRUPCION"
"688",2022,13,0,3,"08560","Ponedera","Atlántico",996,"VOTOS EN BLANCO","Presidencia 2da vuelta",132,12345,"#dddddd","OTROS"
"689",2022,13,0,3,"08560","Ponedera","Atlántico",997,"VOTOS NULOS","Presidencia 2da vuelta",56,12345,"#808080","VOTOS NULOS"
"690",2022,13,0,3,"08560","Ponedera","Atlántico",998,"VOTOS NO MARCADOS","Presidencia 2da vuelta",13,12345,"#dddddd","OTROS"
"691",2022,13,0,3,"08573","Puerto Colombia","Atlántico",1235,"COALICION PACTO HISTORICO","Presidencia 2da vuelta",13189,6505,"#1b3383","COALICION PACTO HISTORICO"
"692",2022,13,0,3,"08573","Puerto Colombia","Atlántico",1076,"LIGA DE GOBERNANTES ANTICORRUPCION","Presidencia 2da vuelta",6929,6505,"#f07605","LIGA DE GOBERNANTES ANTICORRUPCION"
"693",2022,13,0,3,"08573","Puerto Colombia","Atlántico",996,"VOTOS EN BLANCO","Presidencia 2da vuelta",290,6505,"#dddddd","OTROS"
"694",2022,13,0,3,"08573","Puerto Colombia","Atlántico",997,"VOTOS NULOS","Presidencia 2da vuelta",86,6505,"#808080","VOTOS NULOS"
"695",2022,13,0,3,"08573","Puerto Colombia","Atlántico",998,"VOTOS NO MARCADOS","Presidencia 2da vuelta",14,6505,"#dddddd","OTROS"
"696",2022,13,0,3,"08606","Repelón","Atlántico",1235,"COALICION PACTO HISTORICO","Presidencia 2da vuelta",5563,15596,"#1b3383","COALICION PACTO HISTORICO"
"697",2022,13,0,3,"08606","Repelón","Atlántico",1076,"LIGA DE GOBERNANTES ANTICORRUPCION","Presidencia 2da vuelta",3940,15596,"#f07605","LIGA DE GOBERNANTES ANTICORRUPCION"
"698",2022,13,0,3,"08606","Repelón","Atlántico",996,"VOTOS EN BLANCO","Presidencia 2da vuelta",151,15596,"#dddddd","OTROS"
"699",2022,13,0,3,"08606","Repelón","Atlántico",997,"VOTOS NULOS","Presidencia 2da vuelta",83,15596,"#808080","VOTOS NULOS"
"700",2022,13,0,3,"08606","Repelón","Atlántico",998,"VOTOS NO MARCADOS","Presidencia 2da vuelta",17,15596,"#dddddd","OTROS"
"701",2022,13,0,3,"08634","Sabanagrande","Atlántico",1235,"COALICION PACTO HISTORICO","Presidencia 2da vuelta",10097,6982,"#1b3383","COALICION PACTO HISTORICO"
"702",2022,13,0,3,"08634","Sabanagrande","Atlántico",1076,"LIGA DE GOBERNANTES ANTICORRUPCION","Presidencia 2da vuelta",3340,6982,"#f07605","LIGA DE GOBERNANTES ANTICORRUPCION"
"703",2022,13,0,3,"08634","Sabanagrande","Atlántico",996,"VOTOS EN BLANCO","Presidencia 2da vuelta",222,6982,"#dddddd","OTROS"
"704",2022,13,0,3,"08634","Sabanagrande","Atlántico",997,"VOTOS NULOS","Presidencia 2da vuelta",132,6982,"#808080","VOTOS NULOS"
"705",2022,13,0,3,"08634","Sabanagrande","Atlántico",998,"VOTOS NO MARCADOS","Presidencia 2da vuelta",17,6982,"#dddddd","OTROS"
"706",2022,13,0,3,"08638","Sabanalarga","Atlántico",1235,"COALICION PACTO HISTORICO","Presidencia 2da vuelta",26860,8341,"#1b3383","COALICION PACTO HISTORICO"
"707",2022,13,0,3,"08638","Sabanalarga","Atlántico",1076,"LIGA DE GOBERNANTES ANTICORRUPCION","Presidencia 2da vuelta",11842,8341,"#f07605","LIGA DE GOBERNANTES ANTICORRUPCION"
"708",2022,13,0,3,"08638","Sabanalarga","Atlántico",996,"VOTOS EN BLANCO","Presidencia 2da vuelta",567,8341,"#dddddd","OTROS"
"709",2022,13,0,3,"08638","Sabanalarga","Atlántico",997,"VOTOS NULOS","Presidencia 2da vuelta",309,8341,"#808080","VOTOS NULOS"
"710",2022,13,0,3,"08638","Sabanalarga","Atlántico",998,"VOTOS NO MARCADOS","Presidencia 2da vuelta",30,8341,"#dddddd","OTROS"
"711",2022,13,0,3,"08675","Santa Lucía","Atlántico",1076,"LIGA DE GOBERNANTES ANTICORRUPCION","Presidencia 2da vuelta",3531,11390,"#f07605","LIGA DE GOBERNANTES ANTICORRUPCION"
"712",2022,13,0,3,"08675","Santa Lucía","Atlántico",1235,"COALICION PACTO HISTORICO","Presidencia 2da vuelta",2188,11390,"#1b3383","COALICION PACTO HISTORICO"
"713",2022,13,0,3,"08675","Santa Lucía","Atlántico",996,"VOTOS EN BLANCO","Presidencia 2da vuelta",50,11390,"#dddddd","OTROS"
"714",2022,13,0,3,"08675","Santa Lucía","Atlántico",997,"VOTOS NULOS","Presidencia 2da vuelta",26,11390,"#808080","VOTOS NULOS"
"715",2022,13,0,3,"08675","Santa Lucía","Atlántico",998,"VOTOS NO MARCADOS","Presidencia 2da vuelta",14,11390,"#dddddd","OTROS"
"716",2022,13,0,3,"08685","Santo Tomás","Atlántico",1235,"COALICION PACTO HISTORICO","Presidencia 2da vuelta",10899,7538,"#1b3383","COALICION PACTO HISTORICO"
"717",2022,13,0,3,"08685","Santo Tomás","Atlántico",1076,"LIGA DE GOBERNANTES ANTICORRUPCION","Presidencia 2da vuelta",3113,7538,"#f07605","LIGA DE GOBERNANTES ANTICORRUPCION"
"718",2022,13,0,3,"08685","Santo Tomás","Atlántico",996,"VOTOS EN BLANCO","Presidencia 2da vuelta",222,7538,"#dddddd","OTROS"
"719",2022,13,0,3,"08685","Santo Tomás","Atlántico",997,"VOTOS NULOS","Presidencia 2da vuelta",70,7538,"#808080","VOTOS NULOS"
"720",2022,13,0,3,"08685","Santo Tomás","Atlántico",998,"VOTOS NO MARCADOS","Presidencia 2da vuelta",10,7538,"#dddddd","OTROS"
"721",2022,13,0,3,"08758","Soledad","Atlántico",1235,"COALICION PACTO HISTORICO","Presidencia 2da vuelta",123297,5848,"#1b3383","COALICION PACTO HISTORICO"
"722",2022,13,0,3,"08758","Soledad","Atlántico",1076,"LIGA DE GOBERNANTES ANTICORRUPCION","Presidencia 2da vuelta",34565,5848,"#f07605","LIGA DE GOBERNANTES ANTICORRUPCION"
"723",2022,13,0,3,"08758","Soledad","Atlántico",996,"VOTOS EN BLANCO","Presidencia 2da vuelta",2436,5848,"#dddddd","OTROS"
"724",2022,13,0,3,"08758","Soledad","Atlántico",997,"VOTOS NULOS","Presidencia 2da vuelta",892,5848,"#808080","VOTOS NULOS"
"725",2022,13,0,3,"08758","Soledad","Atlántico",998,"VOTOS NO MARCADOS","Presidencia 2da vuelta",111,6601,"#dddddd","OTROS"
"726",2022,13,0,3,"08770","Suan","Atlántico",1076,"LIGA DE GOBERNANTES ANTICORRUPCION","Presidencia 2da vuelta",2600,11259,"#f07605","LIGA DE GOBERNANTES ANTICORRUPCION"
"727",2022,13,0,3,"08770","Suan","Atlántico",1235,"COALICION PACTO HISTORICO","Presidencia 2da vuelta",2265,11259,"#1b3383","COALICION PACTO HISTORICO"
"728",2022,13,0,3,"08770","Suan","Atlántico",996,"VOTOS EN BLANCO","Presidencia 2da vuelta",88,11259,"#dddddd","OTROS"
"729",2022,13,0,3,"08770","Suan","Atlántico",997,"VOTOS NULOS","Presidencia 2da vuelta",24,11259,"#808080","VOTOS NULOS"
"730",2022,13,0,3,"08770","Suan","Atlántico",998,"VOTOS NO MARCADOS","Presidencia 2da vuelta",5,11259,"#dddddd","OTROS"
"731",2022,13,0,3,"08832","Tubará","Atlántico",1235,"COALICION PACTO HISTORICO","Presidencia 2da vuelta",4040,7311,"#1b3383","COALICION PACTO HISTORICO"
"732",2022,13,0,3,"08832","Tubará","Atlántico",1076,"LIGA DE GOBERNANTES ANTICORRUPCION","Presidencia 2da vuelta",1768,7311,"#f07605","LIGA DE GOBERNANTES ANTICORRUPCION"
"733",2022,13,0,3,"08832","Tubará","Atlántico",996,"VOTOS EN BLANCO","Presidencia 2da vuelta",72,7311,"#dddddd","OTROS"
"734",2022,13,0,3,"08832","Tubará","Atlántico",997,"VOTOS NULOS","Presidencia 2da vuelta",33,7311,"#808080","VOTOS NULOS"
"735",2022,13,0,3,"08832","Tubará","Atlántico",998,"VOTOS NO MARCADOS","Presidencia 2da vuelta",4,7311,"#dddddd","OTROS"
"736",2022,13,0,3,"08849","Usiacurí","Atlántico",1235,"COALICION PACTO HISTORICO","Presidencia 2da vuelta",3112,8654,"#1b3383","COALICION PACTO HISTORICO"
"737",2022,13,0,3,"08849","Usiacurí","Atlántico",1076,"LIGA DE GOBERNANTES ANTICORRUPCION","Presidencia 2da vuelta",1415,8654,"#f07605","LIGA DE GOBERNANTES ANTICORRUPCION"
"738",2022,13,0,3,"08849","Usiacurí","Atlántico",996,"VOTOS EN BLANCO","Presidencia 2da vuelta",81,8654,"#dddddd","OTROS"
"739",2022,13,0,3,"08849","Usiacurí","Atlántico",997,"VOTOS NULOS","Presidencia 2da vuelta",38,8654,"#808080","VOTOS NULOS"
"740",2022,13,0,3,"08849","Usiacurí","Atlántico",998,"VOTOS NO MARCADOS","Presidencia 2da vuelta",7,8654,"#dddddd","OTROS"
"741",2022,13,0,5,"13001","Cartagena","Bolívar",1235,"COALICION PACTO HISTORICO","Presidencia 2da vuelta",269318,13868,"#1b3383","COALICION PACTO HISTORICO"
"742",2022,13,0,5,"13001","Cartagena","Bolívar",1076,"LIGA DE GOBERNANTES ANTICORRUPCION","Presidencia 2da vuelta",120829,13868,"#f07605","LIGA DE GOBERNANTES ANTICORRUPCION"
"743",2022,13,0,5,"13001","Cartagena","Bolívar",996,"VOTOS EN BLANCO","Presidencia 2da vuelta",8574,13868,"#dddddd","OTROS"
"744",2022,13,0,5,"13001","Cartagena","Bolívar",997,"VOTOS NULOS","Presidencia 2da vuelta",1957,13868,"#808080","VOTOS NULOS"
"745",2022,13,0,5,"13001","Cartagena","Bolívar",998,"VOTOS NO MARCADOS","Presidencia 2da vuelta",269,13388,"#dddddd","OTROS"
"746",2022,13,0,5,"13006","Achí","Bolívar",1076,"LIGA DE GOBERNANTES ANTICORRUPCION","Presidencia 2da vuelta",5708,5736,"#f07605","LIGA DE GOBERNANTES ANTICORRUPCION"
"747",2022,13,0,5,"13006","Achí","Bolívar",1235,"COALICION PACTO HISTORICO","Presidencia 2da vuelta",2476,5736,"#1b3383","COALICION PACTO HISTORICO"
"748",2022,13,0,5,"13006","Achí","Bolívar",996,"VOTOS EN BLANCO","Presidencia 2da vuelta",71,5736,"#dddddd","OTROS"
"749",2022,13,0,5,"13006","Achí","Bolívar",997,"VOTOS NULOS","Presidencia 2da vuelta",21,5736,"#808080","VOTOS NULOS"
"750",2022,13,0,5,"13006","Achí","Bolívar",998,"VOTOS NO MARCADOS","Presidencia 2da vuelta",10,5736,"#dddddd","OTROS"
"751",2022,13,0,5,"13030","Altos del Rosario","Bolívar",1076,"LIGA DE GOBERNANTES ANTICORRUPCION","Presidencia 2da vuelta",1987,4907,"#f07605","LIGA DE GOBERNANTES ANTICORRUPCION"
"752",2022,13,0,5,"13030","Altos del Rosario","Bolívar",1235,"COALICION PACTO HISTORICO","Presidencia 2da vuelta",1207,4907,"#1b3383","COALICION PACTO HISTORICO"
"753",2022,13,0,5,"13030","Altos del Rosario","Bolívar",996,"VOTOS EN BLANCO","Presidencia 2da vuelta",24,4907,"#dddddd","OTROS"
"754",2022,13,0,5,"13030","Altos del Rosario","Bolívar",997,"VOTOS NULOS","Presidencia 2da vuelta",15,4907,"#808080","VOTOS NULOS"
"755",2022,13,0,5,"13030","Altos del Rosario","Bolívar",998,"VOTOS NO MARCADOS","Presidencia 2da vuelta",9,4907,"#dddddd","OTROS"
"756",2022,13,0,5,"13042","Arenal","Bolívar",1235,"COALICION PACTO HISTORICO","Presidencia 2da vuelta",1817,4428,"#1b3383","COALICION PACTO HISTORICO"
"757",2022,13,0,5,"13042","Arenal","Bolívar",1076,"LIGA DE GOBERNANTES ANTICORRUPCION","Presidencia 2da vuelta",1517,4428,"#f07605","LIGA DE GOBERNANTES ANTICORRUPCION"
"758",2022,13,0,5,"13042","Arenal","Bolívar",996,"VOTOS EN BLANCO","Presidencia 2da vuelta",37,4428,"#dddddd","OTROS"
"759",2022,13,0,5,"13042","Arenal","Bolívar",997,"VOTOS NULOS","Presidencia 2da vuelta",12,4428,"#808080","VOTOS NULOS"
"760",2022,13,0,5,"13042","Arenal","Bolívar",998,"VOTOS NO MARCADOS","Presidencia 2da vuelta",6,4428,"#dddddd","OTROS"
"761",2022,13,0,5,"13052","Arjona","Bolívar",1235,"COALICION PACTO HISTORICO","Presidencia 2da vuelta",18370,5685,"#1b3383","COALICION PACTO HISTORICO"
"762",2022,13,0,5,"13052","Arjona","Bolívar",1076,"LIGA DE GOBERNANTES ANTICORRUPCION","Presidencia 2da vuelta",7882,5685,"#f07605","LIGA DE GOBERNANTES ANTICORRUPCION"
"763",2022,13,0,5,"13052","Arjona","Bolívar",996,"VOTOS EN BLANCO","Presidencia 2da vuelta",562,5685,"#dddddd","OTROS"
"764",2022,13,0,5,"13052","Arjona","Bolívar",997,"VOTOS NULOS","Presidencia 2da vuelta",286,5685,"#808080","VOTOS NULOS"
"765",2022,13,0,5,"13052","Arjona","Bolívar",998,"VOTOS NO MARCADOS","Presidencia 2da vuelta",51,5685,"#dddddd","OTROS"
"766",2022,13,0,5,"13062","Arroyohondo","Bolívar",1076,"LIGA DE GOBERNANTES ANTICORRUPCION","Presidencia 2da vuelta",2049,6610,"#f07605","LIGA DE GOBERNANTES ANTICORRUPCION"
"767",2022,13,0,5,"13062","Arroyohondo","Bolívar",1235,"COALICION PACTO HISTORICO","Presidencia 2da vuelta",1290,6610,"#1b3383","COALICION PACTO HISTORICO"
"768",2022,13,0,5,"13062","Arroyohondo","Bolívar",996,"VOTOS EN BLANCO","Presidencia 2da vuelta",42,6610,"#dddddd","OTROS"
"769",2022,13,0,5,"13062","Arroyohondo","Bolívar",997,"VOTOS NULOS","Presidencia 2da vuelta",17,6610,"#808080","VOTOS NULOS"
"770",2022,13,0,5,"13062","Arroyohondo","Bolívar",998,"VOTOS NO MARCADOS","Presidencia 2da vuelta",6,6610,"#dddddd","OTROS"
"771",2022,13,0,5,"13074","Barranco de Loba","Bolívar",1076,"LIGA DE GOBERNANTES ANTICORRUPCION","Presidencia 2da vuelta",4215,7130,"#f07605","LIGA DE GOBERNANTES ANTICORRUPCION"
"772",2022,13,0,5,"13074","Barranco de Loba","Bolívar",1235,"COALICION PACTO HISTORICO","Presidencia 2da vuelta",1709,7130,"#1b3383","COALICION PACTO HISTORICO"
"773",2022,13,0,5,"13074","Barranco de Loba","Bolívar",996,"VOTOS EN BLANCO","Presidencia 2da vuelta",44,7130,"#dddddd","OTROS"
"774",2022,13,0,5,"13074","Barranco de Loba","Bolívar",997,"VOTOS NULOS","Presidencia 2da vuelta",14,7130,"#808080","VOTOS NULOS"
"775",2022,13,0,5,"13074","Barranco de Loba","Bolívar",998,"VOTOS NO MARCADOS","Presidencia 2da vuelta",10,7130,"#dddddd","OTROS"
"776",2022,13,0,5,"13140","Calamar","Bolívar",1235,"COALICION PACTO HISTORICO","Presidencia 2da vuelta",4322,12158,"#1b3383","COALICION PACTO HISTORICO"
"777",2022,13,0,5,"13140","Calamar","Bolívar",1076,"LIGA DE GOBERNANTES ANTICORRUPCION","Presidencia 2da vuelta",4110,12158,"#f07605","LIGA DE GOBERNANTES ANTICORRUPCION"
"778",2022,13,0,5,"13140","Calamar","Bolívar",996,"VOTOS EN BLANCO","Presidencia 2da vuelta",136,12158,"#dddddd","OTROS"
"779",2022,13,0,5,"13140","Calamar","Bolívar",997,"VOTOS NULOS","Presidencia 2da vuelta",81,12158,"#808080","VOTOS NULOS"
"780",2022,13,0,5,"13140","Calamar","Bolívar",998,"VOTOS NO MARCADOS","Presidencia 2da vuelta",22,12158,"#dddddd","OTROS"
"781",2022,13,0,5,"13160","Cantagallo","Bolívar",1235,"COALICION PACTO HISTORICO","Presidencia 2da vuelta",2476,5326,"#1b3383","COALICION PACTO HISTORICO"
"782",2022,13,0,5,"13160","Cantagallo","Bolívar",1076,"LIGA DE GOBERNANTES ANTICORRUPCION","Presidencia 2da vuelta",1968,5326,"#f07605","LIGA DE GOBERNANTES ANTICORRUPCION"
"783",2022,13,0,5,"13160","Cantagallo","Bolívar",996,"VOTOS EN BLANCO","Presidencia 2da vuelta",50,5326,"#dddddd","OTROS"
"784",2022,13,0,5,"13160","Cantagallo","Bolívar",997,"VOTOS NULOS","Presidencia 2da vuelta",36,5326,"#808080","VOTOS NULOS"
"785",2022,13,0,5,"13160","Cantagallo","Bolívar",998,"VOTOS NO MARCADOS","Presidencia 2da vuelta",5,5326,"#dddddd","OTROS"
"786",2022,13,0,5,"13188","Cicuco","Bolívar",1235,"COALICION PACTO HISTORICO","Presidencia 2da vuelta",3250,7638,"#1b3383","COALICION PACTO HISTORICO"
"787",2022,13,0,5,"13188","Cicuco","Bolívar",1076,"LIGA DE GOBERNANTES ANTICORRUPCION","Presidencia 2da vuelta",2212,7638,"#f07605","LIGA DE GOBERNANTES ANTICORRUPCION"
"788",2022,13,0,5,"13188","Cicuco","Bolívar",996,"VOTOS EN BLANCO","Presidencia 2da vuelta",57,7638,"#dddddd","OTROS"
"789",2022,13,0,5,"13188","Cicuco","Bolívar",997,"VOTOS NULOS","Presidencia 2da vuelta",24,7638,"#808080","VOTOS NULOS"
"790",2022,13,0,5,"13188","Cicuco","Bolívar",998,"VOTOS NO MARCADOS","Presidencia 2da vuelta",6,7638,"#dddddd","OTROS"
"791",2022,13,0,5,"13212","Córdoba","Bolívar",1235,"COALICION PACTO HISTORICO","Presidencia 2da vuelta",5032,5044,"#1b3383","COALICION PACTO HISTORICO"
"792",2022,13,0,5,"13212","Córdoba","Bolívar",1076,"LIGA DE GOBERNANTES ANTICORRUPCION","Presidencia 2da vuelta",2520,5044,"#f07605","LIGA DE GOBERNANTES ANTICORRUPCION"
"793",2022,13,0,5,"13212","Córdoba","Bolívar",996,"VOTOS EN BLANCO","Presidencia 2da vuelta",111,5044,"#dddddd","OTROS"
"794",2022,13,0,5,"13212","Córdoba","Bolívar",997,"VOTOS NULOS","Presidencia 2da vuelta",25,5044,"#808080","VOTOS NULOS"
"795",2022,13,0,5,"13212","Córdoba","Bolívar",998,"VOTOS NO MARCADOS","Presidencia 2da vuelta",12,5044,"#dddddd","OTROS"
"796",2022,13,0,5,"13222","Clemencia","Bolívar",1235,"COALICION PACTO HISTORICO","Presidencia 2da vuelta",3301,10816,"#1b3383","COALICION PACTO HISTORICO"
"797",2022,13,0,5,"13222","Clemencia","Bolívar",1076,"LIGA DE GOBERNANTES ANTICORRUPCION","Presidencia 2da vuelta",2158,10816,"#f07605","LIGA DE GOBERNANTES ANTICORRUPCION"
"798",2022,13,0,5,"13222","Clemencia","Bolívar",996,"VOTOS EN BLANCO","Presidencia 2da vuelta",101,10816,"#dddddd","OTROS"
"799",2022,13,0,5,"13222","Clemencia","Bolívar",997,"VOTOS NULOS","Presidencia 2da vuelta",32,10816,"#808080","VOTOS NULOS"
"800",2022,13,0,5,"13222","Clemencia","Bolívar",998,"VOTOS NO MARCADOS","Presidencia 2da vuelta",15,10816,"#dddddd","OTROS"
"801",2022,13,0,5,"13244","El Carmen de Bolívar","Bolívar",1076,"LIGA DE GOBERNANTES ANTICORRUPCION","Presidencia 2da vuelta",14969,6046,"#f07605","LIGA DE GOBERNANTES ANTICORRUPCION"
"802",2022,13,0,5,"13244","El Carmen de Bolívar","Bolívar",1235,"COALICION PACTO HISTORICO","Presidencia 2da vuelta",11042,6046,"#1b3383","COALICION PACTO HISTORICO"
"803",2022,13,0,5,"13244","El Carmen de Bolívar","Bolívar",996,"VOTOS EN BLANCO","Presidencia 2da vuelta",519,6046,"#dddddd","OTROS"
"804",2022,13,0,5,"13244","El Carmen de Bolívar","Bolívar",997,"VOTOS NULOS","Presidencia 2da vuelta",275,6046,"#808080","VOTOS NULOS"
"805",2022,13,0,5,"13244","El Carmen de Bolívar","Bolívar",998,"VOTOS NO MARCADOS","Presidencia 2da vuelta",33,6046,"#dddddd","OTROS"
"806",2022,13,0,5,"13248","El Guamo","Bolívar",1235,"COALICION PACTO HISTORICO","Presidencia 2da vuelta",1934,4367,"#1b3383","COALICION PACTO HISTORICO"
"807",2022,13,0,5,"13248","El Guamo","Bolívar",1076,"LIGA DE GOBERNANTES ANTICORRUPCION","Presidencia 2da vuelta",1807,4367,"#f07605","LIGA DE GOBERNANTES ANTICORRUPCION"
"808",2022,13,0,5,"13248","El Guamo","Bolívar",996,"VOTOS EN BLANCO","Presidencia 2da vuelta",36,4367,"#dddddd","OTROS"
"809",2022,13,0,5,"13248","El Guamo","Bolívar",997,"VOTOS NULOS","Presidencia 2da vuelta",12,4367,"#808080","VOTOS NULOS"
"810",2022,13,0,5,"13248","El Guamo","Bolívar",998,"VOTOS NO MARCADOS","Presidencia 2da vuelta",3,405,"#dddddd","OTROS"
"811",2022,13,0,5,"13268","El Peñón","Bolívar",1076,"LIGA DE GOBERNANTES ANTICORRUPCION","Presidencia 2da vuelta",1412,3122,"#f07605","LIGA DE GOBERNANTES ANTICORRUPCION"
"812",2022,13,0,5,"13268","El Peñón","Bolívar",1235,"COALICION PACTO HISTORICO","Presidencia 2da vuelta",1278,3122,"#1b3383","COALICION PACTO HISTORICO"
"813",2022,13,0,5,"13268","El Peñón","Bolívar",996,"VOTOS EN BLANCO","Presidencia 2da vuelta",42,3122,"#dddddd","OTROS"
"814",2022,13,0,5,"13268","El Peñón","Bolívar",997,"VOTOS NULOS","Presidencia 2da vuelta",10,3122,"#808080","VOTOS NULOS"
"815",2022,13,0,5,"13268","El Peñón","Bolívar",998,"VOTOS NO MARCADOS","Presidencia 2da vuelta",1,3122,"#dddddd","OTROS"
"816",2022,13,0,5,"13300","Hatillo de Loba","Bolívar",1076,"LIGA DE GOBERNANTES ANTICORRUPCION","Presidencia 2da vuelta",3382,3710,"#f07605","LIGA DE GOBERNANTES ANTICORRUPCION"
"817",2022,13,0,5,"13300","Hatillo de Loba","Bolívar",1235,"COALICION PACTO HISTORICO","Presidencia 2da vuelta",1511,3710,"#1b3383","COALICION PACTO HISTORICO"
"818",2022,13,0,5,"13300","Hatillo de Loba","Bolívar",996,"VOTOS EN BLANCO","Presidencia 2da vuelta",29,3710,"#dddddd","OTROS"
"819",2022,13,0,5,"13300","Hatillo de Loba","Bolívar",997,"VOTOS NULOS","Presidencia 2da vuelta",28,3710,"#808080","VOTOS NULOS"
"820",2022,13,0,5,"13300","Hatillo de Loba","Bolívar",998,"VOTOS NO MARCADOS","Presidencia 2da vuelta",7,3710,"#dddddd","OTROS"
"821",2022,13,0,5,"13430","Magangué","Bolívar",1235,"COALICION PACTO HISTORICO","Presidencia 2da vuelta",34107,4758,"#1b3383","COALICION PACTO HISTORICO"
"822",2022,13,0,5,"13430","Magangué","Bolívar",1076,"LIGA DE GOBERNANTES ANTICORRUPCION","Presidencia 2da vuelta",14596,4758,"#f07605","LIGA DE GOBERNANTES ANTICORRUPCION"
"823",2022,13,0,5,"13430","Magangué","Bolívar",996,"VOTOS EN BLANCO","Presidencia 2da vuelta",762,4758,"#dddddd","OTROS"
"824",2022,13,0,5,"13430","Magangué","Bolívar",997,"VOTOS NULOS","Presidencia 2da vuelta",417,4758,"#808080","VOTOS NULOS"
"825",2022,13,0,5,"13430","Magangué","Bolívar",998,"VOTOS NO MARCADOS","Presidencia 2da vuelta",58,4758,"#dddddd","OTROS"
"826",2022,13,0,5,"13433","Mahates","Bolívar",1235,"COALICION PACTO HISTORICO","Presidencia 2da vuelta",4874,10605,"#1b3383","COALICION PACTO HISTORICO"
"827",2022,13,0,5,"13433","Mahates","Bolívar",1076,"LIGA DE GOBERNANTES ANTICORRUPCION","Presidencia 2da vuelta",4248,10605,"#f07605","LIGA DE GOBERNANTES ANTICORRUPCION"
"828",2022,13,0,5,"13433","Mahates","Bolívar",996,"VOTOS EN BLANCO","Presidencia 2da vuelta",134,10605,"#dddddd","OTROS"
"829",2022,13,0,5,"13433","Mahates","Bolívar",997,"VOTOS NULOS","Presidencia 2da vuelta",71,10605,"#808080","VOTOS NULOS"
"830",2022,13,0,5,"13433","Mahates","Bolívar",998,"VOTOS NO MARCADOS","Presidencia 2da vuelta",19,10605,"#dddddd","OTROS"
"831",2022,13,0,5,"13440","Margarita","Bolívar",1076,"LIGA DE GOBERNANTES ANTICORRUPCION","Presidencia 2da vuelta",2909,2404,"#f07605","LIGA DE GOBERNANTES ANTICORRUPCION"
"832",2022,13,0,5,"13440","Margarita","Bolívar",1235,"COALICION PACTO HISTORICO","Presidencia 2da vuelta",1428,2404,"#1b3383","COALICION PACTO HISTORICO"
"833",2022,13,0,5,"13440","Margarita","Bolívar",996,"VOTOS EN BLANCO","Presidencia 2da vuelta",34,2404,"#dddddd","OTROS"
"834",2022,13,0,5,"13440","Margarita","Bolívar",997,"VOTOS NULOS","Presidencia 2da vuelta",12,2404,"#808080","VOTOS NULOS"
"835",2022,13,0,5,"13440","Margarita","Bolívar",998,"VOTOS NO MARCADOS","Presidencia 2da vuelta",4,244,"#dddddd","OTROS"
"836",2022,13,0,5,"13442","María La Baja","Bolívar",1235,"COALICION PACTO HISTORICO","Presidencia 2da vuelta",12600,6357,"#1b3383","COALICION PACTO HISTORICO"
"837",2022,13,0,5,"13442","María La Baja","Bolívar",1076,"LIGA DE GOBERNANTES ANTICORRUPCION","Presidencia 2da vuelta",5308,6357,"#f07605","LIGA DE GOBERNANTES ANTICORRUPCION"
"838",2022,13,0,5,"13442","María La Baja","Bolívar",996,"VOTOS EN BLANCO","Presidencia 2da vuelta",256,6357,"#dddddd","OTROS"
"839",2022,13,0,5,"13442","María La Baja","Bolívar",997,"VOTOS NULOS","Presidencia 2da vuelta",125,6357,"#808080","VOTOS NULOS"
"840",2022,13,0,5,"13442","María La Baja","Bolívar",998,"VOTOS NO MARCADOS","Presidencia 2da vuelta",32,6357,"#dddddd","OTROS"
"841",2022,13,0,5,"13458","Montecristo","Bolívar",1235,"COALICION PACTO HISTORICO","Presidencia 2da vuelta",1917,4756,"#1b3383","COALICION PACTO HISTORICO"
"842",2022,13,0,5,"13458","Montecristo","Bolívar",1076,"LIGA DE GOBERNANTES ANTICORRUPCION","Presidencia 2da vuelta",1662,4756,"#f07605","LIGA DE GOBERNANTES ANTICORRUPCION"
"843",2022,13,0,5,"13458","Montecristo","Bolívar",996,"VOTOS EN BLANCO","Presidencia 2da vuelta",60,4756,"#dddddd","OTROS"
"844",2022,13,0,5,"13458","Montecristo","Bolívar",997,"VOTOS NULOS","Presidencia 2da vuelta",17,4756,"#808080","VOTOS NULOS"
"845",2022,13,0,5,"13458","Montecristo","Bolívar",998,"VOTOS NO MARCADOS","Presidencia 2da vuelta",3,4756,"#dddddd","OTROS"
"846",2022,13,0,5,"13468","Mompós","Bolívar",1235,"COALICION PACTO HISTORICO","Presidencia 2da vuelta",9583,5004,"#1b3383","COALICION PACTO HISTORICO"
"847",2022,13,0,5,"13468","Mompós","Bolívar",1076,"LIGA DE GOBERNANTES ANTICORRUPCION","Presidencia 2da vuelta",7698,5004,"#f07605","LIGA DE GOBERNANTES ANTICORRUPCION"
"848",2022,13,0,5,"13468","Mompós","Bolívar",996,"VOTOS EN BLANCO","Presidencia 2da vuelta",190,5004,"#dddddd","OTROS"
"849",2022,13,0,5,"13468","Mompós","Bolívar",997,"VOTOS NULOS","Presidencia 2da vuelta",85,5004,"#808080","VOTOS NULOS"
"850",2022,13,0,5,"13468","Mompós","Bolívar",998,"VOTOS NO MARCADOS","Presidencia 2da vuelta",25,5004,"#dddddd","OTROS"
"851",2022,13,0,5,"13473","Morales","Bolívar",1076,"LIGA DE GOBERNANTES ANTICORRUPCION","Presidencia 2da vuelta",4800,6553,"#f07605","LIGA DE GOBERNANTES ANTICORRUPCION"
"852",2022,13,0,5,"13473","Morales","Bolívar",1235,"COALICION PACTO HISTORICO","Presidencia 2da vuelta",1822,6553,"#1b3383","COALICION PACTO HISTORICO"
"853",2022,13,0,5,"13473","Morales","Bolívar",996,"VOTOS EN BLANCO","Presidencia 2da vuelta",46,6553,"#dddddd","OTROS"
"854",2022,13,0,5,"13473","Morales","Bolívar",997,"VOTOS NULOS","Presidencia 2da vuelta",35,6553,"#808080","VOTOS NULOS"
"855",2022,13,0,5,"13473","Morales","Bolívar",998,"VOTOS NO MARCADOS","Presidencia 2da vuelta",3,6553,"#dddddd","OTROS"
"856",2022,13,0,5,"13490","Norosí","Bolívar",1235,"COALICION PACTO HISTORICO","Presidencia 2da vuelta",1194,2456,"#1b3383","COALICION PACTO HISTORICO"
"857",2022,13,0,5,"13490","Norosí","Bolívar",1076,"LIGA DE GOBERNANTES ANTICORRUPCION","Presidencia 2da vuelta",674,2456,"#f07605","LIGA DE GOBERNANTES ANTICORRUPCION"
"858",2022,13,0,5,"13490","Norosí","Bolívar",996,"VOTOS EN BLANCO","Presidencia 2da vuelta",22,2456,"#dddddd","OTROS"
"859",2022,13,0,5,"13490","Norosí","Bolívar",997,"VOTOS NULOS","Presidencia 2da vuelta",12,2456,"#808080","VOTOS NULOS"
"860",2022,13,0,5,"13490","Norosí","Bolívar",998,"VOTOS NO MARCADOS","Presidencia 2da vuelta",2,2456,"#dddddd","OTROS"
"861",2022,13,0,5,"13549","Pinillos","Bolívar",1076,"LIGA DE GOBERNANTES ANTICORRUPCION","Presidencia 2da vuelta",5579,4420,"#f07605","LIGA DE GOBERNANTES ANTICORRUPCION"
"862",2022,13,0,5,"13549","Pinillos","Bolívar",1235,"COALICION PACTO HISTORICO","Presidencia 2da vuelta",2799,4420,"#1b3383","COALICION PACTO HISTORICO"
"863",2022,13,0,5,"13549","Pinillos","Bolívar",996,"VOTOS EN BLANCO","Presidencia 2da vuelta",59,4420,"#dddddd","OTROS"
"864",2022,13,0,5,"13549","Pinillos","Bolívar",997,"VOTOS NULOS","Presidencia 2da vuelta",42,4420,"#808080","VOTOS NULOS"
"865",2022,13,0,5,"13549","Pinillos","Bolívar",998,"VOTOS NO MARCADOS","Presidencia 2da vuelta",11,4420,"#dddddd","OTROS"
"866",2022,13,0,5,"13580","Regidor","Bolívar",1235,"COALICION PACTO HISTORICO","Presidencia 2da vuelta",1395,3134,"#1b3383","COALICION PACTO HISTORICO"
"867",2022,13,0,5,"13580","Regidor","Bolívar",1076,"LIGA DE GOBERNANTES ANTICORRUPCION","Presidencia 2da vuelta",1124,3134,"#f07605","LIGA DE GOBERNANTES ANTICORRUPCION"
"868",2022,13,0,5,"13580","Regidor","Bolívar",996,"VOTOS EN BLANCO","Presidencia 2da vuelta",19,3134,"#dddddd","OTROS"
"869",2022,13,0,5,"13580","Regidor","Bolívar",997,"VOTOS NULOS","Presidencia 2da vuelta",18,3134,"#808080","VOTOS NULOS"
"870",2022,13,0,5,"13580","Regidor","Bolívar",998,"VOTOS NO MARCADOS","Presidencia 2da vuelta",4,3134,"#dddddd","OTROS"
"871",2022,13,0,5,"13600","Río Viejo","Bolívar",1076,"LIGA DE GOBERNANTES ANTICORRUPCION","Presidencia 2da vuelta",2238,4804,"#f07605","LIGA DE GOBERNANTES ANTICORRUPCION"
"872",2022,13,0,5,"13600","Río Viejo","Bolívar",1235,"COALICION PACTO HISTORICO","Presidencia 2da vuelta",1289,4804,"#1b3383","COALICION PACTO HISTORICO"
"873",2022,13,0,5,"13600","Río Viejo","Bolívar",996,"VOTOS EN BLANCO","Presidencia 2da vuelta",41,4804,"#dddddd","OTROS"
"874",2022,13,0,5,"13600","Río Viejo","Bolívar",997,"VOTOS NULOS","Presidencia 2da vuelta",19,4804,"#808080","VOTOS NULOS"
"875",2022,13,0,5,"13600","Río Viejo","Bolívar",998,"VOTOS NO MARCADOS","Presidencia 2da vuelta",4,4804,"#dddddd","OTROS"
"876",2022,13,0,5,"13620","San Cristóbal","Bolívar",1235,"COALICION PACTO HISTORICO","Presidencia 2da vuelta",2588,6043,"#1b3383","COALICION PACTO HISTORICO"
"877",2022,13,0,5,"13620","San Cristóbal","Bolívar",1076,"LIGA DE GOBERNANTES ANTICORRUPCION","Presidencia 2da vuelta",1352,6043,"#f07605","LIGA DE GOBERNANTES ANTICORRUPCION"
"878",2022,13,0,5,"13620","San Cristóbal","Bolívar",996,"VOTOS EN BLANCO","Presidencia 2da vuelta",40,6043,"#dddddd","OTROS"
"879",2022,13,0,5,"13620","San Cristóbal","Bolívar",997,"VOTOS NULOS","Presidencia 2da vuelta",11,6043,"#808080","VOTOS NULOS"
"880",2022,13,0,5,"13647","San Estanislao","Bolívar",1076,"LIGA DE GOBERNANTES ANTICORRUPCION","Presidencia 2da vuelta",4201,11572,"#f07605","LIGA DE GOBERNANTES ANTICORRUPCION"
"881",2022,13,0,5,"13647","San Estanislao","Bolívar",1235,"COALICION PACTO HISTORICO","Presidencia 2da vuelta",3651,11572,"#1b3383","COALICION PACTO HISTORICO"
"882",2022,13,0,5,"13647","San Estanislao","Bolívar",996,"VOTOS EN BLANCO","Presidencia 2da vuelta",159,11572,"#dddddd","OTROS"
"883",2022,13,0,5,"13647","San Estanislao","Bolívar",997,"VOTOS NULOS","Presidencia 2da vuelta",62,11572,"#808080","VOTOS NULOS"
"884",2022,13,0,5,"13647","San Estanislao","Bolívar",998,"VOTOS NO MARCADOS","Presidencia 2da vuelta",13,11572,"#dddddd","OTROS"
"885",2022,13,0,5,"13650","San Fernando","Bolívar",1235,"COALICION PACTO HISTORICO","Presidencia 2da vuelta",1987,2366,"#1b3383","COALICION PACTO HISTORICO"
"886",2022,13,0,5,"13650","San Fernando","Bolívar",1076,"LIGA DE GOBERNANTES ANTICORRUPCION","Presidencia 2da vuelta",1896,2366,"#f07605","LIGA DE GOBERNANTES ANTICORRUPCION"
"887",2022,13,0,5,"13650","San Fernando","Bolívar",996,"VOTOS EN BLANCO","Presidencia 2da vuelta",39,2366,"#dddddd","OTROS"
"888",2022,13,0,5,"13650","San Fernando","Bolívar",997,"VOTOS NULOS","Presidencia 2da vuelta",12,2366,"#808080","VOTOS NULOS"
"889",2022,13,0,5,"13650","San Fernando","Bolívar",998,"VOTOS NO MARCADOS","Presidencia 2da vuelta",2,849,"#dddddd","OTROS"
"890",2022,13,0,5,"13654","San Jacinto","Bolívar",1235,"COALICION PACTO HISTORICO","Presidencia 2da vuelta",6001,5977,"#1b3383","COALICION PACTO HISTORICO"
"891",2022,13,0,5,"13654","San Jacinto","Bolívar",1076,"LIGA DE GOBERNANTES ANTICORRUPCION","Presidencia 2da vuelta",4910,5977,"#f07605","LIGA DE GOBERNANTES ANTICORRUPCION"
"892",2022,13,0,5,"13654","San Jacinto","Bolívar",996,"VOTOS EN BLANCO","Presidencia 2da vuelta",197,5977,"#dddddd","OTROS"
"893",2022,13,0,5,"13654","San Jacinto","Bolívar",997,"VOTOS NULOS","Presidencia 2da vuelta",98,5977,"#808080","VOTOS NULOS"
"894",2022,13,0,5,"13654","San Jacinto","Bolívar",998,"VOTOS NO MARCADOS","Presidencia 2da vuelta",17,5977,"#dddddd","OTROS"
"895",2022,13,0,5,"13655","San Jacinto del Cauca","Bolívar",1076,"LIGA DE GOBERNANTES ANTICORRUPCION","Presidencia 2da vuelta",1773,3239,"#f07605","LIGA DE GOBERNANTES ANTICORRUPCION"
"896",2022,13,0,5,"13655","San Jacinto del Cauca","Bolívar",1235,"COALICION PACTO HISTORICO","Presidencia 2da vuelta",1257,3239,"#1b3383","COALICION PACTO HISTORICO"
"897",2022,13,0,5,"13655","San Jacinto del Cauca","Bolívar",996,"VOTOS EN BLANCO","Presidencia 2da vuelta",43,3239,"#dddddd","OTROS"
"898",2022,13,0,5,"13655","San Jacinto del Cauca","Bolívar",997,"VOTOS NULOS","Presidencia 2da vuelta",9,3239,"#808080","VOTOS NULOS"
"899",2022,13,0,5,"13655","San Jacinto del Cauca","Bolívar",998,"VOTOS NO MARCADOS","Presidencia 2da vuelta",3,3239,"#dddddd","OTROS"
"900",2022,13,0,5,"13657","San Juan Nepomuceno","Bolívar",1076,"LIGA DE GOBERNANTES ANTICORRUPCION","Presidencia 2da vuelta",8048,6821,"#f07605","LIGA DE GOBERNANTES ANTICORRUPCION"
"901",2022,13,0,5,"13657","San Juan Nepomuceno","Bolívar",1235,"COALICION PACTO HISTORICO","Presidencia 2da vuelta",6947,6821,"#1b3383","COALICION PACTO HISTORICO"
"902",2022,13,0,5,"13657","San Juan Nepomuceno","Bolívar",996,"VOTOS EN BLANCO","Presidencia 2da vuelta",231,6821,"#dddddd","OTROS"
"903",2022,13,0,5,"13657","San Juan Nepomuceno","Bolívar",997,"VOTOS NULOS","Presidencia 2da vuelta",107,6821,"#808080","VOTOS NULOS"
"904",2022,13,0,5,"13657","San Juan Nepomuceno","Bolívar",998,"VOTOS NO MARCADOS","Presidencia 2da vuelta",24,6821,"#dddddd","OTROS"
"905",2022,13,0,5,"13667","San Martín de Loba","Bolívar",1076,"LIGA DE GOBERNANTES ANTICORRUPCION","Presidencia 2da vuelta",2801,7720,"#f07605","LIGA DE GOBERNANTES ANTICORRUPCION"
"906",2022,13,0,5,"13667","San Martín de Loba","Bolívar",1235,"COALICION PACTO HISTORICO","Presidencia 2da vuelta",2764,7720,"#1b3383","COALICION PACTO HISTORICO"
"907",2022,13,0,5,"13667","San Martín de Loba","Bolívar",996,"VOTOS EN BLANCO","Presidencia 2da vuelta",52,7720,"#dddddd","OTROS"
"908",2022,13,0,5,"13667","San Martín de Loba","Bolívar",997,"VOTOS NULOS","Presidencia 2da vuelta",26,7720,"#808080","VOTOS NULOS"
"909",2022,13,0,5,"13667","San Martín de Loba","Bolívar",998,"VOTOS NO MARCADOS","Presidencia 2da vuelta",3,7720,"#dddddd","OTROS"
"910",2022,13,0,5,"13670","San Pablo","Bolívar",1076,"LIGA DE GOBERNANTES ANTICORRUPCION","Presidencia 2da vuelta",5452,16775,"#f07605","LIGA DE GOBERNANTES ANTICORRUPCION"
"911",2022,13,0,5,"13670","San Pablo","Bolívar",1235,"COALICION PACTO HISTORICO","Presidencia 2da vuelta",4556,16775,"#1b3383","COALICION PACTO HISTORICO"
"912",2022,13,0,5,"13670","San Pablo","Bolívar",996,"VOTOS EN BLANCO","Presidencia 2da vuelta",117,16775,"#dddddd","OTROS"
"913",2022,13,0,5,"13670","San Pablo","Bolívar",997,"VOTOS NULOS","Presidencia 2da vuelta",73,16775,"#808080","VOTOS NULOS"
"914",2022,13,0,5,"13670","San Pablo","Bolívar",998,"VOTOS NO MARCADOS","Presidencia 2da vuelta",20,16775,"#dddddd","OTROS"
"915",2022,13,0,5,"13673","Santa Catalina","Bolívar",1235,"COALICION PACTO HISTORICO","Presidencia 2da vuelta",4225,7497,"#1b3383","COALICION PACTO HISTORICO"
"916",2022,13,0,5,"13673","Santa Catalina","Bolívar",1076,"LIGA DE GOBERNANTES ANTICORRUPCION","Presidencia 2da vuelta",1518,7497,"#f07605","LIGA DE GOBERNANTES ANTICORRUPCION"
"917",2022,13,0,5,"13673","Santa Catalina","Bolívar",996,"VOTOS EN BLANCO","Presidencia 2da vuelta",87,7497,"#dddddd","OTROS"
"918",2022,13,0,5,"13673","Santa Catalina","Bolívar",997,"VOTOS NULOS","Presidencia 2da vuelta",34,7497,"#808080","VOTOS NULOS"
"919",2022,13,0,5,"13673","Santa Catalina","Bolívar",998,"VOTOS NO MARCADOS","Presidencia 2da vuelta",8,7497,"#dddddd","OTROS"
"920",2022,13,0,5,"13683","Santa Rosa","Bolívar",1235,"COALICION PACTO HISTORICO","Presidencia 2da vuelta",5284,16051,"#1b3383","COALICION PACTO HISTORICO"
"921",2022,13,0,5,"13683","Santa Rosa","Bolívar",1076,"LIGA DE GOBERNANTES ANTICORRUPCION","Presidencia 2da vuelta",1846,16051,"#f07605","LIGA DE GOBERNANTES ANTICORRUPCION"
"922",2022,13,0,5,"13683","Santa Rosa","Bolívar",996,"VOTOS EN BLANCO","Presidencia 2da vuelta",134,16051,"#dddddd","OTROS"
"923",2022,13,0,5,"13683","Santa Rosa","Bolívar",997,"VOTOS NULOS","Presidencia 2da vuelta",54,16051,"#808080","VOTOS NULOS"
"924",2022,13,0,5,"13683","Santa Rosa","Bolívar",998,"VOTOS NO MARCADOS","Presidencia 2da vuelta",14,16051,"#dddddd","OTROS"
"925",2022,13,0,5,"13688","Santa Rosa del Sur","Bolívar",1076,"LIGA DE GOBERNANTES ANTICORRUPCION","Presidencia 2da vuelta",11176,16936,"#f07605","LIGA DE GOBERNANTES ANTICORRUPCION"
"926",2022,13,0,5,"13688","Santa Rosa del Sur","Bolívar",1235,"COALICION PACTO HISTORICO","Presidencia 2da vuelta",2612,16936,"#1b3383","COALICION PACTO HISTORICO"
"927",2022,13,0,5,"13688","Santa Rosa del Sur","Bolívar",996,"VOTOS EN BLANCO","Presidencia 2da vuelta",145,16936,"#dddddd","OTROS"
"928",2022,13,0,5,"13688","Santa Rosa del Sur","Bolívar",997,"VOTOS NULOS","Presidencia 2da vuelta",67,16936,"#808080","VOTOS NULOS"
"929",2022,13,0,5,"13688","Santa Rosa del Sur","Bolívar",998,"VOTOS NO MARCADOS","Presidencia 2da vuelta",15,16936,"#dddddd","OTROS"
"930",2022,13,0,5,"13744","Simití","Bolívar",1076,"LIGA DE GOBERNANTES ANTICORRUPCION","Presidencia 2da vuelta",4942,5853,"#f07605","LIGA DE GOBERNANTES ANTICORRUPCION"
"931",2022,13,0,5,"13744","Simití","Bolívar",1235,"COALICION PACTO HISTORICO","Presidencia 2da vuelta",2166,5853,"#1b3383","COALICION PACTO HISTORICO"
"932",2022,13,0,5,"13744","Simití","Bolívar",996,"VOTOS EN BLANCO","Presidencia 2da vuelta",58,5853,"#dddddd","OTROS"
"933",2022,13,0,5,"13744","Simití","Bolívar",997,"VOTOS NULOS","Presidencia 2da vuelta",27,5853,"#808080","VOTOS NULOS"
"934",2022,13,0,5,"13744","Simití","Bolívar",998,"VOTOS NO MARCADOS","Presidencia 2da vuelta",11,5853,"#dddddd","OTROS"
"935",2022,13,0,5,"13760","Soplaviento","Bolívar",1235,"COALICION PACTO HISTORICO","Presidencia 2da vuelta",3966,8746,"#1b3383","COALICION PACTO HISTORICO"
"936",2022,13,0,5,"13760","Soplaviento","Bolívar",1076,"LIGA DE GOBERNANTES ANTICORRUPCION","Presidencia 2da vuelta",1038,8746,"#f07605","LIGA DE GOBERNANTES ANTICORRUPCION"
"937",2022,13,0,5,"13760","Soplaviento","Bolívar",996,"VOTOS EN BLANCO","Presidencia 2da vuelta",69,8746,"#dddddd","OTROS"
"938",2022,13,0,5,"13760","Soplaviento","Bolívar",997,"VOTOS NULOS","Presidencia 2da vuelta",21,8746,"#808080","VOTOS NULOS"
"939",2022,13,0,5,"13760","Soplaviento","Bolívar",998,"VOTOS NO MARCADOS","Presidencia 2da vuelta",9,8746,"#dddddd","OTROS"
"940",2022,13,0,5,"13780","Talaigua Nuevo","Bolívar",1076,"LIGA DE GOBERNANTES ANTICORRUPCION","Presidencia 2da vuelta",2756,5384,"#f07605","LIGA DE GOBERNANTES ANTICORRUPCION"
"941",2022,13,0,5,"13780","Talaigua Nuevo","Bolívar",1235,"COALICION PACTO HISTORICO","Presidencia 2da vuelta",2479,5384,"#1b3383","COALICION PACTO HISTORICO"
"942",2022,13,0,5,"13780","Talaigua Nuevo","Bolívar",996,"VOTOS EN BLANCO","Presidencia 2da vuelta",89,5384,"#dddddd","OTROS"
"943",2022,13,0,5,"13780","Talaigua Nuevo","Bolívar",997,"VOTOS NULOS","Presidencia 2da vuelta",23,5384,"#808080","VOTOS NULOS"
"944",2022,13,0,5,"13780","Talaigua Nuevo","Bolívar",998,"VOTOS NO MARCADOS","Presidencia 2da vuelta",4,5384,"#dddddd","OTROS"
"945",2022,13,0,5,"13810","Tiquisio","Bolívar",1076,"LIGA DE GOBERNANTES ANTICORRUPCION","Presidencia 2da vuelta",2909,6948,"#f07605","LIGA DE GOBERNANTES ANTICORRUPCION"
"946",2022,13,0,5,"13810","Tiquisio","Bolívar",1235,"COALICION PACTO HISTORICO","Presidencia 2da vuelta",2325,6948,"#1b3383","COALICION PACTO HISTORICO"
"947",2022,13,0,5,"13810","Tiquisio","Bolívar",996,"VOTOS EN BLANCO","Presidencia 2da vuelta",77,6948,"#dddddd","OTROS"
"948",2022,13,0,5,"13810","Tiquisio","Bolívar",997,"VOTOS NULOS","Presidencia 2da vuelta",24,6948,"#808080","VOTOS NULOS"
"949",2022,13,0,5,"13810","Tiquisio","Bolívar",998,"VOTOS NO MARCADOS","Presidencia 2da vuelta",6,6948,"#dddddd","OTROS"
"950",2022,13,0,5,"13836","Turbaco","Bolívar",1235,"COALICION PACTO HISTORICO","Presidencia 2da vuelta",23563,11365,"#1b3383","COALICION PACTO HISTORICO"
"951",2022,13,0,5,"13836","Turbaco","Bolívar",1076,"LIGA DE GOBERNANTES ANTICORRUPCION","Presidencia 2da vuelta",10257,11365,"#f07605","LIGA DE GOBERNANTES ANTICORRUPCION"
"952",2022,13,0,5,"13836","Turbaco","Bolívar",996,"VOTOS EN BLANCO","Presidencia 2da vuelta",653,11365,"#dddddd","OTROS"
"953",2022,13,0,5,"13836","Turbaco","Bolívar",997,"VOTOS NULOS","Presidencia 2da vuelta",227,11365,"#808080","VOTOS NULOS"
"954",2022,13,0,5,"13836","Turbaco","Bolívar",998,"VOTOS NO MARCADOS","Presidencia 2da vuelta",34,11365,"#dddddd","OTROS"
"955",2022,13,0,5,"13838","Turbaná","Bolívar",1235,"COALICION PACTO HISTORICO","Presidencia 2da vuelta",5728,13598,"#1b3383","COALICION PACTO HISTORICO"
"956",2022,13,0,5,"13838","Turbaná","Bolívar",1076,"LIGA DE GOBERNANTES ANTICORRUPCION","Presidencia 2da vuelta",2095,13598,"#f07605","LIGA DE GOBERNANTES ANTICORRUPCION"
"957",2022,13,0,5,"13838","Turbaná","Bolívar",996,"VOTOS EN BLANCO","Presidencia 2da vuelta",164,13598,"#dddddd","OTROS"
"958",2022,13,0,5,"13838","Turbaná","Bolívar",997,"VOTOS NULOS","Presidencia 2da vuelta",40,13598,"#808080","VOTOS NULOS"
"959",2022,13,0,5,"13838","Turbaná","Bolívar",998,"VOTOS NO MARCADOS","Presidencia 2da vuelta",12,13598,"#dddddd","OTROS"
"960",2022,13,0,5,"13873","Villanueva","Bolívar",1235,"COALICION PACTO HISTORICO","Presidencia 2da vuelta",3668,15306,"#1b3383","COALICION PACTO HISTORICO"
"961",2022,13,0,5,"13873","Villanueva","Bolívar",1076,"LIGA DE GOBERNANTES ANTICORRUPCION","Presidencia 2da vuelta",3579,15306,"#f07605","LIGA DE GOBERNANTES ANTICORRUPCION"
"962",2022,13,0,5,"13873","Villanueva","Bolívar",996,"VOTOS EN BLANCO","Presidencia 2da vuelta",164,15306,"#dddddd","OTROS"
"963",2022,13,0,5,"13873","Villanueva","Bolívar",997,"VOTOS NULOS","Presidencia 2da vuelta",81,15306,"#808080","VOTOS NULOS"
"964",2022,13,0,5,"13873","Villanueva","Bolívar",998,"VOTOS NO MARCADOS","Presidencia 2da vuelta",26,15306,"#dddddd","OTROS"
"965",2022,13,0,5,"13894","Zambrano","Bolívar",1235,"COALICION PACTO HISTORICO","Presidencia 2da vuelta",4200,9388,"#1b3383","COALICION PACTO HISTORICO"
"966",2022,13,0,5,"13894","Zambrano","Bolívar",1076,"LIGA DE GOBERNANTES ANTICORRUPCION","Presidencia 2da vuelta",869,9388,"#f07605","LIGA DE GOBERNANTES ANTICORRUPCION"
"967",2022,13,0,5,"13894","Zambrano","Bolívar",996,"VOTOS EN BLANCO","Presidencia 2da vuelta",51,9388,"#dddddd","OTROS"
"968",2022,13,0,5,"13894","Zambrano","Bolívar",997,"VOTOS NULOS","Presidencia 2da vuelta",40,9388,"#808080","VOTOS NULOS"
"969",2022,13,0,5,"13894","Zambrano","Bolívar",998,"VOTOS NO MARCADOS","Presidencia 2da vuelta",5,9388,"#dddddd","OTROS"
"970",2022,13,0,7,"15001","Tunja","Boyacá",1235,"COALICION PACTO HISTORICO","Presidencia 2da vuelta",54629,9778,"#1b3383","COALICION PACTO HISTORICO"
"971",2022,13,0,7,"15001","Tunja","Boyacá",1076,"LIGA DE GOBERNANTES ANTICORRUPCION","Presidencia 2da vuelta",37000,9778,"#f07605","LIGA DE GOBERNANTES ANTICORRUPCION"
"972",2022,13,0,7,"15001","Tunja","Boyacá",996,"VOTOS EN BLANCO","Presidencia 2da vuelta",2478,9778,"#dddddd","OTROS"
"973",2022,13,0,7,"15001","Tunja","Boyacá",997,"VOTOS NULOS","Presidencia 2da vuelta",1292,9778,"#808080","VOTOS NULOS"
"974",2022,13,0,7,"15001","Tunja","Boyacá",998,"VOTOS NO MARCADOS","Presidencia 2da vuelta",40,9778,"#dddddd","OTROS"
"975",2022,13,0,7,"15022","Almeida","Boyacá",1076,"LIGA DE GOBERNANTES ANTICORRUPCION","Presidencia 2da vuelta",712,1970,"#f07605","LIGA DE GOBERNANTES ANTICORRUPCION"
"976",2022,13,0,7,"15022","Almeida","Boyacá",1235,"COALICION PACTO HISTORICO","Presidencia 2da vuelta",307,1970,"#1b3383","COALICION PACTO HISTORICO"
"977",2022,13,0,7,"15022","Almeida","Boyacá",996,"VOTOS EN BLANCO","Presidencia 2da vuelta",17,1970,"#dddddd","OTROS"
"978",2022,13,0,7,"15022","Almeida","Boyacá",997,"VOTOS NULOS","Presidencia 2da vuelta",14,1970,"#808080","VOTOS NULOS"
"979",2022,13,0,7,"15022","Almeida","Boyacá",998,"VOTOS NO MARCADOS","Presidencia 2da vuelta",2,1970,"#dddddd","OTROS"
"980",2022,13,0,7,"15047","Aquitania","Boyacá",1076,"LIGA DE GOBERNANTES ANTICORRUPCION","Presidencia 2da vuelta",6650,10270,"#f07605","LIGA DE GOBERNANTES ANTICORRUPCION"
"981",2022,13,0,7,"15047","Aquitania","Boyacá",1235,"COALICION PACTO HISTORICO","Presidencia 2da vuelta",1743,10270,"#1b3383","COALICION PACTO HISTORICO"
"982",2022,13,0,7,"15047","Aquitania","Boyacá",996,"VOTOS EN BLANCO","Presidencia 2da vuelta",128,10270,"#dddddd","OTROS"
"983",2022,13,0,7,"15047","Aquitania","Boyacá",997,"VOTOS NULOS","Presidencia 2da vuelta",82,10270,"#808080","VOTOS NULOS"
"984",2022,13,0,7,"15047","Aquitania","Boyacá",998,"VOTOS NO MARCADOS","Presidencia 2da vuelta",6,10270,"#dddddd","OTROS"
"985",2022,13,0,7,"15051","Arcabuco","Boyacá",1076,"LIGA DE GOBERNANTES ANTICORRUPCION","Presidencia 2da vuelta",2301,5080,"#f07605","LIGA DE GOBERNANTES ANTICORRUPCION"
"986",2022,13,0,7,"15051","Arcabuco","Boyacá",1235,"COALICION PACTO HISTORICO","Presidencia 2da vuelta",1100,5080,"#1b3383","COALICION PACTO HISTORICO"
"987",2022,13,0,7,"15051","Arcabuco","Boyacá",996,"VOTOS EN BLANCO","Presidencia 2da vuelta",55,5080,"#dddddd","OTROS"
"988",2022,13,0,7,"15051","Arcabuco","Boyacá",997,"VOTOS NULOS","Presidencia 2da vuelta",41,5080,"#808080","VOTOS NULOS"
"989",2022,13,0,7,"15051","Arcabuco","Boyacá",998,"VOTOS NO MARCADOS","Presidencia 2da vuelta",4,5080,"#dddddd","OTROS"
"990",2022,13,0,7,"15087","Belén","Boyacá",1076,"LIGA DE GOBERNANTES ANTICORRUPCION","Presidencia 2da vuelta",2816,6667,"#f07605","LIGA DE GOBERNANTES ANTICORRUPCION"
"991",2022,13,0,7,"15087","Belén","Boyacá",1235,"COALICION PACTO HISTORICO","Presidencia 2da vuelta",1636,6667,"#1b3383","COALICION PACTO HISTORICO"
"992",2022,13,0,7,"15087","Belén","Boyacá",996,"VOTOS EN BLANCO","Presidencia 2da vuelta",86,6667,"#dddddd","OTROS"
"993",2022,13,0,7,"15087","Belén","Boyacá",997,"VOTOS NULOS","Presidencia 2da vuelta",79,6667,"#808080","VOTOS NULOS"
"994",2022,13,0,7,"15087","Belén","Boyacá",998,"VOTOS NO MARCADOS","Presidencia 2da vuelta",3,6667,"#dddddd","OTROS"
"995",2022,13,0,7,"15090","Berbeo","Boyacá",1076,"LIGA DE GOBERNANTES ANTICORRUPCION","Presidencia 2da vuelta",469,1417,"#f07605","LIGA DE GOBERNANTES ANTICORRUPCION"
"996",2022,13,0,7,"15090","Berbeo","Boyacá",1235,"COALICION PACTO HISTORICO","Presidencia 2da vuelta",403,1417,"#1b3383","COALICION PACTO HISTORICO"
"997",2022,13,0,7,"15090","Berbeo","Boyacá",996,"VOTOS EN BLANCO","Presidencia 2da vuelta",22,1417,"#dddddd","OTROS"
"998",2022,13,0,7,"15090","Berbeo","Boyacá",997,"VOTOS NULOS","Presidencia 2da vuelta",6,1417,"#808080","VOTOS NULOS"
"999",2022,13,0,7,"15090","Berbeo","Boyacá",998,"VOTOS NO MARCADOS","Presidencia 2da vuelta",2,1417,"#dddddd","OTROS"
"1000",2022,13,0,7,"15092","Betéitiva","Boyacá",1076,"LIGA DE GOBERNANTES ANTICORRUPCION","Presidencia 2da vuelta",720,1173,"#f07605","LIGA DE GOBERNANTES ANTICORRUPCION"
"1001",2022,13,0,7,"15092","Betéitiva","Boyacá",1235,"COALICION PACTO HISTORICO","Presidencia 2da vuelta",436,1173,"#1b3383","COALICION PACTO HISTORICO"
"1002",2022,13,0,7,"15092","Betéitiva","Boyacá",996,"VOTOS EN BLANCO","Presidencia 2da vuelta",21,1173,"#dddddd","OTROS"
"1003",2022,13,0,7,"15092","Betéitiva","Boyacá",997,"VOTOS NULOS","Presidencia 2da vuelta",3,1173,"#808080","VOTOS NULOS"
"1004",2022,13,0,7,"15092","Betéitiva","Boyacá",998,"VOTOS NO MARCADOS","Presidencia 2da vuelta",1,712,"#dddddd","OTROS"
"1005",2022,13,0,7,"15097","Boavita","Boyacá",1076,"LIGA DE GOBERNANTES ANTICORRUPCION","Presidencia 2da vuelta",2104,4306,"#f07605","LIGA DE GOBERNANTES ANTICORRUPCION"
"1006",2022,13,0,7,"15097","Boavita","Boyacá",1235,"COALICION PACTO HISTORICO","Presidencia 2da vuelta",687,4306,"#1b3383","COALICION PACTO HISTORICO"
"1007",2022,13,0,7,"15097","Boavita","Boyacá",996,"VOTOS EN BLANCO","Presidencia 2da vuelta",40,4306,"#dddddd","OTROS"
"1008",2022,13,0,7,"15097","Boavita","Boyacá",997,"VOTOS NULOS","Presidencia 2da vuelta",25,4306,"#808080","VOTOS NULOS"
"1009",2022,13,0,7,"15097","Boavita","Boyacá",998,"VOTOS NO MARCADOS","Presidencia 2da vuelta",3,4306,"#dddddd","OTROS"
"1010",2022,13,0,7,"15104","Boyacá","Boyacá",1076,"LIGA DE GOBERNANTES ANTICORRUPCION","Presidencia 2da vuelta",1848,4429,"#f07605","LIGA DE GOBERNANTES ANTICORRUPCION"
"1011",2022,13,0,7,"15104","Boyacá","Boyacá",1235,"COALICION PACTO HISTORICO","Presidencia 2da vuelta",811,4429,"#1b3383","COALICION PACTO HISTORICO"
"1012",2022,13,0,7,"15104","Boyacá","Boyacá",996,"VOTOS EN BLANCO","Presidencia 2da vuelta",28,4429,"#dddddd","OTROS"
"1013",2022,13,0,7,"15104","Boyacá","Boyacá",997,"VOTOS NULOS","Presidencia 2da vuelta",12,4429,"#808080","VOTOS NULOS"
"1014",2022,13,0,7,"15104","Boyacá","Boyacá",998,"VOTOS NO MARCADOS","Presidencia 2da vuelta",7,4429,"#dddddd","OTROS"
"1015",2022,13,0,7,"15106","Briceño","Boyacá",1076,"LIGA DE GOBERNANTES ANTICORRUPCION","Presidencia 2da vuelta",1284,2380,"#f07605","LIGA DE GOBERNANTES ANTICORRUPCION"
"1016",2022,13,0,7,"15106","Briceño","Boyacá",1235,"COALICION PACTO HISTORICO","Presidencia 2da vuelta",259,2380,"#1b3383","COALICION PACTO HISTORICO"
"1017",2022,13,0,7,"15106","Briceño","Boyacá",996,"VOTOS EN BLANCO","Presidencia 2da vuelta",8,2380,"#dddddd","OTROS"
"1018",2022,13,0,7,"15106","Briceño","Boyacá",997,"VOTOS NULOS","Presidencia 2da vuelta",4,2380,"#808080","VOTOS NULOS"
"1019",2022,13,0,7,"15109","Buenavista","Boyacá",1076,"LIGA DE GOBERNANTES ANTICORRUPCION","Presidencia 2da vuelta",2431,4125,"#f07605","LIGA DE GOBERNANTES ANTICORRUPCION"
"1020",2022,13,0,7,"15109","Buenavista","Boyacá",1235,"COALICION PACTO HISTORICO","Presidencia 2da vuelta",630,4125,"#1b3383","COALICION PACTO HISTORICO"
"1021",2022,13,0,7,"15109","Buenavista","Boyacá",996,"VOTOS EN BLANCO","Presidencia 2da vuelta",39,4125,"#dddddd","OTROS"
"1022",2022,13,0,7,"15109","Buenavista","Boyacá",997,"VOTOS NULOS","Presidencia 2da vuelta",24,4125,"#808080","VOTOS NULOS"
"1023",2022,13,0,7,"15109","Buenavista","Boyacá",998,"VOTOS NO MARCADOS","Presidencia 2da vuelta",4,4125,"#dddddd","OTROS"
"1024",2022,13,0,7,"15114","Busbanzá","Boyacá",1076,"LIGA DE GOBERNANTES ANTICORRUPCION","Presidencia 2da vuelta",462,963,"#f07605","LIGA DE GOBERNANTES ANTICORRUPCION"
"1025",2022,13,0,7,"15114","Busbanzá","Boyacá",1235,"COALICION PACTO HISTORICO","Presidencia 2da vuelta",224,963,"#1b3383","COALICION PACTO HISTORICO"
"1026",2022,13,0,7,"15114","Busbanzá","Boyacá",996,"VOTOS EN BLANCO","Presidencia 2da vuelta",13,963,"#dddddd","OTROS"
"1027",2022,13,0,7,"15114","Busbanzá","Boyacá",997,"VOTOS NULOS","Presidencia 2da vuelta",3,963,"#808080","VOTOS NULOS"
"1028",2022,13,0,7,"15114","Busbanzá","Boyacá",998,"VOTOS NO MARCADOS","Presidencia 2da vuelta",2,963,"#dddddd","OTROS"
"1029",2022,13,0,7,"15131","Caldas","Boyacá",1076,"LIGA DE GOBERNANTES ANTICORRUPCION","Presidencia 2da vuelta",1293,1996,"#f07605","LIGA DE GOBERNANTES ANTICORRUPCION"
"1030",2022,13,0,7,"15131","Caldas","Boyacá",1235,"COALICION PACTO HISTORICO","Presidencia 2da vuelta",539,1996,"#1b3383","COALICION PACTO HISTORICO"
"1031",2022,13,0,7,"15131","Caldas","Boyacá",996,"VOTOS EN BLANCO","Presidencia 2da vuelta",27,1996,"#dddddd","OTROS"
"1032",2022,13,0,7,"15131","Caldas","Boyacá",997,"VOTOS NULOS","Presidencia 2da vuelta",19,1996,"#808080","VOTOS NULOS"
"1033",2022,13,0,7,"15131","Caldas","Boyacá",998,"VOTOS NO MARCADOS","Presidencia 2da vuelta",2,765,"#dddddd","OTROS"
"1034",2022,13,0,7,"15135","Campohermoso","Boyacá",1076,"LIGA DE GOBERNANTES ANTICORRUPCION","Presidencia 2da vuelta",1241,1601,"#f07605","LIGA DE GOBERNANTES ANTICORRUPCION"
"1035",2022,13,0,7,"15135","Campohermoso","Boyacá",1235,"COALICION PACTO HISTORICO","Presidencia 2da vuelta",253,1601,"#1b3383","COALICION PACTO HISTORICO"
"1036",2022,13,0,7,"15135","Campohermoso","Boyacá",996,"VOTOS EN BLANCO","Presidencia 2da vuelta",20,1601,"#dddddd","OTROS"
"1037",2022,13,0,7,"15135","Campohermoso","Boyacá",997,"VOTOS NULOS","Presidencia 2da vuelta",9,1601,"#808080","VOTOS NULOS"
"1038",2022,13,0,7,"15135","Campohermoso","Boyacá",998,"VOTOS NO MARCADOS","Presidencia 2da vuelta",1,730,"#dddddd","OTROS"
"1039",2022,13,0,7,"15162","Cerinza","Boyacá",1076,"LIGA DE GOBERNANTES ANTICORRUPCION","Presidencia 2da vuelta",1296,3538,"#f07605","LIGA DE GOBERNANTES ANTICORRUPCION"
"1040",2022,13,0,7,"15162","Cerinza","Boyacá",1235,"COALICION PACTO HISTORICO","Presidencia 2da vuelta",1012,3538,"#1b3383","COALICION PACTO HISTORICO"
"1041",2022,13,0,7,"15162","Cerinza","Boyacá",996,"VOTOS EN BLANCO","Presidencia 2da vuelta",49,3538,"#dddddd","OTROS"
"1042",2022,13,0,7,"15162","Cerinza","Boyacá",997,"VOTOS NULOS","Presidencia 2da vuelta",28,3538,"#808080","VOTOS NULOS"
"1043",2022,13,0,7,"15162","Cerinza","Boyacá",998,"VOTOS NO MARCADOS","Presidencia 2da vuelta",3,3538,"#dddddd","OTROS"
"1044",2022,13,0,7,"15172","Chinavita","Boyacá",1076,"LIGA DE GOBERNANTES ANTICORRUPCION","Presidencia 2da vuelta",1383,2905,"#f07605","LIGA DE GOBERNANTES ANTICORRUPCION"
"1045",2022,13,0,7,"15172","Chinavita","Boyacá",1235,"COALICION PACTO HISTORICO","Presidencia 2da vuelta",477,2905,"#1b3383","COALICION PACTO HISTORICO"
"1046",2022,13,0,7,"15172","Chinavita","Boyacá",996,"VOTOS EN BLANCO","Presidencia 2da vuelta",29,2905,"#dddddd","OTROS"
"1047",2022,13,0,7,"15172","Chinavita","Boyacá",997,"VOTOS NULOS","Presidencia 2da vuelta",10,2905,"#808080","VOTOS NULOS"
"1048",2022,13,0,7,"15172","Chinavita","Boyacá",998,"VOTOS NO MARCADOS","Presidencia 2da vuelta",4,2905,"#dddddd","OTROS"
"1049",2022,13,0,7,"15176","Chiquinquirá","Boyacá",1076,"LIGA DE GOBERNANTES ANTICORRUPCION","Presidencia 2da vuelta",16216,5590,"#f07605","LIGA DE GOBERNANTES ANTICORRUPCION"
"1050",2022,13,0,7,"15176","Chiquinquirá","Boyacá",1235,"COALICION PACTO HISTORICO","Presidencia 2da vuelta",10995,5590,"#1b3383","COALICION PACTO HISTORICO"
"1051",2022,13,0,7,"15176","Chiquinquirá","Boyacá",996,"VOTOS EN BLANCO","Presidencia 2da vuelta",591,5590,"#dddddd","OTROS"
"1052",2022,13,0,7,"15176","Chiquinquirá","Boyacá",997,"VOTOS NULOS","Presidencia 2da vuelta",418,5590,"#808080","VOTOS NULOS"
"1053",2022,13,0,7,"15176","Chiquinquirá","Boyacá",998,"VOTOS NO MARCADOS","Presidencia 2da vuelta",19,5590,"#dddddd","OTROS"
"1054",2022,13,0,7,"15180","Chiscas","Boyacá",1076,"LIGA DE GOBERNANTES ANTICORRUPCION","Presidencia 2da vuelta",1544,2277,"#f07605","LIGA DE GOBERNANTES ANTICORRUPCION"
"1055",2022,13,0,7,"15180","Chiscas","Boyacá",1235,"COALICION PACTO HISTORICO","Presidencia 2da vuelta",260,2277,"#1b3383","COALICION PACTO HISTORICO"
"1056",2022,13,0,7,"15180","Chiscas","Boyacá",996,"VOTOS EN BLANCO","Presidencia 2da vuelta",11,2277,"#dddddd","OTROS"
"1057",2022,13,0,7,"15180","Chiscas","Boyacá",997,"VOTOS NULOS","Presidencia 2da vuelta",10,2277,"#808080","VOTOS NULOS"
"1058",2022,13,0,7,"15180","Chiscas","Boyacá",998,"VOTOS NO MARCADOS","Presidencia 2da vuelta",4,2277,"#dddddd","OTROS"
"1059",2022,13,0,7,"15183","Chita","Boyacá",1076,"LIGA DE GOBERNANTES ANTICORRUPCION","Presidencia 2da vuelta",2795,4662,"#f07605","LIGA DE GOBERNANTES ANTICORRUPCION"
"1060",2022,13,0,7,"15183","Chita","Boyacá",1235,"COALICION PACTO HISTORICO","Presidencia 2da vuelta",615,4662,"#1b3383","COALICION PACTO HISTORICO"
"1061",2022,13,0,7,"15183","Chita","Boyacá",996,"VOTOS EN BLANCO","Presidencia 2da vuelta",45,4662,"#dddddd","OTROS"
"1062",2022,13,0,7,"15183","Chita","Boyacá",997,"VOTOS NULOS","Presidencia 2da vuelta",23,4662,"#808080","VOTOS NULOS"
"1063",2022,13,0,7,"15183","Chita","Boyacá",998,"VOTOS NO MARCADOS","Presidencia 2da vuelta",12,4662,"#dddddd","OTROS"
"1064",2022,13,0,7,"15185","Chitaraque","Boyacá",1076,"LIGA DE GOBERNANTES ANTICORRUPCION","Presidencia 2da vuelta",2845,5267,"#f07605","LIGA DE GOBERNANTES ANTICORRUPCION"
"1065",2022,13,0,7,"15185","Chitaraque","Boyacá",1235,"COALICION PACTO HISTORICO","Presidencia 2da vuelta",447,5267,"#1b3383","COALICION PACTO HISTORICO"
"1066",2022,13,0,7,"15185","Chitaraque","Boyacá",996,"VOTOS EN BLANCO","Presidencia 2da vuelta",27,5267,"#dddddd","OTROS"
"1067",2022,13,0,7,"15185","Chitaraque","Boyacá",997,"VOTOS NULOS","Presidencia 2da vuelta",7,5267,"#808080","VOTOS NULOS"
"1068",2022,13,0,7,"15185","Chitaraque","Boyacá",998,"VOTOS NO MARCADOS","Presidencia 2da vuelta",5,5267,"#dddddd","OTROS"
"1069",2022,13,0,7,"15187","Chivatá","Boyacá",1076,"LIGA DE GOBERNANTES ANTICORRUPCION","Presidencia 2da vuelta",1252,2994,"#f07605","LIGA DE GOBERNANTES ANTICORRUPCION"
"1070",2022,13,0,7,"15187","Chivatá","Boyacá",1235,"COALICION PACTO HISTORICO","Presidencia 2da vuelta",758,2994,"#1b3383","COALICION PACTO HISTORICO"
"1071",2022,13,0,7,"15187","Chivatá","Boyacá",996,"VOTOS EN BLANCO","Presidencia 2da vuelta",28,2994,"#dddddd","OTROS"
"1072",2022,13,0,7,"15187","Chivatá","Boyacá",997,"VOTOS NULOS","Presidencia 2da vuelta",15,2994,"#808080","VOTOS NULOS"
"1073",2022,13,0,7,"15187","Chivatá","Boyacá",998,"VOTOS NO MARCADOS","Presidencia 2da vuelta",3,2994,"#dddddd","OTROS"
"1074",2022,13,0,7,"15189","Ciénega","Boyacá",1076,"LIGA DE GOBERNANTES ANTICORRUPCION","Presidencia 2da vuelta",2135,3882,"#f07605","LIGA DE GOBERNANTES ANTICORRUPCION"
"1075",2022,13,0,7,"15189","Ciénega","Boyacá",1235,"COALICION PACTO HISTORICO","Presidencia 2da vuelta",445,3882,"#1b3383","COALICION PACTO HISTORICO"
"1076",2022,13,0,7,"15189","Ciénega","Boyacá",996,"VOTOS EN BLANCO","Presidencia 2da vuelta",40,3882,"#dddddd","OTROS"
"1077",2022,13,0,7,"15189","Ciénega","Boyacá",997,"VOTOS NULOS","Presidencia 2da vuelta",13,3882,"#808080","VOTOS NULOS"
"1078",2022,13,0,7,"15189","Ciénega","Boyacá",998,"VOTOS NO MARCADOS","Presidencia 2da vuelta",2,3882,"#dddddd","OTROS"
"1079",2022,13,0,7,"15204","Cómbita","Boyacá",1076,"LIGA DE GOBERNANTES ANTICORRUPCION","Presidencia 2da vuelta",3552,7642,"#f07605","LIGA DE GOBERNANTES ANTICORRUPCION"
"1080",2022,13,0,7,"15204","Cómbita","Boyacá",1235,"COALICION PACTO HISTORICO","Presidencia 2da vuelta",2619,7642,"#1b3383","COALICION PACTO HISTORICO"
"1081",2022,13,0,7,"15204","Cómbita","Boyacá",997,"VOTOS NULOS","Presidencia 2da vuelta",104,7642,"#808080","VOTOS NULOS"
"1082",2022,13,0,7,"15204","Cómbita","Boyacá",996,"VOTOS EN BLANCO","Presidencia 2da vuelta",103,7642,"#dddddd","OTROS"
"1083",2022,13,0,7,"15204","Cómbita","Boyacá",998,"VOTOS NO MARCADOS","Presidencia 2da vuelta",9,7642,"#dddddd","OTROS"
"1084",2022,13,0,7,"15212","Coper","Boyacá",1076,"LIGA DE GOBERNANTES ANTICORRUPCION","Presidencia 2da vuelta",1659,2008,"#f07605","LIGA DE GOBERNANTES ANTICORRUPCION"
"1085",2022,13,0,7,"15212","Coper","Boyacá",1235,"COALICION PACTO HISTORICO","Presidencia 2da vuelta",246,2008,"#1b3383","COALICION PACTO HISTORICO"
"1086",2022,13,0,7,"15212","Coper","Boyacá",996,"VOTOS EN BLANCO","Presidencia 2da vuelta",11,2008,"#dddddd","OTROS"
"1087",2022,13,0,7,"15212","Coper","Boyacá",997,"VOTOS NULOS","Presidencia 2da vuelta",5,2008,"#808080","VOTOS NULOS"
"1088",2022,13,0,7,"15212","Coper","Boyacá",998,"VOTOS NO MARCADOS","Presidencia 2da vuelta",2,2008,"#dddddd","OTROS"
"1089",2022,13,0,7,"15215","Corrales","Boyacá",1076,"LIGA DE GOBERNANTES ANTICORRUPCION","Presidencia 2da vuelta",886,2307,"#f07605","LIGA DE GOBERNANTES ANTICORRUPCION"
"1090",2022,13,0,7,"15215","Corrales","Boyacá",1235,"COALICION PACTO HISTORICO","Presidencia 2da vuelta",686,2307,"#1b3383","COALICION PACTO HISTORICO"
"1091",2022,13,0,7,"15215","Corrales","Boyacá",996,"VOTOS EN BLANCO","Presidencia 2da vuelta",36,2307,"#dddddd","OTROS"
"1092",2022,13,0,7,"15215","Corrales","Boyacá",997,"VOTOS NULOS","Presidencia 2da vuelta",21,2307,"#808080","VOTOS NULOS"
"1093",2022,13,0,7,"15215","Corrales","Boyacá",998,"VOTOS NO MARCADOS","Presidencia 2da vuelta",1,2307,"#dddddd","OTROS"
"1094",2022,13,0,7,"15218","Covarachía","Boyacá",1076,"LIGA DE GOBERNANTES ANTICORRUPCION","Presidencia 2da vuelta",1551,2127,"#f07605","LIGA DE GOBERNANTES ANTICORRUPCION"
"1095",2022,13,0,7,"15218","Covarachía","Boyacá",1235,"COALICION PACTO HISTORICO","Presidencia 2da vuelta",189,2127,"#1b3383","COALICION PACTO HISTORICO"
"1096",2022,13,0,7,"15218","Covarachía","Boyacá",996,"VOTOS EN BLANCO","Presidencia 2da vuelta",14,2127,"#dddddd","OTROS"
"1097",2022,13,0,7,"15218","Covarachía","Boyacá",997,"VOTOS NULOS","Presidencia 2da vuelta",5,2127,"#808080","VOTOS NULOS"
"1098",2022,13,0,7,"15218","Covarachía","Boyacá",998,"VOTOS NO MARCADOS","Presidencia 2da vuelta",5,2127,"#dddddd","OTROS"
"1099",2022,13,0,7,"15223","Cubará","Boyacá",1235,"COALICION PACTO HISTORICO","Presidencia 2da vuelta",1465,4753,"#1b3383","COALICION PACTO HISTORICO"
"1100",2022,13,0,7,"15223","Cubará","Boyacá",1076,"LIGA DE GOBERNANTES ANTICORRUPCION","Presidencia 2da vuelta",1280,4753,"#f07605","LIGA DE GOBERNANTES ANTICORRUPCION"
"1101",2022,13,0,7,"15223","Cubará","Boyacá",996,"VOTOS EN BLANCO","Presidencia 2da vuelta",41,4753,"#dddddd","OTROS"
"1102",2022,13,0,7,"15223","Cubará","Boyacá",997,"VOTOS NULOS","Presidencia 2da vuelta",39,4753,"#808080","VOTOS NULOS"
"1103",2022,13,0,7,"15223","Cubará","Boyacá",998,"VOTOS NO MARCADOS","Presidencia 2da vuelta",3,4753,"#dddddd","OTROS"
"1104",2022,13,0,7,"15224","Cucaita","Boyacá",1076,"LIGA DE GOBERNANTES ANTICORRUPCION","Presidencia 2da vuelta",1211,3343,"#f07605","LIGA DE GOBERNANTES ANTICORRUPCION"
"1105",2022,13,0,7,"15224","Cucaita","Boyacá",1235,"COALICION PACTO HISTORICO","Presidencia 2da vuelta",1131,3343,"#1b3383","COALICION PACTO HISTORICO"
"1106",2022,13,0,7,"15224","Cucaita","Boyacá",996,"VOTOS EN BLANCO","Presidencia 2da vuelta",35,3343,"#dddddd","OTROS"
"1107",2022,13,0,7,"15224","Cucaita","Boyacá",997,"VOTOS NULOS","Presidencia 2da vuelta",29,3343,"#808080","VOTOS NULOS"
"1108",2022,13,0,7,"15224","Cucaita","Boyacá",998,"VOTOS NO MARCADOS","Presidencia 2da vuelta",2,3343,"#dddddd","OTROS"
"1109",2022,13,0,7,"15226","Cuítiva","Boyacá",1076,"LIGA DE GOBERNANTES ANTICORRUPCION","Presidencia 2da vuelta",798,1289,"#f07605","LIGA DE GOBERNANTES ANTICORRUPCION"
"1110",2022,13,0,7,"15226","Cuítiva","Boyacá",1235,"COALICION PACTO HISTORICO","Presidencia 2da vuelta",381,1289,"#1b3383","COALICION PACTO HISTORICO"
"1111",2022,13,0,7,"15226","Cuítiva","Boyacá",996,"VOTOS EN BLANCO","Presidencia 2da vuelta",12,1289,"#dddddd","OTROS"
"1112",2022,13,0,7,"15226","Cuítiva","Boyacá",997,"VOTOS NULOS","Presidencia 2da vuelta",8,1289,"#808080","VOTOS NULOS"
"1113",2022,13,0,7,"15226","Cuítiva","Boyacá",998,"VOTOS NO MARCADOS","Presidencia 2da vuelta",3,1289,"#dddddd","OTROS"
"1114",2022,13,0,7,"15232","Chíquiza","Boyacá",1076,"LIGA DE GOBERNANTES ANTICORRUPCION","Presidencia 2da vuelta",1891,3840,"#f07605","LIGA DE GOBERNANTES ANTICORRUPCION"
"1115",2022,13,0,7,"15232","Chíquiza","Boyacá",1235,"COALICION PACTO HISTORICO","Presidencia 2da vuelta",973,3840,"#1b3383","COALICION PACTO HISTORICO"
"1116",2022,13,0,7,"15232","Chíquiza","Boyacá",997,"VOTOS NULOS","Presidencia 2da vuelta",53,3840,"#808080","VOTOS NULOS"
"1117",2022,13,0,7,"15232","Chíquiza","Boyacá",996,"VOTOS EN BLANCO","Presidencia 2da vuelta",27,3840,"#dddddd","OTROS"
"1118",2022,13,0,7,"15232","Chíquiza","Boyacá",998,"VOTOS NO MARCADOS","Presidencia 2da vuelta",2,3840,"#dddddd","OTROS"
"1119",2022,13,0,7,"15236","Chivor","Boyacá",1076,"LIGA DE GOBERNANTES ANTICORRUPCION","Presidencia 2da vuelta",937,1807,"#f07605","LIGA DE GOBERNANTES ANTICORRUPCION"
"1120",2022,13,0,7,"15236","Chivor","Boyacá",1235,"COALICION PACTO HISTORICO","Presidencia 2da vuelta",138,1807,"#1b3383","COALICION PACTO HISTORICO"
"1121",2022,13,0,7,"15236","Chivor","Boyacá",996,"VOTOS EN BLANCO","Presidencia 2da vuelta",8,1807,"#dddddd","OTROS"
"1122",2022,13,0,7,"15236","Chivor","Boyacá",997,"VOTOS NULOS","Presidencia 2da vuelta",8,1807,"#808080","VOTOS NULOS"
"1123",2022,13,0,7,"15238","Duitama","Boyacá",1235,"COALICION PACTO HISTORICO","Presidencia 2da vuelta",34371,6126,"#1b3383","COALICION PACTO HISTORICO"
"1124",2022,13,0,7,"15238","Duitama","Boyacá",1076,"LIGA DE GOBERNANTES ANTICORRUPCION","Presidencia 2da vuelta",29380,6126,"#f07605","LIGA DE GOBERNANTES ANTICORRUPCION"
"1125",2022,13,0,7,"15238","Duitama","Boyacá",996,"VOTOS EN BLANCO","Presidencia 2da vuelta",1616,6126,"#dddddd","OTROS"
"1126",2022,13,0,7,"15238","Duitama","Boyacá",997,"VOTOS NULOS","Presidencia 2da vuelta",829,6126,"#808080","VOTOS NULOS"
"1127",2022,13,0,7,"15238","Duitama","Boyacá",998,"VOTOS NO MARCADOS","Presidencia 2da vuelta",28,6126,"#dddddd","OTROS"
"1128",2022,13,0,7,"15244","El Cocuy","Boyacá",1076,"LIGA DE GOBERNANTES ANTICORRUPCION","Presidencia 2da vuelta",1605,2833,"#f07605","LIGA DE GOBERNANTES ANTICORRUPCION"
"1129",2022,13,0,7,"15244","El Cocuy","Boyacá",1235,"COALICION PACTO HISTORICO","Presidencia 2da vuelta",313,2833,"#1b3383","COALICION PACTO HISTORICO"
"1130",2022,13,0,7,"15244","El Cocuy","Boyacá",996,"VOTOS EN BLANCO","Presidencia 2da vuelta",42,2833,"#dddddd","OTROS"
"1131",2022,13,0,7,"15244","El Cocuy","Boyacá",997,"VOTOS NULOS","Presidencia 2da vuelta",22,2833,"#808080","VOTOS NULOS"
"1132",2022,13,0,7,"15244","El Cocuy","Boyacá",998,"VOTOS NO MARCADOS","Presidencia 2da vuelta",4,2833,"#dddddd","OTROS"
"1133",2022,13,0,7,"15248","El Espino","Boyacá",1076,"LIGA DE GOBERNANTES ANTICORRUPCION","Presidencia 2da vuelta",1180,1866,"#f07605","LIGA DE GOBERNANTES ANTICORRUPCION"
"1134",2022,13,0,7,"15248","El Espino","Boyacá",1235,"COALICION PACTO HISTORICO","Presidencia 2da vuelta",170,1866,"#1b3383","COALICION PACTO HISTORICO"
"1135",2022,13,0,7,"15248","El Espino","Boyacá",996,"VOTOS EN BLANCO","Presidencia 2da vuelta",20,1866,"#dddddd","OTROS"
"1136",2022,13,0,7,"15248","El Espino","Boyacá",997,"VOTOS NULOS","Presidencia 2da vuelta",7,1866,"#808080","VOTOS NULOS"
"1137",2022,13,0,7,"15272","Firavitoba","Boyacá",1076,"LIGA DE GOBERNANTES ANTICORRUPCION","Presidencia 2da vuelta",1733,5614,"#f07605","LIGA DE GOBERNANTES ANTICORRUPCION"
"1138",2022,13,0,7,"15272","Firavitoba","Boyacá",1235,"COALICION PACTO HISTORICO","Presidencia 2da vuelta",1719,5614,"#1b3383","COALICION PACTO HISTORICO"
"1139",2022,13,0,7,"15272","Firavitoba","Boyacá",996,"VOTOS EN BLANCO","Presidencia 2da vuelta",80,5614,"#dddddd","OTROS"
"1140",2022,13,0,7,"15272","Firavitoba","Boyacá",997,"VOTOS NULOS","Presidencia 2da vuelta",35,5614,"#808080","VOTOS NULOS"
"1141",2022,13,0,7,"15272","Firavitoba","Boyacá",998,"VOTOS NO MARCADOS","Presidencia 2da vuelta",1,5614,"#dddddd","OTROS"
"1142",2022,13,0,7,"15276","Floresta","Boyacá",1076,"LIGA DE GOBERNANTES ANTICORRUPCION","Presidencia 2da vuelta",1583,2779,"#f07605","LIGA DE GOBERNANTES ANTICORRUPCION"
"1143",2022,13,0,7,"15276","Floresta","Boyacá",1235,"COALICION PACTO HISTORICO","Presidencia 2da vuelta",609,2779,"#1b3383","COALICION PACTO HISTORICO"
"1144",2022,13,0,7,"15276","Floresta","Boyacá",996,"VOTOS EN BLANCO","Presidencia 2da vuelta",23,2779,"#dddddd","OTROS"
"1145",2022,13,0,7,"15276","Floresta","Boyacá",997,"VOTOS NULOS","Presidencia 2da vuelta",15,2779,"#808080","VOTOS NULOS"
"1146",2022,13,0,7,"15276","Floresta","Boyacá",998,"VOTOS NO MARCADOS","Presidencia 2da vuelta",3,2779,"#dddddd","OTROS"
"1147",2022,13,0,7,"15293","Gachantivá","Boyacá",1076,"LIGA DE GOBERNANTES ANTICORRUPCION","Presidencia 2da vuelta",1462,3004,"#f07605","LIGA DE GOBERNANTES ANTICORRUPCION"
"1148",2022,13,0,7,"15293","Gachantivá","Boyacá",1235,"COALICION PACTO HISTORICO","Presidencia 2da vuelta",479,3004,"#1b3383","COALICION PACTO HISTORICO"
"1149",2022,13,0,7,"15293","Gachantivá","Boyacá",996,"VOTOS EN BLANCO","Presidencia 2da vuelta",29,3004,"#dddddd","OTROS"
"1150",2022,13,0,7,"15293","Gachantivá","Boyacá",997,"VOTOS NULOS","Presidencia 2da vuelta",18,3004,"#808080","VOTOS NULOS"
"1151",2022,13,0,7,"15296","Gameza","Boyacá",1076,"LIGA DE GOBERNANTES ANTICORRUPCION","Presidencia 2da vuelta",1934,3713,"#f07605","LIGA DE GOBERNANTES ANTICORRUPCION"
"1152",2022,13,0,7,"15296","Gameza","Boyacá",1235,"COALICION PACTO HISTORICO","Presidencia 2da vuelta",582,3713,"#1b3383","COALICION PACTO HISTORICO"
"1153",2022,13,0,7,"15296","Gameza","Boyacá",996,"VOTOS EN BLANCO","Presidencia 2da vuelta",34,3713,"#dddddd","OTROS"
"1154",2022,13,0,7,"15296","Gameza","Boyacá",997,"VOTOS NULOS","Presidencia 2da vuelta",16,3713,"#808080","VOTOS NULOS"
"1155",2022,13,0,7,"15296","Gameza","Boyacá",998,"VOTOS NO MARCADOS","Presidencia 2da vuelta",1,3713,"#dddddd","OTROS"
"1156",2022,13,0,7,"15299","Garagoa","Boyacá",1076,"LIGA DE GOBERNANTES ANTICORRUPCION","Presidencia 2da vuelta",4430,11894,"#f07605","LIGA DE GOBERNANTES ANTICORRUPCION"
"1157",2022,13,0,7,"15299","Garagoa","Boyacá",1235,"COALICION PACTO HISTORICO","Presidencia 2da vuelta",3221,11894,"#1b3383","COALICION PACTO HISTORICO"
"1158",2022,13,0,7,"15299","Garagoa","Boyacá",996,"VOTOS EN BLANCO","Presidencia 2da vuelta",169,11894,"#dddddd","OTROS"
"1159",2022,13,0,7,"15299","Garagoa","Boyacá",997,"VOTOS NULOS","Presidencia 2da vuelta",133,11894,"#808080","VOTOS NULOS"
"1160",2022,13,0,7,"15299","Garagoa","Boyacá",998,"VOTOS NO MARCADOS","Presidencia 2da vuelta",6,11894,"#dddddd","OTROS"
"1161",2022,13,0,7,"15317","Guacamayas","Boyacá",1076,"LIGA DE GOBERNANTES ANTICORRUPCION","Presidencia 2da vuelta",766,1605,"#f07605","LIGA DE GOBERNANTES ANTICORRUPCION"
"1162",2022,13,0,7,"15317","Guacamayas","Boyacá",1235,"COALICION PACTO HISTORICO","Presidencia 2da vuelta",154,1605,"#1b3383","COALICION PACTO HISTORICO"
"1163",2022,13,0,7,"15317","Guacamayas","Boyacá",996,"VOTOS EN BLANCO","Presidencia 2da vuelta",17,1605,"#dddddd","OTROS"
"1164",2022,13,0,7,"15317","Guacamayas","Boyacá",997,"VOTOS NULOS","Presidencia 2da vuelta",16,1605,"#808080","VOTOS NULOS"
"1165",2022,13,0,7,"15322","Guateque","Boyacá",1076,"LIGA DE GOBERNANTES ANTICORRUPCION","Presidencia 2da vuelta",3545,8986,"#f07605","LIGA DE GOBERNANTES ANTICORRUPCION"
"1166",2022,13,0,7,"15322","Guateque","Boyacá",1235,"COALICION PACTO HISTORICO","Presidencia 2da vuelta",1967,8986,"#1b3383","COALICION PACTO HISTORICO"
"1167",2022,13,0,7,"15322","Guateque","Boyacá",996,"VOTOS EN BLANCO","Presidencia 2da vuelta",106,8986,"#dddddd","OTROS"
"1168",2022,13,0,7,"15322","Guateque","Boyacá",997,"VOTOS NULOS","Presidencia 2da vuelta",81,8986,"#808080","VOTOS NULOS"
"1169",2022,13,0,7,"15322","Guateque","Boyacá",998,"VOTOS NO MARCADOS","Presidencia 2da vuelta",6,8986,"#dddddd","OTROS"
"1170",2022,13,0,7,"15325","Guayatá","Boyacá",1076,"LIGA DE GOBERNANTES ANTICORRUPCION","Presidencia 2da vuelta",2000,3836,"#f07605","LIGA DE GOBERNANTES ANTICORRUPCION"
"1171",2022,13,0,7,"15325","Guayatá","Boyacá",1235,"COALICION PACTO HISTORICO","Presidencia 2da vuelta",464,3836,"#1b3383","COALICION PACTO HISTORICO"
"1172",2022,13,0,7,"15325","Guayatá","Boyacá",996,"VOTOS EN BLANCO","Presidencia 2da vuelta",32,3836,"#dddddd","OTROS"
"1173",2022,13,0,7,"15325","Guayatá","Boyacá",997,"VOTOS NULOS","Presidencia 2da vuelta",16,3836,"#808080","VOTOS NULOS"
"1174",2022,13,0,7,"15325","Guayatá","Boyacá",998,"VOTOS NO MARCADOS","Presidencia 2da vuelta",9,3836,"#dddddd","OTROS"
"1175",2022,13,0,7,"15332","Güicán","Boyacá",1076,"LIGA DE GOBERNANTES ANTICORRUPCION","Presidencia 2da vuelta",998,2556,"#f07605","LIGA DE GOBERNANTES ANTICORRUPCION"
"1176",2022,13,0,7,"15332","Güicán","Boyacá",1235,"COALICION PACTO HISTORICO","Presidencia 2da vuelta",705,2556,"#1b3383","COALICION PACTO HISTORICO"
"1177",2022,13,0,7,"15332","Güicán","Boyacá",996,"VOTOS EN BLANCO","Presidencia 2da vuelta",54,2556,"#dddddd","OTROS"
"1178",2022,13,0,7,"15332","Güicán","Boyacá",997,"VOTOS NULOS","Presidencia 2da vuelta",25,2556,"#808080","VOTOS NULOS"
"1179",2022,13,0,7,"15332","Güicán","Boyacá",998,"VOTOS NO MARCADOS","Presidencia 2da vuelta",2,2556,"#dddddd","OTROS"
"1180",2022,13,0,7,"15362","Iza","Boyacá",1076,"LIGA DE GOBERNANTES ANTICORRUPCION","Presidencia 2da vuelta",892,2234,"#f07605","LIGA DE GOBERNANTES ANTICORRUPCION"
"1181",2022,13,0,7,"15362","Iza","Boyacá",1235,"COALICION PACTO HISTORICO","Presidencia 2da vuelta",506,2234,"#1b3383","COALICION PACTO HISTORICO"
"1182",2022,13,0,7,"15362","Iza","Boyacá",996,"VOTOS EN BLANCO","Presidencia 2da vuelta",21,2234,"#dddddd","OTROS"
"1183",2022,13,0,7,"15362","Iza","Boyacá",997,"VOTOS NULOS","Presidencia 2da vuelta",12,2234,"#808080","VOTOS NULOS"
"1184",2022,13,0,7,"15362","Iza","Boyacá",998,"VOTOS NO MARCADOS","Presidencia 2da vuelta",1,2234,"#dddddd","OTROS"
"1185",2022,13,0,7,"15367","Jenesano","Boyacá",1076,"LIGA DE GOBERNANTES ANTICORRUPCION","Presidencia 2da vuelta",2711,6024,"#f07605","LIGA DE GOBERNANTES ANTICORRUPCION"
"1186",2022,13,0,7,"15367","Jenesano","Boyacá",1235,"COALICION PACTO HISTORICO","Presidencia 2da vuelta",1247,6024,"#1b3383","COALICION PACTO HISTORICO"
"1187",2022,13,0,7,"15367","Jenesano","Boyacá",996,"VOTOS EN BLANCO","Presidencia 2da vuelta",54,6024,"#dddddd","OTROS"
"1188",2022,13,0,7,"15367","Jenesano","Boyacá",997,"VOTOS NULOS","Presidencia 2da vuelta",27,6024,"#808080","VOTOS NULOS"
"1189",2022,13,0,7,"15367","Jenesano","Boyacá",998,"VOTOS NO MARCADOS","Presidencia 2da vuelta",5,6024,"#dddddd","OTROS"
"1190",2022,13,0,7,"15368","Jericó","Boyacá",1076,"LIGA DE GOBERNANTES ANTICORRUPCION","Presidencia 2da vuelta",1629,2490,"#f07605","LIGA DE GOBERNANTES ANTICORRUPCION"
"1191",2022,13,0,7,"15368","Jericó","Boyacá",1235,"COALICION PACTO HISTORICO","Presidencia 2da vuelta",275,2490,"#1b3383","COALICION PACTO HISTORICO"
"1192",2022,13,0,7,"15368","Jericó","Boyacá",996,"VOTOS EN BLANCO","Presidencia 2da vuelta",13,2490,"#dddddd","OTROS"
"1193",2022,13,0,7,"15368","Jericó","Boyacá",997,"VOTOS NULOS","Presidencia 2da vuelta",10,2490,"#808080","VOTOS NULOS"
"1194",2022,13,0,7,"15368","Jericó","Boyacá",998,"VOTOS NO MARCADOS","Presidencia 2da vuelta",8,2490,"#dddddd","OTROS"
"1195",2022,13,0,7,"15377","Labranzagrande","Boyacá",1076,"LIGA DE GOBERNANTES ANTICORRUPCION","Presidencia 2da vuelta",1634,2792,"#f07605","LIGA DE GOBERNANTES ANTICORRUPCION"
"1196",2022,13,0,7,"15377","Labranzagrande","Boyacá",1235,"COALICION PACTO HISTORICO","Presidencia 2da vuelta",394,2792,"#1b3383","COALICION PACTO HISTORICO"
"1197",2022,13,0,7,"15377","Labranzagrande","Boyacá",996,"VOTOS EN BLANCO","Presidencia 2da vuelta",23,2792,"#dddddd","OTROS"
"1198",2022,13,0,7,"15377","Labranzagrande","Boyacá",997,"VOTOS NULOS","Presidencia 2da vuelta",10,2792,"#808080","VOTOS NULOS"
"1199",2022,13,0,7,"15377","Labranzagrande","Boyacá",998,"VOTOS NO MARCADOS","Presidencia 2da vuelta",3,2792,"#dddddd","OTROS"
"1200",2022,13,0,7,"15380","La Capilla","Boyacá",1076,"LIGA DE GOBERNANTES ANTICORRUPCION","Presidencia 2da vuelta",1228,2512,"#f07605","LIGA DE GOBERNANTES ANTICORRUPCION"
"1201",2022,13,0,7,"15380","La Capilla","Boyacá",1235,"COALICION PACTO HISTORICO","Presidencia 2da vuelta",407,2512,"#1b3383","COALICION PACTO HISTORICO"
"1202",2022,13,0,7,"15380","La Capilla","Boyacá",996,"VOTOS EN BLANCO","Presidencia 2da vuelta",24,2512,"#dddddd","OTROS"
"1203",2022,13,0,7,"15380","La Capilla","Boyacá",997,"VOTOS NULOS","Presidencia 2da vuelta",13,2512,"#808080","VOTOS NULOS"
"1204",2022,13,0,7,"15380","La Capilla","Boyacá",998,"VOTOS NO MARCADOS","Presidencia 2da vuelta",1,2512,"#dddddd","OTROS"
"1205",2022,13,0,7,"15401","La Victoria","Boyacá",1076,"LIGA DE GOBERNANTES ANTICORRUPCION","Presidencia 2da vuelta",674,1343,"#f07605","LIGA DE GOBERNANTES ANTICORRUPCION"
"1206",2022,13,0,7,"15401","La Victoria","Boyacá",1235,"COALICION PACTO HISTORICO","Presidencia 2da vuelta",149,1343,"#1b3383","COALICION PACTO HISTORICO"
"1207",2022,13,0,7,"15401","La Victoria","Boyacá",996,"VOTOS EN BLANCO","Presidencia 2da vuelta",8,1343,"#dddddd","OTROS"
"1208",2022,13,0,7,"15401","La Victoria","Boyacá",997,"VOTOS NULOS","Presidencia 2da vuelta",4,1343,"#808080","VOTOS NULOS"
"1209",2022,13,0,7,"15403","La Uvita","Boyacá",1076,"LIGA DE GOBERNANTES ANTICORRUPCION","Presidencia 2da vuelta",1327,1905,"#f07605","LIGA DE GOBERNANTES ANTICORRUPCION"
"1210",2022,13,0,7,"15403","La Uvita","Boyacá",1235,"COALICION PACTO HISTORICO","Presidencia 2da vuelta",203,1905,"#1b3383","COALICION PACTO HISTORICO"
"1211",2022,13,0,7,"15403","La Uvita","Boyacá",996,"VOTOS EN BLANCO","Presidencia 2da vuelta",23,1905,"#dddddd","OTROS"
"1212",2022,13,0,7,"15403","La Uvita","Boyacá",997,"VOTOS NULOS","Presidencia 2da vuelta",7,1905,"#808080","VOTOS NULOS"
"1213",2022,13,0,7,"15407","Villa de Leyva","Boyacá",1076,"LIGA DE GOBERNANTES ANTICORRUPCION","Presidencia 2da vuelta",5732,12752,"#f07605","LIGA DE GOBERNANTES ANTICORRUPCION"
"1214",2022,13,0,7,"15407","Villa de Leyva","Boyacá",1235,"COALICION PACTO HISTORICO","Presidencia 2da vuelta",3496,12752,"#1b3383","COALICION PACTO HISTORICO"
"1215",2022,13,0,7,"15407","Villa de Leyva","Boyacá",996,"VOTOS EN BLANCO","Presidencia 2da vuelta",224,12752,"#dddddd","OTROS"
"1216",2022,13,0,7,"15407","Villa de Leyva","Boyacá",997,"VOTOS NULOS","Presidencia 2da vuelta",80,12752,"#808080","VOTOS NULOS"
"1217",2022,13,0,7,"15407","Villa de Leyva","Boyacá",998,"VOTOS NO MARCADOS","Presidencia 2da vuelta",9,12752,"#dddddd","OTROS"
"1218",2022,13,0,7,"15425","Macanal","Boyacá",1076,"LIGA DE GOBERNANTES ANTICORRUPCION","Presidencia 2da vuelta",1735,2825,"#f07605","LIGA DE GOBERNANTES ANTICORRUPCION"
"1219",2022,13,0,7,"15425","Macanal","Boyacá",1235,"COALICION PACTO HISTORICO","Presidencia 2da vuelta",501,2825,"#1b3383","COALICION PACTO HISTORICO"
"1220",2022,13,0,7,"15425","Macanal","Boyacá",996,"VOTOS EN BLANCO","Presidencia 2da vuelta",22,2825,"#dddddd","OTROS"
"1221",2022,13,0,7,"15425","Macanal","Boyacá",997,"VOTOS NULOS","Presidencia 2da vuelta",10,2825,"#808080","VOTOS NULOS"
"1222",2022,13,0,7,"15425","Macanal","Boyacá",998,"VOTOS NO MARCADOS","Presidencia 2da vuelta",4,2825,"#dddddd","OTROS"
"1223",2022,13,0,7,"15442","Maripí","Boyacá",1076,"LIGA DE GOBERNANTES ANTICORRUPCION","Presidencia 2da vuelta",2679,3839,"#f07605","LIGA DE GOBERNANTES ANTICORRUPCION"
"1224",2022,13,0,7,"15442","Maripí","Boyacá",1235,"COALICION PACTO HISTORICO","Presidencia 2da vuelta",481,3839,"#1b3383","COALICION PACTO HISTORICO"
"1225",2022,13,0,7,"15442","Maripí","Boyacá",996,"VOTOS EN BLANCO","Presidencia 2da vuelta",18,3839,"#dddddd","OTROS"
"1226",2022,13,0,7,"15442","Maripí","Boyacá",997,"VOTOS NULOS","Presidencia 2da vuelta",18,3839,"#808080","VOTOS NULOS"
"1227",2022,13,0,7,"15442","Maripí","Boyacá",998,"VOTOS NO MARCADOS","Presidencia 2da vuelta",3,3839,"#dddddd","OTROS"
"1228",2022,13,0,7,"15455","Miraflores","Boyacá",1076,"LIGA DE GOBERNANTES ANTICORRUPCION","Presidencia 2da vuelta",2656,7448,"#f07605","LIGA DE GOBERNANTES ANTICORRUPCION"
"1229",2022,13,0,7,"15455","Miraflores","Boyacá",1235,"COALICION PACTO HISTORICO","Presidencia 2da vuelta",2480,7448,"#1b3383","COALICION PACTO HISTORICO"
"1230",2022,13,0,7,"15455","Miraflores","Boyacá",996,"VOTOS EN BLANCO","Presidencia 2da vuelta",116,7448,"#dddddd","OTROS"
"1231",2022,13,0,7,"15455","Miraflores","Boyacá",997,"VOTOS NULOS","Presidencia 2da vuelta",48,7448,"#808080","VOTOS NULOS"
"1232",2022,13,0,7,"15455","Miraflores","Boyacá",998,"VOTOS NO MARCADOS","Presidencia 2da vuelta",7,7448,"#dddddd","OTROS"
"1233",2022,13,0,7,"15464","Mongua","Boyacá",1076,"LIGA DE GOBERNANTES ANTICORRUPCION","Presidencia 2da vuelta",2348,3483,"#f07605","LIGA DE GOBERNANTES ANTICORRUPCION"
"1234",2022,13,0,7,"15464","Mongua","Boyacá",1235,"COALICION PACTO HISTORICO","Presidencia 2da vuelta",529,3483,"#1b3383","COALICION PACTO HISTORICO"
"1235",2022,13,0,7,"15464","Mongua","Boyacá",996,"VOTOS EN BLANCO","Presidencia 2da vuelta",28,3483,"#dddddd","OTROS"
"1236",2022,13,0,7,"15464","Mongua","Boyacá",997,"VOTOS NULOS","Presidencia 2da vuelta",20,3483,"#808080","VOTOS NULOS"
"1237",2022,13,0,7,"15464","Mongua","Boyacá",998,"VOTOS NO MARCADOS","Presidencia 2da vuelta",2,3483,"#dddddd","OTROS"
"1238",2022,13,0,7,"15466","Monguí","Boyacá",1076,"LIGA DE GOBERNANTES ANTICORRUPCION","Presidencia 2da vuelta",1590,3892,"#f07605","LIGA DE GOBERNANTES ANTICORRUPCION"
"1239",2022,13,0,7,"15466","Monguí","Boyacá",1235,"COALICION PACTO HISTORICO","Presidencia 2da vuelta",922,3892,"#1b3383","COALICION PACTO HISTORICO"
"1240",2022,13,0,7,"15466","Monguí","Boyacá",996,"VOTOS EN BLANCO","Presidencia 2da vuelta",60,3892,"#dddddd","OTROS"
"1241",2022,13,0,7,"15466","Monguí","Boyacá",997,"VOTOS NULOS","Presidencia 2da vuelta",38,3892,"#808080","VOTOS NULOS"
"1242",2022,13,0,7,"15466","Monguí","Boyacá",998,"VOTOS NO MARCADOS","Presidencia 2da vuelta",4,3892,"#dddddd","OTROS"
"1243",2022,13,0,7,"15469","Moniquirá","Boyacá",1076,"LIGA DE GOBERNANTES ANTICORRUPCION","Presidencia 2da vuelta",7746,18028,"#f07605","LIGA DE GOBERNANTES ANTICORRUPCION"
"1244",2022,13,0,7,"15469","Moniquirá","Boyacá",1235,"COALICION PACTO HISTORICO","Presidencia 2da vuelta",4045,18028,"#1b3383","COALICION PACTO HISTORICO"
"1245",2022,13,0,7,"15469","Moniquirá","Boyacá",996,"VOTOS EN BLANCO","Presidencia 2da vuelta",220,18028,"#dddddd","OTROS"
"1246",2022,13,0,7,"15469","Moniquirá","Boyacá",997,"VOTOS NULOS","Presidencia 2da vuelta",163,18028,"#808080","VOTOS NULOS"
"1247",2022,13,0,7,"15469","Moniquirá","Boyacá",998,"VOTOS NO MARCADOS","Presidencia 2da vuelta",16,18028,"#dddddd","OTROS"
"1248",2022,13,0,7,"15476","Motavita","Boyacá",1235,"COALICION PACTO HISTORICO","Presidencia 2da vuelta",1905,4505,"#1b3383","COALICION PACTO HISTORICO"
"1249",2022,13,0,7,"15476","Motavita","Boyacá",1076,"LIGA DE GOBERNANTES ANTICORRUPCION","Presidencia 2da vuelta",1894,4505,"#f07605","LIGA DE GOBERNANTES ANTICORRUPCION"
"1250",2022,13,0,7,"15476","Motavita","Boyacá",996,"VOTOS EN BLANCO","Presidencia 2da vuelta",54,4505,"#dddddd","OTROS"
"1251",2022,13,0,7,"15476","Motavita","Boyacá",997,"VOTOS NULOS","Presidencia 2da vuelta",50,4505,"#808080","VOTOS NULOS"
"1252",2022,13,0,7,"15476","Motavita","Boyacá",998,"VOTOS NO MARCADOS","Presidencia 2da vuelta",2,4505,"#dddddd","OTROS"
"1253",2022,13,0,7,"15480","Muzo","Boyacá",1076,"LIGA DE GOBERNANTES ANTICORRUPCION","Presidencia 2da vuelta",3239,6433,"#f07605","LIGA DE GOBERNANTES ANTICORRUPCION"
"1254",2022,13,0,7,"15480","Muzo","Boyacá",1235,"COALICION PACTO HISTORICO","Presidencia 2da vuelta",1092,6433,"#1b3383","COALICION PACTO HISTORICO"
"1255",2022,13,0,7,"15480","Muzo","Boyacá",996,"VOTOS EN BLANCO","Presidencia 2da vuelta",66,6433,"#dddddd","OTROS"
"1256",2022,13,0,7,"15480","Muzo","Boyacá",997,"VOTOS NULOS","Presidencia 2da vuelta",50,6433,"#808080","VOTOS NULOS"
"1257",2022,13,0,7,"15480","Muzo","Boyacá",998,"VOTOS NO MARCADOS","Presidencia 2da vuelta",9,6433,"#dddddd","OTROS"
"1258",2022,13,0,7,"15491","Nobsa","Boyacá",1235,"COALICION PACTO HISTORICO","Presidencia 2da vuelta",6169,10771,"#1b3383","COALICION PACTO HISTORICO"
"1259",2022,13,0,7,"15491","Nobsa","Boyacá",1076,"LIGA DE GOBERNANTES ANTICORRUPCION","Presidencia 2da vuelta",3164,10771,"#f07605","LIGA DE GOBERNANTES ANTICORRUPCION"
"1260",2022,13,0,7,"15491","Nobsa","Boyacá",996,"VOTOS EN BLANCO","Presidencia 2da vuelta",188,10771,"#dddddd","OTROS"
"1261",2022,13,0,7,"15491","Nobsa","Boyacá",997,"VOTOS NULOS","Presidencia 2da vuelta",97,10771,"#808080","VOTOS NULOS"
"1262",2022,13,0,7,"15491","Nobsa","Boyacá",998,"VOTOS NO MARCADOS","Presidencia 2da vuelta",2,10771,"#dddddd","OTROS"
"1263",2022,13,0,7,"15494","Nuevo Colón","Boyacá",1076,"LIGA DE GOBERNANTES ANTICORRUPCION","Presidencia 2da vuelta",1969,4738,"#f07605","LIGA DE GOBERNANTES ANTICORRUPCION"
"1264",2022,13,0,7,"15494","Nuevo Colón","Boyacá",1235,"COALICION PACTO HISTORICO","Presidencia 2da vuelta",1137,4738,"#1b3383","COALICION PACTO HISTORICO"
"1265",2022,13,0,7,"15494","Nuevo Colón","Boyacá",996,"VOTOS EN BLANCO","Presidencia 2da vuelta",56,4738,"#dddddd","OTROS"
"1266",2022,13,0,7,"15494","Nuevo Colón","Boyacá",997,"VOTOS NULOS","Presidencia 2da vuelta",37,4738,"#808080","VOTOS NULOS"
"1267",2022,13,0,7,"15494","Nuevo Colón","Boyacá",998,"VOTOS NO MARCADOS","Presidencia 2da vuelta",2,4738,"#dddddd","OTROS"
"1268",2022,13,0,7,"15500","Oicatá","Boyacá",1076,"LIGA DE GOBERNANTES ANTICORRUPCION","Presidencia 2da vuelta",1047,2807,"#f07605","LIGA DE GOBERNANTES ANTICORRUPCION"
"1269",2022,13,0,7,"15500","Oicatá","Boyacá",1235,"COALICION PACTO HISTORICO","Presidencia 2da vuelta",827,2807,"#1b3383","COALICION PACTO HISTORICO"
"1270",2022,13,0,7,"15500","Oicatá","Boyacá",996,"VOTOS EN BLANCO","Presidencia 2da vuelta",30,2807,"#dddddd","OTROS"
"1271",2022,13,0,7,"15500","Oicatá","Boyacá",997,"VOTOS NULOS","Presidencia 2da vuelta",27,2807,"#808080","VOTOS NULOS"
"1272",2022,13,0,7,"15507","Otanche","Boyacá",1076,"LIGA DE GOBERNANTES ANTICORRUPCION","Presidencia 2da vuelta",3284,5310,"#f07605","LIGA DE GOBERNANTES ANTICORRUPCION"
"1273",2022,13,0,7,"15507","Otanche","Boyacá",1235,"COALICION PACTO HISTORICO","Presidencia 2da vuelta",706,5310,"#1b3383","COALICION PACTO HISTORICO"
"1274",2022,13,0,7,"15507","Otanche","Boyacá",996,"VOTOS EN BLANCO","Presidencia 2da vuelta",34,5310,"#dddddd","OTROS"
"1275",2022,13,0,7,"15507","Otanche","Boyacá",997,"VOTOS NULOS","Presidencia 2da vuelta",20,5310,"#808080","VOTOS NULOS"
"1276",2022,13,0,7,"15507","Otanche","Boyacá",998,"VOTOS NO MARCADOS","Presidencia 2da vuelta",3,5310,"#dddddd","OTROS"
"1277",2022,13,0,7,"15511","Pachavita","Boyacá",1076,"LIGA DE GOBERNANTES ANTICORRUPCION","Presidencia 2da vuelta",1005,1968,"#f07605","LIGA DE GOBERNANTES ANTICORRUPCION"
"1278",2022,13,0,7,"15511","Pachavita","Boyacá",1235,"COALICION PACTO HISTORICO","Presidencia 2da vuelta",293,1968,"#1b3383","COALICION PACTO HISTORICO"
"1279",2022,13,0,7,"15511","Pachavita","Boyacá",996,"VOTOS EN BLANCO","Presidencia 2da vuelta",18,1968,"#dddddd","OTROS"
"1280",2022,13,0,7,"15511","Pachavita","Boyacá",997,"VOTOS NULOS","Presidencia 2da vuelta",10,1968,"#808080","VOTOS NULOS"
"1281",2022,13,0,7,"15511","Pachavita","Boyacá",998,"VOTOS NO MARCADOS","Presidencia 2da vuelta",1,1968,"#dddddd","OTROS"
"1282",2022,13,0,7,"15514","Páez","Boyacá",1076,"LIGA DE GOBERNANTES ANTICORRUPCION","Presidencia 2da vuelta",1327,2117,"#f07605","LIGA DE GOBERNANTES ANTICORRUPCION"
"1283",2022,13,0,7,"15514","Páez","Boyacá",1235,"COALICION PACTO HISTORICO","Presidencia 2da vuelta",350,2117,"#1b3383","COALICION PACTO HISTORICO"
"1284",2022,13,0,7,"15514","Páez","Boyacá",996,"VOTOS EN BLANCO","Presidencia 2da vuelta",41,2117,"#dddddd","OTROS"
"1285",2022,13,0,7,"15514","Páez","Boyacá",997,"VOTOS NULOS","Presidencia 2da vuelta",9,2117,"#808080","VOTOS NULOS"
"1286",2022,13,0,7,"15514","Páez","Boyacá",998,"VOTOS NO MARCADOS","Presidencia 2da vuelta",2,2117,"#dddddd","OTROS"
"1287",2022,13,0,7,"15516","Paipa","Boyacá",1076,"LIGA DE GOBERNANTES ANTICORRUPCION","Presidencia 2da vuelta",10426,7944,"#f07605","LIGA DE GOBERNANTES ANTICORRUPCION"
"1288",2022,13,0,7,"15516","Paipa","Boyacá",1235,"COALICION PACTO HISTORICO","Presidencia 2da vuelta",9303,7944,"#1b3383","COALICION PACTO HISTORICO"
"1289",2022,13,0,7,"15516","Paipa","Boyacá",996,"VOTOS EN BLANCO","Presidencia 2da vuelta",384,7944,"#dddddd","OTROS"
"1290",2022,13,0,7,"15516","Paipa","Boyacá",997,"VOTOS NULOS","Presidencia 2da vuelta",202,7944,"#808080","VOTOS NULOS"
"1291",2022,13,0,7,"15516","Paipa","Boyacá",998,"VOTOS NO MARCADOS","Presidencia 2da vuelta",14,7944,"#dddddd","OTROS"
"1292",2022,13,0,7,"15518","Pajarito","Boyacá",1076,"LIGA DE GOBERNANTES ANTICORRUPCION","Presidencia 2da vuelta",892,1336,"#f07605","LIGA DE GOBERNANTES ANTICORRUPCION"
"1293",2022,13,0,7,"15518","Pajarito","Boyacá",1235,"COALICION PACTO HISTORICO","Presidencia 2da vuelta",225,1336,"#1b3383","COALICION PACTO HISTORICO"
"1294",2022,13,0,7,"15518","Pajarito","Boyacá",996,"VOTOS EN BLANCO","Presidencia 2da vuelta",18,1336,"#dddddd","OTROS"
"1295",2022,13,0,7,"15518","Pajarito","Boyacá",997,"VOTOS NULOS","Presidencia 2da vuelta",2,1336,"#808080","VOTOS NULOS"
"1296",2022,13,0,7,"15522","Panqueba","Boyacá",1076,"LIGA DE GOBERNANTES ANTICORRUPCION","Presidencia 2da vuelta",736,1573,"#f07605","LIGA DE GOBERNANTES ANTICORRUPCION"
"1297",2022,13,0,7,"15522","Panqueba","Boyacá",1235,"COALICION PACTO HISTORICO","Presidencia 2da vuelta",164,1573,"#1b3383","COALICION PACTO HISTORICO"
"1298",2022,13,0,7,"15522","Panqueba","Boyacá",996,"VOTOS EN BLANCO","Presidencia 2da vuelta",14,1573,"#dddddd","OTROS"
"1299",2022,13,0,7,"15522","Panqueba","Boyacá",997,"VOTOS NULOS","Presidencia 2da vuelta",5,1573,"#808080","VOTOS NULOS"
"1300",2022,13,0,7,"15522","Panqueba","Boyacá",998,"VOTOS NO MARCADOS","Presidencia 2da vuelta",2,1573,"#dddddd","OTROS"
"1301",2022,13,0,7,"15531","Pauna","Boyacá",1076,"LIGA DE GOBERNANTES ANTICORRUPCION","Presidencia 2da vuelta",2963,6644,"#f07605","LIGA DE GOBERNANTES ANTICORRUPCION"
"1302",2022,13,0,7,"15531","Pauna","Boyacá",1235,"COALICION PACTO HISTORICO","Presidencia 2da vuelta",964,6644,"#1b3383","COALICION PACTO HISTORICO"
"1303",2022,13,0,7,"15531","Pauna","Boyacá",996,"VOTOS EN BLANCO","Presidencia 2da vuelta",40,6644,"#dddddd","OTROS"
"1304",2022,13,0,7,"15531","Pauna","Boyacá",997,"VOTOS NULOS","Presidencia 2da vuelta",24,6644,"#808080","VOTOS NULOS"
"1305",2022,13,0,7,"15531","Pauna","Boyacá",998,"VOTOS NO MARCADOS","Presidencia 2da vuelta",2,6644,"#dddddd","OTROS"
"1306",2022,13,0,7,"15533","Paya","Boyacá",1076,"LIGA DE GOBERNANTES ANTICORRUPCION","Presidencia 2da vuelta",850,948,"#f07605","LIGA DE GOBERNANTES ANTICORRUPCION"
"1307",2022,13,0,7,"15533","Paya","Boyacá",1235,"COALICION PACTO HISTORICO","Presidencia 2da vuelta",171,948,"#1b3383","COALICION PACTO HISTORICO"
"1308",2022,13,0,7,"15533","Paya","Boyacá",996,"VOTOS EN BLANCO","Presidencia 2da vuelta",11,948,"#dddddd","OTROS"
"1309",2022,13,0,7,"15533","Paya","Boyacá",997,"VOTOS NULOS","Presidencia 2da vuelta",9,948,"#808080","VOTOS NULOS"
"1310",2022,13,0,7,"15533","Paya","Boyacá",998,"VOTOS NO MARCADOS","Presidencia 2da vuelta",2,565,"#dddddd","OTROS"
"1311",2022,13,0,7,"15537","Paz de Río","Boyacá",1235,"COALICION PACTO HISTORICO","Presidencia 2da vuelta",1410,3967,"#1b3383","COALICION PACTO HISTORICO"
"1312",2022,13,0,7,"15537","Paz de Río","Boyacá",1076,"LIGA DE GOBERNANTES ANTICORRUPCION","Presidencia 2da vuelta",1026,3967,"#f07605","LIGA DE GOBERNANTES ANTICORRUPCION"
"1313",2022,13,0,7,"15537","Paz de Río","Boyacá",996,"VOTOS EN BLANCO","Presidencia 2da vuelta",38,3967,"#dddddd","OTROS"
"1314",2022,13,0,7,"15537","Paz de Río","Boyacá",997,"VOTOS NULOS","Presidencia 2da vuelta",20,3967,"#808080","VOTOS NULOS"
"1315",2022,13,0,7,"15537","Paz de Río","Boyacá",998,"VOTOS NO MARCADOS","Presidencia 2da vuelta",2,3967,"#dddddd","OTROS"
"1316",2022,13,0,7,"15542","Pesca","Boyacá",1076,"LIGA DE GOBERNANTES ANTICORRUPCION","Presidencia 2da vuelta",2788,6082,"#f07605","LIGA DE GOBERNANTES ANTICORRUPCION"
"1317",2022,13,0,7,"15542","Pesca","Boyacá",1235,"COALICION PACTO HISTORICO","Presidencia 2da vuelta",936,6082,"#1b3383","COALICION PACTO HISTORICO"
"1318",2022,13,0,7,"15542","Pesca","Boyacá",996,"VOTOS EN BLANCO","Presidencia 2da vuelta",40,6082,"#dddddd","OTROS"
"1319",2022,13,0,7,"15542","Pesca","Boyacá",997,"VOTOS NULOS","Presidencia 2da vuelta",27,6082,"#808080","VOTOS NULOS"
"1320",2022,13,0,7,"15542","Pesca","Boyacá",998,"VOTOS NO MARCADOS","Presidencia 2da vuelta",3,6082,"#dddddd","OTROS"
"1321",2022,13,0,7,"15550","Pisba","Boyacá",1076,"LIGA DE GOBERNANTES ANTICORRUPCION","Presidencia 2da vuelta",527,1176,"#f07605","LIGA DE GOBERNANTES ANTICORRUPCION"
"1322",2022,13,0,7,"15550","Pisba","Boyacá",1235,"COALICION PACTO HISTORICO","Presidencia 2da vuelta",203,1176,"#1b3383","COALICION PACTO HISTORICO"
"1323",2022,13,0,7,"15550","Pisba","Boyacá",996,"VOTOS EN BLANCO","Presidencia 2da vuelta",10,1176,"#dddddd","OTROS"
"1324",2022,13,0,7,"15550","Pisba","Boyacá",997,"VOTOS NULOS","Presidencia 2da vuelta",8,1176,"#808080","VOTOS NULOS"
"1325",2022,13,0,7,"15550","Pisba","Boyacá",998,"VOTOS NO MARCADOS","Presidencia 2da vuelta",2,1176,"#dddddd","OTROS"
"1326",2022,13,0,7,"15572","Puerto Boyacá","Boyacá",1076,"LIGA DE GOBERNANTES ANTICORRUPCION","Presidencia 2da vuelta",15107,8011,"#f07605","LIGA DE GOBERNANTES ANTICORRUPCION"
"1327",2022,13,0,7,"15572","Puerto Boyacá","Boyacá",1235,"COALICION PACTO HISTORICO","Presidencia 2da vuelta",7030,8011,"#1b3383","COALICION PACTO HISTORICO"
"1328",2022,13,0,7,"15572","Puerto Boyacá","Boyacá",997,"VOTOS NULOS","Presidencia 2da vuelta",558,8011,"#808080","VOTOS NULOS"
"1329",2022,13,0,7,"15572","Puerto Boyacá","Boyacá",996,"VOTOS EN BLANCO","Presidencia 2da vuelta",418,8011,"#dddddd","OTROS"
"1330",2022,13,0,7,"15572","Puerto Boyacá","Boyacá",998,"VOTOS NO MARCADOS","Presidencia 2da vuelta",46,8011,"#dddddd","OTROS"
"1331",2022,13,0,7,"15580","Quípama","Boyacá",1076,"LIGA DE GOBERNANTES ANTICORRUPCION","Presidencia 2da vuelta",2301,3369,"#f07605","LIGA DE GOBERNANTES ANTICORRUPCION"
"1332",2022,13,0,7,"15580","Quípama","Boyacá",1235,"COALICION PACTO HISTORICO","Presidencia 2da vuelta",410,3369,"#1b3383","COALICION PACTO HISTORICO"
"1333",2022,13,0,7,"15580","Quípama","Boyacá",996,"VOTOS EN BLANCO","Presidencia 2da vuelta",28,3369,"#dddddd","OTROS"
"1334",2022,13,0,7,"15580","Quípama","Boyacá",997,"VOTOS NULOS","Presidencia 2da vuelta",22,3369,"#808080","VOTOS NULOS"
"1335",2022,13,0,7,"15580","Quípama","Boyacá",998,"VOTOS NO MARCADOS","Presidencia 2da vuelta",10,3369,"#dddddd","OTROS"
"1336",2022,13,0,7,"15599","Ramiriquí","Boyacá",1076,"LIGA DE GOBERNANTES ANTICORRUPCION","Presidencia 2da vuelta",3890,8478,"#f07605","LIGA DE GOBERNANTES ANTICORRUPCION"
"1337",2022,13,0,7,"15599","Ramiriquí","Boyacá",1235,"COALICION PACTO HISTORICO","Presidencia 2da vuelta",1917,8478,"#1b3383","COALICION PACTO HISTORICO"
"1338",2022,13,0,7,"15599","Ramiriquí","Boyacá",996,"VOTOS EN BLANCO","Presidencia 2da vuelta",112,8478,"#dddddd","OTROS"
"1339",2022,13,0,7,"15599","Ramiriquí","Boyacá",997,"VOTOS NULOS","Presidencia 2da vuelta",56,8478,"#808080","VOTOS NULOS"
"1340",2022,13,0,7,"15599","Ramiriquí","Boyacá",998,"VOTOS NO MARCADOS","Presidencia 2da vuelta",9,8478,"#dddddd","OTROS"
"1341",2022,13,0,7,"15600","Ráquira","Boyacá",1076,"LIGA DE GOBERNANTES ANTICORRUPCION","Presidencia 2da vuelta",2314,4157,"#f07605","LIGA DE GOBERNANTES ANTICORRUPCION"
"1342",2022,13,0,7,"15600","Ráquira","Boyacá",1235,"COALICION PACTO HISTORICO","Presidencia 2da vuelta",1004,4157,"#1b3383","COALICION PACTO HISTORICO"
"1343",2022,13,0,7,"15600","Ráquira","Boyacá",996,"VOTOS EN BLANCO","Presidencia 2da vuelta",82,4157,"#dddddd","OTROS"
"1344",2022,13,0,7,"15600","Ráquira","Boyacá",997,"VOTOS NULOS","Presidencia 2da vuelta",33,4157,"#808080","VOTOS NULOS"
"1345",2022,13,0,7,"15600","Ráquira","Boyacá",998,"VOTOS NO MARCADOS","Presidencia 2da vuelta",8,4157,"#dddddd","OTROS"
"1346",2022,13,0,7,"15621","Rondón","Boyacá",1076,"LIGA DE GOBERNANTES ANTICORRUPCION","Presidencia 2da vuelta",1105,1776,"#f07605","LIGA DE GOBERNANTES ANTICORRUPCION"
"1347",2022,13,0,7,"15621","Rondón","Boyacá",1235,"COALICION PACTO HISTORICO","Presidencia 2da vuelta",380,1776,"#1b3383","COALICION PACTO HISTORICO"
"1348",2022,13,0,7,"15621","Rondón","Boyacá",996,"VOTOS EN BLANCO","Presidencia 2da vuelta",21,1776,"#dddddd","OTROS"
"1349",2022,13,0,7,"15621","Rondón","Boyacá",997,"VOTOS NULOS","Presidencia 2da vuelta",8,1776,"#808080","VOTOS NULOS"
"1350",2022,13,0,7,"15621","Rondón","Boyacá",998,"VOTOS NO MARCADOS","Presidencia 2da vuelta",2,1776,"#dddddd","OTROS"
"1351",2022,13,0,7,"15632","Saboyá","Boyacá",1076,"LIGA DE GOBERNANTES ANTICORRUPCION","Presidencia 2da vuelta",3936,6499,"#f07605","LIGA DE GOBERNANTES ANTICORRUPCION"
"1352",2022,13,0,7,"15632","Saboyá","Boyacá",1235,"COALICION PACTO HISTORICO","Presidencia 2da vuelta",2208,6499,"#1b3383","COALICION PACTO HISTORICO"
"1353",2022,13,0,7,"15632","Saboyá","Boyacá",997,"VOTOS NULOS","Presidencia 2da vuelta",130,6499,"#808080","VOTOS NULOS"
"1354",2022,13,0,7,"15632","Saboyá","Boyacá",996,"VOTOS EN BLANCO","Presidencia 2da vuelta",93,6499,"#dddddd","OTROS"
"1355",2022,13,0,7,"15632","Saboyá","Boyacá",998,"VOTOS NO MARCADOS","Presidencia 2da vuelta",11,6499,"#dddddd","OTROS"
"1356",2022,13,0,7,"15638","Sáchica","Boyacá",1076,"LIGA DE GOBERNANTES ANTICORRUPCION","Presidencia 2da vuelta",1949,3844,"#f07605","LIGA DE GOBERNANTES ANTICORRUPCION"
"1357",2022,13,0,7,"15638","Sáchica","Boyacá",1235,"COALICION PACTO HISTORICO","Presidencia 2da vuelta",901,3844,"#1b3383","COALICION PACTO HISTORICO"
"1358",2022,13,0,7,"15638","Sáchica","Boyacá",996,"VOTOS EN BLANCO","Presidencia 2da vuelta",39,3844,"#dddddd","OTROS"
"1359",2022,13,0,7,"15638","Sáchica","Boyacá",997,"VOTOS NULOS","Presidencia 2da vuelta",28,3844,"#808080","VOTOS NULOS"
"1360",2022,13,0,7,"15638","Sáchica","Boyacá",998,"VOTOS NO MARCADOS","Presidencia 2da vuelta",2,3844,"#dddddd","OTROS"
"1361",2022,13,0,7,"15646","Samacá","Boyacá",1076,"LIGA DE GOBERNANTES ANTICORRUPCION","Presidencia 2da vuelta",5944,14470,"#f07605","LIGA DE GOBERNANTES ANTICORRUPCION"
"1362",2022,13,0,7,"15646","Samacá","Boyacá",1235,"COALICION PACTO HISTORICO","Presidencia 2da vuelta",3610,14470,"#1b3383","COALICION PACTO HISTORICO"
"1363",2022,13,0,7,"15646","Samacá","Boyacá",996,"VOTOS EN BLANCO","Presidencia 2da vuelta",210,14470,"#dddddd","OTROS"
"1364",2022,13,0,7,"15646","Samacá","Boyacá",997,"VOTOS NULOS","Presidencia 2da vuelta",123,14470,"#808080","VOTOS NULOS"
"1365",2022,13,0,7,"15646","Samacá","Boyacá",998,"VOTOS NO MARCADOS","Presidencia 2da vuelta",7,14470,"#dddddd","OTROS"
"1366",2022,13,0,7,"15660","San Eduardo","Boyacá",1076,"LIGA DE GOBERNANTES ANTICORRUPCION","Presidencia 2da vuelta",651,1485,"#f07605","LIGA DE GOBERNANTES ANTICORRUPCION"
"1367",2022,13,0,7,"15660","San Eduardo","Boyacá",1235,"COALICION PACTO HISTORICO","Presidencia 2da vuelta",297,1485,"#1b3383","COALICION PACTO HISTORICO"
"1368",2022,13,0,7,"15660","San Eduardo","Boyacá",996,"VOTOS EN BLANCO","Presidencia 2da vuelta",32,1485,"#dddddd","OTROS"
"1369",2022,13,0,7,"15660","San Eduardo","Boyacá",997,"VOTOS NULOS","Presidencia 2da vuelta",5,1485,"#808080","VOTOS NULOS"
"1370",2022,13,0,7,"15660","San Eduardo","Boyacá",998,"VOTOS NO MARCADOS","Presidencia 2da vuelta",2,1485,"#dddddd","OTROS"
"1371",2022,13,0,7,"15664","San José de Pare","Boyacá",1076,"LIGA DE GOBERNANTES ANTICORRUPCION","Presidencia 2da vuelta",2694,4694,"#f07605","LIGA DE GOBERNANTES ANTICORRUPCION"
"1372",2022,13,0,7,"15664","San José de Pare","Boyacá",1235,"COALICION PACTO HISTORICO","Presidencia 2da vuelta",515,4694,"#1b3383","COALICION PACTO HISTORICO"
"1373",2022,13,0,7,"15664","San José de Pare","Boyacá",996,"VOTOS EN BLANCO","Presidencia 2da vuelta",23,4694,"#dddddd","OTROS"
"1374",2022,13,0,7,"15664","San José de Pare","Boyacá",997,"VOTOS NULOS","Presidencia 2da vuelta",12,4694,"#808080","VOTOS NULOS"
"1375",2022,13,0,7,"15664","San José de Pare","Boyacá",998,"VOTOS NO MARCADOS","Presidencia 2da vuelta",2,4694,"#dddddd","OTROS"
"1376",2022,13,0,7,"15667","San Luis de Gaceno","Boyacá",1076,"LIGA DE GOBERNANTES ANTICORRUPCION","Presidencia 2da vuelta",2228,2996,"#f07605","LIGA DE GOBERNANTES ANTICORRUPCION"
"1377",2022,13,0,7,"15667","San Luis de Gaceno","Boyacá",1235,"COALICION PACTO HISTORICO","Presidencia 2da vuelta",382,2996,"#1b3383","COALICION PACTO HISTORICO"
"1378",2022,13,0,7,"15667","San Luis de Gaceno","Boyacá",997,"VOTOS NULOS","Presidencia 2da vuelta",23,2996,"#808080","VOTOS NULOS"
"1379",2022,13,0,7,"15667","San Luis de Gaceno","Boyacá",996,"VOTOS EN BLANCO","Presidencia 2da vuelta",22,2996,"#dddddd","OTROS"
"1380",2022,13,0,7,"15667","San Luis de Gaceno","Boyacá",998,"VOTOS NO MARCADOS","Presidencia 2da vuelta",3,2996,"#dddddd","OTROS"
"1381",2022,13,0,7,"15673","San Mateo","Boyacá",1076,"LIGA DE GOBERNANTES ANTICORRUPCION","Presidencia 2da vuelta",1793,3266,"#f07605","LIGA DE GOBERNANTES ANTICORRUPCION"
"1382",2022,13,0,7,"15673","San Mateo","Boyacá",1235,"COALICION PACTO HISTORICO","Presidencia 2da vuelta",249,3266,"#1b3383","COALICION PACTO HISTORICO"
"1383",2022,13,0,7,"15673","San Mateo","Boyacá",996,"VOTOS EN BLANCO","Presidencia 2da vuelta",33,3266,"#dddddd","OTROS"
"1384",2022,13,0,7,"15673","San Mateo","Boyacá",997,"VOTOS NULOS","Presidencia 2da vuelta",14,3266,"#808080","VOTOS NULOS"
"1385",2022,13,0,7,"15673","San Mateo","Boyacá",998,"VOTOS NO MARCADOS","Presidencia 2da vuelta",6,3266,"#dddddd","OTROS"
"1386",2022,13,0,7,"15676","San Miguel de Sema","Boyacá",1076,"LIGA DE GOBERNANTES ANTICORRUPCION","Presidencia 2da vuelta",1292,2732,"#f07605","LIGA DE GOBERNANTES ANTICORRUPCION"
"1387",2022,13,0,7,"15676","San Miguel de Sema","Boyacá",1235,"COALICION PACTO HISTORICO","Presidencia 2da vuelta",384,2732,"#1b3383","COALICION PACTO HISTORICO"
"1388",2022,13,0,7,"15676","San Miguel de Sema","Boyacá",996,"VOTOS EN BLANCO","Presidencia 2da vuelta",34,2732,"#dddddd","OTROS"
"1389",2022,13,0,7,"15676","San Miguel de Sema","Boyacá",997,"VOTOS NULOS","Presidencia 2da vuelta",15,2732,"#808080","VOTOS NULOS"
"1390",2022,13,0,7,"15676","San Miguel de Sema","Boyacá",998,"VOTOS NO MARCADOS","Presidencia 2da vuelta",2,2732,"#dddddd","OTROS"
"1391",2022,13,0,7,"15681","San Pablo de Borbur","Boyacá",1076,"LIGA DE GOBERNANTES ANTICORRUPCION","Presidencia 2da vuelta",2751,2319,"#f07605","LIGA DE GOBERNANTES ANTICORRUPCION"
"1392",2022,13,0,7,"15681","San Pablo de Borbur","Boyacá",1235,"COALICION PACTO HISTORICO","Presidencia 2da vuelta",469,2319,"#1b3383","COALICION PACTO HISTORICO"
"1393",2022,13,0,7,"15681","San Pablo de Borbur","Boyacá",996,"VOTOS EN BLANCO","Presidencia 2da vuelta",26,2319,"#dddddd","OTROS"
"1394",2022,13,0,7,"15681","San Pablo de Borbur","Boyacá",997,"VOTOS NULOS","Presidencia 2da vuelta",26,2319,"#808080","VOTOS NULOS"
"1395",2022,13,0,7,"15681","San Pablo de Borbur","Boyacá",998,"VOTOS NO MARCADOS","Presidencia 2da vuelta",4,2319,"#dddddd","OTROS"
"1396",2022,13,0,7,"15686","Santana","Boyacá",1076,"LIGA DE GOBERNANTES ANTICORRUPCION","Presidencia 2da vuelta",3329,7119,"#f07605","LIGA DE GOBERNANTES ANTICORRUPCION"
"1397",2022,13,0,7,"15686","Santana","Boyacá",1235,"COALICION PACTO HISTORICO","Presidencia 2da vuelta",941,7119,"#1b3383","COALICION PACTO HISTORICO"
"1398",2022,13,0,7,"15686","Santana","Boyacá",997,"VOTOS NULOS","Presidencia 2da vuelta",36,7119,"#808080","VOTOS NULOS"
"1399",2022,13,0,7,"15686","Santana","Boyacá",996,"VOTOS EN BLANCO","Presidencia 2da vuelta",23,7119,"#dddddd","OTROS"
"1400",2022,13,0,7,"15690","Santa María","Boyacá",1076,"LIGA DE GOBERNANTES ANTICORRUPCION","Presidencia 2da vuelta",1258,3100,"#f07605","LIGA DE GOBERNANTES ANTICORRUPCION"
"1401",2022,13,0,7,"15690","Santa María","Boyacá",1235,"COALICION PACTO HISTORICO","Presidencia 2da vuelta",691,3100,"#1b3383","COALICION PACTO HISTORICO"
"1402",2022,13,0,7,"15690","Santa María","Boyacá",996,"VOTOS EN BLANCO","Presidencia 2da vuelta",54,3100,"#dddddd","OTROS"
"1403",2022,13,0,7,"15690","Santa María","Boyacá",997,"VOTOS NULOS","Presidencia 2da vuelta",30,3100,"#808080","VOTOS NULOS"
"1404",2022,13,0,7,"15690","Santa María","Boyacá",998,"VOTOS NO MARCADOS","Presidencia 2da vuelta",4,3100,"#dddddd","OTROS"
"1405",2022,13,0,7,"15693","Santa Rosa de Viterbo","Boyacá",1076,"LIGA DE GOBERNANTES ANTICORRUPCION","Presidencia 2da vuelta",3738,7951,"#f07605","LIGA DE GOBERNANTES ANTICORRUPCION"
"1406",2022,13,0,7,"15693","Santa Rosa de Viterbo","Boyacá",1235,"COALICION PACTO HISTORICO","Presidencia 2da vuelta",2244,7951,"#1b3383","COALICION PACTO HISTORICO"
"1407",2022,13,0,7,"15693","Santa Rosa de Viterbo","Boyacá",996,"VOTOS EN BLANCO","Presidencia 2da vuelta",120,7951,"#dddddd","OTROS"
"1408",2022,13,0,7,"15693","Santa Rosa de Viterbo","Boyacá",997,"VOTOS NULOS","Presidencia 2da vuelta",78,7951,"#808080","VOTOS NULOS"
"1409",2022,13,0,7,"15693","Santa Rosa de Viterbo","Boyacá",998,"VOTOS NO MARCADOS","Presidencia 2da vuelta",9,7951,"#dddddd","OTROS"
"1410",2022,13,0,7,"15696","Santa Sofía","Boyacá",1076,"LIGA DE GOBERNANTES ANTICORRUPCION","Presidencia 2da vuelta",1646,3073,"#f07605","LIGA DE GOBERNANTES ANTICORRUPCION"
"1411",2022,13,0,7,"15696","Santa Sofía","Boyacá",1235,"COALICION PACTO HISTORICO","Presidencia 2da vuelta",342,3073,"#1b3383","COALICION PACTO HISTORICO"
"1412",2022,13,0,7,"15696","Santa Sofía","Boyacá",996,"VOTOS EN BLANCO","Presidencia 2da vuelta",25,3073,"#dddddd","OTROS"
"1413",2022,13,0,7,"15696","Santa Sofía","Boyacá",997,"VOTOS NULOS","Presidencia 2da vuelta",12,3073,"#808080","VOTOS NULOS"
"1414",2022,13,0,7,"15696","Santa Sofía","Boyacá",998,"VOTOS NO MARCADOS","Presidencia 2da vuelta",2,3073,"#dddddd","OTROS"
"1415",2022,13,0,7,"15720","Sativanorte","Boyacá",1076,"LIGA DE GOBERNANTES ANTICORRUPCION","Presidencia 2da vuelta",1164,2378,"#f07605","LIGA DE GOBERNANTES ANTICORRUPCION"
"1416",2022,13,0,7,"15720","Sativanorte","Boyacá",1235,"COALICION PACTO HISTORICO","Presidencia 2da vuelta",227,2378,"#1b3383","COALICION PACTO HISTORICO"
"1417",2022,13,0,7,"15720","Sativanorte","Boyacá",997,"VOTOS NULOS","Presidencia 2da vuelta",12,2378,"#808080","VOTOS NULOS"
"1418",2022,13,0,7,"15720","Sativanorte","Boyacá",996,"VOTOS EN BLANCO","Presidencia 2da vuelta",8,2378,"#dddddd","OTROS"
"1419",2022,13,0,7,"15720","Sativanorte","Boyacá",998,"VOTOS NO MARCADOS","Presidencia 2da vuelta",1,2378,"#dddddd","OTROS"
"1420",2022,13,0,7,"15723","Sativasur","Boyacá",1076,"LIGA DE GOBERNANTES ANTICORRUPCION","Presidencia 2da vuelta",431,1232,"#f07605","LIGA DE GOBERNANTES ANTICORRUPCION"
"1421",2022,13,0,7,"15723","Sativasur","Boyacá",1235,"COALICION PACTO HISTORICO","Presidencia 2da vuelta",196,1232,"#1b3383","COALICION PACTO HISTORICO"
"1422",2022,13,0,7,"15723","Sativasur","Boyacá",997,"VOTOS NULOS","Presidencia 2da vuelta",18,1232,"#808080","VOTOS NULOS"
"1423",2022,13,0,7,"15723","Sativasur","Boyacá",996,"VOTOS EN BLANCO","Presidencia 2da vuelta",12,1232,"#dddddd","OTROS"
"1424",2022,13,0,7,"15740","Siachoque","Boyacá",1076,"LIGA DE GOBERNANTES ANTICORRUPCION","Presidencia 2da vuelta",2927,6329,"#f07605","LIGA DE GOBERNANTES ANTICORRUPCION"
"1425",2022,13,0,7,"15740","Siachoque","Boyacá",1235,"COALICION PACTO HISTORICO","Presidencia 2da vuelta",1198,6329,"#1b3383","COALICION PACTO HISTORICO"
"1426",2022,13,0,7,"15740","Siachoque","Boyacá",996,"VOTOS EN BLANCO","Presidencia 2da vuelta",64,6329,"#dddddd","OTROS"
"1427",2022,13,0,7,"15740","Siachoque","Boyacá",997,"VOTOS NULOS","Presidencia 2da vuelta",54,6329,"#808080","VOTOS NULOS"
"1428",2022,13,0,7,"15740","Siachoque","Boyacá",998,"VOTOS NO MARCADOS","Presidencia 2da vuelta",2,6329,"#dddddd","OTROS"
"1429",2022,13,0,7,"15753","Soatá","Boyacá",1076,"LIGA DE GOBERNANTES ANTICORRUPCION","Presidencia 2da vuelta",3433,7599,"#f07605","LIGA DE GOBERNANTES ANTICORRUPCION"
"1430",2022,13,0,7,"15753","Soatá","Boyacá",1235,"COALICION PACTO HISTORICO","Presidencia 2da vuelta",1381,7599,"#1b3383","COALICION PACTO HISTORICO"
"1431",2022,13,0,7,"15753","Soatá","Boyacá",996,"VOTOS EN BLANCO","Presidencia 2da vuelta",89,7599,"#dddddd","OTROS"
"1432",2022,13,0,7,"15753","Soatá","Boyacá",997,"VOTOS NULOS","Presidencia 2da vuelta",52,7599,"#808080","VOTOS NULOS"
"1433",2022,13,0,7,"15753","Soatá","Boyacá",998,"VOTOS NO MARCADOS","Presidencia 2da vuelta",1,7599,"#dddddd","OTROS"
"1434",2022,13,0,7,"15755","Socotá","Boyacá",1076,"LIGA DE GOBERNANTES ANTICORRUPCION","Presidencia 2da vuelta",2254,4465,"#f07605","LIGA DE GOBERNANTES ANTICORRUPCION"
"1435",2022,13,0,7,"15755","Socotá","Boyacá",1235,"COALICION PACTO HISTORICO","Presidencia 2da vuelta",1011,4465,"#1b3383","COALICION PACTO HISTORICO"
"1436",2022,13,0,7,"15755","Socotá","Boyacá",996,"VOTOS EN BLANCO","Presidencia 2da vuelta",54,4465,"#dddddd","OTROS"
"1437",2022,13,0,7,"15755","Socotá","Boyacá",997,"VOTOS NULOS","Presidencia 2da vuelta",54,4465,"#808080","VOTOS NULOS"
"1438",2022,13,0,7,"15755","Socotá","Boyacá",998,"VOTOS NO MARCADOS","Presidencia 2da vuelta",2,648,"#dddddd","OTROS"
"1439",2022,13,0,7,"15757","Socha","Boyacá",1076,"LIGA DE GOBERNANTES ANTICORRUPCION","Presidencia 2da vuelta",2037,6243,"#f07605","LIGA DE GOBERNANTES ANTICORRUPCION"
"1440",2022,13,0,7,"15757","Socha","Boyacá",1235,"COALICION PACTO HISTORICO","Presidencia 2da vuelta",1505,6243,"#1b3383","COALICION PACTO HISTORICO"
"1441",2022,13,0,7,"15757","Socha","Boyacá",996,"VOTOS EN BLANCO","Presidencia 2da vuelta",95,6243,"#dddddd","OTROS"
"1442",2022,13,0,7,"15757","Socha","Boyacá",997,"VOTOS NULOS","Presidencia 2da vuelta",89,6243,"#808080","VOTOS NULOS"
"1443",2022,13,0,7,"15757","Socha","Boyacá",998,"VOTOS NO MARCADOS","Presidencia 2da vuelta",13,6243,"#dddddd","OTROS"
"1444",2022,13,0,7,"15759","Sogamoso","Boyacá",1235,"COALICION PACTO HISTORICO","Presidencia 2da vuelta",35721,11202,"#1b3383","COALICION PACTO HISTORICO"
"1445",2022,13,0,7,"15759","Sogamoso","Boyacá",1076,"LIGA DE GOBERNANTES ANTICORRUPCION","Presidencia 2da vuelta",29500,11202,"#f07605","LIGA DE GOBERNANTES ANTICORRUPCION"
"1446",2022,13,0,7,"15759","Sogamoso","Boyacá",996,"VOTOS EN BLANCO","Presidencia 2da vuelta",1550,11202,"#dddddd","OTROS"
"1447",2022,13,0,7,"15759","Sogamoso","Boyacá",997,"VOTOS NULOS","Presidencia 2da vuelta",872,11202,"#808080","VOTOS NULOS"
"1448",2022,13,0,7,"15759","Sogamoso","Boyacá",998,"VOTOS NO MARCADOS","Presidencia 2da vuelta",32,11202,"#dddddd","OTROS"
"1449",2022,13,0,7,"15761","Somondoco","Boyacá",1076,"LIGA DE GOBERNANTES ANTICORRUPCION","Presidencia 2da vuelta",1231,2778,"#f07605","LIGA DE GOBERNANTES ANTICORRUPCION"
"1450",2022,13,0,7,"15761","Somondoco","Boyacá",1235,"COALICION PACTO HISTORICO","Presidencia 2da vuelta",464,2778,"#1b3383","COALICION PACTO HISTORICO"
"1451",2022,13,0,7,"15761","Somondoco","Boyacá",996,"VOTOS EN BLANCO","Presidencia 2da vuelta",31,2778,"#dddddd","OTROS"
"1452",2022,13,0,7,"15761","Somondoco","Boyacá",997,"VOTOS NULOS","Presidencia 2da vuelta",10,2778,"#808080","VOTOS NULOS"
"1453",2022,13,0,7,"15761","Somondoco","Boyacá",998,"VOTOS NO MARCADOS","Presidencia 2da vuelta",3,2778,"#dddddd","OTROS"
"1454",2022,13,0,7,"15762","Sora","Boyacá",1076,"LIGA DE GOBERNANTES ANTICORRUPCION","Presidencia 2da vuelta",1135,2760,"#f07605","LIGA DE GOBERNANTES ANTICORRUPCION"
"1455",2022,13,0,7,"15762","Sora","Boyacá",1235,"COALICION PACTO HISTORICO","Presidencia 2da vuelta",779,2760,"#1b3383","COALICION PACTO HISTORICO"
"1456",2022,13,0,7,"15762","Sora","Boyacá",996,"VOTOS EN BLANCO","Presidencia 2da vuelta",34,2760,"#dddddd","OTROS"
"1457",2022,13,0,7,"15762","Sora","Boyacá",997,"VOTOS NULOS","Presidencia 2da vuelta",13,2760,"#808080","VOTOS NULOS"
"1458",2022,13,0,7,"15762","Sora","Boyacá",998,"VOTOS NO MARCADOS","Presidencia 2da vuelta",3,2760,"#dddddd","OTROS"
"1459",2022,13,0,7,"15763","Sotaquirá","Boyacá",1076,"LIGA DE GOBERNANTES ANTICORRUPCION","Presidencia 2da vuelta",2626,6096,"#f07605","LIGA DE GOBERNANTES ANTICORRUPCION"
"1460",2022,13,0,7,"15763","Sotaquirá","Boyacá",1235,"COALICION PACTO HISTORICO","Presidencia 2da vuelta",1392,6096,"#1b3383","COALICION PACTO HISTORICO"
"1461",2022,13,0,7,"15763","Sotaquirá","Boyacá",996,"VOTOS EN BLANCO","Presidencia 2da vuelta",56,6096,"#dddddd","OTROS"
"1462",2022,13,0,7,"15763","Sotaquirá","Boyacá",997,"VOTOS NULOS","Presidencia 2da vuelta",49,6096,"#808080","VOTOS NULOS"
"1463",2022,13,0,7,"15763","Sotaquirá","Boyacá",998,"VOTOS NO MARCADOS","Presidencia 2da vuelta",9,6096,"#dddddd","OTROS"
"1464",2022,13,0,7,"15764","Soracá","Boyacá",1076,"LIGA DE GOBERNANTES ANTICORRUPCION","Presidencia 2da vuelta",2990,5659,"#f07605","LIGA DE GOBERNANTES ANTICORRUPCION"
"1465",2022,13,0,7,"15764","Soracá","Boyacá",1235,"COALICION PACTO HISTORICO","Presidencia 2da vuelta",1156,5659,"#1b3383","COALICION PACTO HISTORICO"
"1466",2022,13,0,7,"15764","Soracá","Boyacá",997,"VOTOS NULOS","Presidencia 2da vuelta",75,5659,"#808080","VOTOS NULOS"
"1467",2022,13,0,7,"15764","Soracá","Boyacá",996,"VOTOS EN BLANCO","Presidencia 2da vuelta",60,5659,"#dddddd","OTROS"
"1468",2022,13,0,7,"15764","Soracá","Boyacá",998,"VOTOS NO MARCADOS","Presidencia 2da vuelta",5,5659,"#dddddd","OTROS"
"1469",2022,13,0,7,"15774","Susacón","Boyacá",1076,"LIGA DE GOBERNANTES ANTICORRUPCION","Presidencia 2da vuelta",1209,2293,"#f07605","LIGA DE GOBERNANTES ANTICORRUPCION"
"1470",2022,13,0,7,"15774","Susacón","Boyacá",1235,"COALICION PACTO HISTORICO","Presidencia 2da vuelta",347,2293,"#1b3383","COALICION PACTO HISTORICO"
"1471",2022,13,0,7,"15774","Susacón","Boyacá",997,"VOTOS NULOS","Presidencia 2da vuelta",27,2293,"#808080","VOTOS NULOS"
"1472",2022,13,0,7,"15774","Susacón","Boyacá",996,"VOTOS EN BLANCO","Presidencia 2da vuelta",13,2293,"#dddddd","OTROS"
"1473",2022,13,0,7,"15774","Susacón","Boyacá",998,"VOTOS NO MARCADOS","Presidencia 2da vuelta",6,2293,"#dddddd","OTROS"
"1474",2022,13,0,7,"15776","Sutamarchán","Boyacá",1076,"LIGA DE GOBERNANTES ANTICORRUPCION","Presidencia 2da vuelta",2926,5956,"#f07605","LIGA DE GOBERNANTES ANTICORRUPCION"
"1475",2022,13,0,7,"15776","Sutamarchán","Boyacá",1235,"COALICION PACTO HISTORICO","Presidencia 2da vuelta",1159,5956,"#1b3383","COALICION PACTO HISTORICO"
"1476",2022,13,0,7,"15776","Sutamarchán","Boyacá",996,"VOTOS EN BLANCO","Presidencia 2da vuelta",59,5956,"#dddddd","OTROS"
"1477",2022,13,0,7,"15776","Sutamarchán","Boyacá",997,"VOTOS NULOS","Presidencia 2da vuelta",22,5956,"#808080","VOTOS NULOS"
"1478",2022,13,0,7,"15776","Sutamarchán","Boyacá",998,"VOTOS NO MARCADOS","Presidencia 2da vuelta",2,5956,"#dddddd","OTROS"
"1479",2022,13,0,7,"15778","Sutatenza","Boyacá",1076,"LIGA DE GOBERNANTES ANTICORRUPCION","Presidencia 2da vuelta",1702,3762,"#f07605","LIGA DE GOBERNANTES ANTICORRUPCION"
"1480",2022,13,0,7,"15778","Sutatenza","Boyacá",1235,"COALICION PACTO HISTORICO","Presidencia 2da vuelta",666,3762,"#1b3383","COALICION PACTO HISTORICO"
"1481",2022,13,0,7,"15778","Sutatenza","Boyacá",996,"VOTOS EN BLANCO","Presidencia 2da vuelta",46,3762,"#dddddd","OTROS"
"1482",2022,13,0,7,"15778","Sutatenza","Boyacá",997,"VOTOS NULOS","Presidencia 2da vuelta",33,3762,"#808080","VOTOS NULOS"
"1483",2022,13,0,7,"15778","Sutatenza","Boyacá",998,"VOTOS NO MARCADOS","Presidencia 2da vuelta",4,3762,"#dddddd","OTROS"
"1484",2022,13,0,7,"15790","Tasco","Boyacá",1076,"LIGA DE GOBERNANTES ANTICORRUPCION","Presidencia 2da vuelta",1630,4911,"#f07605","LIGA DE GOBERNANTES ANTICORRUPCION"
"1485",2022,13,0,7,"15790","Tasco","Boyacá",1235,"COALICION PACTO HISTORICO","Presidencia 2da vuelta",1149,4911,"#1b3383","COALICION PACTO HISTORICO"
"1486",2022,13,0,7,"15790","Tasco","Boyacá",996,"VOTOS EN BLANCO","Presidencia 2da vuelta",42,4911,"#dddddd","OTROS"
"1487",2022,13,0,7,"15790","Tasco","Boyacá",997,"VOTOS NULOS","Presidencia 2da vuelta",38,4911,"#808080","VOTOS NULOS"
"1488",2022,13,0,7,"15790","Tasco","Boyacá",998,"VOTOS NO MARCADOS","Presidencia 2da vuelta",2,4911,"#dddddd","OTROS"
"1489",2022,13,0,7,"15798","Tenza","Boyacá",1076,"LIGA DE GOBERNANTES ANTICORRUPCION","Presidencia 2da vuelta",1661,3559,"#f07605","LIGA DE GOBERNANTES ANTICORRUPCION"
"1490",2022,13,0,7,"15798","Tenza","Boyacá",1235,"COALICION PACTO HISTORICO","Presidencia 2da vuelta",505,3559,"#1b3383","COALICION PACTO HISTORICO"
"1491",2022,13,0,7,"15798","Tenza","Boyacá",996,"VOTOS EN BLANCO","Presidencia 2da vuelta",32,3559,"#dddddd","OTROS"
"1492",2022,13,0,7,"15798","Tenza","Boyacá",997,"VOTOS NULOS","Presidencia 2da vuelta",29,3559,"#808080","VOTOS NULOS"
"1493",2022,13,0,7,"15798","Tenza","Boyacá",998,"VOTOS NO MARCADOS","Presidencia 2da vuelta",6,3559,"#dddddd","OTROS"
"1494",2022,13,0,7,"15804","Tibaná","Boyacá",1076,"LIGA DE GOBERNANTES ANTICORRUPCION","Presidencia 2da vuelta",2980,6339,"#f07605","LIGA DE GOBERNANTES ANTICORRUPCION"
"1495",2022,13,0,7,"15804","Tibaná","Boyacá",1235,"COALICION PACTO HISTORICO","Presidencia 2da vuelta",1399,6339,"#1b3383","COALICION PACTO HISTORICO"
"1496",2022,13,0,7,"15804","Tibaná","Boyacá",996,"VOTOS EN BLANCO","Presidencia 2da vuelta",69,6339,"#dddddd","OTROS"
"1497",2022,13,0,7,"15804","Tibaná","Boyacá",997,"VOTOS NULOS","Presidencia 2da vuelta",48,6339,"#808080","VOTOS NULOS"
"1498",2022,13,0,7,"15804","Tibaná","Boyacá",998,"VOTOS NO MARCADOS","Presidencia 2da vuelta",4,6339,"#dddddd","OTROS"
"1499",2022,13,0,7,"15806","Tibasosa","Boyacá",1235,"COALICION PACTO HISTORICO","Presidencia 2da vuelta",3226,9554,"#1b3383","COALICION PACTO HISTORICO"
"1500",2022,13,0,7,"15806","Tibasosa","Boyacá",1076,"LIGA DE GOBERNANTES ANTICORRUPCION","Presidencia 2da vuelta",3187,9554,"#f07605","LIGA DE GOBERNANTES ANTICORRUPCION"
"1501",2022,13,0,7,"15806","Tibasosa","Boyacá",996,"VOTOS EN BLANCO","Presidencia 2da vuelta",118,9554,"#dddddd","OTROS"
"1502",2022,13,0,7,"15806","Tibasosa","Boyacá",997,"VOTOS NULOS","Presidencia 2da vuelta",85,9554,"#808080","VOTOS NULOS"
"1503",2022,13,0,7,"15806","Tibasosa","Boyacá",998,"VOTOS NO MARCADOS","Presidencia 2da vuelta",4,9554,"#dddddd","OTROS"
"1504",2022,13,0,7,"15808","Tinjacá","Boyacá",1076,"LIGA DE GOBERNANTES ANTICORRUPCION","Presidencia 2da vuelta",1279,2904,"#f07605","LIGA DE GOBERNANTES ANTICORRUPCION"
"1505",2022,13,0,7,"15808","Tinjacá","Boyacá",1235,"COALICION PACTO HISTORICO","Presidencia 2da vuelta",812,2904,"#1b3383","COALICION PACTO HISTORICO"
"1506",2022,13,0,7,"15808","Tinjacá","Boyacá",996,"VOTOS EN BLANCO","Presidencia 2da vuelta",29,2904,"#dddddd","OTROS"
"1507",2022,13,0,7,"15808","Tinjacá","Boyacá",997,"VOTOS NULOS","Presidencia 2da vuelta",15,2904,"#808080","VOTOS NULOS"
"1508",2022,13,0,7,"15808","Tinjacá","Boyacá",998,"VOTOS NO MARCADOS","Presidencia 2da vuelta",3,2904,"#dddddd","OTROS"
"1509",2022,13,0,7,"15810","Tipacoque","Boyacá",1076,"LIGA DE GOBERNANTES ANTICORRUPCION","Presidencia 2da vuelta",1553,3286,"#f07605","LIGA DE GOBERNANTES ANTICORRUPCION"
"1510",2022,13,0,7,"15810","Tipacoque","Boyacá",1235,"COALICION PACTO HISTORICO","Presidencia 2da vuelta",472,3286,"#1b3383","COALICION PACTO HISTORICO"
"1511",2022,13,0,7,"15810","Tipacoque","Boyacá",996,"VOTOS EN BLANCO","Presidencia 2da vuelta",21,3286,"#dddddd","OTROS"
"1512",2022,13,0,7,"15810","Tipacoque","Boyacá",997,"VOTOS NULOS","Presidencia 2da vuelta",16,3286,"#808080","VOTOS NULOS"
"1513",2022,13,0,7,"15810","Tipacoque","Boyacá",998,"VOTOS NO MARCADOS","Presidencia 2da vuelta",4,3286,"#dddddd","OTROS"
"1514",2022,13,0,7,"15814","Toca","Boyacá",1076,"LIGA DE GOBERNANTES ANTICORRUPCION","Presidencia 2da vuelta",3146,7615,"#f07605","LIGA DE GOBERNANTES ANTICORRUPCION"
"1515",2022,13,0,7,"15814","Toca","Boyacá",1235,"COALICION PACTO HISTORICO","Presidencia 2da vuelta",1793,7615,"#1b3383","COALICION PACTO HISTORICO"
"1516",2022,13,0,7,"15814","Toca","Boyacá",996,"VOTOS EN BLANCO","Presidencia 2da vuelta",93,7615,"#dddddd","OTROS"
"1517",2022,13,0,7,"15814","Toca","Boyacá",997,"VOTOS NULOS","Presidencia 2da vuelta",58,7615,"#808080","VOTOS NULOS"
"1518",2022,13,0,7,"15814","Toca","Boyacá",998,"VOTOS NO MARCADOS","Presidencia 2da vuelta",7,7615,"#dddddd","OTROS"
"1519",2022,13,0,7,"15816","Togüí","Boyacá",1076,"LIGA DE GOBERNANTES ANTICORRUPCION","Presidencia 2da vuelta",1937,4090,"#f07605","LIGA DE GOBERNANTES ANTICORRUPCION"
"1520",2022,13,0,7,"15816","Togüí","Boyacá",1235,"COALICION PACTO HISTORICO","Presidencia 2da vuelta",467,4090,"#1b3383","COALICION PACTO HISTORICO"
"1521",2022,13,0,7,"15816","Togüí","Boyacá",996,"VOTOS EN BLANCO","Presidencia 2da vuelta",35,4090,"#dddddd","OTROS"
"1522",2022,13,0,7,"15816","Togüí","Boyacá",997,"VOTOS NULOS","Presidencia 2da vuelta",21,4090,"#808080","VOTOS NULOS"
"1523",2022,13,0,7,"15816","Togüí","Boyacá",998,"VOTOS NO MARCADOS","Presidencia 2da vuelta",7,4090,"#dddddd","OTROS"
"1524",2022,13,0,7,"15820","Tópaga","Boyacá",1076,"LIGA DE GOBERNANTES ANTICORRUPCION","Presidencia 2da vuelta",1548,2624,"#f07605","LIGA DE GOBERNANTES ANTICORRUPCION"
"1525",2022,13,0,7,"15820","Tópaga","Boyacá",1235,"COALICION PACTO HISTORICO","Presidencia 2da vuelta",745,2624,"#1b3383","COALICION PACTO HISTORICO"
"1526",2022,13,0,7,"15820","Tópaga","Boyacá",997,"VOTOS NULOS","Presidencia 2da vuelta",44,2624,"#808080","VOTOS NULOS"
"1527",2022,13,0,7,"15820","Tópaga","Boyacá",996,"VOTOS EN BLANCO","Presidencia 2da vuelta",40,2624,"#dddddd","OTROS"
"1528",2022,13,0,7,"15820","Tópaga","Boyacá",998,"VOTOS NO MARCADOS","Presidencia 2da vuelta",1,707,"#dddddd","OTROS"
"1529",2022,13,0,7,"15822","Tota","Boyacá",1076,"LIGA DE GOBERNANTES ANTICORRUPCION","Presidencia 2da vuelta",1937,3136,"#f07605","LIGA DE GOBERNANTES ANTICORRUPCION"
"1530",2022,13,0,7,"15822","Tota","Boyacá",1235,"COALICION PACTO HISTORICO","Presidencia 2da vuelta",506,3136,"#1b3383","COALICION PACTO HISTORICO"
"1531",2022,13,0,7,"15822","Tota","Boyacá",996,"VOTOS EN BLANCO","Presidencia 2da vuelta",22,3136,"#dddddd","OTROS"
"1532",2022,13,0,7,"15822","Tota","Boyacá",997,"VOTOS NULOS","Presidencia 2da vuelta",12,3136,"#808080","VOTOS NULOS"
"1533",2022,13,0,7,"15822","Tota","Boyacá",998,"VOTOS NO MARCADOS","Presidencia 2da vuelta",4,3136,"#dddddd","OTROS"
"1534",2022,13,0,7,"15832","Tununguá","Boyacá",1076,"LIGA DE GOBERNANTES ANTICORRUPCION","Presidencia 2da vuelta",677,1460,"#f07605","LIGA DE GOBERNANTES ANTICORRUPCION"
"1535",2022,13,0,7,"15832","Tununguá","Boyacá",1235,"COALICION PACTO HISTORICO","Presidencia 2da vuelta",265,1460,"#1b3383","COALICION PACTO HISTORICO"
"1536",2022,13,0,7,"15832","Tununguá","Boyacá",996,"VOTOS EN BLANCO","Presidencia 2da vuelta",10,1460,"#dddddd","OTROS"
"1537",2022,13,0,7,"15832","Tununguá","Boyacá",997,"VOTOS NULOS","Presidencia 2da vuelta",3,1460,"#808080","VOTOS NULOS"
"1538",2022,13,0,7,"15835","Turmequé","Boyacá",1076,"LIGA DE GOBERNANTES ANTICORRUPCION","Presidencia 2da vuelta",2360,5684,"#f07605","LIGA DE GOBERNANTES ANTICORRUPCION"
"1539",2022,13,0,7,"15835","Turmequé","Boyacá",1235,"COALICION PACTO HISTORICO","Presidencia 2da vuelta",1128,5684,"#1b3383","COALICION PACTO HISTORICO"
"1540",2022,13,0,7,"15835","Turmequé","Boyacá",996,"VOTOS EN BLANCO","Presidencia 2da vuelta",91,5684,"#dddddd","OTROS"
"1541",2022,13,0,7,"15835","Turmequé","Boyacá",997,"VOTOS NULOS","Presidencia 2da vuelta",43,5684,"#808080","VOTOS NULOS"
"1542",2022,13,0,7,"15835","Turmequé","Boyacá",998,"VOTOS NO MARCADOS","Presidencia 2da vuelta",4,5684,"#dddddd","OTROS"
"1543",2022,13,0,7,"15837","Tuta","Boyacá",1076,"LIGA DE GOBERNANTES ANTICORRUPCION","Presidencia 2da vuelta",3317,7742,"#f07605","LIGA DE GOBERNANTES ANTICORRUPCION"
"1544",2022,13,0,7,"15837","Tuta","Boyacá",1235,"COALICION PACTO HISTORICO","Presidencia 2da vuelta",2168,7742,"#1b3383","COALICION PACTO HISTORICO"
"1545",2022,13,0,7,"15837","Tuta","Boyacá",996,"VOTOS EN BLANCO","Presidencia 2da vuelta",91,7742,"#dddddd","OTROS"
"1546",2022,13,0,7,"15837","Tuta","Boyacá",997,"VOTOS NULOS","Presidencia 2da vuelta",62,7742,"#808080","VOTOS NULOS"
"1547",2022,13,0,7,"15837","Tuta","Boyacá",998,"VOTOS NO MARCADOS","Presidencia 2da vuelta",4,7742,"#dddddd","OTROS"
"1548",2022,13,0,7,"15839","Tutazá","Boyacá",1076,"LIGA DE GOBERNANTES ANTICORRUPCION","Presidencia 2da vuelta",901,730,"#f07605","LIGA DE GOBERNANTES ANTICORRUPCION"
"1549",2022,13,0,7,"15839","Tutazá","Boyacá",1235,"COALICION PACTO HISTORICO","Presidencia 2da vuelta",459,730,"#1b3383","COALICION PACTO HISTORICO"
"1550",2022,13,0,7,"15839","Tutazá","Boyacá",996,"VOTOS EN BLANCO","Presidencia 2da vuelta",18,730,"#dddddd","OTROS"
"1551",2022,13,0,7,"15839","Tutazá","Boyacá",997,"VOTOS NULOS","Presidencia 2da vuelta",13,730,"#808080","VOTOS NULOS"
"1552",2022,13,0,7,"15839","Tutazá","Boyacá",998,"VOTOS NO MARCADOS","Presidencia 2da vuelta",1,1276,"#dddddd","OTROS"
"1553",2022,13,0,7,"15842","Umbita","Boyacá",1076,"LIGA DE GOBERNANTES ANTICORRUPCION","Presidencia 2da vuelta",2966,5768,"#f07605","LIGA DE GOBERNANTES ANTICORRUPCION"
"1554",2022,13,0,7,"15842","Umbita","Boyacá",1235,"COALICION PACTO HISTORICO","Presidencia 2da vuelta",890,5768,"#1b3383","COALICION PACTO HISTORICO"
"1555",2022,13,0,7,"15842","Umbita","Boyacá",996,"VOTOS EN BLANCO","Presidencia 2da vuelta",44,5768,"#dddddd","OTROS"
"1556",2022,13,0,7,"15842","Umbita","Boyacá",997,"VOTOS NULOS","Presidencia 2da vuelta",25,5768,"#808080","VOTOS NULOS"
"1557",2022,13,0,7,"15842","Umbita","Boyacá",998,"VOTOS NO MARCADOS","Presidencia 2da vuelta",5,5768,"#dddddd","OTROS"
"1558",2022,13,0,7,"15861","Ventaquemada","Boyacá",1076,"LIGA DE GOBERNANTES ANTICORRUPCION","Presidencia 2da vuelta",4489,11254,"#f07605","LIGA DE GOBERNANTES ANTICORRUPCION"
"1559",2022,13,0,7,"15861","Ventaquemada","Boyacá",1235,"COALICION PACTO HISTORICO","Presidencia 2da vuelta",2761,11254,"#1b3383","COALICION PACTO HISTORICO"
"1560",2022,13,0,7,"15861","Ventaquemada","Boyacá",996,"VOTOS EN BLANCO","Presidencia 2da vuelta",169,11254,"#dddddd","OTROS"
"1561",2022,13,0,7,"15861","Ventaquemada","Boyacá",997,"VOTOS NULOS","Presidencia 2da vuelta",102,11254,"#808080","VOTOS NULOS"
"1562",2022,13,0,7,"15861","Ventaquemada","Boyacá",998,"VOTOS NO MARCADOS","Presidencia 2da vuelta",14,11254,"#dddddd","OTROS"
"1563",2022,13,0,7,"15879","Viracachá","Boyacá",1076,"LIGA DE GOBERNANTES ANTICORRUPCION","Presidencia 2da vuelta",1398,2518,"#f07605","LIGA DE GOBERNANTES ANTICORRUPCION"
"1564",2022,13,0,7,"15879","Viracachá","Boyacá",1235,"COALICION PACTO HISTORICO","Presidencia 2da vuelta",320,2518,"#1b3383","COALICION PACTO HISTORICO"
"1565",2022,13,0,7,"15879","Viracachá","Boyacá",997,"VOTOS NULOS","Presidencia 2da vuelta",21,2518,"#808080","VOTOS NULOS"
"1566",2022,13,0,7,"15879","Viracachá","Boyacá",996,"VOTOS EN BLANCO","Presidencia 2da vuelta",17,2518,"#dddddd","OTROS"
"1567",2022,13,0,7,"15879","Viracachá","Boyacá",998,"VOTOS NO MARCADOS","Presidencia 2da vuelta",2,2518,"#dddddd","OTROS"
"1568",2022,13,0,7,"15897","Zetaquira","Boyacá",1076,"LIGA DE GOBERNANTES ANTICORRUPCION","Presidencia 2da vuelta",1933,4374,"#f07605","LIGA DE GOBERNANTES ANTICORRUPCION"
"1569",2022,13,0,7,"15897","Zetaquira","Boyacá",1235,"COALICION PACTO HISTORICO","Presidencia 2da vuelta",892,4374,"#1b3383","COALICION PACTO HISTORICO"
"1570",2022,13,0,7,"15897","Zetaquira","Boyacá",996,"VOTOS EN BLANCO","Presidencia 2da vuelta",27,4374,"#dddddd","OTROS"
"1571",2022,13,0,7,"15897","Zetaquira","Boyacá",997,"VOTOS NULOS","Presidencia 2da vuelta",17,4374,"#808080","VOTOS NULOS"
"1572",2022,13,0,7,"15897","Zetaquira","Boyacá",998,"VOTOS NO MARCADOS","Presidencia 2da vuelta",4,4374,"#dddddd","OTROS"
"1573",2022,13,0,9,"17001","Manizales","Caldas",1076,"LIGA DE GOBERNANTES ANTICORRUPCION","Presidencia 2da vuelta",105612,5675,"#f07605","LIGA DE GOBERNANTES ANTICORRUPCION"
"1574",2022,13,0,9,"17001","Manizales","Caldas",1235,"COALICION PACTO HISTORICO","Presidencia 2da vuelta",101345,5675,"#1b3383","COALICION PACTO HISTORICO"
"1575",2022,13,0,9,"17001","Manizales","Caldas",996,"VOTOS EN BLANCO","Presidencia 2da vuelta",8236,5675,"#dddddd","OTROS"
"1576",2022,13,0,9,"17001","Manizales","Caldas",997,"VOTOS NULOS","Presidencia 2da vuelta",5419,5675,"#808080","VOTOS NULOS"
"1577",2022,13,0,9,"17001","Manizales","Caldas",998,"VOTOS NO MARCADOS","Presidencia 2da vuelta",308,5675,"#dddddd","OTROS"
"1578",2022,13,0,9,"17013","Aguadas","Caldas",1076,"LIGA DE GOBERNANTES ANTICORRUPCION","Presidencia 2da vuelta",8801,4278,"#f07605","LIGA DE GOBERNANTES ANTICORRUPCION"
"1579",2022,13,0,9,"17013","Aguadas","Caldas",1235,"COALICION PACTO HISTORICO","Presidencia 2da vuelta",1928,4278,"#1b3383","COALICION PACTO HISTORICO"
"1580",2022,13,0,9,"17013","Aguadas","Caldas",997,"VOTOS NULOS","Presidencia 2da vuelta",237,4278,"#808080","VOTOS NULOS"
"1581",2022,13,0,9,"17013","Aguadas","Caldas",996,"VOTOS EN BLANCO","Presidencia 2da vuelta",218,4278,"#dddddd","OTROS"
"1582",2022,13,0,9,"17013","Aguadas","Caldas",998,"VOTOS NO MARCADOS","Presidencia 2da vuelta",29,4278,"#dddddd","OTROS"
"1583",2022,13,0,9,"17042","Anserma","Caldas",1076,"LIGA DE GOBERNANTES ANTICORRUPCION","Presidencia 2da vuelta",10378,4342,"#f07605","LIGA DE GOBERNANTES ANTICORRUPCION"
"1584",2022,13,0,9,"17042","Anserma","Caldas",1235,"COALICION PACTO HISTORICO","Presidencia 2da vuelta",4941,4342,"#1b3383","COALICION PACTO HISTORICO"
"1585",2022,13,0,9,"17042","Anserma","Caldas",997,"VOTOS NULOS","Presidencia 2da vuelta",482,4342,"#808080","VOTOS NULOS"
"1586",2022,13,0,9,"17042","Anserma","Caldas",996,"VOTOS EN BLANCO","Presidencia 2da vuelta",427,4342,"#dddddd","OTROS"
"1587",2022,13,0,9,"17042","Anserma","Caldas",998,"VOTOS NO MARCADOS","Presidencia 2da vuelta",40,4342,"#dddddd","OTROS"
"1588",2022,13,0,9,"17050","Aranzazu","Caldas",1076,"LIGA DE GOBERNANTES ANTICORRUPCION","Presidencia 2da vuelta",4558,10848,"#f07605","LIGA DE GOBERNANTES ANTICORRUPCION"
"1589",2022,13,0,9,"17050","Aranzazu","Caldas",1235,"COALICION PACTO HISTORICO","Presidencia 2da vuelta",1232,10848,"#1b3383","COALICION PACTO HISTORICO"
"1590",2022,13,0,9,"17050","Aranzazu","Caldas",997,"VOTOS NULOS","Presidencia 2da vuelta",128,10848,"#808080","VOTOS NULOS"
"1591",2022,13,0,9,"17050","Aranzazu","Caldas",996,"VOTOS EN BLANCO","Presidencia 2da vuelta",124,10848,"#dddddd","OTROS"
"1592",2022,13,0,9,"17050","Aranzazu","Caldas",998,"VOTOS NO MARCADOS","Presidencia 2da vuelta",16,10848,"#dddddd","OTROS"
"1593",2022,13,0,9,"17088","Belalcázar","Caldas",1076,"LIGA DE GOBERNANTES ANTICORRUPCION","Presidencia 2da vuelta",3423,7620,"#f07605","LIGA DE GOBERNANTES ANTICORRUPCION"
"1594",2022,13,0,9,"17088","Belalcázar","Caldas",1235,"COALICION PACTO HISTORICO","Presidencia 2da vuelta",1690,7620,"#1b3383","COALICION PACTO HISTORICO"
"1595",2022,13,0,9,"17088","Belalcázar","Caldas",997,"VOTOS NULOS","Presidencia 2da vuelta",112,7620,"#808080","VOTOS NULOS"
"1596",2022,13,0,9,"17088","Belalcázar","Caldas",996,"VOTOS EN BLANCO","Presidencia 2da vuelta",108,7620,"#dddddd","OTROS"
"1597",2022,13,0,9,"17088","Belalcázar","Caldas",998,"VOTOS NO MARCADOS","Presidencia 2da vuelta",13,7620,"#dddddd","OTROS"
"1598",2022,13,0,9,"17174","Chinchiná","Caldas",1076,"LIGA DE GOBERNANTES ANTICORRUPCION","Presidencia 2da vuelta",13978,10073,"#f07605","LIGA DE GOBERNANTES ANTICORRUPCION"
"1599",2022,13,0,9,"17174","Chinchiná","Caldas",1235,"COALICION PACTO HISTORICO","Presidencia 2da vuelta",11107,10073,"#1b3383","COALICION PACTO HISTORICO"
"1600",2022,13,0,9,"17174","Chinchiná","Caldas",996,"VOTOS EN BLANCO","Presidencia 2da vuelta",772,10073,"#dddddd","OTROS"
"1601",2022,13,0,9,"17174","Chinchiná","Caldas",997,"VOTOS NULOS","Presidencia 2da vuelta",765,10073,"#808080","VOTOS NULOS"
"1602",2022,13,0,9,"17174","Chinchiná","Caldas",998,"VOTOS NO MARCADOS","Presidencia 2da vuelta",71,10073,"#dddddd","OTROS"
"1603",2022,13,0,9,"17272","Filadelfia","Caldas",1076,"LIGA DE GOBERNANTES ANTICORRUPCION","Presidencia 2da vuelta",3722,6147,"#f07605","LIGA DE GOBERNANTES ANTICORRUPCION"
"1604",2022,13,0,9,"17272","Filadelfia","Caldas",1235,"COALICION PACTO HISTORICO","Presidencia 2da vuelta",1176,6147,"#1b3383","COALICION PACTO HISTORICO"
"1605",2022,13,0,9,"17272","Filadelfia","Caldas",996,"VOTOS EN BLANCO","Presidencia 2da vuelta",115,6147,"#dddddd","OTROS"
"1606",2022,13,0,9,"17272","Filadelfia","Caldas",997,"VOTOS NULOS","Presidencia 2da vuelta",68,6147,"#808080","VOTOS NULOS"
"1607",2022,13,0,9,"17272","Filadelfia","Caldas",998,"VOTOS NO MARCADOS","Presidencia 2da vuelta",14,6147,"#dddddd","OTROS"
"1608",2022,13,0,9,"17380","La Dorada","Caldas",1076,"LIGA DE GOBERNANTES ANTICORRUPCION","Presidencia 2da vuelta",19540,10887,"#f07605","LIGA DE GOBERNANTES ANTICORRUPCION"
"1609",2022,13,0,9,"17380","La Dorada","Caldas",1235,"COALICION PACTO HISTORICO","Presidencia 2da vuelta",10088,10887,"#1b3383","COALICION PACTO HISTORICO"
"1610",2022,13,0,9,"17380","La Dorada","Caldas",997,"VOTOS NULOS","Presidencia 2da vuelta",873,10887,"#808080","VOTOS NULOS"
"1611",2022,13,0,9,"17380","La Dorada","Caldas",996,"VOTOS EN BLANCO","Presidencia 2da vuelta",630,10887,"#dddddd","OTROS"
"1612",2022,13,0,9,"17380","La Dorada","Caldas",998,"VOTOS NO MARCADOS","Presidencia 2da vuelta",48,10887,"#dddddd","OTROS"
"1613",2022,13,0,9,"17388","La Merced","Caldas",1076,"LIGA DE GOBERNANTES ANTICORRUPCION","Presidencia 2da vuelta",1983,3450,"#f07605","LIGA DE GOBERNANTES ANTICORRUPCION"
"1614",2022,13,0,9,"17388","La Merced","Caldas",1235,"COALICION PACTO HISTORICO","Presidencia 2da vuelta",743,3450,"#1b3383","COALICION PACTO HISTORICO"
"1615",2022,13,0,9,"17388","La Merced","Caldas",996,"VOTOS EN BLANCO","Presidencia 2da vuelta",83,3450,"#dddddd","OTROS"
"1616",2022,13,0,9,"17388","La Merced","Caldas",997,"VOTOS NULOS","Presidencia 2da vuelta",39,3450,"#808080","VOTOS NULOS"
"1617",2022,13,0,9,"17388","La Merced","Caldas",998,"VOTOS NO MARCADOS","Presidencia 2da vuelta",13,3450,"#dddddd","OTROS"
"1618",2022,13,0,9,"17433","Manzanares","Caldas",1076,"LIGA DE GOBERNANTES ANTICORRUPCION","Presidencia 2da vuelta",6070,13434,"#f07605","LIGA DE GOBERNANTES ANTICORRUPCION"
"1619",2022,13,0,9,"17433","Manzanares","Caldas",1235,"COALICION PACTO HISTORICO","Presidencia 2da vuelta",1765,13434,"#1b3383","COALICION PACTO HISTORICO"
"1620",2022,13,0,9,"17433","Manzanares","Caldas",996,"VOTOS EN BLANCO","Presidencia 2da vuelta",171,13434,"#dddddd","OTROS"
"1621",2022,13,0,9,"17433","Manzanares","Caldas",997,"VOTOS NULOS","Presidencia 2da vuelta",130,13434,"#808080","VOTOS NULOS"
"1622",2022,13,0,9,"17433","Manzanares","Caldas",998,"VOTOS NO MARCADOS","Presidencia 2da vuelta",23,13434,"#dddddd","OTROS"
"1623",2022,13,0,9,"17442","Marmato","Caldas",1076,"LIGA DE GOBERNANTES ANTICORRUPCION","Presidencia 2da vuelta",1832,1990,"#f07605","LIGA DE GOBERNANTES ANTICORRUPCION"
"1624",2022,13,0,9,"17442","Marmato","Caldas",1235,"COALICION PACTO HISTORICO","Presidencia 2da vuelta",1167,1990,"#1b3383","COALICION PACTO HISTORICO"
"1625",2022,13,0,9,"17442","Marmato","Caldas",996,"VOTOS EN BLANCO","Presidencia 2da vuelta",107,1990,"#dddddd","OTROS"
"1626",2022,13,0,9,"17442","Marmato","Caldas",997,"VOTOS NULOS","Presidencia 2da vuelta",99,1990,"#808080","VOTOS NULOS"
"1627",2022,13,0,9,"17442","Marmato","Caldas",998,"VOTOS NO MARCADOS","Presidencia 2da vuelta",12,1011,"#dddddd","OTROS"
"1628",2022,13,0,9,"17444","Marquetalia","Caldas",1076,"LIGA DE GOBERNANTES ANTICORRUPCION","Presidencia 2da vuelta",5100,10916,"#f07605","LIGA DE GOBERNANTES ANTICORRUPCION"
"1629",2022,13,0,9,"17444","Marquetalia","Caldas",1235,"COALICION PACTO HISTORICO","Presidencia 2da vuelta",1125,10916,"#1b3383","COALICION PACTO HISTORICO"
"1630",2022,13,0,9,"17444","Marquetalia","Caldas",996,"VOTOS EN BLANCO","Presidencia 2da vuelta",139,10916,"#dddddd","OTROS"
"1631",2022,13,0,9,"17444","Marquetalia","Caldas",997,"VOTOS NULOS","Presidencia 2da vuelta",77,10916,"#808080","VOTOS NULOS"
"1632",2022,13,0,9,"17444","Marquetalia","Caldas",998,"VOTOS NO MARCADOS","Presidencia 2da vuelta",16,10916,"#dddddd","OTROS"
"1633",2022,13,0,9,"17446","Marulanda","Caldas",1076,"LIGA DE GOBERNANTES ANTICORRUPCION","Presidencia 2da vuelta",814,1219,"#f07605","LIGA DE GOBERNANTES ANTICORRUPCION"
"1634",2022,13,0,9,"17446","Marulanda","Caldas",1235,"COALICION PACTO HISTORICO","Presidencia 2da vuelta",225,1219,"#1b3383","COALICION PACTO HISTORICO"
"1635",2022,13,0,9,"17446","Marulanda","Caldas",996,"VOTOS EN BLANCO","Presidencia 2da vuelta",39,1219,"#dddddd","OTROS"
"1636",2022,13,0,9,"17446","Marulanda","Caldas",997,"VOTOS NULOS","Presidencia 2da vuelta",27,1219,"#808080","VOTOS NULOS"
"1637",2022,13,0,9,"17446","Marulanda","Caldas",998,"VOTOS NO MARCADOS","Presidencia 2da vuelta",6,1219,"#dddddd","OTROS"
"1638",2022,13,0,9,"17486","Neira","Caldas",1076,"LIGA DE GOBERNANTES ANTICORRUPCION","Presidencia 2da vuelta",7371,13720,"#f07605","LIGA DE GOBERNANTES ANTICORRUPCION"
"1639",2022,13,0,9,"17486","Neira","Caldas",1235,"COALICION PACTO HISTORICO","Presidencia 2da vuelta",3175,13720,"#1b3383","COALICION PACTO HISTORICO"
"1640",2022,13,0,9,"17486","Neira","Caldas",997,"VOTOS NULOS","Presidencia 2da vuelta",301,13720,"#808080","VOTOS NULOS"
"1641",2022,13,0,9,"17486","Neira","Caldas",996,"VOTOS EN BLANCO","Presidencia 2da vuelta",300,13720,"#dddddd","OTROS"
"1642",2022,13,0,9,"17486","Neira","Caldas",998,"VOTOS NO MARCADOS","Presidencia 2da vuelta",48,13720,"#dddddd","OTROS"
"1643",2022,13,0,9,"17495","Norcasia","Caldas",1076,"LIGA DE GOBERNANTES ANTICORRUPCION","Presidencia 2da vuelta",2175,6415,"#f07605","LIGA DE GOBERNANTES ANTICORRUPCION"
"1644",2022,13,0,9,"17495","Norcasia","Caldas",1235,"COALICION PACTO HISTORICO","Presidencia 2da vuelta",1008,6415,"#1b3383","COALICION PACTO HISTORICO"
"1645",2022,13,0,9,"17495","Norcasia","Caldas",997,"VOTOS NULOS","Presidencia 2da vuelta",76,6415,"#808080","VOTOS NULOS"
"1646",2022,13,0,9,"17495","Norcasia","Caldas",996,"VOTOS EN BLANCO","Presidencia 2da vuelta",63,6415,"#dddddd","OTROS"
"1647",2022,13,0,9,"17495","Norcasia","Caldas",998,"VOTOS NO MARCADOS","Presidencia 2da vuelta",13,6415,"#dddddd","OTROS"
"1648",2022,13,0,9,"17513","Pácora","Caldas",1076,"LIGA DE GOBERNANTES ANTICORRUPCION","Presidencia 2da vuelta",5313,8348,"#f07605","LIGA DE GOBERNANTES ANTICORRUPCION"
"1649",2022,13,0,9,"17513","Pácora","Caldas",1235,"COALICION PACTO HISTORICO","Presidencia 2da vuelta",1326,8348,"#1b3383","COALICION PACTO HISTORICO"
"1650",2022,13,0,9,"17513","Pácora","Caldas",996,"VOTOS EN BLANCO","Presidencia 2da vuelta",204,8348,"#dddddd","OTROS"
"1651",2022,13,0,9,"17513","Pácora","Caldas",997,"VOTOS NULOS","Presidencia 2da vuelta",182,8348,"#808080","VOTOS NULOS"
"1652",2022,13,0,9,"17513","Pácora","Caldas",998,"VOTOS NO MARCADOS","Presidencia 2da vuelta",30,8348,"#dddddd","OTROS"
"1653",2022,13,0,9,"17524","Palestina","Caldas",1235,"COALICION PACTO HISTORICO","Presidencia 2da vuelta",4021,8654,"#1b3383","COALICION PACTO HISTORICO"
"1654",2022,13,0,9,"17524","Palestina","Caldas",1076,"LIGA DE GOBERNANTES ANTICORRUPCION","Presidencia 2da vuelta",3925,8654,"#f07605","LIGA DE GOBERNANTES ANTICORRUPCION"
"1655",2022,13,0,9,"17524","Palestina","Caldas",997,"VOTOS NULOS","Presidencia 2da vuelta",204,8654,"#808080","VOTOS NULOS"
"1656",2022,13,0,9,"17524","Palestina","Caldas",996,"VOTOS EN BLANCO","Presidencia 2da vuelta",179,8654,"#dddddd","OTROS"
"1657",2022,13,0,9,"17524","Palestina","Caldas",998,"VOTOS NO MARCADOS","Presidencia 2da vuelta",20,8654,"#dddddd","OTROS"
"1658",2022,13,0,9,"17541","Pensilvania","Caldas",1076,"LIGA DE GOBERNANTES ANTICORRUPCION","Presidencia 2da vuelta",6713,9284,"#f07605","LIGA DE GOBERNANTES ANTICORRUPCION"
"1659",2022,13,0,9,"17541","Pensilvania","Caldas",1235,"COALICION PACTO HISTORICO","Presidencia 2da vuelta",2062,9284,"#1b3383","COALICION PACTO HISTORICO"
"1660",2022,13,0,9,"17541","Pensilvania","Caldas",996,"VOTOS EN BLANCO","Presidencia 2da vuelta",257,9284,"#dddddd","OTROS"
"1661",2022,13,0,9,"17541","Pensilvania","Caldas",997,"VOTOS NULOS","Presidencia 2da vuelta",171,9284,"#808080","VOTOS NULOS"
"1662",2022,13,0,9,"17541","Pensilvania","Caldas",998,"VOTOS NO MARCADOS","Presidencia 2da vuelta",45,9284,"#dddddd","OTROS"
"1663",2022,13,0,9,"17614","Riosucio","Caldas",1076,"LIGA DE GOBERNANTES ANTICORRUPCION","Presidencia 2da vuelta",12083,4515,"#f07605","LIGA DE GOBERNANTES ANTICORRUPCION"
"1664",2022,13,0,9,"17614","Riosucio","Caldas",1235,"COALICION PACTO HISTORICO","Presidencia 2da vuelta",10033,4515,"#1b3383","COALICION PACTO HISTORICO"
"1665",2022,13,0,9,"17614","Riosucio","Caldas",996,"VOTOS EN BLANCO","Presidencia 2da vuelta",667,4515,"#dddddd","OTROS"
"1666",2022,13,0,9,"17614","Riosucio","Caldas",997,"VOTOS NULOS","Presidencia 2da vuelta",620,4515,"#808080","VOTOS NULOS"
"1667",2022,13,0,9,"17614","Riosucio","Caldas",998,"VOTOS NO MARCADOS","Presidencia 2da vuelta",82,4515,"#dddddd","OTROS"
"1668",2022,13,0,9,"17616","Risaralda","Caldas",1076,"LIGA DE GOBERNANTES ANTICORRUPCION","Presidencia 2da vuelta",3673,8937,"#f07605","LIGA DE GOBERNANTES ANTICORRUPCION"
"1669",2022,13,0,9,"17616","Risaralda","Caldas",1235,"COALICION PACTO HISTORICO","Presidencia 2da vuelta",1609,8937,"#1b3383","COALICION PACTO HISTORICO"
"1670",2022,13,0,9,"17616","Risaralda","Caldas",996,"VOTOS EN BLANCO","Presidencia 2da vuelta",116,8937,"#dddddd","OTROS"
"1671",2022,13,0,9,"17616","Risaralda","Caldas",997,"VOTOS NULOS","Presidencia 2da vuelta",113,8937,"#808080","VOTOS NULOS"
"1672",2022,13,0,9,"17616","Risaralda","Caldas",998,"VOTOS NO MARCADOS","Presidencia 2da vuelta",26,8937,"#dddddd","OTROS"
"1673",2022,13,0,9,"17653","Salamina","Caldas",1076,"LIGA DE GOBERNANTES ANTICORRUPCION","Presidencia 2da vuelta",5001,13339,"#f07605","LIGA DE GOBERNANTES ANTICORRUPCION"
"1674",2022,13,0,9,"17653","Salamina","Caldas",1235,"COALICION PACTO HISTORICO","Presidencia 2da vuelta",2310,13339,"#1b3383","COALICION PACTO HISTORICO"
"1675",2022,13,0,9,"17653","Salamina","Caldas",996,"VOTOS EN BLANCO","Presidencia 2da vuelta",210,13339,"#dddddd","OTROS"
"1676",2022,13,0,9,"17653","Salamina","Caldas",997,"VOTOS NULOS","Presidencia 2da vuelta",186,13339,"#808080","VOTOS NULOS"
"1677",2022,13,0,9,"17653","Salamina","Caldas",998,"VOTOS NO MARCADOS","Presidencia 2da vuelta",37,13339,"#dddddd","OTROS"
"1678",2022,13,0,9,"17662","Samaná","Caldas",1076,"LIGA DE GOBERNANTES ANTICORRUPCION","Presidencia 2da vuelta",6542,9314,"#f07605","LIGA DE GOBERNANTES ANTICORRUPCION"
"1679",2022,13,0,9,"17662","Samaná","Caldas",1235,"COALICION PACTO HISTORICO","Presidencia 2da vuelta",2075,9314,"#1b3383","COALICION PACTO HISTORICO"
"1680",2022,13,0,9,"17662","Samaná","Caldas",996,"VOTOS EN BLANCO","Presidencia 2da vuelta",163,9314,"#dddddd","OTROS"
"1681",2022,13,0,9,"17662","Samaná","Caldas",997,"VOTOS NULOS","Presidencia 2da vuelta",156,9314,"#808080","VOTOS NULOS"
"1682",2022,13,0,9,"17662","Samaná","Caldas",998,"VOTOS NO MARCADOS","Presidencia 2da vuelta",30,9314,"#dddddd","OTROS"
"1683",2022,13,0,9,"17665","San José","Caldas",1076,"LIGA DE GOBERNANTES ANTICORRUPCION","Presidencia 2da vuelta",1738,4736,"#f07605","LIGA DE GOBERNANTES ANTICORRUPCION"
"1684",2022,13,0,9,"17665","San José","Caldas",1235,"COALICION PACTO HISTORICO","Presidencia 2da vuelta",874,4736,"#1b3383","COALICION PACTO HISTORICO"
"1685",2022,13,0,9,"17665","San José","Caldas",996,"VOTOS EN BLANCO","Presidencia 2da vuelta",64,4736,"#dddddd","OTROS"
"1686",2022,13,0,9,"17665","San José","Caldas",997,"VOTOS NULOS","Presidencia 2da vuelta",43,4736,"#808080","VOTOS NULOS"
"1687",2022,13,0,9,"17665","San José","Caldas",998,"VOTOS NO MARCADOS","Presidencia 2da vuelta",3,4736,"#dddddd","OTROS"
"1688",2022,13,0,9,"17777","Supía","Caldas",1076,"LIGA DE GOBERNANTES ANTICORRUPCION","Presidencia 2da vuelta",7096,7144,"#f07605","LIGA DE GOBERNANTES ANTICORRUPCION"
"1689",2022,13,0,9,"17777","Supía","Caldas",1235,"COALICION PACTO HISTORICO","Presidencia 2da vuelta",4157,7144,"#1b3383","COALICION PACTO HISTORICO"
"1690",2022,13,0,9,"17777","Supía","Caldas",997,"VOTOS NULOS","Presidencia 2da vuelta",627,7144,"#808080","VOTOS NULOS"
"1691",2022,13,0,9,"17777","Supía","Caldas",996,"VOTOS EN BLANCO","Presidencia 2da vuelta",411,7144,"#dddddd","OTROS"
"1692",2022,13,0,9,"17777","Supía","Caldas",998,"VOTOS NO MARCADOS","Presidencia 2da vuelta",50,7144,"#dddddd","OTROS"
"1693",2022,13,0,9,"17867","Victoria","Caldas",1076,"LIGA DE GOBERNANTES ANTICORRUPCION","Presidencia 2da vuelta",3393,5998,"#f07605","LIGA DE GOBERNANTES ANTICORRUPCION"
"1694",2022,13,0,9,"17867","Victoria","Caldas",1235,"COALICION PACTO HISTORICO","Presidencia 2da vuelta",1198,5998,"#1b3383","COALICION PACTO HISTORICO"
"1695",2022,13,0,9,"17867","Victoria","Caldas",997,"VOTOS NULOS","Presidencia 2da vuelta",102,5998,"#808080","VOTOS NULOS"
"1696",2022,13,0,9,"17867","Victoria","Caldas",996,"VOTOS EN BLANCO","Presidencia 2da vuelta",96,5998,"#dddddd","OTROS"
"1697",2022,13,0,9,"17867","Victoria","Caldas",998,"VOTOS NO MARCADOS","Presidencia 2da vuelta",14,5998,"#dddddd","OTROS"
"1698",2022,13,0,9,"17873","Villamaría","Caldas",1076,"LIGA DE GOBERNANTES ANTICORRUPCION","Presidencia 2da vuelta",14237,3337,"#f07605","LIGA DE GOBERNANTES ANTICORRUPCION"
"1699",2022,13,0,9,"17873","Villamaría","Caldas",1235,"COALICION PACTO HISTORICO","Presidencia 2da vuelta",12601,3337,"#1b3383","COALICION PACTO HISTORICO"
"1700",2022,13,0,9,"17873","Villamaría","Caldas",996,"VOTOS EN BLANCO","Presidencia 2da vuelta",932,3337,"#dddddd","OTROS"
"1701",2022,13,0,9,"17873","Villamaría","Caldas",997,"VOTOS NULOS","Presidencia 2da vuelta",795,3337,"#808080","VOTOS NULOS"
"1702",2022,13,0,9,"17873","Villamaría","Caldas",998,"VOTOS NO MARCADOS","Presidencia 2da vuelta",52,3337,"#dddddd","OTROS"
"1703",2022,13,0,9,"17877","Viterbo","Caldas",1076,"LIGA DE GOBERNANTES ANTICORRUPCION","Presidencia 2da vuelta",5441,13035,"#f07605","LIGA DE GOBERNANTES ANTICORRUPCION"
"1704",2022,13,0,9,"17877","Viterbo","Caldas",1235,"COALICION PACTO HISTORICO","Presidencia 2da vuelta",1920,13035,"#1b3383","COALICION PACTO HISTORICO"
"1705",2022,13,0,9,"17877","Viterbo","Caldas",996,"VOTOS EN BLANCO","Presidencia 2da vuelta",189,13035,"#dddddd","OTROS"
"1706",2022,13,0,9,"17877","Viterbo","Caldas",997,"VOTOS NULOS","Presidencia 2da vuelta",137,13035,"#808080","VOTOS NULOS"
"1707",2022,13,0,9,"17877","Viterbo","Caldas",998,"VOTOS NO MARCADOS","Presidencia 2da vuelta",12,13035,"#dddddd","OTROS"
"1708",2022,13,0,11,"19001","Popayán","Cauca",1235,"COALICION PACTO HISTORICO","Presidencia 2da vuelta",121293,8623,"#1b3383","COALICION PACTO HISTORICO"
"1709",2022,13,0,11,"19001","Popayán","Cauca",1076,"LIGA DE GOBERNANTES ANTICORRUPCION","Presidencia 2da vuelta",42328,8623,"#f07605","LIGA DE GOBERNANTES ANTICORRUPCION"
"1710",2022,13,0,11,"19001","Popayán","Cauca",996,"VOTOS EN BLANCO","Presidencia 2da vuelta",4268,8623,"#dddddd","OTROS"
"1711",2022,13,0,11,"19001","Popayán","Cauca",997,"VOTOS NULOS","Presidencia 2da vuelta",2740,8623,"#808080","VOTOS NULOS"
"1712",2022,13,0,11,"19001","Popayán","Cauca",998,"VOTOS NO MARCADOS","Presidencia 2da vuelta",198,8623,"#dddddd","OTROS"
"1713",2022,13,0,11,"19022","Almaguer","Cauca",1235,"COALICION PACTO HISTORICO","Presidencia 2da vuelta",7708,4989,"#1b3383","COALICION PACTO HISTORICO"
"1714",2022,13,0,11,"19022","Almaguer","Cauca",1076,"LIGA DE GOBERNANTES ANTICORRUPCION","Presidencia 2da vuelta",398,4989,"#f07605","LIGA DE GOBERNANTES ANTICORRUPCION"
"1715",2022,13,0,11,"19022","Almaguer","Cauca",996,"VOTOS EN BLANCO","Presidencia 2da vuelta",53,4989,"#dddddd","OTROS"
"1716",2022,13,0,11,"19022","Almaguer","Cauca",997,"VOTOS NULOS","Presidencia 2da vuelta",52,4989,"#808080","VOTOS NULOS"
"1717",2022,13,0,11,"19022","Almaguer","Cauca",998,"VOTOS NO MARCADOS","Presidencia 2da vuelta",20,4989,"#dddddd","OTROS"
"1718",2022,13,0,11,"19050","Argelia","Cauca",1235,"COALICION PACTO HISTORICO","Presidencia 2da vuelta",14588,7575,"#1b3383","COALICION PACTO HISTORICO"
"1719",2022,13,0,11,"19050","Argelia","Cauca",1076,"LIGA DE GOBERNANTES ANTICORRUPCION","Presidencia 2da vuelta",740,7575,"#f07605","LIGA DE GOBERNANTES ANTICORRUPCION"
"1720",2022,13,0,11,"19050","Argelia","Cauca",997,"VOTOS NULOS","Presidencia 2da vuelta",353,7575,"#808080","VOTOS NULOS"
"1721",2022,13,0,11,"19050","Argelia","Cauca",996,"VOTOS EN BLANCO","Presidencia 2da vuelta",283,7575,"#dddddd","OTROS"
"1722",2022,13,0,11,"19050","Argelia","Cauca",998,"VOTOS NO MARCADOS","Presidencia 2da vuelta",23,7575,"#dddddd","OTROS"
"1723",2022,13,0,11,"19075","Balboa","Cauca",1235,"COALICION PACTO HISTORICO","Presidencia 2da vuelta",10245,9624,"#1b3383","COALICION PACTO HISTORICO"
"1724",2022,13,0,11,"19075","Balboa","Cauca",1076,"LIGA DE GOBERNANTES ANTICORRUPCION","Presidencia 2da vuelta",884,9624,"#f07605","LIGA DE GOBERNANTES ANTICORRUPCION"
"1725",2022,13,0,11,"19075","Balboa","Cauca",997,"VOTOS NULOS","Presidencia 2da vuelta",261,9624,"#808080","VOTOS NULOS"
"1726",2022,13,0,11,"19075","Balboa","Cauca",996,"VOTOS EN BLANCO","Presidencia 2da vuelta",210,9624,"#dddddd","OTROS"
"1727",2022,13,0,11,"19075","Balboa","Cauca",998,"VOTOS NO MARCADOS","Presidencia 2da vuelta",25,9624,"#dddddd","OTROS"
"1728",2022,13,0,11,"19100","Bolívar","Cauca",1235,"COALICION PACTO HISTORICO","Presidencia 2da vuelta",17253,7344,"#1b3383","COALICION PACTO HISTORICO"
"1729",2022,13,0,11,"19100","Bolívar","Cauca",1076,"LIGA DE GOBERNANTES ANTICORRUPCION","Presidencia 2da vuelta",1451,7344,"#f07605","LIGA DE GOBERNANTES ANTICORRUPCION"
"1730",2022,13,0,11,"19100","Bolívar","Cauca",997,"VOTOS NULOS","Presidencia 2da vuelta",205,7344,"#808080","VOTOS NULOS"
"1731",2022,13,0,11,"19100","Bolívar","Cauca",996,"VOTOS EN BLANCO","Presidencia 2da vuelta",199,7344,"#dddddd","OTROS"
"1732",2022,13,0,11,"19100","Bolívar","Cauca",998,"VOTOS NO MARCADOS","Presidencia 2da vuelta",45,7344,"#dddddd","OTROS"
"1733",2022,13,0,11,"19110","Buenos Aires","Cauca",1235,"COALICION PACTO HISTORICO","Presidencia 2da vuelta",7616,3690,"#1b3383","COALICION PACTO HISTORICO"
"1734",2022,13,0,11,"19110","Buenos Aires","Cauca",1076,"LIGA DE GOBERNANTES ANTICORRUPCION","Presidencia 2da vuelta",3042,3690,"#f07605","LIGA DE GOBERNANTES ANTICORRUPCION"
"1735",2022,13,0,11,"19110","Buenos Aires","Cauca",997,"VOTOS NULOS","Presidencia 2da vuelta",644,3690,"#808080","VOTOS NULOS"
"1736",2022,13,0,11,"19110","Buenos Aires","Cauca",996,"VOTOS EN BLANCO","Presidencia 2da vuelta",487,3690,"#dddddd","OTROS"
"1737",2022,13,0,11,"19110","Buenos Aires","Cauca",998,"VOTOS NO MARCADOS","Presidencia 2da vuelta",136,3690,"#dddddd","OTROS"
"1738",2022,13,0,11,"19130","Cajibío","Cauca",1235,"COALICION PACTO HISTORICO","Presidencia 2da vuelta",9630,6896,"#1b3383","COALICION PACTO HISTORICO"
"1739",2022,13,0,11,"19130","Cajibío","Cauca",1076,"LIGA DE GOBERNANTES ANTICORRUPCION","Presidencia 2da vuelta",4242,6896,"#f07605","LIGA DE GOBERNANTES ANTICORRUPCION"
"1740",2022,13,0,11,"19130","Cajibío","Cauca",997,"VOTOS NULOS","Presidencia 2da vuelta",524,6896,"#808080","VOTOS NULOS"
"1741",2022,13,0,11,"19130","Cajibío","Cauca",996,"VOTOS EN BLANCO","Presidencia 2da vuelta",467,6896,"#dddddd","OTROS"
"1742",2022,13,0,11,"19130","Cajibío","Cauca",998,"VOTOS NO MARCADOS","Presidencia 2da vuelta",82,6896,"#dddddd","OTROS"
"1743",2022,13,0,11,"19137","Caldono","Cauca",1235,"COALICION PACTO HISTORICO","Presidencia 2da vuelta",14939,6887,"#1b3383","COALICION PACTO HISTORICO"
"1744",2022,13,0,11,"19137","Caldono","Cauca",1076,"LIGA DE GOBERNANTES ANTICORRUPCION","Presidencia 2da vuelta",2045,6887,"#f07605","LIGA DE GOBERNANTES ANTICORRUPCION"
"1745",2022,13,0,11,"19137","Caldono","Cauca",996,"VOTOS EN BLANCO","Presidencia 2da vuelta",264,6887,"#dddddd","OTROS"
"1746",2022,13,0,11,"19137","Caldono","Cauca",997,"VOTOS NULOS","Presidencia 2da vuelta",262,6887,"#808080","VOTOS NULOS"
"1747",2022,13,0,11,"19137","Caldono","Cauca",998,"VOTOS NO MARCADOS","Presidencia 2da vuelta",53,6887,"#dddddd","OTROS"
"1748",2022,13,0,11,"19142","Caloto","Cauca",1235,"COALICION PACTO HISTORICO","Presidencia 2da vuelta",11312,11214,"#1b3383","COALICION PACTO HISTORICO"
"1749",2022,13,0,11,"19142","Caloto","Cauca",1076,"LIGA DE GOBERNANTES ANTICORRUPCION","Presidencia 2da vuelta",2417,11214,"#f07605","LIGA DE GOBERNANTES ANTICORRUPCION"
"1750",2022,13,0,11,"19142","Caloto","Cauca",997,"VOTOS NULOS","Presidencia 2da vuelta",302,11214,"#808080","VOTOS NULOS"
"1751",2022,13,0,11,"19142","Caloto","Cauca",996,"VOTOS EN BLANCO","Presidencia 2da vuelta",232,11214,"#dddddd","OTROS"
"1752",2022,13,0,11,"19142","Caloto","Cauca",998,"VOTOS NO MARCADOS","Presidencia 2da vuelta",16,11214,"#dddddd","OTROS"
"1753",2022,13,0,11,"19212","Corinto","Cauca",1235,"COALICION PACTO HISTORICO","Presidencia 2da vuelta",11152,12840,"#1b3383","COALICION PACTO HISTORICO"
"1754",2022,13,0,11,"19212","Corinto","Cauca",1076,"LIGA DE GOBERNANTES ANTICORRUPCION","Presidencia 2da vuelta",1859,12840,"#f07605","LIGA DE GOBERNANTES ANTICORRUPCION"
"1755",2022,13,0,11,"19212","Corinto","Cauca",996,"VOTOS EN BLANCO","Presidencia 2da vuelta",273,12840,"#dddddd","OTROS"
"1756",2022,13,0,11,"19212","Corinto","Cauca",997,"VOTOS NULOS","Presidencia 2da vuelta",232,12840,"#808080","VOTOS NULOS"
"1757",2022,13,0,11,"19212","Corinto","Cauca",998,"VOTOS NO MARCADOS","Presidencia 2da vuelta",31,12840,"#dddddd","OTROS"
"1758",2022,13,0,11,"19256","El Tambo","Cauca",1235,"COALICION PACTO HISTORICO","Presidencia 2da vuelta",14006,7424,"#1b3383","COALICION PACTO HISTORICO"
"1759",2022,13,0,11,"19256","El Tambo","Cauca",1076,"LIGA DE GOBERNANTES ANTICORRUPCION","Presidencia 2da vuelta",5851,7424,"#f07605","LIGA DE GOBERNANTES ANTICORRUPCION"
"1760",2022,13,0,11,"19256","El Tambo","Cauca",997,"VOTOS NULOS","Presidencia 2da vuelta",720,7424,"#808080","VOTOS NULOS"
"1761",2022,13,0,11,"19256","El Tambo","Cauca",996,"VOTOS EN BLANCO","Presidencia 2da vuelta",684,7424,"#dddddd","OTROS"
"1762",2022,13,0,11,"19256","El Tambo","Cauca",998,"VOTOS NO MARCADOS","Presidencia 2da vuelta",141,7424,"#dddddd","OTROS"
"1763",2022,13,0,11,"19290","Florencia","Cauca",1235,"COALICION PACTO HISTORICO","Presidencia 2da vuelta",2610,4036,"#1b3383","COALICION PACTO HISTORICO"
"1764",2022,13,0,11,"19290","Florencia","Cauca",1076,"LIGA DE GOBERNANTES ANTICORRUPCION","Presidencia 2da vuelta",458,4036,"#f07605","LIGA DE GOBERNANTES ANTICORRUPCION"
"1765",2022,13,0,11,"19290","Florencia","Cauca",996,"VOTOS EN BLANCO","Presidencia 2da vuelta",71,4036,"#dddddd","OTROS"
"1766",2022,13,0,11,"19290","Florencia","Cauca",997,"VOTOS NULOS","Presidencia 2da vuelta",33,4036,"#808080","VOTOS NULOS"
"1767",2022,13,0,11,"19290","Florencia","Cauca",998,"VOTOS NO MARCADOS","Presidencia 2da vuelta",17,4036,"#dddddd","OTROS"
"1768",2022,13,0,11,"19300","Guachené","Cauca",1235,"COALICION PACTO HISTORICO","Presidencia 2da vuelta",8973,5273,"#1b3383","COALICION PACTO HISTORICO"
"1769",2022,13,0,11,"19300","Guachené","Cauca",1076,"LIGA DE GOBERNANTES ANTICORRUPCION","Presidencia 2da vuelta",1042,5273,"#f07605","LIGA DE GOBERNANTES ANTICORRUPCION"
"1770",2022,13,0,11,"19300","Guachené","Cauca",997,"VOTOS NULOS","Presidencia 2da vuelta",309,5273,"#808080","VOTOS NULOS"
"1771",2022,13,0,11,"19300","Guachené","Cauca",996,"VOTOS EN BLANCO","Presidencia 2da vuelta",183,5273,"#dddddd","OTROS"
"1772",2022,13,0,11,"19300","Guachené","Cauca",998,"VOTOS NO MARCADOS","Presidencia 2da vuelta",21,5273,"#dddddd","OTROS"
"1773",2022,13,0,11,"19318","Guapi","Cauca",1235,"COALICION PACTO HISTORICO","Presidencia 2da vuelta",7621,11361,"#1b3383","COALICION PACTO HISTORICO"
"1774",2022,13,0,11,"19318","Guapi","Cauca",1076,"LIGA DE GOBERNANTES ANTICORRUPCION","Presidencia 2da vuelta",413,11361,"#f07605","LIGA DE GOBERNANTES ANTICORRUPCION"
"1775",2022,13,0,11,"19318","Guapi","Cauca",996,"VOTOS EN BLANCO","Presidencia 2da vuelta",68,11361,"#dddddd","OTROS"
"1776",2022,13,0,11,"19318","Guapi","Cauca",997,"VOTOS NULOS","Presidencia 2da vuelta",56,11361,"#808080","VOTOS NULOS"
"1777",2022,13,0,11,"19318","Guapi","Cauca",998,"VOTOS NO MARCADOS","Presidencia 2da vuelta",2,11361,"#dddddd","OTROS"
"1778",2022,13,0,11,"19355","Inzá","Cauca",1235,"COALICION PACTO HISTORICO","Presidencia 2da vuelta",9235,5885,"#1b3383","COALICION PACTO HISTORICO"
"1779",2022,13,0,11,"19355","Inzá","Cauca",1076,"LIGA DE GOBERNANTES ANTICORRUPCION","Presidencia 2da vuelta",2235,5885,"#f07605","LIGA DE GOBERNANTES ANTICORRUPCION"
"1780",2022,13,0,11,"19355","Inzá","Cauca",996,"VOTOS EN BLANCO","Presidencia 2da vuelta",156,5885,"#dddddd","OTROS"
"1781",2022,13,0,11,"19355","Inzá","Cauca",997,"VOTOS NULOS","Presidencia 2da vuelta",137,5885,"#808080","VOTOS NULOS"
"1782",2022,13,0,11,"19355","Inzá","Cauca",998,"VOTOS NO MARCADOS","Presidencia 2da vuelta",21,5885,"#dddddd","OTROS"
"1783",2022,13,0,11,"19364","Jambaló","Cauca",1235,"COALICION PACTO HISTORICO","Presidencia 2da vuelta",7541,4001,"#1b3383","COALICION PACTO HISTORICO"
"1784",2022,13,0,11,"19364","Jambaló","Cauca",1076,"LIGA DE GOBERNANTES ANTICORRUPCION","Presidencia 2da vuelta",142,4001,"#f07605","LIGA DE GOBERNANTES ANTICORRUPCION"
"1785",2022,13,0,11,"19364","Jambaló","Cauca",996,"VOTOS EN BLANCO","Presidencia 2da vuelta",104,4001,"#dddddd","OTROS"
"1786",2022,13,0,11,"19364","Jambaló","Cauca",997,"VOTOS NULOS","Presidencia 2da vuelta",80,4001,"#808080","VOTOS NULOS"
"1787",2022,13,0,11,"19364","Jambaló","Cauca",998,"VOTOS NO MARCADOS","Presidencia 2da vuelta",9,4001,"#dddddd","OTROS"
"1788",2022,13,0,11,"19392","La Sierra","Cauca",1235,"COALICION PACTO HISTORICO","Presidencia 2da vuelta",3942,7888,"#1b3383","COALICION PACTO HISTORICO"
"1789",2022,13,0,11,"19392","La Sierra","Cauca",1076,"LIGA DE GOBERNANTES ANTICORRUPCION","Presidencia 2da vuelta",1415,7888,"#f07605","LIGA DE GOBERNANTES ANTICORRUPCION"
"1790",2022,13,0,11,"19392","La Sierra","Cauca",996,"VOTOS EN BLANCO","Presidencia 2da vuelta",125,7888,"#dddddd","OTROS"
"1791",2022,13,0,11,"19392","La Sierra","Cauca",997,"VOTOS NULOS","Presidencia 2da vuelta",101,7888,"#808080","VOTOS NULOS"
"1792",2022,13,0,11,"19392","La Sierra","Cauca",998,"VOTOS NO MARCADOS","Presidencia 2da vuelta",17,7888,"#dddddd","OTROS"
"1793",2022,13,0,11,"19397","La Vega","Cauca",1235,"COALICION PACTO HISTORICO","Presidencia 2da vuelta",7261,2571,"#1b3383","COALICION PACTO HISTORICO"
"1794",2022,13,0,11,"19397","La Vega","Cauca",1076,"LIGA DE GOBERNANTES ANTICORRUPCION","Presidencia 2da vuelta",1532,2571,"#f07605","LIGA DE GOBERNANTES ANTICORRUPCION"
"1795",2022,13,0,11,"19397","La Vega","Cauca",996,"VOTOS EN BLANCO","Presidencia 2da vuelta",98,2571,"#dddddd","OTROS"
"1796",2022,13,0,11,"19397","La Vega","Cauca",997,"VOTOS NULOS","Presidencia 2da vuelta",78,2571,"#808080","VOTOS NULOS"
"1797",2022,13,0,11,"19397","La Vega","Cauca",998,"VOTOS NO MARCADOS","Presidencia 2da vuelta",19,2571,"#dddddd","OTROS"
"1798",2022,13,0,11,"19418","López","Cauca",1235,"COALICION PACTO HISTORICO","Presidencia 2da vuelta",5266,2796,"#1b3383","COALICION PACTO HISTORICO"
"1799",2022,13,0,11,"19418","López","Cauca",1076,"LIGA DE GOBERNANTES ANTICORRUPCION","Presidencia 2da vuelta",537,2796,"#f07605","LIGA DE GOBERNANTES ANTICORRUPCION"
"1800",2022,13,0,11,"19418","López","Cauca",996,"VOTOS EN BLANCO","Presidencia 2da vuelta",56,2796,"#dddddd","OTROS"
"1801",2022,13,0,11,"19418","López","Cauca",997,"VOTOS NULOS","Presidencia 2da vuelta",33,2796,"#808080","VOTOS NULOS"
"1802",2022,13,0,11,"19418","López","Cauca",998,"VOTOS NO MARCADOS","Presidencia 2da vuelta",11,2796,"#dddddd","OTROS"
"1803",2022,13,0,11,"19450","Mercaderes","Cauca",1235,"COALICION PACTO HISTORICO","Presidencia 2da vuelta",7012,7261,"#1b3383","COALICION PACTO HISTORICO"
"1804",2022,13,0,11,"19450","Mercaderes","Cauca",1076,"LIGA DE GOBERNANTES ANTICORRUPCION","Presidencia 2da vuelta",871,7261,"#f07605","LIGA DE GOBERNANTES ANTICORRUPCION"
"1805",2022,13,0,11,"19450","Mercaderes","Cauca",997,"VOTOS NULOS","Presidencia 2da vuelta",102,7261,"#808080","VOTOS NULOS"
"1806",2022,13,0,11,"19450","Mercaderes","Cauca",996,"VOTOS EN BLANCO","Presidencia 2da vuelta",94,7261,"#dddddd","OTROS"
"1807",2022,13,0,11,"19450","Mercaderes","Cauca",998,"VOTOS NO MARCADOS","Presidencia 2da vuelta",21,7261,"#dddddd","OTROS"
"1808",2022,13,0,11,"19455","Miranda","Cauca",1235,"COALICION PACTO HISTORICO","Presidencia 2da vuelta",12188,16354,"#1b3383","COALICION PACTO HISTORICO"
"1809",2022,13,0,11,"19455","Miranda","Cauca",1076,"LIGA DE GOBERNANTES ANTICORRUPCION","Presidencia 2da vuelta",2359,16354,"#f07605","LIGA DE GOBERNANTES ANTICORRUPCION"
"1810",2022,13,0,11,"19455","Miranda","Cauca",996,"VOTOS EN BLANCO","Presidencia 2da vuelta",289,16354,"#dddddd","OTROS"
"1811",2022,13,0,11,"19455","Miranda","Cauca",997,"VOTOS NULOS","Presidencia 2da vuelta",260,16354,"#808080","VOTOS NULOS"
"1812",2022,13,0,11,"19455","Miranda","Cauca",998,"VOTOS NO MARCADOS","Presidencia 2da vuelta",17,16354,"#dddddd","OTROS"
"1813",2022,13,0,11,"19473","Morales","Cauca",1235,"COALICION PACTO HISTORICO","Presidencia 2da vuelta",9699,7030,"#1b3383","COALICION PACTO HISTORICO"
"1814",2022,13,0,11,"19473","Morales","Cauca",1076,"LIGA DE GOBERNANTES ANTICORRUPCION","Presidencia 2da vuelta",3530,7030,"#f07605","LIGA DE GOBERNANTES ANTICORRUPCION"
"1815",2022,13,0,11,"19473","Morales","Cauca",996,"VOTOS EN BLANCO","Presidencia 2da vuelta",452,7030,"#dddddd","OTROS"
"1816",2022,13,0,11,"19473","Morales","Cauca",997,"VOTOS NULOS","Presidencia 2da vuelta",304,7030,"#808080","VOTOS NULOS"
"1817",2022,13,0,11,"19473","Morales","Cauca",998,"VOTOS NO MARCADOS","Presidencia 2da vuelta",42,7030,"#dddddd","OTROS"
"1818",2022,13,0,11,"19513","Padilla","Cauca",1235,"COALICION PACTO HISTORICO","Presidencia 2da vuelta",3790,4387,"#1b3383","COALICION PACTO HISTORICO"
"1819",2022,13,0,11,"19513","Padilla","Cauca",1076,"LIGA DE GOBERNANTES ANTICORRUPCION","Presidencia 2da vuelta",588,4387,"#f07605","LIGA DE GOBERNANTES ANTICORRUPCION"
"1820",2022,13,0,11,"19513","Padilla","Cauca",997,"VOTOS NULOS","Presidencia 2da vuelta",143,4387,"#808080","VOTOS NULOS"
"1821",2022,13,0,11,"19513","Padilla","Cauca",996,"VOTOS EN BLANCO","Presidencia 2da vuelta",83,4387,"#dddddd","OTROS"
"1822",2022,13,0,11,"19513","Padilla","Cauca",998,"VOTOS NO MARCADOS","Presidencia 2da vuelta",9,4387,"#dddddd","OTROS"
"1823",2022,13,0,11,"19517","Paez","Cauca",1235,"COALICION PACTO HISTORICO","Presidencia 2da vuelta",11178,5363,"#1b3383","COALICION PACTO HISTORICO"
"1824",2022,13,0,11,"19517","Paez","Cauca",1076,"LIGA DE GOBERNANTES ANTICORRUPCION","Presidencia 2da vuelta",2052,5363,"#f07605","LIGA DE GOBERNANTES ANTICORRUPCION"
"1825",2022,13,0,11,"19517","Paez","Cauca",997,"VOTOS NULOS","Presidencia 2da vuelta",219,5363,"#808080","VOTOS NULOS"
"1826",2022,13,0,11,"19517","Paez","Cauca",996,"VOTOS EN BLANCO","Presidencia 2da vuelta",175,5363,"#dddddd","OTROS"
"1827",2022,13,0,11,"19517","Paez","Cauca",998,"VOTOS NO MARCADOS","Presidencia 2da vuelta",40,5363,"#dddddd","OTROS"
"1828",2022,13,0,11,"19532","Patía","Cauca",1235,"COALICION PACTO HISTORICO","Presidencia 2da vuelta",13427,12013,"#1b3383","COALICION PACTO HISTORICO"
"1829",2022,13,0,11,"19532","Patía","Cauca",1076,"LIGA DE GOBERNANTES ANTICORRUPCION","Presidencia 2da vuelta",2291,12013,"#f07605","LIGA DE GOBERNANTES ANTICORRUPCION"
"1830",2022,13,0,11,"19532","Patía","Cauca",996,"VOTOS EN BLANCO","Presidencia 2da vuelta",333,12013,"#dddddd","OTROS"
"1831",2022,13,0,11,"19532","Patía","Cauca",997,"VOTOS NULOS","Presidencia 2da vuelta",318,12013,"#808080","VOTOS NULOS"
"1832",2022,13,0,11,"19532","Patía","Cauca",998,"VOTOS NO MARCADOS","Presidencia 2da vuelta",59,12013,"#dddddd","OTROS"
"1833",2022,13,0,11,"19533","Piamonte","Cauca",1235,"COALICION PACTO HISTORICO","Presidencia 2da vuelta",1992,3539,"#1b3383","COALICION PACTO HISTORICO"
"1834",2022,13,0,11,"19533","Piamonte","Cauca",1076,"LIGA DE GOBERNANTES ANTICORRUPCION","Presidencia 2da vuelta",998,3539,"#f07605","LIGA DE GOBERNANTES ANTICORRUPCION"
"1835",2022,13,0,11,"19533","Piamonte","Cauca",996,"VOTOS EN BLANCO","Presidencia 2da vuelta",69,3539,"#dddddd","OTROS"
"1836",2022,13,0,11,"19533","Piamonte","Cauca",997,"VOTOS NULOS","Presidencia 2da vuelta",23,3539,"#808080","VOTOS NULOS"
"1837",2022,13,0,11,"19533","Piamonte","Cauca",998,"VOTOS NO MARCADOS","Presidencia 2da vuelta",7,3539,"#dddddd","OTROS"
"1838",2022,13,0,11,"19548","Piendamó","Cauca",1235,"COALICION PACTO HISTORICO","Presidencia 2da vuelta",11386,15773,"#1b3383","COALICION PACTO HISTORICO"
"1839",2022,13,0,11,"19548","Piendamó","Cauca",1076,"LIGA DE GOBERNANTES ANTICORRUPCION","Presidencia 2da vuelta",5871,15773,"#f07605","LIGA DE GOBERNANTES ANTICORRUPCION"
"1840",2022,13,0,11,"19548","Piendamó","Cauca",996,"VOTOS EN BLANCO","Presidencia 2da vuelta",543,15773,"#dddddd","OTROS"
"1841",2022,13,0,11,"19548","Piendamó","Cauca",997,"VOTOS NULOS","Presidencia 2da vuelta",422,15773,"#808080","VOTOS NULOS"
"1842",2022,13,0,11,"19548","Piendamó","Cauca",998,"VOTOS NO MARCADOS","Presidencia 2da vuelta",37,15773,"#dddddd","OTROS"
"1843",2022,13,0,11,"19573","Puerto Tejada","Cauca",1235,"COALICION PACTO HISTORICO","Presidencia 2da vuelta",19580,7507,"#1b3383","COALICION PACTO HISTORICO"
"1844",2022,13,0,11,"19573","Puerto Tejada","Cauca",1076,"LIGA DE GOBERNANTES ANTICORRUPCION","Presidencia 2da vuelta",2021,7507,"#f07605","LIGA DE GOBERNANTES ANTICORRUPCION"
"1845",2022,13,0,11,"19573","Puerto Tejada","Cauca",996,"VOTOS EN BLANCO","Presidencia 2da vuelta",406,7507,"#dddddd","OTROS"
"1846",2022,13,0,11,"19573","Puerto Tejada","Cauca",997,"VOTOS NULOS","Presidencia 2da vuelta",385,7507,"#808080","VOTOS NULOS"
"1847",2022,13,0,11,"19573","Puerto Tejada","Cauca",998,"VOTOS NO MARCADOS","Presidencia 2da vuelta",35,7507,"#dddddd","OTROS"
"1848",2022,13,0,11,"19585","Puracé","Cauca",1235,"COALICION PACTO HISTORICO","Presidencia 2da vuelta",4239,4262,"#1b3383","COALICION PACTO HISTORICO"
"1849",2022,13,0,11,"19585","Puracé","Cauca",1076,"LIGA DE GOBERNANTES ANTICORRUPCION","Presidencia 2da vuelta",1234,4262,"#f07605","LIGA DE GOBERNANTES ANTICORRUPCION"
"1850",2022,13,0,11,"19585","Puracé","Cauca",997,"VOTOS NULOS","Presidencia 2da vuelta",99,4262,"#808080","VOTOS NULOS"
"1851",2022,13,0,11,"19585","Puracé","Cauca",996,"VOTOS EN BLANCO","Presidencia 2da vuelta",90,4262,"#dddddd","OTROS"
"1852",2022,13,0,11,"19585","Puracé","Cauca",998,"VOTOS NO MARCADOS","Presidencia 2da vuelta",18,4262,"#dddddd","OTROS"
"1853",2022,13,0,11,"19622","Rosas","Cauca",1235,"COALICION PACTO HISTORICO","Presidencia 2da vuelta",3229,6112,"#1b3383","COALICION PACTO HISTORICO"
"1854",2022,13,0,11,"19622","Rosas","Cauca",1076,"LIGA DE GOBERNANTES ANTICORRUPCION","Presidencia 2da vuelta",1610,6112,"#f07605","LIGA DE GOBERNANTES ANTICORRUPCION"
"1855",2022,13,0,11,"19622","Rosas","Cauca",996,"VOTOS EN BLANCO","Presidencia 2da vuelta",100,6112,"#dddddd","OTROS"
"1856",2022,13,0,11,"19622","Rosas","Cauca",997,"VOTOS NULOS","Presidencia 2da vuelta",94,6112,"#808080","VOTOS NULOS"
"1857",2022,13,0,11,"19622","Rosas","Cauca",998,"VOTOS NO MARCADOS","Presidencia 2da vuelta",17,6112,"#dddddd","OTROS"
"1858",2022,13,0,11,"19693","San Sebastián","Cauca",1235,"COALICION PACTO HISTORICO","Presidencia 2da vuelta",3446,1494,"#1b3383","COALICION PACTO HISTORICO"
"1859",2022,13,0,11,"19693","San Sebastián","Cauca",1076,"LIGA DE GOBERNANTES ANTICORRUPCION","Presidencia 2da vuelta",582,1494,"#f07605","LIGA DE GOBERNANTES ANTICORRUPCION"
"1860",2022,13,0,11,"19693","San Sebastián","Cauca",996,"VOTOS EN BLANCO","Presidencia 2da vuelta",61,1494,"#dddddd","OTROS"
"1861",2022,13,0,11,"19693","San Sebastián","Cauca",997,"VOTOS NULOS","Presidencia 2da vuelta",33,1494,"#808080","VOTOS NULOS"
"1862",2022,13,0,11,"19693","San Sebastián","Cauca",998,"VOTOS NO MARCADOS","Presidencia 2da vuelta",10,1494,"#dddddd","OTROS"
"1863",2022,13,0,11,"19698","Santander de Quilichao","Cauca",1235,"COALICION PACTO HISTORICO","Presidencia 2da vuelta",40015,12556,"#1b3383","COALICION PACTO HISTORICO"
"1864",2022,13,0,11,"19698","Santander de Quilichao","Cauca",1076,"LIGA DE GOBERNANTES ANTICORRUPCION","Presidencia 2da vuelta",11332,12556,"#f07605","LIGA DE GOBERNANTES ANTICORRUPCION"
"1865",2022,13,0,11,"19698","Santander de Quilichao","Cauca",997,"VOTOS NULOS","Presidencia 2da vuelta",1451,12556,"#808080","VOTOS NULOS"
"1866",2022,13,0,11,"19698","Santander de Quilichao","Cauca",996,"VOTOS EN BLANCO","Presidencia 2da vuelta",1389,12556,"#dddddd","OTROS"
"1867",2022,13,0,11,"19698","Santander de Quilichao","Cauca",998,"VOTOS NO MARCADOS","Presidencia 2da vuelta",115,12556,"#dddddd","OTROS"
"1868",2022,13,0,11,"19701","Santa Rosa","Cauca",1235,"COALICION PACTO HISTORICO","Presidencia 2da vuelta",1707,1399,"#1b3383","COALICION PACTO HISTORICO"
"1869",2022,13,0,11,"19701","Santa Rosa","Cauca",1076,"LIGA DE GOBERNANTES ANTICORRUPCION","Presidencia 2da vuelta",501,1399,"#f07605","LIGA DE GOBERNANTES ANTICORRUPCION"
"1870",2022,13,0,11,"19701","Santa Rosa","Cauca",996,"VOTOS EN BLANCO","Presidencia 2da vuelta",36,1399,"#dddddd","OTROS"
"1871",2022,13,0,11,"19701","Santa Rosa","Cauca",997,"VOTOS NULOS","Presidencia 2da vuelta",12,1399,"#808080","VOTOS NULOS"
"1872",2022,13,0,11,"19701","Santa Rosa","Cauca",998,"VOTOS NO MARCADOS","Presidencia 2da vuelta",3,664,"#dddddd","OTROS"
"1873",2022,13,0,11,"19743","Silvia","Cauca",1235,"COALICION PACTO HISTORICO","Presidencia 2da vuelta",14711,10357,"#1b3383","COALICION PACTO HISTORICO"
"1874",2022,13,0,11,"19743","Silvia","Cauca",1076,"LIGA DE GOBERNANTES ANTICORRUPCION","Presidencia 2da vuelta",1711,10357,"#f07605","LIGA DE GOBERNANTES ANTICORRUPCION"
"1875",2022,13,0,11,"19743","Silvia","Cauca",996,"VOTOS EN BLANCO","Presidencia 2da vuelta",273,10357,"#dddddd","OTROS"
"1876",2022,13,0,11,"19743","Silvia","Cauca",997,"VOTOS NULOS","Presidencia 2da vuelta",194,10357,"#808080","VOTOS NULOS"
"1877",2022,13,0,11,"19743","Silvia","Cauca",998,"VOTOS NO MARCADOS","Presidencia 2da vuelta",42,10357,"#dddddd","OTROS"
"1878",2022,13,0,11,"19760","Sotará","Cauca",1235,"COALICION PACTO HISTORICO","Presidencia 2da vuelta",3149,1447,"#1b3383","COALICION PACTO HISTORICO"
"1879",2022,13,0,11,"19760","Sotará","Cauca",1076,"LIGA DE GOBERNANTES ANTICORRUPCION","Presidencia 2da vuelta",1088,1447,"#f07605","LIGA DE GOBERNANTES ANTICORRUPCION"
"1880",2022,13,0,11,"19760","Sotará","Cauca",996,"VOTOS EN BLANCO","Presidencia 2da vuelta",87,1447,"#dddddd","OTROS"
"1881",2022,13,0,11,"19760","Sotará","Cauca",997,"VOTOS NULOS","Presidencia 2da vuelta",78,1447,"#808080","VOTOS NULOS"
"1882",2022,13,0,11,"19760","Sotará","Cauca",998,"VOTOS NO MARCADOS","Presidencia 2da vuelta",20,1447,"#dddddd","OTROS"
"1883",2022,13,0,11,"19780","Suárez","Cauca",1235,"COALICION PACTO HISTORICO","Presidencia 2da vuelta",8715,8670,"#1b3383","COALICION PACTO HISTORICO"
"1884",2022,13,0,11,"19780","Suárez","Cauca",1076,"LIGA DE GOBERNANTES ANTICORRUPCION","Presidencia 2da vuelta",2392,8670,"#f07605","LIGA DE GOBERNANTES ANTICORRUPCION"
"1885",2022,13,0,11,"19780","Suárez","Cauca",997,"VOTOS NULOS","Presidencia 2da vuelta",598,8670,"#808080","VOTOS NULOS"
"1886",2022,13,0,11,"19780","Suárez","Cauca",996,"VOTOS EN BLANCO","Presidencia 2da vuelta",379,8670,"#dddddd","OTROS"
"1887",2022,13,0,11,"19780","Suárez","Cauca",998,"VOTOS NO MARCADOS","Presidencia 2da vuelta",47,8670,"#dddddd","OTROS"
"1888",2022,13,0,11,"19785","Sucre","Cauca",1235,"COALICION PACTO HISTORICO","Presidencia 2da vuelta",3956,2355,"#1b3383","COALICION PACTO HISTORICO"
"1889",2022,13,0,11,"19785","Sucre","Cauca",1076,"LIGA DE GOBERNANTES ANTICORRUPCION","Presidencia 2da vuelta",182,2355,"#f07605","LIGA DE GOBERNANTES ANTICORRUPCION"
"1890",2022,13,0,11,"19785","Sucre","Cauca",996,"VOTOS EN BLANCO","Presidencia 2da vuelta",31,2355,"#dddddd","OTROS"
"1891",2022,13,0,11,"19785","Sucre","Cauca",997,"VOTOS NULOS","Presidencia 2da vuelta",24,2355,"#808080","VOTOS NULOS"
"1892",2022,13,0,11,"19785","Sucre","Cauca",998,"VOTOS NO MARCADOS","Presidencia 2da vuelta",5,2355,"#dddddd","OTROS"
"1893",2022,13,0,11,"19807","Timbío","Cauca",1235,"COALICION PACTO HISTORICO","Presidencia 2da vuelta",11615,6605,"#1b3383","COALICION PACTO HISTORICO"
"1894",2022,13,0,11,"19807","Timbío","Cauca",1076,"LIGA DE GOBERNANTES ANTICORRUPCION","Presidencia 2da vuelta",5108,6605,"#f07605","LIGA DE GOBERNANTES ANTICORRUPCION"
"1895",2022,13,0,11,"19807","Timbío","Cauca",997,"VOTOS NULOS","Presidencia 2da vuelta",424,6605,"#808080","VOTOS NULOS"
"1896",2022,13,0,11,"19807","Timbío","Cauca",996,"VOTOS EN BLANCO","Presidencia 2da vuelta",411,6605,"#dddddd","OTROS"
"1897",2022,13,0,11,"19807","Timbío","Cauca",998,"VOTOS NO MARCADOS","Presidencia 2da vuelta",38,6605,"#dddddd","OTROS"
"1898",2022,13,0,11,"19809","Timbiquí","Cauca",1235,"COALICION PACTO HISTORICO","Presidencia 2da vuelta",8633,4642,"#1b3383","COALICION PACTO HISTORICO"
"1899",2022,13,0,11,"19809","Timbiquí","Cauca",1076,"LIGA DE GOBERNANTES ANTICORRUPCION","Presidencia 2da vuelta",110,4642,"#f07605","LIGA DE GOBERNANTES ANTICORRUPCION"
"1900",2022,13,0,11,"19809","Timbiquí","Cauca",997,"VOTOS NULOS","Presidencia 2da vuelta",20,4642,"#808080","VOTOS NULOS"
"1901",2022,13,0,11,"19809","Timbiquí","Cauca",996,"VOTOS EN BLANCO","Presidencia 2da vuelta",14,4642,"#dddddd","OTROS"
"1902",2022,13,0,11,"19821","Toribío","Cauca",1235,"COALICION PACTO HISTORICO","Presidencia 2da vuelta",14945,8116,"#1b3383","COALICION PACTO HISTORICO"
"1903",2022,13,0,11,"19821","Toribío","Cauca",1076,"LIGA DE GOBERNANTES ANTICORRUPCION","Presidencia 2da vuelta",673,8116,"#f07605","LIGA DE GOBERNANTES ANTICORRUPCION"
"1904",2022,13,0,11,"19821","Toribío","Cauca",996,"VOTOS EN BLANCO","Presidencia 2da vuelta",202,8116,"#dddddd","OTROS"
"1905",2022,13,0,11,"19821","Toribío","Cauca",997,"VOTOS NULOS","Presidencia 2da vuelta",190,8116,"#808080","VOTOS NULOS"
"1906",2022,13,0,11,"19821","Toribío","Cauca",998,"VOTOS NO MARCADOS","Presidencia 2da vuelta",27,8116,"#dddddd","OTROS"
"1907",2022,13,0,11,"19824","Totoró","Cauca",1235,"COALICION PACTO HISTORICO","Presidencia 2da vuelta",6760,5506,"#1b3383","COALICION PACTO HISTORICO"
"1908",2022,13,0,11,"19824","Totoró","Cauca",1076,"LIGA DE GOBERNANTES ANTICORRUPCION","Presidencia 2da vuelta",940,5506,"#f07605","LIGA DE GOBERNANTES ANTICORRUPCION"
"1909",2022,13,0,11,"19824","Totoró","Cauca",996,"VOTOS EN BLANCO","Presidencia 2da vuelta",89,5506,"#dddddd","OTROS"
"1910",2022,13,0,11,"19824","Totoró","Cauca",997,"VOTOS NULOS","Presidencia 2da vuelta",78,5506,"#808080","VOTOS NULOS"
"1911",2022,13,0,11,"19824","Totoró","Cauca",998,"VOTOS NO MARCADOS","Presidencia 2da vuelta",13,5506,"#dddddd","OTROS"
"1912",2022,13,0,11,"19845","Villa Rica","Cauca",1235,"COALICION PACTO HISTORICO","Presidencia 2da vuelta",9051,5448,"#1b3383","COALICION PACTO HISTORICO"
"1913",2022,13,0,11,"19845","Villa Rica","Cauca",1076,"LIGA DE GOBERNANTES ANTICORRUPCION","Presidencia 2da vuelta",879,5448,"#f07605","LIGA DE GOBERNANTES ANTICORRUPCION"
"1914",2022,13,0,11,"19845","Villa Rica","Cauca",997,"VOTOS NULOS","Presidencia 2da vuelta",197,5448,"#808080","VOTOS NULOS"
"1915",2022,13,0,11,"19845","Villa Rica","Cauca",996,"VOTOS EN BLANCO","Presidencia 2da vuelta",146,5448,"#dddddd","OTROS"
"1916",2022,13,0,11,"19845","Villa Rica","Cauca",998,"VOTOS NO MARCADOS","Presidencia 2da vuelta",15,5448,"#dddddd","OTROS"
"1917",2022,13,0,12,"20001","Valledupar","Cesar",1235,"COALICION PACTO HISTORICO","Presidencia 2da vuelta",105737,15519,"#1b3383","COALICION PACTO HISTORICO"
"1918",2022,13,0,12,"20001","Valledupar","Cesar",1076,"LIGA DE GOBERNANTES ANTICORRUPCION","Presidencia 2da vuelta",72856,15519,"#f07605","LIGA DE GOBERNANTES ANTICORRUPCION"
"1919",2022,13,0,12,"20001","Valledupar","Cesar",996,"VOTOS EN BLANCO","Presidencia 2da vuelta",3286,15519,"#dddddd","OTROS"
"1920",2022,13,0,12,"20001","Valledupar","Cesar",997,"VOTOS NULOS","Presidencia 2da vuelta",2139,15519,"#808080","VOTOS NULOS"
"1921",2022,13,0,12,"20001","Valledupar","Cesar",998,"VOTOS NO MARCADOS","Presidencia 2da vuelta",109,15519,"#dddddd","OTROS"
"1922",2022,13,0,12,"20011","Aguachica","Cesar",1076,"LIGA DE GOBERNANTES ANTICORRUPCION","Presidencia 2da vuelta",28479,6192,"#f07605","LIGA DE GOBERNANTES ANTICORRUPCION"
"1923",2022,13,0,12,"20011","Aguachica","Cesar",1235,"COALICION PACTO HISTORICO","Presidencia 2da vuelta",14996,6192,"#1b3383","COALICION PACTO HISTORICO"
"1924",2022,13,0,12,"20011","Aguachica","Cesar",996,"VOTOS EN BLANCO","Presidencia 2da vuelta",677,6192,"#dddddd","OTROS"
"1925",2022,13,0,12,"20011","Aguachica","Cesar",997,"VOTOS NULOS","Presidencia 2da vuelta",642,6192,"#808080","VOTOS NULOS"
"1926",2022,13,0,12,"20011","Aguachica","Cesar",998,"VOTOS NO MARCADOS","Presidencia 2da vuelta",27,6192,"#dddddd","OTROS"
"1927",2022,13,0,12,"20013","Agustín Codazzi","Cesar",1235,"COALICION PACTO HISTORICO","Presidencia 2da vuelta",15041,9673,"#1b3383","COALICION PACTO HISTORICO"
"1928",2022,13,0,12,"20013","Agustín Codazzi","Cesar",1076,"LIGA DE GOBERNANTES ANTICORRUPCION","Presidencia 2da vuelta",9767,9673,"#f07605","LIGA DE GOBERNANTES ANTICORRUPCION"
"1929",2022,13,0,12,"20013","Agustín Codazzi","Cesar",996,"VOTOS EN BLANCO","Presidencia 2da vuelta",342,9673,"#dddddd","OTROS"
"1930",2022,13,0,12,"20013","Agustín Codazzi","Cesar",997,"VOTOS NULOS","Presidencia 2da vuelta",335,9673,"#808080","VOTOS NULOS"
"1931",2022,13,0,12,"20013","Agustín Codazzi","Cesar",998,"VOTOS NO MARCADOS","Presidencia 2da vuelta",23,9673,"#dddddd","OTROS"
"1932",2022,13,0,12,"20032","Astrea","Cesar",1076,"LIGA DE GOBERNANTES ANTICORRUPCION","Presidencia 2da vuelta",3853,12051,"#f07605","LIGA DE GOBERNANTES ANTICORRUPCION"
"1933",2022,13,0,12,"20032","Astrea","Cesar",1235,"COALICION PACTO HISTORICO","Presidencia 2da vuelta",3566,12051,"#1b3383","COALICION PACTO HISTORICO"
"1934",2022,13,0,12,"20032","Astrea","Cesar",996,"VOTOS EN BLANCO","Presidencia 2da vuelta",81,12051,"#dddddd","OTROS"
"1935",2022,13,0,12,"20032","Astrea","Cesar",997,"VOTOS NULOS","Presidencia 2da vuelta",37,12051,"#808080","VOTOS NULOS"
"1936",2022,13,0,12,"20032","Astrea","Cesar",998,"VOTOS NO MARCADOS","Presidencia 2da vuelta",8,12051,"#dddddd","OTROS"
"1937",2022,13,0,12,"20045","Becerril","Cesar",1235,"COALICION PACTO HISTORICO","Presidencia 2da vuelta",5970,15985,"#1b3383","COALICION PACTO HISTORICO"
"1938",2022,13,0,12,"20045","Becerril","Cesar",1076,"LIGA DE GOBERNANTES ANTICORRUPCION","Presidencia 2da vuelta",2449,15985,"#f07605","LIGA DE GOBERNANTES ANTICORRUPCION"
"1939",2022,13,0,12,"20045","Becerril","Cesar",996,"VOTOS EN BLANCO","Presidencia 2da vuelta",123,15985,"#dddddd","OTROS"
"1940",2022,13,0,12,"20045","Becerril","Cesar",997,"VOTOS NULOS","Presidencia 2da vuelta",86,15985,"#808080","VOTOS NULOS"
"1941",2022,13,0,12,"20045","Becerril","Cesar",998,"VOTOS NO MARCADOS","Presidencia 2da vuelta",9,15985,"#dddddd","OTROS"
"1942",2022,13,0,12,"20060","Bosconia","Cesar",1235,"COALICION PACTO HISTORICO","Presidencia 2da vuelta",9387,10920,"#1b3383","COALICION PACTO HISTORICO"
"1943",2022,13,0,12,"20060","Bosconia","Cesar",1076,"LIGA DE GOBERNANTES ANTICORRUPCION","Presidencia 2da vuelta",6295,10920,"#f07605","LIGA DE GOBERNANTES ANTICORRUPCION"
"1944",2022,13,0,12,"20060","Bosconia","Cesar",996,"VOTOS EN BLANCO","Presidencia 2da vuelta",222,10920,"#dddddd","OTROS"
"1945",2022,13,0,12,"20060","Bosconia","Cesar",997,"VOTOS NULOS","Presidencia 2da vuelta",144,10920,"#808080","VOTOS NULOS"
"1946",2022,13,0,12,"20060","Bosconia","Cesar",998,"VOTOS NO MARCADOS","Presidencia 2da vuelta",16,10920,"#dddddd","OTROS"
"1947",2022,13,0,12,"20175","Chimichagua","Cesar",1076,"LIGA DE GOBERNANTES ANTICORRUPCION","Presidencia 2da vuelta",6315,13396,"#f07605","LIGA DE GOBERNANTES ANTICORRUPCION"
"1948",2022,13,0,12,"20175","Chimichagua","Cesar",1235,"COALICION PACTO HISTORICO","Presidencia 2da vuelta",5267,13396,"#1b3383","COALICION PACTO HISTORICO"
"1949",2022,13,0,12,"20175","Chimichagua","Cesar",996,"VOTOS EN BLANCO","Presidencia 2da vuelta",109,13396,"#dddddd","OTROS"
"1950",2022,13,0,12,"20175","Chimichagua","Cesar",997,"VOTOS NULOS","Presidencia 2da vuelta",90,13396,"#808080","VOTOS NULOS"
"1951",2022,13,0,12,"20175","Chimichagua","Cesar",998,"VOTOS NO MARCADOS","Presidencia 2da vuelta",15,13396,"#dddddd","OTROS"
"1952",2022,13,0,12,"20178","Chiriguaná","Cesar",1235,"COALICION PACTO HISTORICO","Presidencia 2da vuelta",7939,16898,"#1b3383","COALICION PACTO HISTORICO"
"1953",2022,13,0,12,"20178","Chiriguaná","Cesar",1076,"LIGA DE GOBERNANTES ANTICORRUPCION","Presidencia 2da vuelta",4698,16898,"#f07605","LIGA DE GOBERNANTES ANTICORRUPCION"
"1954",2022,13,0,12,"20178","Chiriguaná","Cesar",997,"VOTOS NULOS","Presidencia 2da vuelta",124,16898,"#808080","VOTOS NULOS"
"1955",2022,13,0,12,"20178","Chiriguaná","Cesar",996,"VOTOS EN BLANCO","Presidencia 2da vuelta",116,16898,"#dddddd","OTROS"
"1956",2022,13,0,12,"20178","Chiriguaná","Cesar",998,"VOTOS NO MARCADOS","Presidencia 2da vuelta",10,16898,"#dddddd","OTROS"
"1957",2022,13,0,12,"20228","Curumaní","Cesar",1235,"COALICION PACTO HISTORICO","Presidencia 2da vuelta",8541,7784,"#1b3383","COALICION PACTO HISTORICO"
"1958",2022,13,0,12,"20228","Curumaní","Cesar",1076,"LIGA DE GOBERNANTES ANTICORRUPCION","Presidencia 2da vuelta",6862,7784,"#f07605","LIGA DE GOBERNANTES ANTICORRUPCION"
"1959",2022,13,0,12,"20228","Curumaní","Cesar",996,"VOTOS EN BLANCO","Presidencia 2da vuelta",242,7784,"#dddddd","OTROS"
"1960",2022,13,0,12,"20228","Curumaní","Cesar",997,"VOTOS NULOS","Presidencia 2da vuelta",200,7784,"#808080","VOTOS NULOS"
"1961",2022,13,0,12,"20228","Curumaní","Cesar",998,"VOTOS NO MARCADOS","Presidencia 2da vuelta",17,7784,"#dddddd","OTROS"
"1962",2022,13,0,12,"20238","El Copey","Cesar",1235,"COALICION PACTO HISTORICO","Presidencia 2da vuelta",8782,5892,"#1b3383","COALICION PACTO HISTORICO"
"1963",2022,13,0,12,"20238","El Copey","Cesar",1076,"LIGA DE GOBERNANTES ANTICORRUPCION","Presidencia 2da vuelta",4085,5892,"#f07605","LIGA DE GOBERNANTES ANTICORRUPCION"
"1964",2022,13,0,12,"20238","El Copey","Cesar",996,"VOTOS EN BLANCO","Presidencia 2da vuelta",153,5892,"#dddddd","OTROS"
"1965",2022,13,0,12,"20238","El Copey","Cesar",997,"VOTOS NULOS","Presidencia 2da vuelta",83,5892,"#808080","VOTOS NULOS"
"1966",2022,13,0,12,"20238","El Copey","Cesar",998,"VOTOS NO MARCADOS","Presidencia 2da vuelta",10,5892,"#dddddd","OTROS"
"1967",2022,13,0,12,"20250","El Paso","Cesar",1235,"COALICION PACTO HISTORICO","Presidencia 2da vuelta",11038,7635,"#1b3383","COALICION PACTO HISTORICO"
"1968",2022,13,0,12,"20250","El Paso","Cesar",1076,"LIGA DE GOBERNANTES ANTICORRUPCION","Presidencia 2da vuelta",3478,7635,"#f07605","LIGA DE GOBERNANTES ANTICORRUPCION"
"1969",2022,13,0,12,"20250","El Paso","Cesar",996,"VOTOS EN BLANCO","Presidencia 2da vuelta",150,7635,"#dddddd","OTROS"
"1970",2022,13,0,12,"20250","El Paso","Cesar",997,"VOTOS NULOS","Presidencia 2da vuelta",111,7635,"#808080","VOTOS NULOS"
"1971",2022,13,0,12,"20250","El Paso","Cesar",998,"VOTOS NO MARCADOS","Presidencia 2da vuelta",7,7635,"#dddddd","OTROS"
"1972",2022,13,0,12,"20295","Gamarra","Cesar",1076,"LIGA DE GOBERNANTES ANTICORRUPCION","Presidencia 2da vuelta",4266,7141,"#f07605","LIGA DE GOBERNANTES ANTICORRUPCION"
"1973",2022,13,0,12,"20295","Gamarra","Cesar",1235,"COALICION PACTO HISTORICO","Presidencia 2da vuelta",2073,7141,"#1b3383","COALICION PACTO HISTORICO"
"1974",2022,13,0,12,"20295","Gamarra","Cesar",996,"VOTOS EN BLANCO","Presidencia 2da vuelta",60,7141,"#dddddd","OTROS"
"1975",2022,13,0,12,"20295","Gamarra","Cesar",997,"VOTOS NULOS","Presidencia 2da vuelta",27,7141,"#808080","VOTOS NULOS"
"1976",2022,13,0,12,"20295","Gamarra","Cesar",998,"VOTOS NO MARCADOS","Presidencia 2da vuelta",7,7141,"#dddddd","OTROS"
"1977",2022,13,0,12,"20310","González","Cesar",1076,"LIGA DE GOBERNANTES ANTICORRUPCION","Presidencia 2da vuelta",1906,2247,"#f07605","LIGA DE GOBERNANTES ANTICORRUPCION"
"1978",2022,13,0,12,"20310","González","Cesar",1235,"COALICION PACTO HISTORICO","Presidencia 2da vuelta",625,2247,"#1b3383","COALICION PACTO HISTORICO"
"1979",2022,13,0,12,"20310","González","Cesar",996,"VOTOS EN BLANCO","Presidencia 2da vuelta",26,2247,"#dddddd","OTROS"
"1980",2022,13,0,12,"20310","González","Cesar",997,"VOTOS NULOS","Presidencia 2da vuelta",18,2247,"#808080","VOTOS NULOS"
"1981",2022,13,0,12,"20310","González","Cesar",998,"VOTOS NO MARCADOS","Presidencia 2da vuelta",5,2247,"#dddddd","OTROS"
"1982",2022,13,0,12,"20383","La Gloria","Cesar",1076,"LIGA DE GOBERNANTES ANTICORRUPCION","Presidencia 2da vuelta",3754,4907,"#f07605","LIGA DE GOBERNANTES ANTICORRUPCION"
"1983",2022,13,0,12,"20383","La Gloria","Cesar",1235,"COALICION PACTO HISTORICO","Presidencia 2da vuelta",2692,4907,"#1b3383","COALICION PACTO HISTORICO"
"1984",2022,13,0,12,"20383","La Gloria","Cesar",996,"VOTOS EN BLANCO","Presidencia 2da vuelta",62,4907,"#dddddd","OTROS"
"1985",2022,13,0,12,"20383","La Gloria","Cesar",997,"VOTOS NULOS","Presidencia 2da vuelta",57,4907,"#808080","VOTOS NULOS"
"1986",2022,13,0,12,"20383","La Gloria","Cesar",998,"VOTOS NO MARCADOS","Presidencia 2da vuelta",3,4907,"#dddddd","OTROS"
"1987",2022,13,0,12,"20400","La Jagua de Ibirico","Cesar",1235,"COALICION PACTO HISTORICO","Presidencia 2da vuelta",12203,7040,"#1b3383","COALICION PACTO HISTORICO"
"1988",2022,13,0,12,"20400","La Jagua de Ibirico","Cesar",1076,"LIGA DE GOBERNANTES ANTICORRUPCION","Presidencia 2da vuelta",4669,7040,"#f07605","LIGA DE GOBERNANTES ANTICORRUPCION"
"1989",2022,13,0,12,"20400","La Jagua de Ibirico","Cesar",997,"VOTOS NULOS","Presidencia 2da vuelta",250,7040,"#808080","VOTOS NULOS"
"1990",2022,13,0,12,"20400","La Jagua de Ibirico","Cesar",996,"VOTOS EN BLANCO","Presidencia 2da vuelta",244,7040,"#dddddd","OTROS"
"1991",2022,13,0,12,"20400","La Jagua de Ibirico","Cesar",998,"VOTOS NO MARCADOS","Presidencia 2da vuelta",13,7040,"#dddddd","OTROS"
"1992",2022,13,0,12,"20443","Manaure","Cesar",1235,"COALICION PACTO HISTORICO","Presidencia 2da vuelta",2782,8037,"#1b3383","COALICION PACTO HISTORICO"
"1993",2022,13,0,12,"20443","Manaure","Cesar",1076,"LIGA DE GOBERNANTES ANTICORRUPCION","Presidencia 2da vuelta",2273,8037,"#f07605","LIGA DE GOBERNANTES ANTICORRUPCION"
"1994",2022,13,0,12,"20443","Manaure","Cesar",996,"VOTOS EN BLANCO","Presidencia 2da vuelta",58,8037,"#dddddd","OTROS"
"1995",2022,13,0,12,"20443","Manaure","Cesar",997,"VOTOS NULOS","Presidencia 2da vuelta",58,8037,"#808080","VOTOS NULOS"
"1996",2022,13,0,12,"20443","Manaure","Cesar",998,"VOTOS NO MARCADOS","Presidencia 2da vuelta",3,8037,"#dddddd","OTROS"
"1997",2022,13,0,12,"20517","Pailitas","Cesar",1076,"LIGA DE GOBERNANTES ANTICORRUPCION","Presidencia 2da vuelta",4972,13801,"#f07605","LIGA DE GOBERNANTES ANTICORRUPCION"
"1998",2022,13,0,12,"20517","Pailitas","Cesar",1235,"COALICION PACTO HISTORICO","Presidencia 2da vuelta",3592,13801,"#1b3383","COALICION PACTO HISTORICO"
"1999",2022,13,0,12,"20517","Pailitas","Cesar",996,"VOTOS EN BLANCO","Presidencia 2da vuelta",92,13801,"#dddddd","OTROS"
"2000",2022,13,0,12,"20517","Pailitas","Cesar",997,"VOTOS NULOS","Presidencia 2da vuelta",91,13801,"#808080","VOTOS NULOS"
"2001",2022,13,0,12,"20517","Pailitas","Cesar",998,"VOTOS NO MARCADOS","Presidencia 2da vuelta",3,13801,"#dddddd","OTROS"
"2002",2022,13,0,12,"20550","Pelaya","Cesar",1076,"LIGA DE GOBERNANTES ANTICORRUPCION","Presidencia 2da vuelta",6329,13413,"#f07605","LIGA DE GOBERNANTES ANTICORRUPCION"
"2003",2022,13,0,12,"20550","Pelaya","Cesar",1235,"COALICION PACTO HISTORICO","Presidencia 2da vuelta",2394,13413,"#1b3383","COALICION PACTO HISTORICO"
"2004",2022,13,0,12,"20550","Pelaya","Cesar",996,"VOTOS EN BLANCO","Presidencia 2da vuelta",84,13413,"#dddddd","OTROS"
"2005",2022,13,0,12,"20550","Pelaya","Cesar",997,"VOTOS NULOS","Presidencia 2da vuelta",54,13413,"#808080","VOTOS NULOS"
"2006",2022,13,0,12,"20550","Pelaya","Cesar",998,"VOTOS NO MARCADOS","Presidencia 2da vuelta",8,13413,"#dddddd","OTROS"
"2007",2022,13,0,12,"20570","Pueblo Bello","Cesar",1235,"COALICION PACTO HISTORICO","Presidencia 2da vuelta",5488,13756,"#1b3383","COALICION PACTO HISTORICO"
"2008",2022,13,0,12,"20570","Pueblo Bello","Cesar",1076,"LIGA DE GOBERNANTES ANTICORRUPCION","Presidencia 2da vuelta",3754,13756,"#f07605","LIGA DE GOBERNANTES ANTICORRUPCION"
"2009",2022,13,0,12,"20570","Pueblo Bello","Cesar",996,"VOTOS EN BLANCO","Presidencia 2da vuelta",138,13756,"#dddddd","OTROS"
"2010",2022,13,0,12,"20570","Pueblo Bello","Cesar",997,"VOTOS NULOS","Presidencia 2da vuelta",119,13756,"#808080","VOTOS NULOS"
"2011",2022,13,0,12,"20570","Pueblo Bello","Cesar",998,"VOTOS NO MARCADOS","Presidencia 2da vuelta",15,13756,"#dddddd","OTROS"
"2012",2022,13,0,12,"20614","Río de Oro","Cesar",1076,"LIGA DE GOBERNANTES ANTICORRUPCION","Presidencia 2da vuelta",6691,11630,"#f07605","LIGA DE GOBERNANTES ANTICORRUPCION"
"2013",2022,13,0,12,"20614","Río de Oro","Cesar",1235,"COALICION PACTO HISTORICO","Presidencia 2da vuelta",2865,11630,"#1b3383","COALICION PACTO HISTORICO"
"2014",2022,13,0,12,"20614","Río de Oro","Cesar",996,"VOTOS EN BLANCO","Presidencia 2da vuelta",156,11630,"#dddddd","OTROS"
"2015",2022,13,0,12,"20614","Río de Oro","Cesar",997,"VOTOS NULOS","Presidencia 2da vuelta",86,11630,"#808080","VOTOS NULOS"
"2016",2022,13,0,12,"20614","Río de Oro","Cesar",998,"VOTOS NO MARCADOS","Presidencia 2da vuelta",13,11630,"#dddddd","OTROS"
"2017",2022,13,0,12,"20621","La Paz","Cesar",1076,"LIGA DE GOBERNANTES ANTICORRUPCION","Presidencia 2da vuelta",6469,16589,"#f07605","LIGA DE GOBERNANTES ANTICORRUPCION"
"2018",2022,13,0,12,"20621","La Paz","Cesar",1235,"COALICION PACTO HISTORICO","Presidencia 2da vuelta",4684,16589,"#1b3383","COALICION PACTO HISTORICO"
"2019",2022,13,0,12,"20621","La Paz","Cesar",996,"VOTOS EN BLANCO","Presidencia 2da vuelta",145,16589,"#dddddd","OTROS"
"2020",2022,13,0,12,"20621","La Paz","Cesar",997,"VOTOS NULOS","Presidencia 2da vuelta",86,16589,"#808080","VOTOS NULOS"
"2021",2022,13,0,12,"20621","La Paz","Cesar",998,"VOTOS NO MARCADOS","Presidencia 2da vuelta",14,16589,"#dddddd","OTROS"
"2022",2022,13,0,12,"20710","San Alberto","Cesar",1076,"LIGA DE GOBERNANTES ANTICORRUPCION","Presidencia 2da vuelta",7342,16749,"#f07605","LIGA DE GOBERNANTES ANTICORRUPCION"
"2023",2022,13,0,12,"20710","San Alberto","Cesar",1235,"COALICION PACTO HISTORICO","Presidencia 2da vuelta",4089,16749,"#1b3383","COALICION PACTO HISTORICO"
"2024",2022,13,0,12,"20710","San Alberto","Cesar",996,"VOTOS EN BLANCO","Presidencia 2da vuelta",115,16749,"#dddddd","OTROS"
"2025",2022,13,0,12,"20710","San Alberto","Cesar",997,"VOTOS NULOS","Presidencia 2da vuelta",111,16749,"#808080","VOTOS NULOS"
"2026",2022,13,0,12,"20710","San Alberto","Cesar",998,"VOTOS NO MARCADOS","Presidencia 2da vuelta",12,16749,"#dddddd","OTROS"
"2027",2022,13,0,12,"20750","San Diego","Cesar",1076,"LIGA DE GOBERNANTES ANTICORRUPCION","Presidencia 2da vuelta",4332,10833,"#f07605","LIGA DE GOBERNANTES ANTICORRUPCION"
"2028",2022,13,0,12,"20750","San Diego","Cesar",1235,"COALICION PACTO HISTORICO","Presidencia 2da vuelta",4039,10833,"#1b3383","COALICION PACTO HISTORICO"
"2029",2022,13,0,12,"20750","San Diego","Cesar",996,"VOTOS EN BLANCO","Presidencia 2da vuelta",123,10833,"#dddddd","OTROS"
"2030",2022,13,0,12,"20750","San Diego","Cesar",997,"VOTOS NULOS","Presidencia 2da vuelta",77,10833,"#808080","VOTOS NULOS"
"2031",2022,13,0,12,"20750","San Diego","Cesar",998,"VOTOS NO MARCADOS","Presidencia 2da vuelta",6,10833,"#dddddd","OTROS"
"2032",2022,13,0,12,"20770","San Martín","Cesar",1076,"LIGA DE GOBERNANTES ANTICORRUPCION","Presidencia 2da vuelta",7355,12649,"#f07605","LIGA DE GOBERNANTES ANTICORRUPCION"
"2033",2022,13,0,12,"20770","San Martín","Cesar",1235,"COALICION PACTO HISTORICO","Presidencia 2da vuelta",3959,12649,"#1b3383","COALICION PACTO HISTORICO"
"2034",2022,13,0,12,"20770","San Martín","Cesar",997,"VOTOS NULOS","Presidencia 2da vuelta",161,12649,"#808080","VOTOS NULOS"
"2035",2022,13,0,12,"20770","San Martín","Cesar",996,"VOTOS EN BLANCO","Presidencia 2da vuelta",137,12649,"#dddddd","OTROS"
"2036",2022,13,0,12,"20770","San Martín","Cesar",998,"VOTOS NO MARCADOS","Presidencia 2da vuelta",10,12649,"#dddddd","OTROS"
"2037",2022,13,0,12,"20787","Tamalameque","Cesar",1235,"COALICION PACTO HISTORICO","Presidencia 2da vuelta",2992,5769,"#1b3383","COALICION PACTO HISTORICO"
"2038",2022,13,0,12,"20787","Tamalameque","Cesar",1076,"LIGA DE GOBERNANTES ANTICORRUPCION","Presidencia 2da vuelta",2686,5769,"#f07605","LIGA DE GOBERNANTES ANTICORRUPCION"
"2039",2022,13,0,12,"20787","Tamalameque","Cesar",996,"VOTOS EN BLANCO","Presidencia 2da vuelta",42,5769,"#dddddd","OTROS"
"2040",2022,13,0,12,"20787","Tamalameque","Cesar",997,"VOTOS NULOS","Presidencia 2da vuelta",26,5769,"#808080","VOTOS NULOS"
"2041",2022,13,0,12,"20787","Tamalameque","Cesar",998,"VOTOS NO MARCADOS","Presidencia 2da vuelta",8,5769,"#dddddd","OTROS"
"2042",2022,13,0,13,"23001","Montería","Córdoba",1235,"COALICION PACTO HISTORICO","Presidencia 2da vuelta",111607,12342,"#1b3383","COALICION PACTO HISTORICO"
"2043",2022,13,0,13,"23001","Montería","Córdoba",1076,"LIGA DE GOBERNANTES ANTICORRUPCION","Presidencia 2da vuelta",78279,12342,"#f07605","LIGA DE GOBERNANTES ANTICORRUPCION"
"2044",2022,13,0,13,"23001","Montería","Córdoba",996,"VOTOS EN BLANCO","Presidencia 2da vuelta",3608,12342,"#dddddd","OTROS"
"2045",2022,13,0,13,"23001","Montería","Córdoba",997,"VOTOS NULOS","Presidencia 2da vuelta",1669,12342,"#808080","VOTOS NULOS"
"2046",2022,13,0,13,"23001","Montería","Córdoba",998,"VOTOS NO MARCADOS","Presidencia 2da vuelta",153,12342,"#dddddd","OTROS"
"2047",2022,13,0,13,"23068","Ayapel","Córdoba",1235,"COALICION PACTO HISTORICO","Presidencia 2da vuelta",7963,5288,"#1b3383","COALICION PACTO HISTORICO"
"2048",2022,13,0,13,"23068","Ayapel","Córdoba",1076,"LIGA DE GOBERNANTES ANTICORRUPCION","Presidencia 2da vuelta",6572,5288,"#f07605","LIGA DE GOBERNANTES ANTICORRUPCION"
"2049",2022,13,0,13,"23068","Ayapel","Córdoba",996,"VOTOS EN BLANCO","Presidencia 2da vuelta",221,5288,"#dddddd","OTROS"
"2050",2022,13,0,13,"23068","Ayapel","Córdoba",997,"VOTOS NULOS","Presidencia 2da vuelta",154,5288,"#808080","VOTOS NULOS"
"2051",2022,13,0,13,"23068","Ayapel","Córdoba",998,"VOTOS NO MARCADOS","Presidencia 2da vuelta",20,5288,"#dddddd","OTROS"
"2052",2022,13,0,13,"23079","Buenavista","Córdoba",1235,"COALICION PACTO HISTORICO","Presidencia 2da vuelta",5724,10796,"#1b3383","COALICION PACTO HISTORICO"
"2053",2022,13,0,13,"23079","Buenavista","Córdoba",1076,"LIGA DE GOBERNANTES ANTICORRUPCION","Presidencia 2da vuelta",3148,10796,"#f07605","LIGA DE GOBERNANTES ANTICORRUPCION"
"2054",2022,13,0,13,"23079","Buenavista","Córdoba",996,"VOTOS EN BLANCO","Presidencia 2da vuelta",149,10796,"#dddddd","OTROS"
"2055",2022,13,0,13,"23079","Buenavista","Córdoba",997,"VOTOS NULOS","Presidencia 2da vuelta",77,10796,"#808080","VOTOS NULOS"
"2056",2022,13,0,13,"23079","Buenavista","Córdoba",998,"VOTOS NO MARCADOS","Presidencia 2da vuelta",26,10796,"#dddddd","OTROS"
"2057",2022,13,0,13,"23090","Canalete","Córdoba",1235,"COALICION PACTO HISTORICO","Presidencia 2da vuelta",4917,7739,"#1b3383","COALICION PACTO HISTORICO"
"2058",2022,13,0,13,"23090","Canalete","Córdoba",1076,"LIGA DE GOBERNANTES ANTICORRUPCION","Presidencia 2da vuelta",3429,7739,"#f07605","LIGA DE GOBERNANTES ANTICORRUPCION"
"2059",2022,13,0,13,"23090","Canalete","Córdoba",996,"VOTOS EN BLANCO","Presidencia 2da vuelta",74,7739,"#dddddd","OTROS"
"2060",2022,13,0,13,"23090","Canalete","Córdoba",997,"VOTOS NULOS","Presidencia 2da vuelta",38,7739,"#808080","VOTOS NULOS"
"2061",2022,13,0,13,"23090","Canalete","Córdoba",998,"VOTOS NO MARCADOS","Presidencia 2da vuelta",9,7739,"#dddddd","OTROS"
"2062",2022,13,0,13,"23162","Cereté","Córdoba",1235,"COALICION PACTO HISTORICO","Presidencia 2da vuelta",29291,9169,"#1b3383","COALICION PACTO HISTORICO"
"2063",2022,13,0,13,"23162","Cereté","Córdoba",1076,"LIGA DE GOBERNANTES ANTICORRUPCION","Presidencia 2da vuelta",14972,9169,"#f07605","LIGA DE GOBERNANTES ANTICORRUPCION"
"2064",2022,13,0,13,"23162","Cereté","Córdoba",996,"VOTOS EN BLANCO","Presidencia 2da vuelta",802,9169,"#dddddd","OTROS"
"2065",2022,13,0,13,"23162","Cereté","Córdoba",997,"VOTOS NULOS","Presidencia 2da vuelta",430,9169,"#808080","VOTOS NULOS"
"2066",2022,13,0,13,"23162","Cereté","Córdoba",998,"VOTOS NO MARCADOS","Presidencia 2da vuelta",58,9169,"#dddddd","OTROS"
"2067",2022,13,0,13,"23168","Chimá","Córdoba",1235,"COALICION PACTO HISTORICO","Presidencia 2da vuelta",4458,4719,"#1b3383","COALICION PACTO HISTORICO"
"2068",2022,13,0,13,"23168","Chimá","Córdoba",1076,"LIGA DE GOBERNANTES ANTICORRUPCION","Presidencia 2da vuelta",3257,4719,"#f07605","LIGA DE GOBERNANTES ANTICORRUPCION"
"2069",2022,13,0,13,"23168","Chimá","Córdoba",996,"VOTOS EN BLANCO","Presidencia 2da vuelta",72,4719,"#dddddd","OTROS"
"2070",2022,13,0,13,"23168","Chimá","Córdoba",997,"VOTOS NULOS","Presidencia 2da vuelta",26,4719,"#808080","VOTOS NULOS"
"2071",2022,13,0,13,"23168","Chimá","Córdoba",998,"VOTOS NO MARCADOS","Presidencia 2da vuelta",6,4719,"#dddddd","OTROS"
"2072",2022,13,0,13,"23182","Chinú","Córdoba",1076,"LIGA DE GOBERNANTES ANTICORRUPCION","Presidencia 2da vuelta",12516,6473,"#f07605","LIGA DE GOBERNANTES ANTICORRUPCION"
"2073",2022,13,0,13,"23182","Chinú","Córdoba",1235,"COALICION PACTO HISTORICO","Presidencia 2da vuelta",11031,6473,"#1b3383","COALICION PACTO HISTORICO"
"2074",2022,13,0,13,"23182","Chinú","Córdoba",996,"VOTOS EN BLANCO","Presidencia 2da vuelta",333,6473,"#dddddd","OTROS"
"2075",2022,13,0,13,"23182","Chinú","Córdoba",997,"VOTOS NULOS","Presidencia 2da vuelta",190,6473,"#808080","VOTOS NULOS"
"2076",2022,13,0,13,"23182","Chinú","Córdoba",998,"VOTOS NO MARCADOS","Presidencia 2da vuelta",33,6473,"#dddddd","OTROS"
"2077",2022,13,0,13,"23189","Ciénaga de Oro","Córdoba",1235,"COALICION PACTO HISTORICO","Presidencia 2da vuelta",20383,5609,"#1b3383","COALICION PACTO HISTORICO"
"2078",2022,13,0,13,"23189","Ciénaga de Oro","Córdoba",1076,"LIGA DE GOBERNANTES ANTICORRUPCION","Presidencia 2da vuelta",7006,5609,"#f07605","LIGA DE GOBERNANTES ANTICORRUPCION"
"2079",2022,13,0,13,"23189","Ciénaga de Oro","Córdoba",996,"VOTOS EN BLANCO","Presidencia 2da vuelta",370,5609,"#dddddd","OTROS"
"2080",2022,13,0,13,"23189","Ciénaga de Oro","Córdoba",997,"VOTOS NULOS","Presidencia 2da vuelta",250,5609,"#808080","VOTOS NULOS"
"2081",2022,13,0,13,"23189","Ciénaga de Oro","Córdoba",998,"VOTOS NO MARCADOS","Presidencia 2da vuelta",41,5609,"#dddddd","OTROS"
"2082",2022,13,0,13,"23300","Cotorra","Córdoba",1235,"COALICION PACTO HISTORICO","Presidencia 2da vuelta",5937,8911,"#1b3383","COALICION PACTO HISTORICO"
"2083",2022,13,0,13,"23300","Cotorra","Córdoba",1076,"LIGA DE GOBERNANTES ANTICORRUPCION","Presidencia 2da vuelta",3240,8911,"#f07605","LIGA DE GOBERNANTES ANTICORRUPCION"
"2084",2022,13,0,13,"23300","Cotorra","Córdoba",996,"VOTOS EN BLANCO","Presidencia 2da vuelta",105,8911,"#dddddd","OTROS"
"2085",2022,13,0,13,"23300","Cotorra","Córdoba",997,"VOTOS NULOS","Presidencia 2da vuelta",34,8911,"#808080","VOTOS NULOS"
"2086",2022,13,0,13,"23300","Cotorra","Córdoba",998,"VOTOS NO MARCADOS","Presidencia 2da vuelta",15,8911,"#dddddd","OTROS"
"2087",2022,13,0,13,"23350","La Apartada","Córdoba",1235,"COALICION PACTO HISTORICO","Presidencia 2da vuelta",4489,11750,"#1b3383","COALICION PACTO HISTORICO"
"2088",2022,13,0,13,"23350","La Apartada","Córdoba",1076,"LIGA DE GOBERNANTES ANTICORRUPCION","Presidencia 2da vuelta",1486,11750,"#f07605","LIGA DE GOBERNANTES ANTICORRUPCION"
"2089",2022,13,0,13,"23350","La Apartada","Córdoba",996,"VOTOS EN BLANCO","Presidencia 2da vuelta",122,11750,"#dddddd","OTROS"
"2090",2022,13,0,13,"23350","La Apartada","Córdoba",997,"VOTOS NULOS","Presidencia 2da vuelta",49,11750,"#808080","VOTOS NULOS"
"2091",2022,13,0,13,"23350","La Apartada","Córdoba",998,"VOTOS NO MARCADOS","Presidencia 2da vuelta",14,11750,"#dddddd","OTROS"
"2092",2022,13,0,13,"23417","Lorica","Córdoba",1235,"COALICION PACTO HISTORICO","Presidencia 2da vuelta",32875,8134,"#1b3383","COALICION PACTO HISTORICO"
"2093",2022,13,0,13,"23417","Lorica","Córdoba",1076,"LIGA DE GOBERNANTES ANTICORRUPCION","Presidencia 2da vuelta",16262,8134,"#f07605","LIGA DE GOBERNANTES ANTICORRUPCION"
"2094",2022,13,0,13,"23417","Lorica","Córdoba",996,"VOTOS EN BLANCO","Presidencia 2da vuelta",786,8134,"#dddddd","OTROS"
"2095",2022,13,0,13,"23417","Lorica","Córdoba",997,"VOTOS NULOS","Presidencia 2da vuelta",424,8134,"#808080","VOTOS NULOS"
"2096",2022,13,0,13,"23417","Lorica","Córdoba",998,"VOTOS NO MARCADOS","Presidencia 2da vuelta",39,8134,"#dddddd","OTROS"
"2097",2022,13,0,13,"23419","Los Córdobas","Córdoba",1235,"COALICION PACTO HISTORICO","Presidencia 2da vuelta",4412,7500,"#1b3383","COALICION PACTO HISTORICO"
"2098",2022,13,0,13,"23419","Los Córdobas","Córdoba",1076,"LIGA DE GOBERNANTES ANTICORRUPCION","Presidencia 2da vuelta",3511,7500,"#f07605","LIGA DE GOBERNANTES ANTICORRUPCION"
"2099",2022,13,0,13,"23419","Los Córdobas","Córdoba",996,"VOTOS EN BLANCO","Presidencia 2da vuelta",119,7500,"#dddddd","OTROS"
"2100",2022,13,0,13,"23419","Los Córdobas","Córdoba",997,"VOTOS NULOS","Presidencia 2da vuelta",43,7500,"#808080","VOTOS NULOS"
"2101",2022,13,0,13,"23419","Los Córdobas","Córdoba",998,"VOTOS NO MARCADOS","Presidencia 2da vuelta",13,7500,"#dddddd","OTROS"
"2102",2022,13,0,13,"23464","Momil","Córdoba",1235,"COALICION PACTO HISTORICO","Presidencia 2da vuelta",4872,12063,"#1b3383","COALICION PACTO HISTORICO"
"2103",2022,13,0,13,"23464","Momil","Córdoba",1076,"LIGA DE GOBERNANTES ANTICORRUPCION","Presidencia 2da vuelta",3926,12063,"#f07605","LIGA DE GOBERNANTES ANTICORRUPCION"
"2104",2022,13,0,13,"23464","Momil","Córdoba",996,"VOTOS EN BLANCO","Presidencia 2da vuelta",126,12063,"#dddddd","OTROS"
"2105",2022,13,0,13,"23464","Momil","Córdoba",997,"VOTOS NULOS","Presidencia 2da vuelta",54,12063,"#808080","VOTOS NULOS"
"2106",2022,13,0,13,"23464","Momil","Córdoba",998,"VOTOS NO MARCADOS","Presidencia 2da vuelta",11,12063,"#dddddd","OTROS"
"2107",2022,13,0,13,"23466","Montelíbano","Córdoba",1235,"COALICION PACTO HISTORICO","Presidencia 2da vuelta",26848,11162,"#1b3383","COALICION PACTO HISTORICO"
"2108",2022,13,0,13,"23466","Montelíbano","Córdoba",1076,"LIGA DE GOBERNANTES ANTICORRUPCION","Presidencia 2da vuelta",6143,11162,"#f07605","LIGA DE GOBERNANTES ANTICORRUPCION"
"2109",2022,13,0,13,"23466","Montelíbano","Córdoba",996,"VOTOS EN BLANCO","Presidencia 2da vuelta",543,11162,"#dddddd","OTROS"
"2110",2022,13,0,13,"23466","Montelíbano","Córdoba",997,"VOTOS NULOS","Presidencia 2da vuelta",285,11162,"#808080","VOTOS NULOS"
"2111",2022,13,0,13,"23466","Montelíbano","Córdoba",998,"VOTOS NO MARCADOS","Presidencia 2da vuelta",21,11162,"#dddddd","OTROS"
"2112",2022,13,0,13,"23500","Moñitos","Córdoba",1235,"COALICION PACTO HISTORICO","Presidencia 2da vuelta",5452,9248,"#1b3383","COALICION PACTO HISTORICO"
"2113",2022,13,0,13,"23500","Moñitos","Córdoba",1076,"LIGA DE GOBERNANTES ANTICORRUPCION","Presidencia 2da vuelta",4728,9248,"#f07605","LIGA DE GOBERNANTES ANTICORRUPCION"
"2114",2022,13,0,13,"23500","Moñitos","Córdoba",996,"VOTOS EN BLANCO","Presidencia 2da vuelta",120,9248,"#dddddd","OTROS"
"2115",2022,13,0,13,"23500","Moñitos","Córdoba",997,"VOTOS NULOS","Presidencia 2da vuelta",44,9248,"#808080","VOTOS NULOS"
"2116",2022,13,0,13,"23500","Moñitos","Córdoba",998,"VOTOS NO MARCADOS","Presidencia 2da vuelta",11,9248,"#dddddd","OTROS"
"2117",2022,13,0,13,"23555","Planeta Rica","Córdoba",1235,"COALICION PACTO HISTORICO","Presidencia 2da vuelta",16153,11008,"#1b3383","COALICION PACTO HISTORICO"
"2118",2022,13,0,13,"23555","Planeta Rica","Córdoba",1076,"LIGA DE GOBERNANTES ANTICORRUPCION","Presidencia 2da vuelta",11034,11008,"#f07605","LIGA DE GOBERNANTES ANTICORRUPCION"
"2119",2022,13,0,13,"23555","Planeta Rica","Córdoba",996,"VOTOS EN BLANCO","Presidencia 2da vuelta",476,11008,"#dddddd","OTROS"
"2120",2022,13,0,13,"23555","Planeta Rica","Córdoba",997,"VOTOS NULOS","Presidencia 2da vuelta",264,11008,"#808080","VOTOS NULOS"
"2121",2022,13,0,13,"23555","Planeta Rica","Córdoba",998,"VOTOS NO MARCADOS","Presidencia 2da vuelta",39,11008,"#dddddd","OTROS"
"2122",2022,13,0,13,"23570","Pueblo Nuevo","Córdoba",1235,"COALICION PACTO HISTORICO","Presidencia 2da vuelta",7239,10035,"#1b3383","COALICION PACTO HISTORICO"
"2123",2022,13,0,13,"23570","Pueblo Nuevo","Córdoba",1076,"LIGA DE GOBERNANTES ANTICORRUPCION","Presidencia 2da vuelta",6969,10035,"#f07605","LIGA DE GOBERNANTES ANTICORRUPCION"
"2124",2022,13,0,13,"23570","Pueblo Nuevo","Córdoba",996,"VOTOS EN BLANCO","Presidencia 2da vuelta",204,10035,"#dddddd","OTROS"
"2125",2022,13,0,13,"23570","Pueblo Nuevo","Córdoba",997,"VOTOS NULOS","Presidencia 2da vuelta",83,10035,"#808080","VOTOS NULOS"
"2126",2022,13,0,13,"23570","Pueblo Nuevo","Córdoba",998,"VOTOS NO MARCADOS","Presidencia 2da vuelta",24,10035,"#dddddd","OTROS"
"2127",2022,13,0,13,"23574","Puerto Escondido","Córdoba",1235,"COALICION PACTO HISTORICO","Presidencia 2da vuelta",5008,6205,"#1b3383","COALICION PACTO HISTORICO"
"2128",2022,13,0,13,"23574","Puerto Escondido","Córdoba",1076,"LIGA DE GOBERNANTES ANTICORRUPCION","Presidencia 2da vuelta",4932,6205,"#f07605","LIGA DE GOBERNANTES ANTICORRUPCION"
"2129",2022,13,0,13,"23574","Puerto Escondido","Córdoba",996,"VOTOS EN BLANCO","Presidencia 2da vuelta",98,6205,"#dddddd","OTROS"
"2130",2022,13,0,13,"23574","Puerto Escondido","Córdoba",997,"VOTOS NULOS","Presidencia 2da vuelta",38,6205,"#808080","VOTOS NULOS"
"2131",2022,13,0,13,"23574","Puerto Escondido","Córdoba",998,"VOTOS NO MARCADOS","Presidencia 2da vuelta",10,6205,"#dddddd","OTROS"
"2132",2022,13,0,13,"23580","Puerto Libertador","Córdoba",1235,"COALICION PACTO HISTORICO","Presidencia 2da vuelta",12569,16294,"#1b3383","COALICION PACTO HISTORICO"
"2133",2022,13,0,13,"23580","Puerto Libertador","Córdoba",1076,"LIGA DE GOBERNANTES ANTICORRUPCION","Presidencia 2da vuelta",3159,16294,"#f07605","LIGA DE GOBERNANTES ANTICORRUPCION"
"2134",2022,13,0,13,"23580","Puerto Libertador","Córdoba",996,"VOTOS EN BLANCO","Presidencia 2da vuelta",308,16294,"#dddddd","OTROS"
"2135",2022,13,0,13,"23580","Puerto Libertador","Córdoba",997,"VOTOS NULOS","Presidencia 2da vuelta",124,16294,"#808080","VOTOS NULOS"
"2136",2022,13,0,13,"23580","Puerto Libertador","Córdoba",998,"VOTOS NO MARCADOS","Presidencia 2da vuelta",12,16294,"#dddddd","OTROS"
"2137",2022,13,0,13,"23586","Purísima","Córdoba",1076,"LIGA DE GOBERNANTES ANTICORRUPCION","Presidencia 2da vuelta",4141,10731,"#f07605","LIGA DE GOBERNANTES ANTICORRUPCION"
"2138",2022,13,0,13,"23586","Purísima","Córdoba",1235,"COALICION PACTO HISTORICO","Presidencia 2da vuelta",3757,10731,"#1b3383","COALICION PACTO HISTORICO"
"2139",2022,13,0,13,"23586","Purísima","Córdoba",996,"VOTOS EN BLANCO","Presidencia 2da vuelta",91,10731,"#dddddd","OTROS"
"2140",2022,13,0,13,"23586","Purísima","Córdoba",997,"VOTOS NULOS","Presidencia 2da vuelta",51,10731,"#808080","VOTOS NULOS"
"2141",2022,13,0,13,"23586","Purísima","Córdoba",998,"VOTOS NO MARCADOS","Presidencia 2da vuelta",13,10731,"#dddddd","OTROS"
"2142",2022,13,0,13,"23660","Sahagún","Córdoba",1235,"COALICION PACTO HISTORICO","Presidencia 2da vuelta",29267,11364,"#1b3383","COALICION PACTO HISTORICO"
"2143",2022,13,0,13,"23660","Sahagún","Córdoba",1076,"LIGA DE GOBERNANTES ANTICORRUPCION","Presidencia 2da vuelta",14510,11364,"#f07605","LIGA DE GOBERNANTES ANTICORRUPCION"
"2144",2022,13,0,13,"23660","Sahagún","Córdoba",996,"VOTOS EN BLANCO","Presidencia 2da vuelta",668,11364,"#dddddd","OTROS"
"2145",2022,13,0,13,"23660","Sahagún","Córdoba",997,"VOTOS NULOS","Presidencia 2da vuelta",377,11364,"#808080","VOTOS NULOS"
"2146",2022,13,0,13,"23660","Sahagún","Córdoba",998,"VOTOS NO MARCADOS","Presidencia 2da vuelta",48,11364,"#dddddd","OTROS"
"2147",2022,13,0,13,"23670","San Andrés Sotavento","Córdoba",1235,"COALICION PACTO HISTORICO","Presidencia 2da vuelta",12053,14673,"#1b3383","COALICION PACTO HISTORICO"
"2148",2022,13,0,13,"23670","San Andrés Sotavento","Córdoba",1076,"LIGA DE GOBERNANTES ANTICORRUPCION","Presidencia 2da vuelta",5986,14673,"#f07605","LIGA DE GOBERNANTES ANTICORRUPCION"
"2149",2022,13,0,13,"23670","San Andrés Sotavento","Córdoba",996,"VOTOS EN BLANCO","Presidencia 2da vuelta",213,14673,"#dddddd","OTROS"
"2150",2022,13,0,13,"23670","San Andrés Sotavento","Córdoba",997,"VOTOS NULOS","Presidencia 2da vuelta",133,14673,"#808080","VOTOS NULOS"
"2151",2022,13,0,13,"23670","San Andrés Sotavento","Córdoba",998,"VOTOS NO MARCADOS","Presidencia 2da vuelta",32,14673,"#dddddd","OTROS"
"2152",2022,13,0,13,"23672","San Antero","Córdoba",1235,"COALICION PACTO HISTORICO","Presidencia 2da vuelta",6893,17638,"#1b3383","COALICION PACTO HISTORICO"
"2153",2022,13,0,13,"23672","San Antero","Córdoba",1076,"LIGA DE GOBERNANTES ANTICORRUPCION","Presidencia 2da vuelta",6090,17638,"#f07605","LIGA DE GOBERNANTES ANTICORRUPCION"
"2154",2022,13,0,13,"23672","San Antero","Córdoba",996,"VOTOS EN BLANCO","Presidencia 2da vuelta",221,17638,"#dddddd","OTROS"
"2155",2022,13,0,13,"23672","San Antero","Córdoba",997,"VOTOS NULOS","Presidencia 2da vuelta",122,17638,"#808080","VOTOS NULOS"
"2156",2022,13,0,13,"23672","San Antero","Córdoba",998,"VOTOS NO MARCADOS","Presidencia 2da vuelta",23,17638,"#dddddd","OTROS"
"2157",2022,13,0,13,"23675","San Bernardo del Viento","Córdoba",1235,"COALICION PACTO HISTORICO","Presidencia 2da vuelta",9762,10854,"#1b3383","COALICION PACTO HISTORICO"
"2158",2022,13,0,13,"23675","San Bernardo del Viento","Córdoba",1076,"LIGA DE GOBERNANTES ANTICORRUPCION","Presidencia 2da vuelta",3797,10854,"#f07605","LIGA DE GOBERNANTES ANTICORRUPCION"
"2159",2022,13,0,13,"23675","San Bernardo del Viento","Córdoba",996,"VOTOS EN BLANCO","Presidencia 2da vuelta",174,10854,"#dddddd","OTROS"
"2160",2022,13,0,13,"23675","San Bernardo del Viento","Córdoba",997,"VOTOS NULOS","Presidencia 2da vuelta",87,10854,"#808080","VOTOS NULOS"
"2161",2022,13,0,13,"23675","San Bernardo del Viento","Córdoba",998,"VOTOS NO MARCADOS","Presidencia 2da vuelta",21,10854,"#dddddd","OTROS"
"2162",2022,13,0,13,"23678","San Carlos","Córdoba",1235,"COALICION PACTO HISTORICO","Presidencia 2da vuelta",5034,11311,"#1b3383","COALICION PACTO HISTORICO"
"2163",2022,13,0,13,"23678","San Carlos","Córdoba",1076,"LIGA DE GOBERNANTES ANTICORRUPCION","Presidencia 2da vuelta",4882,11311,"#f07605","LIGA DE GOBERNANTES ANTICORRUPCION"
"2164",2022,13,0,13,"23678","San Carlos","Córdoba",996,"VOTOS EN BLANCO","Presidencia 2da vuelta",113,11311,"#dddddd","OTROS"
"2165",2022,13,0,13,"23678","San Carlos","Córdoba",997,"VOTOS NULOS","Presidencia 2da vuelta",57,11311,"#808080","VOTOS NULOS"
"2166",2022,13,0,13,"23678","San Carlos","Córdoba",998,"VOTOS NO MARCADOS","Presidencia 2da vuelta",25,11311,"#dddddd","OTROS"
"2167",2022,13,0,13,"23682","San José de Uré","Córdoba",1235,"COALICION PACTO HISTORICO","Presidencia 2da vuelta",3230,5039,"#1b3383","COALICION PACTO HISTORICO"
"2168",2022,13,0,13,"23682","San José de Uré","Córdoba",1076,"LIGA DE GOBERNANTES ANTICORRUPCION","Presidencia 2da vuelta",732,5039,"#f07605","LIGA DE GOBERNANTES ANTICORRUPCION"
"2169",2022,13,0,13,"23682","San José de Uré","Córdoba",996,"VOTOS EN BLANCO","Presidencia 2da vuelta",71,5039,"#dddddd","OTROS"
"2170",2022,13,0,13,"23682","San José de Uré","Córdoba",997,"VOTOS NULOS","Presidencia 2da vuelta",29,5039,"#808080","VOTOS NULOS"
"2171",2022,13,0,13,"23682","San José de Uré","Córdoba",998,"VOTOS NO MARCADOS","Presidencia 2da vuelta",5,384,"#dddddd","OTROS"
"2172",2022,13,0,13,"23686","San Pelayo","Córdoba",1235,"COALICION PACTO HISTORICO","Presidencia 2da vuelta",12825,10901,"#1b3383","COALICION PACTO HISTORICO"
"2173",2022,13,0,13,"23686","San Pelayo","Córdoba",1076,"LIGA DE GOBERNANTES ANTICORRUPCION","Presidencia 2da vuelta",8015,10901,"#f07605","LIGA DE GOBERNANTES ANTICORRUPCION"
"2174",2022,13,0,13,"23686","San Pelayo","Córdoba",996,"VOTOS EN BLANCO","Presidencia 2da vuelta",278,10901,"#dddddd","OTROS"
"2175",2022,13,0,13,"23686","San Pelayo","Córdoba",997,"VOTOS NULOS","Presidencia 2da vuelta",123,10901,"#808080","VOTOS NULOS"
"2176",2022,13,0,13,"23686","San Pelayo","Córdoba",998,"VOTOS NO MARCADOS","Presidencia 2da vuelta",19,10901,"#dddddd","OTROS"
"2177",2022,13,0,13,"23807","Tierralta","Córdoba",1235,"COALICION PACTO HISTORICO","Presidencia 2da vuelta",18367,6195,"#1b3383","COALICION PACTO HISTORICO"
"2178",2022,13,0,13,"23807","Tierralta","Córdoba",1076,"LIGA DE GOBERNANTES ANTICORRUPCION","Presidencia 2da vuelta",11430,6195,"#f07605","LIGA DE GOBERNANTES ANTICORRUPCION"
"2179",2022,13,0,13,"23807","Tierralta","Córdoba",996,"VOTOS EN BLANCO","Presidencia 2da vuelta",487,6195,"#dddddd","OTROS"
"2180",2022,13,0,13,"23807","Tierralta","Córdoba",997,"VOTOS NULOS","Presidencia 2da vuelta",275,6195,"#808080","VOTOS NULOS"
"2181",2022,13,0,13,"23807","Tierralta","Córdoba",998,"VOTOS NO MARCADOS","Presidencia 2da vuelta",46,6195,"#dddddd","OTROS"
"2182",2022,13,0,13,"23815","Tuchín","Córdoba",1235,"COALICION PACTO HISTORICO","Presidencia 2da vuelta",8614,15507,"#1b3383","COALICION PACTO HISTORICO"
"2183",2022,13,0,13,"23815","Tuchín","Córdoba",1076,"LIGA DE GOBERNANTES ANTICORRUPCION","Presidencia 2da vuelta",6913,15507,"#f07605","LIGA DE GOBERNANTES ANTICORRUPCION"
"2184",2022,13,0,13,"23815","Tuchín","Córdoba",996,"VOTOS EN BLANCO","Presidencia 2da vuelta",166,15507,"#dddddd","OTROS"
"2185",2022,13,0,13,"23815","Tuchín","Córdoba",997,"VOTOS NULOS","Presidencia 2da vuelta",111,15507,"#808080","VOTOS NULOS"
"2186",2022,13,0,13,"23815","Tuchín","Córdoba",998,"VOTOS NO MARCADOS","Presidencia 2da vuelta",36,15507,"#dddddd","OTROS"
"2187",2022,13,0,13,"23855","Valencia","Córdoba",1235,"COALICION PACTO HISTORICO","Presidencia 2da vuelta",6553,15741,"#1b3383","COALICION PACTO HISTORICO"
"2188",2022,13,0,13,"23855","Valencia","Córdoba",1076,"LIGA DE GOBERNANTES ANTICORRUPCION","Presidencia 2da vuelta",6285,15741,"#f07605","LIGA DE GOBERNANTES ANTICORRUPCION"
"2189",2022,13,0,13,"23855","Valencia","Córdoba",996,"VOTOS EN BLANCO","Presidencia 2da vuelta",200,15741,"#dddddd","OTROS"
"2190",2022,13,0,13,"23855","Valencia","Córdoba",997,"VOTOS NULOS","Presidencia 2da vuelta",77,15741,"#808080","VOTOS NULOS"
"2191",2022,13,0,13,"23855","Valencia","Córdoba",998,"VOTOS NO MARCADOS","Presidencia 2da vuelta",22,15741,"#dddddd","OTROS"
"2192",2022,13,0,15,"25001","Agua de Dios","Cundinamarca",1076,"LIGA DE GOBERNANTES ANTICORRUPCION","Presidencia 2da vuelta",3561,10102,"#f07605","LIGA DE GOBERNANTES ANTICORRUPCION"
"2193",2022,13,0,15,"25001","Agua de Dios","Cundinamarca",1235,"COALICION PACTO HISTORICO","Presidencia 2da vuelta",2414,10102,"#1b3383","COALICION PACTO HISTORICO"
"2194",2022,13,0,15,"25001","Agua de Dios","Cundinamarca",996,"VOTOS EN BLANCO","Presidencia 2da vuelta",123,10102,"#dddddd","OTROS"
"2195",2022,13,0,15,"25001","Agua de Dios","Cundinamarca",997,"VOTOS NULOS","Presidencia 2da vuelta",81,10102,"#808080","VOTOS NULOS"
"2196",2022,13,0,15,"25001","Agua de Dios","Cundinamarca",998,"VOTOS NO MARCADOS","Presidencia 2da vuelta",5,10102,"#dddddd","OTROS"
"2197",2022,13,0,15,"25019","Albán","Cundinamarca",1076,"LIGA DE GOBERNANTES ANTICORRUPCION","Presidencia 2da vuelta",2139,5326,"#f07605","LIGA DE GOBERNANTES ANTICORRUPCION"
"2198",2022,13,0,15,"25019","Albán","Cundinamarca",1235,"COALICION PACTO HISTORICO","Presidencia 2da vuelta",915,5326,"#1b3383","COALICION PACTO HISTORICO"
"2199",2022,13,0,15,"25019","Albán","Cundinamarca",996,"VOTOS EN BLANCO","Presidencia 2da vuelta",56,5326,"#dddddd","OTROS"
"2200",2022,13,0,15,"25019","Albán","Cundinamarca",997,"VOTOS NULOS","Presidencia 2da vuelta",48,5326,"#808080","VOTOS NULOS"
"2201",2022,13,0,15,"25019","Albán","Cundinamarca",998,"VOTOS NO MARCADOS","Presidencia 2da vuelta",1,5326,"#dddddd","OTROS"
"2202",2022,13,0,15,"25035","Anapoima","Cundinamarca",1076,"LIGA DE GOBERNANTES ANTICORRUPCION","Presidencia 2da vuelta",5885,10197,"#f07605","LIGA DE GOBERNANTES ANTICORRUPCION"
"2203",2022,13,0,15,"25035","Anapoima","Cundinamarca",1235,"COALICION PACTO HISTORICO","Presidencia 2da vuelta",2343,10197,"#1b3383","COALICION PACTO HISTORICO"
"2204",2022,13,0,15,"25035","Anapoima","Cundinamarca",996,"VOTOS EN BLANCO","Presidencia 2da vuelta",125,10197,"#dddddd","OTROS"
"2205",2022,13,0,15,"25035","Anapoima","Cundinamarca",997,"VOTOS NULOS","Presidencia 2da vuelta",68,10197,"#808080","VOTOS NULOS"
"2206",2022,13,0,15,"25035","Anapoima","Cundinamarca",998,"VOTOS NO MARCADOS","Presidencia 2da vuelta",9,10197,"#dddddd","OTROS"
"2207",2022,13,0,15,"25040","Anolaima","Cundinamarca",1076,"LIGA DE GOBERNANTES ANTICORRUPCION","Presidencia 2da vuelta",5089,9260,"#f07605","LIGA DE GOBERNANTES ANTICORRUPCION"
"2208",2022,13,0,15,"25040","Anolaima","Cundinamarca",1235,"COALICION PACTO HISTORICO","Presidencia 2da vuelta",2088,9260,"#1b3383","COALICION PACTO HISTORICO"
"2209",2022,13,0,15,"25040","Anolaima","Cundinamarca",996,"VOTOS EN BLANCO","Presidencia 2da vuelta",172,9260,"#dddddd","OTROS"
"2210",2022,13,0,15,"25040","Anolaima","Cundinamarca",997,"VOTOS NULOS","Presidencia 2da vuelta",97,9260,"#808080","VOTOS NULOS"
"2211",2022,13,0,15,"25040","Anolaima","Cundinamarca",998,"VOTOS NO MARCADOS","Presidencia 2da vuelta",6,9260,"#dddddd","OTROS"
"2212",2022,13,0,15,"25053","Arbeláez","Cundinamarca",1076,"LIGA DE GOBERNANTES ANTICORRUPCION","Presidencia 2da vuelta",4290,9654,"#f07605","LIGA DE GOBERNANTES ANTICORRUPCION"
"2213",2022,13,0,15,"25053","Arbeláez","Cundinamarca",1235,"COALICION PACTO HISTORICO","Presidencia 2da vuelta",1851,9654,"#1b3383","COALICION PACTO HISTORICO"
"2214",2022,13,0,15,"25053","Arbeláez","Cundinamarca",996,"VOTOS EN BLANCO","Presidencia 2da vuelta",107,9654,"#dddddd","OTROS"
"2215",2022,13,0,15,"25053","Arbeláez","Cundinamarca",997,"VOTOS NULOS","Presidencia 2da vuelta",68,9654,"#808080","VOTOS NULOS"
"2216",2022,13,0,15,"25053","Arbeláez","Cundinamarca",998,"VOTOS NO MARCADOS","Presidencia 2da vuelta",5,9654,"#dddddd","OTROS"
"2217",2022,13,0,15,"25086","Beltrán","Cundinamarca",1076,"LIGA DE GOBERNANTES ANTICORRUPCION","Presidencia 2da vuelta",889,967,"#f07605","LIGA DE GOBERNANTES ANTICORRUPCION"
"2218",2022,13,0,15,"25086","Beltrán","Cundinamarca",1235,"COALICION PACTO HISTORICO","Presidencia 2da vuelta",370,967,"#1b3383","COALICION PACTO HISTORICO"
"2219",2022,13,0,15,"25086","Beltrán","Cundinamarca",996,"VOTOS EN BLANCO","Presidencia 2da vuelta",8,967,"#dddddd","OTROS"
"2220",2022,13,0,15,"25086","Beltrán","Cundinamarca",997,"VOTOS NULOS","Presidencia 2da vuelta",6,967,"#808080","VOTOS NULOS"
"2221",2022,13,0,15,"25086","Beltrán","Cundinamarca",998,"VOTOS NO MARCADOS","Presidencia 2da vuelta",1,1000,"#dddddd","OTROS"
"2222",2022,13,0,15,"25095","Bituima","Cundinamarca",1076,"LIGA DE GOBERNANTES ANTICORRUPCION","Presidencia 2da vuelta",1103,2770,"#f07605","LIGA DE GOBERNANTES ANTICORRUPCION"
"2223",2022,13,0,15,"25095","Bituima","Cundinamarca",1235,"COALICION PACTO HISTORICO","Presidencia 2da vuelta",376,2770,"#1b3383","COALICION PACTO HISTORICO"
"2224",2022,13,0,15,"25095","Bituima","Cundinamarca",996,"VOTOS EN BLANCO","Presidencia 2da vuelta",23,2770,"#dddddd","OTROS"
"2225",2022,13,0,15,"25095","Bituima","Cundinamarca",997,"VOTOS NULOS","Presidencia 2da vuelta",15,2770,"#808080","VOTOS NULOS"
"2226",2022,13,0,15,"25095","Bituima","Cundinamarca",998,"VOTOS NO MARCADOS","Presidencia 2da vuelta",1,2770,"#dddddd","OTROS"
"2227",2022,13,0,15,"25099","Bojacá","Cundinamarca",1076,"LIGA DE GOBERNANTES ANTICORRUPCION","Presidencia 2da vuelta",2570,7056,"#f07605","LIGA DE GOBERNANTES ANTICORRUPCION"
"2228",2022,13,0,15,"25099","Bojacá","Cundinamarca",1235,"COALICION PACTO HISTORICO","Presidencia 2da vuelta",2236,7056,"#1b3383","COALICION PACTO HISTORICO"
"2229",2022,13,0,15,"25099","Bojacá","Cundinamarca",997,"VOTOS NULOS","Presidencia 2da vuelta",155,7056,"#808080","VOTOS NULOS"
"2230",2022,13,0,15,"25099","Bojacá","Cundinamarca",996,"VOTOS EN BLANCO","Presidencia 2da vuelta",97,7056,"#dddddd","OTROS"
"2231",2022,13,0,15,"25099","Bojacá","Cundinamarca",998,"VOTOS NO MARCADOS","Presidencia 2da vuelta",4,7056,"#dddddd","OTROS"
"2232",2022,13,0,15,"25120","Cabrera","Cundinamarca",1235,"COALICION PACTO HISTORICO","Presidencia 2da vuelta",1428,3590,"#1b3383","COALICION PACTO HISTORICO"
"2233",2022,13,0,15,"25120","Cabrera","Cundinamarca",1076,"LIGA DE GOBERNANTES ANTICORRUPCION","Presidencia 2da vuelta",784,3590,"#f07605","LIGA DE GOBERNANTES ANTICORRUPCION"
"2234",2022,13,0,15,"25120","Cabrera","Cundinamarca",997,"VOTOS NULOS","Presidencia 2da vuelta",17,3590,"#808080","VOTOS NULOS"
"2235",2022,13,0,15,"25120","Cabrera","Cundinamarca",996,"VOTOS EN BLANCO","Presidencia 2da vuelta",15,3590,"#dddddd","OTROS"
"2236",2022,13,0,15,"25120","Cabrera","Cundinamarca",998,"VOTOS NO MARCADOS","Presidencia 2da vuelta",1,3590,"#dddddd","OTROS"
"2237",2022,13,0,15,"25123","Cachipay","Cundinamarca",1076,"LIGA DE GOBERNANTES ANTICORRUPCION","Presidencia 2da vuelta",4319,8766,"#f07605","LIGA DE GOBERNANTES ANTICORRUPCION"
"2238",2022,13,0,15,"25123","Cachipay","Cundinamarca",1235,"COALICION PACTO HISTORICO","Presidencia 2da vuelta",1790,8766,"#1b3383","COALICION PACTO HISTORICO"
"2239",2022,13,0,15,"25123","Cachipay","Cundinamarca",996,"VOTOS EN BLANCO","Presidencia 2da vuelta",106,8766,"#dddddd","OTROS"
"2240",2022,13,0,15,"25123","Cachipay","Cundinamarca",997,"VOTOS NULOS","Presidencia 2da vuelta",51,8766,"#808080","VOTOS NULOS"
"2241",2022,13,0,15,"25123","Cachipay","Cundinamarca",998,"VOTOS NO MARCADOS","Presidencia 2da vuelta",5,8766,"#dddddd","OTROS"
"2242",2022,13,0,15,"25126","Cajicá","Cundinamarca",1076,"LIGA DE GOBERNANTES ANTICORRUPCION","Presidencia 2da vuelta",23325,5576,"#f07605","LIGA DE GOBERNANTES ANTICORRUPCION"
"2243",2022,13,0,15,"25126","Cajicá","Cundinamarca",1235,"COALICION PACTO HISTORICO","Presidencia 2da vuelta",18050,5576,"#1b3383","COALICION PACTO HISTORICO"
"2244",2022,13,0,15,"25126","Cajicá","Cundinamarca",996,"VOTOS EN BLANCO","Presidencia 2da vuelta",1297,5576,"#dddddd","OTROS"
"2245",2022,13,0,15,"25126","Cajicá","Cundinamarca",997,"VOTOS NULOS","Presidencia 2da vuelta",524,5576,"#808080","VOTOS NULOS"
"2246",2022,13,0,15,"25126","Cajicá","Cundinamarca",998,"VOTOS NO MARCADOS","Presidencia 2da vuelta",13,6325,"#dddddd","OTROS"
"2247",2022,13,0,15,"25148","Caparrapí","Cundinamarca",1076,"LIGA DE GOBERNANTES ANTICORRUPCION","Presidencia 2da vuelta",5181,6216,"#f07605","LIGA DE GOBERNANTES ANTICORRUPCION"
"2248",2022,13,0,15,"25148","Caparrapí","Cundinamarca",1235,"COALICION PACTO HISTORICO","Presidencia 2da vuelta",762,6216,"#1b3383","COALICION PACTO HISTORICO"
"2249",2022,13,0,15,"25148","Caparrapí","Cundinamarca",996,"VOTOS EN BLANCO","Presidencia 2da vuelta",78,6216,"#dddddd","OTROS"
"2250",2022,13,0,15,"25148","Caparrapí","Cundinamarca",997,"VOTOS NULOS","Presidencia 2da vuelta",28,6216,"#808080","VOTOS NULOS"
"2251",2022,13,0,15,"25148","Caparrapí","Cundinamarca",998,"VOTOS NO MARCADOS","Presidencia 2da vuelta",9,6216,"#dddddd","OTROS"
"2252",2022,13,0,15,"25151","Cáqueza","Cundinamarca",1076,"LIGA DE GOBERNANTES ANTICORRUPCION","Presidencia 2da vuelta",6439,10599,"#f07605","LIGA DE GOBERNANTES ANTICORRUPCION"
"2253",2022,13,0,15,"25151","Cáqueza","Cundinamarca",1235,"COALICION PACTO HISTORICO","Presidencia 2da vuelta",3258,10599,"#1b3383","COALICION PACTO HISTORICO"
"2254",2022,13,0,15,"25151","Cáqueza","Cundinamarca",996,"VOTOS EN BLANCO","Presidencia 2da vuelta",183,10599,"#dddddd","OTROS"
"2255",2022,13,0,15,"25151","Cáqueza","Cundinamarca",997,"VOTOS NULOS","Presidencia 2da vuelta",132,10599,"#808080","VOTOS NULOS"
"2256",2022,13,0,15,"25151","Cáqueza","Cundinamarca",998,"VOTOS NO MARCADOS","Presidencia 2da vuelta",6,10599,"#dddddd","OTROS"
"2257",2022,13,0,15,"25154","Carmen de Carupa","Cundinamarca",1076,"LIGA DE GOBERNANTES ANTICORRUPCION","Presidencia 2da vuelta",3239,5507,"#f07605","LIGA DE GOBERNANTES ANTICORRUPCION"
"2258",2022,13,0,15,"25154","Carmen de Carupa","Cundinamarca",1235,"COALICION PACTO HISTORICO","Presidencia 2da vuelta",874,5507,"#1b3383","COALICION PACTO HISTORICO"
"2259",2022,13,0,15,"25154","Carmen de Carupa","Cundinamarca",996,"VOTOS EN BLANCO","Presidencia 2da vuelta",88,5507,"#dddddd","OTROS"
"2260",2022,13,0,15,"25154","Carmen de Carupa","Cundinamarca",997,"VOTOS NULOS","Presidencia 2da vuelta",49,5507,"#808080","VOTOS NULOS"
"2261",2022,13,0,15,"25154","Carmen de Carupa","Cundinamarca",998,"VOTOS NO MARCADOS","Presidencia 2da vuelta",3,5507,"#dddddd","OTROS"
"2262",2022,13,0,15,"25168","Chaguaní","Cundinamarca",1076,"LIGA DE GOBERNANTES ANTICORRUPCION","Presidencia 2da vuelta",1799,3892,"#f07605","LIGA DE GOBERNANTES ANTICORRUPCION"
"2263",2022,13,0,15,"25168","Chaguaní","Cundinamarca",1235,"COALICION PACTO HISTORICO","Presidencia 2da vuelta",467,3892,"#1b3383","COALICION PACTO HISTORICO"
"2264",2022,13,0,15,"25168","Chaguaní","Cundinamarca",996,"VOTOS EN BLANCO","Presidencia 2da vuelta",21,3892,"#dddddd","OTROS"
"2265",2022,13,0,15,"25168","Chaguaní","Cundinamarca",997,"VOTOS NULOS","Presidencia 2da vuelta",7,3892,"#808080","VOTOS NULOS"
"2266",2022,13,0,15,"25168","Chaguaní","Cundinamarca",998,"VOTOS NO MARCADOS","Presidencia 2da vuelta",2,3892,"#dddddd","OTROS"
"2267",2022,13,0,15,"25175","Chía","Cundinamarca",1076,"LIGA DE GOBERNANTES ANTICORRUPCION","Presidencia 2da vuelta",44967,8738,"#f07605","LIGA DE GOBERNANTES ANTICORRUPCION"
"2268",2022,13,0,15,"25175","Chía","Cundinamarca",1235,"COALICION PACTO HISTORICO","Presidencia 2da vuelta",30725,8738,"#1b3383","COALICION PACTO HISTORICO"
"2269",2022,13,0,15,"25175","Chía","Cundinamarca",996,"VOTOS EN BLANCO","Presidencia 2da vuelta",2475,8738,"#dddddd","OTROS"
"2270",2022,13,0,15,"25175","Chía","Cundinamarca",997,"VOTOS NULOS","Presidencia 2da vuelta",816,8738,"#808080","VOTOS NULOS"
"2271",2022,13,0,15,"25175","Chía","Cundinamarca",998,"VOTOS NO MARCADOS","Presidencia 2da vuelta",25,8738,"#dddddd","OTROS"
"2272",2022,13,0,15,"25178","Chipaque","Cundinamarca",1076,"LIGA DE GOBERNANTES ANTICORRUPCION","Presidencia 2da vuelta",3845,8141,"#f07605","LIGA DE GOBERNANTES ANTICORRUPCION"
"2273",2022,13,0,15,"25178","Chipaque","Cundinamarca",1235,"COALICION PACTO HISTORICO","Presidencia 2da vuelta",1793,8141,"#1b3383","COALICION PACTO HISTORICO"
"2274",2022,13,0,15,"25178","Chipaque","Cundinamarca",996,"VOTOS EN BLANCO","Presidencia 2da vuelta",110,8141,"#dddddd","OTROS"
"2275",2022,13,0,15,"25178","Chipaque","Cundinamarca",997,"VOTOS NULOS","Presidencia 2da vuelta",72,8141,"#808080","VOTOS NULOS"
"2276",2022,13,0,15,"25178","Chipaque","Cundinamarca",998,"VOTOS NO MARCADOS","Presidencia 2da vuelta",2,8141,"#dddddd","OTROS"
"2277",2022,13,0,15,"25181","Choachí","Cundinamarca",1076,"LIGA DE GOBERNANTES ANTICORRUPCION","Presidencia 2da vuelta",5896,4608,"#f07605","LIGA DE GOBERNANTES ANTICORRUPCION"
"2278",2022,13,0,15,"25181","Choachí","Cundinamarca",1235,"COALICION PACTO HISTORICO","Presidencia 2da vuelta",2003,4608,"#1b3383","COALICION PACTO HISTORICO"
"2279",2022,13,0,15,"25181","Choachí","Cundinamarca",996,"VOTOS EN BLANCO","Presidencia 2da vuelta",141,4608,"#dddddd","OTROS"
"2280",2022,13,0,15,"25181","Choachí","Cundinamarca",997,"VOTOS NULOS","Presidencia 2da vuelta",67,4608,"#808080","VOTOS NULOS"
"2281",2022,13,0,15,"25181","Choachí","Cundinamarca",998,"VOTOS NO MARCADOS","Presidencia 2da vuelta",9,4608,"#dddddd","OTROS"
"2282",2022,13,0,15,"25183","Chocontá","Cundinamarca",1076,"LIGA DE GOBERNANTES ANTICORRUPCION","Presidencia 2da vuelta",7660,15986,"#f07605","LIGA DE GOBERNANTES ANTICORRUPCION"
"2283",2022,13,0,15,"25183","Chocontá","Cundinamarca",1235,"COALICION PACTO HISTORICO","Presidencia 2da vuelta",2998,15986,"#1b3383","COALICION PACTO HISTORICO"
"2284",2022,13,0,15,"25183","Chocontá","Cundinamarca",996,"VOTOS EN BLANCO","Presidencia 2da vuelta",256,15986,"#dddddd","OTROS"
"2285",2022,13,0,15,"25183","Chocontá","Cundinamarca",997,"VOTOS NULOS","Presidencia 2da vuelta",163,15986,"#808080","VOTOS NULOS"
"2286",2022,13,0,15,"25183","Chocontá","Cundinamarca",998,"VOTOS NO MARCADOS","Presidencia 2da vuelta",11,15986,"#dddddd","OTROS"
"2287",2022,13,0,15,"25200","Cogua","Cundinamarca",1076,"LIGA DE GOBERNANTES ANTICORRUPCION","Presidencia 2da vuelta",6203,15903,"#f07605","LIGA DE GOBERNANTES ANTICORRUPCION"
"2288",2022,13,0,15,"25200","Cogua","Cundinamarca",1235,"COALICION PACTO HISTORICO","Presidencia 2da vuelta",5177,15903,"#1b3383","COALICION PACTO HISTORICO"
"2289",2022,13,0,15,"25200","Cogua","Cundinamarca",996,"VOTOS EN BLANCO","Presidencia 2da vuelta",289,15903,"#dddddd","OTROS"
"2290",2022,13,0,15,"25200","Cogua","Cundinamarca",997,"VOTOS NULOS","Presidencia 2da vuelta",176,15903,"#808080","VOTOS NULOS"
"2291",2022,13,0,15,"25200","Cogua","Cundinamarca",998,"VOTOS NO MARCADOS","Presidencia 2da vuelta",7,15903,"#dddddd","OTROS"
"2292",2022,13,0,15,"25214","Cota","Cundinamarca",1076,"LIGA DE GOBERNANTES ANTICORRUPCION","Presidencia 2da vuelta",11292,8316,"#f07605","LIGA DE GOBERNANTES ANTICORRUPCION"
"2293",2022,13,0,15,"25214","Cota","Cundinamarca",1235,"COALICION PACTO HISTORICO","Presidencia 2da vuelta",7539,8316,"#1b3383","COALICION PACTO HISTORICO"
"2294",2022,13,0,15,"25214","Cota","Cundinamarca",996,"VOTOS EN BLANCO","Presidencia 2da vuelta",499,8316,"#dddddd","OTROS"
"2295",2022,13,0,15,"25214","Cota","Cundinamarca",997,"VOTOS NULOS","Presidencia 2da vuelta",148,8316,"#808080","VOTOS NULOS"
"2296",2022,13,0,15,"25214","Cota","Cundinamarca",998,"VOTOS NO MARCADOS","Presidencia 2da vuelta",6,8316,"#dddddd","OTROS"
"2297",2022,13,0,15,"25224","Cucunubá","Cundinamarca",1076,"LIGA DE GOBERNANTES ANTICORRUPCION","Presidencia 2da vuelta",2972,4628,"#f07605","LIGA DE GOBERNANTES ANTICORRUPCION"
"2298",2022,13,0,15,"25224","Cucunubá","Cundinamarca",1235,"COALICION PACTO HISTORICO","Presidencia 2da vuelta",643,4628,"#1b3383","COALICION PACTO HISTORICO"
"2299",2022,13,0,15,"25224","Cucunubá","Cundinamarca",996,"VOTOS EN BLANCO","Presidencia 2da vuelta",74,4628,"#dddddd","OTROS"
"2300",2022,13,0,15,"25224","Cucunubá","Cundinamarca",997,"VOTOS NULOS","Presidencia 2da vuelta",48,4628,"#808080","VOTOS NULOS"
"2301",2022,13,0,15,"25224","Cucunubá","Cundinamarca",998,"VOTOS NO MARCADOS","Presidencia 2da vuelta",2,4628,"#dddddd","OTROS"
"2302",2022,13,0,15,"25245","El Colegio","Cundinamarca",1076,"LIGA DE GOBERNANTES ANTICORRUPCION","Presidencia 2da vuelta",8351,17765,"#f07605","LIGA DE GOBERNANTES ANTICORRUPCION"
"2303",2022,13,0,15,"25245","El Colegio","Cundinamarca",1235,"COALICION PACTO HISTORICO","Presidencia 2da vuelta",5120,17765,"#1b3383","COALICION PACTO HISTORICO"
"2304",2022,13,0,15,"25245","El Colegio","Cundinamarca",996,"VOTOS EN BLANCO","Presidencia 2da vuelta",230,17765,"#dddddd","OTROS"
"2305",2022,13,0,15,"25245","El Colegio","Cundinamarca",997,"VOTOS NULOS","Presidencia 2da vuelta",163,17765,"#808080","VOTOS NULOS"
"2306",2022,13,0,15,"25245","El Colegio","Cundinamarca",998,"VOTOS NO MARCADOS","Presidencia 2da vuelta",15,17765,"#dddddd","OTROS"
"2307",2022,13,0,15,"25258","El Peñón","Cundinamarca",1076,"LIGA DE GOBERNANTES ANTICORRUPCION","Presidencia 2da vuelta",2216,2991,"#f07605","LIGA DE GOBERNANTES ANTICORRUPCION"
"2308",2022,13,0,15,"25258","El Peñón","Cundinamarca",1235,"COALICION PACTO HISTORICO","Presidencia 2da vuelta",362,2991,"#1b3383","COALICION PACTO HISTORICO"
"2309",2022,13,0,15,"25258","El Peñón","Cundinamarca",996,"VOTOS EN BLANCO","Presidencia 2da vuelta",17,2991,"#dddddd","OTROS"
"2310",2022,13,0,15,"25258","El Peñón","Cundinamarca",997,"VOTOS NULOS","Presidencia 2da vuelta",13,2991,"#808080","VOTOS NULOS"
"2311",2022,13,0,15,"25258","El Peñón","Cundinamarca",998,"VOTOS NO MARCADOS","Presidencia 2da vuelta",7,2991,"#dddddd","OTROS"
"2312",2022,13,0,15,"25260","El Rosal","Cundinamarca",1076,"LIGA DE GOBERNANTES ANTICORRUPCION","Presidencia 2da vuelta",7823,18566,"#f07605","LIGA DE GOBERNANTES ANTICORRUPCION"
"2313",2022,13,0,15,"25260","El Rosal","Cundinamarca",1235,"COALICION PACTO HISTORICO","Presidencia 2da vuelta",4902,18566,"#1b3383","COALICION PACTO HISTORICO"
"2314",2022,13,0,15,"25260","El Rosal","Cundinamarca",997,"VOTOS NULOS","Presidencia 2da vuelta",412,18566,"#808080","VOTOS NULOS"
"2315",2022,13,0,15,"25260","El Rosal","Cundinamarca",996,"VOTOS EN BLANCO","Presidencia 2da vuelta",339,18566,"#dddddd","OTROS"
"2316",2022,13,0,15,"25260","El Rosal","Cundinamarca",998,"VOTOS NO MARCADOS","Presidencia 2da vuelta",10,18566,"#dddddd","OTROS"
"2317",2022,13,0,15,"25269","Facatativá","Cundinamarca",1235,"COALICION PACTO HISTORICO","Presidencia 2da vuelta",36281,8336,"#1b3383","COALICION PACTO HISTORICO"
"2318",2022,13,0,15,"25269","Facatativá","Cundinamarca",1076,"LIGA DE GOBERNANTES ANTICORRUPCION","Presidencia 2da vuelta",27905,8336,"#f07605","LIGA DE GOBERNANTES ANTICORRUPCION"
"2319",2022,13,0,15,"25269","Facatativá","Cundinamarca",997,"VOTOS NULOS","Presidencia 2da vuelta",1999,8336,"#808080","VOTOS NULOS"
"2320",2022,13,0,15,"25269","Facatativá","Cundinamarca",996,"VOTOS EN BLANCO","Presidencia 2da vuelta",1953,8336,"#dddddd","OTROS"
"2321",2022,13,0,15,"25269","Facatativá","Cundinamarca",998,"VOTOS NO MARCADOS","Presidencia 2da vuelta",37,8336,"#dddddd","OTROS"
"2322",2022,13,0,15,"25279","Fómeque","Cundinamarca",1076,"LIGA DE GOBERNANTES ANTICORRUPCION","Presidencia 2da vuelta",5531,9375,"#f07605","LIGA DE GOBERNANTES ANTICORRUPCION"
"2323",2022,13,0,15,"25279","Fómeque","Cundinamarca",1235,"COALICION PACTO HISTORICO","Presidencia 2da vuelta",1231,9375,"#1b3383","COALICION PACTO HISTORICO"
"2324",2022,13,0,15,"25279","Fómeque","Cundinamarca",996,"VOTOS EN BLANCO","Presidencia 2da vuelta",108,9375,"#dddddd","OTROS"
"2325",2022,13,0,15,"25279","Fómeque","Cundinamarca",997,"VOTOS NULOS","Presidencia 2da vuelta",30,9375,"#808080","VOTOS NULOS"
"2326",2022,13,0,15,"25279","Fómeque","Cundinamarca",998,"VOTOS NO MARCADOS","Presidencia 2da vuelta",9,9375,"#dddddd","OTROS"
"2327",2022,13,0,15,"25281","Fosca","Cundinamarca",1076,"LIGA DE GOBERNANTES ANTICORRUPCION","Presidencia 2da vuelta",3037,4475,"#f07605","LIGA DE GOBERNANTES ANTICORRUPCION"
"2328",2022,13,0,15,"25281","Fosca","Cundinamarca",1235,"COALICION PACTO HISTORICO","Presidencia 2da vuelta",575,4475,"#1b3383","COALICION PACTO HISTORICO"
"2329",2022,13,0,15,"25281","Fosca","Cundinamarca",996,"VOTOS EN BLANCO","Presidencia 2da vuelta",29,4475,"#dddddd","OTROS"
"2330",2022,13,0,15,"25281","Fosca","Cundinamarca",997,"VOTOS NULOS","Presidencia 2da vuelta",18,4475,"#808080","VOTOS NULOS"
"2331",2022,13,0,15,"25281","Fosca","Cundinamarca",998,"VOTOS NO MARCADOS","Presidencia 2da vuelta",2,840,"#dddddd","OTROS"
"2332",2022,13,0,15,"25286","Funza","Cundinamarca",1235,"COALICION PACTO HISTORICO","Presidencia 2da vuelta",27923,9499,"#1b3383","COALICION PACTO HISTORICO"
"2333",2022,13,0,15,"25286","Funza","Cundinamarca",1076,"LIGA DE GOBERNANTES ANTICORRUPCION","Presidencia 2da vuelta",21581,9499,"#f07605","LIGA DE GOBERNANTES ANTICORRUPCION"
"2334",2022,13,0,15,"25286","Funza","Cundinamarca",996,"VOTOS EN BLANCO","Presidencia 2da vuelta",1442,9499,"#dddddd","OTROS"
"2335",2022,13,0,15,"25286","Funza","Cundinamarca",997,"VOTOS NULOS","Presidencia 2da vuelta",1081,9499,"#808080","VOTOS NULOS"
"2336",2022,13,0,15,"25286","Funza","Cundinamarca",998,"VOTOS NO MARCADOS","Presidencia 2da vuelta",27,9499,"#dddddd","OTROS"
"2337",2022,13,0,15,"25288","Fúquene","Cundinamarca",1076,"LIGA DE GOBERNANTES ANTICORRUPCION","Presidencia 2da vuelta",1756,2023,"#f07605","LIGA DE GOBERNANTES ANTICORRUPCION"
"2338",2022,13,0,15,"25288","Fúquene","Cundinamarca",1235,"COALICION PACTO HISTORICO","Presidencia 2da vuelta",957,2023,"#1b3383","COALICION PACTO HISTORICO"
"2339",2022,13,0,15,"25288","Fúquene","Cundinamarca",996,"VOTOS EN BLANCO","Presidencia 2da vuelta",52,2023,"#dddddd","OTROS"
"2340",2022,13,0,15,"25288","Fúquene","Cundinamarca",997,"VOTOS NULOS","Presidencia 2da vuelta",27,2023,"#808080","VOTOS NULOS"
"2341",2022,13,0,15,"25288","Fúquene","Cundinamarca",998,"VOTOS NO MARCADOS","Presidencia 2da vuelta",6,2023,"#dddddd","OTROS"
"2342",2022,13,0,15,"25290","Fusagasugá","Cundinamarca",1076,"LIGA DE GOBERNANTES ANTICORRUPCION","Presidencia 2da vuelta",40732,7754,"#f07605","LIGA DE GOBERNANTES ANTICORRUPCION"
"2343",2022,13,0,15,"25290","Fusagasugá","Cundinamarca",1235,"COALICION PACTO HISTORICO","Presidencia 2da vuelta",29241,7754,"#1b3383","COALICION PACTO HISTORICO"
"2344",2022,13,0,15,"25290","Fusagasugá","Cundinamarca",996,"VOTOS EN BLANCO","Presidencia 2da vuelta",1776,7754,"#dddddd","OTROS"
"2345",2022,13,0,15,"25290","Fusagasugá","Cundinamarca",997,"VOTOS NULOS","Presidencia 2da vuelta",1020,7754,"#808080","VOTOS NULOS"
"2346",2022,13,0,15,"25290","Fusagasugá","Cundinamarca",998,"VOTOS NO MARCADOS","Presidencia 2da vuelta",45,7754,"#dddddd","OTROS"
"2347",2022,13,0,15,"25293","Gachala","Cundinamarca",1076,"LIGA DE GOBERNANTES ANTICORRUPCION","Presidencia 2da vuelta",2078,4115,"#f07605","LIGA DE GOBERNANTES ANTICORRUPCION"
"2348",2022,13,0,15,"25293","Gachala","Cundinamarca",1235,"COALICION PACTO HISTORICO","Presidencia 2da vuelta",824,4115,"#1b3383","COALICION PACTO HISTORICO"
"2349",2022,13,0,15,"25293","Gachala","Cundinamarca",996,"VOTOS EN BLANCO","Presidencia 2da vuelta",49,4115,"#dddddd","OTROS"
"2350",2022,13,0,15,"25293","Gachala","Cundinamarca",997,"VOTOS NULOS","Presidencia 2da vuelta",33,4115,"#808080","VOTOS NULOS"
"2351",2022,13,0,15,"25293","Gachala","Cundinamarca",998,"VOTOS NO MARCADOS","Presidencia 2da vuelta",2,4115,"#dddddd","OTROS"
"2352",2022,13,0,15,"25295","Gachancipá","Cundinamarca",1235,"COALICION PACTO HISTORICO","Presidencia 2da vuelta",4323,11746,"#1b3383","COALICION PACTO HISTORICO"
"2353",2022,13,0,15,"25295","Gachancipá","Cundinamarca",1076,"LIGA DE GOBERNANTES ANTICORRUPCION","Presidencia 2da vuelta",3803,11746,"#f07605","LIGA DE GOBERNANTES ANTICORRUPCION"
"2354",2022,13,0,15,"25295","Gachancipá","Cundinamarca",996,"VOTOS EN BLANCO","Presidencia 2da vuelta",261,11746,"#dddddd","OTROS"
"2355",2022,13,0,15,"25295","Gachancipá","Cundinamarca",997,"VOTOS NULOS","Presidencia 2da vuelta",219,11746,"#808080","VOTOS NULOS"
"2356",2022,13,0,15,"25295","Gachancipá","Cundinamarca",998,"VOTOS NO MARCADOS","Presidencia 2da vuelta",7,11746,"#dddddd","OTROS"
"2357",2022,13,0,15,"25297","Gachetá","Cundinamarca",1076,"LIGA DE GOBERNANTES ANTICORRUPCION","Presidencia 2da vuelta",3814,8708,"#f07605","LIGA DE GOBERNANTES ANTICORRUPCION"
"2358",2022,13,0,15,"25297","Gachetá","Cundinamarca",1235,"COALICION PACTO HISTORICO","Presidencia 2da vuelta",1366,8708,"#1b3383","COALICION PACTO HISTORICO"
"2359",2022,13,0,15,"25297","Gachetá","Cundinamarca",996,"VOTOS EN BLANCO","Presidencia 2da vuelta",130,8708,"#dddddd","OTROS"
"2360",2022,13,0,15,"25297","Gachetá","Cundinamarca",997,"VOTOS NULOS","Presidencia 2da vuelta",53,8708,"#808080","VOTOS NULOS"
"2361",2022,13,0,15,"25297","Gachetá","Cundinamarca",998,"VOTOS NO MARCADOS","Presidencia 2da vuelta",3,8708,"#dddddd","OTROS"
"2362",2022,13,0,15,"25299","Gama","Cundinamarca",1076,"LIGA DE GOBERNANTES ANTICORRUPCION","Presidencia 2da vuelta",1468,2782,"#f07605","LIGA DE GOBERNANTES ANTICORRUPCION"
"2363",2022,13,0,15,"25299","Gama","Cundinamarca",1235,"COALICION PACTO HISTORICO","Presidencia 2da vuelta",386,2782,"#1b3383","COALICION PACTO HISTORICO"
"2364",2022,13,0,15,"25299","Gama","Cundinamarca",996,"VOTOS EN BLANCO","Presidencia 2da vuelta",37,2782,"#dddddd","OTROS"
"2365",2022,13,0,15,"25299","Gama","Cundinamarca",997,"VOTOS NULOS","Presidencia 2da vuelta",24,2782,"#808080","VOTOS NULOS"
"2366",2022,13,0,15,"25299","Gama","Cundinamarca",998,"VOTOS NO MARCADOS","Presidencia 2da vuelta",2,2782,"#dddddd","OTROS"
"2367",2022,13,0,15,"25307","Girardot","Cundinamarca",1076,"LIGA DE GOBERNANTES ANTICORRUPCION","Presidencia 2da vuelta",32750,8891,"#f07605","LIGA DE GOBERNANTES ANTICORRUPCION"
"2368",2022,13,0,15,"25307","Girardot","Cundinamarca",1235,"COALICION PACTO HISTORICO","Presidencia 2da vuelta",20969,8891,"#1b3383","COALICION PACTO HISTORICO"
"2369",2022,13,0,15,"25307","Girardot","Cundinamarca",996,"VOTOS EN BLANCO","Presidencia 2da vuelta",1073,8891,"#dddddd","OTROS"
"2370",2022,13,0,15,"25307","Girardot","Cundinamarca",997,"VOTOS NULOS","Presidencia 2da vuelta",829,8891,"#808080","VOTOS NULOS"
"2371",2022,13,0,15,"25307","Girardot","Cundinamarca",998,"VOTOS NO MARCADOS","Presidencia 2da vuelta",34,8891,"#dddddd","OTROS"
"2372",2022,13,0,15,"25312","Granada","Cundinamarca",1076,"LIGA DE GOBERNANTES ANTICORRUPCION","Presidencia 2da vuelta",2057,6407,"#f07605","LIGA DE GOBERNANTES ANTICORRUPCION"
"2373",2022,13,0,15,"25312","Granada","Cundinamarca",1235,"COALICION PACTO HISTORICO","Presidencia 2da vuelta",2007,6407,"#1b3383","COALICION PACTO HISTORICO"
"2374",2022,13,0,15,"25312","Granada","Cundinamarca",996,"VOTOS EN BLANCO","Presidencia 2da vuelta",76,6407,"#dddddd","OTROS"
"2375",2022,13,0,15,"25312","Granada","Cundinamarca",997,"VOTOS NULOS","Presidencia 2da vuelta",66,6407,"#808080","VOTOS NULOS"
"2376",2022,13,0,15,"25312","Granada","Cundinamarca",998,"VOTOS NO MARCADOS","Presidencia 2da vuelta",8,6407,"#dddddd","OTROS"
"2377",2022,13,0,15,"25317","Guachetá","Cundinamarca",1076,"LIGA DE GOBERNANTES ANTICORRUPCION","Presidencia 2da vuelta",4174,9094,"#f07605","LIGA DE GOBERNANTES ANTICORRUPCION"
"2378",2022,13,0,15,"25317","Guachetá","Cundinamarca",1235,"COALICION PACTO HISTORICO","Presidencia 2da vuelta",1360,9094,"#1b3383","COALICION PACTO HISTORICO"
"2379",2022,13,0,15,"25317","Guachetá","Cundinamarca",996,"VOTOS EN BLANCO","Presidencia 2da vuelta",184,9094,"#dddddd","OTROS"
"2380",2022,13,0,15,"25317","Guachetá","Cundinamarca",997,"VOTOS NULOS","Presidencia 2da vuelta",122,9094,"#808080","VOTOS NULOS"
"2381",2022,13,0,15,"25317","Guachetá","Cundinamarca",998,"VOTOS NO MARCADOS","Presidencia 2da vuelta",8,9094,"#dddddd","OTROS"
"2382",2022,13,0,15,"25320","Guaduas","Cundinamarca",1076,"LIGA DE GOBERNANTES ANTICORRUPCION","Presidencia 2da vuelta",9486,18072,"#f07605","LIGA DE GOBERNANTES ANTICORRUPCION"
"2383",2022,13,0,15,"25320","Guaduas","Cundinamarca",1235,"COALICION PACTO HISTORICO","Presidencia 2da vuelta",3999,18072,"#1b3383","COALICION PACTO HISTORICO"
"2384",2022,13,0,15,"25320","Guaduas","Cundinamarca",996,"VOTOS EN BLANCO","Presidencia 2da vuelta",230,18072,"#dddddd","OTROS"
"2385",2022,13,0,15,"25320","Guaduas","Cundinamarca",997,"VOTOS NULOS","Presidencia 2da vuelta",190,18072,"#808080","VOTOS NULOS"
"2386",2022,13,0,15,"25320","Guaduas","Cundinamarca",998,"VOTOS NO MARCADOS","Presidencia 2da vuelta",9,18072,"#dddddd","OTROS"
"2387",2022,13,0,15,"25322","Guasca","Cundinamarca",1076,"LIGA DE GOBERNANTES ANTICORRUPCION","Presidencia 2da vuelta",4716,11784,"#f07605","LIGA DE GOBERNANTES ANTICORRUPCION"
"2388",2022,13,0,15,"25322","Guasca","Cundinamarca",1235,"COALICION PACTO HISTORICO","Presidencia 2da vuelta",2983,11784,"#1b3383","COALICION PACTO HISTORICO"
"2389",2022,13,0,15,"25322","Guasca","Cundinamarca",996,"VOTOS EN BLANCO","Presidencia 2da vuelta",240,11784,"#dddddd","OTROS"
"2390",2022,13,0,15,"25322","Guasca","Cundinamarca",997,"VOTOS NULOS","Presidencia 2da vuelta",178,11784,"#808080","VOTOS NULOS"
"2391",2022,13,0,15,"25322","Guasca","Cundinamarca",998,"VOTOS NO MARCADOS","Presidencia 2da vuelta",9,11784,"#dddddd","OTROS"
"2392",2022,13,0,15,"25324","Guataquí","Cundinamarca",1076,"LIGA DE GOBERNANTES ANTICORRUPCION","Presidencia 2da vuelta",766,2681,"#f07605","LIGA DE GOBERNANTES ANTICORRUPCION"
"2393",2022,13,0,15,"25324","Guataquí","Cundinamarca",1235,"COALICION PACTO HISTORICO","Presidencia 2da vuelta",575,2681,"#1b3383","COALICION PACTO HISTORICO"
"2394",2022,13,0,15,"25324","Guataquí","Cundinamarca",996,"VOTOS EN BLANCO","Presidencia 2da vuelta",18,2681,"#dddddd","OTROS"
"2395",2022,13,0,15,"25324","Guataquí","Cundinamarca",997,"VOTOS NULOS","Presidencia 2da vuelta",15,2681,"#808080","VOTOS NULOS"
"2396",2022,13,0,15,"25326","Guatavita","Cundinamarca",1076,"LIGA DE GOBERNANTES ANTICORRUPCION","Presidencia 2da vuelta",2796,5469,"#f07605","LIGA DE GOBERNANTES ANTICORRUPCION"
"2397",2022,13,0,15,"25326","Guatavita","Cundinamarca",1235,"COALICION PACTO HISTORICO","Presidencia 2da vuelta",1083,5469,"#1b3383","COALICION PACTO HISTORICO"
"2398",2022,13,0,15,"25326","Guatavita","Cundinamarca",996,"VOTOS EN BLANCO","Presidencia 2da vuelta",111,5469,"#dddddd","OTROS"
"2399",2022,13,0,15,"25326","Guatavita","Cundinamarca",997,"VOTOS NULOS","Presidencia 2da vuelta",46,5469,"#808080","VOTOS NULOS"
"2400",2022,13,0,15,"25326","Guatavita","Cundinamarca",998,"VOTOS NO MARCADOS","Presidencia 2da vuelta",4,5469,"#dddddd","OTROS"
"2401",2022,13,0,15,"25328","Guayabal de Siquima","Cundinamarca",1076,"LIGA DE GOBERNANTES ANTICORRUPCION","Presidencia 2da vuelta",1877,4164,"#f07605","LIGA DE GOBERNANTES ANTICORRUPCION"
"2402",2022,13,0,15,"25328","Guayabal de Siquima","Cundinamarca",1235,"COALICION PACTO HISTORICO","Presidencia 2da vuelta",812,4164,"#1b3383","COALICION PACTO HISTORICO"
"2403",2022,13,0,15,"25328","Guayabal de Siquima","Cundinamarca",996,"VOTOS EN BLANCO","Presidencia 2da vuelta",58,4164,"#dddddd","OTROS"
"2404",2022,13,0,15,"25328","Guayabal de Siquima","Cundinamarca",997,"VOTOS NULOS","Presidencia 2da vuelta",18,4164,"#808080","VOTOS NULOS"
"2405",2022,13,0,15,"25328","Guayabal de Siquima","Cundinamarca",998,"VOTOS NO MARCADOS","Presidencia 2da vuelta",2,4164,"#dddddd","OTROS"
"2406",2022,13,0,15,"25335","Guayabetal","Cundinamarca",1076,"LIGA DE GOBERNANTES ANTICORRUPCION","Presidencia 2da vuelta",2475,4641,"#f07605","LIGA DE GOBERNANTES ANTICORRUPCION"
"2407",2022,13,0,15,"25335","Guayabetal","Cundinamarca",1235,"COALICION PACTO HISTORICO","Presidencia 2da vuelta",711,4641,"#1b3383","COALICION PACTO HISTORICO"
"2408",2022,13,0,15,"25335","Guayabetal","Cundinamarca",996,"VOTOS EN BLANCO","Presidencia 2da vuelta",41,4641,"#dddddd","OTROS"
"2409",2022,13,0,15,"25335","Guayabetal","Cundinamarca",997,"VOTOS NULOS","Presidencia 2da vuelta",35,4641,"#808080","VOTOS NULOS"
"2410",2022,13,0,15,"25335","Guayabetal","Cundinamarca",998,"VOTOS NO MARCADOS","Presidencia 2da vuelta",4,4641,"#dddddd","OTROS"
"2411",2022,13,0,15,"25339","Gutiérrez","Cundinamarca",1076,"LIGA DE GOBERNANTES ANTICORRUPCION","Presidencia 2da vuelta",1699,2785,"#f07605","LIGA DE GOBERNANTES ANTICORRUPCION"
"2412",2022,13,0,15,"25339","Gutiérrez","Cundinamarca",1235,"COALICION PACTO HISTORICO","Presidencia 2da vuelta",291,2785,"#1b3383","COALICION PACTO HISTORICO"
"2413",2022,13,0,15,"25339","Gutiérrez","Cundinamarca",996,"VOTOS EN BLANCO","Presidencia 2da vuelta",10,2785,"#dddddd","OTROS"
"2414",2022,13,0,15,"25339","Gutiérrez","Cundinamarca",997,"VOTOS NULOS","Presidencia 2da vuelta",4,2785,"#808080","VOTOS NULOS"
"2415",2022,13,0,15,"25368","Jerusalén","Cundinamarca",1076,"LIGA DE GOBERNANTES ANTICORRUPCION","Presidencia 2da vuelta",1005,2708,"#f07605","LIGA DE GOBERNANTES ANTICORRUPCION"
"2416",2022,13,0,15,"25368","Jerusalén","Cundinamarca",1235,"COALICION PACTO HISTORICO","Presidencia 2da vuelta",355,2708,"#1b3383","COALICION PACTO HISTORICO"
"2417",2022,13,0,15,"25368","Jerusalén","Cundinamarca",996,"VOTOS EN BLANCO","Presidencia 2da vuelta",14,2708,"#dddddd","OTROS"
"2418",2022,13,0,15,"25368","Jerusalén","Cundinamarca",997,"VOTOS NULOS","Presidencia 2da vuelta",2,2708,"#808080","VOTOS NULOS"
"2419",2022,13,0,15,"25368","Jerusalén","Cundinamarca",998,"VOTOS NO MARCADOS","Presidencia 2da vuelta",2,2708,"#dddddd","OTROS"
"2420",2022,13,0,15,"25372","Junín","Cundinamarca",1076,"LIGA DE GOBERNANTES ANTICORRUPCION","Presidencia 2da vuelta",2301,3751,"#f07605","LIGA DE GOBERNANTES ANTICORRUPCION"
"2421",2022,13,0,15,"25372","Junín","Cundinamarca",1235,"COALICION PACTO HISTORICO","Presidencia 2da vuelta",809,3751,"#1b3383","COALICION PACTO HISTORICO"
"2422",2022,13,0,15,"25372","Junín","Cundinamarca",996,"VOTOS EN BLANCO","Presidencia 2da vuelta",60,3751,"#dddddd","OTROS"
"2423",2022,13,0,15,"25372","Junín","Cundinamarca",997,"VOTOS NULOS","Presidencia 2da vuelta",40,3751,"#808080","VOTOS NULOS"
"2424",2022,13,0,15,"25372","Junín","Cundinamarca",998,"VOTOS NO MARCADOS","Presidencia 2da vuelta",2,3751,"#dddddd","OTROS"
"2425",2022,13,0,15,"25377","La Calera","Cundinamarca",1076,"LIGA DE GOBERNANTES ANTICORRUPCION","Presidencia 2da vuelta",8283,5489,"#f07605","LIGA DE GOBERNANTES ANTICORRUPCION"
"2426",2022,13,0,15,"25377","La Calera","Cundinamarca",1235,"COALICION PACTO HISTORICO","Presidencia 2da vuelta",7844,5489,"#1b3383","COALICION PACTO HISTORICO"
"2427",2022,13,0,15,"25377","La Calera","Cundinamarca",996,"VOTOS EN BLANCO","Presidencia 2da vuelta",464,5489,"#dddddd","OTROS"
"2428",2022,13,0,15,"25377","La Calera","Cundinamarca",997,"VOTOS NULOS","Presidencia 2da vuelta",175,5489,"#808080","VOTOS NULOS"
"2429",2022,13,0,15,"25377","La Calera","Cundinamarca",998,"VOTOS NO MARCADOS","Presidencia 2da vuelta",4,5489,"#dddddd","OTROS"
"2430",2022,13,0,15,"25386","La Mesa","Cundinamarca",1076,"LIGA DE GOBERNANTES ANTICORRUPCION","Presidencia 2da vuelta",10338,5290,"#f07605","LIGA DE GOBERNANTES ANTICORRUPCION"
"2431",2022,13,0,15,"25386","La Mesa","Cundinamarca",1235,"COALICION PACTO HISTORICO","Presidencia 2da vuelta",5742,5290,"#1b3383","COALICION PACTO HISTORICO"
"2432",2022,13,0,15,"25386","La Mesa","Cundinamarca",996,"VOTOS EN BLANCO","Presidencia 2da vuelta",324,5290,"#dddddd","OTROS"
"2433",2022,13,0,15,"25386","La Mesa","Cundinamarca",997,"VOTOS NULOS","Presidencia 2da vuelta",189,5290,"#808080","VOTOS NULOS"
"2434",2022,13,0,15,"25386","La Mesa","Cundinamarca",998,"VOTOS NO MARCADOS","Presidencia 2da vuelta",14,5290,"#dddddd","OTROS"
"2435",2022,13,0,15,"25394","La Palma","Cundinamarca",1076,"LIGA DE GOBERNANTES ANTICORRUPCION","Presidencia 2da vuelta",3016,7490,"#f07605","LIGA DE GOBERNANTES ANTICORRUPCION"
"2436",2022,13,0,15,"25394","La Palma","Cundinamarca",1235,"COALICION PACTO HISTORICO","Presidencia 2da vuelta",1246,7490,"#1b3383","COALICION PACTO HISTORICO"
"2437",2022,13,0,15,"25394","La Palma","Cundinamarca",996,"VOTOS EN BLANCO","Presidencia 2da vuelta",65,7490,"#dddddd","OTROS"
"2438",2022,13,0,15,"25394","La Palma","Cundinamarca",997,"VOTOS NULOS","Presidencia 2da vuelta",34,7490,"#808080","VOTOS NULOS"
"2439",2022,13,0,15,"25394","La Palma","Cundinamarca",998,"VOTOS NO MARCADOS","Presidencia 2da vuelta",12,7490,"#dddddd","OTROS"
"2440",2022,13,0,15,"25398","La Peña","Cundinamarca",1076,"LIGA DE GOBERNANTES ANTICORRUPCION","Presidencia 2da vuelta",3084,6056,"#f07605","LIGA DE GOBERNANTES ANTICORRUPCION"
"2441",2022,13,0,15,"25398","La Peña","Cundinamarca",1235,"COALICION PACTO HISTORICO","Presidencia 2da vuelta",505,6056,"#1b3383","COALICION PACTO HISTORICO"
"2442",2022,13,0,15,"25398","La Peña","Cundinamarca",996,"VOTOS EN BLANCO","Presidencia 2da vuelta",45,6056,"#dddddd","OTROS"
"2443",2022,13,0,15,"25398","La Peña","Cundinamarca",997,"VOTOS NULOS","Presidencia 2da vuelta",18,6056,"#808080","VOTOS NULOS"
"2444",2022,13,0,15,"25398","La Peña","Cundinamarca",998,"VOTOS NO MARCADOS","Presidencia 2da vuelta",6,6056,"#dddddd","OTROS"
"2445",2022,13,0,15,"25402","La Vega","Cundinamarca",1076,"LIGA DE GOBERNANTES ANTICORRUPCION","Presidencia 2da vuelta",6703,13495,"#f07605","LIGA DE GOBERNANTES ANTICORRUPCION"
"2446",2022,13,0,15,"25402","La Vega","Cundinamarca",1235,"COALICION PACTO HISTORICO","Presidencia 2da vuelta",2416,13495,"#1b3383","COALICION PACTO HISTORICO"
"2447",2022,13,0,15,"25402","La Vega","Cundinamarca",996,"VOTOS EN BLANCO","Presidencia 2da vuelta",138,13495,"#dddddd","OTROS"
"2448",2022,13,0,15,"25402","La Vega","Cundinamarca",997,"VOTOS NULOS","Presidencia 2da vuelta",93,13495,"#808080","VOTOS NULOS"
"2449",2022,13,0,15,"25402","La Vega","Cundinamarca",998,"VOTOS NO MARCADOS","Presidencia 2da vuelta",5,13495,"#dddddd","OTROS"
"2450",2022,13,0,15,"25407","Lenguazaque","Cundinamarca",1076,"LIGA DE GOBERNANTES ANTICORRUPCION","Presidencia 2da vuelta",4363,7167,"#f07605","LIGA DE GOBERNANTES ANTICORRUPCION"
"2451",2022,13,0,15,"25407","Lenguazaque","Cundinamarca",1235,"COALICION PACTO HISTORICO","Presidencia 2da vuelta",660,7167,"#1b3383","COALICION PACTO HISTORICO"
"2452",2022,13,0,15,"25407","Lenguazaque","Cundinamarca",996,"VOTOS EN BLANCO","Presidencia 2da vuelta",114,7167,"#dddddd","OTROS"
"2453",2022,13,0,15,"25407","Lenguazaque","Cundinamarca",997,"VOTOS NULOS","Presidencia 2da vuelta",58,7167,"#808080","VOTOS NULOS"
"2454",2022,13,0,15,"25407","Lenguazaque","Cundinamarca",998,"VOTOS NO MARCADOS","Presidencia 2da vuelta",5,7167,"#dddddd","OTROS"
"2455",2022,13,0,15,"25426","Machetá","Cundinamarca",1076,"LIGA DE GOBERNANTES ANTICORRUPCION","Presidencia 2da vuelta",3508,6444,"#f07605","LIGA DE GOBERNANTES ANTICORRUPCION"
"2456",2022,13,0,15,"25426","Machetá","Cundinamarca",1235,"COALICION PACTO HISTORICO","Presidencia 2da vuelta",746,6444,"#1b3383","COALICION PACTO HISTORICO"
"2457",2022,13,0,15,"25426","Machetá","Cundinamarca",996,"VOTOS EN BLANCO","Presidencia 2da vuelta",84,6444,"#dddddd","OTROS"
"2458",2022,13,0,15,"25426","Machetá","Cundinamarca",997,"VOTOS NULOS","Presidencia 2da vuelta",54,6444,"#808080","VOTOS NULOS"
"2459",2022,13,0,15,"25426","Machetá","Cundinamarca",998,"VOTOS NO MARCADOS","Presidencia 2da vuelta",4,6444,"#dddddd","OTROS"
"2460",2022,13,0,15,"25430","Madrid","Cundinamarca",1235,"COALICION PACTO HISTORICO","Presidencia 2da vuelta",29506,7170,"#1b3383","COALICION PACTO HISTORICO"
"2461",2022,13,0,15,"25430","Madrid","Cundinamarca",1076,"LIGA DE GOBERNANTES ANTICORRUPCION","Presidencia 2da vuelta",22765,7170,"#f07605","LIGA DE GOBERNANTES ANTICORRUPCION"
"2462",2022,13,0,15,"25430","Madrid","Cundinamarca",996,"VOTOS EN BLANCO","Presidencia 2da vuelta",1592,7170,"#dddddd","OTROS"
"2463",2022,13,0,15,"25430","Madrid","Cundinamarca",997,"VOTOS NULOS","Presidencia 2da vuelta",1405,7170,"#808080","VOTOS NULOS"
"2464",2022,13,0,15,"25430","Madrid","Cundinamarca",998,"VOTOS NO MARCADOS","Presidencia 2da vuelta",28,7170,"#dddddd","OTROS"
"2465",2022,13,0,15,"25436","Manta","Cundinamarca",1076,"LIGA DE GOBERNANTES ANTICORRUPCION","Presidencia 2da vuelta",2232,4178,"#f07605","LIGA DE GOBERNANTES ANTICORRUPCION"
"2466",2022,13,0,15,"25436","Manta","Cundinamarca",1235,"COALICION PACTO HISTORICO","Presidencia 2da vuelta",588,4178,"#1b3383","COALICION PACTO HISTORICO"
"2467",2022,13,0,15,"25436","Manta","Cundinamarca",996,"VOTOS EN BLANCO","Presidencia 2da vuelta",38,4178,"#dddddd","OTROS"
"2468",2022,13,0,15,"25436","Manta","Cundinamarca",997,"VOTOS NULOS","Presidencia 2da vuelta",10,4178,"#808080","VOTOS NULOS"
"2469",2022,13,0,15,"25436","Manta","Cundinamarca",998,"VOTOS NO MARCADOS","Presidencia 2da vuelta",6,4178,"#dddddd","OTROS"
"2470",2022,13,0,15,"25438","Medina","Cundinamarca",1076,"LIGA DE GOBERNANTES ANTICORRUPCION","Presidencia 2da vuelta",3596,5202,"#f07605","LIGA DE GOBERNANTES ANTICORRUPCION"
"2471",2022,13,0,15,"25438","Medina","Cundinamarca",1235,"COALICION PACTO HISTORICO","Presidencia 2da vuelta",673,5202,"#1b3383","COALICION PACTO HISTORICO"
"2472",2022,13,0,15,"25438","Medina","Cundinamarca",996,"VOTOS EN BLANCO","Presidencia 2da vuelta",39,5202,"#dddddd","OTROS"
"2473",2022,13,0,15,"25438","Medina","Cundinamarca",997,"VOTOS NULOS","Presidencia 2da vuelta",33,5202,"#808080","VOTOS NULOS"
"2474",2022,13,0,15,"25438","Medina","Cundinamarca",998,"VOTOS NO MARCADOS","Presidencia 2da vuelta",5,5202,"#dddddd","OTROS"
"2475",2022,13,0,15,"25473","Mosquera","Cundinamarca",1235,"COALICION PACTO HISTORICO","Presidencia 2da vuelta",33830,10162,"#1b3383","COALICION PACTO HISTORICO"
"2476",2022,13,0,15,"25473","Mosquera","Cundinamarca",1076,"LIGA DE GOBERNANTES ANTICORRUPCION","Presidencia 2da vuelta",25501,10162,"#f07605","LIGA DE GOBERNANTES ANTICORRUPCION"
"2477",2022,13,0,15,"25473","Mosquera","Cundinamarca",996,"VOTOS EN BLANCO","Presidencia 2da vuelta",1785,10162,"#dddddd","OTROS"
"2478",2022,13,0,15,"25473","Mosquera","Cundinamarca",997,"VOTOS NULOS","Presidencia 2da vuelta",1010,10162,"#808080","VOTOS NULOS"
"2479",2022,13,0,15,"25473","Mosquera","Cundinamarca",998,"VOTOS NO MARCADOS","Presidencia 2da vuelta",28,10162,"#dddddd","OTROS"
"2480",2022,13,0,15,"25483","Nariño","Cundinamarca",1076,"LIGA DE GOBERNANTES ANTICORRUPCION","Presidencia 2da vuelta",864,2814,"#f07605","LIGA DE GOBERNANTES ANTICORRUPCION"
"2481",2022,13,0,15,"25483","Nariño","Cundinamarca",1235,"COALICION PACTO HISTORICO","Presidencia 2da vuelta",690,2814,"#1b3383","COALICION PACTO HISTORICO"
"2482",2022,13,0,15,"25483","Nariño","Cundinamarca",996,"VOTOS EN BLANCO","Presidencia 2da vuelta",17,2814,"#dddddd","OTROS"
"2483",2022,13,0,15,"25483","Nariño","Cundinamarca",997,"VOTOS NULOS","Presidencia 2da vuelta",6,2814,"#808080","VOTOS NULOS"
"2484",2022,13,0,15,"25483","Nariño","Cundinamarca",998,"VOTOS NO MARCADOS","Presidencia 2da vuelta",1,2814,"#dddddd","OTROS"
"2485",2022,13,0,15,"25486","Nemocón","Cundinamarca",1076,"LIGA DE GOBERNANTES ANTICORRUPCION","Presidencia 2da vuelta",4450,8968,"#f07605","LIGA DE GOBERNANTES ANTICORRUPCION"
"2486",2022,13,0,15,"25486","Nemocón","Cundinamarca",1235,"COALICION PACTO HISTORICO","Presidencia 2da vuelta",3083,8968,"#1b3383","COALICION PACTO HISTORICO"
"2487",2022,13,0,15,"25486","Nemocón","Cundinamarca",997,"VOTOS NULOS","Presidencia 2da vuelta",185,8968,"#808080","VOTOS NULOS"
"2488",2022,13,0,15,"25486","Nemocón","Cundinamarca",996,"VOTOS EN BLANCO","Presidencia 2da vuelta",167,8968,"#dddddd","OTROS"
"2489",2022,13,0,15,"25486","Nemocón","Cundinamarca",998,"VOTOS NO MARCADOS","Presidencia 2da vuelta",9,8968,"#dddddd","OTROS"
"2490",2022,13,0,15,"25488","Nilo","Cundinamarca",1076,"LIGA DE GOBERNANTES ANTICORRUPCION","Presidencia 2da vuelta",2385,4442,"#f07605","LIGA DE GOBERNANTES ANTICORRUPCION"
"2491",2022,13,0,15,"25488","Nilo","Cundinamarca",1235,"COALICION PACTO HISTORICO","Presidencia 2da vuelta",1094,4442,"#1b3383","COALICION PACTO HISTORICO"
"2492",2022,13,0,15,"25488","Nilo","Cundinamarca",996,"VOTOS EN BLANCO","Presidencia 2da vuelta",59,4442,"#dddddd","OTROS"
"2493",2022,13,0,15,"25488","Nilo","Cundinamarca",997,"VOTOS NULOS","Presidencia 2da vuelta",35,4442,"#808080","VOTOS NULOS"
"2494",2022,13,0,15,"25488","Nilo","Cundinamarca",998,"VOTOS NO MARCADOS","Presidencia 2da vuelta",4,4442,"#dddddd","OTROS"
"2495",2022,13,0,15,"25489","Nimaima","Cundinamarca",1076,"LIGA DE GOBERNANTES ANTICORRUPCION","Presidencia 2da vuelta",1739,2026,"#f07605","LIGA DE GOBERNANTES ANTICORRUPCION"
"2496",2022,13,0,15,"25489","Nimaima","Cundinamarca",1235,"COALICION PACTO HISTORICO","Presidencia 2da vuelta",403,2026,"#1b3383","COALICION PACTO HISTORICO"
"2497",2022,13,0,15,"25489","Nimaima","Cundinamarca",996,"VOTOS EN BLANCO","Presidencia 2da vuelta",17,2026,"#dddddd","OTROS"
"2498",2022,13,0,15,"25489","Nimaima","Cundinamarca",997,"VOTOS NULOS","Presidencia 2da vuelta",8,2026,"#808080","VOTOS NULOS"
"2499",2022,13,0,15,"25489","Nimaima","Cundinamarca",998,"VOTOS NO MARCADOS","Presidencia 2da vuelta",3,2026,"#dddddd","OTROS"
"2500",2022,13,0,15,"25491","Nocaima","Cundinamarca",1076,"LIGA DE GOBERNANTES ANTICORRUPCION","Presidencia 2da vuelta",2216,5399,"#f07605","LIGA DE GOBERNANTES ANTICORRUPCION"
"2501",2022,13,0,15,"25491","Nocaima","Cundinamarca",1235,"COALICION PACTO HISTORICO","Presidencia 2da vuelta",1175,5399,"#1b3383","COALICION PACTO HISTORICO"
"2502",2022,13,0,15,"25491","Nocaima","Cundinamarca",996,"VOTOS EN BLANCO","Presidencia 2da vuelta",52,5399,"#dddddd","OTROS"
"2503",2022,13,0,15,"25491","Nocaima","Cundinamarca",997,"VOTOS NULOS","Presidencia 2da vuelta",25,5399,"#808080","VOTOS NULOS"
"2504",2022,13,0,15,"25491","Nocaima","Cundinamarca",998,"VOTOS NO MARCADOS","Presidencia 2da vuelta",7,5399,"#dddddd","OTROS"
"2505",2022,13,0,15,"25506","Venecia","Cundinamarca",1076,"LIGA DE GOBERNANTES ANTICORRUPCION","Presidencia 2da vuelta",1276,3338,"#f07605","LIGA DE GOBERNANTES ANTICORRUPCION"
"2506",2022,13,0,15,"25506","Venecia","Cundinamarca",1235,"COALICION PACTO HISTORICO","Presidencia 2da vuelta",928,3338,"#1b3383","COALICION PACTO HISTORICO"
"2507",2022,13,0,15,"25506","Venecia","Cundinamarca",996,"VOTOS EN BLANCO","Presidencia 2da vuelta",29,3338,"#dddddd","OTROS"
"2508",2022,13,0,15,"25506","Venecia","Cundinamarca",997,"VOTOS NULOS","Presidencia 2da vuelta",19,3338,"#808080","VOTOS NULOS"
"2509",2022,13,0,15,"25506","Venecia","Cundinamarca",998,"VOTOS NO MARCADOS","Presidencia 2da vuelta",6,3338,"#dddddd","OTROS"
"2510",2022,13,0,15,"25513","Pacho","Cundinamarca",1076,"LIGA DE GOBERNANTES ANTICORRUPCION","Presidencia 2da vuelta",10534,7015,"#f07605","LIGA DE GOBERNANTES ANTICORRUPCION"
"2511",2022,13,0,15,"25513","Pacho","Cundinamarca",1235,"COALICION PACTO HISTORICO","Presidencia 2da vuelta",3105,7015,"#1b3383","COALICION PACTO HISTORICO"
"2512",2022,13,0,15,"25513","Pacho","Cundinamarca",996,"VOTOS EN BLANCO","Presidencia 2da vuelta",249,7015,"#dddddd","OTROS"
"2513",2022,13,0,15,"25513","Pacho","Cundinamarca",997,"VOTOS NULOS","Presidencia 2da vuelta",101,7015,"#808080","VOTOS NULOS"
"2514",2022,13,0,15,"25513","Pacho","Cundinamarca",998,"VOTOS NO MARCADOS","Presidencia 2da vuelta",6,7015,"#dddddd","OTROS"
"2515",2022,13,0,15,"25518","Paime","Cundinamarca",1076,"LIGA DE GOBERNANTES ANTICORRUPCION","Presidencia 2da vuelta",1944,2460,"#f07605","LIGA DE GOBERNANTES ANTICORRUPCION"
"2516",2022,13,0,15,"25518","Paime","Cundinamarca",1235,"COALICION PACTO HISTORICO","Presidencia 2da vuelta",500,2460,"#1b3383","COALICION PACTO HISTORICO"
"2517",2022,13,0,15,"25518","Paime","Cundinamarca",996,"VOTOS EN BLANCO","Presidencia 2da vuelta",27,2460,"#dddddd","OTROS"
"2518",2022,13,0,15,"25518","Paime","Cundinamarca",997,"VOTOS NULOS","Presidencia 2da vuelta",10,2460,"#808080","VOTOS NULOS"
"2519",2022,13,0,15,"25518","Paime","Cundinamarca",998,"VOTOS NO MARCADOS","Presidencia 2da vuelta",3,2460,"#dddddd","OTROS"
"2520",2022,13,0,15,"25524","Pandi","Cundinamarca",1076,"LIGA DE GOBERNANTES ANTICORRUPCION","Presidencia 2da vuelta",1632,4271,"#f07605","LIGA DE GOBERNANTES ANTICORRUPCION"
"2521",2022,13,0,15,"25524","Pandi","Cundinamarca",1235,"COALICION PACTO HISTORICO","Presidencia 2da vuelta",941,4271,"#1b3383","COALICION PACTO HISTORICO"
"2522",2022,13,0,15,"25524","Pandi","Cundinamarca",996,"VOTOS EN BLANCO","Presidencia 2da vuelta",22,4271,"#dddddd","OTROS"
"2523",2022,13,0,15,"25524","Pandi","Cundinamarca",997,"VOTOS NULOS","Presidencia 2da vuelta",20,4271,"#808080","VOTOS NULOS"
"2524",2022,13,0,15,"25530","Paratebueno","Cundinamarca",1076,"LIGA DE GOBERNANTES ANTICORRUPCION","Presidencia 2da vuelta",3915,4950,"#f07605","LIGA DE GOBERNANTES ANTICORRUPCION"
"2525",2022,13,0,15,"25530","Paratebueno","Cundinamarca",1235,"COALICION PACTO HISTORICO","Presidencia 2da vuelta",785,4950,"#1b3383","COALICION PACTO HISTORICO"
"2526",2022,13,0,15,"25530","Paratebueno","Cundinamarca",997,"VOTOS NULOS","Presidencia 2da vuelta",29,4950,"#808080","VOTOS NULOS"
"2527",2022,13,0,15,"25530","Paratebueno","Cundinamarca",996,"VOTOS EN BLANCO","Presidencia 2da vuelta",28,4950,"#dddddd","OTROS"
"2528",2022,13,0,15,"25530","Paratebueno","Cundinamarca",998,"VOTOS NO MARCADOS","Presidencia 2da vuelta",1,4950,"#dddddd","OTROS"
"2529",2022,13,0,15,"25535","Pasca","Cundinamarca",1235,"COALICION PACTO HISTORICO","Presidencia 2da vuelta",2804,8211,"#1b3383","COALICION PACTO HISTORICO"
"2530",2022,13,0,15,"25535","Pasca","Cundinamarca",1076,"LIGA DE GOBERNANTES ANTICORRUPCION","Presidencia 2da vuelta",2267,8211,"#f07605","LIGA DE GOBERNANTES ANTICORRUPCION"
"2531",2022,13,0,15,"25535","Pasca","Cundinamarca",996,"VOTOS EN BLANCO","Presidencia 2da vuelta",81,8211,"#dddddd","OTROS"
"2532",2022,13,0,15,"25535","Pasca","Cundinamarca",997,"VOTOS NULOS","Presidencia 2da vuelta",66,8211,"#808080","VOTOS NULOS"
"2533",2022,13,0,15,"25535","Pasca","Cundinamarca",998,"VOTOS NO MARCADOS","Presidencia 2da vuelta",5,8211,"#dddddd","OTROS"
"2534",2022,13,0,15,"25572","Puerto Salgar","Cundinamarca",1076,"LIGA DE GOBERNANTES ANTICORRUPCION","Presidencia 2da vuelta",4599,11971,"#f07605","LIGA DE GOBERNANTES ANTICORRUPCION"
"2535",2022,13,0,15,"25572","Puerto Salgar","Cundinamarca",1235,"COALICION PACTO HISTORICO","Presidencia 2da vuelta",2367,11971,"#1b3383","COALICION PACTO HISTORICO"
"2536",2022,13,0,15,"25572","Puerto Salgar","Cundinamarca",997,"VOTOS NULOS","Presidencia 2da vuelta",134,11971,"#808080","VOTOS NULOS"
"2537",2022,13,0,15,"25572","Puerto Salgar","Cundinamarca",996,"VOTOS EN BLANCO","Presidencia 2da vuelta",118,11971,"#dddddd","OTROS"
"2538",2022,13,0,15,"25572","Puerto Salgar","Cundinamarca",998,"VOTOS NO MARCADOS","Presidencia 2da vuelta",7,11971,"#dddddd","OTROS"
"2539",2022,13,0,15,"25580","Pulí","Cundinamarca",1076,"LIGA DE GOBERNANTES ANTICORRUPCION","Presidencia 2da vuelta",1091,2304,"#f07605","LIGA DE GOBERNANTES ANTICORRUPCION"
"2540",2022,13,0,15,"25580","Pulí","Cundinamarca",1235,"COALICION PACTO HISTORICO","Presidencia 2da vuelta",339,2304,"#1b3383","COALICION PACTO HISTORICO"
"2541",2022,13,0,15,"25580","Pulí","Cundinamarca",996,"VOTOS EN BLANCO","Presidencia 2da vuelta",18,2304,"#dddddd","OTROS"
"2542",2022,13,0,15,"25580","Pulí","Cundinamarca",997,"VOTOS NULOS","Presidencia 2da vuelta",8,2304,"#808080","VOTOS NULOS"
"2543",2022,13,0,15,"25580","Pulí","Cundinamarca",998,"VOTOS NO MARCADOS","Presidencia 2da vuelta",3,2304,"#dddddd","OTROS"
"2544",2022,13,0,15,"25592","Quebradanegra","Cundinamarca",1076,"LIGA DE GOBERNANTES ANTICORRUPCION","Presidencia 2da vuelta",2478,1470,"#f07605","LIGA DE GOBERNANTES ANTICORRUPCION"
"2545",2022,13,0,15,"25592","Quebradanegra","Cundinamarca",1235,"COALICION PACTO HISTORICO","Presidencia 2da vuelta",403,1470,"#1b3383","COALICION PACTO HISTORICO"
"2546",2022,13,0,15,"25592","Quebradanegra","Cundinamarca",996,"VOTOS EN BLANCO","Presidencia 2da vuelta",39,1470,"#dddddd","OTROS"
"2547",2022,13,0,15,"25592","Quebradanegra","Cundinamarca",997,"VOTOS NULOS","Presidencia 2da vuelta",21,1470,"#808080","VOTOS NULOS"
"2548",2022,13,0,15,"25594","Quetame","Cundinamarca",1076,"LIGA DE GOBERNANTES ANTICORRUPCION","Presidencia 2da vuelta",2522,3026,"#f07605","LIGA DE GOBERNANTES ANTICORRUPCION"
"2549",2022,13,0,15,"25594","Quetame","Cundinamarca",1235,"COALICION PACTO HISTORICO","Presidencia 2da vuelta",1382,3026,"#1b3383","COALICION PACTO HISTORICO"
"2550",2022,13,0,15,"25594","Quetame","Cundinamarca",996,"VOTOS EN BLANCO","Presidencia 2da vuelta",65,3026,"#dddddd","OTROS"
"2551",2022,13,0,15,"25594","Quetame","Cundinamarca",997,"VOTOS NULOS","Presidencia 2da vuelta",41,3026,"#808080","VOTOS NULOS"
"2552",2022,13,0,15,"25594","Quetame","Cundinamarca",998,"VOTOS NO MARCADOS","Presidencia 2da vuelta",2,2732,"#dddddd","OTROS"
"2553",2022,13,0,15,"25596","Quipile","Cundinamarca",1076,"LIGA DE GOBERNANTES ANTICORRUPCION","Presidencia 2da vuelta",2960,3121,"#f07605","LIGA DE GOBERNANTES ANTICORRUPCION"
"2554",2022,13,0,15,"25596","Quipile","Cundinamarca",1235,"COALICION PACTO HISTORICO","Presidencia 2da vuelta",610,3121,"#1b3383","COALICION PACTO HISTORICO"
"2555",2022,13,0,15,"25596","Quipile","Cundinamarca",996,"VOTOS EN BLANCO","Presidencia 2da vuelta",30,3121,"#dddddd","OTROS"
"2556",2022,13,0,15,"25596","Quipile","Cundinamarca",997,"VOTOS NULOS","Presidencia 2da vuelta",12,3121,"#808080","VOTOS NULOS"
"2557",2022,13,0,15,"25596","Quipile","Cundinamarca",998,"VOTOS NO MARCADOS","Presidencia 2da vuelta",7,3121,"#dddddd","OTROS"
"2558",2022,13,0,15,"25599","Apulo","Cundinamarca",1076,"LIGA DE GOBERNANTES ANTICORRUPCION","Presidencia 2da vuelta",3226,7203,"#f07605","LIGA DE GOBERNANTES ANTICORRUPCION"
"2559",2022,13,0,15,"25599","Apulo","Cundinamarca",1235,"COALICION PACTO HISTORICO","Presidencia 2da vuelta",1271,7203,"#1b3383","COALICION PACTO HISTORICO"
"2560",2022,13,0,15,"25599","Apulo","Cundinamarca",996,"VOTOS EN BLANCO","Presidencia 2da vuelta",59,7203,"#dddddd","OTROS"
"2561",2022,13,0,15,"25599","Apulo","Cundinamarca",997,"VOTOS NULOS","Presidencia 2da vuelta",32,7203,"#808080","VOTOS NULOS"
"2562",2022,13,0,15,"25599","Apulo","Cundinamarca",998,"VOTOS NO MARCADOS","Presidencia 2da vuelta",6,7203,"#dddddd","OTROS"
"2563",2022,13,0,15,"25612","Ricaurte","Cundinamarca",1076,"LIGA DE GOBERNANTES ANTICORRUPCION","Presidencia 2da vuelta",4491,11576,"#f07605","LIGA DE GOBERNANTES ANTICORRUPCION"
"2564",2022,13,0,15,"25612","Ricaurte","Cundinamarca",1235,"COALICION PACTO HISTORICO","Presidencia 2da vuelta",2190,11576,"#1b3383","COALICION PACTO HISTORICO"
"2565",2022,13,0,15,"25612","Ricaurte","Cundinamarca",996,"VOTOS EN BLANCO","Presidencia 2da vuelta",117,11576,"#dddddd","OTROS"
"2566",2022,13,0,15,"25612","Ricaurte","Cundinamarca",997,"VOTOS NULOS","Presidencia 2da vuelta",71,11576,"#808080","VOTOS NULOS"
"2567",2022,13,0,15,"25612","Ricaurte","Cundinamarca",998,"VOTOS NO MARCADOS","Presidencia 2da vuelta",5,11576,"#dddddd","OTROS"
"2568",2022,13,0,15,"25645","San Antonio del Tequendama","Cundinamarca",1076,"LIGA DE GOBERNANTES ANTICORRUPCION","Presidencia 2da vuelta",3959,5098,"#f07605","LIGA DE GOBERNANTES ANTICORRUPCION"
"2569",2022,13,0,15,"25645","San Antonio del Tequendama","Cundinamarca",1235,"COALICION PACTO HISTORICO","Presidencia 2da vuelta",2052,5098,"#1b3383","COALICION PACTO HISTORICO"
"2570",2022,13,0,15,"25645","San Antonio del Tequendama","Cundinamarca",996,"VOTOS EN BLANCO","Presidencia 2da vuelta",107,5098,"#dddddd","OTROS"
"2571",2022,13,0,15,"25645","San Antonio del Tequendama","Cundinamarca",997,"VOTOS NULOS","Presidencia 2da vuelta",47,5098,"#808080","VOTOS NULOS"
"2572",2022,13,0,15,"25645","San Antonio del Tequendama","Cundinamarca",998,"VOTOS NO MARCADOS","Presidencia 2da vuelta",10,5098,"#dddddd","OTROS"
"2573",2022,13,0,15,"25649","San Bernardo","Cundinamarca",1076,"LIGA DE GOBERNANTES ANTICORRUPCION","Presidencia 2da vuelta",3105,7563,"#f07605","LIGA DE GOBERNANTES ANTICORRUPCION"
"2574",2022,13,0,15,"25649","San Bernardo","Cundinamarca",1235,"COALICION PACTO HISTORICO","Presidencia 2da vuelta",1641,7563,"#1b3383","COALICION PACTO HISTORICO"
"2575",2022,13,0,15,"25649","San Bernardo","Cundinamarca",996,"VOTOS EN BLANCO","Presidencia 2da vuelta",48,7563,"#dddddd","OTROS"
"2576",2022,13,0,15,"25649","San Bernardo","Cundinamarca",997,"VOTOS NULOS","Presidencia 2da vuelta",38,7563,"#808080","VOTOS NULOS"
"2577",2022,13,0,15,"25649","San Bernardo","Cundinamarca",998,"VOTOS NO MARCADOS","Presidencia 2da vuelta",4,7563,"#dddddd","OTROS"
"2578",2022,13,0,15,"25653","San Cayetano","Cundinamarca",1076,"LIGA DE GOBERNANTES ANTICORRUPCION","Presidencia 2da vuelta",2068,2029,"#f07605","LIGA DE GOBERNANTES ANTICORRUPCION"
"2579",2022,13,0,15,"25653","San Cayetano","Cundinamarca",1235,"COALICION PACTO HISTORICO","Presidencia 2da vuelta",375,2029,"#1b3383","COALICION PACTO HISTORICO"
"2580",2022,13,0,15,"25653","San Cayetano","Cundinamarca",996,"VOTOS EN BLANCO","Presidencia 2da vuelta",26,2029,"#dddddd","OTROS"
"2581",2022,13,0,15,"25653","San Cayetano","Cundinamarca",997,"VOTOS NULOS","Presidencia 2da vuelta",7,2029,"#808080","VOTOS NULOS"
"2582",2022,13,0,15,"25653","San Cayetano","Cundinamarca",998,"VOTOS NO MARCADOS","Presidencia 2da vuelta",4,2029,"#dddddd","OTROS"
"2583",2022,13,0,15,"25658","San Francisco","Cundinamarca",1076,"LIGA DE GOBERNANTES ANTICORRUPCION","Presidencia 2da vuelta",4199,9089,"#f07605","LIGA DE GOBERNANTES ANTICORRUPCION"
"2584",2022,13,0,15,"25658","San Francisco","Cundinamarca",1235,"COALICION PACTO HISTORICO","Presidencia 2da vuelta",1513,9089,"#1b3383","COALICION PACTO HISTORICO"
"2585",2022,13,0,15,"25658","San Francisco","Cundinamarca",996,"VOTOS EN BLANCO","Presidencia 2da vuelta",100,9089,"#dddddd","OTROS"
"2586",2022,13,0,15,"25658","San Francisco","Cundinamarca",997,"VOTOS NULOS","Presidencia 2da vuelta",53,9089,"#808080","VOTOS NULOS"
"2587",2022,13,0,15,"25658","San Francisco","Cundinamarca",998,"VOTOS NO MARCADOS","Presidencia 2da vuelta",1,9089,"#dddddd","OTROS"
"2588",2022,13,0,15,"25662","San Juan de Río Seco","Cundinamarca",1076,"LIGA DE GOBERNANTES ANTICORRUPCION","Presidencia 2da vuelta",3759,7621,"#f07605","LIGA DE GOBERNANTES ANTICORRUPCION"
"2589",2022,13,0,15,"25662","San Juan de Río Seco","Cundinamarca",1235,"COALICION PACTO HISTORICO","Presidencia 2da vuelta",1545,7621,"#1b3383","COALICION PACTO HISTORICO"
"2590",2022,13,0,15,"25662","San Juan de Río Seco","Cundinamarca",996,"VOTOS EN BLANCO","Presidencia 2da vuelta",86,7621,"#dddddd","OTROS"
"2591",2022,13,0,15,"25662","San Juan de Río Seco","Cundinamarca",997,"VOTOS NULOS","Presidencia 2da vuelta",53,7621,"#808080","VOTOS NULOS"
"2592",2022,13,0,15,"25662","San Juan de Río Seco","Cundinamarca",998,"VOTOS NO MARCADOS","Presidencia 2da vuelta",8,7621,"#dddddd","OTROS"
"2593",2022,13,0,15,"25718","Sasaima","Cundinamarca",1076,"LIGA DE GOBERNANTES ANTICORRUPCION","Presidencia 2da vuelta",4161,8323,"#f07605","LIGA DE GOBERNANTES ANTICORRUPCION"
"2594",2022,13,0,15,"25718","Sasaima","Cundinamarca",1235,"COALICION PACTO HISTORICO","Presidencia 2da vuelta",1414,8323,"#1b3383","COALICION PACTO HISTORICO"
"2595",2022,13,0,15,"25718","Sasaima","Cundinamarca",996,"VOTOS EN BLANCO","Presidencia 2da vuelta",86,8323,"#dddddd","OTROS"
"2596",2022,13,0,15,"25718","Sasaima","Cundinamarca",997,"VOTOS NULOS","Presidencia 2da vuelta",64,8323,"#808080","VOTOS NULOS"
"2597",2022,13,0,15,"25718","Sasaima","Cundinamarca",998,"VOTOS NO MARCADOS","Presidencia 2da vuelta",2,8323,"#dddddd","OTROS"
"2598",2022,13,0,15,"25736","Sesquilé","Cundinamarca",1076,"LIGA DE GOBERNANTES ANTICORRUPCION","Presidencia 2da vuelta",3540,9167,"#f07605","LIGA DE GOBERNANTES ANTICORRUPCION"
"2599",2022,13,0,15,"25736","Sesquilé","Cundinamarca",1235,"COALICION PACTO HISTORICO","Presidencia 2da vuelta",2746,9167,"#1b3383","COALICION PACTO HISTORICO"
"2600",2022,13,0,15,"25736","Sesquilé","Cundinamarca",996,"VOTOS EN BLANCO","Presidencia 2da vuelta",161,9167,"#dddddd","OTROS"
"2601",2022,13,0,15,"25736","Sesquilé","Cundinamarca",997,"VOTOS NULOS","Presidencia 2da vuelta",157,9167,"#808080","VOTOS NULOS"
"2602",2022,13,0,15,"25736","Sesquilé","Cundinamarca",998,"VOTOS NO MARCADOS","Presidencia 2da vuelta",8,9167,"#dddddd","OTROS"
"2603",2022,13,0,15,"25740","Sibaté","Cundinamarca",1235,"COALICION PACTO HISTORICO","Presidencia 2da vuelta",9599,9882,"#1b3383","COALICION PACTO HISTORICO"
"2604",2022,13,0,15,"25740","Sibaté","Cundinamarca",1076,"LIGA DE GOBERNANTES ANTICORRUPCION","Presidencia 2da vuelta",7574,9882,"#f07605","LIGA DE GOBERNANTES ANTICORRUPCION"
"2605",2022,13,0,15,"25740","Sibaté","Cundinamarca",996,"VOTOS EN BLANCO","Presidencia 2da vuelta",400,9882,"#dddddd","OTROS"
"2606",2022,13,0,15,"25740","Sibaté","Cundinamarca",997,"VOTOS NULOS","Presidencia 2da vuelta",399,9882,"#808080","VOTOS NULOS"
"2607",2022,13,0,15,"25740","Sibaté","Cundinamarca",998,"VOTOS NO MARCADOS","Presidencia 2da vuelta",14,9882,"#dddddd","OTROS"
"2608",2022,13,0,15,"25743","Silvania","Cundinamarca",1076,"LIGA DE GOBERNANTES ANTICORRUPCION","Presidencia 2da vuelta",7725,14948,"#f07605","LIGA DE GOBERNANTES ANTICORRUPCION"
"2609",2022,13,0,15,"25743","Silvania","Cundinamarca",1235,"COALICION PACTO HISTORICO","Presidencia 2da vuelta",3940,14948,"#1b3383","COALICION PACTO HISTORICO"
"2610",2022,13,0,15,"25743","Silvania","Cundinamarca",996,"VOTOS EN BLANCO","Presidencia 2da vuelta",229,14948,"#dddddd","OTROS"
"2611",2022,13,0,15,"25743","Silvania","Cundinamarca",997,"VOTOS NULOS","Presidencia 2da vuelta",127,14948,"#808080","VOTOS NULOS"
"2612",2022,13,0,15,"25743","Silvania","Cundinamarca",998,"VOTOS NO MARCADOS","Presidencia 2da vuelta",8,14948,"#dddddd","OTROS"
"2613",2022,13,0,15,"25745","Simijaca","Cundinamarca",1076,"LIGA DE GOBERNANTES ANTICORRUPCION","Presidencia 2da vuelta",4459,9661,"#f07605","LIGA DE GOBERNANTES ANTICORRUPCION"
"2614",2022,13,0,15,"25745","Simijaca","Cundinamarca",1235,"COALICION PACTO HISTORICO","Presidencia 2da vuelta",1923,9661,"#1b3383","COALICION PACTO HISTORICO"
"2615",2022,13,0,15,"25745","Simijaca","Cundinamarca",996,"VOTOS EN BLANCO","Presidencia 2da vuelta",145,9661,"#dddddd","OTROS"
"2616",2022,13,0,15,"25745","Simijaca","Cundinamarca",997,"VOTOS NULOS","Presidencia 2da vuelta",73,9661,"#808080","VOTOS NULOS"
"2617",2022,13,0,15,"25745","Simijaca","Cundinamarca",998,"VOTOS NO MARCADOS","Presidencia 2da vuelta",6,9661,"#dddddd","OTROS"
"2618",2022,13,0,15,"25754","Soacha","Cundinamarca",1235,"COALICION PACTO HISTORICO","Presidencia 2da vuelta",139694,8792,"#1b3383","COALICION PACTO HISTORICO"
"2619",2022,13,0,15,"25754","Soacha","Cundinamarca",1076,"LIGA DE GOBERNANTES ANTICORRUPCION","Presidencia 2da vuelta",60768,8792,"#f07605","LIGA DE GOBERNANTES ANTICORRUPCION"
"2620",2022,13,0,15,"25754","Soacha","Cundinamarca",996,"VOTOS EN BLANCO","Presidencia 2da vuelta",5107,8792,"#dddddd","OTROS"
"2621",2022,13,0,15,"25754","Soacha","Cundinamarca",997,"VOTOS NULOS","Presidencia 2da vuelta",3891,8792,"#808080","VOTOS NULOS"
"2622",2022,13,0,15,"25754","Soacha","Cundinamarca",998,"VOTOS NO MARCADOS","Presidencia 2da vuelta",101,8792,"#dddddd","OTROS"
"2623",2022,13,0,15,"25758","Sopó","Cundinamarca",1235,"COALICION PACTO HISTORICO","Presidencia 2da vuelta",8038,17946,"#1b3383","COALICION PACTO HISTORICO"
"2624",2022,13,0,15,"25758","Sopó","Cundinamarca",1076,"LIGA DE GOBERNANTES ANTICORRUPCION","Presidencia 2da vuelta",6444,17946,"#f07605","LIGA DE GOBERNANTES ANTICORRUPCION"
"2625",2022,13,0,15,"25758","Sopó","Cundinamarca",996,"VOTOS EN BLANCO","Presidencia 2da vuelta",419,17946,"#dddddd","OTROS"
"2626",2022,13,0,15,"25758","Sopó","Cundinamarca",997,"VOTOS NULOS","Presidencia 2da vuelta",233,17946,"#808080","VOTOS NULOS"
"2627",2022,13,0,15,"25758","Sopó","Cundinamarca",998,"VOTOS NO MARCADOS","Presidencia 2da vuelta",6,17946,"#dddddd","OTROS"
"2628",2022,13,0,15,"25769","Subachoque","Cundinamarca",1076,"LIGA DE GOBERNANTES ANTICORRUPCION","Presidencia 2da vuelta",6289,11335,"#f07605","LIGA DE GOBERNANTES ANTICORRUPCION"
"2629",2022,13,0,15,"25769","Subachoque","Cundinamarca",1235,"COALICION PACTO HISTORICO","Presidencia 2da vuelta",2436,11335,"#1b3383","COALICION PACTO HISTORICO"
"2630",2022,13,0,15,"25769","Subachoque","Cundinamarca",996,"VOTOS EN BLANCO","Presidencia 2da vuelta",252,11335,"#dddddd","OTROS"
"2631",2022,13,0,15,"25769","Subachoque","Cundinamarca",997,"VOTOS NULOS","Presidencia 2da vuelta",153,11335,"#808080","VOTOS NULOS"
"2632",2022,13,0,15,"25769","Subachoque","Cundinamarca",998,"VOTOS NO MARCADOS","Presidencia 2da vuelta",10,11335,"#dddddd","OTROS"
"2633",2022,13,0,15,"25772","Suesca","Cundinamarca",1076,"LIGA DE GOBERNANTES ANTICORRUPCION","Presidencia 2da vuelta",4003,10456,"#f07605","LIGA DE GOBERNANTES ANTICORRUPCION"
"2634",2022,13,0,15,"25772","Suesca","Cundinamarca",1235,"COALICION PACTO HISTORICO","Presidencia 2da vuelta",3726,10456,"#1b3383","COALICION PACTO HISTORICO"
"2635",2022,13,0,15,"25772","Suesca","Cundinamarca",997,"VOTOS NULOS","Presidencia 2da vuelta",224,10456,"#808080","VOTOS NULOS"
"2636",2022,13,0,15,"25772","Suesca","Cundinamarca",996,"VOTOS EN BLANCO","Presidencia 2da vuelta",223,10456,"#dddddd","OTROS"
"2637",2022,13,0,15,"25772","Suesca","Cundinamarca",998,"VOTOS NO MARCADOS","Presidencia 2da vuelta",8,10456,"#dddddd","OTROS"
"2638",2022,13,0,15,"25777","Supatá","Cundinamarca",1076,"LIGA DE GOBERNANTES ANTICORRUPCION","Presidencia 2da vuelta",2318,4544,"#f07605","LIGA DE GOBERNANTES ANTICORRUPCION"
"2639",2022,13,0,15,"25777","Supatá","Cundinamarca",1235,"COALICION PACTO HISTORICO","Presidencia 2da vuelta",563,4544,"#1b3383","COALICION PACTO HISTORICO"
"2640",2022,13,0,15,"25777","Supatá","Cundinamarca",996,"VOTOS EN BLANCO","Presidencia 2da vuelta",49,4544,"#dddddd","OTROS"
"2641",2022,13,0,15,"25777","Supatá","Cundinamarca",997,"VOTOS NULOS","Presidencia 2da vuelta",23,4544,"#808080","VOTOS NULOS"
"2642",2022,13,0,15,"25779","Susa","Cundinamarca",1076,"LIGA DE GOBERNANTES ANTICORRUPCION","Presidencia 2da vuelta",2589,5369,"#f07605","LIGA DE GOBERNANTES ANTICORRUPCION"
"2643",2022,13,0,15,"25779","Susa","Cundinamarca",1235,"COALICION PACTO HISTORICO","Presidencia 2da vuelta",906,5369,"#1b3383","COALICION PACTO HISTORICO"
"2644",2022,13,0,15,"25779","Susa","Cundinamarca",996,"VOTOS EN BLANCO","Presidencia 2da vuelta",59,5369,"#dddddd","OTROS"
"2645",2022,13,0,15,"25779","Susa","Cundinamarca",997,"VOTOS NULOS","Presidencia 2da vuelta",34,5369,"#808080","VOTOS NULOS"
"2646",2022,13,0,15,"25779","Susa","Cundinamarca",998,"VOTOS NO MARCADOS","Presidencia 2da vuelta",5,5369,"#dddddd","OTROS"
"2647",2022,13,0,15,"25781","Sutatausa","Cundinamarca",1076,"LIGA DE GOBERNANTES ANTICORRUPCION","Presidencia 2da vuelta",1954,3543,"#f07605","LIGA DE GOBERNANTES ANTICORRUPCION"
"2648",2022,13,0,15,"25781","Sutatausa","Cundinamarca",1235,"COALICION PACTO HISTORICO","Presidencia 2da vuelta",826,3543,"#1b3383","COALICION PACTO HISTORICO"
"2649",2022,13,0,15,"25781","Sutatausa","Cundinamarca",996,"VOTOS EN BLANCO","Presidencia 2da vuelta",67,3543,"#dddddd","OTROS"
"2650",2022,13,0,15,"25781","Sutatausa","Cundinamarca",997,"VOTOS NULOS","Presidencia 2da vuelta",48,3543,"#808080","VOTOS NULOS"
"2651",2022,13,0,15,"25781","Sutatausa","Cundinamarca",998,"VOTOS NO MARCADOS","Presidencia 2da vuelta",5,3543,"#dddddd","OTROS"
"2652",2022,13,0,15,"25785","Tabio","Cundinamarca",1076,"LIGA DE GOBERNANTES ANTICORRUPCION","Presidencia 2da vuelta",7371,12246,"#f07605","LIGA DE GOBERNANTES ANTICORRUPCION"
"2653",2022,13,0,15,"25785","Tabio","Cundinamarca",1235,"COALICION PACTO HISTORICO","Presidencia 2da vuelta",4780,12246,"#1b3383","COALICION PACTO HISTORICO"
"2654",2022,13,0,15,"25785","Tabio","Cundinamarca",996,"VOTOS EN BLANCO","Presidencia 2da vuelta",363,12246,"#dddddd","OTROS"
"2655",2022,13,0,15,"25785","Tabio","Cundinamarca",997,"VOTOS NULOS","Presidencia 2da vuelta",208,12246,"#808080","VOTOS NULOS"
"2656",2022,13,0,15,"25785","Tabio","Cundinamarca",998,"VOTOS NO MARCADOS","Presidencia 2da vuelta",5,12246,"#dddddd","OTROS"
"2657",2022,13,0,15,"25793","Tausa","Cundinamarca",1076,"LIGA DE GOBERNANTES ANTICORRUPCION","Presidencia 2da vuelta",3300,5687,"#f07605","LIGA DE GOBERNANTES ANTICORRUPCION"
"2658",2022,13,0,15,"25793","Tausa","Cundinamarca",1235,"COALICION PACTO HISTORICO","Presidencia 2da vuelta",824,5687,"#1b3383","COALICION PACTO HISTORICO"
"2659",2022,13,0,15,"25793","Tausa","Cundinamarca",996,"VOTOS EN BLANCO","Presidencia 2da vuelta",113,5687,"#dddddd","OTROS"
"2660",2022,13,0,15,"25793","Tausa","Cundinamarca",997,"VOTOS NULOS","Presidencia 2da vuelta",74,5687,"#808080","VOTOS NULOS"
"2661",2022,13,0,15,"25793","Tausa","Cundinamarca",998,"VOTOS NO MARCADOS","Presidencia 2da vuelta",2,5687,"#dddddd","OTROS"
"2662",2022,13,0,15,"25797","Tena","Cundinamarca",1076,"LIGA DE GOBERNANTES ANTICORRUPCION","Presidencia 2da vuelta",3283,4469,"#f07605","LIGA DE GOBERNANTES ANTICORRUPCION"
"2663",2022,13,0,15,"25797","Tena","Cundinamarca",1235,"COALICION PACTO HISTORICO","Presidencia 2da vuelta",1577,4469,"#1b3383","COALICION PACTO HISTORICO"
"2664",2022,13,0,15,"25797","Tena","Cundinamarca",996,"VOTOS EN BLANCO","Presidencia 2da vuelta",60,4469,"#dddddd","OTROS"
"2665",2022,13,0,15,"25797","Tena","Cundinamarca",997,"VOTOS NULOS","Presidencia 2da vuelta",29,4469,"#808080","VOTOS NULOS"
"2666",2022,13,0,15,"25799","Tenjo","Cundinamarca",1076,"LIGA DE GOBERNANTES ANTICORRUPCION","Presidencia 2da vuelta",7299,8117,"#f07605","LIGA DE GOBERNANTES ANTICORRUPCION"
"2667",2022,13,0,15,"25799","Tenjo","Cundinamarca",1235,"COALICION PACTO HISTORICO","Presidencia 2da vuelta",4640,8117,"#1b3383","COALICION PACTO HISTORICO"
"2668",2022,13,0,15,"25799","Tenjo","Cundinamarca",996,"VOTOS EN BLANCO","Presidencia 2da vuelta",379,8117,"#dddddd","OTROS"
"2669",2022,13,0,15,"25799","Tenjo","Cundinamarca",997,"VOTOS NULOS","Presidencia 2da vuelta",268,8117,"#808080","VOTOS NULOS"
"2670",2022,13,0,15,"25799","Tenjo","Cundinamarca",998,"VOTOS NO MARCADOS","Presidencia 2da vuelta",12,8117,"#dddddd","OTROS"
"2671",2022,13,0,15,"25805","Tibacuy","Cundinamarca",1076,"LIGA DE GOBERNANTES ANTICORRUPCION","Presidencia 2da vuelta",1462,1968,"#f07605","LIGA DE GOBERNANTES ANTICORRUPCION"
"2672",2022,13,0,15,"25805","Tibacuy","Cundinamarca",1235,"COALICION PACTO HISTORICO","Presidencia 2da vuelta",1044,1968,"#1b3383","COALICION PACTO HISTORICO"
"2673",2022,13,0,15,"25805","Tibacuy","Cundinamarca",996,"VOTOS EN BLANCO","Presidencia 2da vuelta",42,1968,"#dddddd","OTROS"
"2674",2022,13,0,15,"25805","Tibacuy","Cundinamarca",997,"VOTOS NULOS","Presidencia 2da vuelta",18,1968,"#808080","VOTOS NULOS"
"2675",2022,13,0,15,"25805","Tibacuy","Cundinamarca",998,"VOTOS NO MARCADOS","Presidencia 2da vuelta",4,1968,"#dddddd","OTROS"
"2676",2022,13,0,15,"25807","Tibirita","Cundinamarca",1076,"LIGA DE GOBERNANTES ANTICORRUPCION","Presidencia 2da vuelta",1261,3037,"#f07605","LIGA DE GOBERNANTES ANTICORRUPCION"
"2677",2022,13,0,15,"25807","Tibirita","Cundinamarca",1235,"COALICION PACTO HISTORICO","Presidencia 2da vuelta",568,3037,"#1b3383","COALICION PACTO HISTORICO"
"2678",2022,13,0,15,"25807","Tibirita","Cundinamarca",996,"VOTOS EN BLANCO","Presidencia 2da vuelta",27,3037,"#dddddd","OTROS"
"2679",2022,13,0,15,"25807","Tibirita","Cundinamarca",997,"VOTOS NULOS","Presidencia 2da vuelta",17,3037,"#808080","VOTOS NULOS"
"2680",2022,13,0,15,"25807","Tibirita","Cundinamarca",998,"VOTOS NO MARCADOS","Presidencia 2da vuelta",5,3037,"#dddddd","OTROS"
"2681",2022,13,0,15,"25815","Tocaima","Cundinamarca",1076,"LIGA DE GOBERNANTES ANTICORRUPCION","Presidencia 2da vuelta",5086,12984,"#f07605","LIGA DE GOBERNANTES ANTICORRUPCION"
"2682",2022,13,0,15,"25815","Tocaima","Cundinamarca",1235,"COALICION PACTO HISTORICO","Presidencia 2da vuelta",2236,12984,"#1b3383","COALICION PACTO HISTORICO"
"2683",2022,13,0,15,"25815","Tocaima","Cundinamarca",996,"VOTOS EN BLANCO","Presidencia 2da vuelta",121,12984,"#dddddd","OTROS"
"2684",2022,13,0,15,"25815","Tocaima","Cundinamarca",997,"VOTOS NULOS","Presidencia 2da vuelta",72,12984,"#808080","VOTOS NULOS"
"2685",2022,13,0,15,"25815","Tocaima","Cundinamarca",998,"VOTOS NO MARCADOS","Presidencia 2da vuelta",9,12984,"#dddddd","OTROS"
"2686",2022,13,0,15,"25817","Tocancipá","Cundinamarca",1235,"COALICION PACTO HISTORICO","Presidencia 2da vuelta",13619,14248,"#1b3383","COALICION PACTO HISTORICO"
"2687",2022,13,0,15,"25817","Tocancipá","Cundinamarca",1076,"LIGA DE GOBERNANTES ANTICORRUPCION","Presidencia 2da vuelta",9626,14248,"#f07605","LIGA DE GOBERNANTES ANTICORRUPCION"
"2688",2022,13,0,15,"25817","Tocancipá","Cundinamarca",996,"VOTOS EN BLANCO","Presidencia 2da vuelta",635,14248,"#dddddd","OTROS"
"2689",2022,13,0,15,"25817","Tocancipá","Cundinamarca",997,"VOTOS NULOS","Presidencia 2da vuelta",510,14248,"#808080","VOTOS NULOS"
"2690",2022,13,0,15,"25817","Tocancipá","Cundinamarca",998,"VOTOS NO MARCADOS","Presidencia 2da vuelta",13,14248,"#dddddd","OTROS"
"2691",2022,13,0,15,"25823","Topaipí","Cundinamarca",1076,"LIGA DE GOBERNANTES ANTICORRUPCION","Presidencia 2da vuelta",1815,2901,"#f07605","LIGA DE GOBERNANTES ANTICORRUPCION"
"2692",2022,13,0,15,"25823","Topaipí","Cundinamarca",1235,"COALICION PACTO HISTORICO","Presidencia 2da vuelta",407,2901,"#1b3383","COALICION PACTO HISTORICO"
"2693",2022,13,0,15,"25823","Topaipí","Cundinamarca",996,"VOTOS EN BLANCO","Presidencia 2da vuelta",21,2901,"#dddddd","OTROS"
"2694",2022,13,0,15,"25823","Topaipí","Cundinamarca",997,"VOTOS NULOS","Presidencia 2da vuelta",13,2901,"#808080","VOTOS NULOS"
"2695",2022,13,0,15,"25823","Topaipí","Cundinamarca",998,"VOTOS NO MARCADOS","Presidencia 2da vuelta",2,2901,"#dddddd","OTROS"
"2696",2022,13,0,15,"25839","Ubalá","Cundinamarca",1076,"LIGA DE GOBERNANTES ANTICORRUPCION","Presidencia 2da vuelta",3431,5597,"#f07605","LIGA DE GOBERNANTES ANTICORRUPCION"
"2697",2022,13,0,15,"25839","Ubalá","Cundinamarca",1235,"COALICION PACTO HISTORICO","Presidencia 2da vuelta",883,5597,"#1b3383","COALICION PACTO HISTORICO"
"2698",2022,13,0,15,"25839","Ubalá","Cundinamarca",996,"VOTOS EN BLANCO","Presidencia 2da vuelta",62,5597,"#dddddd","OTROS"
"2699",2022,13,0,15,"25839","Ubalá","Cundinamarca",997,"VOTOS NULOS","Presidencia 2da vuelta",39,5597,"#808080","VOTOS NULOS"
"2700",2022,13,0,15,"25839","Ubalá","Cundinamarca",998,"VOTOS NO MARCADOS","Presidencia 2da vuelta",7,5597,"#dddddd","OTROS"
"2701",2022,13,0,15,"25841","Ubaque","Cundinamarca",1076,"LIGA DE GOBERNANTES ANTICORRUPCION","Presidencia 2da vuelta",3052,5886,"#f07605","LIGA DE GOBERNANTES ANTICORRUPCION"
"2702",2022,13,0,15,"25841","Ubaque","Cundinamarca",1235,"COALICION PACTO HISTORICO","Presidencia 2da vuelta",1126,5886,"#1b3383","COALICION PACTO HISTORICO"
"2703",2022,13,0,15,"25841","Ubaque","Cundinamarca",996,"VOTOS EN BLANCO","Presidencia 2da vuelta",72,5886,"#dddddd","OTROS"
"2704",2022,13,0,15,"25841","Ubaque","Cundinamarca",997,"VOTOS NULOS","Presidencia 2da vuelta",27,5886,"#808080","VOTOS NULOS"
"2705",2022,13,0,15,"25841","Ubaque","Cundinamarca",998,"VOTOS NO MARCADOS","Presidencia 2da vuelta",1,5886,"#dddddd","OTROS"
"2706",2022,13,0,15,"25843","Ubaté","Cundinamarca",1076,"LIGA DE GOBERNANTES ANTICORRUPCION","Presidencia 2da vuelta",14290,8392,"#f07605","LIGA DE GOBERNANTES ANTICORRUPCION"
"2707",2022,13,0,15,"25843","Ubaté","Cundinamarca",1235,"COALICION PACTO HISTORICO","Presidencia 2da vuelta",8009,8392,"#1b3383","COALICION PACTO HISTORICO"
"2708",2022,13,0,15,"25843","Ubaté","Cundinamarca",996,"VOTOS EN BLANCO","Presidencia 2da vuelta",646,8392,"#dddddd","OTROS"
"2709",2022,13,0,15,"25843","Ubaté","Cundinamarca",997,"VOTOS NULOS","Presidencia 2da vuelta",415,8392,"#808080","VOTOS NULOS"
"2710",2022,13,0,15,"25843","Ubaté","Cundinamarca",998,"VOTOS NO MARCADOS","Presidencia 2da vuelta",11,8392,"#dddddd","OTROS"
"2711",2022,13,0,15,"25845","Une","Cundinamarca",1076,"LIGA DE GOBERNANTES ANTICORRUPCION","Presidencia 2da vuelta",3227,6589,"#f07605","LIGA DE GOBERNANTES ANTICORRUPCION"
"2712",2022,13,0,15,"25845","Une","Cundinamarca",1235,"COALICION PACTO HISTORICO","Presidencia 2da vuelta",1377,6589,"#1b3383","COALICION PACTO HISTORICO"
"2713",2022,13,0,15,"25845","Une","Cundinamarca",996,"VOTOS EN BLANCO","Presidencia 2da vuelta",77,6589,"#dddddd","OTROS"
"2714",2022,13,0,15,"25845","Une","Cundinamarca",997,"VOTOS NULOS","Presidencia 2da vuelta",51,6589,"#808080","VOTOS NULOS"
"2715",2022,13,0,15,"25845","Une","Cundinamarca",998,"VOTOS NO MARCADOS","Presidencia 2da vuelta",6,6589,"#dddddd","OTROS"
"2716",2022,13,0,15,"25851","Útica","Cundinamarca",1076,"LIGA DE GOBERNANTES ANTICORRUPCION","Presidencia 2da vuelta",2614,4962,"#f07605","LIGA DE GOBERNANTES ANTICORRUPCION"
"2717",2022,13,0,15,"25851","Útica","Cundinamarca",1235,"COALICION PACTO HISTORICO","Presidencia 2da vuelta",465,4962,"#1b3383","COALICION PACTO HISTORICO"
"2718",2022,13,0,15,"25851","Útica","Cundinamarca",996,"VOTOS EN BLANCO","Presidencia 2da vuelta",38,4962,"#dddddd","OTROS"
"2719",2022,13,0,15,"25851","Útica","Cundinamarca",997,"VOTOS NULOS","Presidencia 2da vuelta",18,4962,"#808080","VOTOS NULOS"
"2720",2022,13,0,15,"25851","Útica","Cundinamarca",998,"VOTOS NO MARCADOS","Presidencia 2da vuelta",4,4962,"#dddddd","OTROS"
"2721",2022,13,0,15,"25862","Vergara","Cundinamarca",1076,"LIGA DE GOBERNANTES ANTICORRUPCION","Presidencia 2da vuelta",3155,4958,"#f07605","LIGA DE GOBERNANTES ANTICORRUPCION"
"2722",2022,13,0,15,"25862","Vergara","Cundinamarca",1235,"COALICION PACTO HISTORICO","Presidencia 2da vuelta",843,4958,"#1b3383","COALICION PACTO HISTORICO"
"2723",2022,13,0,15,"25862","Vergara","Cundinamarca",996,"VOTOS EN BLANCO","Presidencia 2da vuelta",53,4958,"#dddddd","OTROS"
"2724",2022,13,0,15,"25862","Vergara","Cundinamarca",997,"VOTOS NULOS","Presidencia 2da vuelta",21,4958,"#808080","VOTOS NULOS"
"2725",2022,13,0,15,"25862","Vergara","Cundinamarca",998,"VOTOS NO MARCADOS","Presidencia 2da vuelta",4,4958,"#dddddd","OTROS"
"2726",2022,13,0,15,"25867","Vianí","Cundinamarca",1076,"LIGA DE GOBERNANTES ANTICORRUPCION","Presidencia 2da vuelta",1845,4072,"#f07605","LIGA DE GOBERNANTES ANTICORRUPCION"
"2727",2022,13,0,15,"25867","Vianí","Cundinamarca",1235,"COALICION PACTO HISTORICO","Presidencia 2da vuelta",633,4072,"#1b3383","COALICION PACTO HISTORICO"
"2728",2022,13,0,15,"25867","Vianí","Cundinamarca",996,"VOTOS EN BLANCO","Presidencia 2da vuelta",32,4072,"#dddddd","OTROS"
"2729",2022,13,0,15,"25867","Vianí","Cundinamarca",997,"VOTOS NULOS","Presidencia 2da vuelta",15,4072,"#808080","VOTOS NULOS"
"2730",2022,13,0,15,"25867","Vianí","Cundinamarca",998,"VOTOS NO MARCADOS","Presidencia 2da vuelta",2,4072,"#dddddd","OTROS"
"2731",2022,13,0,15,"25871","Villagómez","Cundinamarca",1076,"LIGA DE GOBERNANTES ANTICORRUPCION","Presidencia 2da vuelta",994,1964,"#f07605","LIGA DE GOBERNANTES ANTICORRUPCION"
"2732",2022,13,0,15,"25871","Villagómez","Cundinamarca",1235,"COALICION PACTO HISTORICO","Presidencia 2da vuelta",288,1964,"#1b3383","COALICION PACTO HISTORICO"
"2733",2022,13,0,15,"25871","Villagómez","Cundinamarca",996,"VOTOS EN BLANCO","Presidencia 2da vuelta",9,1964,"#dddddd","OTROS"
"2734",2022,13,0,15,"25871","Villagómez","Cundinamarca",997,"VOTOS NULOS","Presidencia 2da vuelta",7,1964,"#808080","VOTOS NULOS"
"2735",2022,13,0,15,"25871","Villagómez","Cundinamarca",998,"VOTOS NO MARCADOS","Presidencia 2da vuelta",2,1964,"#dddddd","OTROS"
"2736",2022,13,0,15,"25873","Villapinzón","Cundinamarca",1076,"LIGA DE GOBERNANTES ANTICORRUPCION","Presidencia 2da vuelta",7887,13795,"#f07605","LIGA DE GOBERNANTES ANTICORRUPCION"
"2737",2022,13,0,15,"25873","Villapinzón","Cundinamarca",1235,"COALICION PACTO HISTORICO","Presidencia 2da vuelta",1962,13795,"#1b3383","COALICION PACTO HISTORICO"
"2738",2022,13,0,15,"25873","Villapinzón","Cundinamarca",996,"VOTOS EN BLANCO","Presidencia 2da vuelta",244,13795,"#dddddd","OTROS"
"2739",2022,13,0,15,"25873","Villapinzón","Cundinamarca",997,"VOTOS NULOS","Presidencia 2da vuelta",90,13795,"#808080","VOTOS NULOS"
"2740",2022,13,0,15,"25873","Villapinzón","Cundinamarca",998,"VOTOS NO MARCADOS","Presidencia 2da vuelta",6,13795,"#dddddd","OTROS"
"2741",2022,13,0,15,"25875","Villeta","Cundinamarca",1076,"LIGA DE GOBERNANTES ANTICORRUPCION","Presidencia 2da vuelta",11740,6226,"#f07605","LIGA DE GOBERNANTES ANTICORRUPCION"
"2742",2022,13,0,15,"25875","Villeta","Cundinamarca",1235,"COALICION PACTO HISTORICO","Presidencia 2da vuelta",3661,6226,"#1b3383","COALICION PACTO HISTORICO"
"2743",2022,13,0,15,"25875","Villeta","Cundinamarca",996,"VOTOS EN BLANCO","Presidencia 2da vuelta",226,6226,"#dddddd","OTROS"
"2744",2022,13,0,15,"25875","Villeta","Cundinamarca",997,"VOTOS NULOS","Presidencia 2da vuelta",140,6226,"#808080","VOTOS NULOS"
"2745",2022,13,0,15,"25875","Villeta","Cundinamarca",998,"VOTOS NO MARCADOS","Presidencia 2da vuelta",16,6226,"#dddddd","OTROS"
"2746",2022,13,0,15,"25878","Viotá","Cundinamarca",1076,"LIGA DE GOBERNANTES ANTICORRUPCION","Presidencia 2da vuelta",4241,8836,"#f07605","LIGA DE GOBERNANTES ANTICORRUPCION"
"2747",2022,13,0,15,"25878","Viotá","Cundinamarca",1235,"COALICION PACTO HISTORICO","Presidencia 2da vuelta",2311,8836,"#1b3383","COALICION PACTO HISTORICO"
"2748",2022,13,0,15,"25878","Viotá","Cundinamarca",996,"VOTOS EN BLANCO","Presidencia 2da vuelta",79,8836,"#dddddd","OTROS"
"2749",2022,13,0,15,"25878","Viotá","Cundinamarca",997,"VOTOS NULOS","Presidencia 2da vuelta",40,8836,"#808080","VOTOS NULOS"
"2750",2022,13,0,15,"25878","Viotá","Cundinamarca",998,"VOTOS NO MARCADOS","Presidencia 2da vuelta",9,8836,"#dddddd","OTROS"
"2751",2022,13,0,15,"25885","Yacopí","Cundinamarca",1076,"LIGA DE GOBERNANTES ANTICORRUPCION","Presidencia 2da vuelta",4903,5810,"#f07605","LIGA DE GOBERNANTES ANTICORRUPCION"
"2752",2022,13,0,15,"25885","Yacopí","Cundinamarca",1235,"COALICION PACTO HISTORICO","Presidencia 2da vuelta",767,5810,"#1b3383","COALICION PACTO HISTORICO"
"2753",2022,13,0,15,"25885","Yacopí","Cundinamarca",996,"VOTOS EN BLANCO","Presidencia 2da vuelta",31,5810,"#dddddd","OTROS"
"2754",2022,13,0,15,"25885","Yacopí","Cundinamarca",997,"VOTOS NULOS","Presidencia 2da vuelta",27,5810,"#808080","VOTOS NULOS"
"2755",2022,13,0,15,"25885","Yacopí","Cundinamarca",998,"VOTOS NO MARCADOS","Presidencia 2da vuelta",6,5810,"#dddddd","OTROS"
"2756",2022,13,0,15,"25898","Zipacón","Cundinamarca",1076,"LIGA DE GOBERNANTES ANTICORRUPCION","Presidencia 2da vuelta",1923,3265,"#f07605","LIGA DE GOBERNANTES ANTICORRUPCION"
"2757",2022,13,0,15,"25898","Zipacón","Cundinamarca",1235,"COALICION PACTO HISTORICO","Presidencia 2da vuelta",949,3265,"#1b3383","COALICION PACTO HISTORICO"
"2758",2022,13,0,15,"25898","Zipacón","Cundinamarca",996,"VOTOS EN BLANCO","Presidencia 2da vuelta",51,3265,"#dddddd","OTROS"
"2759",2022,13,0,15,"25898","Zipacón","Cundinamarca",997,"VOTOS NULOS","Presidencia 2da vuelta",48,3265,"#808080","VOTOS NULOS"
"2760",2022,13,0,15,"25898","Zipacón","Cundinamarca",998,"VOTOS NO MARCADOS","Presidencia 2da vuelta",4,3265,"#dddddd","OTROS"
"2761",2022,13,0,15,"25899","Zipaquirá","Cundinamarca",1235,"COALICION PACTO HISTORICO","Presidencia 2da vuelta",42217,10915,"#1b3383","COALICION PACTO HISTORICO"
"2762",2022,13,0,15,"25899","Zipaquirá","Cundinamarca",1076,"LIGA DE GOBERNANTES ANTICORRUPCION","Presidencia 2da vuelta",26866,10915,"#f07605","LIGA DE GOBERNANTES ANTICORRUPCION"
"2763",2022,13,0,15,"25899","Zipaquirá","Cundinamarca",996,"VOTOS EN BLANCO","Presidencia 2da vuelta",1916,10915,"#dddddd","OTROS"
"2764",2022,13,0,15,"25899","Zipaquirá","Cundinamarca",997,"VOTOS NULOS","Presidencia 2da vuelta",1256,10915,"#808080","VOTOS NULOS"
"2765",2022,13,0,15,"25899","Zipaquirá","Cundinamarca",998,"VOTOS NO MARCADOS","Presidencia 2da vuelta",31,10915,"#dddddd","OTROS"
"2766",2022,13,0,16,"11001","Bogotá D.C.","Bogotá",1235,"COALICION PACTO HISTORICO","Presidencia 2da vuelta",2255941,29916,"#1b3383","COALICION PACTO HISTORICO"
"2767",2022,13,0,16,"11001","Bogotá D.C.","Bogotá",1076,"LIGA DE GOBERNANTES ANTICORRUPCION","Presidencia 2da vuelta",1482612,29916,"#f07605","LIGA DE GOBERNANTES ANTICORRUPCION"
"2768",2022,13,0,16,"11001","Bogotá D.C.","Bogotá",996,"VOTOS EN BLANCO","Presidencia 2da vuelta",112411,29916,"#dddddd","OTROS"
"2769",2022,13,0,16,"11001","Bogotá D.C.","Bogotá",997,"VOTOS NULOS","Presidencia 2da vuelta",39342,29916,"#808080","VOTOS NULOS"
"2770",2022,13,0,16,"11001","Bogotá D.C.","Bogotá",998,"VOTOS NO MARCADOS","Presidencia 2da vuelta",1350,29916,"#dddddd","OTROS"
"2771",2022,13,0,17,"27001","Quibdó","Chocó",1235,"COALICION PACTO HISTORICO","Presidencia 2da vuelta",36995,6015,"#1b3383","COALICION PACTO HISTORICO"
"2772",2022,13,0,17,"27001","Quibdó","Chocó",1076,"LIGA DE GOBERNANTES ANTICORRUPCION","Presidencia 2da vuelta",6453,6015,"#f07605","LIGA DE GOBERNANTES ANTICORRUPCION"
"2773",2022,13,0,17,"27001","Quibdó","Chocó",997,"VOTOS NULOS","Presidencia 2da vuelta",919,6015,"#808080","VOTOS NULOS"
"2774",2022,13,0,17,"27001","Quibdó","Chocó",996,"VOTOS EN BLANCO","Presidencia 2da vuelta",804,6015,"#dddddd","OTROS"
"2775",2022,13,0,17,"27001","Quibdó","Chocó",998,"VOTOS NO MARCADOS","Presidencia 2da vuelta",72,6015,"#dddddd","OTROS"
"2776",2022,13,0,17,"27006","Acandí","Chocó",1235,"COALICION PACTO HISTORICO","Presidencia 2da vuelta",2577,6686,"#1b3383","COALICION PACTO HISTORICO"
"2777",2022,13,0,17,"27006","Acandí","Chocó",1076,"LIGA DE GOBERNANTES ANTICORRUPCION","Presidencia 2da vuelta",1645,6686,"#f07605","LIGA DE GOBERNANTES ANTICORRUPCION"
"2778",2022,13,0,17,"27006","Acandí","Chocó",996,"VOTOS EN BLANCO","Presidencia 2da vuelta",88,6686,"#dddddd","OTROS"
"2779",2022,13,0,17,"27006","Acandí","Chocó",997,"VOTOS NULOS","Presidencia 2da vuelta",38,6686,"#808080","VOTOS NULOS"
"2780",2022,13,0,17,"27006","Acandí","Chocó",998,"VOTOS NO MARCADOS","Presidencia 2da vuelta",14,6686,"#dddddd","OTROS"
"2781",2022,13,0,17,"27025","Alto Baudó","Chocó",1235,"COALICION PACTO HISTORICO","Presidencia 2da vuelta",5451,2045,"#1b3383","COALICION PACTO HISTORICO"
"2782",2022,13,0,17,"27025","Alto Baudó","Chocó",1076,"LIGA DE GOBERNANTES ANTICORRUPCION","Presidencia 2da vuelta",164,2045,"#f07605","LIGA DE GOBERNANTES ANTICORRUPCION"
"2783",2022,13,0,17,"27025","Alto Baudó","Chocó",996,"VOTOS EN BLANCO","Presidencia 2da vuelta",16,2045,"#dddddd","OTROS"
"2784",2022,13,0,17,"27025","Alto Baudó","Chocó",997,"VOTOS NULOS","Presidencia 2da vuelta",9,2045,"#808080","VOTOS NULOS"
"2785",2022,13,0,17,"27025","Alto Baudó","Chocó",998,"VOTOS NO MARCADOS","Presidencia 2da vuelta",1,2045,"#dddddd","OTROS"
"2786",2022,13,0,17,"27050","Atrato","Chocó",1235,"COALICION PACTO HISTORICO","Presidencia 2da vuelta",3595,3859,"#1b3383","COALICION PACTO HISTORICO"
"2787",2022,13,0,17,"27050","Atrato","Chocó",1076,"LIGA DE GOBERNANTES ANTICORRUPCION","Presidencia 2da vuelta",463,3859,"#f07605","LIGA DE GOBERNANTES ANTICORRUPCION"
"2788",2022,13,0,17,"27050","Atrato","Chocó",997,"VOTOS NULOS","Presidencia 2da vuelta",69,3859,"#808080","VOTOS NULOS"
"2789",2022,13,0,17,"27050","Atrato","Chocó",996,"VOTOS EN BLANCO","Presidencia 2da vuelta",45,3859,"#dddddd","OTROS"
"2790",2022,13,0,17,"27050","Atrato","Chocó",998,"VOTOS NO MARCADOS","Presidencia 2da vuelta",9,3859,"#dddddd","OTROS"
"2791",2022,13,0,17,"27073","Bagadó","Chocó",1235,"COALICION PACTO HISTORICO","Presidencia 2da vuelta",2286,3615,"#1b3383","COALICION PACTO HISTORICO"
"2792",2022,13,0,17,"27073","Bagadó","Chocó",1076,"LIGA DE GOBERNANTES ANTICORRUPCION","Presidencia 2da vuelta",473,3615,"#f07605","LIGA DE GOBERNANTES ANTICORRUPCION"
"2793",2022,13,0,17,"27073","Bagadó","Chocó",997,"VOTOS NULOS","Presidencia 2da vuelta",32,3615,"#808080","VOTOS NULOS"
"2794",2022,13,0,17,"27073","Bagadó","Chocó",996,"VOTOS EN BLANCO","Presidencia 2da vuelta",19,3615,"#dddddd","OTROS"
"2795",2022,13,0,17,"27073","Bagadó","Chocó",998,"VOTOS NO MARCADOS","Presidencia 2da vuelta",9,3615,"#dddddd","OTROS"
"2796",2022,13,0,17,"27075","Bahía Solano","Chocó",1235,"COALICION PACTO HISTORICO","Presidencia 2da vuelta",2779,4915,"#1b3383","COALICION PACTO HISTORICO"
"2797",2022,13,0,17,"27075","Bahía Solano","Chocó",1076,"LIGA DE GOBERNANTES ANTICORRUPCION","Presidencia 2da vuelta",655,4915,"#f07605","LIGA DE GOBERNANTES ANTICORRUPCION"
"2798",2022,13,0,17,"27075","Bahía Solano","Chocó",996,"VOTOS EN BLANCO","Presidencia 2da vuelta",73,4915,"#dddddd","OTROS"
"2799",2022,13,0,17,"27075","Bahía Solano","Chocó",997,"VOTOS NULOS","Presidencia 2da vuelta",58,4915,"#808080","VOTOS NULOS"
"2800",2022,13,0,17,"27075","Bahía Solano","Chocó",998,"VOTOS NO MARCADOS","Presidencia 2da vuelta",5,4915,"#dddddd","OTROS"
"2801",2022,13,0,17,"27077","Bajo Baudó","Chocó",1235,"COALICION PACTO HISTORICO","Presidencia 2da vuelta",4103,3956,"#1b3383","COALICION PACTO HISTORICO"
"2802",2022,13,0,17,"27077","Bajo Baudó","Chocó",1076,"LIGA DE GOBERNANTES ANTICORRUPCION","Presidencia 2da vuelta",415,3956,"#f07605","LIGA DE GOBERNANTES ANTICORRUPCION"
"2803",2022,13,0,17,"27077","Bajo Baudó","Chocó",996,"VOTOS EN BLANCO","Presidencia 2da vuelta",49,3956,"#dddddd","OTROS"
"2804",2022,13,0,17,"27077","Bajo Baudó","Chocó",997,"VOTOS NULOS","Presidencia 2da vuelta",49,3956,"#808080","VOTOS NULOS"
"2805",2022,13,0,17,"27077","Bajo Baudó","Chocó",998,"VOTOS NO MARCADOS","Presidencia 2da vuelta",7,3956,"#dddddd","OTROS"
"2806",2022,13,0,17,"27099","Bojayá","Chocó",1235,"COALICION PACTO HISTORICO","Presidencia 2da vuelta",3231,2134,"#1b3383","COALICION PACTO HISTORICO"
"2807",2022,13,0,17,"27099","Bojayá","Chocó",1076,"LIGA DE GOBERNANTES ANTICORRUPCION","Presidencia 2da vuelta",271,2134,"#f07605","LIGA DE GOBERNANTES ANTICORRUPCION"
"2808",2022,13,0,17,"27099","Bojayá","Chocó",996,"VOTOS EN BLANCO","Presidencia 2da vuelta",27,2134,"#dddddd","OTROS"
"2809",2022,13,0,17,"27099","Bojayá","Chocó",997,"VOTOS NULOS","Presidencia 2da vuelta",14,2134,"#808080","VOTOS NULOS"
"2810",2022,13,0,17,"27099","Bojayá","Chocó",998,"VOTOS NO MARCADOS","Presidencia 2da vuelta",1,91,"#dddddd","OTROS"
"2811",2022,13,0,17,"27135","El Cantón del San Pablo","Chocó",1235,"COALICION PACTO HISTORICO","Presidencia 2da vuelta",1918,2823,"#1b3383","COALICION PACTO HISTORICO"
"2812",2022,13,0,17,"27135","El Cantón del San Pablo","Chocó",1076,"LIGA DE GOBERNANTES ANTICORRUPCION","Presidencia 2da vuelta",490,2823,"#f07605","LIGA DE GOBERNANTES ANTICORRUPCION"
"2813",2022,13,0,17,"27135","El Cantón del San Pablo","Chocó",997,"VOTOS NULOS","Presidencia 2da vuelta",44,2823,"#808080","VOTOS NULOS"
"2814",2022,13,0,17,"27135","El Cantón del San Pablo","Chocó",996,"VOTOS EN BLANCO","Presidencia 2da vuelta",39,2823,"#dddddd","OTROS"
"2815",2022,13,0,17,"27135","El Cantón del San Pablo","Chocó",998,"VOTOS NO MARCADOS","Presidencia 2da vuelta",5,2823,"#dddddd","OTROS"
"2816",2022,13,0,17,"27150","Carmen del Darién","Chocó",1235,"COALICION PACTO HISTORICO","Presidencia 2da vuelta",3287,2040,"#1b3383","COALICION PACTO HISTORICO"
"2817",2022,13,0,17,"27150","Carmen del Darién","Chocó",1076,"LIGA DE GOBERNANTES ANTICORRUPCION","Presidencia 2da vuelta",402,2040,"#f07605","LIGA DE GOBERNANTES ANTICORRUPCION"
"2818",2022,13,0,17,"27150","Carmen del Darién","Chocó",996,"VOTOS EN BLANCO","Presidencia 2da vuelta",68,2040,"#dddddd","OTROS"
"2819",2022,13,0,17,"27150","Carmen del Darién","Chocó",997,"VOTOS NULOS","Presidencia 2da vuelta",28,2040,"#808080","VOTOS NULOS"
"2820",2022,13,0,17,"27150","Carmen del Darién","Chocó",998,"VOTOS NO MARCADOS","Presidencia 2da vuelta",3,884,"#dddddd","OTROS"
"2821",2022,13,0,17,"27160","Cértegui","Chocó",1235,"COALICION PACTO HISTORICO","Presidencia 2da vuelta",2140,4167,"#1b3383","COALICION PACTO HISTORICO"
"2822",2022,13,0,17,"27160","Cértegui","Chocó",1076,"LIGA DE GOBERNANTES ANTICORRUPCION","Presidencia 2da vuelta",410,4167,"#f07605","LIGA DE GOBERNANTES ANTICORRUPCION"
"2823",2022,13,0,17,"27160","Cértegui","Chocó",997,"VOTOS NULOS","Presidencia 2da vuelta",44,4167,"#808080","VOTOS NULOS"
"2824",2022,13,0,17,"27160","Cértegui","Chocó",996,"VOTOS EN BLANCO","Presidencia 2da vuelta",34,4167,"#dddddd","OTROS"
"2825",2022,13,0,17,"27160","Cértegui","Chocó",998,"VOTOS NO MARCADOS","Presidencia 2da vuelta",5,4167,"#dddddd","OTROS"
"2826",2022,13,0,17,"27205","Condoto","Chocó",1235,"COALICION PACTO HISTORICO","Presidencia 2da vuelta",4107,8325,"#1b3383","COALICION PACTO HISTORICO"
"2827",2022,13,0,17,"27205","Condoto","Chocó",1076,"LIGA DE GOBERNANTES ANTICORRUPCION","Presidencia 2da vuelta",673,8325,"#f07605","LIGA DE GOBERNANTES ANTICORRUPCION"
"2828",2022,13,0,17,"27205","Condoto","Chocó",997,"VOTOS NULOS","Presidencia 2da vuelta",98,8325,"#808080","VOTOS NULOS"
"2829",2022,13,0,17,"27205","Condoto","Chocó",996,"VOTOS EN BLANCO","Presidencia 2da vuelta",85,8325,"#dddddd","OTROS"
"2830",2022,13,0,17,"27205","Condoto","Chocó",998,"VOTOS NO MARCADOS","Presidencia 2da vuelta",12,8325,"#dddddd","OTROS"
"2831",2022,13,0,17,"27245","El Carmen de Atrato","Chocó",1076,"LIGA DE GOBERNANTES ANTICORRUPCION","Presidencia 2da vuelta",2251,5756,"#f07605","LIGA DE GOBERNANTES ANTICORRUPCION"
"2832",2022,13,0,17,"27245","El Carmen de Atrato","Chocó",1235,"COALICION PACTO HISTORICO","Presidencia 2da vuelta",1407,5756,"#1b3383","COALICION PACTO HISTORICO"
"2833",2022,13,0,17,"27245","El Carmen de Atrato","Chocó",996,"VOTOS EN BLANCO","Presidencia 2da vuelta",77,5756,"#dddddd","OTROS"
"2834",2022,13,0,17,"27245","El Carmen de Atrato","Chocó",997,"VOTOS NULOS","Presidencia 2da vuelta",45,5756,"#808080","VOTOS NULOS"
"2835",2022,13,0,17,"27245","El Carmen de Atrato","Chocó",998,"VOTOS NO MARCADOS","Presidencia 2da vuelta",5,5756,"#dddddd","OTROS"
"2836",2022,13,0,17,"27250","El Litoral del San Juan","Chocó",1235,"COALICION PACTO HISTORICO","Presidencia 2da vuelta",3965,2475,"#1b3383","COALICION PACTO HISTORICO"
"2837",2022,13,0,17,"27250","El Litoral del San Juan","Chocó",1076,"LIGA DE GOBERNANTES ANTICORRUPCION","Presidencia 2da vuelta",70,2475,"#f07605","LIGA DE GOBERNANTES ANTICORRUPCION"
"2838",2022,13,0,17,"27250","El Litoral del San Juan","Chocó",997,"VOTOS NULOS","Presidencia 2da vuelta",18,2475,"#808080","VOTOS NULOS"
"2839",2022,13,0,17,"27250","El Litoral del San Juan","Chocó",996,"VOTOS EN BLANCO","Presidencia 2da vuelta",11,2475,"#dddddd","OTROS"
"2840",2022,13,0,17,"27250","El Litoral del San Juan","Chocó",998,"VOTOS NO MARCADOS","Presidencia 2da vuelta",4,2475,"#dddddd","OTROS"
"2841",2022,13,0,17,"27361","Istmina","Chocó",1235,"COALICION PACTO HISTORICO","Presidencia 2da vuelta",8405,18340,"#1b3383","COALICION PACTO HISTORICO"
"2842",2022,13,0,17,"27361","Istmina","Chocó",1076,"LIGA DE GOBERNANTES ANTICORRUPCION","Presidencia 2da vuelta",1349,18340,"#f07605","LIGA DE GOBERNANTES ANTICORRUPCION"
"2843",2022,13,0,17,"27361","Istmina","Chocó",996,"VOTOS EN BLANCO","Presidencia 2da vuelta",235,18340,"#dddddd","OTROS"
"2844",2022,13,0,17,"27361","Istmina","Chocó",997,"VOTOS NULOS","Presidencia 2da vuelta",197,18340,"#808080","VOTOS NULOS"
"2845",2022,13,0,17,"27361","Istmina","Chocó",998,"VOTOS NO MARCADOS","Presidencia 2da vuelta",25,18340,"#dddddd","OTROS"
"2846",2022,13,0,17,"27372","Juradó","Chocó",1235,"COALICION PACTO HISTORICO","Presidencia 2da vuelta",1115,3155,"#1b3383","COALICION PACTO HISTORICO"
"2847",2022,13,0,17,"27372","Juradó","Chocó",1076,"LIGA DE GOBERNANTES ANTICORRUPCION","Presidencia 2da vuelta",177,3155,"#f07605","LIGA DE GOBERNANTES ANTICORRUPCION"
"2848",2022,13,0,17,"27372","Juradó","Chocó",996,"VOTOS EN BLANCO","Presidencia 2da vuelta",19,3155,"#dddddd","OTROS"
"2849",2022,13,0,17,"27372","Juradó","Chocó",997,"VOTOS NULOS","Presidencia 2da vuelta",15,3155,"#808080","VOTOS NULOS"
"2850",2022,13,0,17,"27372","Juradó","Chocó",998,"VOTOS NO MARCADOS","Presidencia 2da vuelta",1,118,"#dddddd","OTROS"
"2851",2022,13,0,17,"27413","Lloró","Chocó",1235,"COALICION PACTO HISTORICO","Presidencia 2da vuelta",2967,5700,"#1b3383","COALICION PACTO HISTORICO"
"2852",2022,13,0,17,"27413","Lloró","Chocó",1076,"LIGA DE GOBERNANTES ANTICORRUPCION","Presidencia 2da vuelta",799,5700,"#f07605","LIGA DE GOBERNANTES ANTICORRUPCION"
"2853",2022,13,0,17,"27413","Lloró","Chocó",997,"VOTOS NULOS","Presidencia 2da vuelta",68,5700,"#808080","VOTOS NULOS"
"2854",2022,13,0,17,"27413","Lloró","Chocó",996,"VOTOS EN BLANCO","Presidencia 2da vuelta",53,5700,"#dddddd","OTROS"
"2855",2022,13,0,17,"27413","Lloró","Chocó",998,"VOTOS NO MARCADOS","Presidencia 2da vuelta",5,5700,"#dddddd","OTROS"
"2856",2022,13,0,17,"27425","Medio Atrato","Chocó",1235,"COALICION PACTO HISTORICO","Presidencia 2da vuelta",2898,1572,"#1b3383","COALICION PACTO HISTORICO"
"2857",2022,13,0,17,"27425","Medio Atrato","Chocó",1076,"LIGA DE GOBERNANTES ANTICORRUPCION","Presidencia 2da vuelta",294,1572,"#f07605","LIGA DE GOBERNANTES ANTICORRUPCION"
"2858",2022,13,0,17,"27425","Medio Atrato","Chocó",997,"VOTOS NULOS","Presidencia 2da vuelta",62,1572,"#808080","VOTOS NULOS"
"2859",2022,13,0,17,"27425","Medio Atrato","Chocó",996,"VOTOS EN BLANCO","Presidencia 2da vuelta",34,1572,"#dddddd","OTROS"
"2860",2022,13,0,17,"27425","Medio Atrato","Chocó",998,"VOTOS NO MARCADOS","Presidencia 2da vuelta",0,804,"#dddddd","OTROS"
"2861",2022,13,0,17,"27430","Medio Baudó","Chocó",1235,"COALICION PACTO HISTORICO","Presidencia 2da vuelta",3753,2511,"#1b3383","COALICION PACTO HISTORICO"
"2862",2022,13,0,17,"27430","Medio Baudó","Chocó",1076,"LIGA DE GOBERNANTES ANTICORRUPCION","Presidencia 2da vuelta",268,2511,"#f07605","LIGA DE GOBERNANTES ANTICORRUPCION"
"2863",2022,13,0,17,"27430","Medio Baudó","Chocó",996,"VOTOS EN BLANCO","Presidencia 2da vuelta",20,2511,"#dddddd","OTROS"
"2864",2022,13,0,17,"27430","Medio Baudó","Chocó",997,"VOTOS NULOS","Presidencia 2da vuelta",20,2511,"#808080","VOTOS NULOS"
"2865",2022,13,0,17,"27430","Medio Baudó","Chocó",998,"VOTOS NO MARCADOS","Presidencia 2da vuelta",3,2511,"#dddddd","OTROS"
"2866",2022,13,0,17,"27450","Medio San Juan","Chocó",1235,"COALICION PACTO HISTORICO","Presidencia 2da vuelta",3358,2600,"#1b3383","COALICION PACTO HISTORICO"
"2867",2022,13,0,17,"27450","Medio San Juan","Chocó",1076,"LIGA DE GOBERNANTES ANTICORRUPCION","Presidencia 2da vuelta",243,2600,"#f07605","LIGA DE GOBERNANTES ANTICORRUPCION"
"2868",2022,13,0,17,"27450","Medio San Juan","Chocó",996,"VOTOS EN BLANCO","Presidencia 2da vuelta",66,2600,"#dddddd","OTROS"
"2869",2022,13,0,17,"27450","Medio San Juan","Chocó",997,"VOTOS NULOS","Presidencia 2da vuelta",65,2600,"#808080","VOTOS NULOS"
"2870",2022,13,0,17,"27450","Medio San Juan","Chocó",998,"VOTOS NO MARCADOS","Presidencia 2da vuelta",5,57,"#dddddd","OTROS"
"2871",2022,13,0,17,"27491","Nóvita","Chocó",1235,"COALICION PACTO HISTORICO","Presidencia 2da vuelta",1775,2735,"#1b3383","COALICION PACTO HISTORICO"
"2872",2022,13,0,17,"27491","Nóvita","Chocó",1076,"LIGA DE GOBERNANTES ANTICORRUPCION","Presidencia 2da vuelta",560,2735,"#f07605","LIGA DE GOBERNANTES ANTICORRUPCION"
"2873",2022,13,0,17,"27491","Nóvita","Chocó",996,"VOTOS EN BLANCO","Presidencia 2da vuelta",56,2735,"#dddddd","OTROS"
"2874",2022,13,0,17,"27491","Nóvita","Chocó",997,"VOTOS NULOS","Presidencia 2da vuelta",50,2735,"#808080","VOTOS NULOS"
"2875",2022,13,0,17,"27491","Nóvita","Chocó",998,"VOTOS NO MARCADOS","Presidencia 2da vuelta",14,2735,"#dddddd","OTROS"
"2876",2022,13,0,17,"27495","Nuquí","Chocó",1235,"COALICION PACTO HISTORICO","Presidencia 2da vuelta",2523,3502,"#1b3383","COALICION PACTO HISTORICO"
"2877",2022,13,0,17,"27495","Nuquí","Chocó",1076,"LIGA DE GOBERNANTES ANTICORRUPCION","Presidencia 2da vuelta",275,3502,"#f07605","LIGA DE GOBERNANTES ANTICORRUPCION"
"2878",2022,13,0,17,"27495","Nuquí","Chocó",996,"VOTOS EN BLANCO","Presidencia 2da vuelta",23,3502,"#dddddd","OTROS"
"2879",2022,13,0,17,"27495","Nuquí","Chocó",997,"VOTOS NULOS","Presidencia 2da vuelta",14,3502,"#808080","VOTOS NULOS"
"2880",2022,13,0,17,"27495","Nuquí","Chocó",998,"VOTOS NO MARCADOS","Presidencia 2da vuelta",11,3502,"#dddddd","OTROS"
"2881",2022,13,0,17,"27580","Río Iro","Chocó",1235,"COALICION PACTO HISTORICO","Presidencia 2da vuelta",1466,2302,"#1b3383","COALICION PACTO HISTORICO"
"2882",2022,13,0,17,"27580","Río Iro","Chocó",1076,"LIGA DE GOBERNANTES ANTICORRUPCION","Presidencia 2da vuelta",355,2302,"#f07605","LIGA DE GOBERNANTES ANTICORRUPCION"
"2883",2022,13,0,17,"27580","Río Iro","Chocó",997,"VOTOS NULOS","Presidencia 2da vuelta",42,2302,"#808080","VOTOS NULOS"
"2884",2022,13,0,17,"27580","Río Iro","Chocó",996,"VOTOS EN BLANCO","Presidencia 2da vuelta",26,2302,"#dddddd","OTROS"
"2885",2022,13,0,17,"27580","Río Iro","Chocó",998,"VOTOS NO MARCADOS","Presidencia 2da vuelta",6,2302,"#dddddd","OTROS"
"2886",2022,13,0,17,"27600","Río Quito","Chocó",1235,"COALICION PACTO HISTORICO","Presidencia 2da vuelta",3044,1844,"#1b3383","COALICION PACTO HISTORICO"
"2887",2022,13,0,17,"27600","Río Quito","Chocó",1076,"LIGA DE GOBERNANTES ANTICORRUPCION","Presidencia 2da vuelta",838,1844,"#f07605","LIGA DE GOBERNANTES ANTICORRUPCION"
"2888",2022,13,0,17,"27600","Río Quito","Chocó",997,"VOTOS NULOS","Presidencia 2da vuelta",76,1844,"#808080","VOTOS NULOS"
"2889",2022,13,0,17,"27600","Río Quito","Chocó",996,"VOTOS EN BLANCO","Presidencia 2da vuelta",53,1844,"#dddddd","OTROS"
"2890",2022,13,0,17,"27600","Río Quito","Chocó",998,"VOTOS NO MARCADOS","Presidencia 2da vuelta",15,1844,"#dddddd","OTROS"
"2891",2022,13,0,17,"27615","Riosucio","Chocó",1235,"COALICION PACTO HISTORICO","Presidencia 2da vuelta",8291,7536,"#1b3383","COALICION PACTO HISTORICO"
"2892",2022,13,0,17,"27615","Riosucio","Chocó",1076,"LIGA DE GOBERNANTES ANTICORRUPCION","Presidencia 2da vuelta",1608,7536,"#f07605","LIGA DE GOBERNANTES ANTICORRUPCION"
"2893",2022,13,0,17,"27615","Riosucio","Chocó",997,"VOTOS NULOS","Presidencia 2da vuelta",206,7536,"#808080","VOTOS NULOS"
"2894",2022,13,0,17,"27615","Riosucio","Chocó",996,"VOTOS EN BLANCO","Presidencia 2da vuelta",127,7536,"#dddddd","OTROS"
"2895",2022,13,0,17,"27615","Riosucio","Chocó",998,"VOTOS NO MARCADOS","Presidencia 2da vuelta",21,7536,"#dddddd","OTROS"
"2896",2022,13,0,17,"27660","San José del Palmar","Chocó",1235,"COALICION PACTO HISTORICO","Presidencia 2da vuelta",911,2126,"#1b3383","COALICION PACTO HISTORICO"
"2897",2022,13,0,17,"27660","San José del Palmar","Chocó",1076,"LIGA DE GOBERNANTES ANTICORRUPCION","Presidencia 2da vuelta",552,2126,"#f07605","LIGA DE GOBERNANTES ANTICORRUPCION"
"2898",2022,13,0,17,"27660","San José del Palmar","Chocó",997,"VOTOS NULOS","Presidencia 2da vuelta",26,2126,"#808080","VOTOS NULOS"
"2899",2022,13,0,17,"27660","San José del Palmar","Chocó",996,"VOTOS EN BLANCO","Presidencia 2da vuelta",21,2126,"#dddddd","OTROS"
"2900",2022,13,0,17,"27660","San José del Palmar","Chocó",998,"VOTOS NO MARCADOS","Presidencia 2da vuelta",4,2126,"#dddddd","OTROS"
"2901",2022,13,0,17,"27745","Sipí","Chocó",1235,"COALICION PACTO HISTORICO","Presidencia 2da vuelta",1181,780,"#1b3383","COALICION PACTO HISTORICO"
"2902",2022,13,0,17,"27745","Sipí","Chocó",1076,"LIGA DE GOBERNANTES ANTICORRUPCION","Presidencia 2da vuelta",133,780,"#f07605","LIGA DE GOBERNANTES ANTICORRUPCION"
"2903",2022,13,0,17,"27745","Sipí","Chocó",997,"VOTOS NULOS","Presidencia 2da vuelta",21,780,"#808080","VOTOS NULOS"
"2904",2022,13,0,17,"27745","Sipí","Chocó",996,"VOTOS EN BLANCO","Presidencia 2da vuelta",14,780,"#dddddd","OTROS"
"2905",2022,13,0,17,"27745","Sipí","Chocó",998,"VOTOS NO MARCADOS","Presidencia 2da vuelta",2,287,"#dddddd","OTROS"
"2906",2022,13,0,17,"27787","Tadó","Chocó",1235,"COALICION PACTO HISTORICO","Presidencia 2da vuelta",4545,9524,"#1b3383","COALICION PACTO HISTORICO"
"2907",2022,13,0,17,"27787","Tadó","Chocó",1076,"LIGA DE GOBERNANTES ANTICORRUPCION","Presidencia 2da vuelta",1437,9524,"#f07605","LIGA DE GOBERNANTES ANTICORRUPCION"
"2908",2022,13,0,17,"27787","Tadó","Chocó",997,"VOTOS NULOS","Presidencia 2da vuelta",309,9524,"#808080","VOTOS NULOS"
"2909",2022,13,0,17,"27787","Tadó","Chocó",996,"VOTOS EN BLANCO","Presidencia 2da vuelta",132,9524,"#dddddd","OTROS"
"2910",2022,13,0,17,"27787","Tadó","Chocó",998,"VOTOS NO MARCADOS","Presidencia 2da vuelta",29,9524,"#dddddd","OTROS"
"2911",2022,13,0,17,"27800","Unguía","Chocó",1235,"COALICION PACTO HISTORICO","Presidencia 2da vuelta",2742,5419,"#1b3383","COALICION PACTO HISTORICO"
"2912",2022,13,0,17,"27800","Unguía","Chocó",1076,"LIGA DE GOBERNANTES ANTICORRUPCION","Presidencia 2da vuelta",1266,5419,"#f07605","LIGA DE GOBERNANTES ANTICORRUPCION"
"2913",2022,13,0,17,"27800","Unguía","Chocó",996,"VOTOS EN BLANCO","Presidencia 2da vuelta",82,5419,"#dddddd","OTROS"
"2914",2022,13,0,17,"27800","Unguía","Chocó",997,"VOTOS NULOS","Presidencia 2da vuelta",31,5419,"#808080","VOTOS NULOS"
"2915",2022,13,0,17,"27800","Unguía","Chocó",998,"VOTOS NO MARCADOS","Presidencia 2da vuelta",9,5419,"#dddddd","OTROS"
"2916",2022,13,0,17,"27810","Unión Panamericana","Chocó",1235,"COALICION PACTO HISTORICO","Presidencia 2da vuelta",1910,2981,"#1b3383","COALICION PACTO HISTORICO"
"2917",2022,13,0,17,"27810","Unión Panamericana","Chocó",1076,"LIGA DE GOBERNANTES ANTICORRUPCION","Presidencia 2da vuelta",638,2981,"#f07605","LIGA DE GOBERNANTES ANTICORRUPCION"
"2918",2022,13,0,17,"27810","Unión Panamericana","Chocó",997,"VOTOS NULOS","Presidencia 2da vuelta",72,2981,"#808080","VOTOS NULOS"
"2919",2022,13,0,17,"27810","Unión Panamericana","Chocó",996,"VOTOS EN BLANCO","Presidencia 2da vuelta",41,2981,"#dddddd","OTROS"
"2920",2022,13,0,17,"27810","Unión Panamericana","Chocó",998,"VOTOS NO MARCADOS","Presidencia 2da vuelta",4,2981,"#dddddd","OTROS"
"2921",2022,13,0,19,"41001","Neiva","Huila",1235,"COALICION PACTO HISTORICO","Presidencia 2da vuelta",87684,12701,"#1b3383","COALICION PACTO HISTORICO"
"2922",2022,13,0,19,"41001","Neiva","Huila",1076,"LIGA DE GOBERNANTES ANTICORRUPCION","Presidencia 2da vuelta",85113,12701,"#f07605","LIGA DE GOBERNANTES ANTICORRUPCION"
"2923",2022,13,0,19,"41001","Neiva","Huila",996,"VOTOS EN BLANCO","Presidencia 2da vuelta",3603,12701,"#dddddd","OTROS"
"2924",2022,13,0,19,"41001","Neiva","Huila",997,"VOTOS NULOS","Presidencia 2da vuelta",2263,12701,"#808080","VOTOS NULOS"
"2925",2022,13,0,19,"41001","Neiva","Huila",998,"VOTOS NO MARCADOS","Presidencia 2da vuelta",99,12701,"#dddddd","OTROS"
"2926",2022,13,0,19,"41006","Acevedo","Huila",1076,"LIGA DE GOBERNANTES ANTICORRUPCION","Presidencia 2da vuelta",10284,15187,"#f07605","LIGA DE GOBERNANTES ANTICORRUPCION"
"2927",2022,13,0,19,"41006","Acevedo","Huila",1235,"COALICION PACTO HISTORICO","Presidencia 2da vuelta",2460,15187,"#1b3383","COALICION PACTO HISTORICO"
"2928",2022,13,0,19,"41006","Acevedo","Huila",996,"VOTOS EN BLANCO","Presidencia 2da vuelta",149,15187,"#dddddd","OTROS"
"2929",2022,13,0,19,"41006","Acevedo","Huila",997,"VOTOS NULOS","Presidencia 2da vuelta",86,15187,"#808080","VOTOS NULOS"
"2930",2022,13,0,19,"41006","Acevedo","Huila",998,"VOTOS NO MARCADOS","Presidencia 2da vuelta",9,15187,"#dddddd","OTROS"
"2931",2022,13,0,19,"41013","Agrado","Huila",1076,"LIGA DE GOBERNANTES ANTICORRUPCION","Presidencia 2da vuelta",3330,7679,"#f07605","LIGA DE GOBERNANTES ANTICORRUPCION"
"2932",2022,13,0,19,"41013","Agrado","Huila",1235,"COALICION PACTO HISTORICO","Presidencia 2da vuelta",1411,7679,"#1b3383","COALICION PACTO HISTORICO"
"2933",2022,13,0,19,"41013","Agrado","Huila",996,"VOTOS EN BLANCO","Presidencia 2da vuelta",63,7679,"#dddddd","OTROS"
"2934",2022,13,0,19,"41013","Agrado","Huila",997,"VOTOS NULOS","Presidencia 2da vuelta",53,7679,"#808080","VOTOS NULOS"
"2935",2022,13,0,19,"41013","Agrado","Huila",998,"VOTOS NO MARCADOS","Presidencia 2da vuelta",3,7679,"#dddddd","OTROS"
"2936",2022,13,0,19,"41016","Aipe","Huila",1076,"LIGA DE GOBERNANTES ANTICORRUPCION","Presidencia 2da vuelta",6127,13166,"#f07605","LIGA DE GOBERNANTES ANTICORRUPCION"
"2937",2022,13,0,19,"41016","Aipe","Huila",1235,"COALICION PACTO HISTORICO","Presidencia 2da vuelta",3097,13166,"#1b3383","COALICION PACTO HISTORICO"
"2938",2022,13,0,19,"41016","Aipe","Huila",996,"VOTOS EN BLANCO","Presidencia 2da vuelta",102,13166,"#dddddd","OTROS"
"2939",2022,13,0,19,"41016","Aipe","Huila",997,"VOTOS NULOS","Presidencia 2da vuelta",77,13166,"#808080","VOTOS NULOS"
"2940",2022,13,0,19,"41016","Aipe","Huila",998,"VOTOS NO MARCADOS","Presidencia 2da vuelta",6,13166,"#dddddd","OTROS"
"2941",2022,13,0,19,"41020","Algeciras","Huila",1076,"LIGA DE GOBERNANTES ANTICORRUPCION","Presidencia 2da vuelta",5269,14690,"#f07605","LIGA DE GOBERNANTES ANTICORRUPCION"
"2942",2022,13,0,19,"41020","Algeciras","Huila",1235,"COALICION PACTO HISTORICO","Presidencia 2da vuelta",3670,14690,"#1b3383","COALICION PACTO HISTORICO"
"2943",2022,13,0,19,"41020","Algeciras","Huila",996,"VOTOS EN BLANCO","Presidencia 2da vuelta",149,14690,"#dddddd","OTROS"
"2944",2022,13,0,19,"41020","Algeciras","Huila",997,"VOTOS NULOS","Presidencia 2da vuelta",96,14690,"#808080","VOTOS NULOS"
"2945",2022,13,0,19,"41020","Algeciras","Huila",998,"VOTOS NO MARCADOS","Presidencia 2da vuelta",21,14690,"#dddddd","OTROS"
"2946",2022,13,0,19,"41026","Altamira","Huila",1076,"LIGA DE GOBERNANTES ANTICORRUPCION","Presidencia 2da vuelta",1035,3406,"#f07605","LIGA DE GOBERNANTES ANTICORRUPCION"
"2947",2022,13,0,19,"41026","Altamira","Huila",1235,"COALICION PACTO HISTORICO","Presidencia 2da vuelta",987,3406,"#1b3383","COALICION PACTO HISTORICO"
"2948",2022,13,0,19,"41026","Altamira","Huila",996,"VOTOS EN BLANCO","Presidencia 2da vuelta",33,3406,"#dddddd","OTROS"
"2949",2022,13,0,19,"41026","Altamira","Huila",997,"VOTOS NULOS","Presidencia 2da vuelta",24,3406,"#808080","VOTOS NULOS"
"2950",2022,13,0,19,"41026","Altamira","Huila",998,"VOTOS NO MARCADOS","Presidencia 2da vuelta",1,3406,"#dddddd","OTROS"
"2951",2022,13,0,19,"41078","Baraya","Huila",1076,"LIGA DE GOBERNANTES ANTICORRUPCION","Presidencia 2da vuelta",2115,5114,"#f07605","LIGA DE GOBERNANTES ANTICORRUPCION"
"2952",2022,13,0,19,"41078","Baraya","Huila",1235,"COALICION PACTO HISTORICO","Presidencia 2da vuelta",1172,5114,"#1b3383","COALICION PACTO HISTORICO"
"2953",2022,13,0,19,"41078","Baraya","Huila",996,"VOTOS EN BLANCO","Presidencia 2da vuelta",43,5114,"#dddddd","OTROS"
"2954",2022,13,0,19,"41078","Baraya","Huila",997,"VOTOS NULOS","Presidencia 2da vuelta",35,5114,"#808080","VOTOS NULOS"
"2955",2022,13,0,19,"41078","Baraya","Huila",998,"VOTOS NO MARCADOS","Presidencia 2da vuelta",5,5114,"#dddddd","OTROS"
"2956",2022,13,0,19,"41132","Campoalegre","Huila",1076,"LIGA DE GOBERNANTES ANTICORRUPCION","Presidencia 2da vuelta",8394,9622,"#f07605","LIGA DE GOBERNANTES ANTICORRUPCION"
"2957",2022,13,0,19,"41132","Campoalegre","Huila",1235,"COALICION PACTO HISTORICO","Presidencia 2da vuelta",6397,9622,"#1b3383","COALICION PACTO HISTORICO"
"2958",2022,13,0,19,"41132","Campoalegre","Huila",997,"VOTOS NULOS","Presidencia 2da vuelta",326,9622,"#808080","VOTOS NULOS"
"2959",2022,13,0,19,"41132","Campoalegre","Huila",996,"VOTOS EN BLANCO","Presidencia 2da vuelta",268,9622,"#dddddd","OTROS"
"2960",2022,13,0,19,"41132","Campoalegre","Huila",998,"VOTOS NO MARCADOS","Presidencia 2da vuelta",10,9622,"#dddddd","OTROS"
"2961",2022,13,0,19,"41206","Colombia","Huila",1076,"LIGA DE GOBERNANTES ANTICORRUPCION","Presidencia 2da vuelta",3112,3987,"#f07605","LIGA DE GOBERNANTES ANTICORRUPCION"
"2962",2022,13,0,19,"41206","Colombia","Huila",1235,"COALICION PACTO HISTORICO","Presidencia 2da vuelta",808,3987,"#1b3383","COALICION PACTO HISTORICO"
"2963",2022,13,0,19,"41206","Colombia","Huila",996,"VOTOS EN BLANCO","Presidencia 2da vuelta",32,3987,"#dddddd","OTROS"
"2964",2022,13,0,19,"41206","Colombia","Huila",997,"VOTOS NULOS","Presidencia 2da vuelta",26,3987,"#808080","VOTOS NULOS"
"2965",2022,13,0,19,"41206","Colombia","Huila",998,"VOTOS NO MARCADOS","Presidencia 2da vuelta",3,3987,"#dddddd","OTROS"
"2966",2022,13,0,19,"41244","Elías","Huila",1076,"LIGA DE GOBERNANTES ANTICORRUPCION","Presidencia 2da vuelta",1632,2795,"#f07605","LIGA DE GOBERNANTES ANTICORRUPCION"
"2967",2022,13,0,19,"41244","Elías","Huila",1235,"COALICION PACTO HISTORICO","Presidencia 2da vuelta",650,2795,"#1b3383","COALICION PACTO HISTORICO"
"2968",2022,13,0,19,"41244","Elías","Huila",996,"VOTOS EN BLANCO","Presidencia 2da vuelta",30,2795,"#dddddd","OTROS"
"2969",2022,13,0,19,"41244","Elías","Huila",997,"VOTOS NULOS","Presidencia 2da vuelta",21,2795,"#808080","VOTOS NULOS"
"2970",2022,13,0,19,"41244","Elías","Huila",998,"VOTOS NO MARCADOS","Presidencia 2da vuelta",1,378,"#dddddd","OTROS"
"2971",2022,13,0,19,"41298","Garzón","Huila",1076,"LIGA DE GOBERNANTES ANTICORRUPCION","Presidencia 2da vuelta",21173,7922,"#f07605","LIGA DE GOBERNANTES ANTICORRUPCION"
"2972",2022,13,0,19,"41298","Garzón","Huila",1235,"COALICION PACTO HISTORICO","Presidencia 2da vuelta",11646,7922,"#1b3383","COALICION PACTO HISTORICO"
"2973",2022,13,0,19,"41298","Garzón","Huila",996,"VOTOS EN BLANCO","Presidencia 2da vuelta",717,7922,"#dddddd","OTROS"
"2974",2022,13,0,19,"41298","Garzón","Huila",997,"VOTOS NULOS","Presidencia 2da vuelta",427,7922,"#808080","VOTOS NULOS"
"2975",2022,13,0,19,"41298","Garzón","Huila",998,"VOTOS NO MARCADOS","Presidencia 2da vuelta",32,9014,"#dddddd","OTROS"
"2976",2022,13,0,19,"41306","Gigante","Huila",1076,"LIGA DE GOBERNANTES ANTICORRUPCION","Presidencia 2da vuelta",7221,12343,"#f07605","LIGA DE GOBERNANTES ANTICORRUPCION"
"2977",2022,13,0,19,"41306","Gigante","Huila",1235,"COALICION PACTO HISTORICO","Presidencia 2da vuelta",3796,12343,"#1b3383","COALICION PACTO HISTORICO"
"2978",2022,13,0,19,"41306","Gigante","Huila",996,"VOTOS EN BLANCO","Presidencia 2da vuelta",237,12343,"#dddddd","OTROS"
"2979",2022,13,0,19,"41306","Gigante","Huila",997,"VOTOS NULOS","Presidencia 2da vuelta",152,12343,"#808080","VOTOS NULOS"
"2980",2022,13,0,19,"41306","Gigante","Huila",998,"VOTOS NO MARCADOS","Presidencia 2da vuelta",12,12343,"#dddddd","OTROS"
"2981",2022,13,0,19,"41319","Guadalupe","Huila",1076,"LIGA DE GOBERNANTES ANTICORRUPCION","Presidencia 2da vuelta",5142,11812,"#f07605","LIGA DE GOBERNANTES ANTICORRUPCION"
"2982",2022,13,0,19,"41319","Guadalupe","Huila",1235,"COALICION PACTO HISTORICO","Presidencia 2da vuelta",2773,11812,"#1b3383","COALICION PACTO HISTORICO"
"2983",2022,13,0,19,"41319","Guadalupe","Huila",996,"VOTOS EN BLANCO","Presidencia 2da vuelta",128,11812,"#dddddd","OTROS"
"2984",2022,13,0,19,"41319","Guadalupe","Huila",997,"VOTOS NULOS","Presidencia 2da vuelta",109,11812,"#808080","VOTOS NULOS"
"2985",2022,13,0,19,"41319","Guadalupe","Huila",998,"VOTOS NO MARCADOS","Presidencia 2da vuelta",9,11812,"#dddddd","OTROS"
"2986",2022,13,0,19,"41349","Hobo","Huila",1076,"LIGA DE GOBERNANTES ANTICORRUPCION","Presidencia 2da vuelta",2300,6108,"#f07605","LIGA DE GOBERNANTES ANTICORRUPCION"
"2987",2022,13,0,19,"41349","Hobo","Huila",1235,"COALICION PACTO HISTORICO","Presidencia 2da vuelta",1311,6108,"#1b3383","COALICION PACTO HISTORICO"
"2988",2022,13,0,19,"41349","Hobo","Huila",996,"VOTOS EN BLANCO","Presidencia 2da vuelta",56,6108,"#dddddd","OTROS"
"2989",2022,13,0,19,"41349","Hobo","Huila",997,"VOTOS NULOS","Presidencia 2da vuelta",40,6108,"#808080","VOTOS NULOS"
"2990",2022,13,0,19,"41349","Hobo","Huila",998,"VOTOS NO MARCADOS","Presidencia 2da vuelta",4,6108,"#dddddd","OTROS"
"2991",2022,13,0,19,"41357","Iquira","Huila",1076,"LIGA DE GOBERNANTES ANTICORRUPCION","Presidencia 2da vuelta",2564,3891,"#f07605","LIGA DE GOBERNANTES ANTICORRUPCION"
"2992",2022,13,0,19,"41357","Iquira","Huila",1235,"COALICION PACTO HISTORICO","Presidencia 2da vuelta",2044,3891,"#1b3383","COALICION PACTO HISTORICO"
"2993",2022,13,0,19,"41357","Iquira","Huila",996,"VOTOS EN BLANCO","Presidencia 2da vuelta",68,3891,"#dddddd","OTROS"
"2994",2022,13,0,19,"41357","Iquira","Huila",997,"VOTOS NULOS","Presidencia 2da vuelta",47,3891,"#808080","VOTOS NULOS"
"2995",2022,13,0,19,"41357","Iquira","Huila",998,"VOTOS NO MARCADOS","Presidencia 2da vuelta",6,3891,"#dddddd","OTROS"
"2996",2022,13,0,19,"41359","Isnos","Huila",1076,"LIGA DE GOBERNANTES ANTICORRUPCION","Presidencia 2da vuelta",6542,19116,"#f07605","LIGA DE GOBERNANTES ANTICORRUPCION"
"2997",2022,13,0,19,"41359","Isnos","Huila",1235,"COALICION PACTO HISTORICO","Presidencia 2da vuelta",6420,19116,"#1b3383","COALICION PACTO HISTORICO"
"2998",2022,13,0,19,"41359","Isnos","Huila",996,"VOTOS EN BLANCO","Presidencia 2da vuelta",328,19116,"#dddddd","OTROS"
"2999",2022,13,0,19,"41359","Isnos","Huila",997,"VOTOS NULOS","Presidencia 2da vuelta",213,19116,"#808080","VOTOS NULOS"
"3000",2022,13,0,19,"41359","Isnos","Huila",998,"VOTOS NO MARCADOS","Presidencia 2da vuelta",20,19116,"#dddddd","OTROS"
"3001",2022,13,0,19,"41378","La Argentina","Huila",1076,"LIGA DE GOBERNANTES ANTICORRUPCION","Presidencia 2da vuelta",3513,11618,"#f07605","LIGA DE GOBERNANTES ANTICORRUPCION"
"3002",2022,13,0,19,"41378","La Argentina","Huila",1235,"COALICION PACTO HISTORICO","Presidencia 2da vuelta",3240,11618,"#1b3383","COALICION PACTO HISTORICO"
"3003",2022,13,0,19,"41378","La Argentina","Huila",996,"VOTOS EN BLANCO","Presidencia 2da vuelta",207,11618,"#dddddd","OTROS"
"3004",2022,13,0,19,"41378","La Argentina","Huila",997,"VOTOS NULOS","Presidencia 2da vuelta",90,11618,"#808080","VOTOS NULOS"
"3005",2022,13,0,19,"41378","La Argentina","Huila",998,"VOTOS NO MARCADOS","Presidencia 2da vuelta",9,11618,"#dddddd","OTROS"
"3006",2022,13,0,19,"41396","La Plata","Huila",1076,"LIGA DE GOBERNANTES ANTICORRUPCION","Presidencia 2da vuelta",14638,2392,"#f07605","LIGA DE GOBERNANTES ANTICORRUPCION"
"3007",2022,13,0,19,"41396","La Plata","Huila",1235,"COALICION PACTO HISTORICO","Presidencia 2da vuelta",9578,2392,"#1b3383","COALICION PACTO HISTORICO"
"3008",2022,13,0,19,"41396","La Plata","Huila",996,"VOTOS EN BLANCO","Presidencia 2da vuelta",499,2392,"#dddddd","OTROS"
"3009",2022,13,0,19,"41396","La Plata","Huila",997,"VOTOS NULOS","Presidencia 2da vuelta",328,2392,"#808080","VOTOS NULOS"
"3010",2022,13,0,19,"41396","La Plata","Huila",998,"VOTOS NO MARCADOS","Presidencia 2da vuelta",33,5819,"#dddddd","OTROS"
"3011",2022,13,0,19,"41483","Nátaga","Huila",1076,"LIGA DE GOBERNANTES ANTICORRUPCION","Presidencia 2da vuelta",1890,4562,"#f07605","LIGA DE GOBERNANTES ANTICORRUPCION"
"3012",2022,13,0,19,"41483","Nátaga","Huila",1235,"COALICION PACTO HISTORICO","Presidencia 2da vuelta",1098,4562,"#1b3383","COALICION PACTO HISTORICO"
"3013",2022,13,0,19,"41483","Nátaga","Huila",996,"VOTOS EN BLANCO","Presidencia 2da vuelta",58,4562,"#dddddd","OTROS"
"3014",2022,13,0,19,"41483","Nátaga","Huila",997,"VOTOS NULOS","Presidencia 2da vuelta",40,4562,"#808080","VOTOS NULOS"
"3015",2022,13,0,19,"41483","Nátaga","Huila",998,"VOTOS NO MARCADOS","Presidencia 2da vuelta",4,4562,"#dddddd","OTROS"
"3016",2022,13,0,19,"41503","Oporapa","Huila",1076,"LIGA DE GOBERNANTES ANTICORRUPCION","Presidencia 2da vuelta",4505,6513,"#f07605","LIGA DE GOBERNANTES ANTICORRUPCION"
"3017",2022,13,0,19,"41503","Oporapa","Huila",1235,"COALICION PACTO HISTORICO","Presidencia 2da vuelta",980,6513,"#1b3383","COALICION PACTO HISTORICO"
"3018",2022,13,0,19,"41503","Oporapa","Huila",996,"VOTOS EN BLANCO","Presidencia 2da vuelta",84,6513,"#dddddd","OTROS"
"3019",2022,13,0,19,"41503","Oporapa","Huila",997,"VOTOS NULOS","Presidencia 2da vuelta",45,6513,"#808080","VOTOS NULOS"
"3020",2022,13,0,19,"41503","Oporapa","Huila",998,"VOTOS NO MARCADOS","Presidencia 2da vuelta",6,6513,"#dddddd","OTROS"
"3021",2022,13,0,19,"41518","Paicol","Huila",1076,"LIGA DE GOBERNANTES ANTICORRUPCION","Presidencia 2da vuelta",2675,5275,"#f07605","LIGA DE GOBERNANTES ANTICORRUPCION"
"3022",2022,13,0,19,"41518","Paicol","Huila",1235,"COALICION PACTO HISTORICO","Presidencia 2da vuelta",788,5275,"#1b3383","COALICION PACTO HISTORICO"
"3023",2022,13,0,19,"41518","Paicol","Huila",996,"VOTOS EN BLANCO","Presidencia 2da vuelta",59,5275,"#dddddd","OTROS"
"3024",2022,13,0,19,"41518","Paicol","Huila",997,"VOTOS NULOS","Presidencia 2da vuelta",29,5275,"#808080","VOTOS NULOS"
"3025",2022,13,0,19,"41518","Paicol","Huila",998,"VOTOS NO MARCADOS","Presidencia 2da vuelta",5,5275,"#dddddd","OTROS"
"3026",2022,13,0,19,"41524","Palermo","Huila",1076,"LIGA DE GOBERNANTES ANTICORRUPCION","Presidencia 2da vuelta",8186,13112,"#f07605","LIGA DE GOBERNANTES ANTICORRUPCION"
"3027",2022,13,0,19,"41524","Palermo","Huila",1235,"COALICION PACTO HISTORICO","Presidencia 2da vuelta",4439,13112,"#1b3383","COALICION PACTO HISTORICO"
"3028",2022,13,0,19,"41524","Palermo","Huila",996,"VOTOS EN BLANCO","Presidencia 2da vuelta",203,13112,"#dddddd","OTROS"
"3029",2022,13,0,19,"41524","Palermo","Huila",997,"VOTOS NULOS","Presidencia 2da vuelta",94,13112,"#808080","VOTOS NULOS"
"3030",2022,13,0,19,"41524","Palermo","Huila",998,"VOTOS NO MARCADOS","Presidencia 2da vuelta",9,13112,"#dddddd","OTROS"
"3031",2022,13,0,19,"41530","Palestina","Huila",1076,"LIGA DE GOBERNANTES ANTICORRUPCION","Presidencia 2da vuelta",3919,9638,"#f07605","LIGA DE GOBERNANTES ANTICORRUPCION"
"3032",2022,13,0,19,"41530","Palestina","Huila",1235,"COALICION PACTO HISTORICO","Presidencia 2da vuelta",1940,9638,"#1b3383","COALICION PACTO HISTORICO"
"3033",2022,13,0,19,"41530","Palestina","Huila",996,"VOTOS EN BLANCO","Presidencia 2da vuelta",91,9638,"#dddddd","OTROS"
"3034",2022,13,0,19,"41530","Palestina","Huila",997,"VOTOS NULOS","Presidencia 2da vuelta",74,9638,"#808080","VOTOS NULOS"
"3035",2022,13,0,19,"41530","Palestina","Huila",998,"VOTOS NO MARCADOS","Presidencia 2da vuelta",7,9638,"#dddddd","OTROS"
"3036",2022,13,0,19,"41548","Pital","Huila",1076,"LIGA DE GOBERNANTES ANTICORRUPCION","Presidencia 2da vuelta",4444,9028,"#f07605","LIGA DE GOBERNANTES ANTICORRUPCION"
"3037",2022,13,0,19,"41548","Pital","Huila",1235,"COALICION PACTO HISTORICO","Presidencia 2da vuelta",1763,9028,"#1b3383","COALICION PACTO HISTORICO"
"3038",2022,13,0,19,"41548","Pital","Huila",996,"VOTOS EN BLANCO","Presidencia 2da vuelta",84,9028,"#dddddd","OTROS"
"3039",2022,13,0,19,"41548","Pital","Huila",997,"VOTOS NULOS","Presidencia 2da vuelta",38,9028,"#808080","VOTOS NULOS"
"3040",2022,13,0,19,"41548","Pital","Huila",998,"VOTOS NO MARCADOS","Presidencia 2da vuelta",4,9028,"#dddddd","OTROS"
"3041",2022,13,0,19,"41551","Pitalito","Huila",1076,"LIGA DE GOBERNANTES ANTICORRUPCION","Presidencia 2da vuelta",33163,6086,"#f07605","LIGA DE GOBERNANTES ANTICORRUPCION"
"3042",2022,13,0,19,"41551","Pitalito","Huila",1235,"COALICION PACTO HISTORICO","Presidencia 2da vuelta",26136,6086,"#1b3383","COALICION PACTO HISTORICO"
"3043",2022,13,0,19,"41551","Pitalito","Huila",996,"VOTOS EN BLANCO","Presidencia 2da vuelta",1249,6086,"#dddddd","OTROS"
"3044",2022,13,0,19,"41551","Pitalito","Huila",997,"VOTOS NULOS","Presidencia 2da vuelta",697,6086,"#808080","VOTOS NULOS"
"3045",2022,13,0,19,"41551","Pitalito","Huila",998,"VOTOS NO MARCADOS","Presidencia 2da vuelta",53,6086,"#dddddd","OTROS"
"3046",2022,13,0,19,"41615","Rivera","Huila",1076,"LIGA DE GOBERNANTES ANTICORRUPCION","Presidencia 2da vuelta",6074,14795,"#f07605","LIGA DE GOBERNANTES ANTICORRUPCION"
"3047",2022,13,0,19,"41615","Rivera","Huila",1235,"COALICION PACTO HISTORICO","Presidencia 2da vuelta",5234,14795,"#1b3383","COALICION PACTO HISTORICO"
"3048",2022,13,0,19,"41615","Rivera","Huila",996,"VOTOS EN BLANCO","Presidencia 2da vuelta",227,14795,"#dddddd","OTROS"
"3049",2022,13,0,19,"41615","Rivera","Huila",997,"VOTOS NULOS","Presidencia 2da vuelta",161,14795,"#808080","VOTOS NULOS"
"3050",2022,13,0,19,"41615","Rivera","Huila",998,"VOTOS NO MARCADOS","Presidencia 2da vuelta",14,14795,"#dddddd","OTROS"
"3051",2022,13,0,19,"41660","Saladoblanco","Huila",1076,"LIGA DE GOBERNANTES ANTICORRUPCION","Presidencia 2da vuelta",5211,7785,"#f07605","LIGA DE GOBERNANTES ANTICORRUPCION"
"3052",2022,13,0,19,"41660","Saladoblanco","Huila",1235,"COALICION PACTO HISTORICO","Presidencia 2da vuelta",1130,7785,"#1b3383","COALICION PACTO HISTORICO"
"3053",2022,13,0,19,"41660","Saladoblanco","Huila",996,"VOTOS EN BLANCO","Presidencia 2da vuelta",55,7785,"#dddddd","OTROS"
"3054",2022,13,0,19,"41660","Saladoblanco","Huila",997,"VOTOS NULOS","Presidencia 2da vuelta",22,7785,"#808080","VOTOS NULOS"
"3055",2022,13,0,19,"41660","Saladoblanco","Huila",998,"VOTOS NO MARCADOS","Presidencia 2da vuelta",8,7785,"#dddddd","OTROS"
"3056",2022,13,0,19,"41668","San Agustín","Huila",1076,"LIGA DE GOBERNANTES ANTICORRUPCION","Presidencia 2da vuelta",8684,18233,"#f07605","LIGA DE GOBERNANTES ANTICORRUPCION"
"3057",2022,13,0,19,"41668","San Agustín","Huila",1235,"COALICION PACTO HISTORICO","Presidencia 2da vuelta",6506,18233,"#1b3383","COALICION PACTO HISTORICO"
"3058",2022,13,0,19,"41668","San Agustín","Huila",996,"VOTOS EN BLANCO","Presidencia 2da vuelta",353,18233,"#dddddd","OTROS"
"3059",2022,13,0,19,"41668","San Agustín","Huila",997,"VOTOS NULOS","Presidencia 2da vuelta",167,18233,"#808080","VOTOS NULOS"
"3060",2022,13,0,19,"41668","San Agustín","Huila",998,"VOTOS NO MARCADOS","Presidencia 2da vuelta",37,18233,"#dddddd","OTROS"
"3061",2022,13,0,19,"41676","Santa María","Huila",1076,"LIGA DE GOBERNANTES ANTICORRUPCION","Presidencia 2da vuelta",4115,7555,"#f07605","LIGA DE GOBERNANTES ANTICORRUPCION"
"3062",2022,13,0,19,"41676","Santa María","Huila",1235,"COALICION PACTO HISTORICO","Presidencia 2da vuelta",1146,7555,"#1b3383","COALICION PACTO HISTORICO"
"3063",2022,13,0,19,"41676","Santa María","Huila",996,"VOTOS EN BLANCO","Presidencia 2da vuelta",78,7555,"#dddddd","OTROS"
"3064",2022,13,0,19,"41676","Santa María","Huila",997,"VOTOS NULOS","Presidencia 2da vuelta",30,7555,"#808080","VOTOS NULOS"
"3065",2022,13,0,19,"41676","Santa María","Huila",998,"VOTOS NO MARCADOS","Presidencia 2da vuelta",6,7555,"#dddddd","OTROS"
"3066",2022,13,0,19,"41770","Suaza","Huila",1076,"LIGA DE GOBERNANTES ANTICORRUPCION","Presidencia 2da vuelta",5502,11523,"#f07605","LIGA DE GOBERNANTES ANTICORRUPCION"
"3067",2022,13,0,19,"41770","Suaza","Huila",1235,"COALICION PACTO HISTORICO","Presidencia 2da vuelta",2999,11523,"#1b3383","COALICION PACTO HISTORICO"
"3068",2022,13,0,19,"41770","Suaza","Huila",996,"VOTOS EN BLANCO","Presidencia 2da vuelta",131,11523,"#dddddd","OTROS"
"3069",2022,13,0,19,"41770","Suaza","Huila",997,"VOTOS NULOS","Presidencia 2da vuelta",82,11523,"#808080","VOTOS NULOS"
"3070",2022,13,0,19,"41770","Suaza","Huila",998,"VOTOS NO MARCADOS","Presidencia 2da vuelta",12,11523,"#dddddd","OTROS"
"3071",2022,13,0,19,"41791","Tarqui","Huila",1076,"LIGA DE GOBERNANTES ANTICORRUPCION","Presidencia 2da vuelta",5465,6761,"#f07605","LIGA DE GOBERNANTES ANTICORRUPCION"
"3072",2022,13,0,19,"41791","Tarqui","Huila",1235,"COALICION PACTO HISTORICO","Presidencia 2da vuelta",2413,6761,"#1b3383","COALICION PACTO HISTORICO"
"3073",2022,13,0,19,"41791","Tarqui","Huila",996,"VOTOS EN BLANCO","Presidencia 2da vuelta",94,6761,"#dddddd","OTROS"
"3074",2022,13,0,19,"41791","Tarqui","Huila",997,"VOTOS NULOS","Presidencia 2da vuelta",53,6761,"#808080","VOTOS NULOS"
"3075",2022,13,0,19,"41791","Tarqui","Huila",998,"VOTOS NO MARCADOS","Presidencia 2da vuelta",7,6761,"#dddddd","OTROS"
"3076",2022,13,0,19,"41797","Tesalia","Huila",1076,"LIGA DE GOBERNANTES ANTICORRUPCION","Presidencia 2da vuelta",3549,6562,"#f07605","LIGA DE GOBERNANTES ANTICORRUPCION"
"3077",2022,13,0,19,"41797","Tesalia","Huila",1235,"COALICION PACTO HISTORICO","Presidencia 2da vuelta",1453,6562,"#1b3383","COALICION PACTO HISTORICO"
"3078",2022,13,0,19,"41797","Tesalia","Huila",996,"VOTOS EN BLANCO","Presidencia 2da vuelta",86,6562,"#dddddd","OTROS"
"3079",2022,13,0,19,"41797","Tesalia","Huila",997,"VOTOS NULOS","Presidencia 2da vuelta",77,6562,"#808080","VOTOS NULOS"
"3080",2022,13,0,19,"41797","Tesalia","Huila",998,"VOTOS NO MARCADOS","Presidencia 2da vuelta",6,6562,"#dddddd","OTROS"
"3081",2022,13,0,19,"41799","Tello","Huila",1076,"LIGA DE GOBERNANTES ANTICORRUPCION","Presidencia 2da vuelta",4189,6116,"#f07605","LIGA DE GOBERNANTES ANTICORRUPCION"
"3082",2022,13,0,19,"41799","Tello","Huila",1235,"COALICION PACTO HISTORICO","Presidencia 2da vuelta",1678,6116,"#1b3383","COALICION PACTO HISTORICO"
"3083",2022,13,0,19,"41799","Tello","Huila",996,"VOTOS EN BLANCO","Presidencia 2da vuelta",57,6116,"#dddddd","OTROS"
"3084",2022,13,0,19,"41799","Tello","Huila",997,"VOTOS NULOS","Presidencia 2da vuelta",48,6116,"#808080","VOTOS NULOS"
"3085",2022,13,0,19,"41799","Tello","Huila",998,"VOTOS NO MARCADOS","Presidencia 2da vuelta",6,6116,"#dddddd","OTROS"
"3086",2022,13,0,19,"41801","Teruel","Huila",1076,"LIGA DE GOBERNANTES ANTICORRUPCION","Presidencia 2da vuelta",3093,6707,"#f07605","LIGA DE GOBERNANTES ANTICORRUPCION"
"3087",2022,13,0,19,"41801","Teruel","Huila",1235,"COALICION PACTO HISTORICO","Presidencia 2da vuelta",908,6707,"#1b3383","COALICION PACTO HISTORICO"
"3088",2022,13,0,19,"41801","Teruel","Huila",996,"VOTOS EN BLANCO","Presidencia 2da vuelta",37,6707,"#dddddd","OTROS"
"3089",2022,13,0,19,"41801","Teruel","Huila",997,"VOTOS NULOS","Presidencia 2da vuelta",31,6707,"#808080","VOTOS NULOS"
"3090",2022,13,0,19,"41801","Teruel","Huila",998,"VOTOS NO MARCADOS","Presidencia 2da vuelta",4,6707,"#dddddd","OTROS"
"3091",2022,13,0,19,"41807","Timaná","Huila",1076,"LIGA DE GOBERNANTES ANTICORRUPCION","Presidencia 2da vuelta",7642,14404,"#f07605","LIGA DE GOBERNANTES ANTICORRUPCION"
"3092",2022,13,0,19,"41807","Timaná","Huila",1235,"COALICION PACTO HISTORICO","Presidencia 2da vuelta",2643,14404,"#1b3383","COALICION PACTO HISTORICO"
"3093",2022,13,0,19,"41807","Timaná","Huila",996,"VOTOS EN BLANCO","Presidencia 2da vuelta",183,14404,"#dddddd","OTROS"
"3094",2022,13,0,19,"41807","Timaná","Huila",997,"VOTOS NULOS","Presidencia 2da vuelta",99,14404,"#808080","VOTOS NULOS"
"3095",2022,13,0,19,"41807","Timaná","Huila",998,"VOTOS NO MARCADOS","Presidencia 2da vuelta",10,14404,"#dddddd","OTROS"
"3096",2022,13,0,19,"41872","Villavieja","Huila",1235,"COALICION PACTO HISTORICO","Presidencia 2da vuelta",2295,3500,"#1b3383","COALICION PACTO HISTORICO"
"3097",2022,13,0,19,"41872","Villavieja","Huila",1076,"LIGA DE GOBERNANTES ANTICORRUPCION","Presidencia 2da vuelta",1923,3500,"#f07605","LIGA DE GOBERNANTES ANTICORRUPCION"
"3098",2022,13,0,19,"41872","Villavieja","Huila",997,"VOTOS NULOS","Presidencia 2da vuelta",60,3500,"#808080","VOTOS NULOS"
"3099",2022,13,0,19,"41872","Villavieja","Huila",996,"VOTOS EN BLANCO","Presidencia 2da vuelta",54,3500,"#dddddd","OTROS"
"3100",2022,13,0,19,"41872","Villavieja","Huila",998,"VOTOS NO MARCADOS","Presidencia 2da vuelta",4,1718,"#dddddd","OTROS"
"3101",2022,13,0,19,"41885","Yaguará","Huila",1076,"LIGA DE GOBERNANTES ANTICORRUPCION","Presidencia 2da vuelta",2763,6824,"#f07605","LIGA DE GOBERNANTES ANTICORRUPCION"
"3102",2022,13,0,19,"41885","Yaguará","Huila",1235,"COALICION PACTO HISTORICO","Presidencia 2da vuelta",1833,6824,"#1b3383","COALICION PACTO HISTORICO"
"3103",2022,13,0,19,"41885","Yaguará","Huila",996,"VOTOS EN BLANCO","Presidencia 2da vuelta",83,6824,"#dddddd","OTROS"
"3104",2022,13,0,19,"41885","Yaguará","Huila",997,"VOTOS NULOS","Presidencia 2da vuelta",59,6824,"#808080","VOTOS NULOS"
"3105",2022,13,0,19,"41885","Yaguará","Huila",998,"VOTOS NO MARCADOS","Presidencia 2da vuelta",1,6824,"#dddddd","OTROS"
"3106",2022,13,0,21,"47001","Santa Marta","Magdalena",1235,"COALICION PACTO HISTORICO","Presidencia 2da vuelta",125373,6409,"#1b3383","COALICION PACTO HISTORICO"
"3107",2022,13,0,21,"47001","Santa Marta","Magdalena",1076,"LIGA DE GOBERNANTES ANTICORRUPCION","Presidencia 2da vuelta",70374,6409,"#f07605","LIGA DE GOBERNANTES ANTICORRUPCION"
"3108",2022,13,0,21,"47001","Santa Marta","Magdalena",996,"VOTOS EN BLANCO","Presidencia 2da vuelta",4016,6409,"#dddddd","OTROS"
"3109",2022,13,0,21,"47001","Santa Marta","Magdalena",997,"VOTOS NULOS","Presidencia 2da vuelta",1834,6409,"#808080","VOTOS NULOS"
"3110",2022,13,0,21,"47001","Santa Marta","Magdalena",998,"VOTOS NO MARCADOS","Presidencia 2da vuelta",76,6409,"#dddddd","OTROS"
"3111",2022,13,0,21,"47030","Algarrobo","Magdalena",1235,"COALICION PACTO HISTORICO","Presidencia 2da vuelta",4126,8038,"#1b3383","COALICION PACTO HISTORICO"
"3112",2022,13,0,21,"47030","Algarrobo","Magdalena",1076,"LIGA DE GOBERNANTES ANTICORRUPCION","Presidencia 2da vuelta",1187,8038,"#f07605","LIGA DE GOBERNANTES ANTICORRUPCION"
"3113",2022,13,0,21,"47030","Algarrobo","Magdalena",996,"VOTOS EN BLANCO","Presidencia 2da vuelta",69,8038,"#dddddd","OTROS"
"3114",2022,13,0,21,"47030","Algarrobo","Magdalena",997,"VOTOS NULOS","Presidencia 2da vuelta",26,8038,"#808080","VOTOS NULOS"
"3115",2022,13,0,21,"47030","Algarrobo","Magdalena",998,"VOTOS NO MARCADOS","Presidencia 2da vuelta",3,8038,"#dddddd","OTROS"
"3116",2022,13,0,21,"47053","Aracataca","Magdalena",1235,"COALICION PACTO HISTORICO","Presidencia 2da vuelta",9538,6307,"#1b3383","COALICION PACTO HISTORICO"
"3117",2022,13,0,21,"47053","Aracataca","Magdalena",1076,"LIGA DE GOBERNANTES ANTICORRUPCION","Presidencia 2da vuelta",3847,6307,"#f07605","LIGA DE GOBERNANTES ANTICORRUPCION"
"3118",2022,13,0,21,"47053","Aracataca","Magdalena",996,"VOTOS EN BLANCO","Presidencia 2da vuelta",217,6307,"#dddddd","OTROS"
"3119",2022,13,0,21,"47053","Aracataca","Magdalena",997,"VOTOS NULOS","Presidencia 2da vuelta",144,6307,"#808080","VOTOS NULOS"
"3120",2022,13,0,21,"47053","Aracataca","Magdalena",998,"VOTOS NO MARCADOS","Presidencia 2da vuelta",11,6307,"#dddddd","OTROS"
"3121",2022,13,0,21,"47058","Ariguaní","Magdalena",1235,"COALICION PACTO HISTORICO","Presidencia 2da vuelta",5569,18351,"#1b3383","COALICION PACTO HISTORICO"
"3122",2022,13,0,21,"47058","Ariguaní","Magdalena",1076,"LIGA DE GOBERNANTES ANTICORRUPCION","Presidencia 2da vuelta",5507,18351,"#f07605","LIGA DE GOBERNANTES ANTICORRUPCION"
"3123",2022,13,0,21,"47058","Ariguaní","Magdalena",996,"VOTOS EN BLANCO","Presidencia 2da vuelta",152,18351,"#dddddd","OTROS"
"3124",2022,13,0,21,"47058","Ariguaní","Magdalena",997,"VOTOS NULOS","Presidencia 2da vuelta",85,18351,"#808080","VOTOS NULOS"
"3125",2022,13,0,21,"47058","Ariguaní","Magdalena",998,"VOTOS NO MARCADOS","Presidencia 2da vuelta",14,18351,"#dddddd","OTROS"
"3126",2022,13,0,21,"47161","Cerro San Antonio","Magdalena",1235,"COALICION PACTO HISTORICO","Presidencia 2da vuelta",1817,5610,"#1b3383","COALICION PACTO HISTORICO"
"3127",2022,13,0,21,"47161","Cerro San Antonio","Magdalena",1076,"LIGA DE GOBERNANTES ANTICORRUPCION","Presidencia 2da vuelta",1635,5610,"#f07605","LIGA DE GOBERNANTES ANTICORRUPCION"
"3128",2022,13,0,21,"47161","Cerro San Antonio","Magdalena",996,"VOTOS EN BLANCO","Presidencia 2da vuelta",36,5610,"#dddddd","OTROS"
"3129",2022,13,0,21,"47161","Cerro San Antonio","Magdalena",997,"VOTOS NULOS","Presidencia 2da vuelta",16,5610,"#808080","VOTOS NULOS"
"3130",2022,13,0,21,"47161","Cerro San Antonio","Magdalena",998,"VOTOS NO MARCADOS","Presidencia 2da vuelta",2,5610,"#dddddd","OTROS"
"3131",2022,13,0,21,"47170","Chivolo","Magdalena",1235,"COALICION PACTO HISTORICO","Presidencia 2da vuelta",3805,11536,"#1b3383","COALICION PACTO HISTORICO"
"3132",2022,13,0,21,"47170","Chivolo","Magdalena",1076,"LIGA DE GOBERNANTES ANTICORRUPCION","Presidencia 2da vuelta",2971,11536,"#f07605","LIGA DE GOBERNANTES ANTICORRUPCION"
"3133",2022,13,0,21,"47170","Chivolo","Magdalena",996,"VOTOS EN BLANCO","Presidencia 2da vuelta",105,11536,"#dddddd","OTROS"
"3134",2022,13,0,21,"47170","Chivolo","Magdalena",997,"VOTOS NULOS","Presidencia 2da vuelta",33,11536,"#808080","VOTOS NULOS"
"3135",2022,13,0,21,"47170","Chivolo","Magdalena",998,"VOTOS NO MARCADOS","Presidencia 2da vuelta",8,11536,"#dddddd","OTROS"
"3136",2022,13,0,21,"47189","Ciénaga","Magdalena",1235,"COALICION PACTO HISTORICO","Presidencia 2da vuelta",28615,9100,"#1b3383","COALICION PACTO HISTORICO"
"3137",2022,13,0,21,"47189","Ciénaga","Magdalena",1076,"LIGA DE GOBERNANTES ANTICORRUPCION","Presidencia 2da vuelta",13195,9100,"#f07605","LIGA DE GOBERNANTES ANTICORRUPCION"
"3138",2022,13,0,21,"47189","Ciénaga","Magdalena",996,"VOTOS EN BLANCO","Presidencia 2da vuelta",858,9100,"#dddddd","OTROS"
"3139",2022,13,0,21,"47189","Ciénaga","Magdalena",997,"VOTOS NULOS","Presidencia 2da vuelta",598,9100,"#808080","VOTOS NULOS"
"3140",2022,13,0,21,"47189","Ciénaga","Magdalena",998,"VOTOS NO MARCADOS","Presidencia 2da vuelta",33,6323,"#dddddd","OTROS"
"3141",2022,13,0,21,"47205","Concordia","Magdalena",1235,"COALICION PACTO HISTORICO","Presidencia 2da vuelta",2933,5460,"#1b3383","COALICION PACTO HISTORICO"
"3142",2022,13,0,21,"47205","Concordia","Magdalena",1076,"LIGA DE GOBERNANTES ANTICORRUPCION","Presidencia 2da vuelta",1987,5460,"#f07605","LIGA DE GOBERNANTES ANTICORRUPCION"
"3143",2022,13,0,21,"47205","Concordia","Magdalena",996,"VOTOS EN BLANCO","Presidencia 2da vuelta",30,5460,"#dddddd","OTROS"
"3144",2022,13,0,21,"47205","Concordia","Magdalena",997,"VOTOS NULOS","Presidencia 2da vuelta",13,5460,"#808080","VOTOS NULOS"
"3145",2022,13,0,21,"47205","Concordia","Magdalena",998,"VOTOS NO MARCADOS","Presidencia 2da vuelta",2,1790,"#dddddd","OTROS"
"3146",2022,13,0,21,"47245","El Banco","Magdalena",1076,"LIGA DE GOBERNANTES ANTICORRUPCION","Presidencia 2da vuelta",13655,7460,"#f07605","LIGA DE GOBERNANTES ANTICORRUPCION"
"3147",2022,13,0,21,"47245","El Banco","Magdalena",1235,"COALICION PACTO HISTORICO","Presidencia 2da vuelta",10080,7460,"#1b3383","COALICION PACTO HISTORICO"
"3148",2022,13,0,21,"47245","El Banco","Magdalena",996,"VOTOS EN BLANCO","Presidencia 2da vuelta",241,7460,"#dddddd","OTROS"
"3149",2022,13,0,21,"47245","El Banco","Magdalena",997,"VOTOS NULOS","Presidencia 2da vuelta",164,7460,"#808080","VOTOS NULOS"
"3150",2022,13,0,21,"47245","El Banco","Magdalena",998,"VOTOS NO MARCADOS","Presidencia 2da vuelta",31,7460,"#dddddd","OTROS"
"3151",2022,13,0,21,"47258","El Piñon","Magdalena",1235,"COALICION PACTO HISTORICO","Presidencia 2da vuelta",3493,5558,"#1b3383","COALICION PACTO HISTORICO"
"3152",2022,13,0,21,"47258","El Piñon","Magdalena",1076,"LIGA DE GOBERNANTES ANTICORRUPCION","Presidencia 2da vuelta",3442,5558,"#f07605","LIGA DE GOBERNANTES ANTICORRUPCION"
"3153",2022,13,0,21,"47258","El Piñon","Magdalena",996,"VOTOS EN BLANCO","Presidencia 2da vuelta",79,5558,"#dddddd","OTROS"
"3154",2022,13,0,21,"47258","El Piñon","Magdalena",997,"VOTOS NULOS","Presidencia 2da vuelta",43,5558,"#808080","VOTOS NULOS"
"3155",2022,13,0,21,"47258","El Piñon","Magdalena",998,"VOTOS NO MARCADOS","Presidencia 2da vuelta",5,5558,"#dddddd","OTROS"
"3156",2022,13,0,21,"47268","El Retén","Magdalena",1235,"COALICION PACTO HISTORICO","Presidencia 2da vuelta",6132,14952,"#1b3383","COALICION PACTO HISTORICO"
"3157",2022,13,0,21,"47268","El Retén","Magdalena",1076,"LIGA DE GOBERNANTES ANTICORRUPCION","Presidencia 2da vuelta",1611,14952,"#f07605","LIGA DE GOBERNANTES ANTICORRUPCION"
"3158",2022,13,0,21,"47268","El Retén","Magdalena",996,"VOTOS EN BLANCO","Presidencia 2da vuelta",124,14952,"#dddddd","OTROS"
"3159",2022,13,0,21,"47268","El Retén","Magdalena",997,"VOTOS NULOS","Presidencia 2da vuelta",57,14952,"#808080","VOTOS NULOS"
"3160",2022,13,0,21,"47268","El Retén","Magdalena",998,"VOTOS NO MARCADOS","Presidencia 2da vuelta",8,14952,"#dddddd","OTROS"
"3161",2022,13,0,21,"47288","Fundación","Magdalena",1235,"COALICION PACTO HISTORICO","Presidencia 2da vuelta",14665,5892,"#1b3383","COALICION PACTO HISTORICO"
"3162",2022,13,0,21,"47288","Fundación","Magdalena",1076,"LIGA DE GOBERNANTES ANTICORRUPCION","Presidencia 2da vuelta",11177,5892,"#f07605","LIGA DE GOBERNANTES ANTICORRUPCION"
"3163",2022,13,0,21,"47288","Fundación","Magdalena",996,"VOTOS EN BLANCO","Presidencia 2da vuelta",374,5892,"#dddddd","OTROS"
"3164",2022,13,0,21,"47288","Fundación","Magdalena",997,"VOTOS NULOS","Presidencia 2da vuelta",247,5892,"#808080","VOTOS NULOS"
"3165",2022,13,0,21,"47288","Fundación","Magdalena",998,"VOTOS NO MARCADOS","Presidencia 2da vuelta",15,5179,"#dddddd","OTROS"
"3166",2022,13,0,21,"47318","Guamal","Magdalena",1076,"LIGA DE GOBERNANTES ANTICORRUPCION","Presidencia 2da vuelta",6141,9309,"#f07605","LIGA DE GOBERNANTES ANTICORRUPCION"
"3167",2022,13,0,21,"47318","Guamal","Magdalena",1235,"COALICION PACTO HISTORICO","Presidencia 2da vuelta",4158,9309,"#1b3383","COALICION PACTO HISTORICO"
"3168",2022,13,0,21,"47318","Guamal","Magdalena",996,"VOTOS EN BLANCO","Presidencia 2da vuelta",88,9309,"#dddddd","OTROS"
"3169",2022,13,0,21,"47318","Guamal","Magdalena",997,"VOTOS NULOS","Presidencia 2da vuelta",46,9309,"#808080","VOTOS NULOS"
"3170",2022,13,0,21,"47318","Guamal","Magdalena",998,"VOTOS NO MARCADOS","Presidencia 2da vuelta",10,9309,"#dddddd","OTROS"
"3171",2022,13,0,21,"47460","Nueva Granada","Magdalena",1076,"LIGA DE GOBERNANTES ANTICORRUPCION","Presidencia 2da vuelta",3776,8849,"#f07605","LIGA DE GOBERNANTES ANTICORRUPCION"
"3172",2022,13,0,21,"47460","Nueva Granada","Magdalena",1235,"COALICION PACTO HISTORICO","Presidencia 2da vuelta",3371,8849,"#1b3383","COALICION PACTO HISTORICO"
"3173",2022,13,0,21,"47460","Nueva Granada","Magdalena",996,"VOTOS EN BLANCO","Presidencia 2da vuelta",93,8849,"#dddddd","OTROS"
"3174",2022,13,0,21,"47460","Nueva Granada","Magdalena",997,"VOTOS NULOS","Presidencia 2da vuelta",42,8849,"#808080","VOTOS NULOS"
"3175",2022,13,0,21,"47460","Nueva Granada","Magdalena",998,"VOTOS NO MARCADOS","Presidencia 2da vuelta",4,8849,"#dddddd","OTROS"
"3176",2022,13,0,21,"47541","Pedraza","Magdalena",1076,"LIGA DE GOBERNANTES ANTICORRUPCION","Presidencia 2da vuelta",2261,3342,"#f07605","LIGA DE GOBERNANTES ANTICORRUPCION"
"3177",2022,13,0,21,"47541","Pedraza","Magdalena",1235,"COALICION PACTO HISTORICO","Presidencia 2da vuelta",2210,3342,"#1b3383","COALICION PACTO HISTORICO"
"3178",2022,13,0,21,"47541","Pedraza","Magdalena",996,"VOTOS EN BLANCO","Presidencia 2da vuelta",33,3342,"#dddddd","OTROS"
"3179",2022,13,0,21,"47541","Pedraza","Magdalena",997,"VOTOS NULOS","Presidencia 2da vuelta",19,3342,"#808080","VOTOS NULOS"
"3180",2022,13,0,21,"47541","Pedraza","Magdalena",998,"VOTOS NO MARCADOS","Presidencia 2da vuelta",6,3342,"#dddddd","OTROS"
"3181",2022,13,0,21,"47545","Pijiño del Carmen","Magdalena",1076,"LIGA DE GOBERNANTES ANTICORRUPCION","Presidencia 2da vuelta",2870,5320,"#f07605","LIGA DE GOBERNANTES ANTICORRUPCION"
"3182",2022,13,0,21,"47545","Pijiño del Carmen","Magdalena",1235,"COALICION PACTO HISTORICO","Presidencia 2da vuelta",1915,5320,"#1b3383","COALICION PACTO HISTORICO"
"3183",2022,13,0,21,"47545","Pijiño del Carmen","Magdalena",996,"VOTOS EN BLANCO","Presidencia 2da vuelta",58,5320,"#dddddd","OTROS"
"3184",2022,13,0,21,"47545","Pijiño del Carmen","Magdalena",997,"VOTOS NULOS","Presidencia 2da vuelta",23,5320,"#808080","VOTOS NULOS"
"3185",2022,13,0,21,"47545","Pijiño del Carmen","Magdalena",998,"VOTOS NO MARCADOS","Presidencia 2da vuelta",6,5320,"#dddddd","OTROS"
"3186",2022,13,0,21,"47551","Pivijay","Magdalena",1235,"COALICION PACTO HISTORICO","Presidencia 2da vuelta",9957,4201,"#1b3383","COALICION PACTO HISTORICO"
"3187",2022,13,0,21,"47551","Pivijay","Magdalena",1076,"LIGA DE GOBERNANTES ANTICORRUPCION","Presidencia 2da vuelta",3997,4201,"#f07605","LIGA DE GOBERNANTES ANTICORRUPCION"
"3188",2022,13,0,21,"47551","Pivijay","Magdalena",996,"VOTOS EN BLANCO","Presidencia 2da vuelta",191,4201,"#dddddd","OTROS"
"3189",2022,13,0,21,"47551","Pivijay","Magdalena",997,"VOTOS NULOS","Presidencia 2da vuelta",100,4201,"#808080","VOTOS NULOS"
"3190",2022,13,0,21,"47551","Pivijay","Magdalena",998,"VOTOS NO MARCADOS","Presidencia 2da vuelta",16,4201,"#dddddd","OTROS"
"3191",2022,13,0,21,"47555","Plato","Magdalena",1235,"COALICION PACTO HISTORICO","Presidencia 2da vuelta",13047,5572,"#1b3383","COALICION PACTO HISTORICO"
"3192",2022,13,0,21,"47555","Plato","Magdalena",1076,"LIGA DE GOBERNANTES ANTICORRUPCION","Presidencia 2da vuelta",6990,5572,"#f07605","LIGA DE GOBERNANTES ANTICORRUPCION"
"3193",2022,13,0,21,"47555","Plato","Magdalena",996,"VOTOS EN BLANCO","Presidencia 2da vuelta",286,5572,"#dddddd","OTROS"
"3194",2022,13,0,21,"47555","Plato","Magdalena",997,"VOTOS NULOS","Presidencia 2da vuelta",136,5572,"#808080","VOTOS NULOS"
"3195",2022,13,0,21,"47555","Plato","Magdalena",998,"VOTOS NO MARCADOS","Presidencia 2da vuelta",19,5572,"#dddddd","OTROS"
"3196",2022,13,0,21,"47570","Puebloviejo","Magdalena",1235,"COALICION PACTO HISTORICO","Presidencia 2da vuelta",6073,8998,"#1b3383","COALICION PACTO HISTORICO"
"3197",2022,13,0,21,"47570","Puebloviejo","Magdalena",1076,"LIGA DE GOBERNANTES ANTICORRUPCION","Presidencia 2da vuelta",2967,8998,"#f07605","LIGA DE GOBERNANTES ANTICORRUPCION"
"3198",2022,13,0,21,"47570","Puebloviejo","Magdalena",996,"VOTOS EN BLANCO","Presidencia 2da vuelta",165,8998,"#dddddd","OTROS"
"3199",2022,13,0,21,"47570","Puebloviejo","Magdalena",997,"VOTOS NULOS","Presidencia 2da vuelta",143,8998,"#808080","VOTOS NULOS"
"3200",2022,13,0,21,"47570","Puebloviejo","Magdalena",998,"VOTOS NO MARCADOS","Presidencia 2da vuelta",24,8998,"#dddddd","OTROS"
"3201",2022,13,0,21,"47605","Remolino","Magdalena",1235,"COALICION PACTO HISTORICO","Presidencia 2da vuelta",2414,5190,"#1b3383","COALICION PACTO HISTORICO"
"3202",2022,13,0,21,"47605","Remolino","Magdalena",1076,"LIGA DE GOBERNANTES ANTICORRUPCION","Presidencia 2da vuelta",854,5190,"#f07605","LIGA DE GOBERNANTES ANTICORRUPCION"
"3203",2022,13,0,21,"47605","Remolino","Magdalena",996,"VOTOS EN BLANCO","Presidencia 2da vuelta",22,5190,"#dddddd","OTROS"
"3204",2022,13,0,21,"47605","Remolino","Magdalena",997,"VOTOS NULOS","Presidencia 2da vuelta",17,5190,"#808080","VOTOS NULOS"
"3205",2022,13,0,21,"47605","Remolino","Magdalena",998,"VOTOS NO MARCADOS","Presidencia 2da vuelta",3,5190,"#dddddd","OTROS"
"3206",2022,13,0,21,"47660","Sabanas de San Angel","Magdalena",1076,"LIGA DE GOBERNANTES ANTICORRUPCION","Presidencia 2da vuelta",3055,5227,"#f07605","LIGA DE GOBERNANTES ANTICORRUPCION"
"3207",2022,13,0,21,"47660","Sabanas de San Angel","Magdalena",1235,"COALICION PACTO HISTORICO","Presidencia 2da vuelta",1817,5227,"#1b3383","COALICION PACTO HISTORICO"
"3208",2022,13,0,21,"47660","Sabanas de San Angel","Magdalena",996,"VOTOS EN BLANCO","Presidencia 2da vuelta",53,5227,"#dddddd","OTROS"
"3209",2022,13,0,21,"47660","Sabanas de San Angel","Magdalena",997,"VOTOS NULOS","Presidencia 2da vuelta",24,5227,"#808080","VOTOS NULOS"
"3210",2022,13,0,21,"47660","Sabanas de San Angel","Magdalena",998,"VOTOS NO MARCADOS","Presidencia 2da vuelta",9,5227,"#dddddd","OTROS"
"3211",2022,13,0,21,"47675","Salamina","Magdalena",1235,"COALICION PACTO HISTORICO","Presidencia 2da vuelta",2169,6044,"#1b3383","COALICION PACTO HISTORICO"
"3212",2022,13,0,21,"47675","Salamina","Magdalena",1076,"LIGA DE GOBERNANTES ANTICORRUPCION","Presidencia 2da vuelta",2061,6044,"#f07605","LIGA DE GOBERNANTES ANTICORRUPCION"
"3213",2022,13,0,21,"47675","Salamina","Magdalena",996,"VOTOS EN BLANCO","Presidencia 2da vuelta",61,6044,"#dddddd","OTROS"
"3214",2022,13,0,21,"47675","Salamina","Magdalena",997,"VOTOS NULOS","Presidencia 2da vuelta",28,6044,"#808080","VOTOS NULOS"
"3215",2022,13,0,21,"47675","Salamina","Magdalena",998,"VOTOS NO MARCADOS","Presidencia 2da vuelta",10,6044,"#dddddd","OTROS"
"3216",2022,13,0,21,"47692","San Sebastián de Buenavista","Magdalena",1076,"LIGA DE GOBERNANTES ANTICORRUPCION","Presidencia 2da vuelta",4627,7206,"#f07605","LIGA DE GOBERNANTES ANTICORRUPCION"
"3217",2022,13,0,21,"47692","San Sebastián de Buenavista","Magdalena",1235,"COALICION PACTO HISTORICO","Presidencia 2da vuelta",4017,7206,"#1b3383","COALICION PACTO HISTORICO"
"3218",2022,13,0,21,"47692","San Sebastián de Buenavista","Magdalena",996,"VOTOS EN BLANCO","Presidencia 2da vuelta",92,7206,"#dddddd","OTROS"
"3219",2022,13,0,21,"47692","San Sebastián de Buenavista","Magdalena",997,"VOTOS NULOS","Presidencia 2da vuelta",27,7206,"#808080","VOTOS NULOS"
"3220",2022,13,0,21,"47692","San Sebastián de Buenavista","Magdalena",998,"VOTOS NO MARCADOS","Presidencia 2da vuelta",11,7206,"#dddddd","OTROS"
"3221",2022,13,0,21,"47703","San Zenón","Magdalena",1076,"LIGA DE GOBERNANTES ANTICORRUPCION","Presidencia 2da vuelta",2832,1951,"#f07605","LIGA DE GOBERNANTES ANTICORRUPCION"
"3222",2022,13,0,21,"47703","San Zenón","Magdalena",1235,"COALICION PACTO HISTORICO","Presidencia 2da vuelta",2225,1951,"#1b3383","COALICION PACTO HISTORICO"
"3223",2022,13,0,21,"47703","San Zenón","Magdalena",996,"VOTOS EN BLANCO","Presidencia 2da vuelta",45,1951,"#dddddd","OTROS"
"3224",2022,13,0,21,"47703","San Zenón","Magdalena",997,"VOTOS NULOS","Presidencia 2da vuelta",12,1951,"#808080","VOTOS NULOS"
"3225",2022,13,0,21,"47703","San Zenón","Magdalena",998,"VOTOS NO MARCADOS","Presidencia 2da vuelta",5,1951,"#dddddd","OTROS"
"3226",2022,13,0,21,"47707","Santa Ana","Magdalena",1076,"LIGA DE GOBERNANTES ANTICORRUPCION","Presidencia 2da vuelta",6141,12322,"#f07605","LIGA DE GOBERNANTES ANTICORRUPCION"
"3227",2022,13,0,21,"47707","Santa Ana","Magdalena",1235,"COALICION PACTO HISTORICO","Presidencia 2da vuelta",2852,12322,"#1b3383","COALICION PACTO HISTORICO"
"3228",2022,13,0,21,"47707","Santa Ana","Magdalena",996,"VOTOS EN BLANCO","Presidencia 2da vuelta",91,12322,"#dddddd","OTROS"
"3229",2022,13,0,21,"47707","Santa Ana","Magdalena",997,"VOTOS NULOS","Presidencia 2da vuelta",37,12322,"#808080","VOTOS NULOS"
"3230",2022,13,0,21,"47707","Santa Ana","Magdalena",998,"VOTOS NO MARCADOS","Presidencia 2da vuelta",3,12322,"#dddddd","OTROS"
"3231",2022,13,0,21,"47720","Santa Bárbara de Pinto","Magdalena",1235,"COALICION PACTO HISTORICO","Presidencia 2da vuelta",2926,6431,"#1b3383","COALICION PACTO HISTORICO"
"3232",2022,13,0,21,"47720","Santa Bárbara de Pinto","Magdalena",1076,"LIGA DE GOBERNANTES ANTICORRUPCION","Presidencia 2da vuelta",1500,6431,"#f07605","LIGA DE GOBERNANTES ANTICORRUPCION"
"3233",2022,13,0,21,"47720","Santa Bárbara de Pinto","Magdalena",996,"VOTOS EN BLANCO","Presidencia 2da vuelta",43,6431,"#dddddd","OTROS"
"3234",2022,13,0,21,"47720","Santa Bárbara de Pinto","Magdalena",997,"VOTOS NULOS","Presidencia 2da vuelta",12,6431,"#808080","VOTOS NULOS"
"3235",2022,13,0,21,"47720","Santa Bárbara de Pinto","Magdalena",998,"VOTOS NO MARCADOS","Presidencia 2da vuelta",8,6431,"#dddddd","OTROS"
"3236",2022,13,0,21,"47745","Sitionuevo","Magdalena",1235,"COALICION PACTO HISTORICO","Presidencia 2da vuelta",5632,12801,"#1b3383","COALICION PACTO HISTORICO"
"3237",2022,13,0,21,"47745","Sitionuevo","Magdalena",1076,"LIGA DE GOBERNANTES ANTICORRUPCION","Presidencia 2da vuelta",2100,12801,"#f07605","LIGA DE GOBERNANTES ANTICORRUPCION"
"3238",2022,13,0,21,"47745","Sitionuevo","Magdalena",997,"VOTOS NULOS","Presidencia 2da vuelta",133,12801,"#808080","VOTOS NULOS"
"3239",2022,13,0,21,"47745","Sitionuevo","Magdalena",996,"VOTOS EN BLANCO","Presidencia 2da vuelta",115,12801,"#dddddd","OTROS"
"3240",2022,13,0,21,"47745","Sitionuevo","Magdalena",998,"VOTOS NO MARCADOS","Presidencia 2da vuelta",5,12801,"#dddddd","OTROS"
"3241",2022,13,0,21,"47798","Tenerife","Magdalena",1235,"COALICION PACTO HISTORICO","Presidencia 2da vuelta",3270,6854,"#1b3383","COALICION PACTO HISTORICO"
"3242",2022,13,0,21,"47798","Tenerife","Magdalena",1076,"LIGA DE GOBERNANTES ANTICORRUPCION","Presidencia 2da vuelta",2383,6854,"#f07605","LIGA DE GOBERNANTES ANTICORRUPCION"
"3243",2022,13,0,21,"47798","Tenerife","Magdalena",996,"VOTOS EN BLANCO","Presidencia 2da vuelta",85,6854,"#dddddd","OTROS"
"3244",2022,13,0,21,"47798","Tenerife","Magdalena",997,"VOTOS NULOS","Presidencia 2da vuelta",23,6854,"#808080","VOTOS NULOS"
"3245",2022,13,0,21,"47798","Tenerife","Magdalena",998,"VOTOS NO MARCADOS","Presidencia 2da vuelta",8,6854,"#dddddd","OTROS"
"3246",2022,13,0,21,"47960","Zapayán","Magdalena",1076,"LIGA DE GOBERNANTES ANTICORRUPCION","Presidencia 2da vuelta",2484,3605,"#f07605","LIGA DE GOBERNANTES ANTICORRUPCION"
"3247",2022,13,0,21,"47960","Zapayán","Magdalena",1235,"COALICION PACTO HISTORICO","Presidencia 2da vuelta",1747,3605,"#1b3383","COALICION PACTO HISTORICO"
"3248",2022,13,0,21,"47960","Zapayán","Magdalena",996,"VOTOS EN BLANCO","Presidencia 2da vuelta",39,3605,"#dddddd","OTROS"
"3249",2022,13,0,21,"47960","Zapayán","Magdalena",997,"VOTOS NULOS","Presidencia 2da vuelta",14,3605,"#808080","VOTOS NULOS"
"3250",2022,13,0,21,"47960","Zapayán","Magdalena",998,"VOTOS NO MARCADOS","Presidencia 2da vuelta",3,3605,"#dddddd","OTROS"
"3251",2022,13,0,21,"47980","Zona Bananera","Magdalena",1235,"COALICION PACTO HISTORICO","Presidencia 2da vuelta",16952,9147,"#1b3383","COALICION PACTO HISTORICO"
"3252",2022,13,0,21,"47980","Zona Bananera","Magdalena",1076,"LIGA DE GOBERNANTES ANTICORRUPCION","Presidencia 2da vuelta",4332,9147,"#f07605","LIGA DE GOBERNANTES ANTICORRUPCION"
"3253",2022,13,0,21,"47980","Zona Bananera","Magdalena",996,"VOTOS EN BLANCO","Presidencia 2da vuelta",336,9147,"#dddddd","OTROS"
"3254",2022,13,0,21,"47980","Zona Bananera","Magdalena",997,"VOTOS NULOS","Presidencia 2da vuelta",212,9147,"#808080","VOTOS NULOS"
"3255",2022,13,0,21,"47980","Zona Bananera","Magdalena",998,"VOTOS NO MARCADOS","Presidencia 2da vuelta",17,9147,"#dddddd","OTROS"
"3256",2022,13,0,23,"52001","Pasto","Nariño",1235,"COALICION PACTO HISTORICO","Presidencia 2da vuelta",177631,7485,"#1b3383","COALICION PACTO HISTORICO"
"3257",2022,13,0,23,"52001","Pasto","Nariño",1076,"LIGA DE GOBERNANTES ANTICORRUPCION","Presidencia 2da vuelta",35122,7485,"#f07605","LIGA DE GOBERNANTES ANTICORRUPCION"
"3258",2022,13,0,23,"52001","Pasto","Nariño",996,"VOTOS EN BLANCO","Presidencia 2da vuelta",4157,7485,"#dddddd","OTROS"
"3259",2022,13,0,23,"52001","Pasto","Nariño",997,"VOTOS NULOS","Presidencia 2da vuelta",2479,7485,"#808080","VOTOS NULOS"
"3260",2022,13,0,23,"52001","Pasto","Nariño",998,"VOTOS NO MARCADOS","Presidencia 2da vuelta",114,7485,"#dddddd","OTROS"
"3261",2022,13,0,23,"52019","Albán","Nariño",1235,"COALICION PACTO HISTORICO","Presidencia 2da vuelta",2279,5586,"#1b3383","COALICION PACTO HISTORICO"
"3262",2022,13,0,23,"52019","Albán","Nariño",1076,"LIGA DE GOBERNANTES ANTICORRUPCION","Presidencia 2da vuelta",2011,5586,"#f07605","LIGA DE GOBERNANTES ANTICORRUPCION"
"3263",2022,13,0,23,"52019","Albán","Nariño",996,"VOTOS EN BLANCO","Presidencia 2da vuelta",104,5586,"#dddddd","OTROS"
"3264",2022,13,0,23,"52019","Albán","Nariño",997,"VOTOS NULOS","Presidencia 2da vuelta",62,5586,"#808080","VOTOS NULOS"
"3265",2022,13,0,23,"52019","Albán","Nariño",998,"VOTOS NO MARCADOS","Presidencia 2da vuelta",10,5586,"#dddddd","OTROS"
"3266",2022,13,0,23,"52022","Aldana","Nariño",1235,"COALICION PACTO HISTORICO","Presidencia 2da vuelta",3415,4914,"#1b3383","COALICION PACTO HISTORICO"
"3267",2022,13,0,23,"52022","Aldana","Nariño",1076,"LIGA DE GOBERNANTES ANTICORRUPCION","Presidencia 2da vuelta",857,4914,"#f07605","LIGA DE GOBERNANTES ANTICORRUPCION"
"3268",2022,13,0,23,"52022","Aldana","Nariño",996,"VOTOS EN BLANCO","Presidencia 2da vuelta",82,4914,"#dddddd","OTROS"
"3269",2022,13,0,23,"52022","Aldana","Nariño",997,"VOTOS NULOS","Presidencia 2da vuelta",64,4914,"#808080","VOTOS NULOS"
"3270",2022,13,0,23,"52022","Aldana","Nariño",998,"VOTOS NO MARCADOS","Presidencia 2da vuelta",6,4914,"#dddddd","OTROS"
"3271",2022,13,0,23,"52036","Ancuyá","Nariño",1235,"COALICION PACTO HISTORICO","Presidencia 2da vuelta",3816,3808,"#1b3383","COALICION PACTO HISTORICO"
"3272",2022,13,0,23,"52036","Ancuyá","Nariño",1076,"LIGA DE GOBERNANTES ANTICORRUPCION","Presidencia 2da vuelta",500,3808,"#f07605","LIGA DE GOBERNANTES ANTICORRUPCION"
"3273",2022,13,0,23,"52036","Ancuyá","Nariño",996,"VOTOS EN BLANCO","Presidencia 2da vuelta",70,3808,"#dddddd","OTROS"
"3274",2022,13,0,23,"52036","Ancuyá","Nariño",997,"VOTOS NULOS","Presidencia 2da vuelta",33,3808,"#808080","VOTOS NULOS"
"3275",2022,13,0,23,"52036","Ancuyá","Nariño",998,"VOTOS NO MARCADOS","Presidencia 2da vuelta",3,3808,"#dddddd","OTROS"
"3276",2022,13,0,23,"52051","Arboleda","Nariño",1235,"COALICION PACTO HISTORICO","Presidencia 2da vuelta",2211,3100,"#1b3383","COALICION PACTO HISTORICO"
"3277",2022,13,0,23,"52051","Arboleda","Nariño",1076,"LIGA DE GOBERNANTES ANTICORRUPCION","Presidencia 2da vuelta",1041,3100,"#f07605","LIGA DE GOBERNANTES ANTICORRUPCION"
"3278",2022,13,0,23,"52051","Arboleda","Nariño",997,"VOTOS NULOS","Presidencia 2da vuelta",84,3100,"#808080","VOTOS NULOS"
"3279",2022,13,0,23,"52051","Arboleda","Nariño",996,"VOTOS EN BLANCO","Presidencia 2da vuelta",55,3100,"#dddddd","OTROS"
"3280",2022,13,0,23,"52051","Arboleda","Nariño",998,"VOTOS NO MARCADOS","Presidencia 2da vuelta",7,3100,"#dddddd","OTROS"
"3281",2022,13,0,23,"52079","Barbacoas","Nariño",1235,"COALICION PACTO HISTORICO","Presidencia 2da vuelta",7924,12562,"#1b3383","COALICION PACTO HISTORICO"
"3282",2022,13,0,23,"52079","Barbacoas","Nariño",1076,"LIGA DE GOBERNANTES ANTICORRUPCION","Presidencia 2da vuelta",1662,12562,"#f07605","LIGA DE GOBERNANTES ANTICORRUPCION"
"3283",2022,13,0,23,"52079","Barbacoas","Nariño",997,"VOTOS NULOS","Presidencia 2da vuelta",225,12562,"#808080","VOTOS NULOS"
"3284",2022,13,0,23,"52079","Barbacoas","Nariño",996,"VOTOS EN BLANCO","Presidencia 2da vuelta",212,12562,"#dddddd","OTROS"
"3285",2022,13,0,23,"52079","Barbacoas","Nariño",998,"VOTOS NO MARCADOS","Presidencia 2da vuelta",35,12562,"#dddddd","OTROS"
"3286",2022,13,0,23,"52083","Belén","Nariño",1235,"COALICION PACTO HISTORICO","Presidencia 2da vuelta",2682,4133,"#1b3383","COALICION PACTO HISTORICO"
"3287",2022,13,0,23,"52083","Belén","Nariño",1076,"LIGA DE GOBERNANTES ANTICORRUPCION","Presidencia 2da vuelta",660,4133,"#f07605","LIGA DE GOBERNANTES ANTICORRUPCION"
"3288",2022,13,0,23,"52083","Belén","Nariño",996,"VOTOS EN BLANCO","Presidencia 2da vuelta",110,4133,"#dddddd","OTROS"
"3289",2022,13,0,23,"52083","Belén","Nariño",997,"VOTOS NULOS","Presidencia 2da vuelta",35,4133,"#808080","VOTOS NULOS"
"3290",2022,13,0,23,"52083","Belén","Nariño",998,"VOTOS NO MARCADOS","Presidencia 2da vuelta",7,4133,"#dddddd","OTROS"
"3291",2022,13,0,23,"52110","Buesaco","Nariño",1235,"COALICION PACTO HISTORICO","Presidencia 2da vuelta",6422,10625,"#1b3383","COALICION PACTO HISTORICO"
"3292",2022,13,0,23,"52110","Buesaco","Nariño",1076,"LIGA DE GOBERNANTES ANTICORRUPCION","Presidencia 2da vuelta",3969,10625,"#f07605","LIGA DE GOBERNANTES ANTICORRUPCION"
"3293",2022,13,0,23,"52110","Buesaco","Nariño",997,"VOTOS NULOS","Presidencia 2da vuelta",232,10625,"#808080","VOTOS NULOS"
"3294",2022,13,0,23,"52110","Buesaco","Nariño",996,"VOTOS EN BLANCO","Presidencia 2da vuelta",227,10625,"#dddddd","OTROS"
"3295",2022,13,0,23,"52110","Buesaco","Nariño",998,"VOTOS NO MARCADOS","Presidencia 2da vuelta",18,10625,"#dddddd","OTROS"
"3296",2022,13,0,23,"52203","Colón","Nariño",1235,"COALICION PACTO HISTORICO","Presidencia 2da vuelta",3443,2543,"#1b3383","COALICION PACTO HISTORICO"
"3297",2022,13,0,23,"52203","Colón","Nariño",1076,"LIGA DE GOBERNANTES ANTICORRUPCION","Presidencia 2da vuelta",647,2543,"#f07605","LIGA DE GOBERNANTES ANTICORRUPCION"
"3298",2022,13,0,23,"52203","Colón","Nariño",996,"VOTOS EN BLANCO","Presidencia 2da vuelta",104,2543,"#dddddd","OTROS"
"3299",2022,13,0,23,"52203","Colón","Nariño",997,"VOTOS NULOS","Presidencia 2da vuelta",99,2543,"#808080","VOTOS NULOS"
"3300",2022,13,0,23,"52203","Colón","Nariño",998,"VOTOS NO MARCADOS","Presidencia 2da vuelta",9,463,"#dddddd","OTROS"
"3301",2022,13,0,23,"52207","Consacá","Nariño",1235,"COALICION PACTO HISTORICO","Presidencia 2da vuelta",4350,3149,"#1b3383","COALICION PACTO HISTORICO"
"3302",2022,13,0,23,"52207","Consacá","Nariño",1076,"LIGA DE GOBERNANTES ANTICORRUPCION","Presidencia 2da vuelta",1460,3149,"#f07605","LIGA DE GOBERNANTES ANTICORRUPCION"
"3303",2022,13,0,23,"52207","Consacá","Nariño",996,"VOTOS EN BLANCO","Presidencia 2da vuelta",133,3149,"#dddddd","OTROS"
"3304",2022,13,0,23,"52207","Consacá","Nariño",997,"VOTOS NULOS","Presidencia 2da vuelta",113,3149,"#808080","VOTOS NULOS"
"3305",2022,13,0,23,"52207","Consacá","Nariño",998,"VOTOS NO MARCADOS","Presidencia 2da vuelta",11,3149,"#dddddd","OTROS"
"3306",2022,13,0,23,"52210","Contadero","Nariño",1235,"COALICION PACTO HISTORICO","Presidencia 2da vuelta",2920,3050,"#1b3383","COALICION PACTO HISTORICO"
"3307",2022,13,0,23,"52210","Contadero","Nariño",1076,"LIGA DE GOBERNANTES ANTICORRUPCION","Presidencia 2da vuelta",962,3050,"#f07605","LIGA DE GOBERNANTES ANTICORRUPCION"
"3308",2022,13,0,23,"52210","Contadero","Nariño",996,"VOTOS EN BLANCO","Presidencia 2da vuelta",65,3050,"#dddddd","OTROS"
"3309",2022,13,0,23,"52210","Contadero","Nariño",997,"VOTOS NULOS","Presidencia 2da vuelta",37,3050,"#808080","VOTOS NULOS"
"3310",2022,13,0,23,"52210","Contadero","Nariño",998,"VOTOS NO MARCADOS","Presidencia 2da vuelta",4,3050,"#dddddd","OTROS"
"3311",2022,13,0,23,"52215","Córdoba","Nariño",1235,"COALICION PACTO HISTORICO","Presidencia 2da vuelta",6385,8587,"#1b3383","COALICION PACTO HISTORICO"
"3312",2022,13,0,23,"52215","Córdoba","Nariño",1076,"LIGA DE GOBERNANTES ANTICORRUPCION","Presidencia 2da vuelta",794,8587,"#f07605","LIGA DE GOBERNANTES ANTICORRUPCION"
"3313",2022,13,0,23,"52215","Córdoba","Nariño",996,"VOTOS EN BLANCO","Presidencia 2da vuelta",105,8587,"#dddddd","OTROS"
"3314",2022,13,0,23,"52215","Córdoba","Nariño",997,"VOTOS NULOS","Presidencia 2da vuelta",51,8587,"#808080","VOTOS NULOS"
"3315",2022,13,0,23,"52215","Córdoba","Nariño",998,"VOTOS NO MARCADOS","Presidencia 2da vuelta",8,8587,"#dddddd","OTROS"
"3316",2022,13,0,23,"52224","Cuaspud","Nariño",1235,"COALICION PACTO HISTORICO","Presidencia 2da vuelta",4053,6335,"#1b3383","COALICION PACTO HISTORICO"
"3317",2022,13,0,23,"52224","Cuaspud","Nariño",1076,"LIGA DE GOBERNANTES ANTICORRUPCION","Presidencia 2da vuelta",814,6335,"#f07605","LIGA DE GOBERNANTES ANTICORRUPCION"
"3318",2022,13,0,23,"52224","Cuaspud","Nariño",996,"VOTOS EN BLANCO","Presidencia 2da vuelta",96,6335,"#dddddd","OTROS"
"3319",2022,13,0,23,"52224","Cuaspud","Nariño",997,"VOTOS NULOS","Presidencia 2da vuelta",80,6335,"#808080","VOTOS NULOS"
"3320",2022,13,0,23,"52224","Cuaspud","Nariño",998,"VOTOS NO MARCADOS","Presidencia 2da vuelta",14,6335,"#dddddd","OTROS"
"3321",2022,13,0,23,"52227","Cumbal","Nariño",1235,"COALICION PACTO HISTORICO","Presidencia 2da vuelta",15602,17044,"#1b3383","COALICION PACTO HISTORICO"
"3322",2022,13,0,23,"52227","Cumbal","Nariño",1076,"LIGA DE GOBERNANTES ANTICORRUPCION","Presidencia 2da vuelta",2003,17044,"#f07605","LIGA DE GOBERNANTES ANTICORRUPCION"
"3323",2022,13,0,23,"52227","Cumbal","Nariño",996,"VOTOS EN BLANCO","Presidencia 2da vuelta",226,17044,"#dddddd","OTROS"
"3324",2022,13,0,23,"52227","Cumbal","Nariño",997,"VOTOS NULOS","Presidencia 2da vuelta",143,17044,"#808080","VOTOS NULOS"
"3325",2022,13,0,23,"52227","Cumbal","Nariño",998,"VOTOS NO MARCADOS","Presidencia 2da vuelta",9,17044,"#dddddd","OTROS"
"3326",2022,13,0,23,"52233","Cumbitara","Nariño",1235,"COALICION PACTO HISTORICO","Presidencia 2da vuelta",4342,3069,"#1b3383","COALICION PACTO HISTORICO"
"3327",2022,13,0,23,"52233","Cumbitara","Nariño",1076,"LIGA DE GOBERNANTES ANTICORRUPCION","Presidencia 2da vuelta",213,3069,"#f07605","LIGA DE GOBERNANTES ANTICORRUPCION"
"3328",2022,13,0,23,"52233","Cumbitara","Nariño",996,"VOTOS EN BLANCO","Presidencia 2da vuelta",83,3069,"#dddddd","OTROS"
"3329",2022,13,0,23,"52233","Cumbitara","Nariño",997,"VOTOS NULOS","Presidencia 2da vuelta",37,3069,"#808080","VOTOS NULOS"
"3330",2022,13,0,23,"52233","Cumbitara","Nariño",998,"VOTOS NO MARCADOS","Presidencia 2da vuelta",7,3069,"#dddddd","OTROS"
"3331",2022,13,0,23,"52240","Chachagüí","Nariño",1235,"COALICION PACTO HISTORICO","Presidencia 2da vuelta",6177,7460,"#1b3383","COALICION PACTO HISTORICO"
"3332",2022,13,0,23,"52240","Chachagüí","Nariño",1076,"LIGA DE GOBERNANTES ANTICORRUPCION","Presidencia 2da vuelta",1229,7460,"#f07605","LIGA DE GOBERNANTES ANTICORRUPCION"
"3333",2022,13,0,23,"52240","Chachagüí","Nariño",996,"VOTOS EN BLANCO","Presidencia 2da vuelta",120,7460,"#dddddd","OTROS"
"3334",2022,13,0,23,"52240","Chachagüí","Nariño",997,"VOTOS NULOS","Presidencia 2da vuelta",80,7460,"#808080","VOTOS NULOS"
"3335",2022,13,0,23,"52240","Chachagüí","Nariño",998,"VOTOS NO MARCADOS","Presidencia 2da vuelta",9,7460,"#dddddd","OTROS"
"3336",2022,13,0,23,"52250","El Charco","Nariño",1235,"COALICION PACTO HISTORICO","Presidencia 2da vuelta",7106,8827,"#1b3383","COALICION PACTO HISTORICO"
"3337",2022,13,0,23,"52250","El Charco","Nariño",1076,"LIGA DE GOBERNANTES ANTICORRUPCION","Presidencia 2da vuelta",782,8827,"#f07605","LIGA DE GOBERNANTES ANTICORRUPCION"
"3338",2022,13,0,23,"52250","El Charco","Nariño",996,"VOTOS EN BLANCO","Presidencia 2da vuelta",89,8827,"#dddddd","OTROS"
"3339",2022,13,0,23,"52250","El Charco","Nariño",997,"VOTOS NULOS","Presidencia 2da vuelta",84,8827,"#808080","VOTOS NULOS"
"3340",2022,13,0,23,"52250","El Charco","Nariño",998,"VOTOS NO MARCADOS","Presidencia 2da vuelta",13,8827,"#dddddd","OTROS"
"3341",2022,13,0,23,"52254","El Peñol","Nariño",1235,"COALICION PACTO HISTORICO","Presidencia 2da vuelta",3597,3201,"#1b3383","COALICION PACTO HISTORICO"
"3342",2022,13,0,23,"52254","El Peñol","Nariño",1076,"LIGA DE GOBERNANTES ANTICORRUPCION","Presidencia 2da vuelta",482,3201,"#f07605","LIGA DE GOBERNANTES ANTICORRUPCION"
"3343",2022,13,0,23,"52254","El Peñol","Nariño",996,"VOTOS EN BLANCO","Presidencia 2da vuelta",57,3201,"#dddddd","OTROS"
"3344",2022,13,0,23,"52254","El Peñol","Nariño",997,"VOTOS NULOS","Presidencia 2da vuelta",34,3201,"#808080","VOTOS NULOS"
"3345",2022,13,0,23,"52254","El Peñol","Nariño",998,"VOTOS NO MARCADOS","Presidencia 2da vuelta",8,3201,"#dddddd","OTROS"
"3346",2022,13,0,23,"52256","El Rosario","Nariño",1235,"COALICION PACTO HISTORICO","Presidencia 2da vuelta",4946,3448,"#1b3383","COALICION PACTO HISTORICO"
"3347",2022,13,0,23,"52256","El Rosario","Nariño",1076,"LIGA DE GOBERNANTES ANTICORRUPCION","Presidencia 2da vuelta",214,3448,"#f07605","LIGA DE GOBERNANTES ANTICORRUPCION"
"3348",2022,13,0,23,"52256","El Rosario","Nariño",997,"VOTOS NULOS","Presidencia 2da vuelta",56,3448,"#808080","VOTOS NULOS"
"3349",2022,13,0,23,"52256","El Rosario","Nariño",996,"VOTOS EN BLANCO","Presidencia 2da vuelta",47,3448,"#dddddd","OTROS"
"3350",2022,13,0,23,"52256","El Rosario","Nariño",998,"VOTOS NO MARCADOS","Presidencia 2da vuelta",1,3448,"#dddddd","OTROS"
"3351",2022,13,0,23,"52258","El Tablón de Gómez","Nariño",1235,"COALICION PACTO HISTORICO","Presidencia 2da vuelta",5403,4139,"#1b3383","COALICION PACTO HISTORICO"
"3352",2022,13,0,23,"52258","El Tablón de Gómez","Nariño",1076,"LIGA DE GOBERNANTES ANTICORRUPCION","Presidencia 2da vuelta",1812,4139,"#f07605","LIGA DE GOBERNANTES ANTICORRUPCION"
"3353",2022,13,0,23,"52258","El Tablón de Gómez","Nariño",996,"VOTOS EN BLANCO","Presidencia 2da vuelta",185,4139,"#dddddd","OTROS"
"3354",2022,13,0,23,"52258","El Tablón de Gómez","Nariño",997,"VOTOS NULOS","Presidencia 2da vuelta",76,4139,"#808080","VOTOS NULOS"
"3355",2022,13,0,23,"52258","El Tablón de Gómez","Nariño",998,"VOTOS NO MARCADOS","Presidencia 2da vuelta",25,4139,"#dddddd","OTROS"
"3356",2022,13,0,23,"52260","El Tambo","Nariño",1235,"COALICION PACTO HISTORICO","Presidencia 2da vuelta",5579,10304,"#1b3383","COALICION PACTO HISTORICO"
"3357",2022,13,0,23,"52260","El Tambo","Nariño",1076,"LIGA DE GOBERNANTES ANTICORRUPCION","Presidencia 2da vuelta",2217,10304,"#f07605","LIGA DE GOBERNANTES ANTICORRUPCION"
"3358",2022,13,0,23,"52260","El Tambo","Nariño",997,"VOTOS NULOS","Presidencia 2da vuelta",159,10304,"#808080","VOTOS NULOS"
"3359",2022,13,0,23,"52260","El Tambo","Nariño",996,"VOTOS EN BLANCO","Presidencia 2da vuelta",155,10304,"#dddddd","OTROS"
"3360",2022,13,0,23,"52260","El Tambo","Nariño",998,"VOTOS NO MARCADOS","Presidencia 2da vuelta",21,10304,"#dddddd","OTROS"
"3361",2022,13,0,23,"52287","Funes","Nariño",1235,"COALICION PACTO HISTORICO","Presidencia 2da vuelta",2472,3573,"#1b3383","COALICION PACTO HISTORICO"
"3362",2022,13,0,23,"52287","Funes","Nariño",1076,"LIGA DE GOBERNANTES ANTICORRUPCION","Presidencia 2da vuelta",1303,3573,"#f07605","LIGA DE GOBERNANTES ANTICORRUPCION"
"3363",2022,13,0,23,"52287","Funes","Nariño",996,"VOTOS EN BLANCO","Presidencia 2da vuelta",47,3573,"#dddddd","OTROS"
"3364",2022,13,0,23,"52287","Funes","Nariño",997,"VOTOS NULOS","Presidencia 2da vuelta",32,3573,"#808080","VOTOS NULOS"
"3365",2022,13,0,23,"52287","Funes","Nariño",998,"VOTOS NO MARCADOS","Presidencia 2da vuelta",11,3573,"#dddddd","OTROS"
"3366",2022,13,0,23,"52317","Guachucal","Nariño",1235,"COALICION PACTO HISTORICO","Presidencia 2da vuelta",9614,10402,"#1b3383","COALICION PACTO HISTORICO"
"3367",2022,13,0,23,"52317","Guachucal","Nariño",1076,"LIGA DE GOBERNANTES ANTICORRUPCION","Presidencia 2da vuelta",1497,10402,"#f07605","LIGA DE GOBERNANTES ANTICORRUPCION"
"3368",2022,13,0,23,"52317","Guachucal","Nariño",996,"VOTOS EN BLANCO","Presidencia 2da vuelta",187,10402,"#dddddd","OTROS"
"3369",2022,13,0,23,"52317","Guachucal","Nariño",997,"VOTOS NULOS","Presidencia 2da vuelta",119,10402,"#808080","VOTOS NULOS"
"3370",2022,13,0,23,"52317","Guachucal","Nariño",998,"VOTOS NO MARCADOS","Presidencia 2da vuelta",13,10402,"#dddddd","OTROS"
"3371",2022,13,0,23,"52320","Guaitarilla","Nariño",1235,"COALICION PACTO HISTORICO","Presidencia 2da vuelta",6114,7781,"#1b3383","COALICION PACTO HISTORICO"
"3372",2022,13,0,23,"52320","Guaitarilla","Nariño",1076,"LIGA DE GOBERNANTES ANTICORRUPCION","Presidencia 2da vuelta",938,7781,"#f07605","LIGA DE GOBERNANTES ANTICORRUPCION"
"3373",2022,13,0,23,"52320","Guaitarilla","Nariño",996,"VOTOS EN BLANCO","Presidencia 2da vuelta",81,7781,"#dddddd","OTROS"
"3374",2022,13,0,23,"52320","Guaitarilla","Nariño",997,"VOTOS NULOS","Presidencia 2da vuelta",51,7781,"#808080","VOTOS NULOS"
"3375",2022,13,0,23,"52320","Guaitarilla","Nariño",998,"VOTOS NO MARCADOS","Presidencia 2da vuelta",11,7781,"#dddddd","OTROS"
"3376",2022,13,0,23,"52323","Gualmatán","Nariño",1235,"COALICION PACTO HISTORICO","Presidencia 2da vuelta",2856,4726,"#1b3383","COALICION PACTO HISTORICO"
"3377",2022,13,0,23,"52323","Gualmatán","Nariño",1076,"LIGA DE GOBERNANTES ANTICORRUPCION","Presidencia 2da vuelta",752,4726,"#f07605","LIGA DE GOBERNANTES ANTICORRUPCION"
"3378",2022,13,0,23,"52323","Gualmatán","Nariño",996,"VOTOS EN BLANCO","Presidencia 2da vuelta",88,4726,"#dddddd","OTROS"
"3379",2022,13,0,23,"52323","Gualmatán","Nariño",997,"VOTOS NULOS","Presidencia 2da vuelta",31,4726,"#808080","VOTOS NULOS"
"3380",2022,13,0,23,"52323","Gualmatán","Nariño",998,"VOTOS NO MARCADOS","Presidencia 2da vuelta",7,4726,"#dddddd","OTROS"
"3381",2022,13,0,23,"52352","Iles","Nariño",1235,"COALICION PACTO HISTORICO","Presidencia 2da vuelta",3974,5889,"#1b3383","COALICION PACTO HISTORICO"
"3382",2022,13,0,23,"52352","Iles","Nariño",1076,"LIGA DE GOBERNANTES ANTICORRUPCION","Presidencia 2da vuelta",639,5889,"#f07605","LIGA DE GOBERNANTES ANTICORRUPCION"
"3383",2022,13,0,23,"52352","Iles","Nariño",997,"VOTOS NULOS","Presidencia 2da vuelta",41,5889,"#808080","VOTOS NULOS"
"3384",2022,13,0,23,"52352","Iles","Nariño",996,"VOTOS EN BLANCO","Presidencia 2da vuelta",33,5889,"#dddddd","OTROS"
"3385",2022,13,0,23,"52352","Iles","Nariño",998,"VOTOS NO MARCADOS","Presidencia 2da vuelta",2,426,"#dddddd","OTROS"
"3386",2022,13,0,23,"52354","Imués","Nariño",1235,"COALICION PACTO HISTORICO","Presidencia 2da vuelta",3412,1941,"#1b3383","COALICION PACTO HISTORICO"
"3387",2022,13,0,23,"52354","Imués","Nariño",1076,"LIGA DE GOBERNANTES ANTICORRUPCION","Presidencia 2da vuelta",842,1941,"#f07605","LIGA DE GOBERNANTES ANTICORRUPCION"
"3388",2022,13,0,23,"52354","Imués","Nariño",996,"VOTOS EN BLANCO","Presidencia 2da vuelta",63,1941,"#dddddd","OTROS"
"3389",2022,13,0,23,"52354","Imués","Nariño",997,"VOTOS NULOS","Presidencia 2da vuelta",40,1941,"#808080","VOTOS NULOS"
"3390",2022,13,0,23,"52354","Imués","Nariño",998,"VOTOS NO MARCADOS","Presidencia 2da vuelta",7,1302,"#dddddd","OTROS"
"3391",2022,13,0,23,"52356","Ipiales","Nariño",1235,"COALICION PACTO HISTORICO","Presidencia 2da vuelta",46798,3582,"#1b3383","COALICION PACTO HISTORICO"
"3392",2022,13,0,23,"52356","Ipiales","Nariño",1076,"LIGA DE GOBERNANTES ANTICORRUPCION","Presidencia 2da vuelta",12064,3582,"#f07605","LIGA DE GOBERNANTES ANTICORRUPCION"
"3393",2022,13,0,23,"52356","Ipiales","Nariño",996,"VOTOS EN BLANCO","Presidencia 2da vuelta",1463,3582,"#dddddd","OTROS"
"3394",2022,13,0,23,"52356","Ipiales","Nariño",997,"VOTOS NULOS","Presidencia 2da vuelta",1295,3582,"#808080","VOTOS NULOS"
"3395",2022,13,0,23,"52356","Ipiales","Nariño",998,"VOTOS NO MARCADOS","Presidencia 2da vuelta",133,3582,"#dddddd","OTROS"
"3396",2022,13,0,23,"52378","La Cruz","Nariño",1235,"COALICION PACTO HISTORICO","Presidencia 2da vuelta",7807,8811,"#1b3383","COALICION PACTO HISTORICO"
"3397",2022,13,0,23,"52378","La Cruz","Nariño",1076,"LIGA DE GOBERNANTES ANTICORRUPCION","Presidencia 2da vuelta",1590,8811,"#f07605","LIGA DE GOBERNANTES ANTICORRUPCION"
"3398",2022,13,0,23,"52378","La Cruz","Nariño",996,"VOTOS EN BLANCO","Presidencia 2da vuelta",197,8811,"#dddddd","OTROS"
"3399",2022,13,0,23,"52378","La Cruz","Nariño",997,"VOTOS NULOS","Presidencia 2da vuelta",152,8811,"#808080","VOTOS NULOS"
"3400",2022,13,0,23,"52378","La Cruz","Nariño",998,"VOTOS NO MARCADOS","Presidencia 2da vuelta",19,8811,"#dddddd","OTROS"
"3401",2022,13,0,23,"52381","La Florida","Nariño",1235,"COALICION PACTO HISTORICO","Presidencia 2da vuelta",5276,3414,"#1b3383","COALICION PACTO HISTORICO"
"3402",2022,13,0,23,"52381","La Florida","Nariño",1076,"LIGA DE GOBERNANTES ANTICORRUPCION","Presidencia 2da vuelta",1070,3414,"#f07605","LIGA DE GOBERNANTES ANTICORRUPCION"
"3403",2022,13,0,23,"52381","La Florida","Nariño",996,"VOTOS EN BLANCO","Presidencia 2da vuelta",104,3414,"#dddddd","OTROS"
"3404",2022,13,0,23,"52381","La Florida","Nariño",997,"VOTOS NULOS","Presidencia 2da vuelta",43,3414,"#808080","VOTOS NULOS"
"3405",2022,13,0,23,"52381","La Florida","Nariño",998,"VOTOS NO MARCADOS","Presidencia 2da vuelta",7,231,"#dddddd","OTROS"
"3406",2022,13,0,23,"52385","La Llanada","Nariño",1235,"COALICION PACTO HISTORICO","Presidencia 2da vuelta",2304,3371,"#1b3383","COALICION PACTO HISTORICO"
"3407",2022,13,0,23,"52385","La Llanada","Nariño",1076,"LIGA DE GOBERNANTES ANTICORRUPCION","Presidencia 2da vuelta",483,3371,"#f07605","LIGA DE GOBERNANTES ANTICORRUPCION"
"3408",2022,13,0,23,"52385","La Llanada","Nariño",996,"VOTOS EN BLANCO","Presidencia 2da vuelta",58,3371,"#dddddd","OTROS"
"3409",2022,13,0,23,"52385","La Llanada","Nariño",997,"VOTOS NULOS","Presidencia 2da vuelta",37,3371,"#808080","VOTOS NULOS"
"3410",2022,13,0,23,"52385","La Llanada","Nariño",998,"VOTOS NO MARCADOS","Presidencia 2da vuelta",6,3371,"#dddddd","OTROS"
"3411",2022,13,0,23,"52390","La Tola","Nariño",1235,"COALICION PACTO HISTORICO","Presidencia 2da vuelta",2015,3910,"#1b3383","COALICION PACTO HISTORICO"
"3412",2022,13,0,23,"52390","La Tola","Nariño",1076,"LIGA DE GOBERNANTES ANTICORRUPCION","Presidencia 2da vuelta",280,3910,"#f07605","LIGA DE GOBERNANTES ANTICORRUPCION"
"3413",2022,13,0,23,"52390","La Tola","Nariño",996,"VOTOS EN BLANCO","Presidencia 2da vuelta",28,3910,"#dddddd","OTROS"
"3414",2022,13,0,23,"52390","La Tola","Nariño",997,"VOTOS NULOS","Presidencia 2da vuelta",18,3910,"#808080","VOTOS NULOS"
"3415",2022,13,0,23,"52390","La Tola","Nariño",998,"VOTOS NO MARCADOS","Presidencia 2da vuelta",4,3910,"#dddddd","OTROS"
"3416",2022,13,0,23,"52399","La Unión","Nariño",1235,"COALICION PACTO HISTORICO","Presidencia 2da vuelta",9263,13533,"#1b3383","COALICION PACTO HISTORICO"
"3417",2022,13,0,23,"52399","La Unión","Nariño",1076,"LIGA DE GOBERNANTES ANTICORRUPCION","Presidencia 2da vuelta",4731,13533,"#f07605","LIGA DE GOBERNANTES ANTICORRUPCION"
"3418",2022,13,0,23,"52399","La Unión","Nariño",997,"VOTOS NULOS","Presidencia 2da vuelta",381,13533,"#808080","VOTOS NULOS"
"3419",2022,13,0,23,"52399","La Unión","Nariño",996,"VOTOS EN BLANCO","Presidencia 2da vuelta",302,13533,"#dddddd","OTROS"
"3420",2022,13,0,23,"52399","La Unión","Nariño",998,"VOTOS NO MARCADOS","Presidencia 2da vuelta",50,13533,"#dddddd","OTROS"
"3421",2022,13,0,23,"52405","Leiva","Nariño",1235,"COALICION PACTO HISTORICO","Presidencia 2da vuelta",5823,4167,"#1b3383","COALICION PACTO HISTORICO"
"3422",2022,13,0,23,"52405","Leiva","Nariño",1076,"LIGA DE GOBERNANTES ANTICORRUPCION","Presidencia 2da vuelta",499,4167,"#f07605","LIGA DE GOBERNANTES ANTICORRUPCION"
"3423",2022,13,0,23,"52405","Leiva","Nariño",996,"VOTOS EN BLANCO","Presidencia 2da vuelta",99,4167,"#dddddd","OTROS"
"3424",2022,13,0,23,"52405","Leiva","Nariño",997,"VOTOS NULOS","Presidencia 2da vuelta",48,4167,"#808080","VOTOS NULOS"
"3425",2022,13,0,23,"52405","Leiva","Nariño",998,"VOTOS NO MARCADOS","Presidencia 2da vuelta",13,4167,"#dddddd","OTROS"
"3426",2022,13,0,23,"52411","Linares","Nariño",1235,"COALICION PACTO HISTORICO","Presidencia 2da vuelta",5054,4634,"#1b3383","COALICION PACTO HISTORICO"
"3427",2022,13,0,23,"52411","Linares","Nariño",1076,"LIGA DE GOBERNANTES ANTICORRUPCION","Presidencia 2da vuelta",737,4634,"#f07605","LIGA DE GOBERNANTES ANTICORRUPCION"
"3428",2022,13,0,23,"52411","Linares","Nariño",996,"VOTOS EN BLANCO","Presidencia 2da vuelta",57,4634,"#dddddd","OTROS"
"3429",2022,13,0,23,"52411","Linares","Nariño",997,"VOTOS NULOS","Presidencia 2da vuelta",52,4634,"#808080","VOTOS NULOS"
"3430",2022,13,0,23,"52411","Linares","Nariño",998,"VOTOS NO MARCADOS","Presidencia 2da vuelta",9,4634,"#dddddd","OTROS"
"3431",2022,13,0,23,"52418","Los Andes","Nariño",1235,"COALICION PACTO HISTORICO","Presidencia 2da vuelta",4725,6251,"#1b3383","COALICION PACTO HISTORICO"
"3432",2022,13,0,23,"52418","Los Andes","Nariño",1076,"LIGA DE GOBERNANTES ANTICORRUPCION","Presidencia 2da vuelta",603,6251,"#f07605","LIGA DE GOBERNANTES ANTICORRUPCION"
"3433",2022,13,0,23,"52418","Los Andes","Nariño",996,"VOTOS EN BLANCO","Presidencia 2da vuelta",106,6251,"#dddddd","OTROS"
"3434",2022,13,0,23,"52418","Los Andes","Nariño",997,"VOTOS NULOS","Presidencia 2da vuelta",77,6251,"#808080","VOTOS NULOS"
"3435",2022,13,0,23,"52418","Los Andes","Nariño",998,"VOTOS NO MARCADOS","Presidencia 2da vuelta",9,6251,"#dddddd","OTROS"
"3436",2022,13,0,23,"52427","Magüi","Nariño",1235,"COALICION PACTO HISTORICO","Presidencia 2da vuelta",3344,3426,"#1b3383","COALICION PACTO HISTORICO"
"3437",2022,13,0,23,"52427","Magüi","Nariño",1076,"LIGA DE GOBERNANTES ANTICORRUPCION","Presidencia 2da vuelta",93,3426,"#f07605","LIGA DE GOBERNANTES ANTICORRUPCION"
"3438",2022,13,0,23,"52427","Magüi","Nariño",997,"VOTOS NULOS","Presidencia 2da vuelta",26,3426,"#808080","VOTOS NULOS"
"3439",2022,13,0,23,"52427","Magüi","Nariño",996,"VOTOS EN BLANCO","Presidencia 2da vuelta",22,3426,"#dddddd","OTROS"
"3440",2022,13,0,23,"52427","Magüi","Nariño",998,"VOTOS NO MARCADOS","Presidencia 2da vuelta",7,255,"#dddddd","OTROS"
"3441",2022,13,0,23,"52435","Mallama","Nariño",1235,"COALICION PACTO HISTORICO","Presidencia 2da vuelta",3801,3152,"#1b3383","COALICION PACTO HISTORICO"
"3442",2022,13,0,23,"52435","Mallama","Nariño",1076,"LIGA DE GOBERNANTES ANTICORRUPCION","Presidencia 2da vuelta",345,3152,"#f07605","LIGA DE GOBERNANTES ANTICORRUPCION"
"3443",2022,13,0,23,"52435","Mallama","Nariño",996,"VOTOS EN BLANCO","Presidencia 2da vuelta",63,3152,"#dddddd","OTROS"
"3444",2022,13,0,23,"52435","Mallama","Nariño",997,"VOTOS NULOS","Presidencia 2da vuelta",37,3152,"#808080","VOTOS NULOS"
"3445",2022,13,0,23,"52435","Mallama","Nariño",998,"VOTOS NO MARCADOS","Presidencia 2da vuelta",6,3152,"#dddddd","OTROS"
"3446",2022,13,0,23,"52473","Mosquera","Nariño",1235,"COALICION PACTO HISTORICO","Presidencia 2da vuelta",3137,4084,"#1b3383","COALICION PACTO HISTORICO"
"3447",2022,13,0,23,"52473","Mosquera","Nariño",1076,"LIGA DE GOBERNANTES ANTICORRUPCION","Presidencia 2da vuelta",133,4084,"#f07605","LIGA DE GOBERNANTES ANTICORRUPCION"
"3448",2022,13,0,23,"52473","Mosquera","Nariño",996,"VOTOS EN BLANCO","Presidencia 2da vuelta",25,4084,"#dddddd","OTROS"
"3449",2022,13,0,23,"52473","Mosquera","Nariño",997,"VOTOS NULOS","Presidencia 2da vuelta",19,4084,"#808080","VOTOS NULOS"
"3450",2022,13,0,23,"52473","Mosquera","Nariño",998,"VOTOS NO MARCADOS","Presidencia 2da vuelta",4,4084,"#dddddd","OTROS"
"3451",2022,13,0,23,"52480","Nariño","Nariño",1235,"COALICION PACTO HISTORICO","Presidencia 2da vuelta",2713,4554,"#1b3383","COALICION PACTO HISTORICO"
"3452",2022,13,0,23,"52480","Nariño","Nariño",1076,"LIGA DE GOBERNANTES ANTICORRUPCION","Presidencia 2da vuelta",629,4554,"#f07605","LIGA DE GOBERNANTES ANTICORRUPCION"
"3453",2022,13,0,23,"52480","Nariño","Nariño",997,"VOTOS NULOS","Presidencia 2da vuelta",76,4554,"#808080","VOTOS NULOS"
"3454",2022,13,0,23,"52480","Nariño","Nariño",996,"VOTOS EN BLANCO","Presidencia 2da vuelta",54,4554,"#dddddd","OTROS"
"3455",2022,13,0,23,"52480","Nariño","Nariño",998,"VOTOS NO MARCADOS","Presidencia 2da vuelta",6,4554,"#dddddd","OTROS"
"3456",2022,13,0,23,"52490","Olaya Herrera","Nariño",1235,"COALICION PACTO HISTORICO","Presidencia 2da vuelta",6889,11313,"#1b3383","COALICION PACTO HISTORICO"
"3457",2022,13,0,23,"52490","Olaya Herrera","Nariño",1076,"LIGA DE GOBERNANTES ANTICORRUPCION","Presidencia 2da vuelta",619,11313,"#f07605","LIGA DE GOBERNANTES ANTICORRUPCION"
"3458",2022,13,0,23,"52490","Olaya Herrera","Nariño",997,"VOTOS NULOS","Presidencia 2da vuelta",152,11313,"#808080","VOTOS NULOS"
"3459",2022,13,0,23,"52490","Olaya Herrera","Nariño",996,"VOTOS EN BLANCO","Presidencia 2da vuelta",102,11313,"#dddddd","OTROS"
"3460",2022,13,0,23,"52490","Olaya Herrera","Nariño",998,"VOTOS NO MARCADOS","Presidencia 2da vuelta",16,11313,"#dddddd","OTROS"
"3461",2022,13,0,23,"52506","Ospina","Nariño",1235,"COALICION PACTO HISTORICO","Presidencia 2da vuelta",2434,3377,"#1b3383","COALICION PACTO HISTORICO"
"3462",2022,13,0,23,"52506","Ospina","Nariño",1076,"LIGA DE GOBERNANTES ANTICORRUPCION","Presidencia 2da vuelta",919,3377,"#f07605","LIGA DE GOBERNANTES ANTICORRUPCION"
"3463",2022,13,0,23,"52506","Ospina","Nariño",996,"VOTOS EN BLANCO","Presidencia 2da vuelta",97,3377,"#dddddd","OTROS"
"3464",2022,13,0,23,"52506","Ospina","Nariño",997,"VOTOS NULOS","Presidencia 2da vuelta",57,3377,"#808080","VOTOS NULOS"
"3465",2022,13,0,23,"52506","Ospina","Nariño",998,"VOTOS NO MARCADOS","Presidencia 2da vuelta",5,3377,"#dddddd","OTROS"
"3466",2022,13,0,23,"52520","Francisco Pizarro","Nariño",1235,"COALICION PACTO HISTORICO","Presidencia 2da vuelta",2913,5440,"#1b3383","COALICION PACTO HISTORICO"
"3467",2022,13,0,23,"52520","Francisco Pizarro","Nariño",1076,"LIGA DE GOBERNANTES ANTICORRUPCION","Presidencia 2da vuelta",233,5440,"#f07605","LIGA DE GOBERNANTES ANTICORRUPCION"
"3468",2022,13,0,23,"52520","Francisco Pizarro","Nariño",997,"VOTOS NULOS","Presidencia 2da vuelta",29,5440,"#808080","VOTOS NULOS"
"3469",2022,13,0,23,"52520","Francisco Pizarro","Nariño",996,"VOTOS EN BLANCO","Presidencia 2da vuelta",22,5440,"#dddddd","OTROS"
"3470",2022,13,0,23,"52520","Francisco Pizarro","Nariño",998,"VOTOS NO MARCADOS","Presidencia 2da vuelta",1,130,"#dddddd","OTROS"
"3471",2022,13,0,23,"52540","Policarpa","Nariño",1235,"COALICION PACTO HISTORICO","Presidencia 2da vuelta",7805,3948,"#1b3383","COALICION PACTO HISTORICO"
"3472",2022,13,0,23,"52540","Policarpa","Nariño",1076,"LIGA DE GOBERNANTES ANTICORRUPCION","Presidencia 2da vuelta",328,3948,"#f07605","LIGA DE GOBERNANTES ANTICORRUPCION"
"3473",2022,13,0,23,"52540","Policarpa","Nariño",996,"VOTOS EN BLANCO","Presidencia 2da vuelta",93,3948,"#dddddd","OTROS"
"3474",2022,13,0,23,"52540","Policarpa","Nariño",997,"VOTOS NULOS","Presidencia 2da vuelta",72,3948,"#808080","VOTOS NULOS"
"3475",2022,13,0,23,"52540","Policarpa","Nariño",998,"VOTOS NO MARCADOS","Presidencia 2da vuelta",12,3948,"#dddddd","OTROS"
"3476",2022,13,0,23,"52560","Potosí","Nariño",1235,"COALICION PACTO HISTORICO","Presidencia 2da vuelta",4633,5118,"#1b3383","COALICION PACTO HISTORICO"
"3477",2022,13,0,23,"52560","Potosí","Nariño",1076,"LIGA DE GOBERNANTES ANTICORRUPCION","Presidencia 2da vuelta",1419,5118,"#f07605","LIGA DE GOBERNANTES ANTICORRUPCION"
"3478",2022,13,0,23,"52560","Potosí","Nariño",996,"VOTOS EN BLANCO","Presidencia 2da vuelta",106,5118,"#dddddd","OTROS"
"3479",2022,13,0,23,"52560","Potosí","Nariño",997,"VOTOS NULOS","Presidencia 2da vuelta",61,5118,"#808080","VOTOS NULOS"
"3480",2022,13,0,23,"52560","Potosí","Nariño",998,"VOTOS NO MARCADOS","Presidencia 2da vuelta",16,5118,"#dddddd","OTROS"
"3481",2022,13,0,23,"52565","Providencia","Nariño",1235,"COALICION PACTO HISTORICO","Presidencia 2da vuelta",3257,4541,"#1b3383","COALICION PACTO HISTORICO"
"3482",2022,13,0,23,"52565","Providencia","Nariño",1076,"LIGA DE GOBERNANTES ANTICORRUPCION","Presidencia 2da vuelta",196,4541,"#f07605","LIGA DE GOBERNANTES ANTICORRUPCION"
"3483",2022,13,0,23,"52565","Providencia","Nariño",996,"VOTOS EN BLANCO","Presidencia 2da vuelta",25,4541,"#dddddd","OTROS"
"3484",2022,13,0,23,"52565","Providencia","Nariño",997,"VOTOS NULOS","Presidencia 2da vuelta",4,4541,"#808080","VOTOS NULOS"
"3485",2022,13,0,23,"52573","Puerres","Nariño",1235,"COALICION PACTO HISTORICO","Presidencia 2da vuelta",4428,6322,"#1b3383","COALICION PACTO HISTORICO"
"3486",2022,13,0,23,"52573","Puerres","Nariño",1076,"LIGA DE GOBERNANTES ANTICORRUPCION","Presidencia 2da vuelta",900,6322,"#f07605","LIGA DE GOBERNANTES ANTICORRUPCION"
"3487",2022,13,0,23,"52573","Puerres","Nariño",996,"VOTOS EN BLANCO","Presidencia 2da vuelta",58,6322,"#dddddd","OTROS"
"3488",2022,13,0,23,"52573","Puerres","Nariño",997,"VOTOS NULOS","Presidencia 2da vuelta",44,6322,"#808080","VOTOS NULOS"
"3489",2022,13,0,23,"52573","Puerres","Nariño",998,"VOTOS NO MARCADOS","Presidencia 2da vuelta",5,6322,"#dddddd","OTROS"
"3490",2022,13,0,23,"52585","Pupiales","Nariño",1235,"COALICION PACTO HISTORICO","Presidencia 2da vuelta",7080,13110,"#1b3383","COALICION PACTO HISTORICO"
"3491",2022,13,0,23,"52585","Pupiales","Nariño",1076,"LIGA DE GOBERNANTES ANTICORRUPCION","Presidencia 2da vuelta",2798,13110,"#f07605","LIGA DE GOBERNANTES ANTICORRUPCION"
"3492",2022,13,0,23,"52585","Pupiales","Nariño",996,"VOTOS EN BLANCO","Presidencia 2da vuelta",217,13110,"#dddddd","OTROS"
"3493",2022,13,0,23,"52585","Pupiales","Nariño",997,"VOTOS NULOS","Presidencia 2da vuelta",198,13110,"#808080","VOTOS NULOS"
"3494",2022,13,0,23,"52585","Pupiales","Nariño",998,"VOTOS NO MARCADOS","Presidencia 2da vuelta",22,13110,"#dddddd","OTROS"
"3495",2022,13,0,23,"52612","Ricaurte","Nariño",1235,"COALICION PACTO HISTORICO","Presidencia 2da vuelta",8833,13038,"#1b3383","COALICION PACTO HISTORICO"
"3496",2022,13,0,23,"52612","Ricaurte","Nariño",1076,"LIGA DE GOBERNANTES ANTICORRUPCION","Presidencia 2da vuelta",637,13038,"#f07605","LIGA DE GOBERNANTES ANTICORRUPCION"
"3497",2022,13,0,23,"52612","Ricaurte","Nariño",996,"VOTOS EN BLANCO","Presidencia 2da vuelta",90,13038,"#dddddd","OTROS"
"3498",2022,13,0,23,"52612","Ricaurte","Nariño",997,"VOTOS NULOS","Presidencia 2da vuelta",57,13038,"#808080","VOTOS NULOS"
"3499",2022,13,0,23,"52612","Ricaurte","Nariño",998,"VOTOS NO MARCADOS","Presidencia 2da vuelta",14,13038,"#dddddd","OTROS"
"3500",2022,13,0,23,"52621","Roberto Payán","Nariño",1235,"COALICION PACTO HISTORICO","Presidencia 2da vuelta",4732,3930,"#1b3383","COALICION PACTO HISTORICO"
"3501",2022,13,0,23,"52621","Roberto Payán","Nariño",1076,"LIGA DE GOBERNANTES ANTICORRUPCION","Presidencia 2da vuelta",177,3930,"#f07605","LIGA DE GOBERNANTES ANTICORRUPCION"
"3502",2022,13,0,23,"52621","Roberto Payán","Nariño",997,"VOTOS NULOS","Presidencia 2da vuelta",29,3930,"#808080","VOTOS NULOS"
"3503",2022,13,0,23,"52621","Roberto Payán","Nariño",996,"VOTOS EN BLANCO","Presidencia 2da vuelta",24,3930,"#dddddd","OTROS"
"3504",2022,13,0,23,"52621","Roberto Payán","Nariño",998,"VOTOS NO MARCADOS","Presidencia 2da vuelta",1,156,"#dddddd","OTROS"
"3505",2022,13,0,23,"52678","Samaniego","Nariño",1235,"COALICION PACTO HISTORICO","Presidencia 2da vuelta",14596,14999,"#1b3383","COALICION PACTO HISTORICO"
"3506",2022,13,0,23,"52678","Samaniego","Nariño",1076,"LIGA DE GOBERNANTES ANTICORRUPCION","Presidencia 2da vuelta",1114,14999,"#f07605","LIGA DE GOBERNANTES ANTICORRUPCION"
"3507",2022,13,0,23,"52678","Samaniego","Nariño",996,"VOTOS EN BLANCO","Presidencia 2da vuelta",174,14999,"#dddddd","OTROS"
"3508",2022,13,0,23,"52678","Samaniego","Nariño",997,"VOTOS NULOS","Presidencia 2da vuelta",109,14999,"#808080","VOTOS NULOS"
"3509",2022,13,0,23,"52678","Samaniego","Nariño",998,"VOTOS NO MARCADOS","Presidencia 2da vuelta",16,14999,"#dddddd","OTROS"
"3510",2022,13,0,23,"52683","Sandoná","Nariño",1235,"COALICION PACTO HISTORICO","Presidencia 2da vuelta",9030,11425,"#1b3383","COALICION PACTO HISTORICO"
"3511",2022,13,0,23,"52683","Sandoná","Nariño",1076,"LIGA DE GOBERNANTES ANTICORRUPCION","Presidencia 2da vuelta",1958,11425,"#f07605","LIGA DE GOBERNANTES ANTICORRUPCION"
"3512",2022,13,0,23,"52683","Sandoná","Nariño",996,"VOTOS EN BLANCO","Presidencia 2da vuelta",198,11425,"#dddddd","OTROS"
"3513",2022,13,0,23,"52683","Sandoná","Nariño",997,"VOTOS NULOS","Presidencia 2da vuelta",176,11425,"#808080","VOTOS NULOS"
"3514",2022,13,0,23,"52683","Sandoná","Nariño",998,"VOTOS NO MARCADOS","Presidencia 2da vuelta",20,11425,"#dddddd","OTROS"
"3515",2022,13,0,23,"52685","San Bernardo","Nariño",1235,"COALICION PACTO HISTORICO","Presidencia 2da vuelta",2761,6041,"#1b3383","COALICION PACTO HISTORICO"
"3516",2022,13,0,23,"52685","San Bernardo","Nariño",1076,"LIGA DE GOBERNANTES ANTICORRUPCION","Presidencia 2da vuelta",1566,6041,"#f07605","LIGA DE GOBERNANTES ANTICORRUPCION"
"3517",2022,13,0,23,"52685","San Bernardo","Nariño",996,"VOTOS EN BLANCO","Presidencia 2da vuelta",116,6041,"#dddddd","OTROS"
"3518",2022,13,0,23,"52685","San Bernardo","Nariño",997,"VOTOS NULOS","Presidencia 2da vuelta",64,6041,"#808080","VOTOS NULOS"
"3519",2022,13,0,23,"52685","San Bernardo","Nariño",998,"VOTOS NO MARCADOS","Presidencia 2da vuelta",11,6041,"#dddddd","OTROS"
"3520",2022,13,0,23,"52687","San Lorenzo","Nariño",1235,"COALICION PACTO HISTORICO","Presidencia 2da vuelta",6632,5496,"#1b3383","COALICION PACTO HISTORICO"
"3521",2022,13,0,23,"52687","San Lorenzo","Nariño",1076,"LIGA DE GOBERNANTES ANTICORRUPCION","Presidencia 2da vuelta",1940,5496,"#f07605","LIGA DE GOBERNANTES ANTICORRUPCION"
"3522",2022,13,0,23,"52687","San Lorenzo","Nariño",997,"VOTOS NULOS","Presidencia 2da vuelta",216,5496,"#808080","VOTOS NULOS"
"3523",2022,13,0,23,"52687","San Lorenzo","Nariño",996,"VOTOS EN BLANCO","Presidencia 2da vuelta",172,5496,"#dddddd","OTROS"
"3524",2022,13,0,23,"52687","San Lorenzo","Nariño",998,"VOTOS NO MARCADOS","Presidencia 2da vuelta",25,5496,"#dddddd","OTROS"
"3525",2022,13,0,23,"52693","San Pablo","Nariño",1235,"COALICION PACTO HISTORICO","Presidencia 2da vuelta",7366,7149,"#1b3383","COALICION PACTO HISTORICO"
"3526",2022,13,0,23,"52693","San Pablo","Nariño",1076,"LIGA DE GOBERNANTES ANTICORRUPCION","Presidencia 2da vuelta",735,7149,"#f07605","LIGA DE GOBERNANTES ANTICORRUPCION"
"3527",2022,13,0,23,"52693","San Pablo","Nariño",996,"VOTOS EN BLANCO","Presidencia 2da vuelta",85,7149,"#dddddd","OTROS"
"3528",2022,13,0,23,"52693","San Pablo","Nariño",997,"VOTOS NULOS","Presidencia 2da vuelta",65,7149,"#808080","VOTOS NULOS"
"3529",2022,13,0,23,"52693","San Pablo","Nariño",998,"VOTOS NO MARCADOS","Presidencia 2da vuelta",16,7149,"#dddddd","OTROS"
"3530",2022,13,0,23,"52694","San Pedro de Cartago","Nariño",1235,"COALICION PACTO HISTORICO","Presidencia 2da vuelta",1870,4035,"#1b3383","COALICION PACTO HISTORICO"
"3531",2022,13,0,23,"52694","San Pedro de Cartago","Nariño",1076,"LIGA DE GOBERNANTES ANTICORRUPCION","Presidencia 2da vuelta",1505,4035,"#f07605","LIGA DE GOBERNANTES ANTICORRUPCION"
"3532",2022,13,0,23,"52694","San Pedro de Cartago","Nariño",997,"VOTOS NULOS","Presidencia 2da vuelta",102,4035,"#808080","VOTOS NULOS"
"3533",2022,13,0,23,"52694","San Pedro de Cartago","Nariño",996,"VOTOS EN BLANCO","Presidencia 2da vuelta",96,4035,"#dddddd","OTROS"
"3534",2022,13,0,23,"52694","San Pedro de Cartago","Nariño",998,"VOTOS NO MARCADOS","Presidencia 2da vuelta",15,4035,"#dddddd","OTROS"
"3535",2022,13,0,23,"52696","Santa Bárbara","Nariño",1235,"COALICION PACTO HISTORICO","Presidencia 2da vuelta",2609,4731,"#1b3383","COALICION PACTO HISTORICO"
"3536",2022,13,0,23,"52696","Santa Bárbara","Nariño",1076,"LIGA DE GOBERNANTES ANTICORRUPCION","Presidencia 2da vuelta",276,4731,"#f07605","LIGA DE GOBERNANTES ANTICORRUPCION"
"3537",2022,13,0,23,"52696","Santa Bárbara","Nariño",996,"VOTOS EN BLANCO","Presidencia 2da vuelta",25,4731,"#dddddd","OTROS"
"3538",2022,13,0,23,"52696","Santa Bárbara","Nariño",997,"VOTOS NULOS","Presidencia 2da vuelta",18,4731,"#808080","VOTOS NULOS"
"3539",2022,13,0,23,"52696","Santa Bárbara","Nariño",998,"VOTOS NO MARCADOS","Presidencia 2da vuelta",1,208,"#dddddd","OTROS"
"3540",2022,13,0,23,"52699","Santacruz","Nariño",1235,"COALICION PACTO HISTORICO","Presidencia 2da vuelta",4623,4471,"#1b3383","COALICION PACTO HISTORICO"
"3541",2022,13,0,23,"52699","Santacruz","Nariño",1076,"LIGA DE GOBERNANTES ANTICORRUPCION","Presidencia 2da vuelta",333,4471,"#f07605","LIGA DE GOBERNANTES ANTICORRUPCION"
"3542",2022,13,0,23,"52699","Santacruz","Nariño",996,"VOTOS EN BLANCO","Presidencia 2da vuelta",38,4471,"#dddddd","OTROS"
"3543",2022,13,0,23,"52699","Santacruz","Nariño",997,"VOTOS NULOS","Presidencia 2da vuelta",33,4471,"#808080","VOTOS NULOS"
"3544",2022,13,0,23,"52699","Santacruz","Nariño",998,"VOTOS NO MARCADOS","Presidencia 2da vuelta",5,4471,"#dddddd","OTROS"
"3545",2022,13,0,23,"52720","Sapuyes","Nariño",1235,"COALICION PACTO HISTORICO","Presidencia 2da vuelta",3021,2532,"#1b3383","COALICION PACTO HISTORICO"
"3546",2022,13,0,23,"52720","Sapuyes","Nariño",1076,"LIGA DE GOBERNANTES ANTICORRUPCION","Presidencia 2da vuelta",785,2532,"#f07605","LIGA DE GOBERNANTES ANTICORRUPCION"
"3547",2022,13,0,23,"52720","Sapuyes","Nariño",996,"VOTOS EN BLANCO","Presidencia 2da vuelta",68,2532,"#dddddd","OTROS"
"3548",2022,13,0,23,"52720","Sapuyes","Nariño",997,"VOTOS NULOS","Presidencia 2da vuelta",41,2532,"#808080","VOTOS NULOS"
"3549",2022,13,0,23,"52720","Sapuyes","Nariño",998,"VOTOS NO MARCADOS","Presidencia 2da vuelta",8,2532,"#dddddd","OTROS"
"3550",2022,13,0,23,"52786","Taminango","Nariño",1235,"COALICION PACTO HISTORICO","Presidencia 2da vuelta",8673,7916,"#1b3383","COALICION PACTO HISTORICO"
"3551",2022,13,0,23,"52786","Taminango","Nariño",1076,"LIGA DE GOBERNANTES ANTICORRUPCION","Presidencia 2da vuelta",835,7916,"#f07605","LIGA DE GOBERNANTES ANTICORRUPCION"
"3552",2022,13,0,23,"52786","Taminango","Nariño",996,"VOTOS EN BLANCO","Presidencia 2da vuelta",91,7916,"#dddddd","OTROS"
"3553",2022,13,0,23,"52786","Taminango","Nariño",997,"VOTOS NULOS","Presidencia 2da vuelta",58,7916,"#808080","VOTOS NULOS"
"3554",2022,13,0,23,"52786","Taminango","Nariño",998,"VOTOS NO MARCADOS","Presidencia 2da vuelta",4,1225,"#dddddd","OTROS"
"3555",2022,13,0,23,"52788","Tangua","Nariño",1235,"COALICION PACTO HISTORICO","Presidencia 2da vuelta",5107,5043,"#1b3383","COALICION PACTO HISTORICO"
"3556",2022,13,0,23,"52788","Tangua","Nariño",1076,"LIGA DE GOBERNANTES ANTICORRUPCION","Presidencia 2da vuelta",970,5043,"#f07605","LIGA DE GOBERNANTES ANTICORRUPCION"
"3557",2022,13,0,23,"52788","Tangua","Nariño",996,"VOTOS EN BLANCO","Presidencia 2da vuelta",68,5043,"#dddddd","OTROS"
"3558",2022,13,0,23,"52788","Tangua","Nariño",997,"VOTOS NULOS","Presidencia 2da vuelta",56,5043,"#808080","VOTOS NULOS"
"3559",2022,13,0,23,"52788","Tangua","Nariño",998,"VOTOS NO MARCADOS","Presidencia 2da vuelta",7,5043,"#dddddd","OTROS"
"3560",2022,13,0,23,"52835","Tumaco","Nariño",1235,"COALICION PACTO HISTORICO","Presidencia 2da vuelta",41053,7388,"#1b3383","COALICION PACTO HISTORICO"
"3561",2022,13,0,23,"52835","Tumaco","Nariño",1076,"LIGA DE GOBERNANTES ANTICORRUPCION","Presidencia 2da vuelta",13310,7388,"#f07605","LIGA DE GOBERNANTES ANTICORRUPCION"
"3562",2022,13,0,23,"52835","Tumaco","Nariño",996,"VOTOS EN BLANCO","Presidencia 2da vuelta",1288,7388,"#dddddd","OTROS"
"3563",2022,13,0,23,"52835","Tumaco","Nariño",997,"VOTOS NULOS","Presidencia 2da vuelta",1022,7388,"#808080","VOTOS NULOS"
"3564",2022,13,0,23,"52835","Tumaco","Nariño",998,"VOTOS NO MARCADOS","Presidencia 2da vuelta",155,7388,"#dddddd","OTROS"
"3565",2022,13,0,23,"52838","Túquerres","Nariño",1235,"COALICION PACTO HISTORICO","Presidencia 2da vuelta",19930,5986,"#1b3383","COALICION PACTO HISTORICO"
"3566",2022,13,0,23,"52838","Túquerres","Nariño",1076,"LIGA DE GOBERNANTES ANTICORRUPCION","Presidencia 2da vuelta",2866,5986,"#f07605","LIGA DE GOBERNANTES ANTICORRUPCION"
"3567",2022,13,0,23,"52838","Túquerres","Nariño",996,"VOTOS EN BLANCO","Presidencia 2da vuelta",335,5986,"#dddddd","OTROS"
"3568",2022,13,0,23,"52838","Túquerres","Nariño",997,"VOTOS NULOS","Presidencia 2da vuelta",296,5986,"#808080","VOTOS NULOS"
"3569",2022,13,0,23,"52838","Túquerres","Nariño",998,"VOTOS NO MARCADOS","Presidencia 2da vuelta",23,5986,"#dddddd","OTROS"
"3570",2022,13,0,23,"52885","Yacuanquer","Nariño",1235,"COALICION PACTO HISTORICO","Presidencia 2da vuelta",5126,6762,"#1b3383","COALICION PACTO HISTORICO"
"3571",2022,13,0,23,"52885","Yacuanquer","Nariño",1076,"LIGA DE GOBERNANTES ANTICORRUPCION","Presidencia 2da vuelta",910,6762,"#f07605","LIGA DE GOBERNANTES ANTICORRUPCION"
"3572",2022,13,0,23,"52885","Yacuanquer","Nariño",997,"VOTOS NULOS","Presidencia 2da vuelta",115,6762,"#808080","VOTOS NULOS"
"3573",2022,13,0,23,"52885","Yacuanquer","Nariño",996,"VOTOS EN BLANCO","Presidencia 2da vuelta",88,6762,"#dddddd","OTROS"
"3574",2022,13,0,23,"52885","Yacuanquer","Nariño",998,"VOTOS NO MARCADOS","Presidencia 2da vuelta",13,6762,"#dddddd","OTROS"
"3575",2022,13,0,24,"66001","Pereira","Risaralda",1076,"LIGA DE GOBERNANTES ANTICORRUPCION","Presidencia 2da vuelta",125876,9527,"#f07605","LIGA DE GOBERNANTES ANTICORRUPCION"
"3576",2022,13,0,24,"66001","Pereira","Risaralda",1235,"COALICION PACTO HISTORICO","Presidencia 2da vuelta",114065,9527,"#1b3383","COALICION PACTO HISTORICO"
"3577",2022,13,0,24,"66001","Pereira","Risaralda",996,"VOTOS EN BLANCO","Presidencia 2da vuelta",6985,9527,"#dddddd","OTROS"
"3578",2022,13,0,24,"66001","Pereira","Risaralda",997,"VOTOS NULOS","Presidencia 2da vuelta",4429,9527,"#808080","VOTOS NULOS"
"3579",2022,13,0,24,"66001","Pereira","Risaralda",998,"VOTOS NO MARCADOS","Presidencia 2da vuelta",341,9527,"#dddddd","OTROS"
"3580",2022,13,0,24,"66045","Apía","Risaralda",1076,"LIGA DE GOBERNANTES ANTICORRUPCION","Presidencia 2da vuelta",3792,2950,"#f07605","LIGA DE GOBERNANTES ANTICORRUPCION"
"3581",2022,13,0,24,"66045","Apía","Risaralda",1235,"COALICION PACTO HISTORICO","Presidencia 2da vuelta",1746,2950,"#1b3383","COALICION PACTO HISTORICO"
"3582",2022,13,0,24,"66045","Apía","Risaralda",996,"VOTOS EN BLANCO","Presidencia 2da vuelta",173,2950,"#dddddd","OTROS"
"3583",2022,13,0,24,"66045","Apía","Risaralda",997,"VOTOS NULOS","Presidencia 2da vuelta",140,2950,"#808080","VOTOS NULOS"
"3584",2022,13,0,24,"66045","Apía","Risaralda",998,"VOTOS NO MARCADOS","Presidencia 2da vuelta",20,2950,"#dddddd","OTROS"
"3585",2022,13,0,24,"66075","Balboa","Risaralda",1076,"LIGA DE GOBERNANTES ANTICORRUPCION","Presidencia 2da vuelta",1831,4261,"#f07605","LIGA DE GOBERNANTES ANTICORRUPCION"
"3586",2022,13,0,24,"66075","Balboa","Risaralda",1235,"COALICION PACTO HISTORICO","Presidencia 2da vuelta",945,4261,"#1b3383","COALICION PACTO HISTORICO"
"3587",2022,13,0,24,"66075","Balboa","Risaralda",997,"VOTOS NULOS","Presidencia 2da vuelta",64,4261,"#808080","VOTOS NULOS"
"3588",2022,13,0,24,"66075","Balboa","Risaralda",996,"VOTOS EN BLANCO","Presidencia 2da vuelta",56,4261,"#dddddd","OTROS"
"3589",2022,13,0,24,"66075","Balboa","Risaralda",998,"VOTOS NO MARCADOS","Presidencia 2da vuelta",8,4261,"#dddddd","OTROS"
"3590",2022,13,0,24,"66088","Belén de Umbría","Risaralda",1076,"LIGA DE GOBERNANTES ANTICORRUPCION","Presidencia 2da vuelta",7684,13919,"#f07605","LIGA DE GOBERNANTES ANTICORRUPCION"
"3591",2022,13,0,24,"66088","Belén de Umbría","Risaralda",1235,"COALICION PACTO HISTORICO","Presidencia 2da vuelta",3562,13919,"#1b3383","COALICION PACTO HISTORICO"
"3592",2022,13,0,24,"66088","Belén de Umbría","Risaralda",996,"VOTOS EN BLANCO","Presidencia 2da vuelta",350,13919,"#dddddd","OTROS"
"3593",2022,13,0,24,"66088","Belén de Umbría","Risaralda",997,"VOTOS NULOS","Presidencia 2da vuelta",274,13919,"#808080","VOTOS NULOS"
"3594",2022,13,0,24,"66088","Belén de Umbría","Risaralda",998,"VOTOS NO MARCADOS","Presidencia 2da vuelta",40,13919,"#dddddd","OTROS"
"3595",2022,13,0,24,"66170","Dosquebradas","Risaralda",1235,"COALICION PACTO HISTORICO","Presidencia 2da vuelta",49780,2668,"#1b3383","COALICION PACTO HISTORICO"
"3596",2022,13,0,24,"66170","Dosquebradas","Risaralda",1076,"LIGA DE GOBERNANTES ANTICORRUPCION","Presidencia 2da vuelta",47943,2668,"#f07605","LIGA DE GOBERNANTES ANTICORRUPCION"
"3597",2022,13,0,24,"66170","Dosquebradas","Risaralda",996,"VOTOS EN BLANCO","Presidencia 2da vuelta",2909,2668,"#dddddd","OTROS"
"3598",2022,13,0,24,"66170","Dosquebradas","Risaralda",997,"VOTOS NULOS","Presidencia 2da vuelta",2153,2668,"#808080","VOTOS NULOS"
"3599",2022,13,0,24,"66170","Dosquebradas","Risaralda",998,"VOTOS NO MARCADOS","Presidencia 2da vuelta",122,2668,"#dddddd","OTROS"
"3600",2022,13,0,24,"66318","Guática","Risaralda",1076,"LIGA DE GOBERNANTES ANTICORRUPCION","Presidencia 2da vuelta",4009,6922,"#f07605","LIGA DE GOBERNANTES ANTICORRUPCION"
"3601",2022,13,0,24,"66318","Guática","Risaralda",1235,"COALICION PACTO HISTORICO","Presidencia 2da vuelta",1848,6922,"#1b3383","COALICION PACTO HISTORICO"
"3602",2022,13,0,24,"66318","Guática","Risaralda",996,"VOTOS EN BLANCO","Presidencia 2da vuelta",165,6922,"#dddddd","OTROS"
"3603",2022,13,0,24,"66318","Guática","Risaralda",997,"VOTOS NULOS","Presidencia 2da vuelta",145,6922,"#808080","VOTOS NULOS"
"3604",2022,13,0,24,"66318","Guática","Risaralda",998,"VOTOS NO MARCADOS","Presidencia 2da vuelta",14,6922,"#dddddd","OTROS"
"3605",2022,13,0,24,"66383","La Celia","Risaralda",1076,"LIGA DE GOBERNANTES ANTICORRUPCION","Presidencia 2da vuelta",2632,6445,"#f07605","LIGA DE GOBERNANTES ANTICORRUPCION"
"3606",2022,13,0,24,"66383","La Celia","Risaralda",1235,"COALICION PACTO HISTORICO","Presidencia 2da vuelta",1033,6445,"#1b3383","COALICION PACTO HISTORICO"
"3607",2022,13,0,24,"66383","La Celia","Risaralda",996,"VOTOS EN BLANCO","Presidencia 2da vuelta",68,6445,"#dddddd","OTROS"
"3608",2022,13,0,24,"66383","La Celia","Risaralda",997,"VOTOS NULOS","Presidencia 2da vuelta",64,6445,"#808080","VOTOS NULOS"
"3609",2022,13,0,24,"66383","La Celia","Risaralda",998,"VOTOS NO MARCADOS","Presidencia 2da vuelta",13,6445,"#dddddd","OTROS"
"3610",2022,13,0,24,"66400","La Virginia","Risaralda",1235,"COALICION PACTO HISTORICO","Presidencia 2da vuelta",8762,6184,"#1b3383","COALICION PACTO HISTORICO"
"3611",2022,13,0,24,"66400","La Virginia","Risaralda",1076,"LIGA DE GOBERNANTES ANTICORRUPCION","Presidencia 2da vuelta",7888,6184,"#f07605","LIGA DE GOBERNANTES ANTICORRUPCION"
"3612",2022,13,0,24,"66400","La Virginia","Risaralda",996,"VOTOS EN BLANCO","Presidencia 2da vuelta",497,6184,"#dddddd","OTROS"
"3613",2022,13,0,24,"66400","La Virginia","Risaralda",997,"VOTOS NULOS","Presidencia 2da vuelta",472,6184,"#808080","VOTOS NULOS"
"3614",2022,13,0,24,"66400","La Virginia","Risaralda",998,"VOTOS NO MARCADOS","Presidencia 2da vuelta",39,6184,"#dddddd","OTROS"
"3615",2022,13,0,24,"66440","Marsella","Risaralda",1076,"LIGA DE GOBERNANTES ANTICORRUPCION","Presidencia 2da vuelta",4857,12993,"#f07605","LIGA DE GOBERNANTES ANTICORRUPCION"
"3616",2022,13,0,24,"66440","Marsella","Risaralda",1235,"COALICION PACTO HISTORICO","Presidencia 2da vuelta",3113,12993,"#1b3383","COALICION PACTO HISTORICO"
"3617",2022,13,0,24,"66440","Marsella","Risaralda",996,"VOTOS EN BLANCO","Presidencia 2da vuelta",203,12993,"#dddddd","OTROS"
"3618",2022,13,0,24,"66440","Marsella","Risaralda",997,"VOTOS NULOS","Presidencia 2da vuelta",180,12993,"#808080","VOTOS NULOS"
"3619",2022,13,0,24,"66440","Marsella","Risaralda",998,"VOTOS NO MARCADOS","Presidencia 2da vuelta",32,12993,"#dddddd","OTROS"
"3620",2022,13,0,24,"66456","Mistrató","Risaralda",1235,"COALICION PACTO HISTORICO","Presidencia 2da vuelta",3564,3443,"#1b3383","COALICION PACTO HISTORICO"
"3621",2022,13,0,24,"66456","Mistrató","Risaralda",1076,"LIGA DE GOBERNANTES ANTICORRUPCION","Presidencia 2da vuelta",2923,3443,"#f07605","LIGA DE GOBERNANTES ANTICORRUPCION"
"3622",2022,13,0,24,"66456","Mistrató","Risaralda",997,"VOTOS NULOS","Presidencia 2da vuelta",141,3443,"#808080","VOTOS NULOS"
"3623",2022,13,0,24,"66456","Mistrató","Risaralda",996,"VOTOS EN BLANCO","Presidencia 2da vuelta",129,3443,"#dddddd","OTROS"
"3624",2022,13,0,24,"66456","Mistrató","Risaralda",998,"VOTOS NO MARCADOS","Presidencia 2da vuelta",29,3443,"#dddddd","OTROS"
"3625",2022,13,0,24,"66572","Pueblo Rico","Risaralda",1235,"COALICION PACTO HISTORICO","Presidencia 2da vuelta",3943,5931,"#1b3383","COALICION PACTO HISTORICO"
"3626",2022,13,0,24,"66572","Pueblo Rico","Risaralda",1076,"LIGA DE GOBERNANTES ANTICORRUPCION","Presidencia 2da vuelta",1613,5931,"#f07605","LIGA DE GOBERNANTES ANTICORRUPCION"
"3627",2022,13,0,24,"66572","Pueblo Rico","Risaralda",996,"VOTOS EN BLANCO","Presidencia 2da vuelta",113,5931,"#dddddd","OTROS"
"3628",2022,13,0,24,"66572","Pueblo Rico","Risaralda",997,"VOTOS NULOS","Presidencia 2da vuelta",101,5931,"#808080","VOTOS NULOS"
"3629",2022,13,0,24,"66572","Pueblo Rico","Risaralda",998,"VOTOS NO MARCADOS","Presidencia 2da vuelta",22,5931,"#dddddd","OTROS"
"3630",2022,13,0,24,"66594","Quinchía","Risaralda",1235,"COALICION PACTO HISTORICO","Presidencia 2da vuelta",6500,10091,"#1b3383","COALICION PACTO HISTORICO"
"3631",2022,13,0,24,"66594","Quinchía","Risaralda",1076,"LIGA DE GOBERNANTES ANTICORRUPCION","Presidencia 2da vuelta",4702,10091,"#f07605","LIGA DE GOBERNANTES ANTICORRUPCION"
"3632",2022,13,0,24,"66594","Quinchía","Risaralda",997,"VOTOS NULOS","Presidencia 2da vuelta",443,10091,"#808080","VOTOS NULOS"
"3633",2022,13,0,24,"66594","Quinchía","Risaralda",996,"VOTOS EN BLANCO","Presidencia 2da vuelta",362,10091,"#dddddd","OTROS"
"3634",2022,13,0,24,"66594","Quinchía","Risaralda",998,"VOTOS NO MARCADOS","Presidencia 2da vuelta",68,10091,"#dddddd","OTROS"
"3635",2022,13,0,24,"66682","Santa Rosa de Cabal","Risaralda",1076,"LIGA DE GOBERNANTES ANTICORRUPCION","Presidencia 2da vuelta",21139,6863,"#f07605","LIGA DE GOBERNANTES ANTICORRUPCION"
"3636",2022,13,0,24,"66682","Santa Rosa de Cabal","Risaralda",1235,"COALICION PACTO HISTORICO","Presidencia 2da vuelta",15974,6863,"#1b3383","COALICION PACTO HISTORICO"
"3637",2022,13,0,24,"66682","Santa Rosa de Cabal","Risaralda",996,"VOTOS EN BLANCO","Presidencia 2da vuelta",1051,6863,"#dddddd","OTROS"
"3638",2022,13,0,24,"66682","Santa Rosa de Cabal","Risaralda",997,"VOTOS NULOS","Presidencia 2da vuelta",958,6863,"#808080","VOTOS NULOS"
"3639",2022,13,0,24,"66682","Santa Rosa de Cabal","Risaralda",998,"VOTOS NO MARCADOS","Presidencia 2da vuelta",66,6863,"#dddddd","OTROS"
"3640",2022,13,0,24,"66687","Santuario","Risaralda",1076,"LIGA DE GOBERNANTES ANTICORRUPCION","Presidencia 2da vuelta",3866,9628,"#f07605","LIGA DE GOBERNANTES ANTICORRUPCION"
"3641",2022,13,0,24,"66687","Santuario","Risaralda",1235,"COALICION PACTO HISTORICO","Presidencia 2da vuelta",1621,9628,"#1b3383","COALICION PACTO HISTORICO"
"3642",2022,13,0,24,"66687","Santuario","Risaralda",997,"VOTOS NULOS","Presidencia 2da vuelta",156,9628,"#808080","VOTOS NULOS"
"3643",2022,13,0,24,"66687","Santuario","Risaralda",996,"VOTOS EN BLANCO","Presidencia 2da vuelta",135,9628,"#dddddd","OTROS"
"3644",2022,13,0,24,"66687","Santuario","Risaralda",998,"VOTOS NO MARCADOS","Presidencia 2da vuelta",27,9628,"#dddddd","OTROS"
"3645",2022,13,0,25,"54001","Cúcuta","Norte de Santander",1076,"LIGA DE GOBERNANTES ANTICORRUPCION","Presidencia 2da vuelta",285510,16613,"#f07605","LIGA DE GOBERNANTES ANTICORRUPCION"
"3646",2022,13,0,25,"54001","Cúcuta","Norte de Santander",1235,"COALICION PACTO HISTORICO","Presidencia 2da vuelta",63919,16613,"#1b3383","COALICION PACTO HISTORICO"
"3647",2022,13,0,25,"54001","Cúcuta","Norte de Santander",996,"VOTOS EN BLANCO","Presidencia 2da vuelta",4780,16613,"#dddddd","OTROS"
"3648",2022,13,0,25,"54001","Cúcuta","Norte de Santander",997,"VOTOS NULOS","Presidencia 2da vuelta",2559,16613,"#808080","VOTOS NULOS"
"3649",2022,13,0,25,"54001","Cúcuta","Norte de Santander",998,"VOTOS NO MARCADOS","Presidencia 2da vuelta",179,16613,"#dddddd","OTROS"
"3650",2022,13,0,25,"54003","Abrego","Norte de Santander",1076,"LIGA DE GOBERNANTES ANTICORRUPCION","Presidencia 2da vuelta",11604,6312,"#f07605","LIGA DE GOBERNANTES ANTICORRUPCION"
"3651",2022,13,0,25,"54003","Abrego","Norte de Santander",1235,"COALICION PACTO HISTORICO","Presidencia 2da vuelta",2428,6312,"#1b3383","COALICION PACTO HISTORICO"
"3652",2022,13,0,25,"54003","Abrego","Norte de Santander",996,"VOTOS EN BLANCO","Presidencia 2da vuelta",104,6312,"#dddddd","OTROS"
"3653",2022,13,0,25,"54003","Abrego","Norte de Santander",997,"VOTOS NULOS","Presidencia 2da vuelta",71,6312,"#808080","VOTOS NULOS"
"3654",2022,13,0,25,"54003","Abrego","Norte de Santander",998,"VOTOS NO MARCADOS","Presidencia 2da vuelta",10,6312,"#dddddd","OTROS"
"3655",2022,13,0,25,"54051","Arboledas","Norte de Santander",1076,"LIGA DE GOBERNANTES ANTICORRUPCION","Presidencia 2da vuelta",4294,4796,"#f07605","LIGA DE GOBERNANTES ANTICORRUPCION"
"3656",2022,13,0,25,"54051","Arboledas","Norte de Santander",1235,"COALICION PACTO HISTORICO","Presidencia 2da vuelta",394,4796,"#1b3383","COALICION PACTO HISTORICO"
"3657",2022,13,0,25,"54051","Arboledas","Norte de Santander",996,"VOTOS EN BLANCO","Presidencia 2da vuelta",39,4796,"#dddddd","OTROS"
"3658",2022,13,0,25,"54051","Arboledas","Norte de Santander",997,"VOTOS NULOS","Presidencia 2da vuelta",29,4796,"#808080","VOTOS NULOS"
"3659",2022,13,0,25,"54051","Arboledas","Norte de Santander",998,"VOTOS NO MARCADOS","Presidencia 2da vuelta",10,4796,"#dddddd","OTROS"
"3660",2022,13,0,25,"54099","Bochalema","Norte de Santander",1076,"LIGA DE GOBERNANTES ANTICORRUPCION","Presidencia 2da vuelta",4263,5721,"#f07605","LIGA DE GOBERNANTES ANTICORRUPCION"
"3661",2022,13,0,25,"54099","Bochalema","Norte de Santander",1235,"COALICION PACTO HISTORICO","Presidencia 2da vuelta",574,5721,"#1b3383","COALICION PACTO HISTORICO"
"3662",2022,13,0,25,"54099","Bochalema","Norte de Santander",996,"VOTOS EN BLANCO","Presidencia 2da vuelta",42,5721,"#dddddd","OTROS"
"3663",2022,13,0,25,"54099","Bochalema","Norte de Santander",997,"VOTOS NULOS","Presidencia 2da vuelta",20,5721,"#808080","VOTOS NULOS"
"3664",2022,13,0,25,"54099","Bochalema","Norte de Santander",998,"VOTOS NO MARCADOS","Presidencia 2da vuelta",4,5721,"#dddddd","OTROS"
"3665",2022,13,0,25,"54109","Bucarasica","Norte de Santander",1076,"LIGA DE GOBERNANTES ANTICORRUPCION","Presidencia 2da vuelta",2213,1583,"#f07605","LIGA DE GOBERNANTES ANTICORRUPCION"
"3666",2022,13,0,25,"54109","Bucarasica","Norte de Santander",1235,"COALICION PACTO HISTORICO","Presidencia 2da vuelta",164,1583,"#1b3383","COALICION PACTO HISTORICO"
"3667",2022,13,0,25,"54109","Bucarasica","Norte de Santander",996,"VOTOS EN BLANCO","Presidencia 2da vuelta",30,1583,"#dddddd","OTROS"
"3668",2022,13,0,25,"54109","Bucarasica","Norte de Santander",998,"VOTOS NO MARCADOS","Presidencia 2da vuelta",8,1583,"#dddddd","OTROS"
"3669",2022,13,0,25,"54109","Bucarasica","Norte de Santander",997,"VOTOS NULOS","Presidencia 2da vuelta",6,1583,"#808080","VOTOS NULOS"
"3670",2022,13,0,25,"54125","Cácota","Norte de Santander",1076,"LIGA DE GOBERNANTES ANTICORRUPCION","Presidencia 2da vuelta",1437,2415,"#f07605","LIGA DE GOBERNANTES ANTICORRUPCION"
"3671",2022,13,0,25,"54125","Cácota","Norte de Santander",1235,"COALICION PACTO HISTORICO","Presidencia 2da vuelta",198,2415,"#1b3383","COALICION PACTO HISTORICO"
"3672",2022,13,0,25,"54125","Cácota","Norte de Santander",996,"VOTOS EN BLANCO","Presidencia 2da vuelta",22,2415,"#dddddd","OTROS"
"3673",2022,13,0,25,"54125","Cácota","Norte de Santander",997,"VOTOS NULOS","Presidencia 2da vuelta",7,2415,"#808080","VOTOS NULOS"
"3674",2022,13,0,25,"54125","Cácota","Norte de Santander",998,"VOTOS NO MARCADOS","Presidencia 2da vuelta",2,2415,"#dddddd","OTROS"
"3675",2022,13,0,25,"54128","Cachirá","Norte de Santander",1076,"LIGA DE GOBERNANTES ANTICORRUPCION","Presidencia 2da vuelta",4264,2981,"#f07605","LIGA DE GOBERNANTES ANTICORRUPCION"
"3676",2022,13,0,25,"54128","Cachirá","Norte de Santander",1235,"COALICION PACTO HISTORICO","Presidencia 2da vuelta",288,2981,"#1b3383","COALICION PACTO HISTORICO"
"3677",2022,13,0,25,"54128","Cachirá","Norte de Santander",996,"VOTOS EN BLANCO","Presidencia 2da vuelta",40,2981,"#dddddd","OTROS"
"3678",2022,13,0,25,"54128","Cachirá","Norte de Santander",997,"VOTOS NULOS","Presidencia 2da vuelta",10,2981,"#808080","VOTOS NULOS"
"3679",2022,13,0,25,"54128","Cachirá","Norte de Santander",998,"VOTOS NO MARCADOS","Presidencia 2da vuelta",5,2981,"#dddddd","OTROS"
"3680",2022,13,0,25,"54172","Chinácota","Norte de Santander",1076,"LIGA DE GOBERNANTES ANTICORRUPCION","Presidencia 2da vuelta",7581,13760,"#f07605","LIGA DE GOBERNANTES ANTICORRUPCION"
"3681",2022,13,0,25,"54172","Chinácota","Norte de Santander",1235,"COALICION PACTO HISTORICO","Presidencia 2da vuelta",1544,13760,"#1b3383","COALICION PACTO HISTORICO"
"3682",2022,13,0,25,"54172","Chinácota","Norte de Santander",996,"VOTOS EN BLANCO","Presidencia 2da vuelta",125,13760,"#dddddd","OTROS"
"3683",2022,13,0,25,"54172","Chinácota","Norte de Santander",997,"VOTOS NULOS","Presidencia 2da vuelta",55,13760,"#808080","VOTOS NULOS"
"3684",2022,13,0,25,"54172","Chinácota","Norte de Santander",998,"VOTOS NO MARCADOS","Presidencia 2da vuelta",6,13760,"#dddddd","OTROS"
"3685",2022,13,0,25,"54174","Chitagá","Norte de Santander",1076,"LIGA DE GOBERNANTES ANTICORRUPCION","Presidencia 2da vuelta",4875,6829,"#f07605","LIGA DE GOBERNANTES ANTICORRUPCION"
"3686",2022,13,0,25,"54174","Chitagá","Norte de Santander",1235,"COALICION PACTO HISTORICO","Presidencia 2da vuelta",518,6829,"#1b3383","COALICION PACTO HISTORICO"
"3687",2022,13,0,25,"54174","Chitagá","Norte de Santander",996,"VOTOS EN BLANCO","Presidencia 2da vuelta",48,6829,"#dddddd","OTROS"
"3688",2022,13,0,25,"54174","Chitagá","Norte de Santander",997,"VOTOS NULOS","Presidencia 2da vuelta",34,6829,"#808080","VOTOS NULOS"
"3689",2022,13,0,25,"54174","Chitagá","Norte de Santander",998,"VOTOS NO MARCADOS","Presidencia 2da vuelta",16,6829,"#dddddd","OTROS"
"3690",2022,13,0,25,"54206","Convención","Norte de Santander",1076,"LIGA DE GOBERNANTES ANTICORRUPCION","Presidencia 2da vuelta",3880,10790,"#f07605","LIGA DE GOBERNANTES ANTICORRUPCION"
"3691",2022,13,0,25,"54206","Convención","Norte de Santander",1235,"COALICION PACTO HISTORICO","Presidencia 2da vuelta",3197,10790,"#1b3383","COALICION PACTO HISTORICO"
"3692",2022,13,0,25,"54206","Convención","Norte de Santander",996,"VOTOS EN BLANCO","Presidencia 2da vuelta",114,10790,"#dddddd","OTROS"
"3693",2022,13,0,25,"54206","Convención","Norte de Santander",997,"VOTOS NULOS","Presidencia 2da vuelta",88,10790,"#808080","VOTOS NULOS"
"3694",2022,13,0,25,"54206","Convención","Norte de Santander",998,"VOTOS NO MARCADOS","Presidencia 2da vuelta",15,10790,"#dddddd","OTROS"
"3695",2022,13,0,25,"54223","Cucutilla","Norte de Santander",1076,"LIGA DE GOBERNANTES ANTICORRUPCION","Presidencia 2da vuelta",3728,5948,"#f07605","LIGA DE GOBERNANTES ANTICORRUPCION"
"3696",2022,13,0,25,"54223","Cucutilla","Norte de Santander",1235,"COALICION PACTO HISTORICO","Presidencia 2da vuelta",351,5948,"#1b3383","COALICION PACTO HISTORICO"
"3697",2022,13,0,25,"54223","Cucutilla","Norte de Santander",996,"VOTOS EN BLANCO","Presidencia 2da vuelta",54,5948,"#dddddd","OTROS"
"3698",2022,13,0,25,"54223","Cucutilla","Norte de Santander",997,"VOTOS NULOS","Presidencia 2da vuelta",32,5948,"#808080","VOTOS NULOS"
"3699",2022,13,0,25,"54223","Cucutilla","Norte de Santander",998,"VOTOS NO MARCADOS","Presidencia 2da vuelta",8,5948,"#dddddd","OTROS"
"3700",2022,13,0,25,"54239","Durania","Norte de Santander",1076,"LIGA DE GOBERNANTES ANTICORRUPCION","Presidencia 2da vuelta",2600,6495,"#f07605","LIGA DE GOBERNANTES ANTICORRUPCION"
"3701",2022,13,0,25,"54239","Durania","Norte de Santander",1235,"COALICION PACTO HISTORICO","Presidencia 2da vuelta",314,6495,"#1b3383","COALICION PACTO HISTORICO"
"3702",2022,13,0,25,"54239","Durania","Norte de Santander",996,"VOTOS EN BLANCO","Presidencia 2da vuelta",36,6495,"#dddddd","OTROS"
"3703",2022,13,0,25,"54239","Durania","Norte de Santander",997,"VOTOS NULOS","Presidencia 2da vuelta",17,6495,"#808080","VOTOS NULOS"
"3704",2022,13,0,25,"54239","Durania","Norte de Santander",998,"VOTOS NO MARCADOS","Presidencia 2da vuelta",3,6495,"#dddddd","OTROS"
"3705",2022,13,0,25,"54245","El Carmen","Norte de Santander",1076,"LIGA DE GOBERNANTES ANTICORRUPCION","Presidencia 2da vuelta",3620,3651,"#f07605","LIGA DE GOBERNANTES ANTICORRUPCION"
"3706",2022,13,0,25,"54245","El Carmen","Norte de Santander",1235,"COALICION PACTO HISTORICO","Presidencia 2da vuelta",1321,3651,"#1b3383","COALICION PACTO HISTORICO"
"3707",2022,13,0,25,"54245","El Carmen","Norte de Santander",996,"VOTOS EN BLANCO","Presidencia 2da vuelta",42,3651,"#dddddd","OTROS"
"3708",2022,13,0,25,"54245","El Carmen","Norte de Santander",997,"VOTOS NULOS","Presidencia 2da vuelta",34,3651,"#808080","VOTOS NULOS"
"3709",2022,13,0,25,"54245","El Carmen","Norte de Santander",998,"VOTOS NO MARCADOS","Presidencia 2da vuelta",5,3651,"#dddddd","OTROS"
"3710",2022,13,0,25,"54250","El Tarra","Norte de Santander",1235,"COALICION PACTO HISTORICO","Presidencia 2da vuelta",6617,11926,"#1b3383","COALICION PACTO HISTORICO"
"3711",2022,13,0,25,"54250","El Tarra","Norte de Santander",1076,"LIGA DE GOBERNANTES ANTICORRUPCION","Presidencia 2da vuelta",1385,11926,"#f07605","LIGA DE GOBERNANTES ANTICORRUPCION"
"3712",2022,13,0,25,"54250","El Tarra","Norte de Santander",996,"VOTOS EN BLANCO","Presidencia 2da vuelta",149,11926,"#dddddd","OTROS"
"3713",2022,13,0,25,"54250","El Tarra","Norte de Santander",997,"VOTOS NULOS","Presidencia 2da vuelta",78,11926,"#808080","VOTOS NULOS"
"3714",2022,13,0,25,"54250","El Tarra","Norte de Santander",998,"VOTOS NO MARCADOS","Presidencia 2da vuelta",14,11926,"#dddddd","OTROS"
"3715",2022,13,0,25,"54261","El Zulia","Norte de Santander",1076,"LIGA DE GOBERNANTES ANTICORRUPCION","Presidencia 2da vuelta",11790,6293,"#f07605","LIGA DE GOBERNANTES ANTICORRUPCION"
"3716",2022,13,0,25,"54261","El Zulia","Norte de Santander",1235,"COALICION PACTO HISTORICO","Presidencia 2da vuelta",1709,6293,"#1b3383","COALICION PACTO HISTORICO"
"3717",2022,13,0,25,"54261","El Zulia","Norte de Santander",996,"VOTOS EN BLANCO","Presidencia 2da vuelta",133,6293,"#dddddd","OTROS"
"3718",2022,13,0,25,"54261","El Zulia","Norte de Santander",997,"VOTOS NULOS","Presidencia 2da vuelta",100,6293,"#808080","VOTOS NULOS"
"3719",2022,13,0,25,"54261","El Zulia","Norte de Santander",998,"VOTOS NO MARCADOS","Presidencia 2da vuelta",10,6293,"#dddddd","OTROS"
"3720",2022,13,0,25,"54313","Gramalote","Norte de Santander",1076,"LIGA DE GOBERNANTES ANTICORRUPCION","Presidencia 2da vuelta",3177,4678,"#f07605","LIGA DE GOBERNANTES ANTICORRUPCION"
"3721",2022,13,0,25,"54313","Gramalote","Norte de Santander",1235,"COALICION PACTO HISTORICO","Presidencia 2da vuelta",325,4678,"#1b3383","COALICION PACTO HISTORICO"
"3722",2022,13,0,25,"54313","Gramalote","Norte de Santander",996,"VOTOS EN BLANCO","Presidencia 2da vuelta",24,4678,"#dddddd","OTROS"
"3723",2022,13,0,25,"54313","Gramalote","Norte de Santander",997,"VOTOS NULOS","Presidencia 2da vuelta",7,4678,"#808080","VOTOS NULOS"
"3724",2022,13,0,25,"54313","Gramalote","Norte de Santander",998,"VOTOS NO MARCADOS","Presidencia 2da vuelta",4,4678,"#dddddd","OTROS"
"3725",2022,13,0,25,"54344","Hacarí","Norte de Santander",1235,"COALICION PACTO HISTORICO","Presidencia 2da vuelta",3194,4462,"#1b3383","COALICION PACTO HISTORICO"
"3726",2022,13,0,25,"54344","Hacarí","Norte de Santander",1076,"LIGA DE GOBERNANTES ANTICORRUPCION","Presidencia 2da vuelta",834,4462,"#f07605","LIGA DE GOBERNANTES ANTICORRUPCION"
"3727",2022,13,0,25,"54344","Hacarí","Norte de Santander",996,"VOTOS EN BLANCO","Presidencia 2da vuelta",41,4462,"#dddddd","OTROS"
"3728",2022,13,0,25,"54344","Hacarí","Norte de Santander",997,"VOTOS NULOS","Presidencia 2da vuelta",27,4462,"#808080","VOTOS NULOS"
"3729",2022,13,0,25,"54344","Hacarí","Norte de Santander",998,"VOTOS NO MARCADOS","Presidencia 2da vuelta",6,4462,"#dddddd","OTROS"
"3730",2022,13,0,25,"54347","Herrán","Norte de Santander",1076,"LIGA DE GOBERNANTES ANTICORRUPCION","Presidencia 2da vuelta",1941,4637,"#f07605","LIGA DE GOBERNANTES ANTICORRUPCION"
"3731",2022,13,0,25,"54347","Herrán","Norte de Santander",1235,"COALICION PACTO HISTORICO","Presidencia 2da vuelta",109,4637,"#1b3383","COALICION PACTO HISTORICO"
"3732",2022,13,0,25,"54347","Herrán","Norte de Santander",996,"VOTOS EN BLANCO","Presidencia 2da vuelta",10,4637,"#dddddd","OTROS"
"3733",2022,13,0,25,"54347","Herrán","Norte de Santander",997,"VOTOS NULOS","Presidencia 2da vuelta",5,4637,"#808080","VOTOS NULOS"
"3734",2022,13,0,25,"54347","Herrán","Norte de Santander",998,"VOTOS NO MARCADOS","Presidencia 2da vuelta",2,4637,"#dddddd","OTROS"
"3735",2022,13,0,25,"54377","Labateca","Norte de Santander",1076,"LIGA DE GOBERNANTES ANTICORRUPCION","Presidencia 2da vuelta",2791,5242,"#f07605","LIGA DE GOBERNANTES ANTICORRUPCION"
"3736",2022,13,0,25,"54377","Labateca","Norte de Santander",1235,"COALICION PACTO HISTORICO","Presidencia 2da vuelta",261,5242,"#1b3383","COALICION PACTO HISTORICO"
"3737",2022,13,0,25,"54377","Labateca","Norte de Santander",996,"VOTOS EN BLANCO","Presidencia 2da vuelta",20,5242,"#dddddd","OTROS"
"3738",2022,13,0,25,"54377","Labateca","Norte de Santander",997,"VOTOS NULOS","Presidencia 2da vuelta",12,5242,"#808080","VOTOS NULOS"
"3739",2022,13,0,25,"54377","Labateca","Norte de Santander",998,"VOTOS NO MARCADOS","Presidencia 2da vuelta",5,5242,"#dddddd","OTROS"
"3740",2022,13,0,25,"54385","La Esperanza","Norte de Santander",1076,"LIGA DE GOBERNANTES ANTICORRUPCION","Presidencia 2da vuelta",4601,2702,"#f07605","LIGA DE GOBERNANTES ANTICORRUPCION"
"3741",2022,13,0,25,"54385","La Esperanza","Norte de Santander",1235,"COALICION PACTO HISTORICO","Presidencia 2da vuelta",786,2702,"#1b3383","COALICION PACTO HISTORICO"
"3742",2022,13,0,25,"54385","La Esperanza","Norte de Santander",996,"VOTOS EN BLANCO","Presidencia 2da vuelta",29,2702,"#dddddd","OTROS"
"3743",2022,13,0,25,"54385","La Esperanza","Norte de Santander",997,"VOTOS NULOS","Presidencia 2da vuelta",29,2702,"#808080","VOTOS NULOS"
"3744",2022,13,0,25,"54385","La Esperanza","Norte de Santander",998,"VOTOS NO MARCADOS","Presidencia 2da vuelta",6,2702,"#dddddd","OTROS"
"3745",2022,13,0,25,"54398","La Playa","Norte de Santander",1076,"LIGA DE GOBERNANTES ANTICORRUPCION","Presidencia 2da vuelta",2433,4069,"#f07605","LIGA DE GOBERNANTES ANTICORRUPCION"
"3746",2022,13,0,25,"54398","La Playa","Norte de Santander",1235,"COALICION PACTO HISTORICO","Presidencia 2da vuelta",832,4069,"#1b3383","COALICION PACTO HISTORICO"
"3747",2022,13,0,25,"54398","La Playa","Norte de Santander",996,"VOTOS EN BLANCO","Presidencia 2da vuelta",31,4069,"#dddddd","OTROS"
"3748",2022,13,0,25,"54398","La Playa","Norte de Santander",997,"VOTOS NULOS","Presidencia 2da vuelta",24,4069,"#808080","VOTOS NULOS"
"3749",2022,13,0,25,"54398","La Playa","Norte de Santander",998,"VOTOS NO MARCADOS","Presidencia 2da vuelta",5,4069,"#dddddd","OTROS"
"3750",2022,13,0,25,"54405","Los Patios","Norte de Santander",1076,"LIGA DE GOBERNANTES ANTICORRUPCION","Presidencia 2da vuelta",36236,11567,"#f07605","LIGA DE GOBERNANTES ANTICORRUPCION"
"3751",2022,13,0,25,"54405","Los Patios","Norte de Santander",1235,"COALICION PACTO HISTORICO","Presidencia 2da vuelta",8017,11567,"#1b3383","COALICION PACTO HISTORICO"
"3752",2022,13,0,25,"54405","Los Patios","Norte de Santander",996,"VOTOS EN BLANCO","Presidencia 2da vuelta",593,11567,"#dddddd","OTROS"
"3753",2022,13,0,25,"54405","Los Patios","Norte de Santander",997,"VOTOS NULOS","Presidencia 2da vuelta",313,11567,"#808080","VOTOS NULOS"
"3754",2022,13,0,25,"54405","Los Patios","Norte de Santander",998,"VOTOS NO MARCADOS","Presidencia 2da vuelta",9,11567,"#dddddd","OTROS"
"3755",2022,13,0,25,"54418","Lourdes","Norte de Santander",1076,"LIGA DE GOBERNANTES ANTICORRUPCION","Presidencia 2da vuelta",2167,3522,"#f07605","LIGA DE GOBERNANTES ANTICORRUPCION"
"3756",2022,13,0,25,"54418","Lourdes","Norte de Santander",1235,"COALICION PACTO HISTORICO","Presidencia 2da vuelta",139,3522,"#1b3383","COALICION PACTO HISTORICO"
"3757",2022,13,0,25,"54418","Lourdes","Norte de Santander",996,"VOTOS EN BLANCO","Presidencia 2da vuelta",19,3522,"#dddddd","OTROS"
"3758",2022,13,0,25,"54418","Lourdes","Norte de Santander",997,"VOTOS NULOS","Presidencia 2da vuelta",13,3522,"#808080","VOTOS NULOS"
"3759",2022,13,0,25,"54418","Lourdes","Norte de Santander",998,"VOTOS NO MARCADOS","Presidencia 2da vuelta",3,3522,"#dddddd","OTROS"
"3760",2022,13,0,25,"54480","Mutiscua","Norte de Santander",1076,"LIGA DE GOBERNANTES ANTICORRUPCION","Presidencia 2da vuelta",2046,2678,"#f07605","LIGA DE GOBERNANTES ANTICORRUPCION"
"3761",2022,13,0,25,"54480","Mutiscua","Norte de Santander",1235,"COALICION PACTO HISTORICO","Presidencia 2da vuelta",128,2678,"#1b3383","COALICION PACTO HISTORICO"
"3762",2022,13,0,25,"54480","Mutiscua","Norte de Santander",996,"VOTOS EN BLANCO","Presidencia 2da vuelta",18,2678,"#dddddd","OTROS"
"3763",2022,13,0,25,"54480","Mutiscua","Norte de Santander",997,"VOTOS NULOS","Presidencia 2da vuelta",9,2678,"#808080","VOTOS NULOS"
"3764",2022,13,0,25,"54480","Mutiscua","Norte de Santander",998,"VOTOS NO MARCADOS","Presidencia 2da vuelta",3,2678,"#dddddd","OTROS"
"3765",2022,13,0,25,"54498","Ocaña","Norte de Santander",1076,"LIGA DE GOBERNANTES ANTICORRUPCION","Presidencia 2da vuelta",36792,5703,"#f07605","LIGA DE GOBERNANTES ANTICORRUPCION"
"3766",2022,13,0,25,"54498","Ocaña","Norte de Santander",1235,"COALICION PACTO HISTORICO","Presidencia 2da vuelta",14609,5703,"#1b3383","COALICION PACTO HISTORICO"
"3767",2022,13,0,25,"54498","Ocaña","Norte de Santander",996,"VOTOS EN BLANCO","Presidencia 2da vuelta",748,5703,"#dddddd","OTROS"
"3768",2022,13,0,25,"54498","Ocaña","Norte de Santander",997,"VOTOS NULOS","Presidencia 2da vuelta",496,5703,"#808080","VOTOS NULOS"
"3769",2022,13,0,25,"54498","Ocaña","Norte de Santander",998,"VOTOS NO MARCADOS","Presidencia 2da vuelta",33,5703,"#dddddd","OTROS"
"3770",2022,13,0,25,"54518","Pamplona","Norte de Santander",1076,"LIGA DE GOBERNANTES ANTICORRUPCION","Presidencia 2da vuelta",18311,8152,"#f07605","LIGA DE GOBERNANTES ANTICORRUPCION"
"3771",2022,13,0,25,"54518","Pamplona","Norte de Santander",1235,"COALICION PACTO HISTORICO","Presidencia 2da vuelta",9230,8152,"#1b3383","COALICION PACTO HISTORICO"
"3772",2022,13,0,25,"54518","Pamplona","Norte de Santander",996,"VOTOS EN BLANCO","Presidencia 2da vuelta",666,8152,"#dddddd","OTROS"
"3773",2022,13,0,25,"54518","Pamplona","Norte de Santander",997,"VOTOS NULOS","Presidencia 2da vuelta",329,8152,"#808080","VOTOS NULOS"
"3774",2022,13,0,25,"54518","Pamplona","Norte de Santander",998,"VOTOS NO MARCADOS","Presidencia 2da vuelta",18,8152,"#dddddd","OTROS"
"3775",2022,13,0,25,"54520","Pamplonita","Norte de Santander",1076,"LIGA DE GOBERNANTES ANTICORRUPCION","Presidencia 2da vuelta",2765,3306,"#f07605","LIGA DE GOBERNANTES ANTICORRUPCION"
"3776",2022,13,0,25,"54520","Pamplonita","Norte de Santander",1235,"COALICION PACTO HISTORICO","Presidencia 2da vuelta",271,3306,"#1b3383","COALICION PACTO HISTORICO"
"3777",2022,13,0,25,"54520","Pamplonita","Norte de Santander",996,"VOTOS EN BLANCO","Presidencia 2da vuelta",44,3306,"#dddddd","OTROS"
"3778",2022,13,0,25,"54520","Pamplonita","Norte de Santander",997,"VOTOS NULOS","Presidencia 2da vuelta",21,3306,"#808080","VOTOS NULOS"
"3779",2022,13,0,25,"54520","Pamplonita","Norte de Santander",998,"VOTOS NO MARCADOS","Presidencia 2da vuelta",5,3306,"#dddddd","OTROS"
"3780",2022,13,0,25,"54553","Puerto Santander","Norte de Santander",1076,"LIGA DE GOBERNANTES ANTICORRUPCION","Presidencia 2da vuelta",4380,18690,"#f07605","LIGA DE GOBERNANTES ANTICORRUPCION"
"3781",2022,13,0,25,"54553","Puerto Santander","Norte de Santander",1235,"COALICION PACTO HISTORICO","Presidencia 2da vuelta",699,18690,"#1b3383","COALICION PACTO HISTORICO"
"3782",2022,13,0,25,"54553","Puerto Santander","Norte de Santander",996,"VOTOS EN BLANCO","Presidencia 2da vuelta",39,18690,"#dddddd","OTROS"
"3783",2022,13,0,25,"54553","Puerto Santander","Norte de Santander",997,"VOTOS NULOS","Presidencia 2da vuelta",30,18690,"#808080","VOTOS NULOS"
"3784",2022,13,0,25,"54553","Puerto Santander","Norte de Santander",998,"VOTOS NO MARCADOS","Presidencia 2da vuelta",7,18690,"#dddddd","OTROS"
"3785",2022,13,0,25,"54599","Ragonvalia","Norte de Santander",1076,"LIGA DE GOBERNANTES ANTICORRUPCION","Presidencia 2da vuelta",2933,8812,"#f07605","LIGA DE GOBERNANTES ANTICORRUPCION"
"3786",2022,13,0,25,"54599","Ragonvalia","Norte de Santander",1235,"COALICION PACTO HISTORICO","Presidencia 2da vuelta",183,8812,"#1b3383","COALICION PACTO HISTORICO"
"3787",2022,13,0,25,"54599","Ragonvalia","Norte de Santander",996,"VOTOS EN BLANCO","Presidencia 2da vuelta",26,8812,"#dddddd","OTROS"
"3788",2022,13,0,25,"54599","Ragonvalia","Norte de Santander",997,"VOTOS NULOS","Presidencia 2da vuelta",11,8812,"#808080","VOTOS NULOS"
"3789",2022,13,0,25,"54599","Ragonvalia","Norte de Santander",998,"VOTOS NO MARCADOS","Presidencia 2da vuelta",6,8812,"#dddddd","OTROS"
"3790",2022,13,0,25,"54660","Salazar","Norte de Santander",1076,"LIGA DE GOBERNANTES ANTICORRUPCION","Presidencia 2da vuelta",4829,6373,"#f07605","LIGA DE GOBERNANTES ANTICORRUPCION"
"3791",2022,13,0,25,"54660","Salazar","Norte de Santander",1235,"COALICION PACTO HISTORICO","Presidencia 2da vuelta",464,6373,"#1b3383","COALICION PACTO HISTORICO"
"3792",2022,13,0,25,"54660","Salazar","Norte de Santander",996,"VOTOS EN BLANCO","Presidencia 2da vuelta",32,6373,"#dddddd","OTROS"
"3793",2022,13,0,25,"54660","Salazar","Norte de Santander",997,"VOTOS NULOS","Presidencia 2da vuelta",31,6373,"#808080","VOTOS NULOS"
"3794",2022,13,0,25,"54660","Salazar","Norte de Santander",998,"VOTOS NO MARCADOS","Presidencia 2da vuelta",2,6373,"#dddddd","OTROS"
"3795",2022,13,0,25,"54670","San Calixto","Norte de Santander",1235,"COALICION PACTO HISTORICO","Presidencia 2da vuelta",4037,3095,"#1b3383","COALICION PACTO HISTORICO"
"3796",2022,13,0,25,"54670","San Calixto","Norte de Santander",1076,"LIGA DE GOBERNANTES ANTICORRUPCION","Presidencia 2da vuelta",345,3095,"#f07605","LIGA DE GOBERNANTES ANTICORRUPCION"
"3797",2022,13,0,25,"54670","San Calixto","Norte de Santander",997,"VOTOS NULOS","Presidencia 2da vuelta",46,3095,"#808080","VOTOS NULOS"
"3798",2022,13,0,25,"54670","San Calixto","Norte de Santander",996,"VOTOS EN BLANCO","Presidencia 2da vuelta",29,3095,"#dddddd","OTROS"
"3799",2022,13,0,25,"54670","San Calixto","Norte de Santander",998,"VOTOS NO MARCADOS","Presidencia 2da vuelta",1,348,"#dddddd","OTROS"
"3800",2022,13,0,25,"54673","San Cayetano","Norte de Santander",1076,"LIGA DE GOBERNANTES ANTICORRUPCION","Presidencia 2da vuelta",3803,6942,"#f07605","LIGA DE GOBERNANTES ANTICORRUPCION"
"3801",2022,13,0,25,"54673","San Cayetano","Norte de Santander",1235,"COALICION PACTO HISTORICO","Presidencia 2da vuelta",583,6942,"#1b3383","COALICION PACTO HISTORICO"
"3802",2022,13,0,25,"54673","San Cayetano","Norte de Santander",996,"VOTOS EN BLANCO","Presidencia 2da vuelta",35,6942,"#dddddd","OTROS"
"3803",2022,13,0,25,"54673","San Cayetano","Norte de Santander",997,"VOTOS NULOS","Presidencia 2da vuelta",21,6942,"#808080","VOTOS NULOS"
"3804",2022,13,0,25,"54673","San Cayetano","Norte de Santander",998,"VOTOS NO MARCADOS","Presidencia 2da vuelta",4,6942,"#dddddd","OTROS"
"3805",2022,13,0,25,"54680","Santiago","Norte de Santander",1076,"LIGA DE GOBERNANTES ANTICORRUPCION","Presidencia 2da vuelta",1702,4583,"#f07605","LIGA DE GOBERNANTES ANTICORRUPCION"
"3806",2022,13,0,25,"54680","Santiago","Norte de Santander",1235,"COALICION PACTO HISTORICO","Presidencia 2da vuelta",278,4583,"#1b3383","COALICION PACTO HISTORICO"
"3807",2022,13,0,25,"54680","Santiago","Norte de Santander",996,"VOTOS EN BLANCO","Presidencia 2da vuelta",17,4583,"#dddddd","OTROS"
"3808",2022,13,0,25,"54680","Santiago","Norte de Santander",997,"VOTOS NULOS","Presidencia 2da vuelta",13,4583,"#808080","VOTOS NULOS"
"3809",2022,13,0,25,"54680","Santiago","Norte de Santander",998,"VOTOS NO MARCADOS","Presidencia 2da vuelta",5,4583,"#dddddd","OTROS"
"3810",2022,13,0,25,"54720","Sardinata","Norte de Santander",1076,"LIGA DE GOBERNANTES ANTICORRUPCION","Presidencia 2da vuelta",9177,13210,"#f07605","LIGA DE GOBERNANTES ANTICORRUPCION"
"3811",2022,13,0,25,"54720","Sardinata","Norte de Santander",1235,"COALICION PACTO HISTORICO","Presidencia 2da vuelta",1032,13210,"#1b3383","COALICION PACTO HISTORICO"
"3812",2022,13,0,25,"54720","Sardinata","Norte de Santander",996,"VOTOS EN BLANCO","Presidencia 2da vuelta",82,13210,"#dddddd","OTROS"
"3813",2022,13,0,25,"54720","Sardinata","Norte de Santander",997,"VOTOS NULOS","Presidencia 2da vuelta",76,13210,"#808080","VOTOS NULOS"
"3814",2022,13,0,25,"54720","Sardinata","Norte de Santander",998,"VOTOS NO MARCADOS","Presidencia 2da vuelta",11,13210,"#dddddd","OTROS"
"3815",2022,13,0,25,"54743","Silos","Norte de Santander",1076,"LIGA DE GOBERNANTES ANTICORRUPCION","Presidencia 2da vuelta",3040,2533,"#f07605","LIGA DE GOBERNANTES ANTICORRUPCION"
"3816",2022,13,0,25,"54743","Silos","Norte de Santander",1235,"COALICION PACTO HISTORICO","Presidencia 2da vuelta",110,2533,"#1b3383","COALICION PACTO HISTORICO"
"3817",2022,13,0,25,"54743","Silos","Norte de Santander",996,"VOTOS EN BLANCO","Presidencia 2da vuelta",25,2533,"#dddddd","OTROS"
"3818",2022,13,0,25,"54743","Silos","Norte de Santander",997,"VOTOS NULOS","Presidencia 2da vuelta",8,2533,"#808080","VOTOS NULOS"
"3819",2022,13,0,25,"54743","Silos","Norte de Santander",998,"VOTOS NO MARCADOS","Presidencia 2da vuelta",4,2533,"#dddddd","OTROS"
"3820",2022,13,0,25,"54800","Teorama","Norte de Santander",1235,"COALICION PACTO HISTORICO","Presidencia 2da vuelta",5576,3365,"#1b3383","COALICION PACTO HISTORICO"
"3821",2022,13,0,25,"54800","Teorama","Norte de Santander",1076,"LIGA DE GOBERNANTES ANTICORRUPCION","Presidencia 2da vuelta",811,3365,"#f07605","LIGA DE GOBERNANTES ANTICORRUPCION"
"3822",2022,13,0,25,"54800","Teorama","Norte de Santander",996,"VOTOS EN BLANCO","Presidencia 2da vuelta",66,3365,"#dddddd","OTROS"
"3823",2022,13,0,25,"54800","Teorama","Norte de Santander",997,"VOTOS NULOS","Presidencia 2da vuelta",38,3365,"#808080","VOTOS NULOS"
"3824",2022,13,0,25,"54800","Teorama","Norte de Santander",998,"VOTOS NO MARCADOS","Presidencia 2da vuelta",4,3365,"#dddddd","OTROS"
"3825",2022,13,0,25,"54810","Tibú","Norte de Santander",1076,"LIGA DE GOBERNANTES ANTICORRUPCION","Presidencia 2da vuelta",11428,10304,"#f07605","LIGA DE GOBERNANTES ANTICORRUPCION"
"3826",2022,13,0,25,"54810","Tibú","Norte de Santander",1235,"COALICION PACTO HISTORICO","Presidencia 2da vuelta",8394,10304,"#1b3383","COALICION PACTO HISTORICO"
"3827",2022,13,0,25,"54810","Tibú","Norte de Santander",996,"VOTOS EN BLANCO","Presidencia 2da vuelta",284,10304,"#dddddd","OTROS"
"3828",2022,13,0,25,"54810","Tibú","Norte de Santander",997,"VOTOS NULOS","Presidencia 2da vuelta",173,10304,"#808080","VOTOS NULOS"
"3829",2022,13,0,25,"54810","Tibú","Norte de Santander",998,"VOTOS NO MARCADOS","Presidencia 2da vuelta",30,10304,"#dddddd","OTROS"
"3830",2022,13,0,25,"54820","Toledo","Norte de Santander",1076,"LIGA DE GOBERNANTES ANTICORRUPCION","Presidencia 2da vuelta",6706,8268,"#f07605","LIGA DE GOBERNANTES ANTICORRUPCION"
"3831",2022,13,0,25,"54820","Toledo","Norte de Santander",1235,"COALICION PACTO HISTORICO","Presidencia 2da vuelta",798,8268,"#1b3383","COALICION PACTO HISTORICO"
"3832",2022,13,0,25,"54820","Toledo","Norte de Santander",996,"VOTOS EN BLANCO","Presidencia 2da vuelta",80,8268,"#dddddd","OTROS"
"3833",2022,13,0,25,"54820","Toledo","Norte de Santander",997,"VOTOS NULOS","Presidencia 2da vuelta",59,8268,"#808080","VOTOS NULOS"
"3834",2022,13,0,25,"54820","Toledo","Norte de Santander",998,"VOTOS NO MARCADOS","Presidencia 2da vuelta",11,8268,"#dddddd","OTROS"
"3835",2022,13,0,25,"54871","Villa Caro","Norte de Santander",1076,"LIGA DE GOBERNANTES ANTICORRUPCION","Presidencia 2da vuelta",2161,3630,"#f07605","LIGA DE GOBERNANTES ANTICORRUPCION"
"3836",2022,13,0,25,"54871","Villa Caro","Norte de Santander",1235,"COALICION PACTO HISTORICO","Presidencia 2da vuelta",216,3630,"#1b3383","COALICION PACTO HISTORICO"
"3837",2022,13,0,25,"54871","Villa Caro","Norte de Santander",996,"VOTOS EN BLANCO","Presidencia 2da vuelta",36,3630,"#dddddd","OTROS"
"3838",2022,13,0,25,"54871","Villa Caro","Norte de Santander",997,"VOTOS NULOS","Presidencia 2da vuelta",8,3630,"#808080","VOTOS NULOS"
"3839",2022,13,0,25,"54871","Villa Caro","Norte de Santander",998,"VOTOS NO MARCADOS","Presidencia 2da vuelta",1,3630,"#dddddd","OTROS"
"3840",2022,13,0,25,"54874","Villa del Rosario","Norte de Santander",1076,"LIGA DE GOBERNANTES ANTICORRUPCION","Presidencia 2da vuelta",39105,10426,"#f07605","LIGA DE GOBERNANTES ANTICORRUPCION"
"3841",2022,13,0,25,"54874","Villa del Rosario","Norte de Santander",1235,"COALICION PACTO HISTORICO","Presidencia 2da vuelta",5625,10426,"#1b3383","COALICION PACTO HISTORICO"
"3842",2022,13,0,25,"54874","Villa del Rosario","Norte de Santander",996,"VOTOS EN BLANCO","Presidencia 2da vuelta",449,10426,"#dddddd","OTROS"
"3843",2022,13,0,25,"54874","Villa del Rosario","Norte de Santander",997,"VOTOS NULOS","Presidencia 2da vuelta",260,10426,"#808080","VOTOS NULOS"
"3844",2022,13,0,25,"54874","Villa del Rosario","Norte de Santander",998,"VOTOS NO MARCADOS","Presidencia 2da vuelta",19,10426,"#dddddd","OTROS"
"3845",2022,13,0,26,"63001","Armenia","Quindío",1076,"LIGA DE GOBERNANTES ANTICORRUPCION","Presidencia 2da vuelta",84238,8077,"#f07605","LIGA DE GOBERNANTES ANTICORRUPCION"
"3846",2022,13,0,26,"63001","Armenia","Quindío",1235,"COALICION PACTO HISTORICO","Presidencia 2da vuelta",65371,8077,"#1b3383","COALICION PACTO HISTORICO"
"3847",2022,13,0,26,"63001","Armenia","Quindío",996,"VOTOS EN BLANCO","Presidencia 2da vuelta",4865,8077,"#dddddd","OTROS"
"3848",2022,13,0,26,"63001","Armenia","Quindío",997,"VOTOS NULOS","Presidencia 2da vuelta",2524,8077,"#808080","VOTOS NULOS"
"3849",2022,13,0,26,"63001","Armenia","Quindío",998,"VOTOS NO MARCADOS","Presidencia 2da vuelta",141,8077,"#dddddd","OTROS"
"3850",2022,13,0,26,"63111","Buenavista","Quindío",1076,"LIGA DE GOBERNANTES ANTICORRUPCION","Presidencia 2da vuelta",924,2447,"#f07605","LIGA DE GOBERNANTES ANTICORRUPCION"
"3851",2022,13,0,26,"63111","Buenavista","Quindío",1235,"COALICION PACTO HISTORICO","Presidencia 2da vuelta",566,2447,"#1b3383","COALICION PACTO HISTORICO"
"3852",2022,13,0,26,"63111","Buenavista","Quindío",997,"VOTOS NULOS","Presidencia 2da vuelta",28,2447,"#808080","VOTOS NULOS"
"3853",2022,13,0,26,"63111","Buenavista","Quindío",996,"VOTOS EN BLANCO","Presidencia 2da vuelta",25,2447,"#dddddd","OTROS"
"3854",2022,13,0,26,"63111","Buenavista","Quindío",998,"VOTOS NO MARCADOS","Presidencia 2da vuelta",4,2447,"#dddddd","OTROS"
"3855",2022,13,0,26,"63130","Calarcá","Quindío",1076,"LIGA DE GOBERNANTES ANTICORRUPCION","Presidencia 2da vuelta",20340,6858,"#f07605","LIGA DE GOBERNANTES ANTICORRUPCION"
"3856",2022,13,0,26,"63130","Calarcá","Quindío",1235,"COALICION PACTO HISTORICO","Presidencia 2da vuelta",14177,6858,"#1b3383","COALICION PACTO HISTORICO"
"3857",2022,13,0,26,"63130","Calarcá","Quindío",996,"VOTOS EN BLANCO","Presidencia 2da vuelta",1104,6858,"#dddddd","OTROS"
"3858",2022,13,0,26,"63130","Calarcá","Quindío",997,"VOTOS NULOS","Presidencia 2da vuelta",844,6858,"#808080","VOTOS NULOS"
"3859",2022,13,0,26,"63130","Calarcá","Quindío",998,"VOTOS NO MARCADOS","Presidencia 2da vuelta",50,6858,"#dddddd","OTROS"
"3860",2022,13,0,26,"63190","Circasia","Quindío",1076,"LIGA DE GOBERNANTES ANTICORRUPCION","Presidencia 2da vuelta",8328,6469,"#f07605","LIGA DE GOBERNANTES ANTICORRUPCION"
"3861",2022,13,0,26,"63190","Circasia","Quindío",1235,"COALICION PACTO HISTORICO","Presidencia 2da vuelta",5510,6469,"#1b3383","COALICION PACTO HISTORICO"
"3862",2022,13,0,26,"63190","Circasia","Quindío",996,"VOTOS EN BLANCO","Presidencia 2da vuelta",422,6469,"#dddddd","OTROS"
"3863",2022,13,0,26,"63190","Circasia","Quindío",997,"VOTOS NULOS","Presidencia 2da vuelta",330,6469,"#808080","VOTOS NULOS"
"3864",2022,13,0,26,"63190","Circasia","Quindío",998,"VOTOS NO MARCADOS","Presidencia 2da vuelta",23,6469,"#dddddd","OTROS"
"3865",2022,13,0,26,"63212","Córdoba","Quindío",1076,"LIGA DE GOBERNANTES ANTICORRUPCION","Presidencia 2da vuelta",1593,5556,"#f07605","LIGA DE GOBERNANTES ANTICORRUPCION"
"3866",2022,13,0,26,"63212","Córdoba","Quindío",1235,"COALICION PACTO HISTORICO","Presidencia 2da vuelta",1242,5556,"#1b3383","COALICION PACTO HISTORICO"
"3867",2022,13,0,26,"63212","Córdoba","Quindío",997,"VOTOS NULOS","Presidencia 2da vuelta",71,5556,"#808080","VOTOS NULOS"
"3868",2022,13,0,26,"63212","Córdoba","Quindío",996,"VOTOS EN BLANCO","Presidencia 2da vuelta",64,5556,"#dddddd","OTROS"
"3869",2022,13,0,26,"63212","Córdoba","Quindío",998,"VOTOS NO MARCADOS","Presidencia 2da vuelta",5,5556,"#dddddd","OTROS"
"3870",2022,13,0,26,"63272","Filandia","Quindío",1076,"LIGA DE GOBERNANTES ANTICORRUPCION","Presidencia 2da vuelta",3623,9708,"#f07605","LIGA DE GOBERNANTES ANTICORRUPCION"
"3871",2022,13,0,26,"63272","Filandia","Quindío",1235,"COALICION PACTO HISTORICO","Presidencia 2da vuelta",1880,9708,"#1b3383","COALICION PACTO HISTORICO"
"3872",2022,13,0,26,"63272","Filandia","Quindío",996,"VOTOS EN BLANCO","Presidencia 2da vuelta",187,9708,"#dddddd","OTROS"
"3873",2022,13,0,26,"63272","Filandia","Quindío",997,"VOTOS NULOS","Presidencia 2da vuelta",130,9708,"#808080","VOTOS NULOS"
"3874",2022,13,0,26,"63272","Filandia","Quindío",998,"VOTOS NO MARCADOS","Presidencia 2da vuelta",15,9708,"#dddddd","OTROS"
"3875",2022,13,0,26,"63302","Génova","Quindío",1076,"LIGA DE GOBERNANTES ANTICORRUPCION","Presidencia 2da vuelta",2575,7302,"#f07605","LIGA DE GOBERNANTES ANTICORRUPCION"
"3876",2022,13,0,26,"63302","Génova","Quindío",1235,"COALICION PACTO HISTORICO","Presidencia 2da vuelta",1332,7302,"#1b3383","COALICION PACTO HISTORICO"
"3877",2022,13,0,26,"63302","Génova","Quindío",997,"VOTOS NULOS","Presidencia 2da vuelta",83,7302,"#808080","VOTOS NULOS"
"3878",2022,13,0,26,"63302","Génova","Quindío",996,"VOTOS EN BLANCO","Presidencia 2da vuelta",61,7302,"#dddddd","OTROS"
"3879",2022,13,0,26,"63302","Génova","Quindío",998,"VOTOS NO MARCADOS","Presidencia 2da vuelta",14,7302,"#dddddd","OTROS"
"3880",2022,13,0,26,"63401","La Tebaida","Quindío",1076,"LIGA DE GOBERNANTES ANTICORRUPCION","Presidencia 2da vuelta",8104,8350,"#f07605","LIGA DE GOBERNANTES ANTICORRUPCION"
"3881",2022,13,0,26,"63401","La Tebaida","Quindío",1235,"COALICION PACTO HISTORICO","Presidencia 2da vuelta",7578,8350,"#1b3383","COALICION PACTO HISTORICO"
"3882",2022,13,0,26,"63401","La Tebaida","Quindío",997,"VOTOS NULOS","Presidencia 2da vuelta",602,8350,"#808080","VOTOS NULOS"
"3883",2022,13,0,26,"63401","La Tebaida","Quindío",996,"VOTOS EN BLANCO","Presidencia 2da vuelta",431,8350,"#dddddd","OTROS"
"3884",2022,13,0,26,"63401","La Tebaida","Quindío",998,"VOTOS NO MARCADOS","Presidencia 2da vuelta",42,8350,"#dddddd","OTROS"
"3885",2022,13,0,26,"63470","Montenegro","Quindío",1076,"LIGA DE GOBERNANTES ANTICORRUPCION","Presidencia 2da vuelta",10462,4678,"#f07605","LIGA DE GOBERNANTES ANTICORRUPCION"
"3886",2022,13,0,26,"63470","Montenegro","Quindío",1235,"COALICION PACTO HISTORICO","Presidencia 2da vuelta",6763,4678,"#1b3383","COALICION PACTO HISTORICO"
"3887",2022,13,0,26,"63470","Montenegro","Quindío",997,"VOTOS NULOS","Presidencia 2da vuelta",659,4678,"#808080","VOTOS NULOS"
"3888",2022,13,0,26,"63470","Montenegro","Quindío",996,"VOTOS EN BLANCO","Presidencia 2da vuelta",514,4678,"#dddddd","OTROS"
"3889",2022,13,0,26,"63470","Montenegro","Quindío",998,"VOTOS NO MARCADOS","Presidencia 2da vuelta",37,4678,"#dddddd","OTROS"
"3890",2022,13,0,26,"63548","Pijao","Quindío",1076,"LIGA DE GOBERNANTES ANTICORRUPCION","Presidencia 2da vuelta",1937,5415,"#f07605","LIGA DE GOBERNANTES ANTICORRUPCION"
"3891",2022,13,0,26,"63548","Pijao","Quindío",1235,"COALICION PACTO HISTORICO","Presidencia 2da vuelta",1037,5415,"#1b3383","COALICION PACTO HISTORICO"
"3892",2022,13,0,26,"63548","Pijao","Quindío",996,"VOTOS EN BLANCO","Presidencia 2da vuelta",69,5415,"#dddddd","OTROS"
"3893",2022,13,0,26,"63548","Pijao","Quindío",997,"VOTOS NULOS","Presidencia 2da vuelta",63,5415,"#808080","VOTOS NULOS"
"3894",2022,13,0,26,"63548","Pijao","Quindío",998,"VOTOS NO MARCADOS","Presidencia 2da vuelta",10,5415,"#dddddd","OTROS"
"3895",2022,13,0,26,"63594","Quimbaya","Quindío",1076,"LIGA DE GOBERNANTES ANTICORRUPCION","Presidencia 2da vuelta",8312,5860,"#f07605","LIGA DE GOBERNANTES ANTICORRUPCION"
"3896",2022,13,0,26,"63594","Quimbaya","Quindío",1235,"COALICION PACTO HISTORICO","Presidencia 2da vuelta",6871,5860,"#1b3383","COALICION PACTO HISTORICO"
"3897",2022,13,0,26,"63594","Quimbaya","Quindío",996,"VOTOS EN BLANCO","Presidencia 2da vuelta",464,5860,"#dddddd","OTROS"
"3898",2022,13,0,26,"63594","Quimbaya","Quindío",997,"VOTOS NULOS","Presidencia 2da vuelta",430,5860,"#808080","VOTOS NULOS"
"3899",2022,13,0,26,"63594","Quimbaya","Quindío",998,"VOTOS NO MARCADOS","Presidencia 2da vuelta",44,5860,"#dddddd","OTROS"
"3900",2022,13,0,26,"63690","Salento","Quindío",1076,"LIGA DE GOBERNANTES ANTICORRUPCION","Presidencia 2da vuelta",2246,5375,"#f07605","LIGA DE GOBERNANTES ANTICORRUPCION"
"3901",2022,13,0,26,"63690","Salento","Quindío",1235,"COALICION PACTO HISTORICO","Presidencia 2da vuelta",1214,5375,"#1b3383","COALICION PACTO HISTORICO"
"3902",2022,13,0,26,"63690","Salento","Quindío",996,"VOTOS EN BLANCO","Presidencia 2da vuelta",110,5375,"#dddddd","OTROS"
"3903",2022,13,0,26,"63690","Salento","Quindío",997,"VOTOS NULOS","Presidencia 2da vuelta",64,5375,"#808080","VOTOS NULOS"
"3904",2022,13,0,26,"63690","Salento","Quindío",998,"VOTOS NO MARCADOS","Presidencia 2da vuelta",3,5375,"#dddddd","OTROS"
"3905",2022,13,0,27,"68001","Bucaramanga","Santander",1076,"LIGA DE GOBERNANTES ANTICORRUPCION","Presidencia 2da vuelta",252464,8538,"#f07605","LIGA DE GOBERNANTES ANTICORRUPCION"
"3906",2022,13,0,27,"68001","Bucaramanga","Santander",1235,"COALICION PACTO HISTORICO","Presidencia 2da vuelta",86226,8538,"#1b3383","COALICION PACTO HISTORICO"
"3907",2022,13,0,27,"68001","Bucaramanga","Santander",996,"VOTOS EN BLANCO","Presidencia 2da vuelta",3894,8538,"#dddddd","OTROS"
"3908",2022,13,0,27,"68001","Bucaramanga","Santander",997,"VOTOS NULOS","Presidencia 2da vuelta",1370,8538,"#808080","VOTOS NULOS"
"3909",2022,13,0,27,"68001","Bucaramanga","Santander",998,"VOTOS NO MARCADOS","Presidencia 2da vuelta",93,8538,"#dddddd","OTROS"
"3910",2022,13,0,27,"68013","Aguada","Santander",1076,"LIGA DE GOBERNANTES ANTICORRUPCION","Presidencia 2da vuelta",825,1517,"#f07605","LIGA DE GOBERNANTES ANTICORRUPCION"
"3911",2022,13,0,27,"68013","Aguada","Santander",1235,"COALICION PACTO HISTORICO","Presidencia 2da vuelta",96,1517,"#1b3383","COALICION PACTO HISTORICO"
"3912",2022,13,0,27,"68013","Aguada","Santander",996,"VOTOS EN BLANCO","Presidencia 2da vuelta",11,1517,"#dddddd","OTROS"
"3913",2022,13,0,27,"68013","Aguada","Santander",997,"VOTOS NULOS","Presidencia 2da vuelta",4,1517,"#808080","VOTOS NULOS"
"3914",2022,13,0,27,"68020","Albania","Santander",1076,"LIGA DE GOBERNANTES ANTICORRUPCION","Presidencia 2da vuelta",1610,1463,"#f07605","LIGA DE GOBERNANTES ANTICORRUPCION"
"3915",2022,13,0,27,"68020","Albania","Santander",1235,"COALICION PACTO HISTORICO","Presidencia 2da vuelta",404,1463,"#1b3383","COALICION PACTO HISTORICO"
"3916",2022,13,0,27,"68020","Albania","Santander",997,"VOTOS NULOS","Presidencia 2da vuelta",14,1463,"#808080","VOTOS NULOS"
"3917",2022,13,0,27,"68020","Albania","Santander",996,"VOTOS EN BLANCO","Presidencia 2da vuelta",12,1463,"#dddddd","OTROS"
"3918",2022,13,0,27,"68020","Albania","Santander",998,"VOTOS NO MARCADOS","Presidencia 2da vuelta",8,1463,"#dddddd","OTROS"
"3919",2022,13,0,27,"68051","Aratoca","Santander",1076,"LIGA DE GOBERNANTES ANTICORRUPCION","Presidencia 2da vuelta",4166,6898,"#f07605","LIGA DE GOBERNANTES ANTICORRUPCION"
"3920",2022,13,0,27,"68051","Aratoca","Santander",1235,"COALICION PACTO HISTORICO","Presidencia 2da vuelta",559,6898,"#1b3383","COALICION PACTO HISTORICO"
"3921",2022,13,0,27,"68051","Aratoca","Santander",996,"VOTOS EN BLANCO","Presidencia 2da vuelta",43,6898,"#dddddd","OTROS"
"3922",2022,13,0,27,"68051","Aratoca","Santander",997,"VOTOS NULOS","Presidencia 2da vuelta",26,6898,"#808080","VOTOS NULOS"
"3923",2022,13,0,27,"68051","Aratoca","Santander",998,"VOTOS NO MARCADOS","Presidencia 2da vuelta",5,6898,"#dddddd","OTROS"
"3924",2022,13,0,27,"68077","Barbosa","Santander",1076,"LIGA DE GOBERNANTES ANTICORRUPCION","Presidencia 2da vuelta",11534,5529,"#f07605","LIGA DE GOBERNANTES ANTICORRUPCION"
"3925",2022,13,0,27,"68077","Barbosa","Santander",1235,"COALICION PACTO HISTORICO","Presidencia 2da vuelta",5353,5529,"#1b3383","COALICION PACTO HISTORICO"
"3926",2022,13,0,27,"68077","Barbosa","Santander",996,"VOTOS EN BLANCO","Presidencia 2da vuelta",171,5529,"#dddddd","OTROS"
"3927",2022,13,0,27,"68077","Barbosa","Santander",997,"VOTOS NULOS","Presidencia 2da vuelta",116,5529,"#808080","VOTOS NULOS"
"3928",2022,13,0,27,"68077","Barbosa","Santander",998,"VOTOS NO MARCADOS","Presidencia 2da vuelta",6,5529,"#dddddd","OTROS"
"3929",2022,13,0,27,"68079","Barichara","Santander",1076,"LIGA DE GOBERNANTES ANTICORRUPCION","Presidencia 2da vuelta",4047,7162,"#f07605","LIGA DE GOBERNANTES ANTICORRUPCION"
"3930",2022,13,0,27,"68079","Barichara","Santander",1235,"COALICION PACTO HISTORICO","Presidencia 2da vuelta",1023,7162,"#1b3383","COALICION PACTO HISTORICO"
"3931",2022,13,0,27,"68079","Barichara","Santander",996,"VOTOS EN BLANCO","Presidencia 2da vuelta",62,7162,"#dddddd","OTROS"
"3932",2022,13,0,27,"68079","Barichara","Santander",997,"VOTOS NULOS","Presidencia 2da vuelta",15,7162,"#808080","VOTOS NULOS"
"3933",2022,13,0,27,"68079","Barichara","Santander",998,"VOTOS NO MARCADOS","Presidencia 2da vuelta",3,7162,"#dddddd","OTROS"
"3934",2022,13,0,27,"68081","Barrancabermeja","Santander",1235,"COALICION PACTO HISTORICO","Presidencia 2da vuelta",70754,4588,"#1b3383","COALICION PACTO HISTORICO"
"3935",2022,13,0,27,"68081","Barrancabermeja","Santander",1076,"LIGA DE GOBERNANTES ANTICORRUPCION","Presidencia 2da vuelta",45868,4588,"#f07605","LIGA DE GOBERNANTES ANTICORRUPCION"
"3936",2022,13,0,27,"68081","Barrancabermeja","Santander",996,"VOTOS EN BLANCO","Presidencia 2da vuelta",1881,4588,"#dddddd","OTROS"
"3937",2022,13,0,27,"68081","Barrancabermeja","Santander",997,"VOTOS NULOS","Presidencia 2da vuelta",1548,4588,"#808080","VOTOS NULOS"
"3938",2022,13,0,27,"68081","Barrancabermeja","Santander",998,"VOTOS NO MARCADOS","Presidencia 2da vuelta",78,5412,"#dddddd","OTROS"
"3939",2022,13,0,27,"68092","Betulia","Santander",1076,"LIGA DE GOBERNANTES ANTICORRUPCION","Presidencia 2da vuelta",2376,2007,"#f07605","LIGA DE GOBERNANTES ANTICORRUPCION"
"3940",2022,13,0,27,"68092","Betulia","Santander",1235,"COALICION PACTO HISTORICO","Presidencia 2da vuelta",356,2007,"#1b3383","COALICION PACTO HISTORICO"
"3941",2022,13,0,27,"68092","Betulia","Santander",997,"VOTOS NULOS","Presidencia 2da vuelta",16,2007,"#808080","VOTOS NULOS"
"3942",2022,13,0,27,"68092","Betulia","Santander",996,"VOTOS EN BLANCO","Presidencia 2da vuelta",13,2007,"#dddddd","OTROS"
"3943",2022,13,0,27,"68092","Betulia","Santander",998,"VOTOS NO MARCADOS","Presidencia 2da vuelta",1,2007,"#dddddd","OTROS"
"3944",2022,13,0,27,"68101","Bolívar","Santander",1076,"LIGA DE GOBERNANTES ANTICORRUPCION","Presidencia 2da vuelta",3458,4559,"#f07605","LIGA DE GOBERNANTES ANTICORRUPCION"
"3945",2022,13,0,27,"68101","Bolívar","Santander",1235,"COALICION PACTO HISTORICO","Presidencia 2da vuelta",1235,4559,"#1b3383","COALICION PACTO HISTORICO"
"3946",2022,13,0,27,"68101","Bolívar","Santander",997,"VOTOS NULOS","Presidencia 2da vuelta",49,4559,"#808080","VOTOS NULOS"
"3947",2022,13,0,27,"68101","Bolívar","Santander",996,"VOTOS EN BLANCO","Presidencia 2da vuelta",37,4559,"#dddddd","OTROS"
"3948",2022,13,0,27,"68101","Bolívar","Santander",998,"VOTOS NO MARCADOS","Presidencia 2da vuelta",10,4559,"#dddddd","OTROS"
"3949",2022,13,0,27,"68121","Cabrera","Santander",1076,"LIGA DE GOBERNANTES ANTICORRUPCION","Presidencia 2da vuelta",1186,1774,"#f07605","LIGA DE GOBERNANTES ANTICORRUPCION"
"3950",2022,13,0,27,"68121","Cabrera","Santander",1235,"COALICION PACTO HISTORICO","Presidencia 2da vuelta",80,1774,"#1b3383","COALICION PACTO HISTORICO"
"3951",2022,13,0,27,"68121","Cabrera","Santander",996,"VOTOS EN BLANCO","Presidencia 2da vuelta",8,1774,"#dddddd","OTROS"
"3952",2022,13,0,27,"68121","Cabrera","Santander",997,"VOTOS NULOS","Presidencia 2da vuelta",3,1774,"#808080","VOTOS NULOS"
"3953",2022,13,0,27,"68121","Cabrera","Santander",998,"VOTOS NO MARCADOS","Presidencia 2da vuelta",1,1774,"#dddddd","OTROS"
"3954",2022,13,0,27,"68132","California","Santander",1076,"LIGA DE GOBERNANTES ANTICORRUPCION","Presidencia 2da vuelta",993,1710,"#f07605","LIGA DE GOBERNANTES ANTICORRUPCION"
"3955",2022,13,0,27,"68132","California","Santander",1235,"COALICION PACTO HISTORICO","Presidencia 2da vuelta",116,1710,"#1b3383","COALICION PACTO HISTORICO"
"3956",2022,13,0,27,"68132","California","Santander",996,"VOTOS EN BLANCO","Presidencia 2da vuelta",17,1710,"#dddddd","OTROS"
"3957",2022,13,0,27,"68132","California","Santander",997,"VOTOS NULOS","Presidencia 2da vuelta",2,1710,"#808080","VOTOS NULOS"
"3958",2022,13,0,27,"68132","California","Santander",998,"VOTOS NO MARCADOS","Presidencia 2da vuelta",1,1710,"#dddddd","OTROS"
"3959",2022,13,0,27,"68147","Capitanejo","Santander",1076,"LIGA DE GOBERNANTES ANTICORRUPCION","Presidencia 2da vuelta",2717,5002,"#f07605","LIGA DE GOBERNANTES ANTICORRUPCION"
"3960",2022,13,0,27,"68147","Capitanejo","Santander",1235,"COALICION PACTO HISTORICO","Presidencia 2da vuelta",379,5002,"#1b3383","COALICION PACTO HISTORICO"
"3961",2022,13,0,27,"68147","Capitanejo","Santander",996,"VOTOS EN BLANCO","Presidencia 2da vuelta",27,5002,"#dddddd","OTROS"
"3962",2022,13,0,27,"68147","Capitanejo","Santander",997,"VOTOS NULOS","Presidencia 2da vuelta",14,5002,"#808080","VOTOS NULOS"
"3963",2022,13,0,27,"68147","Capitanejo","Santander",998,"VOTOS NO MARCADOS","Presidencia 2da vuelta",6,5002,"#dddddd","OTROS"
"3964",2022,13,0,27,"68152","Carcasí","Santander",1076,"LIGA DE GOBERNANTES ANTICORRUPCION","Presidencia 2da vuelta",2040,1557,"#f07605","LIGA DE GOBERNANTES ANTICORRUPCION"
"3965",2022,13,0,27,"68152","Carcasí","Santander",1235,"COALICION PACTO HISTORICO","Presidencia 2da vuelta",193,1557,"#1b3383","COALICION PACTO HISTORICO"
"3966",2022,13,0,27,"68152","Carcasí","Santander",996,"VOTOS EN BLANCO","Presidencia 2da vuelta",21,1557,"#dddddd","OTROS"
"3967",2022,13,0,27,"68152","Carcasí","Santander",997,"VOTOS NULOS","Presidencia 2da vuelta",8,1557,"#808080","VOTOS NULOS"
"3968",2022,13,0,27,"68152","Carcasí","Santander",998,"VOTOS NO MARCADOS","Presidencia 2da vuelta",5,478,"#dddddd","OTROS"
"3969",2022,13,0,27,"68160","Cepitá","Santander",1076,"LIGA DE GOBERNANTES ANTICORRUPCION","Presidencia 2da vuelta",1267,1159,"#f07605","LIGA DE GOBERNANTES ANTICORRUPCION"
"3970",2022,13,0,27,"68160","Cepitá","Santander",1235,"COALICION PACTO HISTORICO","Presidencia 2da vuelta",166,1159,"#1b3383","COALICION PACTO HISTORICO"
"3971",2022,13,0,27,"68160","Cepitá","Santander",996,"VOTOS EN BLANCO","Presidencia 2da vuelta",13,1159,"#dddddd","OTROS"
"3972",2022,13,0,27,"68160","Cepitá","Santander",997,"VOTOS NULOS","Presidencia 2da vuelta",1,1159,"#808080","VOTOS NULOS"
"3973",2022,13,0,27,"68162","Cerrito","Santander",1076,"LIGA DE GOBERNANTES ANTICORRUPCION","Presidencia 2da vuelta",2901,5263,"#f07605","LIGA DE GOBERNANTES ANTICORRUPCION"
"3974",2022,13,0,27,"68162","Cerrito","Santander",1235,"COALICION PACTO HISTORICO","Presidencia 2da vuelta",396,5263,"#1b3383","COALICION PACTO HISTORICO"
"3975",2022,13,0,27,"68162","Cerrito","Santander",996,"VOTOS EN BLANCO","Presidencia 2da vuelta",48,5263,"#dddddd","OTROS"
"3976",2022,13,0,27,"68162","Cerrito","Santander",997,"VOTOS NULOS","Presidencia 2da vuelta",22,5263,"#808080","VOTOS NULOS"
"3977",2022,13,0,27,"68162","Cerrito","Santander",998,"VOTOS NO MARCADOS","Presidencia 2da vuelta",4,5263,"#dddddd","OTROS"
"3978",2022,13,0,27,"68167","Charalá","Santander",1076,"LIGA DE GOBERNANTES ANTICORRUPCION","Presidencia 2da vuelta",5146,9403,"#f07605","LIGA DE GOBERNANTES ANTICORRUPCION"
"3979",2022,13,0,27,"68167","Charalá","Santander",1235,"COALICION PACTO HISTORICO","Presidencia 2da vuelta",1226,9403,"#1b3383","COALICION PACTO HISTORICO"
"3980",2022,13,0,27,"68167","Charalá","Santander",996,"VOTOS EN BLANCO","Presidencia 2da vuelta",50,9403,"#dddddd","OTROS"
"3981",2022,13,0,27,"68167","Charalá","Santander",997,"VOTOS NULOS","Presidencia 2da vuelta",35,9403,"#808080","VOTOS NULOS"
"3982",2022,13,0,27,"68167","Charalá","Santander",998,"VOTOS NO MARCADOS","Presidencia 2da vuelta",4,9403,"#dddddd","OTROS"
"3983",2022,13,0,27,"68169","Charta","Santander",1076,"LIGA DE GOBERNANTES ANTICORRUPCION","Presidencia 2da vuelta",2037,2311,"#f07605","LIGA DE GOBERNANTES ANTICORRUPCION"
"3984",2022,13,0,27,"68169","Charta","Santander",1235,"COALICION PACTO HISTORICO","Presidencia 2da vuelta",199,2311,"#1b3383","COALICION PACTO HISTORICO"
"3985",2022,13,0,27,"68169","Charta","Santander",996,"VOTOS EN BLANCO","Presidencia 2da vuelta",10,2311,"#dddddd","OTROS"
"3986",2022,13,0,27,"68169","Charta","Santander",998,"VOTOS NO MARCADOS","Presidencia 2da vuelta",1,2311,"#dddddd","OTROS"
"3987",2022,13,0,27,"68169","Charta","Santander",997,"VOTOS NULOS","Presidencia 2da vuelta",1,239,"#808080","VOTOS NULOS"
"3988",2022,13,0,27,"68176","Chima","Santander",1076,"LIGA DE GOBERNANTES ANTICORRUPCION","Presidencia 2da vuelta",1558,2396,"#f07605","LIGA DE GOBERNANTES ANTICORRUPCION"
"3989",2022,13,0,27,"68176","Chima","Santander",1235,"COALICION PACTO HISTORICO","Presidencia 2da vuelta",144,2396,"#1b3383","COALICION PACTO HISTORICO"
"3990",2022,13,0,27,"68176","Chima","Santander",997,"VOTOS NULOS","Presidencia 2da vuelta",12,2396,"#808080","VOTOS NULOS"
"3991",2022,13,0,27,"68176","Chima","Santander",996,"VOTOS EN BLANCO","Presidencia 2da vuelta",4,2396,"#dddddd","OTROS"
"3992",2022,13,0,27,"68176","Chima","Santander",998,"VOTOS NO MARCADOS","Presidencia 2da vuelta",2,2396,"#dddddd","OTROS"
"3993",2022,13,0,27,"68179","Chipatá","Santander",1076,"LIGA DE GOBERNANTES ANTICORRUPCION","Presidencia 2da vuelta",2050,4279,"#f07605","LIGA DE GOBERNANTES ANTICORRUPCION"
"3994",2022,13,0,27,"68179","Chipatá","Santander",1235,"COALICION PACTO HISTORICO","Presidencia 2da vuelta",574,4279,"#1b3383","COALICION PACTO HISTORICO"
"3995",2022,13,0,27,"68179","Chipatá","Santander",996,"VOTOS EN BLANCO","Presidencia 2da vuelta",34,4279,"#dddddd","OTROS"
"3996",2022,13,0,27,"68179","Chipatá","Santander",997,"VOTOS NULOS","Presidencia 2da vuelta",19,4279,"#808080","VOTOS NULOS"
"3997",2022,13,0,27,"68179","Chipatá","Santander",998,"VOTOS NO MARCADOS","Presidencia 2da vuelta",7,4279,"#dddddd","OTROS"
"3998",2022,13,0,27,"68190","Cimitarra","Santander",1076,"LIGA DE GOBERNANTES ANTICORRUPCION","Presidencia 2da vuelta",10844,5794,"#f07605","LIGA DE GOBERNANTES ANTICORRUPCION"
"3999",2022,13,0,27,"68190","Cimitarra","Santander",1235,"COALICION PACTO HISTORICO","Presidencia 2da vuelta",4016,5794,"#1b3383","COALICION PACTO HISTORICO"
"4000",2022,13,0,27,"68190","Cimitarra","Santander",997,"VOTOS NULOS","Presidencia 2da vuelta",201,5794,"#808080","VOTOS NULOS"
"4001",2022,13,0,27,"68190","Cimitarra","Santander",996,"VOTOS EN BLANCO","Presidencia 2da vuelta",189,5794,"#dddddd","OTROS"
"4002",2022,13,0,27,"68190","Cimitarra","Santander",998,"VOTOS NO MARCADOS","Presidencia 2da vuelta",19,5794,"#dddddd","OTROS"
"4003",2022,13,0,27,"68207","Concepción","Santander",1076,"LIGA DE GOBERNANTES ANTICORRUPCION","Presidencia 2da vuelta",2738,4520,"#f07605","LIGA DE GOBERNANTES ANTICORRUPCION"
"4004",2022,13,0,27,"68207","Concepción","Santander",1235,"COALICION PACTO HISTORICO","Presidencia 2da vuelta",510,4520,"#1b3383","COALICION PACTO HISTORICO"
"4005",2022,13,0,27,"68207","Concepción","Santander",996,"VOTOS EN BLANCO","Presidencia 2da vuelta",24,4520,"#dddddd","OTROS"
"4006",2022,13,0,27,"68207","Concepción","Santander",997,"VOTOS NULOS","Presidencia 2da vuelta",23,4520,"#808080","VOTOS NULOS"
"4007",2022,13,0,27,"68207","Concepción","Santander",998,"VOTOS NO MARCADOS","Presidencia 2da vuelta",3,4520,"#dddddd","OTROS"
"4008",2022,13,0,27,"68209","Confines","Santander",1076,"LIGA DE GOBERNANTES ANTICORRUPCION","Presidencia 2da vuelta",1815,2345,"#f07605","LIGA DE GOBERNANTES ANTICORRUPCION"
"4009",2022,13,0,27,"68209","Confines","Santander",1235,"COALICION PACTO HISTORICO","Presidencia 2da vuelta",137,2345,"#1b3383","COALICION PACTO HISTORICO"
"4010",2022,13,0,27,"68209","Confines","Santander",996,"VOTOS EN BLANCO","Presidencia 2da vuelta",9,2345,"#dddddd","OTROS"
"4011",2022,13,0,27,"68209","Confines","Santander",997,"VOTOS NULOS","Presidencia 2da vuelta",9,2345,"#808080","VOTOS NULOS"
"4012",2022,13,0,27,"68209","Confines","Santander",998,"VOTOS NO MARCADOS","Presidencia 2da vuelta",3,2345,"#dddddd","OTROS"
"4013",2022,13,0,27,"68211","Contratación","Santander",1076,"LIGA DE GOBERNANTES ANTICORRUPCION","Presidencia 2da vuelta",1705,2890,"#f07605","LIGA DE GOBERNANTES ANTICORRUPCION"
"4014",2022,13,0,27,"68211","Contratación","Santander",1235,"COALICION PACTO HISTORICO","Presidencia 2da vuelta",337,2890,"#1b3383","COALICION PACTO HISTORICO"
"4015",2022,13,0,27,"68211","Contratación","Santander",996,"VOTOS EN BLANCO","Presidencia 2da vuelta",18,2890,"#dddddd","OTROS"
"4016",2022,13,0,27,"68211","Contratación","Santander",997,"VOTOS NULOS","Presidencia 2da vuelta",15,2890,"#808080","VOTOS NULOS"
"4017",2022,13,0,27,"68211","Contratación","Santander",998,"VOTOS NO MARCADOS","Presidencia 2da vuelta",3,2890,"#dddddd","OTROS"
"4018",2022,13,0,27,"68217","Coromoro","Santander",1076,"LIGA DE GOBERNANTES ANTICORRUPCION","Presidencia 2da vuelta",2789,2442,"#f07605","LIGA DE GOBERNANTES ANTICORRUPCION"
"4019",2022,13,0,27,"68217","Coromoro","Santander",1235,"COALICION PACTO HISTORICO","Presidencia 2da vuelta",288,2442,"#1b3383","COALICION PACTO HISTORICO"
"4020",2022,13,0,27,"68217","Coromoro","Santander",997,"VOTOS NULOS","Presidencia 2da vuelta",11,2442,"#808080","VOTOS NULOS"
"4021",2022,13,0,27,"68217","Coromoro","Santander",996,"VOTOS EN BLANCO","Presidencia 2da vuelta",9,2442,"#dddddd","OTROS"
"4022",2022,13,0,27,"68217","Coromoro","Santander",998,"VOTOS NO MARCADOS","Presidencia 2da vuelta",6,2442,"#dddddd","OTROS"
"4023",2022,13,0,27,"68229","Curití","Santander",1076,"LIGA DE GOBERNANTES ANTICORRUPCION","Presidencia 2da vuelta",5982,6217,"#f07605","LIGA DE GOBERNANTES ANTICORRUPCION"
"4024",2022,13,0,27,"68229","Curití","Santander",1235,"COALICION PACTO HISTORICO","Presidencia 2da vuelta",1238,6217,"#1b3383","COALICION PACTO HISTORICO"
"4025",2022,13,0,27,"68229","Curití","Santander",996,"VOTOS EN BLANCO","Presidencia 2da vuelta",49,6217,"#dddddd","OTROS"
"4026",2022,13,0,27,"68229","Curití","Santander",997,"VOTOS NULOS","Presidencia 2da vuelta",36,6217,"#808080","VOTOS NULOS"
"4027",2022,13,0,27,"68229","Curití","Santander",998,"VOTOS NO MARCADOS","Presidencia 2da vuelta",4,6217,"#dddddd","OTROS"
"4028",2022,13,0,27,"68235","El Carmen de Chucurí","Santander",1076,"LIGA DE GOBERNANTES ANTICORRUPCION","Presidencia 2da vuelta",7077,5707,"#f07605","LIGA DE GOBERNANTES ANTICORRUPCION"
"4029",2022,13,0,27,"68235","El Carmen de Chucurí","Santander",1235,"COALICION PACTO HISTORICO","Presidencia 2da vuelta",490,5707,"#1b3383","COALICION PACTO HISTORICO"
"4030",2022,13,0,27,"68235","El Carmen de Chucurí","Santander",996,"VOTOS EN BLANCO","Presidencia 2da vuelta",59,5707,"#dddddd","OTROS"
"4031",2022,13,0,27,"68235","El Carmen de Chucurí","Santander",997,"VOTOS NULOS","Presidencia 2da vuelta",33,5707,"#808080","VOTOS NULOS"
"4032",2022,13,0,27,"68235","El Carmen de Chucurí","Santander",998,"VOTOS NO MARCADOS","Presidencia 2da vuelta",2,319,"#dddddd","OTROS"
"4033",2022,13,0,27,"68245","El Guacamayo","Santander",1076,"LIGA DE GOBERNANTES ANTICORRUPCION","Presidencia 2da vuelta",992,1125,"#f07605","LIGA DE GOBERNANTES ANTICORRUPCION"
"4034",2022,13,0,27,"68245","El Guacamayo","Santander",1235,"COALICION PACTO HISTORICO","Presidencia 2da vuelta",60,1125,"#1b3383","COALICION PACTO HISTORICO"
"4035",2022,13,0,27,"68245","El Guacamayo","Santander",996,"VOTOS EN BLANCO","Presidencia 2da vuelta",11,1125,"#dddddd","OTROS"
"4036",2022,13,0,27,"68245","El Guacamayo","Santander",997,"VOTOS NULOS","Presidencia 2da vuelta",4,1125,"#808080","VOTOS NULOS"
"4037",2022,13,0,27,"68250","El Peñón","Santander",1076,"LIGA DE GOBERNANTES ANTICORRUPCION","Presidencia 2da vuelta",1947,1948,"#f07605","LIGA DE GOBERNANTES ANTICORRUPCION"
"4038",2022,13,0,27,"68250","El Peñón","Santander",1235,"COALICION PACTO HISTORICO","Presidencia 2da vuelta",325,1948,"#1b3383","COALICION PACTO HISTORICO"
"4039",2022,13,0,27,"68250","El Peñón","Santander",996,"VOTOS EN BLANCO","Presidencia 2da vuelta",18,1948,"#dddddd","OTROS"
"4040",2022,13,0,27,"68250","El Peñón","Santander",997,"VOTOS NULOS","Presidencia 2da vuelta",11,1948,"#808080","VOTOS NULOS"
"4041",2022,13,0,27,"68250","El Peñón","Santander",998,"VOTOS NO MARCADOS","Presidencia 2da vuelta",5,1948,"#dddddd","OTROS"
"4042",2022,13,0,27,"68255","El Playón","Santander",1076,"LIGA DE GOBERNANTES ANTICORRUPCION","Presidencia 2da vuelta",6267,8847,"#f07605","LIGA DE GOBERNANTES ANTICORRUPCION"
"4043",2022,13,0,27,"68255","El Playón","Santander",1235,"COALICION PACTO HISTORICO","Presidencia 2da vuelta",885,8847,"#1b3383","COALICION PACTO HISTORICO"
"4044",2022,13,0,27,"68255","El Playón","Santander",996,"VOTOS EN BLANCO","Presidencia 2da vuelta",61,8847,"#dddddd","OTROS"
"4045",2022,13,0,27,"68255","El Playón","Santander",997,"VOTOS NULOS","Presidencia 2da vuelta",47,8847,"#808080","VOTOS NULOS"
"4046",2022,13,0,27,"68255","El Playón","Santander",998,"VOTOS NO MARCADOS","Presidencia 2da vuelta",5,8847,"#dddddd","OTROS"
"4047",2022,13,0,27,"68264","Encino","Santander",1076,"LIGA DE GOBERNANTES ANTICORRUPCION","Presidencia 2da vuelta",1413,1778,"#f07605","LIGA DE GOBERNANTES ANTICORRUPCION"
"4048",2022,13,0,27,"68264","Encino","Santander",1235,"COALICION PACTO HISTORICO","Presidencia 2da vuelta",93,1778,"#1b3383","COALICION PACTO HISTORICO"
"4049",2022,13,0,27,"68264","Encino","Santander",996,"VOTOS EN BLANCO","Presidencia 2da vuelta",3,1778,"#dddddd","OTROS"
"4050",2022,13,0,27,"68264","Encino","Santander",997,"VOTOS NULOS","Presidencia 2da vuelta",1,1778,"#808080","VOTOS NULOS"
"4051",2022,13,0,27,"68264","Encino","Santander",998,"VOTOS NO MARCADOS","Presidencia 2da vuelta",1,374,"#dddddd","OTROS"
"4052",2022,13,0,27,"68266","Enciso","Santander",1076,"LIGA DE GOBERNANTES ANTICORRUPCION","Presidencia 2da vuelta",1884,2566,"#f07605","LIGA DE GOBERNANTES ANTICORRUPCION"
"4053",2022,13,0,27,"68266","Enciso","Santander",1235,"COALICION PACTO HISTORICO","Presidencia 2da vuelta",268,2566,"#1b3383","COALICION PACTO HISTORICO"
"4054",2022,13,0,27,"68266","Enciso","Santander",996,"VOTOS EN BLANCO","Presidencia 2da vuelta",11,2566,"#dddddd","OTROS"
"4055",2022,13,0,27,"68266","Enciso","Santander",997,"VOTOS NULOS","Presidencia 2da vuelta",5,2566,"#808080","VOTOS NULOS"
"4056",2022,13,0,27,"68266","Enciso","Santander",998,"VOTOS NO MARCADOS","Presidencia 2da vuelta",2,2566,"#dddddd","OTROS"
"4057",2022,13,0,27,"68271","Florián","Santander",1076,"LIGA DE GOBERNANTES ANTICORRUPCION","Presidencia 2da vuelta",2469,4506,"#f07605","LIGA DE GOBERNANTES ANTICORRUPCION"
"4058",2022,13,0,27,"68271","Florián","Santander",1235,"COALICION PACTO HISTORICO","Presidencia 2da vuelta",823,4506,"#1b3383","COALICION PACTO HISTORICO"
"4059",2022,13,0,27,"68271","Florián","Santander",996,"VOTOS EN BLANCO","Presidencia 2da vuelta",12,4506,"#dddddd","OTROS"
"4060",2022,13,0,27,"68271","Florián","Santander",997,"VOTOS NULOS","Presidencia 2da vuelta",6,4506,"#808080","VOTOS NULOS"
"4061",2022,13,0,27,"68271","Florián","Santander",998,"VOTOS NO MARCADOS","Presidencia 2da vuelta",1,64,"#dddddd","OTROS"
"4062",2022,13,0,27,"68276","Floridablanca","Santander",1076,"LIGA DE GOBERNANTES ANTICORRUPCION","Presidencia 2da vuelta",112341,16230,"#f07605","LIGA DE GOBERNANTES ANTICORRUPCION"
"4063",2022,13,0,27,"68276","Floridablanca","Santander",1235,"COALICION PACTO HISTORICO","Presidencia 2da vuelta",37614,16230,"#1b3383","COALICION PACTO HISTORICO"
"4064",2022,13,0,27,"68276","Floridablanca","Santander",996,"VOTOS EN BLANCO","Presidencia 2da vuelta",1667,16230,"#dddddd","OTROS"
"4065",2022,13,0,27,"68276","Floridablanca","Santander",997,"VOTOS NULOS","Presidencia 2da vuelta",639,16230,"#808080","VOTOS NULOS"
"4066",2022,13,0,27,"68276","Floridablanca","Santander",998,"VOTOS NO MARCADOS","Presidencia 2da vuelta",38,16230,"#dddddd","OTROS"
"4067",2022,13,0,27,"68296","Galán","Santander",1076,"LIGA DE GOBERNANTES ANTICORRUPCION","Presidencia 2da vuelta",1569,1424,"#f07605","LIGA DE GOBERNANTES ANTICORRUPCION"
"4068",2022,13,0,27,"68296","Galán","Santander",1235,"COALICION PACTO HISTORICO","Presidencia 2da vuelta",180,1424,"#1b3383","COALICION PACTO HISTORICO"
"4069",2022,13,0,27,"68296","Galán","Santander",996,"VOTOS EN BLANCO","Presidencia 2da vuelta",13,1424,"#dddddd","OTROS"
"4070",2022,13,0,27,"68296","Galán","Santander",997,"VOTOS NULOS","Presidencia 2da vuelta",7,1424,"#808080","VOTOS NULOS"
"4071",2022,13,0,27,"68296","Galán","Santander",998,"VOTOS NO MARCADOS","Presidencia 2da vuelta",1,253,"#dddddd","OTROS"
"4072",2022,13,0,27,"68298","Gambita","Santander",1076,"LIGA DE GOBERNANTES ANTICORRUPCION","Presidencia 2da vuelta",2026,2539,"#f07605","LIGA DE GOBERNANTES ANTICORRUPCION"
"4073",2022,13,0,27,"68298","Gambita","Santander",1235,"COALICION PACTO HISTORICO","Presidencia 2da vuelta",209,2539,"#1b3383","COALICION PACTO HISTORICO"
"4074",2022,13,0,27,"68298","Gambita","Santander",996,"VOTOS EN BLANCO","Presidencia 2da vuelta",8,2539,"#dddddd","OTROS"
"4075",2022,13,0,27,"68298","Gambita","Santander",997,"VOTOS NULOS","Presidencia 2da vuelta",8,2539,"#808080","VOTOS NULOS"
"4076",2022,13,0,27,"68298","Gambita","Santander",998,"VOTOS NO MARCADOS","Presidencia 2da vuelta",2,388,"#dddddd","OTROS"
"4077",2022,13,0,27,"68307","Girón","Santander",1076,"LIGA DE GOBERNANTES ANTICORRUPCION","Presidencia 2da vuelta",64328,5147,"#f07605","LIGA DE GOBERNANTES ANTICORRUPCION"
"4078",2022,13,0,27,"68307","Girón","Santander",1235,"COALICION PACTO HISTORICO","Presidencia 2da vuelta",19704,5147,"#1b3383","COALICION PACTO HISTORICO"
"4079",2022,13,0,27,"68307","Girón","Santander",996,"VOTOS EN BLANCO","Presidencia 2da vuelta",927,5147,"#dddddd","OTROS"
"4080",2022,13,0,27,"68307","Girón","Santander",997,"VOTOS NULOS","Presidencia 2da vuelta",386,5147,"#808080","VOTOS NULOS"
"4081",2022,13,0,27,"68307","Girón","Santander",998,"VOTOS NO MARCADOS","Presidencia 2da vuelta",33,5147,"#dddddd","OTROS"
"4082",2022,13,0,27,"68318","Guaca","Santander",1076,"LIGA DE GOBERNANTES ANTICORRUPCION","Presidencia 2da vuelta",3182,2781,"#f07605","LIGA DE GOBERNANTES ANTICORRUPCION"
"4083",2022,13,0,27,"68318","Guaca","Santander",1235,"COALICION PACTO HISTORICO","Presidencia 2da vuelta",275,2781,"#1b3383","COALICION PACTO HISTORICO"
"4084",2022,13,0,27,"68318","Guaca","Santander",996,"VOTOS EN BLANCO","Presidencia 2da vuelta",21,2781,"#dddddd","OTROS"
"4085",2022,13,0,27,"68318","Guaca","Santander",997,"VOTOS NULOS","Presidencia 2da vuelta",11,2781,"#808080","VOTOS NULOS"
"4086",2022,13,0,27,"68318","Guaca","Santander",998,"VOTOS NO MARCADOS","Presidencia 2da vuelta",6,2781,"#dddddd","OTROS"
"4087",2022,13,0,27,"68320","Guadalupe","Santander",1076,"LIGA DE GOBERNANTES ANTICORRUPCION","Presidencia 2da vuelta",2765,3602,"#f07605","LIGA DE GOBERNANTES ANTICORRUPCION"
"4088",2022,13,0,27,"68320","Guadalupe","Santander",1235,"COALICION PACTO HISTORICO","Presidencia 2da vuelta",286,3602,"#1b3383","COALICION PACTO HISTORICO"
"4089",2022,13,0,27,"68320","Guadalupe","Santander",996,"VOTOS EN BLANCO","Presidencia 2da vuelta",17,3602,"#dddddd","OTROS"
"4090",2022,13,0,27,"68320","Guadalupe","Santander",997,"VOTOS NULOS","Presidencia 2da vuelta",6,3602,"#808080","VOTOS NULOS"
"4091",2022,13,0,27,"68320","Guadalupe","Santander",998,"VOTOS NO MARCADOS","Presidencia 2da vuelta",2,3602,"#dddddd","OTROS"
"4092",2022,13,0,27,"68322","Guapotá","Santander",1076,"LIGA DE GOBERNANTES ANTICORRUPCION","Presidencia 2da vuelta",1300,1767,"#f07605","LIGA DE GOBERNANTES ANTICORRUPCION"
"4093",2022,13,0,27,"68322","Guapotá","Santander",1235,"COALICION PACTO HISTORICO","Presidencia 2da vuelta",83,1767,"#1b3383","COALICION PACTO HISTORICO"
"4094",2022,13,0,27,"68322","Guapotá","Santander",996,"VOTOS EN BLANCO","Presidencia 2da vuelta",9,1767,"#dddddd","OTROS"
"4095",2022,13,0,27,"68322","Guapotá","Santander",997,"VOTOS NULOS","Presidencia 2da vuelta",4,1767,"#808080","VOTOS NULOS"
"4096",2022,13,0,27,"68324","Guavatá","Santander",1076,"LIGA DE GOBERNANTES ANTICORRUPCION","Presidencia 2da vuelta",1980,4604,"#f07605","LIGA DE GOBERNANTES ANTICORRUPCION"
"4097",2022,13,0,27,"68324","Guavatá","Santander",1235,"COALICION PACTO HISTORICO","Presidencia 2da vuelta",839,4604,"#1b3383","COALICION PACTO HISTORICO"
"4098",2022,13,0,27,"68324","Guavatá","Santander",996,"VOTOS EN BLANCO","Presidencia 2da vuelta",31,4604,"#dddddd","OTROS"
"4099",2022,13,0,27,"68324","Guavatá","Santander",997,"VOTOS NULOS","Presidencia 2da vuelta",19,4604,"#808080","VOTOS NULOS"
"4100",2022,13,0,27,"68324","Guavatá","Santander",998,"VOTOS NO MARCADOS","Presidencia 2da vuelta",2,4604,"#dddddd","OTROS"
"4101",2022,13,0,27,"68327","Güepsa","Santander",1076,"LIGA DE GOBERNANTES ANTICORRUPCION","Presidencia 2da vuelta",1894,4298,"#f07605","LIGA DE GOBERNANTES ANTICORRUPCION"
"4102",2022,13,0,27,"68327","Güepsa","Santander",1235,"COALICION PACTO HISTORICO","Presidencia 2da vuelta",714,4298,"#1b3383","COALICION PACTO HISTORICO"
"4103",2022,13,0,27,"68327","Güepsa","Santander",996,"VOTOS EN BLANCO","Presidencia 2da vuelta",30,4298,"#dddddd","OTROS"
"4104",2022,13,0,27,"68327","Güepsa","Santander",997,"VOTOS NULOS","Presidencia 2da vuelta",20,4298,"#808080","VOTOS NULOS"
"4105",2022,13,0,27,"68327","Güepsa","Santander",998,"VOTOS NO MARCADOS","Presidencia 2da vuelta",1,4298,"#dddddd","OTROS"
"4106",2022,13,0,27,"68344","Hato","Santander",1076,"LIGA DE GOBERNANTES ANTICORRUPCION","Presidencia 2da vuelta",1173,1638,"#f07605","LIGA DE GOBERNANTES ANTICORRUPCION"
"4107",2022,13,0,27,"68344","Hato","Santander",1235,"COALICION PACTO HISTORICO","Presidencia 2da vuelta",181,1638,"#1b3383","COALICION PACTO HISTORICO"
"4108",2022,13,0,27,"68344","Hato","Santander",996,"VOTOS EN BLANCO","Presidencia 2da vuelta",10,1638,"#dddddd","OTROS"
"4109",2022,13,0,27,"68344","Hato","Santander",997,"VOTOS NULOS","Presidencia 2da vuelta",8,1638,"#808080","VOTOS NULOS"
"4110",2022,13,0,27,"68344","Hato","Santander",998,"VOTOS NO MARCADOS","Presidencia 2da vuelta",1,1638,"#dddddd","OTROS"
"4111",2022,13,0,27,"68368","Jesús María","Santander",1076,"LIGA DE GOBERNANTES ANTICORRUPCION","Presidencia 2da vuelta",1476,2721,"#f07605","LIGA DE GOBERNANTES ANTICORRUPCION"
"4112",2022,13,0,27,"68368","Jesús María","Santander",1235,"COALICION PACTO HISTORICO","Presidencia 2da vuelta",571,2721,"#1b3383","COALICION PACTO HISTORICO"
"4113",2022,13,0,27,"68368","Jesús María","Santander",996,"VOTOS EN BLANCO","Presidencia 2da vuelta",17,2721,"#dddddd","OTROS"
"4114",2022,13,0,27,"68368","Jesús María","Santander",997,"VOTOS NULOS","Presidencia 2da vuelta",12,2721,"#808080","VOTOS NULOS"
"4115",2022,13,0,27,"68368","Jesús María","Santander",998,"VOTOS NO MARCADOS","Presidencia 2da vuelta",2,2721,"#dddddd","OTROS"
"4116",2022,13,0,27,"68370","Jordán","Santander",1076,"LIGA DE GOBERNANTES ANTICORRUPCION","Presidencia 2da vuelta",839,636,"#f07605","LIGA DE GOBERNANTES ANTICORRUPCION"
"4117",2022,13,0,27,"68370","Jordán","Santander",1235,"COALICION PACTO HISTORICO","Presidencia 2da vuelta",73,636,"#1b3383","COALICION PACTO HISTORICO"
"4118",2022,13,0,27,"68370","Jordán","Santander",996,"VOTOS EN BLANCO","Presidencia 2da vuelta",5,636,"#dddddd","OTROS"
"4119",2022,13,0,27,"68370","Jordán","Santander",997,"VOTOS NULOS","Presidencia 2da vuelta",1,636,"#808080","VOTOS NULOS"
"4120",2022,13,0,27,"68377","La Belleza","Santander",1076,"LIGA DE GOBERNANTES ANTICORRUPCION","Presidencia 2da vuelta",3117,4220,"#f07605","LIGA DE GOBERNANTES ANTICORRUPCION"
"4121",2022,13,0,27,"68377","La Belleza","Santander",1235,"COALICION PACTO HISTORICO","Presidencia 2da vuelta",521,4220,"#1b3383","COALICION PACTO HISTORICO"
"4122",2022,13,0,27,"68377","La Belleza","Santander",996,"VOTOS EN BLANCO","Presidencia 2da vuelta",44,4220,"#dddddd","OTROS"
"4123",2022,13,0,27,"68377","La Belleza","Santander",997,"VOTOS NULOS","Presidencia 2da vuelta",9,4220,"#808080","VOTOS NULOS"
"4124",2022,13,0,27,"68377","La Belleza","Santander",998,"VOTOS NO MARCADOS","Presidencia 2da vuelta",1,841,"#dddddd","OTROS"
"4125",2022,13,0,27,"68385","Landázuri","Santander",1076,"LIGA DE GOBERNANTES ANTICORRUPCION","Presidencia 2da vuelta",4429,5732,"#f07605","LIGA DE GOBERNANTES ANTICORRUPCION"
"4126",2022,13,0,27,"68385","Landázuri","Santander",1235,"COALICION PACTO HISTORICO","Presidencia 2da vuelta",1198,5732,"#1b3383","COALICION PACTO HISTORICO"
"4127",2022,13,0,27,"68385","Landázuri","Santander",996,"VOTOS EN BLANCO","Presidencia 2da vuelta",51,5732,"#dddddd","OTROS"
"4128",2022,13,0,27,"68385","Landázuri","Santander",997,"VOTOS NULOS","Presidencia 2da vuelta",48,5732,"#808080","VOTOS NULOS"
"4129",2022,13,0,27,"68385","Landázuri","Santander",998,"VOTOS NO MARCADOS","Presidencia 2da vuelta",4,5732,"#dddddd","OTROS"
"4130",2022,13,0,27,"68397","La Paz","Santander",1076,"LIGA DE GOBERNANTES ANTICORRUPCION","Presidencia 2da vuelta",2208,2153,"#f07605","LIGA DE GOBERNANTES ANTICORRUPCION"
"4131",2022,13,0,27,"68397","La Paz","Santander",1235,"COALICION PACTO HISTORICO","Presidencia 2da vuelta",239,2153,"#1b3383","COALICION PACTO HISTORICO"
"4132",2022,13,0,27,"68397","La Paz","Santander",996,"VOTOS EN BLANCO","Presidencia 2da vuelta",17,2153,"#dddddd","OTROS"
"4133",2022,13,0,27,"68397","La Paz","Santander",997,"VOTOS NULOS","Presidencia 2da vuelta",6,2153,"#808080","VOTOS NULOS"
"4134",2022,13,0,27,"68397","La Paz","Santander",998,"VOTOS NO MARCADOS","Presidencia 2da vuelta",5,2153,"#dddddd","OTROS"
"4135",2022,13,0,27,"68406","Lebríja","Santander",1076,"LIGA DE GOBERNANTES ANTICORRUPCION","Presidencia 2da vuelta",19991,8011,"#f07605","LIGA DE GOBERNANTES ANTICORRUPCION"
"4136",2022,13,0,27,"68406","Lebríja","Santander",1235,"COALICION PACTO HISTORICO","Presidencia 2da vuelta",3096,8011,"#1b3383","COALICION PACTO HISTORICO"
"4137",2022,13,0,27,"68406","Lebríja","Santander",996,"VOTOS EN BLANCO","Presidencia 2da vuelta",188,8011,"#dddddd","OTROS"
"4138",2022,13,0,27,"68406","Lebríja","Santander",997,"VOTOS NULOS","Presidencia 2da vuelta",122,8011,"#808080","VOTOS NULOS"
"4139",2022,13,0,27,"68406","Lebríja","Santander",998,"VOTOS NO MARCADOS","Presidencia 2da vuelta",3,3044,"#dddddd","OTROS"
"4140",2022,13,0,27,"68418","Los Santos","Santander",1076,"LIGA DE GOBERNANTES ANTICORRUPCION","Presidencia 2da vuelta",6471,5142,"#f07605","LIGA DE GOBERNANTES ANTICORRUPCION"
"4141",2022,13,0,27,"68418","Los Santos","Santander",1235,"COALICION PACTO HISTORICO","Presidencia 2da vuelta",821,5142,"#1b3383","COALICION PACTO HISTORICO"
"4142",2022,13,0,27,"68418","Los Santos","Santander",996,"VOTOS EN BLANCO","Presidencia 2da vuelta",54,5142,"#dddddd","OTROS"
"4143",2022,13,0,27,"68418","Los Santos","Santander",997,"VOTOS NULOS","Presidencia 2da vuelta",31,5142,"#808080","VOTOS NULOS"
"4144",2022,13,0,27,"68418","Los Santos","Santander",998,"VOTOS NO MARCADOS","Presidencia 2da vuelta",4,5142,"#dddddd","OTROS"
"4145",2022,13,0,27,"68425","Macaravita","Santander",1076,"LIGA DE GOBERNANTES ANTICORRUPCION","Presidencia 2da vuelta",1193,2323,"#f07605","LIGA DE GOBERNANTES ANTICORRUPCION"
"4146",2022,13,0,27,"68425","Macaravita","Santander",1235,"COALICION PACTO HISTORICO","Presidencia 2da vuelta",124,2323,"#1b3383","COALICION PACTO HISTORICO"
"4147",2022,13,0,27,"68425","Macaravita","Santander",996,"VOTOS EN BLANCO","Presidencia 2da vuelta",8,2323,"#dddddd","OTROS"
"4148",2022,13,0,27,"68425","Macaravita","Santander",997,"VOTOS NULOS","Presidencia 2da vuelta",5,2323,"#808080","VOTOS NULOS"
"4149",2022,13,0,27,"68432","Málaga","Santander",1076,"LIGA DE GOBERNANTES ANTICORRUPCION","Presidencia 2da vuelta",7927,6877,"#f07605","LIGA DE GOBERNANTES ANTICORRUPCION"
"4150",2022,13,0,27,"68432","Málaga","Santander",1235,"COALICION PACTO HISTORICO","Presidencia 2da vuelta",2556,6877,"#1b3383","COALICION PACTO HISTORICO"
"4151",2022,13,0,27,"68432","Málaga","Santander",996,"VOTOS EN BLANCO","Presidencia 2da vuelta",161,6877,"#dddddd","OTROS"
"4152",2022,13,0,27,"68432","Málaga","Santander",997,"VOTOS NULOS","Presidencia 2da vuelta",92,6877,"#808080","VOTOS NULOS"
"4153",2022,13,0,27,"68432","Málaga","Santander",998,"VOTOS NO MARCADOS","Presidencia 2da vuelta",5,6877,"#dddddd","OTROS"
"4154",2022,13,0,27,"68444","Matanza","Santander",1076,"LIGA DE GOBERNANTES ANTICORRUPCION","Presidencia 2da vuelta",3172,2067,"#f07605","LIGA DE GOBERNANTES ANTICORRUPCION"
"4155",2022,13,0,27,"68444","Matanza","Santander",1235,"COALICION PACTO HISTORICO","Presidencia 2da vuelta",336,2067,"#1b3383","COALICION PACTO HISTORICO"
"4156",2022,13,0,27,"68444","Matanza","Santander",996,"VOTOS EN BLANCO","Presidencia 2da vuelta",29,2067,"#dddddd","OTROS"
"4157",2022,13,0,27,"68444","Matanza","Santander",997,"VOTOS NULOS","Presidencia 2da vuelta",15,2067,"#808080","VOTOS NULOS"
"4158",2022,13,0,27,"68444","Matanza","Santander",998,"VOTOS NO MARCADOS","Presidencia 2da vuelta",2,2067,"#dddddd","OTROS"
"4159",2022,13,0,27,"68464","Mogotes","Santander",1076,"LIGA DE GOBERNANTES ANTICORRUPCION","Presidencia 2da vuelta",4761,5784,"#f07605","LIGA DE GOBERNANTES ANTICORRUPCION"
"4160",2022,13,0,27,"68464","Mogotes","Santander",1235,"COALICION PACTO HISTORICO","Presidencia 2da vuelta",525,5784,"#1b3383","COALICION PACTO HISTORICO"
"4161",2022,13,0,27,"68464","Mogotes","Santander",997,"VOTOS NULOS","Presidencia 2da vuelta",35,5784,"#808080","VOTOS NULOS"
"4162",2022,13,0,27,"68464","Mogotes","Santander",996,"VOTOS EN BLANCO","Presidencia 2da vuelta",34,5784,"#dddddd","OTROS"
"4163",2022,13,0,27,"68464","Mogotes","Santander",998,"VOTOS NO MARCADOS","Presidencia 2da vuelta",4,5784,"#dddddd","OTROS"
"4164",2022,13,0,27,"68468","Molagavita","Santander",1076,"LIGA DE GOBERNANTES ANTICORRUPCION","Presidencia 2da vuelta",2194,1757,"#f07605","LIGA DE GOBERNANTES ANTICORRUPCION"
"4165",2022,13,0,27,"68468","Molagavita","Santander",1235,"COALICION PACTO HISTORICO","Presidencia 2da vuelta",192,1757,"#1b3383","COALICION PACTO HISTORICO"
"4166",2022,13,0,27,"68468","Molagavita","Santander",996,"VOTOS EN BLANCO","Presidencia 2da vuelta",21,1757,"#dddddd","OTROS"
"4167",2022,13,0,27,"68468","Molagavita","Santander",997,"VOTOS NULOS","Presidencia 2da vuelta",10,1757,"#808080","VOTOS NULOS"
"4168",2022,13,0,27,"68468","Molagavita","Santander",998,"VOTOS NO MARCADOS","Presidencia 2da vuelta",2,1757,"#dddddd","OTROS"
"4169",2022,13,0,27,"68498","Ocamonte","Santander",1076,"LIGA DE GOBERNANTES ANTICORRUPCION","Presidencia 2da vuelta",2444,3961,"#f07605","LIGA DE GOBERNANTES ANTICORRUPCION"
"4170",2022,13,0,27,"68498","Ocamonte","Santander",1235,"COALICION PACTO HISTORICO","Presidencia 2da vuelta",245,3961,"#1b3383","COALICION PACTO HISTORICO"
"4171",2022,13,0,27,"68498","Ocamonte","Santander",996,"VOTOS EN BLANCO","Presidencia 2da vuelta",24,3961,"#dddddd","OTROS"
"4172",2022,13,0,27,"68498","Ocamonte","Santander",997,"VOTOS NULOS","Presidencia 2da vuelta",4,3961,"#808080","VOTOS NULOS"
"4173",2022,13,0,27,"68498","Ocamonte","Santander",998,"VOTOS NO MARCADOS","Presidencia 2da vuelta",3,3961,"#dddddd","OTROS"
"4174",2022,13,0,27,"68500","Oiba","Santander",1076,"LIGA DE GOBERNANTES ANTICORRUPCION","Presidencia 2da vuelta",5501,8984,"#f07605","LIGA DE GOBERNANTES ANTICORRUPCION"
"4175",2022,13,0,27,"68500","Oiba","Santander",1235,"COALICION PACTO HISTORICO","Presidencia 2da vuelta",891,8984,"#1b3383","COALICION PACTO HISTORICO"
"4176",2022,13,0,27,"68500","Oiba","Santander",996,"VOTOS EN BLANCO","Presidencia 2da vuelta",44,8984,"#dddddd","OTROS"
"4177",2022,13,0,27,"68500","Oiba","Santander",997,"VOTOS NULOS","Presidencia 2da vuelta",32,8984,"#808080","VOTOS NULOS"
"4178",2022,13,0,27,"68500","Oiba","Santander",998,"VOTOS NO MARCADOS","Presidencia 2da vuelta",5,8984,"#dddddd","OTROS"
"4179",2022,13,0,27,"68502","Onzaga","Santander",1076,"LIGA DE GOBERNANTES ANTICORRUPCION","Presidencia 2da vuelta",2134,2587,"#f07605","LIGA DE GOBERNANTES ANTICORRUPCION"
"4180",2022,13,0,27,"68502","Onzaga","Santander",1235,"COALICION PACTO HISTORICO","Presidencia 2da vuelta",186,2587,"#1b3383","COALICION PACTO HISTORICO"
"4181",2022,13,0,27,"68502","Onzaga","Santander",996,"VOTOS EN BLANCO","Presidencia 2da vuelta",12,2587,"#dddddd","OTROS"
"4182",2022,13,0,27,"68502","Onzaga","Santander",997,"VOTOS NULOS","Presidencia 2da vuelta",9,2587,"#808080","VOTOS NULOS"
"4183",2022,13,0,27,"68502","Onzaga","Santander",998,"VOTOS NO MARCADOS","Presidencia 2da vuelta",9,2587,"#dddddd","OTROS"
"4184",2022,13,0,27,"68522","Palmar","Santander",1076,"LIGA DE GOBERNANTES ANTICORRUPCION","Presidencia 2da vuelta",925,1124,"#f07605","LIGA DE GOBERNANTES ANTICORRUPCION"
"4185",2022,13,0,27,"68522","Palmar","Santander",1235,"COALICION PACTO HISTORICO","Presidencia 2da vuelta",109,1124,"#1b3383","COALICION PACTO HISTORICO"
"4186",2022,13,0,27,"68522","Palmar","Santander",996,"VOTOS EN BLANCO","Presidencia 2da vuelta",6,1124,"#dddddd","OTROS"
"4187",2022,13,0,27,"68522","Palmar","Santander",997,"VOTOS NULOS","Presidencia 2da vuelta",5,1124,"#808080","VOTOS NULOS"
"4188",2022,13,0,27,"68522","Palmar","Santander",998,"VOTOS NO MARCADOS","Presidencia 2da vuelta",1,421,"#dddddd","OTROS"
"4189",2022,13,0,27,"68524","Palmas del Socorro","Santander",1076,"LIGA DE GOBERNANTES ANTICORRUPCION","Presidencia 2da vuelta",1595,2433,"#f07605","LIGA DE GOBERNANTES ANTICORRUPCION"
"4190",2022,13,0,27,"68524","Palmas del Socorro","Santander",1235,"COALICION PACTO HISTORICO","Presidencia 2da vuelta",151,2433,"#1b3383","COALICION PACTO HISTORICO"
"4191",2022,13,0,27,"68524","Palmas del Socorro","Santander",996,"VOTOS EN BLANCO","Presidencia 2da vuelta",9,2433,"#dddddd","OTROS"
"4192",2022,13,0,27,"68524","Palmas del Socorro","Santander",997,"VOTOS NULOS","Presidencia 2da vuelta",7,2433,"#808080","VOTOS NULOS"
"4193",2022,13,0,27,"68524","Palmas del Socorro","Santander",998,"VOTOS NO MARCADOS","Presidencia 2da vuelta",3,2433,"#dddddd","OTROS"
"4194",2022,13,0,27,"68533","Páramo","Santander",1076,"LIGA DE GOBERNANTES ANTICORRUPCION","Presidencia 2da vuelta",2588,3778,"#f07605","LIGA DE GOBERNANTES ANTICORRUPCION"
"4195",2022,13,0,27,"68533","Páramo","Santander",1235,"COALICION PACTO HISTORICO","Presidencia 2da vuelta",284,3778,"#1b3383","COALICION PACTO HISTORICO"
"4196",2022,13,0,27,"68533","Páramo","Santander",996,"VOTOS EN BLANCO","Presidencia 2da vuelta",17,3778,"#dddddd","OTROS"
"4197",2022,13,0,27,"68533","Páramo","Santander",997,"VOTOS NULOS","Presidencia 2da vuelta",14,3778,"#808080","VOTOS NULOS"
"4198",2022,13,0,27,"68533","Páramo","Santander",998,"VOTOS NO MARCADOS","Presidencia 2da vuelta",1,3778,"#dddddd","OTROS"
"4199",2022,13,0,27,"68547","Piedecuesta","Santander",1076,"LIGA DE GOBERNANTES ANTICORRUPCION","Presidencia 2da vuelta",68406,12313,"#f07605","LIGA DE GOBERNANTES ANTICORRUPCION"
"4200",2022,13,0,27,"68547","Piedecuesta","Santander",1235,"COALICION PACTO HISTORICO","Presidencia 2da vuelta",19479,12313,"#1b3383","COALICION PACTO HISTORICO"
"4201",2022,13,0,27,"68547","Piedecuesta","Santander",996,"VOTOS EN BLANCO","Presidencia 2da vuelta",786,12313,"#dddddd","OTROS"
"4202",2022,13,0,27,"68547","Piedecuesta","Santander",997,"VOTOS NULOS","Presidencia 2da vuelta",377,12313,"#808080","VOTOS NULOS"
"4203",2022,13,0,27,"68547","Piedecuesta","Santander",998,"VOTOS NO MARCADOS","Presidencia 2da vuelta",26,12313,"#dddddd","OTROS"
"4204",2022,13,0,27,"68549","Pinchote","Santander",1076,"LIGA DE GOBERNANTES ANTICORRUPCION","Presidencia 2da vuelta",2190,3582,"#f07605","LIGA DE GOBERNANTES ANTICORRUPCION"
"4205",2022,13,0,27,"68549","Pinchote","Santander",1235,"COALICION PACTO HISTORICO","Presidencia 2da vuelta",454,3582,"#1b3383","COALICION PACTO HISTORICO"
"4206",2022,13,0,27,"68549","Pinchote","Santander",996,"VOTOS EN BLANCO","Presidencia 2da vuelta",33,3582,"#dddddd","OTROS"
"4207",2022,13,0,27,"68549","Pinchote","Santander",997,"VOTOS NULOS","Presidencia 2da vuelta",10,3582,"#808080","VOTOS NULOS"
"4208",2022,13,0,27,"68549","Pinchote","Santander",998,"VOTOS NO MARCADOS","Presidencia 2da vuelta",3,3582,"#dddddd","OTROS"
"4209",2022,13,0,27,"68572","Puente Nacional","Santander",1076,"LIGA DE GOBERNANTES ANTICORRUPCION","Presidencia 2da vuelta",5584,9912,"#f07605","LIGA DE GOBERNANTES ANTICORRUPCION"
"4210",2022,13,0,27,"68572","Puente Nacional","Santander",1235,"COALICION PACTO HISTORICO","Presidencia 2da vuelta",2542,9912,"#1b3383","COALICION PACTO HISTORICO"
"4211",2022,13,0,27,"68572","Puente Nacional","Santander",996,"VOTOS EN BLANCO","Presidencia 2da vuelta",83,9912,"#dddddd","OTROS"
"4212",2022,13,0,27,"68572","Puente Nacional","Santander",997,"VOTOS NULOS","Presidencia 2da vuelta",57,9912,"#808080","VOTOS NULOS"
"4213",2022,13,0,27,"68572","Puente Nacional","Santander",998,"VOTOS NO MARCADOS","Presidencia 2da vuelta",9,9912,"#dddddd","OTROS"
"4214",2022,13,0,27,"68573","Puerto Parra","Santander",1076,"LIGA DE GOBERNANTES ANTICORRUPCION","Presidencia 2da vuelta",2757,2705,"#f07605","LIGA DE GOBERNANTES ANTICORRUPCION"
"4215",2022,13,0,27,"68573","Puerto Parra","Santander",1235,"COALICION PACTO HISTORICO","Presidencia 2da vuelta",644,2705,"#1b3383","COALICION PACTO HISTORICO"
"4216",2022,13,0,27,"68573","Puerto Parra","Santander",997,"VOTOS NULOS","Presidencia 2da vuelta",31,2705,"#808080","VOTOS NULOS"
"4217",2022,13,0,27,"68573","Puerto Parra","Santander",996,"VOTOS EN BLANCO","Presidencia 2da vuelta",22,2705,"#dddddd","OTROS"
"4218",2022,13,0,27,"68573","Puerto Parra","Santander",998,"VOTOS NO MARCADOS","Presidencia 2da vuelta",8,2705,"#dddddd","OTROS"
"4219",2022,13,0,27,"68575","Puerto Wilches","Santander",1235,"COALICION PACTO HISTORICO","Presidencia 2da vuelta",7500,6407,"#1b3383","COALICION PACTO HISTORICO"
"4220",2022,13,0,27,"68575","Puerto Wilches","Santander",1076,"LIGA DE GOBERNANTES ANTICORRUPCION","Presidencia 2da vuelta",7383,6407,"#f07605","LIGA DE GOBERNANTES ANTICORRUPCION"
"4221",2022,13,0,27,"68575","Puerto Wilches","Santander",997,"VOTOS NULOS","Presidencia 2da vuelta",193,6407,"#808080","VOTOS NULOS"
"4222",2022,13,0,27,"68575","Puerto Wilches","Santander",996,"VOTOS EN BLANCO","Presidencia 2da vuelta",183,6407,"#dddddd","OTROS"
"4223",2022,13,0,27,"68575","Puerto Wilches","Santander",998,"VOTOS NO MARCADOS","Presidencia 2da vuelta",7,6407,"#dddddd","OTROS"
"4224",2022,13,0,27,"68615","Rionegro","Santander",1076,"LIGA DE GOBERNANTES ANTICORRUPCION","Presidencia 2da vuelta",12873,14221,"#f07605","LIGA DE GOBERNANTES ANTICORRUPCION"
"4225",2022,13,0,27,"68615","Rionegro","Santander",1235,"COALICION PACTO HISTORICO","Presidencia 2da vuelta",1943,14221,"#1b3383","COALICION PACTO HISTORICO"
"4226",2022,13,0,27,"68615","Rionegro","Santander",996,"VOTOS EN BLANCO","Presidencia 2da vuelta",105,14221,"#dddddd","OTROS"
"4227",2022,13,0,27,"68615","Rionegro","Santander",997,"VOTOS NULOS","Presidencia 2da vuelta",89,14221,"#808080","VOTOS NULOS"
"4228",2022,13,0,27,"68615","Rionegro","Santander",998,"VOTOS NO MARCADOS","Presidencia 2da vuelta",9,14221,"#dddddd","OTROS"
"4229",2022,13,0,27,"68655","Sabana de Torres","Santander",1076,"LIGA DE GOBERNANTES ANTICORRUPCION","Presidencia 2da vuelta",11112,7565,"#f07605","LIGA DE GOBERNANTES ANTICORRUPCION"
"4230",2022,13,0,27,"68655","Sabana de Torres","Santander",1235,"COALICION PACTO HISTORICO","Presidencia 2da vuelta",3383,7565,"#1b3383","COALICION PACTO HISTORICO"
"4231",2022,13,0,27,"68655","Sabana de Torres","Santander",997,"VOTOS NULOS","Presidencia 2da vuelta",144,7565,"#808080","VOTOS NULOS"
"4232",2022,13,0,27,"68655","Sabana de Torres","Santander",996,"VOTOS EN BLANCO","Presidencia 2da vuelta",135,7565,"#dddddd","OTROS"
"4233",2022,13,0,27,"68655","Sabana de Torres","Santander",998,"VOTOS NO MARCADOS","Presidencia 2da vuelta",10,7565,"#dddddd","OTROS"
"4234",2022,13,0,27,"68669","San Andrés","Santander",1076,"LIGA DE GOBERNANTES ANTICORRUPCION","Presidencia 2da vuelta",3503,3488,"#f07605","LIGA DE GOBERNANTES ANTICORRUPCION"
"4235",2022,13,0,27,"68669","San Andrés","Santander",1235,"COALICION PACTO HISTORICO","Presidencia 2da vuelta",662,3488,"#1b3383","COALICION PACTO HISTORICO"
"4236",2022,13,0,27,"68669","San Andrés","Santander",996,"VOTOS EN BLANCO","Presidencia 2da vuelta",38,3488,"#dddddd","OTROS"
"4237",2022,13,0,27,"68669","San Andrés","Santander",997,"VOTOS NULOS","Presidencia 2da vuelta",20,3488,"#808080","VOTOS NULOS"
"4238",2022,13,0,27,"68669","San Andrés","Santander",998,"VOTOS NO MARCADOS","Presidencia 2da vuelta",5,3488,"#dddddd","OTROS"
"4239",2022,13,0,27,"68673","San Benito","Santander",1076,"LIGA DE GOBERNANTES ANTICORRUPCION","Presidencia 2da vuelta",1512,1721,"#f07605","LIGA DE GOBERNANTES ANTICORRUPCION"
"4240",2022,13,0,27,"68673","San Benito","Santander",1235,"COALICION PACTO HISTORICO","Presidencia 2da vuelta",188,1721,"#1b3383","COALICION PACTO HISTORICO"
"4241",2022,13,0,27,"68673","San Benito","Santander",996,"VOTOS EN BLANCO","Presidencia 2da vuelta",9,1721,"#dddddd","OTROS"
"4242",2022,13,0,27,"68673","San Benito","Santander",997,"VOTOS NULOS","Presidencia 2da vuelta",5,1721,"#808080","VOTOS NULOS"
"4243",2022,13,0,27,"68673","San Benito","Santander",998,"VOTOS NO MARCADOS","Presidencia 2da vuelta",2,1245,"#dddddd","OTROS"
"4244",2022,13,0,27,"68679","San Gil","Santander",1076,"LIGA DE GOBERNANTES ANTICORRUPCION","Presidencia 2da vuelta",24489,1828,"#f07605","LIGA DE GOBERNANTES ANTICORRUPCION"
"4245",2022,13,0,27,"68679","San Gil","Santander",1235,"COALICION PACTO HISTORICO","Presidencia 2da vuelta",7717,1828,"#1b3383","COALICION PACTO HISTORICO"
"4246",2022,13,0,27,"68679","San Gil","Santander",996,"VOTOS EN BLANCO","Presidencia 2da vuelta",333,1828,"#dddddd","OTROS"
"4247",2022,13,0,27,"68679","San Gil","Santander",997,"VOTOS NULOS","Presidencia 2da vuelta",109,1828,"#808080","VOTOS NULOS"
"4248",2022,13,0,27,"68679","San Gil","Santander",998,"VOTOS NO MARCADOS","Presidencia 2da vuelta",15,6398,"#dddddd","OTROS"
"4249",2022,13,0,27,"68682","San Joaquín","Santander",1076,"LIGA DE GOBERNANTES ANTICORRUPCION","Presidencia 2da vuelta",1246,2221,"#f07605","LIGA DE GOBERNANTES ANTICORRUPCION"
"4250",2022,13,0,27,"68682","San Joaquín","Santander",1235,"COALICION PACTO HISTORICO","Presidencia 2da vuelta",143,2221,"#1b3383","COALICION PACTO HISTORICO"
"4251",2022,13,0,27,"68682","San Joaquín","Santander",996,"VOTOS EN BLANCO","Presidencia 2da vuelta",17,2221,"#dddddd","OTROS"
"4252",2022,13,0,27,"68682","San Joaquín","Santander",997,"VOTOS NULOS","Presidencia 2da vuelta",6,2221,"#808080","VOTOS NULOS"
"4253",2022,13,0,27,"68682","San Joaquín","Santander",998,"VOTOS NO MARCADOS","Presidencia 2da vuelta",2,2221,"#dddddd","OTROS"
"4254",2022,13,0,27,"68684","San José de Miranda","Santander",1076,"LIGA DE GOBERNANTES ANTICORRUPCION","Presidencia 2da vuelta",2490,3168,"#f07605","LIGA DE GOBERNANTES ANTICORRUPCION"
"4255",2022,13,0,27,"68684","San José de Miranda","Santander",1235,"COALICION PACTO HISTORICO","Presidencia 2da vuelta",344,3168,"#1b3383","COALICION PACTO HISTORICO"
"4256",2022,13,0,27,"68684","San José de Miranda","Santander",996,"VOTOS EN BLANCO","Presidencia 2da vuelta",22,3168,"#dddddd","OTROS"
"4257",2022,13,0,27,"68684","San José de Miranda","Santander",997,"VOTOS NULOS","Presidencia 2da vuelta",15,3168,"#808080","VOTOS NULOS"
"4258",2022,13,0,27,"68684","San José de Miranda","Santander",998,"VOTOS NO MARCADOS","Presidencia 2da vuelta",1,3168,"#dddddd","OTROS"
"4259",2022,13,0,27,"68686","San Miguel","Santander",1076,"LIGA DE GOBERNANTES ANTICORRUPCION","Presidencia 2da vuelta",1137,1631,"#f07605","LIGA DE GOBERNANTES ANTICORRUPCION"
"4260",2022,13,0,27,"68686","San Miguel","Santander",1235,"COALICION PACTO HISTORICO","Presidencia 2da vuelta",245,1631,"#1b3383","COALICION PACTO HISTORICO"
"4261",2022,13,0,27,"68686","San Miguel","Santander",996,"VOTOS EN BLANCO","Presidencia 2da vuelta",12,1631,"#dddddd","OTROS"
"4262",2022,13,0,27,"68686","San Miguel","Santander",998,"VOTOS NO MARCADOS","Presidencia 2da vuelta",5,1631,"#dddddd","OTROS"
"4263",2022,13,0,27,"68686","San Miguel","Santander",997,"VOTOS NULOS","Presidencia 2da vuelta",4,1631,"#808080","VOTOS NULOS"
"4264",2022,13,0,27,"68689","San Vicente de Chucurí","Santander",1076,"LIGA DE GOBERNANTES ANTICORRUPCION","Presidencia 2da vuelta",12566,16755,"#f07605","LIGA DE GOBERNANTES ANTICORRUPCION"
"4265",2022,13,0,27,"68689","San Vicente de Chucurí","Santander",1235,"COALICION PACTO HISTORICO","Presidencia 2da vuelta",2333,16755,"#1b3383","COALICION PACTO HISTORICO"
"4266",2022,13,0,27,"68689","San Vicente de Chucurí","Santander",996,"VOTOS EN BLANCO","Presidencia 2da vuelta",122,16755,"#dddddd","OTROS"
"4267",2022,13,0,27,"68689","San Vicente de Chucurí","Santander",997,"VOTOS NULOS","Presidencia 2da vuelta",91,16755,"#808080","VOTOS NULOS"
"4268",2022,13,0,27,"68689","San Vicente de Chucurí","Santander",998,"VOTOS NO MARCADOS","Presidencia 2da vuelta",10,16755,"#dddddd","OTROS"
"4269",2022,13,0,27,"68705","Santa Bárbara","Santander",1076,"LIGA DE GOBERNANTES ANTICORRUPCION","Presidencia 2da vuelta",1419,1024,"#f07605","LIGA DE GOBERNANTES ANTICORRUPCION"
"4270",2022,13,0,27,"68705","Santa Bárbara","Santander",1235,"COALICION PACTO HISTORICO","Presidencia 2da vuelta",141,1024,"#1b3383","COALICION PACTO HISTORICO"
"4271",2022,13,0,27,"68705","Santa Bárbara","Santander",996,"VOTOS EN BLANCO","Presidencia 2da vuelta",9,1024,"#dddddd","OTROS"
"4272",2022,13,0,27,"68705","Santa Bárbara","Santander",997,"VOTOS NULOS","Presidencia 2da vuelta",4,1024,"#808080","VOTOS NULOS"
"4273",2022,13,0,27,"68705","Santa Bárbara","Santander",998,"VOTOS NO MARCADOS","Presidencia 2da vuelta",4,1024,"#dddddd","OTROS"
"4274",2022,13,0,27,"68720","Santa Helena del Opón","Santander",1076,"LIGA DE GOBERNANTES ANTICORRUPCION","Presidencia 2da vuelta",1831,1559,"#f07605","LIGA DE GOBERNANTES ANTICORRUPCION"
"4275",2022,13,0,27,"68720","Santa Helena del Opón","Santander",1235,"COALICION PACTO HISTORICO","Presidencia 2da vuelta",177,1559,"#1b3383","COALICION PACTO HISTORICO"
"4276",2022,13,0,27,"68720","Santa Helena del Opón","Santander",996,"VOTOS EN BLANCO","Presidencia 2da vuelta",20,1559,"#dddddd","OTROS"
"4277",2022,13,0,27,"68720","Santa Helena del Opón","Santander",997,"VOTOS NULOS","Presidencia 2da vuelta",4,1559,"#808080","VOTOS NULOS"
"4278",2022,13,0,27,"68720","Santa Helena del Opón","Santander",998,"VOTOS NO MARCADOS","Presidencia 2da vuelta",1,403,"#dddddd","OTROS"
"4279",2022,13,0,27,"68745","Simacota","Santander",1076,"LIGA DE GOBERNANTES ANTICORRUPCION","Presidencia 2da vuelta",3372,3646,"#f07605","LIGA DE GOBERNANTES ANTICORRUPCION"
"4280",2022,13,0,27,"68745","Simacota","Santander",1235,"COALICION PACTO HISTORICO","Presidencia 2da vuelta",635,3646,"#1b3383","COALICION PACTO HISTORICO"
"4281",2022,13,0,27,"68745","Simacota","Santander",996,"VOTOS EN BLANCO","Presidencia 2da vuelta",28,3646,"#dddddd","OTROS"
"4282",2022,13,0,27,"68745","Simacota","Santander",997,"VOTOS NULOS","Presidencia 2da vuelta",18,3646,"#808080","VOTOS NULOS"
"4283",2022,13,0,27,"68745","Simacota","Santander",998,"VOTOS NO MARCADOS","Presidencia 2da vuelta",4,3646,"#dddddd","OTROS"
"4284",2022,13,0,27,"68755","Socorro","Santander",1076,"LIGA DE GOBERNANTES ANTICORRUPCION","Presidencia 2da vuelta",14023,6617,"#f07605","LIGA DE GOBERNANTES ANTICORRUPCION"
"4285",2022,13,0,27,"68755","Socorro","Santander",1235,"COALICION PACTO HISTORICO","Presidencia 2da vuelta",3030,6617,"#1b3383","COALICION PACTO HISTORICO"
"4286",2022,13,0,27,"68755","Socorro","Santander",996,"VOTOS EN BLANCO","Presidencia 2da vuelta",148,6617,"#dddddd","OTROS"
"4287",2022,13,0,27,"68755","Socorro","Santander",997,"VOTOS NULOS","Presidencia 2da vuelta",65,6617,"#808080","VOTOS NULOS"
"4288",2022,13,0,27,"68755","Socorro","Santander",998,"VOTOS NO MARCADOS","Presidencia 2da vuelta",6,6617,"#dddddd","OTROS"
"4289",2022,13,0,27,"68770","Suaita","Santander",1076,"LIGA DE GOBERNANTES ANTICORRUPCION","Presidencia 2da vuelta",4687,4732,"#f07605","LIGA DE GOBERNANTES ANTICORRUPCION"
"4290",2022,13,0,27,"68770","Suaita","Santander",1235,"COALICION PACTO HISTORICO","Presidencia 2da vuelta",693,4732,"#1b3383","COALICION PACTO HISTORICO"
"4291",2022,13,0,27,"68770","Suaita","Santander",996,"VOTOS EN BLANCO","Presidencia 2da vuelta",31,4732,"#dddddd","OTROS"
"4292",2022,13,0,27,"68770","Suaita","Santander",997,"VOTOS NULOS","Presidencia 2da vuelta",26,4732,"#808080","VOTOS NULOS"
"4293",2022,13,0,27,"68770","Suaita","Santander",998,"VOTOS NO MARCADOS","Presidencia 2da vuelta",4,4732,"#dddddd","OTROS"
"4294",2022,13,0,27,"68773","Sucre","Santander",1076,"LIGA DE GOBERNANTES ANTICORRUPCION","Presidencia 2da vuelta",2884,1947,"#f07605","LIGA DE GOBERNANTES ANTICORRUPCION"
"4295",2022,13,0,27,"68773","Sucre","Santander",1235,"COALICION PACTO HISTORICO","Presidencia 2da vuelta",461,1947,"#1b3383","COALICION PACTO HISTORICO"
"4296",2022,13,0,27,"68773","Sucre","Santander",996,"VOTOS EN BLANCO","Presidencia 2da vuelta",20,1947,"#dddddd","OTROS"
"4297",2022,13,0,27,"68773","Sucre","Santander",997,"VOTOS NULOS","Presidencia 2da vuelta",15,1947,"#808080","VOTOS NULOS"
"4298",2022,13,0,27,"68773","Sucre","Santander",998,"VOTOS NO MARCADOS","Presidencia 2da vuelta",2,1947,"#dddddd","OTROS"
"4299",2022,13,0,27,"68780","Suratá","Santander",1076,"LIGA DE GOBERNANTES ANTICORRUPCION","Presidencia 2da vuelta",1940,2023,"#f07605","LIGA DE GOBERNANTES ANTICORRUPCION"
"4300",2022,13,0,27,"68780","Suratá","Santander",1235,"COALICION PACTO HISTORICO","Presidencia 2da vuelta",266,2023,"#1b3383","COALICION PACTO HISTORICO"
"4301",2022,13,0,27,"68780","Suratá","Santander",996,"VOTOS EN BLANCO","Presidencia 2da vuelta",16,2023,"#dddddd","OTROS"
"4302",2022,13,0,27,"68780","Suratá","Santander",997,"VOTOS NULOS","Presidencia 2da vuelta",6,2023,"#808080","VOTOS NULOS"
"4303",2022,13,0,27,"68780","Suratá","Santander",998,"VOTOS NO MARCADOS","Presidencia 2da vuelta",2,2023,"#dddddd","OTROS"
"4304",2022,13,0,27,"68820","Tona","Santander",1076,"LIGA DE GOBERNANTES ANTICORRUPCION","Presidencia 2da vuelta",3275,1655,"#f07605","LIGA DE GOBERNANTES ANTICORRUPCION"
"4305",2022,13,0,27,"68820","Tona","Santander",1235,"COALICION PACTO HISTORICO","Presidencia 2da vuelta",376,1655,"#1b3383","COALICION PACTO HISTORICO"
"4306",2022,13,0,27,"68820","Tona","Santander",996,"VOTOS EN BLANCO","Presidencia 2da vuelta",38,1655,"#dddddd","OTROS"
"4307",2022,13,0,27,"68820","Tona","Santander",997,"VOTOS NULOS","Presidencia 2da vuelta",22,1655,"#808080","VOTOS NULOS"
"4308",2022,13,0,27,"68820","Tona","Santander",998,"VOTOS NO MARCADOS","Presidencia 2da vuelta",4,1655,"#dddddd","OTROS"
"4309",2022,13,0,27,"68855","Valle de San José","Santander",1076,"LIGA DE GOBERNANTES ANTICORRUPCION","Presidencia 2da vuelta",3177,4396,"#f07605","LIGA DE GOBERNANTES ANTICORRUPCION"
"4310",2022,13,0,27,"68855","Valle de San José","Santander",1235,"COALICION PACTO HISTORICO","Presidencia 2da vuelta",590,4396,"#1b3383","COALICION PACTO HISTORICO"
"4311",2022,13,0,27,"68855","Valle de San José","Santander",996,"VOTOS EN BLANCO","Presidencia 2da vuelta",28,4396,"#dddddd","OTROS"
"4312",2022,13,0,27,"68855","Valle de San José","Santander",997,"VOTOS NULOS","Presidencia 2da vuelta",12,4396,"#808080","VOTOS NULOS"
"4313",2022,13,0,27,"68855","Valle de San José","Santander",998,"VOTOS NO MARCADOS","Presidencia 2da vuelta",2,4396,"#dddddd","OTROS"
"4314",2022,13,0,27,"68861","Vélez","Santander",1076,"LIGA DE GOBERNANTES ANTICORRUPCION","Presidencia 2da vuelta",7599,6337,"#f07605","LIGA DE GOBERNANTES ANTICORRUPCION"
"4315",2022,13,0,27,"68861","Vélez","Santander",1235,"COALICION PACTO HISTORICO","Presidencia 2da vuelta",3042,6337,"#1b3383","COALICION PACTO HISTORICO"
"4316",2022,13,0,27,"68861","Vélez","Santander",996,"VOTOS EN BLANCO","Presidencia 2da vuelta",142,6337,"#dddddd","OTROS"
"4317",2022,13,0,27,"68861","Vélez","Santander",997,"VOTOS NULOS","Presidencia 2da vuelta",84,6337,"#808080","VOTOS NULOS"
"4318",2022,13,0,27,"68861","Vélez","Santander",998,"VOTOS NO MARCADOS","Presidencia 2da vuelta",7,6337,"#dddddd","OTROS"
"4319",2022,13,0,27,"68867","Vetas","Santander",1076,"LIGA DE GOBERNANTES ANTICORRUPCION","Presidencia 2da vuelta",939,1475,"#f07605","LIGA DE GOBERNANTES ANTICORRUPCION"
"4320",2022,13,0,27,"68867","Vetas","Santander",1235,"COALICION PACTO HISTORICO","Presidencia 2da vuelta",52,1475,"#1b3383","COALICION PACTO HISTORICO"
"4321",2022,13,0,27,"68867","Vetas","Santander",996,"VOTOS EN BLANCO","Presidencia 2da vuelta",21,1475,"#dddddd","OTROS"
"4322",2022,13,0,27,"68867","Vetas","Santander",997,"VOTOS NULOS","Presidencia 2da vuelta",5,1475,"#808080","VOTOS NULOS"
"4323",2022,13,0,27,"68872","Villanueva","Santander",1076,"LIGA DE GOBERNANTES ANTICORRUPCION","Presidencia 2da vuelta",4195,6764,"#f07605","LIGA DE GOBERNANTES ANTICORRUPCION"
"4324",2022,13,0,27,"68872","Villanueva","Santander",1235,"COALICION PACTO HISTORICO","Presidencia 2da vuelta",605,6764,"#1b3383","COALICION PACTO HISTORICO"
"4325",2022,13,0,27,"68872","Villanueva","Santander",996,"VOTOS EN BLANCO","Presidencia 2da vuelta",46,6764,"#dddddd","OTROS"
"4326",2022,13,0,27,"68872","Villanueva","Santander",997,"VOTOS NULOS","Presidencia 2da vuelta",14,6764,"#808080","VOTOS NULOS"
"4327",2022,13,0,27,"68872","Villanueva","Santander",998,"VOTOS NO MARCADOS","Presidencia 2da vuelta",5,6764,"#dddddd","OTROS"
"4328",2022,13,0,27,"68895","Zapatoca","Santander",1076,"LIGA DE GOBERNANTES ANTICORRUPCION","Presidencia 2da vuelta",4434,7348,"#f07605","LIGA DE GOBERNANTES ANTICORRUPCION"
"4329",2022,13,0,27,"68895","Zapatoca","Santander",1235,"COALICION PACTO HISTORICO","Presidencia 2da vuelta",832,7348,"#1b3383","COALICION PACTO HISTORICO"
"4330",2022,13,0,27,"68895","Zapatoca","Santander",996,"VOTOS EN BLANCO","Presidencia 2da vuelta",54,7348,"#dddddd","OTROS"
"4331",2022,13,0,27,"68895","Zapatoca","Santander",997,"VOTOS NULOS","Presidencia 2da vuelta",23,7348,"#808080","VOTOS NULOS"
"4332",2022,13,0,27,"68895","Zapatoca","Santander",998,"VOTOS NO MARCADOS","Presidencia 2da vuelta",4,7348,"#dddddd","OTROS"
"4333",2022,13,0,28,"70001","Sincelejo","Sucre",1235,"COALICION PACTO HISTORICO","Presidencia 2da vuelta",87262,7490,"#1b3383","COALICION PACTO HISTORICO"
"4334",2022,13,0,28,"70001","Sincelejo","Sucre",1076,"LIGA DE GOBERNANTES ANTICORRUPCION","Presidencia 2da vuelta",38537,7490,"#f07605","LIGA DE GOBERNANTES ANTICORRUPCION"
"4335",2022,13,0,28,"70001","Sincelejo","Sucre",996,"VOTOS EN BLANCO","Presidencia 2da vuelta",2336,7490,"#dddddd","OTROS"
"4336",2022,13,0,28,"70001","Sincelejo","Sucre",997,"VOTOS NULOS","Presidencia 2da vuelta",1270,7490,"#808080","VOTOS NULOS"
"4337",2022,13,0,28,"70001","Sincelejo","Sucre",998,"VOTOS NO MARCADOS","Presidencia 2da vuelta",116,7490,"#dddddd","OTROS"
"4338",2022,13,0,28,"70110","Buenavista","Sucre",1235,"COALICION PACTO HISTORICO","Presidencia 2da vuelta",3426,9421,"#1b3383","COALICION PACTO HISTORICO"
"4339",2022,13,0,28,"70110","Buenavista","Sucre",1076,"LIGA DE GOBERNANTES ANTICORRUPCION","Presidencia 2da vuelta",1865,9421,"#f07605","LIGA DE GOBERNANTES ANTICORRUPCION"
"4340",2022,13,0,28,"70110","Buenavista","Sucre",996,"VOTOS EN BLANCO","Presidencia 2da vuelta",75,9421,"#dddddd","OTROS"
"4341",2022,13,0,28,"70110","Buenavista","Sucre",997,"VOTOS NULOS","Presidencia 2da vuelta",32,9421,"#808080","VOTOS NULOS"
"4342",2022,13,0,28,"70110","Buenavista","Sucre",998,"VOTOS NO MARCADOS","Presidencia 2da vuelta",7,9421,"#dddddd","OTROS"
"4343",2022,13,0,28,"70124","Caimito","Sucre",1235,"COALICION PACTO HISTORICO","Presidencia 2da vuelta",4051,5215,"#1b3383","COALICION PACTO HISTORICO"
"4344",2022,13,0,28,"70124","Caimito","Sucre",1076,"LIGA DE GOBERNANTES ANTICORRUPCION","Presidencia 2da vuelta",1493,5215,"#f07605","LIGA DE GOBERNANTES ANTICORRUPCION"
"4345",2022,13,0,28,"70124","Caimito","Sucre",996,"VOTOS EN BLANCO","Presidencia 2da vuelta",72,5215,"#dddddd","OTROS"
"4346",2022,13,0,28,"70124","Caimito","Sucre",997,"VOTOS NULOS","Presidencia 2da vuelta",41,5215,"#808080","VOTOS NULOS"
"4347",2022,13,0,28,"70124","Caimito","Sucre",998,"VOTOS NO MARCADOS","Presidencia 2da vuelta",7,5215,"#dddddd","OTROS"
"4348",2022,13,0,28,"70204","Coloso","Sucre",1235,"COALICION PACTO HISTORICO","Presidencia 2da vuelta",3169,6312,"#1b3383","COALICION PACTO HISTORICO"
"4349",2022,13,0,28,"70204","Coloso","Sucre",1076,"LIGA DE GOBERNANTES ANTICORRUPCION","Presidencia 2da vuelta",1509,6312,"#f07605","LIGA DE GOBERNANTES ANTICORRUPCION"
"4350",2022,13,0,28,"70204","Coloso","Sucre",996,"VOTOS EN BLANCO","Presidencia 2da vuelta",87,6312,"#dddddd","OTROS"
"4351",2022,13,0,28,"70204","Coloso","Sucre",997,"VOTOS NULOS","Presidencia 2da vuelta",32,6312,"#808080","VOTOS NULOS"
"4352",2022,13,0,28,"70204","Coloso","Sucre",998,"VOTOS NO MARCADOS","Presidencia 2da vuelta",12,6312,"#dddddd","OTROS"
"4353",2022,13,0,28,"70215","Corozal","Sucre",1235,"COALICION PACTO HISTORICO","Presidencia 2da vuelta",21143,4947,"#1b3383","COALICION PACTO HISTORICO"
"4354",2022,13,0,28,"70215","Corozal","Sucre",1076,"LIGA DE GOBERNANTES ANTICORRUPCION","Presidencia 2da vuelta",9209,4947,"#f07605","LIGA DE GOBERNANTES ANTICORRUPCION"
"4355",2022,13,0,28,"70215","Corozal","Sucre",996,"VOTOS EN BLANCO","Presidencia 2da vuelta",518,4947,"#dddddd","OTROS"
"4356",2022,13,0,28,"70215","Corozal","Sucre",997,"VOTOS NULOS","Presidencia 2da vuelta",273,4947,"#808080","VOTOS NULOS"
"4357",2022,13,0,28,"70215","Corozal","Sucre",998,"VOTOS NO MARCADOS","Presidencia 2da vuelta",31,4947,"#dddddd","OTROS"
"4358",2022,13,0,28,"70221","Coveñas","Sucre",1235,"COALICION PACTO HISTORICO","Presidencia 2da vuelta",4379,9324,"#1b3383","COALICION PACTO HISTORICO"
"4359",2022,13,0,28,"70221","Coveñas","Sucre",1076,"LIGA DE GOBERNANTES ANTICORRUPCION","Presidencia 2da vuelta",2801,9324,"#f07605","LIGA DE GOBERNANTES ANTICORRUPCION"
"4360",2022,13,0,28,"70221","Coveñas","Sucre",996,"VOTOS EN BLANCO","Presidencia 2da vuelta",130,9324,"#dddddd","OTROS"
"4361",2022,13,0,28,"70221","Coveñas","Sucre",997,"VOTOS NULOS","Presidencia 2da vuelta",59,9324,"#808080","VOTOS NULOS"
"4362",2022,13,0,28,"70221","Coveñas","Sucre",998,"VOTOS NO MARCADOS","Presidencia 2da vuelta",13,9324,"#dddddd","OTROS"
"4363",2022,13,0,28,"70230","Chalán","Sucre",1235,"COALICION PACTO HISTORICO","Presidencia 2da vuelta",1442,4194,"#1b3383","COALICION PACTO HISTORICO"
"4364",2022,13,0,28,"70230","Chalán","Sucre",1076,"LIGA DE GOBERNANTES ANTICORRUPCION","Presidencia 2da vuelta",1027,4194,"#f07605","LIGA DE GOBERNANTES ANTICORRUPCION"
"4365",2022,13,0,28,"70230","Chalán","Sucre",996,"VOTOS EN BLANCO","Presidencia 2da vuelta",36,4194,"#dddddd","OTROS"
"4366",2022,13,0,28,"70230","Chalán","Sucre",997,"VOTOS NULOS","Presidencia 2da vuelta",21,4194,"#808080","VOTOS NULOS"
"4367",2022,13,0,28,"70230","Chalán","Sucre",998,"VOTOS NO MARCADOS","Presidencia 2da vuelta",5,4194,"#dddddd","OTROS"
"4368",2022,13,0,28,"70233","El Roble","Sucre",1235,"COALICION PACTO HISTORICO","Presidencia 2da vuelta",4469,4507,"#1b3383","COALICION PACTO HISTORICO"
"4369",2022,13,0,28,"70233","El Roble","Sucre",1076,"LIGA DE GOBERNANTES ANTICORRUPCION","Presidencia 2da vuelta",1396,4507,"#f07605","LIGA DE GOBERNANTES ANTICORRUPCION"
"4370",2022,13,0,28,"70233","El Roble","Sucre",996,"VOTOS EN BLANCO","Presidencia 2da vuelta",51,4507,"#dddddd","OTROS"
"4371",2022,13,0,28,"70233","El Roble","Sucre",997,"VOTOS NULOS","Presidencia 2da vuelta",21,4507,"#808080","VOTOS NULOS"
"4372",2022,13,0,28,"70233","El Roble","Sucre",998,"VOTOS NO MARCADOS","Presidencia 2da vuelta",3,4507,"#dddddd","OTROS"
"4373",2022,13,0,28,"70235","Galeras","Sucre",1076,"LIGA DE GOBERNANTES ANTICORRUPCION","Presidencia 2da vuelta",5835,13323,"#f07605","LIGA DE GOBERNANTES ANTICORRUPCION"
"4374",2022,13,0,28,"70235","Galeras","Sucre",1235,"COALICION PACTO HISTORICO","Presidencia 2da vuelta",3581,13323,"#1b3383","COALICION PACTO HISTORICO"
"4375",2022,13,0,28,"70235","Galeras","Sucre",996,"VOTOS EN BLANCO","Presidencia 2da vuelta",210,13323,"#dddddd","OTROS"
"4376",2022,13,0,28,"70235","Galeras","Sucre",997,"VOTOS NULOS","Presidencia 2da vuelta",82,13323,"#808080","VOTOS NULOS"
"4377",2022,13,0,28,"70235","Galeras","Sucre",998,"VOTOS NO MARCADOS","Presidencia 2da vuelta",18,13323,"#dddddd","OTROS"
"4378",2022,13,0,28,"70265","Guaranda","Sucre",1076,"LIGA DE GOBERNANTES ANTICORRUPCION","Presidencia 2da vuelta",3901,8375,"#f07605","LIGA DE GOBERNANTES ANTICORRUPCION"
"4379",2022,13,0,28,"70265","Guaranda","Sucre",1235,"COALICION PACTO HISTORICO","Presidencia 2da vuelta",2131,8375,"#1b3383","COALICION PACTO HISTORICO"
"4380",2022,13,0,28,"70265","Guaranda","Sucre",996,"VOTOS EN BLANCO","Presidencia 2da vuelta",97,8375,"#dddddd","OTROS"
"4381",2022,13,0,28,"70265","Guaranda","Sucre",997,"VOTOS NULOS","Presidencia 2da vuelta",24,8375,"#808080","VOTOS NULOS"
"4382",2022,13,0,28,"70265","Guaranda","Sucre",998,"VOTOS NO MARCADOS","Presidencia 2da vuelta",12,8375,"#dddddd","OTROS"
"4383",2022,13,0,28,"70400","La Unión","Sucre",1235,"COALICION PACTO HISTORICO","Presidencia 2da vuelta",4163,7214,"#1b3383","COALICION PACTO HISTORICO"
"4384",2022,13,0,28,"70400","La Unión","Sucre",1076,"LIGA DE GOBERNANTES ANTICORRUPCION","Presidencia 2da vuelta",1591,7214,"#f07605","LIGA DE GOBERNANTES ANTICORRUPCION"
"4385",2022,13,0,28,"70400","La Unión","Sucre",996,"VOTOS EN BLANCO","Presidencia 2da vuelta",84,7214,"#dddddd","OTROS"
"4386",2022,13,0,28,"70400","La Unión","Sucre",997,"VOTOS NULOS","Presidencia 2da vuelta",35,7214,"#808080","VOTOS NULOS"
"4387",2022,13,0,28,"70400","La Unión","Sucre",998,"VOTOS NO MARCADOS","Presidencia 2da vuelta",11,7214,"#dddddd","OTROS"
"4388",2022,13,0,28,"70418","Los Palmitos","Sucre",1235,"COALICION PACTO HISTORICO","Presidencia 2da vuelta",9659,11075,"#1b3383","COALICION PACTO HISTORICO"
"4389",2022,13,0,28,"70418","Los Palmitos","Sucre",1076,"LIGA DE GOBERNANTES ANTICORRUPCION","Presidencia 2da vuelta",2921,11075,"#f07605","LIGA DE GOBERNANTES ANTICORRUPCION"
"4390",2022,13,0,28,"70418","Los Palmitos","Sucre",996,"VOTOS EN BLANCO","Presidencia 2da vuelta",163,11075,"#dddddd","OTROS"
"4391",2022,13,0,28,"70418","Los Palmitos","Sucre",997,"VOTOS NULOS","Presidencia 2da vuelta",65,11075,"#808080","VOTOS NULOS"
"4392",2022,13,0,28,"70418","Los Palmitos","Sucre",998,"VOTOS NO MARCADOS","Presidencia 2da vuelta",4,11075,"#dddddd","OTROS"
"4393",2022,13,0,28,"70429","Majagual","Sucre",1076,"LIGA DE GOBERNANTES ANTICORRUPCION","Presidencia 2da vuelta",9228,10251,"#f07605","LIGA DE GOBERNANTES ANTICORRUPCION"
"4394",2022,13,0,28,"70429","Majagual","Sucre",1235,"COALICION PACTO HISTORICO","Presidencia 2da vuelta",4469,10251,"#1b3383","COALICION PACTO HISTORICO"
"4395",2022,13,0,28,"70429","Majagual","Sucre",996,"VOTOS EN BLANCO","Presidencia 2da vuelta",148,10251,"#dddddd","OTROS"
"4396",2022,13,0,28,"70429","Majagual","Sucre",997,"VOTOS NULOS","Presidencia 2da vuelta",62,10251,"#808080","VOTOS NULOS"
"4397",2022,13,0,28,"70429","Majagual","Sucre",998,"VOTOS NO MARCADOS","Presidencia 2da vuelta",20,10251,"#dddddd","OTROS"
"4398",2022,13,0,28,"70473","Morroa","Sucre",1235,"COALICION PACTO HISTORICO","Presidencia 2da vuelta",6515,10409,"#1b3383","COALICION PACTO HISTORICO"
"4399",2022,13,0,28,"70473","Morroa","Sucre",1076,"LIGA DE GOBERNANTES ANTICORRUPCION","Presidencia 2da vuelta",2670,10409,"#f07605","LIGA DE GOBERNANTES ANTICORRUPCION"
"4400",2022,13,0,28,"70473","Morroa","Sucre",996,"VOTOS EN BLANCO","Presidencia 2da vuelta",120,10409,"#dddddd","OTROS"
"4401",2022,13,0,28,"70473","Morroa","Sucre",997,"VOTOS NULOS","Presidencia 2da vuelta",81,10409,"#808080","VOTOS NULOS"
"4402",2022,13,0,28,"70473","Morroa","Sucre",998,"VOTOS NO MARCADOS","Presidencia 2da vuelta",8,10409,"#dddddd","OTROS"
"4403",2022,13,0,28,"70508","Ovejas","Sucre",1235,"COALICION PACTO HISTORICO","Presidencia 2da vuelta",9047,13685,"#1b3383","COALICION PACTO HISTORICO"
"4404",2022,13,0,28,"70508","Ovejas","Sucre",1076,"LIGA DE GOBERNANTES ANTICORRUPCION","Presidencia 2da vuelta",3981,13685,"#f07605","LIGA DE GOBERNANTES ANTICORRUPCION"
"4405",2022,13,0,28,"70508","Ovejas","Sucre",996,"VOTOS EN BLANCO","Presidencia 2da vuelta",134,13685,"#dddddd","OTROS"
"4406",2022,13,0,28,"70508","Ovejas","Sucre",997,"VOTOS NULOS","Presidencia 2da vuelta",74,13685,"#808080","VOTOS NULOS"
"4407",2022,13,0,28,"70508","Ovejas","Sucre",998,"VOTOS NO MARCADOS","Presidencia 2da vuelta",10,13685,"#dddddd","OTROS"
"4408",2022,13,0,28,"70523","Palmito","Sucre",1235,"COALICION PACTO HISTORICO","Presidencia 2da vuelta",4522,6893,"#1b3383","COALICION PACTO HISTORICO"
"4409",2022,13,0,28,"70523","Palmito","Sucre",1076,"LIGA DE GOBERNANTES ANTICORRUPCION","Presidencia 2da vuelta",2659,6893,"#f07605","LIGA DE GOBERNANTES ANTICORRUPCION"
"4410",2022,13,0,28,"70523","Palmito","Sucre",996,"VOTOS EN BLANCO","Presidencia 2da vuelta",82,6893,"#dddddd","OTROS"
"4411",2022,13,0,28,"70523","Palmito","Sucre",997,"VOTOS NULOS","Presidencia 2da vuelta",39,6893,"#808080","VOTOS NULOS"
"4412",2022,13,0,28,"70523","Palmito","Sucre",998,"VOTOS NO MARCADOS","Presidencia 2da vuelta",19,6893,"#dddddd","OTROS"
"4413",2022,13,0,28,"70670","Sampués","Sucre",1235,"COALICION PACTO HISTORICO","Presidencia 2da vuelta",14395,18446,"#1b3383","COALICION PACTO HISTORICO"
"4414",2022,13,0,28,"70670","Sampués","Sucre",1076,"LIGA DE GOBERNANTES ANTICORRUPCION","Presidencia 2da vuelta",6099,18446,"#f07605","LIGA DE GOBERNANTES ANTICORRUPCION"
"4415",2022,13,0,28,"70670","Sampués","Sucre",996,"VOTOS EN BLANCO","Presidencia 2da vuelta",380,18446,"#dddddd","OTROS"
"4416",2022,13,0,28,"70670","Sampués","Sucre",997,"VOTOS NULOS","Presidencia 2da vuelta",195,18446,"#808080","VOTOS NULOS"
"4417",2022,13,0,28,"70670","Sampués","Sucre",998,"VOTOS NO MARCADOS","Presidencia 2da vuelta",31,18446,"#dddddd","OTROS"
"4418",2022,13,0,28,"70678","San Benito Abad","Sucre",1235,"COALICION PACTO HISTORICO","Presidencia 2da vuelta",6318,6415,"#1b3383","COALICION PACTO HISTORICO"
"4419",2022,13,0,28,"70678","San Benito Abad","Sucre",1076,"LIGA DE GOBERNANTES ANTICORRUPCION","Presidencia 2da vuelta",3981,6415,"#f07605","LIGA DE GOBERNANTES ANTICORRUPCION"
"4420",2022,13,0,28,"70678","San Benito Abad","Sucre",996,"VOTOS EN BLANCO","Presidencia 2da vuelta",85,6415,"#dddddd","OTROS"
"4421",2022,13,0,28,"70678","San Benito Abad","Sucre",997,"VOTOS NULOS","Presidencia 2da vuelta",47,6415,"#808080","VOTOS NULOS"
"4422",2022,13,0,28,"70678","San Benito Abad","Sucre",998,"VOTOS NO MARCADOS","Presidencia 2da vuelta",7,6415,"#dddddd","OTROS"
"4423",2022,13,0,28,"70702","San Juan de Betulia","Sucre",1235,"COALICION PACTO HISTORICO","Presidencia 2da vuelta",5179,7597,"#1b3383","COALICION PACTO HISTORICO"
"4424",2022,13,0,28,"70702","San Juan de Betulia","Sucre",1076,"LIGA DE GOBERNANTES ANTICORRUPCION","Presidencia 2da vuelta",2388,7597,"#f07605","LIGA DE GOBERNANTES ANTICORRUPCION"
"4425",2022,13,0,28,"70702","San Juan de Betulia","Sucre",996,"VOTOS EN BLANCO","Presidencia 2da vuelta",88,7597,"#dddddd","OTROS"
"4426",2022,13,0,28,"70702","San Juan de Betulia","Sucre",997,"VOTOS NULOS","Presidencia 2da vuelta",42,7597,"#808080","VOTOS NULOS"
"4427",2022,13,0,28,"70702","San Juan de Betulia","Sucre",998,"VOTOS NO MARCADOS","Presidencia 2da vuelta",12,7597,"#dddddd","OTROS"
"4428",2022,13,0,28,"70708","San Marcos","Sucre",1235,"COALICION PACTO HISTORICO","Presidencia 2da vuelta",13061,7676,"#1b3383","COALICION PACTO HISTORICO"
"4429",2022,13,0,28,"70708","San Marcos","Sucre",1076,"LIGA DE GOBERNANTES ANTICORRUPCION","Presidencia 2da vuelta",8974,7676,"#f07605","LIGA DE GOBERNANTES ANTICORRUPCION"
"4430",2022,13,0,28,"70708","San Marcos","Sucre",996,"VOTOS EN BLANCO","Presidencia 2da vuelta",339,7676,"#dddddd","OTROS"
"4431",2022,13,0,28,"70708","San Marcos","Sucre",997,"VOTOS NULOS","Presidencia 2da vuelta",180,7676,"#808080","VOTOS NULOS"
"4432",2022,13,0,28,"70708","San Marcos","Sucre",998,"VOTOS NO MARCADOS","Presidencia 2da vuelta",38,7676,"#dddddd","OTROS"
"4433",2022,13,0,28,"70713","San Onofre","Sucre",1235,"COALICION PACTO HISTORICO","Presidencia 2da vuelta",13682,2972,"#1b3383","COALICION PACTO HISTORICO"
"4434",2022,13,0,28,"70713","San Onofre","Sucre",1076,"LIGA DE GOBERNANTES ANTICORRUPCION","Presidencia 2da vuelta",6045,2972,"#f07605","LIGA DE GOBERNANTES ANTICORRUPCION"
"4435",2022,13,0,28,"70713","San Onofre","Sucre",996,"VOTOS EN BLANCO","Presidencia 2da vuelta",278,2972,"#dddddd","OTROS"
"4436",2022,13,0,28,"70713","San Onofre","Sucre",997,"VOTOS NULOS","Presidencia 2da vuelta",180,2972,"#808080","VOTOS NULOS"
"4437",2022,13,0,28,"70713","San Onofre","Sucre",998,"VOTOS NO MARCADOS","Presidencia 2da vuelta",48,2972,"#dddddd","OTROS"
"4438",2022,13,0,28,"70717","San Pedro","Sucre",1235,"COALICION PACTO HISTORICO","Presidencia 2da vuelta",5960,15037,"#1b3383","COALICION PACTO HISTORICO"
"4439",2022,13,0,28,"70717","San Pedro","Sucre",1076,"LIGA DE GOBERNANTES ANTICORRUPCION","Presidencia 2da vuelta",3618,15037,"#f07605","LIGA DE GOBERNANTES ANTICORRUPCION"
"4440",2022,13,0,28,"70717","San Pedro","Sucre",996,"VOTOS EN BLANCO","Presidencia 2da vuelta",157,15037,"#dddddd","OTROS"
"4441",2022,13,0,28,"70717","San Pedro","Sucre",997,"VOTOS NULOS","Presidencia 2da vuelta",62,15037,"#808080","VOTOS NULOS"
"4442",2022,13,0,28,"70717","San Pedro","Sucre",998,"VOTOS NO MARCADOS","Presidencia 2da vuelta",21,15037,"#dddddd","OTROS"
"4443",2022,13,0,28,"70742","San Luis de Sincé","Sucre",1235,"COALICION PACTO HISTORICO","Presidencia 2da vuelta",8373,4084,"#1b3383","COALICION PACTO HISTORICO"
"4444",2022,13,0,28,"70742","San Luis de Sincé","Sucre",1076,"LIGA DE GOBERNANTES ANTICORRUPCION","Presidencia 2da vuelta",6310,4084,"#f07605","LIGA DE GOBERNANTES ANTICORRUPCION"
"4445",2022,13,0,28,"70742","San Luis de Sincé","Sucre",996,"VOTOS EN BLANCO","Presidencia 2da vuelta",269,4084,"#dddddd","OTROS"
"4446",2022,13,0,28,"70742","San Luis de Sincé","Sucre",997,"VOTOS NULOS","Presidencia 2da vuelta",168,4084,"#808080","VOTOS NULOS"
"4447",2022,13,0,28,"70742","San Luis de Sincé","Sucre",998,"VOTOS NO MARCADOS","Presidencia 2da vuelta",18,4084,"#dddddd","OTROS"
"4448",2022,13,0,28,"70771","Sucre","Sucre",1076,"LIGA DE GOBERNANTES ANTICORRUPCION","Presidencia 2da vuelta",5124,6348,"#f07605","LIGA DE GOBERNANTES ANTICORRUPCION"
"4449",2022,13,0,28,"70771","Sucre","Sucre",1235,"COALICION PACTO HISTORICO","Presidencia 2da vuelta",4143,6348,"#1b3383","COALICION PACTO HISTORICO"
"4450",2022,13,0,28,"70771","Sucre","Sucre",996,"VOTOS EN BLANCO","Presidencia 2da vuelta",99,6348,"#dddddd","OTROS"
"4451",2022,13,0,28,"70771","Sucre","Sucre",997,"VOTOS NULOS","Presidencia 2da vuelta",33,6348,"#808080","VOTOS NULOS"
"4452",2022,13,0,28,"70771","Sucre","Sucre",998,"VOTOS NO MARCADOS","Presidencia 2da vuelta",14,6348,"#dddddd","OTROS"
"4453",2022,13,0,28,"70820","Santiago de Tolú","Sucre",1235,"COALICION PACTO HISTORICO","Presidencia 2da vuelta",10498,4321,"#1b3383","COALICION PACTO HISTORICO"
"4454",2022,13,0,28,"70820","Santiago de Tolú","Sucre",1076,"LIGA DE GOBERNANTES ANTICORRUPCION","Presidencia 2da vuelta",2990,4321,"#f07605","LIGA DE GOBERNANTES ANTICORRUPCION"
"4455",2022,13,0,28,"70820","Santiago de Tolú","Sucre",996,"VOTOS EN BLANCO","Presidencia 2da vuelta",249,4321,"#dddddd","OTROS"
"4456",2022,13,0,28,"70820","Santiago de Tolú","Sucre",997,"VOTOS NULOS","Presidencia 2da vuelta",170,4321,"#808080","VOTOS NULOS"
"4457",2022,13,0,28,"70820","Santiago de Tolú","Sucre",998,"VOTOS NO MARCADOS","Presidencia 2da vuelta",23,4321,"#dddddd","OTROS"
"4458",2022,13,0,28,"70823","Tolú Viejo","Sucre",1235,"COALICION PACTO HISTORICO","Presidencia 2da vuelta",7496,7079,"#1b3383","COALICION PACTO HISTORICO"
"4459",2022,13,0,28,"70823","Tolú Viejo","Sucre",1076,"LIGA DE GOBERNANTES ANTICORRUPCION","Presidencia 2da vuelta",4255,7079,"#f07605","LIGA DE GOBERNANTES ANTICORRUPCION"
"4460",2022,13,0,28,"70823","Tolú Viejo","Sucre",996,"VOTOS EN BLANCO","Presidencia 2da vuelta",215,7079,"#dddddd","OTROS"
"4461",2022,13,0,28,"70823","Tolú Viejo","Sucre",997,"VOTOS NULOS","Presidencia 2da vuelta",98,7079,"#808080","VOTOS NULOS"
"4462",2022,13,0,28,"70823","Tolú Viejo","Sucre",998,"VOTOS NO MARCADOS","Presidencia 2da vuelta",18,7079,"#dddddd","OTROS"
"4463",2022,13,0,29,"73001","Ibagué","Tolima",1076,"LIGA DE GOBERNANTES ANTICORRUPCION","Presidencia 2da vuelta",151789,8659,"#f07605","LIGA DE GOBERNANTES ANTICORRUPCION"
"4464",2022,13,0,29,"73001","Ibagué","Tolima",1235,"COALICION PACTO HISTORICO","Presidencia 2da vuelta",124607,8659,"#1b3383","COALICION PACTO HISTORICO"
"4465",2022,13,0,29,"73001","Ibagué","Tolima",996,"VOTOS EN BLANCO","Presidencia 2da vuelta",6901,8659,"#dddddd","OTROS"
"4466",2022,13,0,29,"73001","Ibagué","Tolima",997,"VOTOS NULOS","Presidencia 2da vuelta",4343,8659,"#808080","VOTOS NULOS"
"4467",2022,13,0,29,"73001","Ibagué","Tolima",998,"VOTOS NO MARCADOS","Presidencia 2da vuelta",222,4834,"#dddddd","OTROS"
"4468",2022,13,0,29,"73024","Alpujarra","Tolima",1076,"LIGA DE GOBERNANTES ANTICORRUPCION","Presidencia 2da vuelta",1653,2450,"#f07605","LIGA DE GOBERNANTES ANTICORRUPCION"
"4469",2022,13,0,29,"73024","Alpujarra","Tolima",1235,"COALICION PACTO HISTORICO","Presidencia 2da vuelta",440,2450,"#1b3383","COALICION PACTO HISTORICO"
"4470",2022,13,0,29,"73024","Alpujarra","Tolima",997,"VOTOS NULOS","Presidencia 2da vuelta",35,2450,"#808080","VOTOS NULOS"
"4471",2022,13,0,29,"73024","Alpujarra","Tolima",996,"VOTOS EN BLANCO","Presidencia 2da vuelta",26,2450,"#dddddd","OTROS"
"4472",2022,13,0,29,"73024","Alpujarra","Tolima",998,"VOTOS NO MARCADOS","Presidencia 2da vuelta",2,2450,"#dddddd","OTROS"
"4473",2022,13,0,29,"73026","Alvarado","Tolima",1076,"LIGA DE GOBERNANTES ANTICORRUPCION","Presidencia 2da vuelta",2883,5354,"#f07605","LIGA DE GOBERNANTES ANTICORRUPCION"
"4474",2022,13,0,29,"73026","Alvarado","Tolima",1235,"COALICION PACTO HISTORICO","Presidencia 2da vuelta",1672,5354,"#1b3383","COALICION PACTO HISTORICO"
"4475",2022,13,0,29,"73026","Alvarado","Tolima",997,"VOTOS NULOS","Presidencia 2da vuelta",59,5354,"#808080","VOTOS NULOS"
"4476",2022,13,0,29,"73026","Alvarado","Tolima",996,"VOTOS EN BLANCO","Presidencia 2da vuelta",56,5354,"#dddddd","OTROS"
"4477",2022,13,0,29,"73026","Alvarado","Tolima",998,"VOTOS NO MARCADOS","Presidencia 2da vuelta",10,5354,"#dddddd","OTROS"
"4478",2022,13,0,29,"73030","Ambalema","Tolima",1076,"LIGA DE GOBERNANTES ANTICORRUPCION","Presidencia 2da vuelta",2114,5977,"#f07605","LIGA DE GOBERNANTES ANTICORRUPCION"
"4479",2022,13,0,29,"73030","Ambalema","Tolima",1235,"COALICION PACTO HISTORICO","Presidencia 2da vuelta",1499,5977,"#1b3383","COALICION PACTO HISTORICO"
"4480",2022,13,0,29,"73030","Ambalema","Tolima",997,"VOTOS NULOS","Presidencia 2da vuelta",69,5977,"#808080","VOTOS NULOS"
"4481",2022,13,0,29,"73030","Ambalema","Tolima",996,"VOTOS EN BLANCO","Presidencia 2da vuelta",31,5977,"#dddddd","OTROS"
"4482",2022,13,0,29,"73030","Ambalema","Tolima",998,"VOTOS NO MARCADOS","Presidencia 2da vuelta",5,5977,"#dddddd","OTROS"
"4483",2022,13,0,29,"73043","Anzoátegui","Tolima",1076,"LIGA DE GOBERNANTES ANTICORRUPCION","Presidencia 2da vuelta",3133,6262,"#f07605","LIGA DE GOBERNANTES ANTICORRUPCION"
"4484",2022,13,0,29,"73043","Anzoátegui","Tolima",1235,"COALICION PACTO HISTORICO","Presidencia 2da vuelta",979,6262,"#1b3383","COALICION PACTO HISTORICO"
"4485",2022,13,0,29,"73043","Anzoátegui","Tolima",996,"VOTOS EN BLANCO","Presidencia 2da vuelta",49,6262,"#dddddd","OTROS"
"4486",2022,13,0,29,"73043","Anzoátegui","Tolima",997,"VOTOS NULOS","Presidencia 2da vuelta",30,6262,"#808080","VOTOS NULOS"
"4487",2022,13,0,29,"73043","Anzoátegui","Tolima",998,"VOTOS NO MARCADOS","Presidencia 2da vuelta",7,6262,"#dddddd","OTROS"
"4488",2022,13,0,29,"73055","Armero","Tolima",1235,"COALICION PACTO HISTORICO","Presidencia 2da vuelta",2900,9036,"#1b3383","COALICION PACTO HISTORICO"
"4489",2022,13,0,29,"73055","Armero","Tolima",1076,"LIGA DE GOBERNANTES ANTICORRUPCION","Presidencia 2da vuelta",2878,9036,"#f07605","LIGA DE GOBERNANTES ANTICORRUPCION"
"4490",2022,13,0,29,"73055","Armero","Tolima",997,"VOTOS NULOS","Presidencia 2da vuelta",114,9036,"#808080","VOTOS NULOS"
"4491",2022,13,0,29,"73055","Armero","Tolima",996,"VOTOS EN BLANCO","Presidencia 2da vuelta",109,9036,"#dddddd","OTROS"
"4492",2022,13,0,29,"73055","Armero","Tolima",998,"VOTOS NO MARCADOS","Presidencia 2da vuelta",7,9036,"#dddddd","OTROS"
"4493",2022,13,0,29,"73067","Ataco","Tolima",1076,"LIGA DE GOBERNANTES ANTICORRUPCION","Presidencia 2da vuelta",6708,5470,"#f07605","LIGA DE GOBERNANTES ANTICORRUPCION"
"4494",2022,13,0,29,"73067","Ataco","Tolima",1235,"COALICION PACTO HISTORICO","Presidencia 2da vuelta",1479,5470,"#1b3383","COALICION PACTO HISTORICO"
"4495",2022,13,0,29,"73067","Ataco","Tolima",996,"VOTOS EN BLANCO","Presidencia 2da vuelta",62,5470,"#dddddd","OTROS"
"4496",2022,13,0,29,"73067","Ataco","Tolima",997,"VOTOS NULOS","Presidencia 2da vuelta",39,5470,"#808080","VOTOS NULOS"
"4497",2022,13,0,29,"73067","Ataco","Tolima",998,"VOTOS NO MARCADOS","Presidencia 2da vuelta",7,5470,"#dddddd","OTROS"
"4498",2022,13,0,29,"73124","Cajamarca","Tolima",1076,"LIGA DE GOBERNANTES ANTICORRUPCION","Presidencia 2da vuelta",6123,5566,"#f07605","LIGA DE GOBERNANTES ANTICORRUPCION"
"4499",2022,13,0,29,"73124","Cajamarca","Tolima",1235,"COALICION PACTO HISTORICO","Presidencia 2da vuelta",2998,5566,"#1b3383","COALICION PACTO HISTORICO"
"4500",2022,13,0,29,"73124","Cajamarca","Tolima",996,"VOTOS EN BLANCO","Presidencia 2da vuelta",132,5566,"#dddddd","OTROS"
"4501",2022,13,0,29,"73124","Cajamarca","Tolima",997,"VOTOS NULOS","Presidencia 2da vuelta",113,5566,"#808080","VOTOS NULOS"
"4502",2022,13,0,29,"73124","Cajamarca","Tolima",998,"VOTOS NO MARCADOS","Presidencia 2da vuelta",11,5566,"#dddddd","OTROS"
"4503",2022,13,0,29,"73148","Carmen de Apicalá","Tolima",1076,"LIGA DE GOBERNANTES ANTICORRUPCION","Presidencia 2da vuelta",4300,9532,"#f07605","LIGA DE GOBERNANTES ANTICORRUPCION"
"4504",2022,13,0,29,"73148","Carmen de Apicalá","Tolima",1235,"COALICION PACTO HISTORICO","Presidencia 2da vuelta",1481,9532,"#1b3383","COALICION PACTO HISTORICO"
"4505",2022,13,0,29,"73148","Carmen de Apicalá","Tolima",996,"VOTOS EN BLANCO","Presidencia 2da vuelta",79,9532,"#dddddd","OTROS"
"4506",2022,13,0,29,"73148","Carmen de Apicalá","Tolima",997,"VOTOS NULOS","Presidencia 2da vuelta",70,9532,"#808080","VOTOS NULOS"
"4507",2022,13,0,29,"73148","Carmen de Apicalá","Tolima",998,"VOTOS NO MARCADOS","Presidencia 2da vuelta",5,9532,"#dddddd","OTROS"
"4508",2022,13,0,29,"73152","Casabianca","Tolima",1076,"LIGA DE GOBERNANTES ANTICORRUPCION","Presidencia 2da vuelta",2144,4482,"#f07605","LIGA DE GOBERNANTES ANTICORRUPCION"
"4509",2022,13,0,29,"73152","Casabianca","Tolima",1235,"COALICION PACTO HISTORICO","Presidencia 2da vuelta",723,4482,"#1b3383","COALICION PACTO HISTORICO"
"4510",2022,13,0,29,"73152","Casabianca","Tolima",996,"VOTOS EN BLANCO","Presidencia 2da vuelta",67,4482,"#dddddd","OTROS"
"4511",2022,13,0,29,"73152","Casabianca","Tolima",997,"VOTOS NULOS","Presidencia 2da vuelta",44,4482,"#808080","VOTOS NULOS"
"4512",2022,13,0,29,"73152","Casabianca","Tolima",998,"VOTOS NO MARCADOS","Presidencia 2da vuelta",12,4482,"#dddddd","OTROS"
"4513",2022,13,0,29,"73168","Chaparral","Tolima",1076,"LIGA DE GOBERNANTES ANTICORRUPCION","Presidencia 2da vuelta",12156,6991,"#f07605","LIGA DE GOBERNANTES ANTICORRUPCION"
"4514",2022,13,0,29,"73168","Chaparral","Tolima",1235,"COALICION PACTO HISTORICO","Presidencia 2da vuelta",6763,6991,"#1b3383","COALICION PACTO HISTORICO"
"4515",2022,13,0,29,"73168","Chaparral","Tolima",996,"VOTOS EN BLANCO","Presidencia 2da vuelta",375,6991,"#dddddd","OTROS"
"4516",2022,13,0,29,"73168","Chaparral","Tolima",997,"VOTOS NULOS","Presidencia 2da vuelta",322,6991,"#808080","VOTOS NULOS"
"4517",2022,13,0,29,"73168","Chaparral","Tolima",998,"VOTOS NO MARCADOS","Presidencia 2da vuelta",45,6991,"#dddddd","OTROS"
"4518",2022,13,0,29,"73200","Coello","Tolima",1076,"LIGA DE GOBERNANTES ANTICORRUPCION","Presidencia 2da vuelta",2482,2917,"#f07605","LIGA DE GOBERNANTES ANTICORRUPCION"
"4519",2022,13,0,29,"73200","Coello","Tolima",1235,"COALICION PACTO HISTORICO","Presidencia 2da vuelta",2204,2917,"#1b3383","COALICION PACTO HISTORICO"
"4520",2022,13,0,29,"73200","Coello","Tolima",996,"VOTOS EN BLANCO","Presidencia 2da vuelta",52,2917,"#dddddd","OTROS"
"4521",2022,13,0,29,"73200","Coello","Tolima",997,"VOTOS NULOS","Presidencia 2da vuelta",50,2917,"#808080","VOTOS NULOS"
"4522",2022,13,0,29,"73200","Coello","Tolima",998,"VOTOS NO MARCADOS","Presidencia 2da vuelta",4,2917,"#dddddd","OTROS"
"4523",2022,13,0,29,"73217","Coyaima","Tolima",1235,"COALICION PACTO HISTORICO","Presidencia 2da vuelta",5247,12353,"#1b3383","COALICION PACTO HISTORICO"
"4524",2022,13,0,29,"73217","Coyaima","Tolima",1076,"LIGA DE GOBERNANTES ANTICORRUPCION","Presidencia 2da vuelta",4415,12353,"#f07605","LIGA DE GOBERNANTES ANTICORRUPCION"
"4525",2022,13,0,29,"73217","Coyaima","Tolima",997,"VOTOS NULOS","Presidencia 2da vuelta",118,12353,"#808080","VOTOS NULOS"
"4526",2022,13,0,29,"73217","Coyaima","Tolima",996,"VOTOS EN BLANCO","Presidencia 2da vuelta",97,12353,"#dddddd","OTROS"
"4527",2022,13,0,29,"73217","Coyaima","Tolima",998,"VOTOS NO MARCADOS","Presidencia 2da vuelta",42,12353,"#dddddd","OTROS"
"4528",2022,13,0,29,"73226","Cunday","Tolima",1076,"LIGA DE GOBERNANTES ANTICORRUPCION","Presidencia 2da vuelta",3183,3707,"#f07605","LIGA DE GOBERNANTES ANTICORRUPCION"
"4529",2022,13,0,29,"73226","Cunday","Tolima",1235,"COALICION PACTO HISTORICO","Presidencia 2da vuelta",798,3707,"#1b3383","COALICION PACTO HISTORICO"
"4530",2022,13,0,29,"73226","Cunday","Tolima",996,"VOTOS EN BLANCO","Presidencia 2da vuelta",36,3707,"#dddddd","OTROS"
"4531",2022,13,0,29,"73226","Cunday","Tolima",997,"VOTOS NULOS","Presidencia 2da vuelta",27,3707,"#808080","VOTOS NULOS"
"4532",2022,13,0,29,"73226","Cunday","Tolima",998,"VOTOS NO MARCADOS","Presidencia 2da vuelta",5,840,"#dddddd","OTROS"
"4533",2022,13,0,29,"73236","Dolores","Tolima",1076,"LIGA DE GOBERNANTES ANTICORRUPCION","Presidencia 2da vuelta",3091,4565,"#f07605","LIGA DE GOBERNANTES ANTICORRUPCION"
"4534",2022,13,0,29,"73236","Dolores","Tolima",1235,"COALICION PACTO HISTORICO","Presidencia 2da vuelta",935,4565,"#1b3383","COALICION PACTO HISTORICO"
"4535",2022,13,0,29,"73236","Dolores","Tolima",996,"VOTOS EN BLANCO","Presidencia 2da vuelta",44,4565,"#dddddd","OTROS"
"4536",2022,13,0,29,"73236","Dolores","Tolima",997,"VOTOS NULOS","Presidencia 2da vuelta",18,4565,"#808080","VOTOS NULOS"
"4537",2022,13,0,29,"73236","Dolores","Tolima",998,"VOTOS NO MARCADOS","Presidencia 2da vuelta",2,4565,"#dddddd","OTROS"
"4538",2022,13,0,29,"73268","Espinal","Tolima",1076,"LIGA DE GOBERNANTES ANTICORRUPCION","Presidencia 2da vuelta",23174,3826,"#f07605","LIGA DE GOBERNANTES ANTICORRUPCION"
"4539",2022,13,0,29,"73268","Espinal","Tolima",1235,"COALICION PACTO HISTORICO","Presidencia 2da vuelta",14213,3826,"#1b3383","COALICION PACTO HISTORICO"
"4540",2022,13,0,29,"73268","Espinal","Tolima",996,"VOTOS EN BLANCO","Presidencia 2da vuelta",666,3826,"#dddddd","OTROS"
"4541",2022,13,0,29,"73268","Espinal","Tolima",997,"VOTOS NULOS","Presidencia 2da vuelta",604,3826,"#808080","VOTOS NULOS"
"4542",2022,13,0,29,"73268","Espinal","Tolima",998,"VOTOS NO MARCADOS","Presidencia 2da vuelta",31,3826,"#dddddd","OTROS"
"4543",2022,13,0,29,"73270","Falan","Tolima",1076,"LIGA DE GOBERNANTES ANTICORRUPCION","Presidencia 2da vuelta",2230,3964,"#f07605","LIGA DE GOBERNANTES ANTICORRUPCION"
"4544",2022,13,0,29,"73270","Falan","Tolima",1235,"COALICION PACTO HISTORICO","Presidencia 2da vuelta",1206,3964,"#1b3383","COALICION PACTO HISTORICO"
"4545",2022,13,0,29,"73270","Falan","Tolima",996,"VOTOS EN BLANCO","Presidencia 2da vuelta",76,3964,"#dddddd","OTROS"
"4546",2022,13,0,29,"73270","Falan","Tolima",997,"VOTOS NULOS","Presidencia 2da vuelta",50,3964,"#808080","VOTOS NULOS"
"4547",2022,13,0,29,"73270","Falan","Tolima",998,"VOTOS NO MARCADOS","Presidencia 2da vuelta",6,3964,"#dddddd","OTROS"
"4548",2022,13,0,29,"73275","Flandes","Tolima",1076,"LIGA DE GOBERNANTES ANTICORRUPCION","Presidencia 2da vuelta",7488,17540,"#f07605","LIGA DE GOBERNANTES ANTICORRUPCION"
"4549",2022,13,0,29,"73275","Flandes","Tolima",1235,"COALICION PACTO HISTORICO","Presidencia 2da vuelta",3956,17540,"#1b3383","COALICION PACTO HISTORICO"
"4550",2022,13,0,29,"73275","Flandes","Tolima",997,"VOTOS NULOS","Presidencia 2da vuelta",192,17540,"#808080","VOTOS NULOS"
"4551",2022,13,0,29,"73275","Flandes","Tolima",996,"VOTOS EN BLANCO","Presidencia 2da vuelta",176,17540,"#dddddd","OTROS"
"4552",2022,13,0,29,"73275","Flandes","Tolima",998,"VOTOS NO MARCADOS","Presidencia 2da vuelta",7,17540,"#dddddd","OTROS"
"4553",2022,13,0,29,"73283","Fresno","Tolima",1076,"LIGA DE GOBERNANTES ANTICORRUPCION","Presidencia 2da vuelta",9966,4923,"#f07605","LIGA DE GOBERNANTES ANTICORRUPCION"
"4554",2022,13,0,29,"73283","Fresno","Tolima",1235,"COALICION PACTO HISTORICO","Presidencia 2da vuelta",3576,4923,"#1b3383","COALICION PACTO HISTORICO"
"4555",2022,13,0,29,"73283","Fresno","Tolima",996,"VOTOS EN BLANCO","Presidencia 2da vuelta",326,4923,"#dddddd","OTROS"
"4556",2022,13,0,29,"73283","Fresno","Tolima",997,"VOTOS NULOS","Presidencia 2da vuelta",231,4923,"#808080","VOTOS NULOS"
"4557",2022,13,0,29,"73283","Fresno","Tolima",998,"VOTOS NO MARCADOS","Presidencia 2da vuelta",25,4923,"#dddddd","OTROS"
"4558",2022,13,0,29,"73319","Guamo","Tolima",1076,"LIGA DE GOBERNANTES ANTICORRUPCION","Presidencia 2da vuelta",10975,7853,"#f07605","LIGA DE GOBERNANTES ANTICORRUPCION"
"4559",2022,13,0,29,"73319","Guamo","Tolima",1235,"COALICION PACTO HISTORICO","Presidencia 2da vuelta",4011,7853,"#1b3383","COALICION PACTO HISTORICO"
"4560",2022,13,0,29,"73319","Guamo","Tolima",996,"VOTOS EN BLANCO","Presidencia 2da vuelta",208,7853,"#dddddd","OTROS"
"4561",2022,13,0,29,"73319","Guamo","Tolima",997,"VOTOS NULOS","Presidencia 2da vuelta",179,7853,"#808080","VOTOS NULOS"
"4562",2022,13,0,29,"73319","Guamo","Tolima",998,"VOTOS NO MARCADOS","Presidencia 2da vuelta",26,7853,"#dddddd","OTROS"
"4563",2022,13,0,29,"73347","Herveo","Tolima",1076,"LIGA DE GOBERNANTES ANTICORRUPCION","Presidencia 2da vuelta",2222,3659,"#f07605","LIGA DE GOBERNANTES ANTICORRUPCION"
"4564",2022,13,0,29,"73347","Herveo","Tolima",1235,"COALICION PACTO HISTORICO","Presidencia 2da vuelta",681,3659,"#1b3383","COALICION PACTO HISTORICO"
"4565",2022,13,0,29,"73347","Herveo","Tolima",996,"VOTOS EN BLANCO","Presidencia 2da vuelta",51,3659,"#dddddd","OTROS"
"4566",2022,13,0,29,"73347","Herveo","Tolima",997,"VOTOS NULOS","Presidencia 2da vuelta",50,3659,"#808080","VOTOS NULOS"
"4567",2022,13,0,29,"73347","Herveo","Tolima",998,"VOTOS NO MARCADOS","Presidencia 2da vuelta",6,3659,"#dddddd","OTROS"
"4568",2022,13,0,29,"73349","Honda","Tolima",1076,"LIGA DE GOBERNANTES ANTICORRUPCION","Presidencia 2da vuelta",7343,8231,"#f07605","LIGA DE GOBERNANTES ANTICORRUPCION"
"4569",2022,13,0,29,"73349","Honda","Tolima",1235,"COALICION PACTO HISTORICO","Presidencia 2da vuelta",5414,8231,"#1b3383","COALICION PACTO HISTORICO"
"4570",2022,13,0,29,"73349","Honda","Tolima",996,"VOTOS EN BLANCO","Presidencia 2da vuelta",263,8231,"#dddddd","OTROS"
"4571",2022,13,0,29,"73349","Honda","Tolima",997,"VOTOS NULOS","Presidencia 2da vuelta",253,8231,"#808080","VOTOS NULOS"
"4572",2022,13,0,29,"73349","Honda","Tolima",998,"VOTOS NO MARCADOS","Presidencia 2da vuelta",13,8231,"#dddddd","OTROS"
"4573",2022,13,0,29,"73352","Icononzo","Tolima",1076,"LIGA DE GOBERNANTES ANTICORRUPCION","Presidencia 2da vuelta",2730,7807,"#f07605","LIGA DE GOBERNANTES ANTICORRUPCION"
"4574",2022,13,0,29,"73352","Icononzo","Tolima",1235,"COALICION PACTO HISTORICO","Presidencia 2da vuelta",2482,7807,"#1b3383","COALICION PACTO HISTORICO"
"4575",2022,13,0,29,"73352","Icononzo","Tolima",996,"VOTOS EN BLANCO","Presidencia 2da vuelta",65,7807,"#dddddd","OTROS"
"4576",2022,13,0,29,"73352","Icononzo","Tolima",997,"VOTOS NULOS","Presidencia 2da vuelta",55,7807,"#808080","VOTOS NULOS"
"4577",2022,13,0,29,"73352","Icononzo","Tolima",998,"VOTOS NO MARCADOS","Presidencia 2da vuelta",5,7807,"#dddddd","OTROS"
"4578",2022,13,0,29,"73408","Lérida","Tolima",1076,"LIGA DE GOBERNANTES ANTICORRUPCION","Presidencia 2da vuelta",4587,13067,"#f07605","LIGA DE GOBERNANTES ANTICORRUPCION"
"4579",2022,13,0,29,"73408","Lérida","Tolima",1235,"COALICION PACTO HISTORICO","Presidencia 2da vuelta",4096,13067,"#1b3383","COALICION PACTO HISTORICO"
"4580",2022,13,0,29,"73408","Lérida","Tolima",996,"VOTOS EN BLANCO","Presidencia 2da vuelta",136,13067,"#dddddd","OTROS"
"4581",2022,13,0,29,"73408","Lérida","Tolima",997,"VOTOS NULOS","Presidencia 2da vuelta",136,13067,"#808080","VOTOS NULOS"
"4582",2022,13,0,29,"73408","Lérida","Tolima",998,"VOTOS NO MARCADOS","Presidencia 2da vuelta",6,13067,"#dddddd","OTROS"
"4583",2022,13,0,29,"73411","Líbano","Tolima",1235,"COALICION PACTO HISTORICO","Presidencia 2da vuelta",9124,5401,"#1b3383","COALICION PACTO HISTORICO"
"4584",2022,13,0,29,"73411","Líbano","Tolima",1076,"LIGA DE GOBERNANTES ANTICORRUPCION","Presidencia 2da vuelta",8010,5401,"#f07605","LIGA DE GOBERNANTES ANTICORRUPCION"
"4585",2022,13,0,29,"73411","Líbano","Tolima",997,"VOTOS NULOS","Presidencia 2da vuelta",436,5401,"#808080","VOTOS NULOS"
"4586",2022,13,0,29,"73411","Líbano","Tolima",996,"VOTOS EN BLANCO","Presidencia 2da vuelta",382,5401,"#dddddd","OTROS"
"4587",2022,13,0,29,"73411","Líbano","Tolima",998,"VOTOS NO MARCADOS","Presidencia 2da vuelta",31,5401,"#dddddd","OTROS"
"4588",2022,13,0,29,"73443","Mariquita","Tolima",1076,"LIGA DE GOBERNANTES ANTICORRUPCION","Presidencia 2da vuelta",10215,9189,"#f07605","LIGA DE GOBERNANTES ANTICORRUPCION"
"4589",2022,13,0,29,"73443","Mariquita","Tolima",1235,"COALICION PACTO HISTORICO","Presidencia 2da vuelta",6373,9189,"#1b3383","COALICION PACTO HISTORICO"
"4590",2022,13,0,29,"73443","Mariquita","Tolima",996,"VOTOS EN BLANCO","Presidencia 2da vuelta",354,9189,"#dddddd","OTROS"
"4591",2022,13,0,29,"73443","Mariquita","Tolima",997,"VOTOS NULOS","Presidencia 2da vuelta",336,9189,"#808080","VOTOS NULOS"
"4592",2022,13,0,29,"73443","Mariquita","Tolima",998,"VOTOS NO MARCADOS","Presidencia 2da vuelta",22,9189,"#dddddd","OTROS"
"4593",2022,13,0,29,"73449","Melgar","Tolima",1076,"LIGA DE GOBERNANTES ANTICORRUPCION","Presidencia 2da vuelta",13599,8697,"#f07605","LIGA DE GOBERNANTES ANTICORRUPCION"
"4594",2022,13,0,29,"73449","Melgar","Tolima",1235,"COALICION PACTO HISTORICO","Presidencia 2da vuelta",4772,8697,"#1b3383","COALICION PACTO HISTORICO"
"4595",2022,13,0,29,"73449","Melgar","Tolima",996,"VOTOS EN BLANCO","Presidencia 2da vuelta",264,8697,"#dddddd","OTROS"
"4596",2022,13,0,29,"73449","Melgar","Tolima",997,"VOTOS NULOS","Presidencia 2da vuelta",209,8697,"#808080","VOTOS NULOS"
"4597",2022,13,0,29,"73449","Melgar","Tolima",998,"VOTOS NO MARCADOS","Presidencia 2da vuelta",7,8697,"#dddddd","OTROS"
"4598",2022,13,0,29,"73461","Murillo","Tolima",1076,"LIGA DE GOBERNANTES ANTICORRUPCION","Presidencia 2da vuelta",1020,3404,"#f07605","LIGA DE GOBERNANTES ANTICORRUPCION"
"4599",2022,13,0,29,"73461","Murillo","Tolima",1235,"COALICION PACTO HISTORICO","Presidencia 2da vuelta",646,3404,"#1b3383","COALICION PACTO HISTORICO"
"4600",2022,13,0,29,"73461","Murillo","Tolima",997,"VOTOS NULOS","Presidencia 2da vuelta",42,3404,"#808080","VOTOS NULOS"
"4601",2022,13,0,29,"73461","Murillo","Tolima",996,"VOTOS EN BLANCO","Presidencia 2da vuelta",38,3404,"#dddddd","OTROS"
"4602",2022,13,0,29,"73461","Murillo","Tolima",998,"VOTOS NO MARCADOS","Presidencia 2da vuelta",8,3404,"#dddddd","OTROS"
"4603",2022,13,0,29,"73483","Natagaima","Tolima",1235,"COALICION PACTO HISTORICO","Presidencia 2da vuelta",4278,4881,"#1b3383","COALICION PACTO HISTORICO"
"4604",2022,13,0,29,"73483","Natagaima","Tolima",1076,"LIGA DE GOBERNANTES ANTICORRUPCION","Presidencia 2da vuelta",3690,4881,"#f07605","LIGA DE GOBERNANTES ANTICORRUPCION"
"4605",2022,13,0,29,"73483","Natagaima","Tolima",996,"VOTOS EN BLANCO","Presidencia 2da vuelta",88,4881,"#dddddd","OTROS"
"4606",2022,13,0,29,"73483","Natagaima","Tolima",997,"VOTOS NULOS","Presidencia 2da vuelta",85,4881,"#808080","VOTOS NULOS"
"4607",2022,13,0,29,"73483","Natagaima","Tolima",998,"VOTOS NO MARCADOS","Presidencia 2da vuelta",13,4881,"#dddddd","OTROS"
"4608",2022,13,0,29,"73504","Ortega","Tolima",1076,"LIGA DE GOBERNANTES ANTICORRUPCION","Presidencia 2da vuelta",7351,11463,"#f07605","LIGA DE GOBERNANTES ANTICORRUPCION"
"4609",2022,13,0,29,"73504","Ortega","Tolima",1235,"COALICION PACTO HISTORICO","Presidencia 2da vuelta",4273,11463,"#1b3383","COALICION PACTO HISTORICO"
"4610",2022,13,0,29,"73504","Ortega","Tolima",996,"VOTOS EN BLANCO","Presidencia 2da vuelta",151,11463,"#dddddd","OTROS"
"4611",2022,13,0,29,"73504","Ortega","Tolima",997,"VOTOS NULOS","Presidencia 2da vuelta",131,11463,"#808080","VOTOS NULOS"
"4612",2022,13,0,29,"73504","Ortega","Tolima",998,"VOTOS NO MARCADOS","Presidencia 2da vuelta",41,11463,"#dddddd","OTROS"
"4613",2022,13,0,29,"73520","Palocabildo","Tolima",1076,"LIGA DE GOBERNANTES ANTICORRUPCION","Presidencia 2da vuelta",2917,8151,"#f07605","LIGA DE GOBERNANTES ANTICORRUPCION"
"4614",2022,13,0,29,"73520","Palocabildo","Tolima",1235,"COALICION PACTO HISTORICO","Presidencia 2da vuelta",1308,8151,"#1b3383","COALICION PACTO HISTORICO"
"4615",2022,13,0,29,"73520","Palocabildo","Tolima",996,"VOTOS EN BLANCO","Presidencia 2da vuelta",85,8151,"#dddddd","OTROS"
"4616",2022,13,0,29,"73520","Palocabildo","Tolima",997,"VOTOS NULOS","Presidencia 2da vuelta",42,8151,"#808080","VOTOS NULOS"
"4617",2022,13,0,29,"73520","Palocabildo","Tolima",998,"VOTOS NO MARCADOS","Presidencia 2da vuelta",9,8151,"#dddddd","OTROS"
"4618",2022,13,0,29,"73547","Piedras","Tolima",1076,"LIGA DE GOBERNANTES ANTICORRUPCION","Presidencia 2da vuelta",1723,3191,"#f07605","LIGA DE GOBERNANTES ANTICORRUPCION"
"4619",2022,13,0,29,"73547","Piedras","Tolima",1235,"COALICION PACTO HISTORICO","Presidencia 2da vuelta",1576,3191,"#1b3383","COALICION PACTO HISTORICO"
"4620",2022,13,0,29,"73547","Piedras","Tolima",997,"VOTOS NULOS","Presidencia 2da vuelta",44,3191,"#808080","VOTOS NULOS"
"4621",2022,13,0,29,"73547","Piedras","Tolima",996,"VOTOS EN BLANCO","Presidencia 2da vuelta",43,3191,"#dddddd","OTROS"
"4622",2022,13,0,29,"73547","Piedras","Tolima",998,"VOTOS NO MARCADOS","Presidencia 2da vuelta",3,3191,"#dddddd","OTROS"
"4623",2022,13,0,29,"73555","Planadas","Tolima",1076,"LIGA DE GOBERNANTES ANTICORRUPCION","Presidencia 2da vuelta",6895,15094,"#f07605","LIGA DE GOBERNANTES ANTICORRUPCION"
"4624",2022,13,0,29,"73555","Planadas","Tolima",1235,"COALICION PACTO HISTORICO","Presidencia 2da vuelta",3683,15094,"#1b3383","COALICION PACTO HISTORICO"
"4625",2022,13,0,29,"73555","Planadas","Tolima",997,"VOTOS NULOS","Presidencia 2da vuelta",192,15094,"#808080","VOTOS NULOS"
"4626",2022,13,0,29,"73555","Planadas","Tolima",996,"VOTOS EN BLANCO","Presidencia 2da vuelta",187,15094,"#dddddd","OTROS"
"4627",2022,13,0,29,"73555","Planadas","Tolima",998,"VOTOS NO MARCADOS","Presidencia 2da vuelta",30,15094,"#dddddd","OTROS"
"4628",2022,13,0,29,"73563","Prado","Tolima",1076,"LIGA DE GOBERNANTES ANTICORRUPCION","Presidencia 2da vuelta",3287,6606,"#f07605","LIGA DE GOBERNANTES ANTICORRUPCION"
"4629",2022,13,0,29,"73563","Prado","Tolima",1235,"COALICION PACTO HISTORICO","Presidencia 2da vuelta",1228,6606,"#1b3383","COALICION PACTO HISTORICO"
"4630",2022,13,0,29,"73563","Prado","Tolima",997,"VOTOS NULOS","Presidencia 2da vuelta",53,6606,"#808080","VOTOS NULOS"
"4631",2022,13,0,29,"73563","Prado","Tolima",996,"VOTOS EN BLANCO","Presidencia 2da vuelta",42,6606,"#dddddd","OTROS"
"4632",2022,13,0,29,"73563","Prado","Tolima",998,"VOTOS NO MARCADOS","Presidencia 2da vuelta",3,6606,"#dddddd","OTROS"
"4633",2022,13,0,29,"73585","Purificación","Tolima",1076,"LIGA DE GOBERNANTES ANTICORRUPCION","Presidencia 2da vuelta",6567,15780,"#f07605","LIGA DE GOBERNANTES ANTICORRUPCION"
"4634",2022,13,0,29,"73585","Purificación","Tolima",1235,"COALICION PACTO HISTORICO","Presidencia 2da vuelta",5526,15780,"#1b3383","COALICION PACTO HISTORICO"
"4635",2022,13,0,29,"73585","Purificación","Tolima",996,"VOTOS EN BLANCO","Presidencia 2da vuelta",205,15780,"#dddddd","OTROS"
"4636",2022,13,0,29,"73585","Purificación","Tolima",997,"VOTOS NULOS","Presidencia 2da vuelta",187,15780,"#808080","VOTOS NULOS"
"4637",2022,13,0,29,"73585","Purificación","Tolima",998,"VOTOS NO MARCADOS","Presidencia 2da vuelta",27,15780,"#dddddd","OTROS"
"4638",2022,13,0,29,"73616","Rioblanco","Tolima",1076,"LIGA DE GOBERNANTES ANTICORRUPCION","Presidencia 2da vuelta",6116,9324,"#f07605","LIGA DE GOBERNANTES ANTICORRUPCION"
"4639",2022,13,0,29,"73616","Rioblanco","Tolima",1235,"COALICION PACTO HISTORICO","Presidencia 2da vuelta",1644,9324,"#1b3383","COALICION PACTO HISTORICO"
"4640",2022,13,0,29,"73616","Rioblanco","Tolima",996,"VOTOS EN BLANCO","Presidencia 2da vuelta",145,9324,"#dddddd","OTROS"
"4641",2022,13,0,29,"73616","Rioblanco","Tolima",997,"VOTOS NULOS","Presidencia 2da vuelta",96,9324,"#808080","VOTOS NULOS"
"4642",2022,13,0,29,"73616","Rioblanco","Tolima",998,"VOTOS NO MARCADOS","Presidencia 2da vuelta",21,9324,"#dddddd","OTROS"
"4643",2022,13,0,29,"73622","Roncesvalles","Tolima",1076,"LIGA DE GOBERNANTES ANTICORRUPCION","Presidencia 2da vuelta",1578,3113,"#f07605","LIGA DE GOBERNANTES ANTICORRUPCION"
"4644",2022,13,0,29,"73622","Roncesvalles","Tolima",1235,"COALICION PACTO HISTORICO","Presidencia 2da vuelta",374,3113,"#1b3383","COALICION PACTO HISTORICO"
"4645",2022,13,0,29,"73622","Roncesvalles","Tolima",997,"VOTOS NULOS","Presidencia 2da vuelta",23,3113,"#808080","VOTOS NULOS"
"4646",2022,13,0,29,"73622","Roncesvalles","Tolima",996,"VOTOS EN BLANCO","Presidencia 2da vuelta",22,3113,"#dddddd","OTROS"
"4647",2022,13,0,29,"73624","Rovira","Tolima",1076,"LIGA DE GOBERNANTES ANTICORRUPCION","Presidencia 2da vuelta",7732,14045,"#f07605","LIGA DE GOBERNANTES ANTICORRUPCION"
"4648",2022,13,0,29,"73624","Rovira","Tolima",1235,"COALICION PACTO HISTORICO","Presidencia 2da vuelta",2009,14045,"#1b3383","COALICION PACTO HISTORICO"
"4649",2022,13,0,29,"73624","Rovira","Tolima",996,"VOTOS EN BLANCO","Presidencia 2da vuelta",170,14045,"#dddddd","OTROS"
"4650",2022,13,0,29,"73624","Rovira","Tolima",997,"VOTOS NULOS","Presidencia 2da vuelta",123,14045,"#808080","VOTOS NULOS"
"4651",2022,13,0,29,"73624","Rovira","Tolima",998,"VOTOS NO MARCADOS","Presidencia 2da vuelta",18,14045,"#dddddd","OTROS"
"4652",2022,13,0,29,"73671","Saldaña","Tolima",1076,"LIGA DE GOBERNANTES ANTICORRUPCION","Presidencia 2da vuelta",5187,11737,"#f07605","LIGA DE GOBERNANTES ANTICORRUPCION"
"4653",2022,13,0,29,"73671","Saldaña","Tolima",1235,"COALICION PACTO HISTORICO","Presidencia 2da vuelta",2302,11737,"#1b3383","COALICION PACTO HISTORICO"
"4654",2022,13,0,29,"73671","Saldaña","Tolima",996,"VOTOS EN BLANCO","Presidencia 2da vuelta",112,11737,"#dddddd","OTROS"
"4655",2022,13,0,29,"73671","Saldaña","Tolima",997,"VOTOS NULOS","Presidencia 2da vuelta",88,11737,"#808080","VOTOS NULOS"
"4656",2022,13,0,29,"73671","Saldaña","Tolima",998,"VOTOS NO MARCADOS","Presidencia 2da vuelta",9,11737,"#dddddd","OTROS"
"4657",2022,13,0,29,"73675","San Antonio","Tolima",1076,"LIGA DE GOBERNANTES ANTICORRUPCION","Presidencia 2da vuelta",4066,8222,"#f07605","LIGA DE GOBERNANTES ANTICORRUPCION"
"4658",2022,13,0,29,"73675","San Antonio","Tolima",1235,"COALICION PACTO HISTORICO","Presidencia 2da vuelta",1133,8222,"#1b3383","COALICION PACTO HISTORICO"
"4659",2022,13,0,29,"73675","San Antonio","Tolima",996,"VOTOS EN BLANCO","Presidencia 2da vuelta",91,8222,"#dddddd","OTROS"
"4660",2022,13,0,29,"73675","San Antonio","Tolima",997,"VOTOS NULOS","Presidencia 2da vuelta",74,8222,"#808080","VOTOS NULOS"
"4661",2022,13,0,29,"73675","San Antonio","Tolima",998,"VOTOS NO MARCADOS","Presidencia 2da vuelta",10,8222,"#dddddd","OTROS"
"4662",2022,13,0,29,"73678","San Luis","Tolima",1076,"LIGA DE GOBERNANTES ANTICORRUPCION","Presidencia 2da vuelta",5871,6631,"#f07605","LIGA DE GOBERNANTES ANTICORRUPCION"
"4663",2022,13,0,29,"73678","San Luis","Tolima",1235,"COALICION PACTO HISTORICO","Presidencia 2da vuelta",1580,6631,"#1b3383","COALICION PACTO HISTORICO"
"4664",2022,13,0,29,"73678","San Luis","Tolima",996,"VOTOS EN BLANCO","Presidencia 2da vuelta",74,6631,"#dddddd","OTROS"
"4665",2022,13,0,29,"73678","San Luis","Tolima",997,"VOTOS NULOS","Presidencia 2da vuelta",61,6631,"#808080","VOTOS NULOS"
"4666",2022,13,0,29,"73678","San Luis","Tolima",998,"VOTOS NO MARCADOS","Presidencia 2da vuelta",10,6631,"#dddddd","OTROS"
"4667",2022,13,0,29,"73686","Santa Isabel","Tolima",1076,"LIGA DE GOBERNANTES ANTICORRUPCION","Presidencia 2da vuelta",2170,4133,"#f07605","LIGA DE GOBERNANTES ANTICORRUPCION"
"4668",2022,13,0,29,"73686","Santa Isabel","Tolima",1235,"COALICION PACTO HISTORICO","Presidencia 2da vuelta",573,4133,"#1b3383","COALICION PACTO HISTORICO"
"4669",2022,13,0,29,"73686","Santa Isabel","Tolima",997,"VOTOS NULOS","Presidencia 2da vuelta",33,4133,"#808080","VOTOS NULOS"
"4670",2022,13,0,29,"73686","Santa Isabel","Tolima",996,"VOTOS EN BLANCO","Presidencia 2da vuelta",32,4133,"#dddddd","OTROS"
"4671",2022,13,0,29,"73686","Santa Isabel","Tolima",998,"VOTOS NO MARCADOS","Presidencia 2da vuelta",2,4133,"#dddddd","OTROS"
"4672",2022,13,0,29,"73770","Suárez","Tolima",1076,"LIGA DE GOBERNANTES ANTICORRUPCION","Presidencia 2da vuelta",1957,3575,"#f07605","LIGA DE GOBERNANTES ANTICORRUPCION"
"4673",2022,13,0,29,"73770","Suárez","Tolima",1235,"COALICION PACTO HISTORICO","Presidencia 2da vuelta",659,3575,"#1b3383","COALICION PACTO HISTORICO"
"4674",2022,13,0,29,"73770","Suárez","Tolima",997,"VOTOS NULOS","Presidencia 2da vuelta",31,3575,"#808080","VOTOS NULOS"
"4675",2022,13,0,29,"73770","Suárez","Tolima",996,"VOTOS EN BLANCO","Presidencia 2da vuelta",27,3575,"#dddddd","OTROS"
"4676",2022,13,0,29,"73770","Suárez","Tolima",998,"VOTOS NO MARCADOS","Presidencia 2da vuelta",4,3575,"#dddddd","OTROS"
"4677",2022,13,0,29,"73854","Valle de San Juan","Tolima",1076,"LIGA DE GOBERNANTES ANTICORRUPCION","Presidencia 2da vuelta",2414,3361,"#f07605","LIGA DE GOBERNANTES ANTICORRUPCION"
"4678",2022,13,0,29,"73854","Valle de San Juan","Tolima",1235,"COALICION PACTO HISTORICO","Presidencia 2da vuelta",533,3361,"#1b3383","COALICION PACTO HISTORICO"
"4679",2022,13,0,29,"73854","Valle de San Juan","Tolima",996,"VOTOS EN BLANCO","Presidencia 2da vuelta",36,3361,"#dddddd","OTROS"
"4680",2022,13,0,29,"73854","Valle de San Juan","Tolima",997,"VOTOS NULOS","Presidencia 2da vuelta",28,3361,"#808080","VOTOS NULOS"
"4681",2022,13,0,29,"73861","Venadillo","Tolima",1076,"LIGA DE GOBERNANTES ANTICORRUPCION","Presidencia 2da vuelta",4154,9608,"#f07605","LIGA DE GOBERNANTES ANTICORRUPCION"
"4682",2022,13,0,29,"73861","Venadillo","Tolima",1235,"COALICION PACTO HISTORICO","Presidencia 2da vuelta",2310,9608,"#1b3383","COALICION PACTO HISTORICO"
"4683",2022,13,0,29,"73861","Venadillo","Tolima",997,"VOTOS NULOS","Presidencia 2da vuelta",89,9608,"#808080","VOTOS NULOS"
"4684",2022,13,0,29,"73861","Venadillo","Tolima",996,"VOTOS EN BLANCO","Presidencia 2da vuelta",75,9608,"#dddddd","OTROS"
"4685",2022,13,0,29,"73861","Venadillo","Tolima",998,"VOTOS NO MARCADOS","Presidencia 2da vuelta",9,9608,"#dddddd","OTROS"
"4686",2022,13,0,29,"73870","Villahermosa","Tolima",1076,"LIGA DE GOBERNANTES ANTICORRUPCION","Presidencia 2da vuelta",2395,5096,"#f07605","LIGA DE GOBERNANTES ANTICORRUPCION"
"4687",2022,13,0,29,"73870","Villahermosa","Tolima",1235,"COALICION PACTO HISTORICO","Presidencia 2da vuelta",880,5096,"#1b3383","COALICION PACTO HISTORICO"
"4688",2022,13,0,29,"73870","Villahermosa","Tolima",996,"VOTOS EN BLANCO","Presidencia 2da vuelta",83,5096,"#dddddd","OTROS"
"4689",2022,13,0,29,"73870","Villahermosa","Tolima",997,"VOTOS NULOS","Presidencia 2da vuelta",53,5096,"#808080","VOTOS NULOS"
"4690",2022,13,0,29,"73870","Villahermosa","Tolima",998,"VOTOS NO MARCADOS","Presidencia 2da vuelta",14,5096,"#dddddd","OTROS"
"4691",2022,13,0,29,"73873","Villarrica","Tolima",1076,"LIGA DE GOBERNANTES ANTICORRUPCION","Presidencia 2da vuelta",2150,4141,"#f07605","LIGA DE GOBERNANTES ANTICORRUPCION"
"4692",2022,13,0,29,"73873","Villarrica","Tolima",1235,"COALICION PACTO HISTORICO","Presidencia 2da vuelta",484,4141,"#1b3383","COALICION PACTO HISTORICO"
"4693",2022,13,0,29,"73873","Villarrica","Tolima",996,"VOTOS EN BLANCO","Presidencia 2da vuelta",42,4141,"#dddddd","OTROS"
"4694",2022,13,0,29,"73873","Villarrica","Tolima",997,"VOTOS NULOS","Presidencia 2da vuelta",19,4141,"#808080","VOTOS NULOS"
"4695",2022,13,0,29,"73873","Villarrica","Tolima",998,"VOTOS NO MARCADOS","Presidencia 2da vuelta",2,4141,"#dddddd","OTROS"
"4696",2022,13,0,31,"76001","Cali","Valle del Cauca",1235,"COALICION PACTO HISTORICO","Presidencia 2da vuelta",659926,7726,"#1b3383","COALICION PACTO HISTORICO"
"4697",2022,13,0,31,"76001","Cali","Valle del Cauca",1076,"LIGA DE GOBERNANTES ANTICORRUPCION","Presidencia 2da vuelta",349259,7726,"#f07605","LIGA DE GOBERNANTES ANTICORRUPCION"
"4698",2022,13,0,31,"76001","Cali","Valle del Cauca",996,"VOTOS EN BLANCO","Presidencia 2da vuelta",24160,7726,"#dddddd","OTROS"
"4699",2022,13,0,31,"76001","Cali","Valle del Cauca",997,"VOTOS NULOS","Presidencia 2da vuelta",11492,7726,"#808080","VOTOS NULOS"
"4700",2022,13,0,31,"76001","Cali","Valle del Cauca",998,"VOTOS NO MARCADOS","Presidencia 2da vuelta",622,7726,"#dddddd","OTROS"
"4701",2022,13,0,31,"76020","Alcalá","Valle del Cauca",1076,"LIGA DE GOBERNANTES ANTICORRUPCION","Presidencia 2da vuelta",3266,10992,"#f07605","LIGA DE GOBERNANTES ANTICORRUPCION"
"4702",2022,13,0,31,"76020","Alcalá","Valle del Cauca",1235,"COALICION PACTO HISTORICO","Presidencia 2da vuelta",2563,10992,"#1b3383","COALICION PACTO HISTORICO"
"4703",2022,13,0,31,"76020","Alcalá","Valle del Cauca",996,"VOTOS EN BLANCO","Presidencia 2da vuelta",127,10992,"#dddddd","OTROS"
"4704",2022,13,0,31,"76020","Alcalá","Valle del Cauca",997,"VOTOS NULOS","Presidencia 2da vuelta",123,10992,"#808080","VOTOS NULOS"
"4705",2022,13,0,31,"76020","Alcalá","Valle del Cauca",998,"VOTOS NO MARCADOS","Presidencia 2da vuelta",12,10992,"#dddddd","OTROS"
"4706",2022,13,0,31,"76036","Andalucía","Valle del Cauca",1235,"COALICION PACTO HISTORICO","Presidencia 2da vuelta",6792,16709,"#1b3383","COALICION PACTO HISTORICO"
"4707",2022,13,0,31,"76036","Andalucía","Valle del Cauca",1076,"LIGA DE GOBERNANTES ANTICORRUPCION","Presidencia 2da vuelta",3928,16709,"#f07605","LIGA DE GOBERNANTES ANTICORRUPCION"
"4708",2022,13,0,31,"76036","Andalucía","Valle del Cauca",997,"VOTOS NULOS","Presidencia 2da vuelta",208,16709,"#808080","VOTOS NULOS"
"4709",2022,13,0,31,"76036","Andalucía","Valle del Cauca",996,"VOTOS EN BLANCO","Presidencia 2da vuelta",191,16709,"#dddddd","OTROS"
"4710",2022,13,0,31,"76036","Andalucía","Valle del Cauca",998,"VOTOS NO MARCADOS","Presidencia 2da vuelta",7,16709,"#dddddd","OTROS"
"4711",2022,13,0,31,"76041","Ansermanuevo","Valle del Cauca",1076,"LIGA DE GOBERNANTES ANTICORRUPCION","Presidencia 2da vuelta",5381,13305,"#f07605","LIGA DE GOBERNANTES ANTICORRUPCION"
"4712",2022,13,0,31,"76041","Ansermanuevo","Valle del Cauca",1235,"COALICION PACTO HISTORICO","Presidencia 2da vuelta",2931,13305,"#1b3383","COALICION PACTO HISTORICO"
"4713",2022,13,0,31,"76041","Ansermanuevo","Valle del Cauca",996,"VOTOS EN BLANCO","Presidencia 2da vuelta",166,13305,"#dddddd","OTROS"
"4714",2022,13,0,31,"76041","Ansermanuevo","Valle del Cauca",997,"VOTOS NULOS","Presidencia 2da vuelta",161,13305,"#808080","VOTOS NULOS"
"4715",2022,13,0,31,"76041","Ansermanuevo","Valle del Cauca",998,"VOTOS NO MARCADOS","Presidencia 2da vuelta",18,13305,"#dddddd","OTROS"
"4716",2022,13,0,31,"76054","Argelia","Valle del Cauca",1076,"LIGA DE GOBERNANTES ANTICORRUPCION","Presidencia 2da vuelta",2152,4146,"#f07605","LIGA DE GOBERNANTES ANTICORRUPCION"
"4717",2022,13,0,31,"76054","Argelia","Valle del Cauca",1235,"COALICION PACTO HISTORICO","Presidencia 2da vuelta",636,4146,"#1b3383","COALICION PACTO HISTORICO"
"4718",2022,13,0,31,"76054","Argelia","Valle del Cauca",996,"VOTOS EN BLANCO","Presidencia 2da vuelta",43,4146,"#dddddd","OTROS"
"4719",2022,13,0,31,"76054","Argelia","Valle del Cauca",997,"VOTOS NULOS","Presidencia 2da vuelta",41,4146,"#808080","VOTOS NULOS"
"4720",2022,13,0,31,"76054","Argelia","Valle del Cauca",998,"VOTOS NO MARCADOS","Presidencia 2da vuelta",3,4146,"#dddddd","OTROS"
"4721",2022,13,0,31,"76100","Bolívar","Valle del Cauca",1076,"LIGA DE GOBERNANTES ANTICORRUPCION","Presidencia 2da vuelta",4363,4809,"#f07605","LIGA DE GOBERNANTES ANTICORRUPCION"
"4722",2022,13,0,31,"76100","Bolívar","Valle del Cauca",1235,"COALICION PACTO HISTORICO","Presidencia 2da vuelta",2829,4809,"#1b3383","COALICION PACTO HISTORICO"
"4723",2022,13,0,31,"76100","Bolívar","Valle del Cauca",996,"VOTOS EN BLANCO","Presidencia 2da vuelta",129,4809,"#dddddd","OTROS"
"4724",2022,13,0,31,"76100","Bolívar","Valle del Cauca",997,"VOTOS NULOS","Presidencia 2da vuelta",83,4809,"#808080","VOTOS NULOS"
"4725",2022,13,0,31,"76100","Bolívar","Valle del Cauca",998,"VOTOS NO MARCADOS","Presidencia 2da vuelta",14,4809,"#dddddd","OTROS"
"4726",2022,13,0,31,"76109","Buenaventura","Valle del Cauca",1235,"COALICION PACTO HISTORICO","Presidencia 2da vuelta",87385,8012,"#1b3383","COALICION PACTO HISTORICO"
"4727",2022,13,0,31,"76109","Buenaventura","Valle del Cauca",1076,"LIGA DE GOBERNANTES ANTICORRUPCION","Presidencia 2da vuelta",12428,8012,"#f07605","LIGA DE GOBERNANTES ANTICORRUPCION"
"4728",2022,13,0,31,"76109","Buenaventura","Valle del Cauca",997,"VOTOS NULOS","Presidencia 2da vuelta",1671,8012,"#808080","VOTOS NULOS"
"4729",2022,13,0,31,"76109","Buenaventura","Valle del Cauca",996,"VOTOS EN BLANCO","Presidencia 2da vuelta",1342,8012,"#dddddd","OTROS"
"4730",2022,13,0,31,"76109","Buenaventura","Valle del Cauca",998,"VOTOS NO MARCADOS","Presidencia 2da vuelta",125,8012,"#dddddd","OTROS"
"4731",2022,13,0,31,"76111","Guadalajara de Buga","Valle del Cauca",1235,"COALICION PACTO HISTORICO","Presidencia 2da vuelta",42722,3847,"#1b3383","COALICION PACTO HISTORICO"
"4732",2022,13,0,31,"76111","Guadalajara de Buga","Valle del Cauca",1076,"LIGA DE GOBERNANTES ANTICORRUPCION","Presidencia 2da vuelta",19573,3847,"#f07605","LIGA DE GOBERNANTES ANTICORRUPCION"
"4733",2022,13,0,31,"76111","Guadalajara de Buga","Valle del Cauca",996,"VOTOS EN BLANCO","Presidencia 2da vuelta",1563,3847,"#dddddd","OTROS"
"4734",2022,13,0,31,"76111","Guadalajara de Buga","Valle del Cauca",997,"VOTOS NULOS","Presidencia 2da vuelta",950,3847,"#808080","VOTOS NULOS"
"4735",2022,13,0,31,"76111","Guadalajara de Buga","Valle del Cauca",998,"VOTOS NO MARCADOS","Presidencia 2da vuelta",56,3847,"#dddddd","OTROS"
"4736",2022,13,0,31,"76113","Bugalagrande","Valle del Cauca",1235,"COALICION PACTO HISTORICO","Presidencia 2da vuelta",8160,11520,"#1b3383","COALICION PACTO HISTORICO"
"4737",2022,13,0,31,"76113","Bugalagrande","Valle del Cauca",1076,"LIGA DE GOBERNANTES ANTICORRUPCION","Presidencia 2da vuelta",3398,11520,"#f07605","LIGA DE GOBERNANTES ANTICORRUPCION"
"4738",2022,13,0,31,"76113","Bugalagrande","Valle del Cauca",996,"VOTOS EN BLANCO","Presidencia 2da vuelta",222,11520,"#dddddd","OTROS"
"4739",2022,13,0,31,"76113","Bugalagrande","Valle del Cauca",997,"VOTOS NULOS","Presidencia 2da vuelta",212,11520,"#808080","VOTOS NULOS"
"4740",2022,13,0,31,"76113","Bugalagrande","Valle del Cauca",998,"VOTOS NO MARCADOS","Presidencia 2da vuelta",16,11520,"#dddddd","OTROS"
"4741",2022,13,0,31,"76122","Caicedonia","Valle del Cauca",1076,"LIGA DE GOBERNANTES ANTICORRUPCION","Presidencia 2da vuelta",8445,3932,"#f07605","LIGA DE GOBERNANTES ANTICORRUPCION"
"4742",2022,13,0,31,"76122","Caicedonia","Valle del Cauca",1235,"COALICION PACTO HISTORICO","Presidencia 2da vuelta",5234,3932,"#1b3383","COALICION PACTO HISTORICO"
"4743",2022,13,0,31,"76122","Caicedonia","Valle del Cauca",996,"VOTOS EN BLANCO","Presidencia 2da vuelta",402,3932,"#dddddd","OTROS"
"4744",2022,13,0,31,"76122","Caicedonia","Valle del Cauca",997,"VOTOS NULOS","Presidencia 2da vuelta",377,3932,"#808080","VOTOS NULOS"
"4745",2022,13,0,31,"76122","Caicedonia","Valle del Cauca",998,"VOTOS NO MARCADOS","Presidencia 2da vuelta",40,3932,"#dddddd","OTROS"
"4746",2022,13,0,31,"76126","Calima","Valle del Cauca",1235,"COALICION PACTO HISTORICO","Presidencia 2da vuelta",4216,11279,"#1b3383","COALICION PACTO HISTORICO"
"4747",2022,13,0,31,"76126","Calima","Valle del Cauca",1076,"LIGA DE GOBERNANTES ANTICORRUPCION","Presidencia 2da vuelta",3475,11279,"#f07605","LIGA DE GOBERNANTES ANTICORRUPCION"
"4748",2022,13,0,31,"76126","Calima","Valle del Cauca",996,"VOTOS EN BLANCO","Presidencia 2da vuelta",204,11279,"#dddddd","OTROS"
"4749",2022,13,0,31,"76126","Calima","Valle del Cauca",997,"VOTOS NULOS","Presidencia 2da vuelta",111,11279,"#808080","VOTOS NULOS"
"4750",2022,13,0,31,"76126","Calima","Valle del Cauca",998,"VOTOS NO MARCADOS","Presidencia 2da vuelta",12,11279,"#dddddd","OTROS"
"4751",2022,13,0,31,"76130","Candelaria","Valle del Cauca",1235,"COALICION PACTO HISTORICO","Presidencia 2da vuelta",34085,3966,"#1b3383","COALICION PACTO HISTORICO"
"4752",2022,13,0,31,"76130","Candelaria","Valle del Cauca",1076,"LIGA DE GOBERNANTES ANTICORRUPCION","Presidencia 2da vuelta",9790,3966,"#f07605","LIGA DE GOBERNANTES ANTICORRUPCION"
"4753",2022,13,0,31,"76130","Candelaria","Valle del Cauca",996,"VOTOS EN BLANCO","Presidencia 2da vuelta",949,3966,"#dddddd","OTROS"
"4754",2022,13,0,31,"76130","Candelaria","Valle del Cauca",997,"VOTOS NULOS","Presidencia 2da vuelta",885,3966,"#808080","VOTOS NULOS"
"4755",2022,13,0,31,"76130","Candelaria","Valle del Cauca",998,"VOTOS NO MARCADOS","Presidencia 2da vuelta",64,3966,"#dddddd","OTROS"
"4756",2022,13,0,31,"76147","Cartago","Valle del Cauca",1076,"LIGA DE GOBERNANTES ANTICORRUPCION","Presidencia 2da vuelta",30894,4988,"#f07605","LIGA DE GOBERNANTES ANTICORRUPCION"
"4757",2022,13,0,31,"76147","Cartago","Valle del Cauca",1235,"COALICION PACTO HISTORICO","Presidencia 2da vuelta",29813,4988,"#1b3383","COALICION PACTO HISTORICO"
"4758",2022,13,0,31,"76147","Cartago","Valle del Cauca",996,"VOTOS EN BLANCO","Presidencia 2da vuelta",1688,4988,"#dddddd","OTROS"
"4759",2022,13,0,31,"76147","Cartago","Valle del Cauca",997,"VOTOS NULOS","Presidencia 2da vuelta",1260,4988,"#808080","VOTOS NULOS"
"4760",2022,13,0,31,"76147","Cartago","Valle del Cauca",998,"VOTOS NO MARCADOS","Presidencia 2da vuelta",91,4988,"#dddddd","OTROS"
"4761",2022,13,0,31,"76233","Dagua","Valle del Cauca",1235,"COALICION PACTO HISTORICO","Presidencia 2da vuelta",9398,11833,"#1b3383","COALICION PACTO HISTORICO"
"4762",2022,13,0,31,"76233","Dagua","Valle del Cauca",1076,"LIGA DE GOBERNANTES ANTICORRUPCION","Presidencia 2da vuelta",8396,11833,"#f07605","LIGA DE GOBERNANTES ANTICORRUPCION"
"4763",2022,13,0,31,"76233","Dagua","Valle del Cauca",996,"VOTOS EN BLANCO","Presidencia 2da vuelta",371,11833,"#dddddd","OTROS"
"4764",2022,13,0,31,"76233","Dagua","Valle del Cauca",997,"VOTOS NULOS","Presidencia 2da vuelta",276,11833,"#808080","VOTOS NULOS"
"4765",2022,13,0,31,"76233","Dagua","Valle del Cauca",998,"VOTOS NO MARCADOS","Presidencia 2da vuelta",35,11833,"#dddddd","OTROS"
"4766",2022,13,0,31,"76243","El Águila","Valle del Cauca",1076,"LIGA DE GOBERNANTES ANTICORRUPCION","Presidencia 2da vuelta",2764,3848,"#f07605","LIGA DE GOBERNANTES ANTICORRUPCION"
"4767",2022,13,0,31,"76243","El Águila","Valle del Cauca",1235,"COALICION PACTO HISTORICO","Presidencia 2da vuelta",925,3848,"#1b3383","COALICION PACTO HISTORICO"
"4768",2022,13,0,31,"76243","El Águila","Valle del Cauca",996,"VOTOS EN BLANCO","Presidencia 2da vuelta",99,3848,"#dddddd","OTROS"
"4769",2022,13,0,31,"76243","El Águila","Valle del Cauca",997,"VOTOS NULOS","Presidencia 2da vuelta",79,3848,"#808080","VOTOS NULOS"
"4770",2022,13,0,31,"76243","El Águila","Valle del Cauca",998,"VOTOS NO MARCADOS","Presidencia 2da vuelta",6,3848,"#dddddd","OTROS"
"4771",2022,13,0,31,"76246","El Cairo","Valle del Cauca",1076,"LIGA DE GOBERNANTES ANTICORRUPCION","Presidencia 2da vuelta",2063,4120,"#f07605","LIGA DE GOBERNANTES ANTICORRUPCION"
"4772",2022,13,0,31,"76246","El Cairo","Valle del Cauca",1235,"COALICION PACTO HISTORICO","Presidencia 2da vuelta",790,4120,"#1b3383","COALICION PACTO HISTORICO"
"4773",2022,13,0,31,"76246","El Cairo","Valle del Cauca",996,"VOTOS EN BLANCO","Presidencia 2da vuelta",57,4120,"#dddddd","OTROS"
"4774",2022,13,0,31,"76246","El Cairo","Valle del Cauca",997,"VOTOS NULOS","Presidencia 2da vuelta",38,4120,"#808080","VOTOS NULOS"
"4775",2022,13,0,31,"76246","El Cairo","Valle del Cauca",998,"VOTOS NO MARCADOS","Presidencia 2da vuelta",11,4120,"#dddddd","OTROS"
"4776",2022,13,0,31,"76248","El Cerrito","Valle del Cauca",1235,"COALICION PACTO HISTORICO","Presidencia 2da vuelta",22822,3202,"#1b3383","COALICION PACTO HISTORICO"
"4777",2022,13,0,31,"76248","El Cerrito","Valle del Cauca",1076,"LIGA DE GOBERNANTES ANTICORRUPCION","Presidencia 2da vuelta",7431,3202,"#f07605","LIGA DE GOBERNANTES ANTICORRUPCION"
"4778",2022,13,0,31,"76248","El Cerrito","Valle del Cauca",996,"VOTOS EN BLANCO","Presidencia 2da vuelta",574,3202,"#dddddd","OTROS"
"4779",2022,13,0,31,"76248","El Cerrito","Valle del Cauca",997,"VOTOS NULOS","Presidencia 2da vuelta",457,3202,"#808080","VOTOS NULOS"
"4780",2022,13,0,31,"76248","El Cerrito","Valle del Cauca",998,"VOTOS NO MARCADOS","Presidencia 2da vuelta",30,3202,"#dddddd","OTROS"
"4781",2022,13,0,31,"76250","El Dovio","Valle del Cauca",1076,"LIGA DE GOBERNANTES ANTICORRUPCION","Presidencia 2da vuelta",2973,7965,"#f07605","LIGA DE GOBERNANTES ANTICORRUPCION"
"4782",2022,13,0,31,"76250","El Dovio","Valle del Cauca",1235,"COALICION PACTO HISTORICO","Presidencia 2da vuelta",1787,7965,"#1b3383","COALICION PACTO HISTORICO"
"4783",2022,13,0,31,"76250","El Dovio","Valle del Cauca",996,"VOTOS EN BLANCO","Presidencia 2da vuelta",136,7965,"#dddddd","OTROS"
"4784",2022,13,0,31,"76250","El Dovio","Valle del Cauca",997,"VOTOS NULOS","Presidencia 2da vuelta",100,7965,"#808080","VOTOS NULOS"
"4785",2022,13,0,31,"76250","El Dovio","Valle del Cauca",998,"VOTOS NO MARCADOS","Presidencia 2da vuelta",14,7965,"#dddddd","OTROS"
"4786",2022,13,0,31,"76275","Florida","Valle del Cauca",1235,"COALICION PACTO HISTORICO","Presidencia 2da vuelta",25416,7060,"#1b3383","COALICION PACTO HISTORICO"
"4787",2022,13,0,31,"76275","Florida","Valle del Cauca",1076,"LIGA DE GOBERNANTES ANTICORRUPCION","Presidencia 2da vuelta",6199,7060,"#f07605","LIGA DE GOBERNANTES ANTICORRUPCION"
"4788",2022,13,0,31,"76275","Florida","Valle del Cauca",996,"VOTOS EN BLANCO","Presidencia 2da vuelta",596,7060,"#dddddd","OTROS"
"4789",2022,13,0,31,"76275","Florida","Valle del Cauca",997,"VOTOS NULOS","Presidencia 2da vuelta",458,7060,"#808080","VOTOS NULOS"
"4790",2022,13,0,31,"76275","Florida","Valle del Cauca",998,"VOTOS NO MARCADOS","Presidencia 2da vuelta",31,7060,"#dddddd","OTROS"
"4791",2022,13,0,31,"76306","Ginebra","Valle del Cauca",1235,"COALICION PACTO HISTORICO","Presidencia 2da vuelta",6376,11587,"#1b3383","COALICION PACTO HISTORICO"
"4792",2022,13,0,31,"76306","Ginebra","Valle del Cauca",1076,"LIGA DE GOBERNANTES ANTICORRUPCION","Presidencia 2da vuelta",4393,11587,"#f07605","LIGA DE GOBERNANTES ANTICORRUPCION"
"4793",2022,13,0,31,"76306","Ginebra","Valle del Cauca",996,"VOTOS EN BLANCO","Presidencia 2da vuelta",228,11587,"#dddddd","OTROS"
"4794",2022,13,0,31,"76306","Ginebra","Valle del Cauca",997,"VOTOS NULOS","Presidencia 2da vuelta",191,11587,"#808080","VOTOS NULOS"
"4795",2022,13,0,31,"76306","Ginebra","Valle del Cauca",998,"VOTOS NO MARCADOS","Presidencia 2da vuelta",11,11587,"#dddddd","OTROS"
"4796",2022,13,0,31,"76318","Guacarí","Valle del Cauca",1235,"COALICION PACTO HISTORICO","Presidencia 2da vuelta",13130,17370,"#1b3383","COALICION PACTO HISTORICO"
"4797",2022,13,0,31,"76318","Guacarí","Valle del Cauca",1076,"LIGA DE GOBERNANTES ANTICORRUPCION","Presidencia 2da vuelta",4227,17370,"#f07605","LIGA DE GOBERNANTES ANTICORRUPCION"
"4798",2022,13,0,31,"76318","Guacarí","Valle del Cauca",997,"VOTOS NULOS","Presidencia 2da vuelta",300,17370,"#808080","VOTOS NULOS"
"4799",2022,13,0,31,"76318","Guacarí","Valle del Cauca",996,"VOTOS EN BLANCO","Presidencia 2da vuelta",297,17370,"#dddddd","OTROS"
"4800",2022,13,0,31,"76318","Guacarí","Valle del Cauca",998,"VOTOS NO MARCADOS","Presidencia 2da vuelta",18,17370,"#dddddd","OTROS"
"4801",2022,13,0,31,"76364","Jamundí","Valle del Cauca",1235,"COALICION PACTO HISTORICO","Presidencia 2da vuelta",46954,4441,"#1b3383","COALICION PACTO HISTORICO"
"4802",2022,13,0,31,"76364","Jamundí","Valle del Cauca",1076,"LIGA DE GOBERNANTES ANTICORRUPCION","Presidencia 2da vuelta",19463,4441,"#f07605","LIGA DE GOBERNANTES ANTICORRUPCION"
"4803",2022,13,0,31,"76364","Jamundí","Valle del Cauca",996,"VOTOS EN BLANCO","Presidencia 2da vuelta",1604,4441,"#dddddd","OTROS"
"4804",2022,13,0,31,"76364","Jamundí","Valle del Cauca",997,"VOTOS NULOS","Presidencia 2da vuelta",1191,4441,"#808080","VOTOS NULOS"
"4805",2022,13,0,31,"76364","Jamundí","Valle del Cauca",998,"VOTOS NO MARCADOS","Presidencia 2da vuelta",72,4441,"#dddddd","OTROS"
"4806",2022,13,0,31,"76377","La Cumbre","Valle del Cauca",1235,"COALICION PACTO HISTORICO","Presidencia 2da vuelta",3757,6561,"#1b3383","COALICION PACTO HISTORICO"
"4807",2022,13,0,31,"76377","La Cumbre","Valle del Cauca",1076,"LIGA DE GOBERNANTES ANTICORRUPCION","Presidencia 2da vuelta",3345,6561,"#f07605","LIGA DE GOBERNANTES ANTICORRUPCION"
"4808",2022,13,0,31,"76377","La Cumbre","Valle del Cauca",996,"VOTOS EN BLANCO","Presidencia 2da vuelta",158,6561,"#dddddd","OTROS"
"4809",2022,13,0,31,"76377","La Cumbre","Valle del Cauca",997,"VOTOS NULOS","Presidencia 2da vuelta",84,6561,"#808080","VOTOS NULOS"
"4810",2022,13,0,31,"76377","La Cumbre","Valle del Cauca",998,"VOTOS NO MARCADOS","Presidencia 2da vuelta",10,6561,"#dddddd","OTROS"
"4811",2022,13,0,31,"76400","La Unión","Valle del Cauca",1076,"LIGA DE GOBERNANTES ANTICORRUPCION","Presidencia 2da vuelta",10616,4762,"#f07605","LIGA DE GOBERNANTES ANTICORRUPCION"
"4812",2022,13,0,31,"76400","La Unión","Valle del Cauca",1235,"COALICION PACTO HISTORICO","Presidencia 2da vuelta",4963,4762,"#1b3383","COALICION PACTO HISTORICO"
"4813",2022,13,0,31,"76400","La Unión","Valle del Cauca",997,"VOTOS NULOS","Presidencia 2da vuelta",384,4762,"#808080","VOTOS NULOS"
"4814",2022,13,0,31,"76400","La Unión","Valle del Cauca",996,"VOTOS EN BLANCO","Presidencia 2da vuelta",376,4762,"#dddddd","OTROS"
"4815",2022,13,0,31,"76400","La Unión","Valle del Cauca",998,"VOTOS NO MARCADOS","Presidencia 2da vuelta",29,4762,"#dddddd","OTROS"
"4816",2022,13,0,31,"76403","La Victoria","Valle del Cauca",1076,"LIGA DE GOBERNANTES ANTICORRUPCION","Presidencia 2da vuelta",3848,9057,"#f07605","LIGA DE GOBERNANTES ANTICORRUPCION"
"4817",2022,13,0,31,"76403","La Victoria","Valle del Cauca",1235,"COALICION PACTO HISTORICO","Presidencia 2da vuelta",2124,9057,"#1b3383","COALICION PACTO HISTORICO"
"4818",2022,13,0,31,"76403","La Victoria","Valle del Cauca",996,"VOTOS EN BLANCO","Presidencia 2da vuelta",130,9057,"#dddddd","OTROS"
"4819",2022,13,0,31,"76403","La Victoria","Valle del Cauca",997,"VOTOS NULOS","Presidencia 2da vuelta",121,9057,"#808080","VOTOS NULOS"
"4820",2022,13,0,31,"76403","La Victoria","Valle del Cauca",998,"VOTOS NO MARCADOS","Presidencia 2da vuelta",12,9057,"#dddddd","OTROS"
"4821",2022,13,0,31,"76497","Obando","Valle del Cauca",1235,"COALICION PACTO HISTORICO","Presidencia 2da vuelta",3167,8746,"#1b3383","COALICION PACTO HISTORICO"
"4822",2022,13,0,31,"76497","Obando","Valle del Cauca",1076,"LIGA DE GOBERNANTES ANTICORRUPCION","Presidencia 2da vuelta",2137,8746,"#f07605","LIGA DE GOBERNANTES ANTICORRUPCION"
"4823",2022,13,0,31,"76497","Obando","Valle del Cauca",997,"VOTOS NULOS","Presidencia 2da vuelta",141,8746,"#808080","VOTOS NULOS"
"4824",2022,13,0,31,"76497","Obando","Valle del Cauca",996,"VOTOS EN BLANCO","Presidencia 2da vuelta",91,8746,"#dddddd","OTROS"
"4825",2022,13,0,31,"76497","Obando","Valle del Cauca",998,"VOTOS NO MARCADOS","Presidencia 2da vuelta",13,8746,"#dddddd","OTROS"
"4826",2022,13,0,31,"76520","Palmira","Valle del Cauca",1235,"COALICION PACTO HISTORICO","Presidencia 2da vuelta",104852,6223,"#1b3383","COALICION PACTO HISTORICO"
"4827",2022,13,0,31,"76520","Palmira","Valle del Cauca",1076,"LIGA DE GOBERNANTES ANTICORRUPCION","Presidencia 2da vuelta",48572,6223,"#f07605","LIGA DE GOBERNANTES ANTICORRUPCION"
"4828",2022,13,0,31,"76520","Palmira","Valle del Cauca",996,"VOTOS EN BLANCO","Presidencia 2da vuelta",3908,6223,"#dddddd","OTROS"
"4829",2022,13,0,31,"76520","Palmira","Valle del Cauca",997,"VOTOS NULOS","Presidencia 2da vuelta",2368,6223,"#808080","VOTOS NULOS"
"4830",2022,13,0,31,"76520","Palmira","Valle del Cauca",998,"VOTOS NO MARCADOS","Presidencia 2da vuelta",112,6223,"#dddddd","OTROS"
"4831",2022,13,0,31,"76563","Pradera","Valle del Cauca",1235,"COALICION PACTO HISTORICO","Presidencia 2da vuelta",18590,4645,"#1b3383","COALICION PACTO HISTORICO"
"4832",2022,13,0,31,"76563","Pradera","Valle del Cauca",1076,"LIGA DE GOBERNANTES ANTICORRUPCION","Presidencia 2da vuelta",5214,4645,"#f07605","LIGA DE GOBERNANTES ANTICORRUPCION"
"4833",2022,13,0,31,"76563","Pradera","Valle del Cauca",997,"VOTOS NULOS","Presidencia 2da vuelta",503,4645,"#808080","VOTOS NULOS"
"4834",2022,13,0,31,"76563","Pradera","Valle del Cauca",996,"VOTOS EN BLANCO","Presidencia 2da vuelta",502,4645,"#dddddd","OTROS"
"4835",2022,13,0,31,"76563","Pradera","Valle del Cauca",998,"VOTOS NO MARCADOS","Presidencia 2da vuelta",33,4645,"#dddddd","OTROS"
"4836",2022,13,0,31,"76606","Restrepo","Valle del Cauca",1235,"COALICION PACTO HISTORICO","Presidencia 2da vuelta",3810,11918,"#1b3383","COALICION PACTO HISTORICO"
"4837",2022,13,0,31,"76606","Restrepo","Valle del Cauca",1076,"LIGA DE GOBERNANTES ANTICORRUPCION","Presidencia 2da vuelta",3726,11918,"#f07605","LIGA DE GOBERNANTES ANTICORRUPCION"
"4838",2022,13,0,31,"76606","Restrepo","Valle del Cauca",997,"VOTOS NULOS","Presidencia 2da vuelta",178,11918,"#808080","VOTOS NULOS"
"4839",2022,13,0,31,"76606","Restrepo","Valle del Cauca",996,"VOTOS EN BLANCO","Presidencia 2da vuelta",157,11918,"#dddddd","OTROS"
"4840",2022,13,0,31,"76606","Restrepo","Valle del Cauca",998,"VOTOS NO MARCADOS","Presidencia 2da vuelta",16,11918,"#dddddd","OTROS"
"4841",2022,13,0,31,"76616","Riofrío","Valle del Cauca",1076,"LIGA DE GOBERNANTES ANTICORRUPCION","Presidencia 2da vuelta",3923,8005,"#f07605","LIGA DE GOBERNANTES ANTICORRUPCION"
"4842",2022,13,0,31,"76616","Riofrío","Valle del Cauca",1235,"COALICION PACTO HISTORICO","Presidencia 2da vuelta",3708,8005,"#1b3383","COALICION PACTO HISTORICO"
"4843",2022,13,0,31,"76616","Riofrío","Valle del Cauca",997,"VOTOS NULOS","Presidencia 2da vuelta",174,8005,"#808080","VOTOS NULOS"
"4844",2022,13,0,31,"76616","Riofrío","Valle del Cauca",996,"VOTOS EN BLANCO","Presidencia 2da vuelta",160,8005,"#dddddd","OTROS"
"4845",2022,13,0,31,"76616","Riofrío","Valle del Cauca",998,"VOTOS NO MARCADOS","Presidencia 2da vuelta",15,8005,"#dddddd","OTROS"
"4846",2022,13,0,31,"76622","Roldanillo","Valle del Cauca",1076,"LIGA DE GOBERNANTES ANTICORRUPCION","Presidencia 2da vuelta",8793,6617,"#f07605","LIGA DE GOBERNANTES ANTICORRUPCION"
"4847",2022,13,0,31,"76622","Roldanillo","Valle del Cauca",1235,"COALICION PACTO HISTORICO","Presidencia 2da vuelta",8576,6617,"#1b3383","COALICION PACTO HISTORICO"
"4848",2022,13,0,31,"76622","Roldanillo","Valle del Cauca",996,"VOTOS EN BLANCO","Presidencia 2da vuelta",399,6617,"#dddddd","OTROS"
"4849",2022,13,0,31,"76622","Roldanillo","Valle del Cauca",997,"VOTOS NULOS","Presidencia 2da vuelta",308,6617,"#808080","VOTOS NULOS"
"4850",2022,13,0,31,"76622","Roldanillo","Valle del Cauca",998,"VOTOS NO MARCADOS","Presidencia 2da vuelta",29,6617,"#dddddd","OTROS"
"4851",2022,13,0,31,"76670","San Pedro","Valle del Cauca",1235,"COALICION PACTO HISTORICO","Presidencia 2da vuelta",4705,8516,"#1b3383","COALICION PACTO HISTORICO"
"4852",2022,13,0,31,"76670","San Pedro","Valle del Cauca",1076,"LIGA DE GOBERNANTES ANTICORRUPCION","Presidencia 2da vuelta",3333,8516,"#f07605","LIGA DE GOBERNANTES ANTICORRUPCION"
"4853",2022,13,0,31,"76670","San Pedro","Valle del Cauca",997,"VOTOS NULOS","Presidencia 2da vuelta",137,8516,"#808080","VOTOS NULOS"
"4854",2022,13,0,31,"76670","San Pedro","Valle del Cauca",996,"VOTOS EN BLANCO","Presidencia 2da vuelta",130,8516,"#dddddd","OTROS"
"4855",2022,13,0,31,"76670","San Pedro","Valle del Cauca",998,"VOTOS NO MARCADOS","Presidencia 2da vuelta",15,8516,"#dddddd","OTROS"
"4856",2022,13,0,31,"76736","Sevilla","Valle del Cauca",1235,"COALICION PACTO HISTORICO","Presidencia 2da vuelta",9191,5944,"#1b3383","COALICION PACTO HISTORICO"
"4857",2022,13,0,31,"76736","Sevilla","Valle del Cauca",1076,"LIGA DE GOBERNANTES ANTICORRUPCION","Presidencia 2da vuelta",8491,5944,"#f07605","LIGA DE GOBERNANTES ANTICORRUPCION"
"4858",2022,13,0,31,"76736","Sevilla","Valle del Cauca",997,"VOTOS NULOS","Presidencia 2da vuelta",598,5944,"#808080","VOTOS NULOS"
"4859",2022,13,0,31,"76736","Sevilla","Valle del Cauca",996,"VOTOS EN BLANCO","Presidencia 2da vuelta",594,5944,"#dddddd","OTROS"
"4860",2022,13,0,31,"76736","Sevilla","Valle del Cauca",998,"VOTOS NO MARCADOS","Presidencia 2da vuelta",63,5944,"#dddddd","OTROS"
"4861",2022,13,0,31,"76823","Toro","Valle del Cauca",1076,"LIGA DE GOBERNANTES ANTICORRUPCION","Presidencia 2da vuelta",4177,9701,"#f07605","LIGA DE GOBERNANTES ANTICORRUPCION"
"4862",2022,13,0,31,"76823","Toro","Valle del Cauca",1235,"COALICION PACTO HISTORICO","Presidencia 2da vuelta",1971,9701,"#1b3383","COALICION PACTO HISTORICO"
"4863",2022,13,0,31,"76823","Toro","Valle del Cauca",996,"VOTOS EN BLANCO","Presidencia 2da vuelta",126,9701,"#dddddd","OTROS"
"4864",2022,13,0,31,"76823","Toro","Valle del Cauca",997,"VOTOS NULOS","Presidencia 2da vuelta",116,9701,"#808080","VOTOS NULOS"
"4865",2022,13,0,31,"76823","Toro","Valle del Cauca",998,"VOTOS NO MARCADOS","Presidencia 2da vuelta",13,9701,"#dddddd","OTROS"
"4866",2022,13,0,31,"76828","Trujillo","Valle del Cauca",1076,"LIGA DE GOBERNANTES ANTICORRUPCION","Presidencia 2da vuelta",4973,8547,"#f07605","LIGA DE GOBERNANTES ANTICORRUPCION"
"4867",2022,13,0,31,"76828","Trujillo","Valle del Cauca",1235,"COALICION PACTO HISTORICO","Presidencia 2da vuelta",3134,8547,"#1b3383","COALICION PACTO HISTORICO"
"4868",2022,13,0,31,"76828","Trujillo","Valle del Cauca",996,"VOTOS EN BLANCO","Presidencia 2da vuelta",185,8547,"#dddddd","OTROS"
"4869",2022,13,0,31,"76828","Trujillo","Valle del Cauca",997,"VOTOS NULOS","Presidencia 2da vuelta",151,8547,"#808080","VOTOS NULOS"
"4870",2022,13,0,31,"76828","Trujillo","Valle del Cauca",998,"VOTOS NO MARCADOS","Presidencia 2da vuelta",14,8547,"#dddddd","OTROS"
"4871",2022,13,0,31,"76834","Tuluá","Valle del Cauca",1235,"COALICION PACTO HISTORICO","Presidencia 2da vuelta",53134,11145,"#1b3383","COALICION PACTO HISTORICO"
"4872",2022,13,0,31,"76834","Tuluá","Valle del Cauca",1076,"LIGA DE GOBERNANTES ANTICORRUPCION","Presidencia 2da vuelta",41424,11145,"#f07605","LIGA DE GOBERNANTES ANTICORRUPCION"
"4873",2022,13,0,31,"76834","Tuluá","Valle del Cauca",996,"VOTOS EN BLANCO","Presidencia 2da vuelta",2448,11145,"#dddddd","OTROS"
"4874",2022,13,0,31,"76834","Tuluá","Valle del Cauca",997,"VOTOS NULOS","Presidencia 2da vuelta",1814,11145,"#808080","VOTOS NULOS"
"4875",2022,13,0,31,"76834","Tuluá","Valle del Cauca",998,"VOTOS NO MARCADOS","Presidencia 2da vuelta",93,11145,"#dddddd","OTROS"
"4876",2022,13,0,31,"76845","Ulloa","Valle del Cauca",1076,"LIGA DE GOBERNANTES ANTICORRUPCION","Presidencia 2da vuelta",1193,3424,"#f07605","LIGA DE GOBERNANTES ANTICORRUPCION"
"4877",2022,13,0,31,"76845","Ulloa","Valle del Cauca",1235,"COALICION PACTO HISTORICO","Presidencia 2da vuelta",1120,3424,"#1b3383","COALICION PACTO HISTORICO"
"4878",2022,13,0,31,"76845","Ulloa","Valle del Cauca",997,"VOTOS NULOS","Presidencia 2da vuelta",62,3424,"#808080","VOTOS NULOS"
"4879",2022,13,0,31,"76845","Ulloa","Valle del Cauca",996,"VOTOS EN BLANCO","Presidencia 2da vuelta",60,3424,"#dddddd","OTROS"
"4880",2022,13,0,31,"76845","Ulloa","Valle del Cauca",998,"VOTOS NO MARCADOS","Presidencia 2da vuelta",6,3424,"#dddddd","OTROS"
"4881",2022,13,0,31,"76863","Versalles","Valle del Cauca",1076,"LIGA DE GOBERNANTES ANTICORRUPCION","Presidencia 2da vuelta",2557,4873,"#f07605","LIGA DE GOBERNANTES ANTICORRUPCION"
"4882",2022,13,0,31,"76863","Versalles","Valle del Cauca",1235,"COALICION PACTO HISTORICO","Presidencia 2da vuelta",1075,4873,"#1b3383","COALICION PACTO HISTORICO"
"4883",2022,13,0,31,"76863","Versalles","Valle del Cauca",996,"VOTOS EN BLANCO","Presidencia 2da vuelta",77,4873,"#dddddd","OTROS"
"4884",2022,13,0,31,"76863","Versalles","Valle del Cauca",997,"VOTOS NULOS","Presidencia 2da vuelta",69,4873,"#808080","VOTOS NULOS"
"4885",2022,13,0,31,"76863","Versalles","Valle del Cauca",998,"VOTOS NO MARCADOS","Presidencia 2da vuelta",5,4873,"#dddddd","OTROS"
"4886",2022,13,0,31,"76869","Vijes","Valle del Cauca",1235,"COALICION PACTO HISTORICO","Presidencia 2da vuelta",4040,8253,"#1b3383","COALICION PACTO HISTORICO"
"4887",2022,13,0,31,"76869","Vijes","Valle del Cauca",1076,"LIGA DE GOBERNANTES ANTICORRUPCION","Presidencia 2da vuelta",2042,8253,"#f07605","LIGA DE GOBERNANTES ANTICORRUPCION"
"4888",2022,13,0,31,"76869","Vijes","Valle del Cauca",996,"VOTOS EN BLANCO","Presidencia 2da vuelta",111,8253,"#dddddd","OTROS"
"4889",2022,13,0,31,"76869","Vijes","Valle del Cauca",997,"VOTOS NULOS","Presidencia 2da vuelta",76,8253,"#808080","VOTOS NULOS"
"4890",2022,13,0,31,"76869","Vijes","Valle del Cauca",998,"VOTOS NO MARCADOS","Presidencia 2da vuelta",9,8253,"#dddddd","OTROS"
"4891",2022,13,0,31,"76890","Yotoco","Valle del Cauca",1235,"COALICION PACTO HISTORICO","Presidencia 2da vuelta",4795,9006,"#1b3383","COALICION PACTO HISTORICO"
"4892",2022,13,0,31,"76890","Yotoco","Valle del Cauca",1076,"LIGA DE GOBERNANTES ANTICORRUPCION","Presidencia 2da vuelta",3045,9006,"#f07605","LIGA DE GOBERNANTES ANTICORRUPCION"
"4893",2022,13,0,31,"76890","Yotoco","Valle del Cauca",997,"VOTOS NULOS","Presidencia 2da vuelta",179,9006,"#808080","VOTOS NULOS"
"4894",2022,13,0,31,"76890","Yotoco","Valle del Cauca",996,"VOTOS EN BLANCO","Presidencia 2da vuelta",164,9006,"#dddddd","OTROS"
"4895",2022,13,0,31,"76890","Yotoco","Valle del Cauca",998,"VOTOS NO MARCADOS","Presidencia 2da vuelta",13,9006,"#dddddd","OTROS"
"4896",2022,13,0,31,"76892","Yumbo","Valle del Cauca",1235,"COALICION PACTO HISTORICO","Presidencia 2da vuelta",46988,4906,"#1b3383","COALICION PACTO HISTORICO"
"4897",2022,13,0,31,"76892","Yumbo","Valle del Cauca",1076,"LIGA DE GOBERNANTES ANTICORRUPCION","Presidencia 2da vuelta",13231,4906,"#f07605","LIGA DE GOBERNANTES ANTICORRUPCION"
"4898",2022,13,0,31,"76892","Yumbo","Valle del Cauca",996,"VOTOS EN BLANCO","Presidencia 2da vuelta",1110,4906,"#dddddd","OTROS"
"4899",2022,13,0,31,"76892","Yumbo","Valle del Cauca",997,"VOTOS NULOS","Presidencia 2da vuelta",788,4906,"#808080","VOTOS NULOS"
"4900",2022,13,0,31,"76892","Yumbo","Valle del Cauca",998,"VOTOS NO MARCADOS","Presidencia 2da vuelta",53,4906,"#dddddd","OTROS"
"4901",2022,13,0,31,"76895","Zarzal","Valle del Cauca",1235,"COALICION PACTO HISTORICO","Presidencia 2da vuelta",15657,4773,"#1b3383","COALICION PACTO HISTORICO"
"4902",2022,13,0,31,"76895","Zarzal","Valle del Cauca",1076,"LIGA DE GOBERNANTES ANTICORRUPCION","Presidencia 2da vuelta",6011,4773,"#f07605","LIGA DE GOBERNANTES ANTICORRUPCION"
"4903",2022,13,0,31,"76895","Zarzal","Valle del Cauca",996,"VOTOS EN BLANCO","Presidencia 2da vuelta",440,4773,"#dddddd","OTROS"
"4904",2022,13,0,31,"76895","Zarzal","Valle del Cauca",997,"VOTOS NULOS","Presidencia 2da vuelta",400,4773,"#808080","VOTOS NULOS"
"4905",2022,13,0,31,"76895","Zarzal","Valle del Cauca",998,"VOTOS NO MARCADOS","Presidencia 2da vuelta",18,4773,"#dddddd","OTROS"
"4906",2022,13,0,40,"81001","Arauca","Arauca",1076,"LIGA DE GOBERNANTES ANTICORRUPCION","Presidencia 2da vuelta",29955,14584,"#f07605","LIGA DE GOBERNANTES ANTICORRUPCION"
"4907",2022,13,0,40,"81001","Arauca","Arauca",1235,"COALICION PACTO HISTORICO","Presidencia 2da vuelta",7416,14584,"#1b3383","COALICION PACTO HISTORICO"
"4908",2022,13,0,40,"81001","Arauca","Arauca",996,"VOTOS EN BLANCO","Presidencia 2da vuelta",695,14584,"#dddddd","OTROS"
"4909",2022,13,0,40,"81001","Arauca","Arauca",997,"VOTOS NULOS","Presidencia 2da vuelta",342,14584,"#808080","VOTOS NULOS"
"4910",2022,13,0,40,"81001","Arauca","Arauca",998,"VOTOS NO MARCADOS","Presidencia 2da vuelta",28,14584,"#dddddd","OTROS"
"4911",2022,13,0,40,"81065","Arauquita","Arauca",1076,"LIGA DE GOBERNANTES ANTICORRUPCION","Presidencia 2da vuelta",7650,5453,"#f07605","LIGA DE GOBERNANTES ANTICORRUPCION"
"4912",2022,13,0,40,"81065","Arauquita","Arauca",1235,"COALICION PACTO HISTORICO","Presidencia 2da vuelta",7035,5453,"#1b3383","COALICION PACTO HISTORICO"
"4913",2022,13,0,40,"81065","Arauquita","Arauca",996,"VOTOS EN BLANCO","Presidencia 2da vuelta",313,5453,"#dddddd","OTROS"
"4914",2022,13,0,40,"81065","Arauquita","Arauca",997,"VOTOS NULOS","Presidencia 2da vuelta",202,5453,"#808080","VOTOS NULOS"
"4915",2022,13,0,40,"81065","Arauquita","Arauca",998,"VOTOS NO MARCADOS","Presidencia 2da vuelta",26,5453,"#dddddd","OTROS"
"4916",2022,13,0,40,"81220","Cravo Norte","Arauca",1076,"LIGA DE GOBERNANTES ANTICORRUPCION","Presidencia 2da vuelta",1385,3801,"#f07605","LIGA DE GOBERNANTES ANTICORRUPCION"
"4917",2022,13,0,40,"81220","Cravo Norte","Arauca",1235,"COALICION PACTO HISTORICO","Presidencia 2da vuelta",260,3801,"#1b3383","COALICION PACTO HISTORICO"
"4918",2022,13,0,40,"81220","Cravo Norte","Arauca",996,"VOTOS EN BLANCO","Presidencia 2da vuelta",23,3801,"#dddddd","OTROS"
"4919",2022,13,0,40,"81220","Cravo Norte","Arauca",997,"VOTOS NULOS","Presidencia 2da vuelta",4,3801,"#808080","VOTOS NULOS"
"4920",2022,13,0,40,"81220","Cravo Norte","Arauca",998,"VOTOS NO MARCADOS","Presidencia 2da vuelta",1,3801,"#dddddd","OTROS"
"4921",2022,13,0,40,"81300","Fortul","Arauca",1235,"COALICION PACTO HISTORICO","Presidencia 2da vuelta",3411,6489,"#1b3383","COALICION PACTO HISTORICO"
"4922",2022,13,0,40,"81300","Fortul","Arauca",1076,"LIGA DE GOBERNANTES ANTICORRUPCION","Presidencia 2da vuelta",3178,6489,"#f07605","LIGA DE GOBERNANTES ANTICORRUPCION"
"4923",2022,13,0,40,"81300","Fortul","Arauca",996,"VOTOS EN BLANCO","Presidencia 2da vuelta",141,6489,"#dddddd","OTROS"
"4924",2022,13,0,40,"81300","Fortul","Arauca",997,"VOTOS NULOS","Presidencia 2da vuelta",114,6489,"#808080","VOTOS NULOS"
"4925",2022,13,0,40,"81300","Fortul","Arauca",998,"VOTOS NO MARCADOS","Presidencia 2da vuelta",21,6489,"#dddddd","OTROS"
"4926",2022,13,0,40,"81591","Puerto Rondón","Arauca",1076,"LIGA DE GOBERNANTES ANTICORRUPCION","Presidencia 2da vuelta",1551,3893,"#f07605","LIGA DE GOBERNANTES ANTICORRUPCION"
"4927",2022,13,0,40,"81591","Puerto Rondón","Arauca",1235,"COALICION PACTO HISTORICO","Presidencia 2da vuelta",174,3893,"#1b3383","COALICION PACTO HISTORICO"
"4928",2022,13,0,40,"81591","Puerto Rondón","Arauca",996,"VOTOS EN BLANCO","Presidencia 2da vuelta",18,3893,"#dddddd","OTROS"
"4929",2022,13,0,40,"81591","Puerto Rondón","Arauca",997,"VOTOS NULOS","Presidencia 2da vuelta",9,3893,"#808080","VOTOS NULOS"
"4930",2022,13,0,40,"81591","Puerto Rondón","Arauca",998,"VOTOS NO MARCADOS","Presidencia 2da vuelta",1,3893,"#dddddd","OTROS"
"4931",2022,13,0,40,"81736","Saravena","Arauca",1076,"LIGA DE GOBERNANTES ANTICORRUPCION","Presidencia 2da vuelta",11869,7210,"#f07605","LIGA DE GOBERNANTES ANTICORRUPCION"
"4932",2022,13,0,40,"81736","Saravena","Arauca",1235,"COALICION PACTO HISTORICO","Presidencia 2da vuelta",7325,7210,"#1b3383","COALICION PACTO HISTORICO"
"4933",2022,13,0,40,"81736","Saravena","Arauca",996,"VOTOS EN BLANCO","Presidencia 2da vuelta",422,7210,"#dddddd","OTROS"
"4934",2022,13,0,40,"81736","Saravena","Arauca",997,"VOTOS NULOS","Presidencia 2da vuelta",261,7210,"#808080","VOTOS NULOS"
"4935",2022,13,0,40,"81736","Saravena","Arauca",998,"VOTOS NO MARCADOS","Presidencia 2da vuelta",26,7210,"#dddddd","OTROS"
"4936",2022,13,0,40,"81794","Tame","Arauca",1076,"LIGA DE GOBERNANTES ANTICORRUPCION","Presidencia 2da vuelta",14032,7770,"#f07605","LIGA DE GOBERNANTES ANTICORRUPCION"
"4937",2022,13,0,40,"81794","Tame","Arauca",1235,"COALICION PACTO HISTORICO","Presidencia 2da vuelta",6360,7770,"#1b3383","COALICION PACTO HISTORICO"
"4938",2022,13,0,40,"81794","Tame","Arauca",996,"VOTOS EN BLANCO","Presidencia 2da vuelta",394,7770,"#dddddd","OTROS"
"4939",2022,13,0,40,"81794","Tame","Arauca",997,"VOTOS NULOS","Presidencia 2da vuelta",209,7770,"#808080","VOTOS NULOS"
"4940",2022,13,0,40,"81794","Tame","Arauca",998,"VOTOS NO MARCADOS","Presidencia 2da vuelta",29,7770,"#dddddd","OTROS"
"4941",2022,13,0,44,"18001","Florencia","Caquetá",1076,"LIGA DE GOBERNANTES ANTICORRUPCION","Presidencia 2da vuelta",42985,8145,"#f07605","LIGA DE GOBERNANTES ANTICORRUPCION"
"4942",2022,13,0,44,"18001","Florencia","Caquetá",1235,"COALICION PACTO HISTORICO","Presidencia 2da vuelta",30785,8145,"#1b3383","COALICION PACTO HISTORICO"
"4943",2022,13,0,44,"18001","Florencia","Caquetá",996,"VOTOS EN BLANCO","Presidencia 2da vuelta",1955,8145,"#dddddd","OTROS"
"4944",2022,13,0,44,"18001","Florencia","Caquetá",997,"VOTOS NULOS","Presidencia 2da vuelta",1022,8145,"#808080","VOTOS NULOS"
"4945",2022,13,0,44,"18001","Florencia","Caquetá",998,"VOTOS NO MARCADOS","Presidencia 2da vuelta",83,8145,"#dddddd","OTROS"
"4946",2022,13,0,44,"18029","Albania","Caquetá",1076,"LIGA DE GOBERNANTES ANTICORRUPCION","Presidencia 2da vuelta",1729,3654,"#f07605","LIGA DE GOBERNANTES ANTICORRUPCION"
"4947",2022,13,0,44,"18029","Albania","Caquetá",1235,"COALICION PACTO HISTORICO","Presidencia 2da vuelta",586,3654,"#1b3383","COALICION PACTO HISTORICO"
"4948",2022,13,0,44,"18029","Albania","Caquetá",996,"VOTOS EN BLANCO","Presidencia 2da vuelta",42,3654,"#dddddd","OTROS"
"4949",2022,13,0,44,"18029","Albania","Caquetá",997,"VOTOS NULOS","Presidencia 2da vuelta",26,3654,"#808080","VOTOS NULOS"
"4950",2022,13,0,44,"18029","Albania","Caquetá",998,"VOTOS NO MARCADOS","Presidencia 2da vuelta",5,3654,"#dddddd","OTROS"
"4951",2022,13,0,44,"18094","Belén de Los Andaquies","Caquetá",1076,"LIGA DE GOBERNANTES ANTICORRUPCION","Presidencia 2da vuelta",2851,8009,"#f07605","LIGA DE GOBERNANTES ANTICORRUPCION"
"4952",2022,13,0,44,"18094","Belén de Los Andaquies","Caquetá",1235,"COALICION PACTO HISTORICO","Presidencia 2da vuelta",1514,8009,"#1b3383","COALICION PACTO HISTORICO"
"4953",2022,13,0,44,"18094","Belén de Los Andaquies","Caquetá",996,"VOTOS EN BLANCO","Presidencia 2da vuelta",98,8009,"#dddddd","OTROS"
"4954",2022,13,0,44,"18094","Belén de Los Andaquies","Caquetá",997,"VOTOS NULOS","Presidencia 2da vuelta",76,8009,"#808080","VOTOS NULOS"
"4955",2022,13,0,44,"18094","Belén de Los Andaquies","Caquetá",998,"VOTOS NO MARCADOS","Presidencia 2da vuelta",8,8009,"#dddddd","OTROS"
"4956",2022,13,0,44,"18150","Cartagena del Chairá","Caquetá",1235,"COALICION PACTO HISTORICO","Presidencia 2da vuelta",7209,17831,"#1b3383","COALICION PACTO HISTORICO"
"4957",2022,13,0,44,"18150","Cartagena del Chairá","Caquetá",1076,"LIGA DE GOBERNANTES ANTICORRUPCION","Presidencia 2da vuelta",3323,17831,"#f07605","LIGA DE GOBERNANTES ANTICORRUPCION"
"4958",2022,13,0,44,"18150","Cartagena del Chairá","Caquetá",996,"VOTOS EN BLANCO","Presidencia 2da vuelta",442,17831,"#dddddd","OTROS"
"4959",2022,13,0,44,"18150","Cartagena del Chairá","Caquetá",997,"VOTOS NULOS","Presidencia 2da vuelta",240,17831,"#808080","VOTOS NULOS"
"4960",2022,13,0,44,"18150","Cartagena del Chairá","Caquetá",998,"VOTOS NO MARCADOS","Presidencia 2da vuelta",58,17831,"#dddddd","OTROS"
"4961",2022,13,0,44,"18205","Curillo","Caquetá",1076,"LIGA DE GOBERNANTES ANTICORRUPCION","Presidencia 2da vuelta",2007,7323,"#f07605","LIGA DE GOBERNANTES ANTICORRUPCION"
"4962",2022,13,0,44,"18205","Curillo","Caquetá",1235,"COALICION PACTO HISTORICO","Presidencia 2da vuelta",993,7323,"#1b3383","COALICION PACTO HISTORICO"
"4963",2022,13,0,44,"18205","Curillo","Caquetá",996,"VOTOS EN BLANCO","Presidencia 2da vuelta",92,7323,"#dddddd","OTROS"
"4964",2022,13,0,44,"18205","Curillo","Caquetá",997,"VOTOS NULOS","Presidencia 2da vuelta",31,7323,"#808080","VOTOS NULOS"
"4965",2022,13,0,44,"18205","Curillo","Caquetá",998,"VOTOS NO MARCADOS","Presidencia 2da vuelta",6,7323,"#dddddd","OTROS"
"4966",2022,13,0,44,"18247","El Doncello","Caquetá",1076,"LIGA DE GOBERNANTES ANTICORRUPCION","Presidencia 2da vuelta",4580,14929,"#f07605","LIGA DE GOBERNANTES ANTICORRUPCION"
"4967",2022,13,0,44,"18247","El Doncello","Caquetá",1235,"COALICION PACTO HISTORICO","Presidencia 2da vuelta",3277,14929,"#1b3383","COALICION PACTO HISTORICO"
"4968",2022,13,0,44,"18247","El Doncello","Caquetá",996,"VOTOS EN BLANCO","Presidencia 2da vuelta",247,14929,"#dddddd","OTROS"
"4969",2022,13,0,44,"18247","El Doncello","Caquetá",997,"VOTOS NULOS","Presidencia 2da vuelta",122,14929,"#808080","VOTOS NULOS"
"4970",2022,13,0,44,"18247","El Doncello","Caquetá",998,"VOTOS NO MARCADOS","Presidencia 2da vuelta",21,14929,"#dddddd","OTROS"
"4971",2022,13,0,44,"18256","El Paujil","Caquetá",1235,"COALICION PACTO HISTORICO","Presidencia 2da vuelta",2931,11060,"#1b3383","COALICION PACTO HISTORICO"
"4972",2022,13,0,44,"18256","El Paujil","Caquetá",1076,"LIGA DE GOBERNANTES ANTICORRUPCION","Presidencia 2da vuelta",2730,11060,"#f07605","LIGA DE GOBERNANTES ANTICORRUPCION"
"4973",2022,13,0,44,"18256","El Paujil","Caquetá",996,"VOTOS EN BLANCO","Presidencia 2da vuelta",116,11060,"#dddddd","OTROS"
"4974",2022,13,0,44,"18256","El Paujil","Caquetá",997,"VOTOS NULOS","Presidencia 2da vuelta",70,11060,"#808080","VOTOS NULOS"
"4975",2022,13,0,44,"18256","El Paujil","Caquetá",998,"VOTOS NO MARCADOS","Presidencia 2da vuelta",11,11060,"#dddddd","OTROS"
"4976",2022,13,0,44,"18410","La Montañita","Caquetá",1235,"COALICION PACTO HISTORICO","Presidencia 2da vuelta",3291,6930,"#1b3383","COALICION PACTO HISTORICO"
"4977",2022,13,0,44,"18410","La Montañita","Caquetá",1076,"LIGA DE GOBERNANTES ANTICORRUPCION","Presidencia 2da vuelta",2203,6930,"#f07605","LIGA DE GOBERNANTES ANTICORRUPCION"
"4978",2022,13,0,44,"18410","La Montañita","Caquetá",996,"VOTOS EN BLANCO","Presidencia 2da vuelta",103,6930,"#dddddd","OTROS"
"4979",2022,13,0,44,"18410","La Montañita","Caquetá",997,"VOTOS NULOS","Presidencia 2da vuelta",51,6930,"#808080","VOTOS NULOS"
"4980",2022,13,0,44,"18410","La Montañita","Caquetá",998,"VOTOS NO MARCADOS","Presidencia 2da vuelta",11,6930,"#dddddd","OTROS"
"4981",2022,13,0,44,"18460","Milán","Caquetá",1076,"LIGA DE GOBERNANTES ANTICORRUPCION","Presidencia 2da vuelta",1435,2408,"#f07605","LIGA DE GOBERNANTES ANTICORRUPCION"
"4982",2022,13,0,44,"18460","Milán","Caquetá",1235,"COALICION PACTO HISTORICO","Presidencia 2da vuelta",1174,2408,"#1b3383","COALICION PACTO HISTORICO"
"4983",2022,13,0,44,"18460","Milán","Caquetá",996,"VOTOS EN BLANCO","Presidencia 2da vuelta",43,2408,"#dddddd","OTROS"
"4984",2022,13,0,44,"18460","Milán","Caquetá",997,"VOTOS NULOS","Presidencia 2da vuelta",13,2408,"#808080","VOTOS NULOS"
"4985",2022,13,0,44,"18460","Milán","Caquetá",998,"VOTOS NO MARCADOS","Presidencia 2da vuelta",3,2711,"#dddddd","OTROS"
"4986",2022,13,0,44,"18479","Morelia","Caquetá",1076,"LIGA DE GOBERNANTES ANTICORRUPCION","Presidencia 2da vuelta",1465,3752,"#f07605","LIGA DE GOBERNANTES ANTICORRUPCION"
"4987",2022,13,0,44,"18479","Morelia","Caquetá",1235,"COALICION PACTO HISTORICO","Presidencia 2da vuelta",518,3752,"#1b3383","COALICION PACTO HISTORICO"
"4988",2022,13,0,44,"18479","Morelia","Caquetá",996,"VOTOS EN BLANCO","Presidencia 2da vuelta",37,3752,"#dddddd","OTROS"
"4989",2022,13,0,44,"18479","Morelia","Caquetá",997,"VOTOS NULOS","Presidencia 2da vuelta",18,3752,"#808080","VOTOS NULOS"
"4990",2022,13,0,44,"18479","Morelia","Caquetá",998,"VOTOS NO MARCADOS","Presidencia 2da vuelta",6,3752,"#dddddd","OTROS"
"4991",2022,13,0,44,"18592","Puerto Rico","Caquetá",1076,"LIGA DE GOBERNANTES ANTICORRUPCION","Presidencia 2da vuelta",5451,15726,"#f07605","LIGA DE GOBERNANTES ANTICORRUPCION"
"4992",2022,13,0,44,"18592","Puerto Rico","Caquetá",1235,"COALICION PACTO HISTORICO","Presidencia 2da vuelta",4157,15726,"#1b3383","COALICION PACTO HISTORICO"
"4993",2022,13,0,44,"18592","Puerto Rico","Caquetá",996,"VOTOS EN BLANCO","Presidencia 2da vuelta",339,15726,"#dddddd","OTROS"
"4994",2022,13,0,44,"18592","Puerto Rico","Caquetá",997,"VOTOS NULOS","Presidencia 2da vuelta",153,15726,"#808080","VOTOS NULOS"
"4995",2022,13,0,44,"18592","Puerto Rico","Caquetá",998,"VOTOS NO MARCADOS","Presidencia 2da vuelta",23,15726,"#dddddd","OTROS"
"4996",2022,13,0,44,"18610","San José del Fragua","Caquetá",1076,"LIGA DE GOBERNANTES ANTICORRUPCION","Presidencia 2da vuelta",3087,7330,"#f07605","LIGA DE GOBERNANTES ANTICORRUPCION"
"4997",2022,13,0,44,"18610","San José del Fragua","Caquetá",1235,"COALICION PACTO HISTORICO","Presidencia 2da vuelta",2137,7330,"#1b3383","COALICION PACTO HISTORICO"
"4998",2022,13,0,44,"18610","San José del Fragua","Caquetá",996,"VOTOS EN BLANCO","Presidencia 2da vuelta",118,7330,"#dddddd","OTROS"
"4999",2022,13,0,44,"18610","San José del Fragua","Caquetá",997,"VOTOS NULOS","Presidencia 2da vuelta",72,7330,"#808080","VOTOS NULOS"
"5000",2022,13,0,44,"18610","San José del Fragua","Caquetá",998,"VOTOS NO MARCADOS","Presidencia 2da vuelta",11,7330,"#dddddd","OTROS"
"5001",2022,13,0,44,"18753","San Vicente del Caguán","Caquetá",1235,"COALICION PACTO HISTORICO","Presidencia 2da vuelta",11182,7151,"#1b3383","COALICION PACTO HISTORICO"
"5002",2022,13,0,44,"18753","San Vicente del Caguán","Caquetá",1076,"LIGA DE GOBERNANTES ANTICORRUPCION","Presidencia 2da vuelta",10725,7151,"#f07605","LIGA DE GOBERNANTES ANTICORRUPCION"
"5003",2022,13,0,44,"18753","San Vicente del Caguán","Caquetá",996,"VOTOS EN BLANCO","Presidencia 2da vuelta",788,7151,"#dddddd","OTROS"
"5004",2022,13,0,44,"18753","San Vicente del Caguán","Caquetá",997,"VOTOS NULOS","Presidencia 2da vuelta",292,7151,"#808080","VOTOS NULOS"
"5005",2022,13,0,44,"18753","San Vicente del Caguán","Caquetá",998,"VOTOS NO MARCADOS","Presidencia 2da vuelta",63,7151,"#dddddd","OTROS"
"5006",2022,13,0,44,"18756","Solano","Caquetá",1235,"COALICION PACTO HISTORICO","Presidencia 2da vuelta",1719,6305,"#1b3383","COALICION PACTO HISTORICO"
"5007",2022,13,0,44,"18756","Solano","Caquetá",1076,"LIGA DE GOBERNANTES ANTICORRUPCION","Presidencia 2da vuelta",1059,6305,"#f07605","LIGA DE GOBERNANTES ANTICORRUPCION"
"5008",2022,13,0,44,"18756","Solano","Caquetá",996,"VOTOS EN BLANCO","Presidencia 2da vuelta",60,6305,"#dddddd","OTROS"
"5009",2022,13,0,44,"18756","Solano","Caquetá",997,"VOTOS NULOS","Presidencia 2da vuelta",17,6305,"#808080","VOTOS NULOS"
"5010",2022,13,0,44,"18756","Solano","Caquetá",998,"VOTOS NO MARCADOS","Presidencia 2da vuelta",9,6305,"#dddddd","OTROS"
"5011",2022,13,0,44,"18785","Solita","Caquetá",1076,"LIGA DE GOBERNANTES ANTICORRUPCION","Presidencia 2da vuelta",1660,5765,"#f07605","LIGA DE GOBERNANTES ANTICORRUPCION"
"5012",2022,13,0,44,"18785","Solita","Caquetá",1235,"COALICION PACTO HISTORICO","Presidencia 2da vuelta",624,5765,"#1b3383","COALICION PACTO HISTORICO"
"5013",2022,13,0,44,"18785","Solita","Caquetá",996,"VOTOS EN BLANCO","Presidencia 2da vuelta",65,5765,"#dddddd","OTROS"
"5014",2022,13,0,44,"18785","Solita","Caquetá",997,"VOTOS NULOS","Presidencia 2da vuelta",34,5765,"#808080","VOTOS NULOS"
"5015",2022,13,0,44,"18785","Solita","Caquetá",998,"VOTOS NO MARCADOS","Presidencia 2da vuelta",7,5765,"#dddddd","OTROS"
"5016",2022,13,0,44,"18860","Valparaíso","Caquetá",1076,"LIGA DE GOBERNANTES ANTICORRUPCION","Presidencia 2da vuelta",1911,4934,"#f07605","LIGA DE GOBERNANTES ANTICORRUPCION"
"5017",2022,13,0,44,"18860","Valparaíso","Caquetá",1235,"COALICION PACTO HISTORICO","Presidencia 2da vuelta",698,4934,"#1b3383","COALICION PACTO HISTORICO"
"5018",2022,13,0,44,"18860","Valparaíso","Caquetá",996,"VOTOS EN BLANCO","Presidencia 2da vuelta",45,4934,"#dddddd","OTROS"
"5019",2022,13,0,44,"18860","Valparaíso","Caquetá",997,"VOTOS NULOS","Presidencia 2da vuelta",23,4934,"#808080","VOTOS NULOS"
"5020",2022,13,0,44,"18860","Valparaíso","Caquetá",998,"VOTOS NO MARCADOS","Presidencia 2da vuelta",3,4934,"#dddddd","OTROS"
"5021",2022,13,0,46,"85001","Yopal","Casanare",1076,"LIGA DE GOBERNANTES ANTICORRUPCION","Presidencia 2da vuelta",53797,8185,"#f07605","LIGA DE GOBERNANTES ANTICORRUPCION"
"5022",2022,13,0,46,"85001","Yopal","Casanare",1235,"COALICION PACTO HISTORICO","Presidencia 2da vuelta",27535,8185,"#1b3383","COALICION PACTO HISTORICO"
"5023",2022,13,0,46,"85001","Yopal","Casanare",996,"VOTOS EN BLANCO","Presidencia 2da vuelta",1611,8185,"#dddddd","OTROS"
"5024",2022,13,0,46,"85001","Yopal","Casanare",997,"VOTOS NULOS","Presidencia 2da vuelta",968,8185,"#808080","VOTOS NULOS"
"5025",2022,13,0,46,"85001","Yopal","Casanare",998,"VOTOS NO MARCADOS","Presidencia 2da vuelta",53,8185,"#dddddd","OTROS"
"5026",2022,13,0,46,"85010","Aguazul","Casanare",1076,"LIGA DE GOBERNANTES ANTICORRUPCION","Presidencia 2da vuelta",13933,6856,"#f07605","LIGA DE GOBERNANTES ANTICORRUPCION"
"5027",2022,13,0,46,"85010","Aguazul","Casanare",1235,"COALICION PACTO HISTORICO","Presidencia 2da vuelta",6199,6856,"#1b3383","COALICION PACTO HISTORICO"
"5028",2022,13,0,46,"85010","Aguazul","Casanare",996,"VOTOS EN BLANCO","Presidencia 2da vuelta",377,6856,"#dddddd","OTROS"
"5029",2022,13,0,46,"85010","Aguazul","Casanare",997,"VOTOS NULOS","Presidencia 2da vuelta",330,6856,"#808080","VOTOS NULOS"
"5030",2022,13,0,46,"85010","Aguazul","Casanare",998,"VOTOS NO MARCADOS","Presidencia 2da vuelta",14,5541,"#dddddd","OTROS"
"5031",2022,13,0,46,"85015","Chameza","Casanare",1076,"LIGA DE GOBERNANTES ANTICORRUPCION","Presidencia 2da vuelta",991,1838,"#f07605","LIGA DE GOBERNANTES ANTICORRUPCION"
"5032",2022,13,0,46,"85015","Chameza","Casanare",1235,"COALICION PACTO HISTORICO","Presidencia 2da vuelta",318,1838,"#1b3383","COALICION PACTO HISTORICO"
"5033",2022,13,0,46,"85015","Chameza","Casanare",996,"VOTOS EN BLANCO","Presidencia 2da vuelta",22,1838,"#dddddd","OTROS"
"5034",2022,13,0,46,"85015","Chameza","Casanare",997,"VOTOS NULOS","Presidencia 2da vuelta",4,1838,"#808080","VOTOS NULOS"
"5035",2022,13,0,46,"85015","Chameza","Casanare",998,"VOTOS NO MARCADOS","Presidencia 2da vuelta",1,1838,"#dddddd","OTROS"
"5036",2022,13,0,46,"85125","Hato Corozal","Casanare",1076,"LIGA DE GOBERNANTES ANTICORRUPCION","Presidencia 2da vuelta",3799,5158,"#f07605","LIGA DE GOBERNANTES ANTICORRUPCION"
"5037",2022,13,0,46,"85125","Hato Corozal","Casanare",1235,"COALICION PACTO HISTORICO","Presidencia 2da vuelta",832,5158,"#1b3383","COALICION PACTO HISTORICO"
"5038",2022,13,0,46,"85125","Hato Corozal","Casanare",996,"VOTOS EN BLANCO","Presidencia 2da vuelta",41,5158,"#dddddd","OTROS"
"5039",2022,13,0,46,"85125","Hato Corozal","Casanare",997,"VOTOS NULOS","Presidencia 2da vuelta",26,5158,"#808080","VOTOS NULOS"
"5040",2022,13,0,46,"85125","Hato Corozal","Casanare",998,"VOTOS NO MARCADOS","Presidencia 2da vuelta",3,5158,"#dddddd","OTROS"
"5041",2022,13,0,46,"85136","La Salina","Casanare",1235,"COALICION PACTO HISTORICO","Presidencia 2da vuelta",420,891,"#1b3383","COALICION PACTO HISTORICO"
"5042",2022,13,0,46,"85136","La Salina","Casanare",1076,"LIGA DE GOBERNANTES ANTICORRUPCION","Presidencia 2da vuelta",129,891,"#f07605","LIGA DE GOBERNANTES ANTICORRUPCION"
"5043",2022,13,0,46,"85136","La Salina","Casanare",996,"VOTOS EN BLANCO","Presidencia 2da vuelta",16,891,"#dddddd","OTROS"
"5044",2022,13,0,46,"85136","La Salina","Casanare",997,"VOTOS NULOS","Presidencia 2da vuelta",4,891,"#808080","VOTOS NULOS"
"5045",2022,13,0,46,"85139","Maní","Casanare",1076,"LIGA DE GOBERNANTES ANTICORRUPCION","Presidencia 2da vuelta",5421,5771,"#f07605","LIGA DE GOBERNANTES ANTICORRUPCION"
"5046",2022,13,0,46,"85139","Maní","Casanare",1235,"COALICION PACTO HISTORICO","Presidencia 2da vuelta",1609,5771,"#1b3383","COALICION PACTO HISTORICO"
"5047",2022,13,0,46,"85139","Maní","Casanare",996,"VOTOS EN BLANCO","Presidencia 2da vuelta",83,5771,"#dddddd","OTROS"
"5048",2022,13,0,46,"85139","Maní","Casanare",997,"VOTOS NULOS","Presidencia 2da vuelta",57,5771,"#808080","VOTOS NULOS"
"5049",2022,13,0,46,"85139","Maní","Casanare",998,"VOTOS NO MARCADOS","Presidencia 2da vuelta",8,5771,"#dddddd","OTROS"
"5050",2022,13,0,46,"85162","Monterrey","Casanare",1076,"LIGA DE GOBERNANTES ANTICORRUPCION","Presidencia 2da vuelta",5907,11072,"#f07605","LIGA DE GOBERNANTES ANTICORRUPCION"
"5051",2022,13,0,46,"85162","Monterrey","Casanare",1235,"COALICION PACTO HISTORICO","Presidencia 2da vuelta",2403,11072,"#1b3383","COALICION PACTO HISTORICO"
"5052",2022,13,0,46,"85162","Monterrey","Casanare",996,"VOTOS EN BLANCO","Presidencia 2da vuelta",175,11072,"#dddddd","OTROS"
"5053",2022,13,0,46,"85162","Monterrey","Casanare",997,"VOTOS NULOS","Presidencia 2da vuelta",114,11072,"#808080","VOTOS NULOS"
"5054",2022,13,0,46,"85162","Monterrey","Casanare",998,"VOTOS NO MARCADOS","Presidencia 2da vuelta",5,11072,"#dddddd","OTROS"
"5055",2022,13,0,46,"85225","Nunchía","Casanare",1076,"LIGA DE GOBERNANTES ANTICORRUPCION","Presidencia 2da vuelta",3734,3198,"#f07605","LIGA DE GOBERNANTES ANTICORRUPCION"
"5056",2022,13,0,46,"85225","Nunchía","Casanare",1235,"COALICION PACTO HISTORICO","Presidencia 2da vuelta",618,3198,"#1b3383","COALICION PACTO HISTORICO"
"5057",2022,13,0,46,"85225","Nunchía","Casanare",996,"VOTOS EN BLANCO","Presidencia 2da vuelta",49,3198,"#dddddd","OTROS"
"5058",2022,13,0,46,"85225","Nunchía","Casanare",997,"VOTOS NULOS","Presidencia 2da vuelta",22,3198,"#808080","VOTOS NULOS"
"5059",2022,13,0,46,"85225","Nunchía","Casanare",998,"VOTOS NO MARCADOS","Presidencia 2da vuelta",9,3198,"#dddddd","OTROS"
"5060",2022,13,0,46,"85230","Orocué","Casanare",1076,"LIGA DE GOBERNANTES ANTICORRUPCION","Presidencia 2da vuelta",3375,6551,"#f07605","LIGA DE GOBERNANTES ANTICORRUPCION"
"5061",2022,13,0,46,"85230","Orocué","Casanare",1235,"COALICION PACTO HISTORICO","Presidencia 2da vuelta",1078,6551,"#1b3383","COALICION PACTO HISTORICO"
"5062",2022,13,0,46,"85230","Orocué","Casanare",996,"VOTOS EN BLANCO","Presidencia 2da vuelta",51,6551,"#dddddd","OTROS"
"5063",2022,13,0,46,"85230","Orocué","Casanare",997,"VOTOS NULOS","Presidencia 2da vuelta",34,6551,"#808080","VOTOS NULOS"
"5064",2022,13,0,46,"85230","Orocué","Casanare",998,"VOTOS NO MARCADOS","Presidencia 2da vuelta",5,6551,"#dddddd","OTROS"
"5065",2022,13,0,46,"85250","Paz de Ariporo","Casanare",1076,"LIGA DE GOBERNANTES ANTICORRUPCION","Presidencia 2da vuelta",13327,5772,"#f07605","LIGA DE GOBERNANTES ANTICORRUPCION"
"5066",2022,13,0,46,"85250","Paz de Ariporo","Casanare",1235,"COALICION PACTO HISTORICO","Presidencia 2da vuelta",3371,5772,"#1b3383","COALICION PACTO HISTORICO"
"5067",2022,13,0,46,"85250","Paz de Ariporo","Casanare",996,"VOTOS EN BLANCO","Presidencia 2da vuelta",202,5772,"#dddddd","OTROS"
"5068",2022,13,0,46,"85250","Paz de Ariporo","Casanare",997,"VOTOS NULOS","Presidencia 2da vuelta",140,5772,"#808080","VOTOS NULOS"
"5069",2022,13,0,46,"85250","Paz de Ariporo","Casanare",998,"VOTOS NO MARCADOS","Presidencia 2da vuelta",16,5772,"#dddddd","OTROS"
"5070",2022,13,0,46,"85263","Pore","Casanare",1076,"LIGA DE GOBERNANTES ANTICORRUPCION","Presidencia 2da vuelta",4341,7186,"#f07605","LIGA DE GOBERNANTES ANTICORRUPCION"
"5071",2022,13,0,46,"85263","Pore","Casanare",1235,"COALICION PACTO HISTORICO","Presidencia 2da vuelta",943,7186,"#1b3383","COALICION PACTO HISTORICO"
"5072",2022,13,0,46,"85263","Pore","Casanare",996,"VOTOS EN BLANCO","Presidencia 2da vuelta",56,7186,"#dddddd","OTROS"
"5073",2022,13,0,46,"85263","Pore","Casanare",997,"VOTOS NULOS","Presidencia 2da vuelta",38,7186,"#808080","VOTOS NULOS"
"5074",2022,13,0,46,"85263","Pore","Casanare",998,"VOTOS NO MARCADOS","Presidencia 2da vuelta",9,7186,"#dddddd","OTROS"
"5075",2022,13,0,46,"85279","Recetor","Casanare",1076,"LIGA DE GOBERNANTES ANTICORRUPCION","Presidencia 2da vuelta",645,877,"#f07605","LIGA DE GOBERNANTES ANTICORRUPCION"
"5076",2022,13,0,46,"85279","Recetor","Casanare",1235,"COALICION PACTO HISTORICO","Presidencia 2da vuelta",234,877,"#1b3383","COALICION PACTO HISTORICO"
"5077",2022,13,0,46,"85279","Recetor","Casanare",996,"VOTOS EN BLANCO","Presidencia 2da vuelta",9,877,"#dddddd","OTROS"
"5078",2022,13,0,46,"85279","Recetor","Casanare",997,"VOTOS NULOS","Presidencia 2da vuelta",3,877,"#808080","VOTOS NULOS"
"5079",2022,13,0,46,"85279","Recetor","Casanare",998,"VOTOS NO MARCADOS","Presidencia 2da vuelta",1,877,"#dddddd","OTROS"
"5080",2022,13,0,46,"85300","Sabanalarga","Casanare",1076,"LIGA DE GOBERNANTES ANTICORRUPCION","Presidencia 2da vuelta",1455,2208,"#f07605","LIGA DE GOBERNANTES ANTICORRUPCION"
"5081",2022,13,0,46,"85300","Sabanalarga","Casanare",1235,"COALICION PACTO HISTORICO","Presidencia 2da vuelta",451,2208,"#1b3383","COALICION PACTO HISTORICO"
"5082",2022,13,0,46,"85300","Sabanalarga","Casanare",996,"VOTOS EN BLANCO","Presidencia 2da vuelta",39,2208,"#dddddd","OTROS"
"5083",2022,13,0,46,"85300","Sabanalarga","Casanare",997,"VOTOS NULOS","Presidencia 2da vuelta",18,2208,"#808080","VOTOS NULOS"
"5084",2022,13,0,46,"85315","Sácama","Casanare",1235,"COALICION PACTO HISTORICO","Presidencia 2da vuelta",598,1654,"#1b3383","COALICION PACTO HISTORICO"
"5085",2022,13,0,46,"85315","Sácama","Casanare",1076,"LIGA DE GOBERNANTES ANTICORRUPCION","Presidencia 2da vuelta",319,1654,"#f07605","LIGA DE GOBERNANTES ANTICORRUPCION"
"5086",2022,13,0,46,"85315","Sácama","Casanare",996,"VOTOS EN BLANCO","Presidencia 2da vuelta",32,1654,"#dddddd","OTROS"
"5087",2022,13,0,46,"85315","Sácama","Casanare",997,"VOTOS NULOS","Presidencia 2da vuelta",7,1654,"#808080","VOTOS NULOS"
"5088",2022,13,0,46,"85315","Sácama","Casanare",998,"VOTOS NO MARCADOS","Presidencia 2da vuelta",2,1654,"#dddddd","OTROS"
"5089",2022,13,0,46,"85325","San Luis de Palenque","Casanare",1076,"LIGA DE GOBERNANTES ANTICORRUPCION","Presidencia 2da vuelta",3424,4700,"#f07605","LIGA DE GOBERNANTES ANTICORRUPCION"
"5090",2022,13,0,46,"85325","San Luis de Palenque","Casanare",1235,"COALICION PACTO HISTORICO","Presidencia 2da vuelta",599,4700,"#1b3383","COALICION PACTO HISTORICO"
"5091",2022,13,0,46,"85325","San Luis de Palenque","Casanare",996,"VOTOS EN BLANCO","Presidencia 2da vuelta",48,4700,"#dddddd","OTROS"
"5092",2022,13,0,46,"85325","San Luis de Palenque","Casanare",997,"VOTOS NULOS","Presidencia 2da vuelta",24,4700,"#808080","VOTOS NULOS"
"5093",2022,13,0,46,"85325","San Luis de Palenque","Casanare",998,"VOTOS NO MARCADOS","Presidencia 2da vuelta",3,4700,"#dddddd","OTROS"
"5094",2022,13,0,46,"85400","Támara","Casanare",1076,"LIGA DE GOBERNANTES ANTICORRUPCION","Presidencia 2da vuelta",2370,3580,"#f07605","LIGA DE GOBERNANTES ANTICORRUPCION"
"5095",2022,13,0,46,"85400","Támara","Casanare",1235,"COALICION PACTO HISTORICO","Presidencia 2da vuelta",551,3580,"#1b3383","COALICION PACTO HISTORICO"
"5096",2022,13,0,46,"85400","Támara","Casanare",996,"VOTOS EN BLANCO","Presidencia 2da vuelta",19,3580,"#dddddd","OTROS"
"5097",2022,13,0,46,"85400","Támara","Casanare",997,"VOTOS NULOS","Presidencia 2da vuelta",17,3580,"#808080","VOTOS NULOS"
"5098",2022,13,0,46,"85400","Támara","Casanare",998,"VOTOS NO MARCADOS","Presidencia 2da vuelta",8,3580,"#dddddd","OTROS"
"5099",2022,13,0,46,"85410","Tauramena","Casanare",1076,"LIGA DE GOBERNANTES ANTICORRUPCION","Presidencia 2da vuelta",10036,7070,"#f07605","LIGA DE GOBERNANTES ANTICORRUPCION"
"5100",2022,13,0,46,"85410","Tauramena","Casanare",1235,"COALICION PACTO HISTORICO","Presidencia 2da vuelta",3623,7070,"#1b3383","COALICION PACTO HISTORICO"
"5101",2022,13,0,46,"85410","Tauramena","Casanare",996,"VOTOS EN BLANCO","Presidencia 2da vuelta",226,7070,"#dddddd","OTROS"
"5102",2022,13,0,46,"85410","Tauramena","Casanare",997,"VOTOS NULOS","Presidencia 2da vuelta",205,7070,"#808080","VOTOS NULOS"
"5103",2022,13,0,46,"85410","Tauramena","Casanare",998,"VOTOS NO MARCADOS","Presidencia 2da vuelta",5,7070,"#dddddd","OTROS"
"5104",2022,13,0,46,"85430","Trinidad","Casanare",1076,"LIGA DE GOBERNANTES ANTICORRUPCION","Presidencia 2da vuelta",4896,4099,"#f07605","LIGA DE GOBERNANTES ANTICORRUPCION"
"5105",2022,13,0,46,"85430","Trinidad","Casanare",1235,"COALICION PACTO HISTORICO","Presidencia 2da vuelta",970,4099,"#1b3383","COALICION PACTO HISTORICO"
"5106",2022,13,0,46,"85430","Trinidad","Casanare",996,"VOTOS EN BLANCO","Presidencia 2da vuelta",54,4099,"#dddddd","OTROS"
"5107",2022,13,0,46,"85430","Trinidad","Casanare",997,"VOTOS NULOS","Presidencia 2da vuelta",42,4099,"#808080","VOTOS NULOS"
"5108",2022,13,0,46,"85430","Trinidad","Casanare",998,"VOTOS NO MARCADOS","Presidencia 2da vuelta",7,4099,"#dddddd","OTROS"
"5109",2022,13,0,46,"85440","Villanueva","Casanare",1076,"LIGA DE GOBERNANTES ANTICORRUPCION","Presidencia 2da vuelta",12497,8827,"#f07605","LIGA DE GOBERNANTES ANTICORRUPCION"
"5110",2022,13,0,46,"85440","Villanueva","Casanare",1235,"COALICION PACTO HISTORICO","Presidencia 2da vuelta",5019,8827,"#1b3383","COALICION PACTO HISTORICO"
"5111",2022,13,0,46,"85440","Villanueva","Casanare",997,"VOTOS NULOS","Presidencia 2da vuelta",366,8827,"#808080","VOTOS NULOS"
"5112",2022,13,0,46,"85440","Villanueva","Casanare",996,"VOTOS EN BLANCO","Presidencia 2da vuelta",323,8827,"#dddddd","OTROS"
"5113",2022,13,0,46,"85440","Villanueva","Casanare",998,"VOTOS NO MARCADOS","Presidencia 2da vuelta",16,8827,"#dddddd","OTROS"
"5114",2022,13,0,48,"44001","Riohacha","La Guajira",1235,"COALICION PACTO HISTORICO","Presidencia 2da vuelta",44609,9336,"#1b3383","COALICION PACTO HISTORICO"
"5115",2022,13,0,48,"44001","Riohacha","La Guajira",1076,"LIGA DE GOBERNANTES ANTICORRUPCION","Presidencia 2da vuelta",22381,9336,"#f07605","LIGA DE GOBERNANTES ANTICORRUPCION"
"5116",2022,13,0,48,"44001","Riohacha","La Guajira",996,"VOTOS EN BLANCO","Presidencia 2da vuelta",1381,9336,"#dddddd","OTROS"
"5117",2022,13,0,48,"44001","Riohacha","La Guajira",997,"VOTOS NULOS","Presidencia 2da vuelta",820,9336,"#808080","VOTOS NULOS"
"5118",2022,13,0,48,"44001","Riohacha","La Guajira",998,"VOTOS NO MARCADOS","Presidencia 2da vuelta",57,9336,"#dddddd","OTROS"
"5119",2022,13,0,48,"44035","Albania","La Guajira",1235,"COALICION PACTO HISTORICO","Presidencia 2da vuelta",7320,10111,"#1b3383","COALICION PACTO HISTORICO"
"5120",2022,13,0,48,"44035","Albania","La Guajira",1076,"LIGA DE GOBERNANTES ANTICORRUPCION","Presidencia 2da vuelta",1661,10111,"#f07605","LIGA DE GOBERNANTES ANTICORRUPCION"
"5121",2022,13,0,48,"44035","Albania","La Guajira",996,"VOTOS EN BLANCO","Presidencia 2da vuelta",115,10111,"#dddddd","OTROS"
"5122",2022,13,0,48,"44035","Albania","La Guajira",997,"VOTOS NULOS","Presidencia 2da vuelta",104,10111,"#808080","VOTOS NULOS"
"5123",2022,13,0,48,"44035","Albania","La Guajira",998,"VOTOS NO MARCADOS","Presidencia 2da vuelta",3,10111,"#dddddd","OTROS"
"5124",2022,13,0,48,"44078","Barrancas","La Guajira",1235,"COALICION PACTO HISTORICO","Presidencia 2da vuelta",9511,16421,"#1b3383","COALICION PACTO HISTORICO"
"5125",2022,13,0,48,"44078","Barrancas","La Guajira",1076,"LIGA DE GOBERNANTES ANTICORRUPCION","Presidencia 2da vuelta",2902,16421,"#f07605","LIGA DE GOBERNANTES ANTICORRUPCION"
"5126",2022,13,0,48,"44078","Barrancas","La Guajira",996,"VOTOS EN BLANCO","Presidencia 2da vuelta",139,16421,"#dddddd","OTROS"
"5127",2022,13,0,48,"44078","Barrancas","La Guajira",997,"VOTOS NULOS","Presidencia 2da vuelta",70,16421,"#808080","VOTOS NULOS"
"5128",2022,13,0,48,"44078","Barrancas","La Guajira",998,"VOTOS NO MARCADOS","Presidencia 2da vuelta",6,16421,"#dddddd","OTROS"
"5129",2022,13,0,48,"44090","Dibulla","La Guajira",1235,"COALICION PACTO HISTORICO","Presidencia 2da vuelta",6283,5927,"#1b3383","COALICION PACTO HISTORICO"
"5130",2022,13,0,48,"44090","Dibulla","La Guajira",1076,"LIGA DE GOBERNANTES ANTICORRUPCION","Presidencia 2da vuelta",2701,5927,"#f07605","LIGA DE GOBERNANTES ANTICORRUPCION"
"5131",2022,13,0,48,"44090","Dibulla","La Guajira",996,"VOTOS EN BLANCO","Presidencia 2da vuelta",149,5927,"#dddddd","OTROS"
"5132",2022,13,0,48,"44090","Dibulla","La Guajira",997,"VOTOS NULOS","Presidencia 2da vuelta",74,5927,"#808080","VOTOS NULOS"
"5133",2022,13,0,48,"44090","Dibulla","La Guajira",998,"VOTOS NO MARCADOS","Presidencia 2da vuelta",11,5927,"#dddddd","OTROS"
"5134",2022,13,0,48,"44098","Distracción","La Guajira",1235,"COALICION PACTO HISTORICO","Presidencia 2da vuelta",3096,6273,"#1b3383","COALICION PACTO HISTORICO"
"5135",2022,13,0,48,"44098","Distracción","La Guajira",1076,"LIGA DE GOBERNANTES ANTICORRUPCION","Presidencia 2da vuelta",1928,6273,"#f07605","LIGA DE GOBERNANTES ANTICORRUPCION"
"5136",2022,13,0,48,"44098","Distracción","La Guajira",996,"VOTOS EN BLANCO","Presidencia 2da vuelta",67,6273,"#dddddd","OTROS"
"5137",2022,13,0,48,"44098","Distracción","La Guajira",997,"VOTOS NULOS","Presidencia 2da vuelta",41,6273,"#808080","VOTOS NULOS"
"5138",2022,13,0,48,"44098","Distracción","La Guajira",998,"VOTOS NO MARCADOS","Presidencia 2da vuelta",7,6273,"#dddddd","OTROS"
"5139",2022,13,0,48,"44110","El Molino","La Guajira",1235,"COALICION PACTO HISTORICO","Presidencia 2da vuelta",2361,7955,"#1b3383","COALICION PACTO HISTORICO"
"5140",2022,13,0,48,"44110","El Molino","La Guajira",1076,"LIGA DE GOBERNANTES ANTICORRUPCION","Presidencia 2da vuelta",1746,7955,"#f07605","LIGA DE GOBERNANTES ANTICORRUPCION"
"5141",2022,13,0,48,"44110","El Molino","La Guajira",996,"VOTOS EN BLANCO","Presidencia 2da vuelta",46,7955,"#dddddd","OTROS"
"5142",2022,13,0,48,"44110","El Molino","La Guajira",997,"VOTOS NULOS","Presidencia 2da vuelta",30,7955,"#808080","VOTOS NULOS"
"5143",2022,13,0,48,"44110","El Molino","La Guajira",998,"VOTOS NO MARCADOS","Presidencia 2da vuelta",1,7955,"#dddddd","OTROS"
"5144",2022,13,0,48,"44279","Fonseca","La Guajira",1235,"COALICION PACTO HISTORICO","Presidencia 2da vuelta",12454,5428,"#1b3383","COALICION PACTO HISTORICO"
"5145",2022,13,0,48,"44279","Fonseca","La Guajira",1076,"LIGA DE GOBERNANTES ANTICORRUPCION","Presidencia 2da vuelta",4158,5428,"#f07605","LIGA DE GOBERNANTES ANTICORRUPCION"
"5146",2022,13,0,48,"44279","Fonseca","La Guajira",996,"VOTOS EN BLANCO","Presidencia 2da vuelta",239,5428,"#dddddd","OTROS"
"5147",2022,13,0,48,"44279","Fonseca","La Guajira",997,"VOTOS NULOS","Presidencia 2da vuelta",140,5428,"#808080","VOTOS NULOS"
"5148",2022,13,0,48,"44279","Fonseca","La Guajira",998,"VOTOS NO MARCADOS","Presidencia 2da vuelta",15,5428,"#dddddd","OTROS"
"5149",2022,13,0,48,"44378","Hatonuevo","La Guajira",1235,"COALICION PACTO HISTORICO","Presidencia 2da vuelta",6018,15186,"#1b3383","COALICION PACTO HISTORICO"
"5150",2022,13,0,48,"44378","Hatonuevo","La Guajira",1076,"LIGA DE GOBERNANTES ANTICORRUPCION","Presidencia 2da vuelta",1405,15186,"#f07605","LIGA DE GOBERNANTES ANTICORRUPCION"
"5151",2022,13,0,48,"44378","Hatonuevo","La Guajira",996,"VOTOS EN BLANCO","Presidencia 2da vuelta",81,15186,"#dddddd","OTROS"
"5152",2022,13,0,48,"44378","Hatonuevo","La Guajira",997,"VOTOS NULOS","Presidencia 2da vuelta",53,15186,"#808080","VOTOS NULOS"
"5153",2022,13,0,48,"44378","Hatonuevo","La Guajira",998,"VOTOS NO MARCADOS","Presidencia 2da vuelta",6,15186,"#dddddd","OTROS"
"5154",2022,13,0,48,"44420","La Jagua del Pilar","La Guajira",1235,"COALICION PACTO HISTORICO","Presidencia 2da vuelta",1341,3331,"#1b3383","COALICION PACTO HISTORICO"
"5155",2022,13,0,48,"44420","La Jagua del Pilar","La Guajira",1076,"LIGA DE GOBERNANTES ANTICORRUPCION","Presidencia 2da vuelta",803,3331,"#f07605","LIGA DE GOBERNANTES ANTICORRUPCION"
"5156",2022,13,0,48,"44420","La Jagua del Pilar","La Guajira",996,"VOTOS EN BLANCO","Presidencia 2da vuelta",23,3331,"#dddddd","OTROS"
"5157",2022,13,0,48,"44420","La Jagua del Pilar","La Guajira",997,"VOTOS NULOS","Presidencia 2da vuelta",14,3331,"#808080","VOTOS NULOS"
"5158",2022,13,0,48,"44430","Maicao","La Guajira",1235,"COALICION PACTO HISTORICO","Presidencia 2da vuelta",30922,13258,"#1b3383","COALICION PACTO HISTORICO"
"5159",2022,13,0,48,"44430","Maicao","La Guajira",1076,"LIGA DE GOBERNANTES ANTICORRUPCION","Presidencia 2da vuelta",17560,13258,"#f07605","LIGA DE GOBERNANTES ANTICORRUPCION"
"5160",2022,13,0,48,"44430","Maicao","La Guajira",996,"VOTOS EN BLANCO","Presidencia 2da vuelta",996,13258,"#dddddd","OTROS"
"5161",2022,13,0,48,"44430","Maicao","La Guajira",997,"VOTOS NULOS","Presidencia 2da vuelta",633,13258,"#808080","VOTOS NULOS"
"5162",2022,13,0,48,"44430","Maicao","La Guajira",998,"VOTOS NO MARCADOS","Presidencia 2da vuelta",80,13258,"#dddddd","OTROS"
"5163",2022,13,0,48,"44560","Manaure","La Guajira",1235,"COALICION PACTO HISTORICO","Presidencia 2da vuelta",8177,7260,"#1b3383","COALICION PACTO HISTORICO"
"5164",2022,13,0,48,"44560","Manaure","La Guajira",1076,"LIGA DE GOBERNANTES ANTICORRUPCION","Presidencia 2da vuelta",4196,7260,"#f07605","LIGA DE GOBERNANTES ANTICORRUPCION"
"5165",2022,13,0,48,"44560","Manaure","La Guajira",996,"VOTOS EN BLANCO","Presidencia 2da vuelta",204,7260,"#dddddd","OTROS"
"5166",2022,13,0,48,"44560","Manaure","La Guajira",997,"VOTOS NULOS","Presidencia 2da vuelta",201,7260,"#808080","VOTOS NULOS"
"5167",2022,13,0,48,"44560","Manaure","La Guajira",998,"VOTOS NO MARCADOS","Presidencia 2da vuelta",26,6406,"#dddddd","OTROS"
"5168",2022,13,0,48,"44650","San Juan del Cesar","La Guajira",1076,"LIGA DE GOBERNANTES ANTICORRUPCION","Presidencia 2da vuelta",9685,5993,"#f07605","LIGA DE GOBERNANTES ANTICORRUPCION"
"5169",2022,13,0,48,"44650","San Juan del Cesar","La Guajira",1235,"COALICION PACTO HISTORICO","Presidencia 2da vuelta",8894,5993,"#1b3383","COALICION PACTO HISTORICO"
"5170",2022,13,0,48,"44650","San Juan del Cesar","La Guajira",996,"VOTOS EN BLANCO","Presidencia 2da vuelta",285,5993,"#dddddd","OTROS"
"5171",2022,13,0,48,"44650","San Juan del Cesar","La Guajira",997,"VOTOS NULOS","Presidencia 2da vuelta",214,5993,"#808080","VOTOS NULOS"
"5172",2022,13,0,48,"44650","San Juan del Cesar","La Guajira",998,"VOTOS NO MARCADOS","Presidencia 2da vuelta",11,4741,"#dddddd","OTROS"
"5173",2022,13,0,48,"44847","Uribia","La Guajira",1235,"COALICION PACTO HISTORICO","Presidencia 2da vuelta",11671,15363,"#1b3383","COALICION PACTO HISTORICO"
"5174",2022,13,0,48,"44847","Uribia","La Guajira",1076,"LIGA DE GOBERNANTES ANTICORRUPCION","Presidencia 2da vuelta",7823,15363,"#f07605","LIGA DE GOBERNANTES ANTICORRUPCION"
"5175",2022,13,0,48,"44847","Uribia","La Guajira",997,"VOTOS NULOS","Presidencia 2da vuelta",464,15363,"#808080","VOTOS NULOS"
"5176",2022,13,0,48,"44847","Uribia","La Guajira",996,"VOTOS EN BLANCO","Presidencia 2da vuelta",355,15363,"#dddddd","OTROS"
"5177",2022,13,0,48,"44847","Uribia","La Guajira",998,"VOTOS NO MARCADOS","Presidencia 2da vuelta",45,15363,"#dddddd","OTROS"
"5178",2022,13,0,48,"44855","Urumita","La Guajira",1235,"COALICION PACTO HISTORICO","Presidencia 2da vuelta",3831,8993,"#1b3383","COALICION PACTO HISTORICO"
"5179",2022,13,0,48,"44855","Urumita","La Guajira",1076,"LIGA DE GOBERNANTES ANTICORRUPCION","Presidencia 2da vuelta",1898,8993,"#f07605","LIGA DE GOBERNANTES ANTICORRUPCION"
"5180",2022,13,0,48,"44855","Urumita","La Guajira",996,"VOTOS EN BLANCO","Presidencia 2da vuelta",68,8993,"#dddddd","OTROS"
"5181",2022,13,0,48,"44855","Urumita","La Guajira",997,"VOTOS NULOS","Presidencia 2da vuelta",43,8993,"#808080","VOTOS NULOS"
"5182",2022,13,0,48,"44855","Urumita","La Guajira",998,"VOTOS NO MARCADOS","Presidencia 2da vuelta",2,8993,"#dddddd","OTROS"
"5183",2022,13,0,48,"44874","Villanueva","La Guajira",1235,"COALICION PACTO HISTORICO","Presidencia 2da vuelta",6678,19617,"#1b3383","COALICION PACTO HISTORICO"
"5184",2022,13,0,48,"44874","Villanueva","La Guajira",1076,"LIGA DE GOBERNANTES ANTICORRUPCION","Presidencia 2da vuelta",4194,19617,"#f07605","LIGA DE GOBERNANTES ANTICORRUPCION"
"5185",2022,13,0,48,"44874","Villanueva","La Guajira",996,"VOTOS EN BLANCO","Presidencia 2da vuelta",133,19617,"#dddddd","OTROS"
"5186",2022,13,0,48,"44874","Villanueva","La Guajira",997,"VOTOS NULOS","Presidencia 2da vuelta",132,19617,"#808080","VOTOS NULOS"
"5187",2022,13,0,48,"44874","Villanueva","La Guajira",998,"VOTOS NO MARCADOS","Presidencia 2da vuelta",6,19617,"#dddddd","OTROS"
"5188",2022,13,0,50,"94001","Inírida","Guainía",1076,"LIGA DE GOBERNANTES ANTICORRUPCION","Presidencia 2da vuelta",4933,6202,"#f07605","LIGA DE GOBERNANTES ANTICORRUPCION"
"5189",2022,13,0,50,"94001","Inírida","Guainía",1235,"COALICION PACTO HISTORICO","Presidencia 2da vuelta",4875,6202,"#1b3383","COALICION PACTO HISTORICO"
"5190",2022,13,0,50,"94001","Inírida","Guainía",996,"VOTOS EN BLANCO","Presidencia 2da vuelta",161,6202,"#dddddd","OTROS"
"5191",2022,13,0,50,"94001","Inírida","Guainía",997,"VOTOS NULOS","Presidencia 2da vuelta",85,6202,"#808080","VOTOS NULOS"
"5192",2022,13,0,50,"94001","Inírida","Guainía",998,"VOTOS NO MARCADOS","Presidencia 2da vuelta",16,5214,"#dddddd","OTROS"
"5193",2022,13,0,50,"94343","Barranco Minas","Guainía",1235,"COALICION PACTO HISTORICO","Presidencia 2da vuelta",1379,2778,"#1b3383","COALICION PACTO HISTORICO"
"5194",2022,13,0,50,"94343","Barranco Minas","Guainía",1076,"LIGA DE GOBERNANTES ANTICORRUPCION","Presidencia 2da vuelta",285,2778,"#f07605","LIGA DE GOBERNANTES ANTICORRUPCION"
"5195",2022,13,0,50,"94343","Barranco Minas","Guainía",996,"VOTOS EN BLANCO","Presidencia 2da vuelta",31,2778,"#dddddd","OTROS"
"5196",2022,13,0,50,"94343","Barranco Minas","Guainía",997,"VOTOS NULOS","Presidencia 2da vuelta",10,2778,"#808080","VOTOS NULOS"
"5197",2022,13,0,50,"94343","Barranco Minas","Guainía",998,"VOTOS NO MARCADOS","Presidencia 2da vuelta",5,2778,"#dddddd","OTROS"
"5198",2022,13,0,50,"94883","San Felipe","Guainía",1076,"LIGA DE GOBERNANTES ANTICORRUPCION","Presidencia 2da vuelta",136,848,"#f07605","LIGA DE GOBERNANTES ANTICORRUPCION"
"5199",2022,13,0,50,"94883","San Felipe","Guainía",1235,"COALICION PACTO HISTORICO","Presidencia 2da vuelta",71,848,"#1b3383","COALICION PACTO HISTORICO"
"5200",2022,13,0,50,"94883","San Felipe","Guainía",996,"VOTOS EN BLANCO","Presidencia 2da vuelta",3,848,"#dddddd","OTROS"
"5201",2022,13,0,50,"94883","San Felipe","Guainía",997,"VOTOS NULOS","Presidencia 2da vuelta",2,848,"#808080","VOTOS NULOS"
"5202",2022,13,0,50,"94884","Puerto Colombia","Guainía",1076,"LIGA DE GOBERNANTES ANTICORRUPCION","Presidencia 2da vuelta",217,593,"#f07605","LIGA DE GOBERNANTES ANTICORRUPCION"
"5203",2022,13,0,50,"94884","Puerto Colombia","Guainía",1235,"COALICION PACTO HISTORICO","Presidencia 2da vuelta",40,593,"#1b3383","COALICION PACTO HISTORICO"
"5204",2022,13,0,50,"94884","Puerto Colombia","Guainía",998,"VOTOS NO MARCADOS","Presidencia 2da vuelta",2,593,"#dddddd","OTROS"
"5205",2022,13,0,50,"94884","Puerto Colombia","Guainía",996,"VOTOS EN BLANCO","Presidencia 2da vuelta",1,593,"#dddddd","OTROS"
"5206",2022,13,0,50,"94884","Puerto Colombia","Guainía",997,"VOTOS NULOS","Presidencia 2da vuelta",1,593,"#808080","VOTOS NULOS"
"5207",2022,13,0,50,"94885","La Guadalupe","Guainía",1076,"LIGA DE GOBERNANTES ANTICORRUPCION","Presidencia 2da vuelta",34,195,"#f07605","LIGA DE GOBERNANTES ANTICORRUPCION"
"5208",2022,13,0,50,"94885","La Guadalupe","Guainía",1235,"COALICION PACTO HISTORICO","Presidencia 2da vuelta",18,195,"#1b3383","COALICION PACTO HISTORICO"
"5209",2022,13,0,50,"94885","La Guadalupe","Guainía",997,"VOTOS NULOS","Presidencia 2da vuelta",1,195,"#808080","VOTOS NULOS"
"5210",2022,13,0,50,"94886","Cacahual","Guainía",1235,"COALICION PACTO HISTORICO","Presidencia 2da vuelta",20,309,"#1b3383","COALICION PACTO HISTORICO"
"5211",2022,13,0,50,"94886","Cacahual","Guainía",1076,"LIGA DE GOBERNANTES ANTICORRUPCION","Presidencia 2da vuelta",12,309,"#f07605","LIGA DE GOBERNANTES ANTICORRUPCION"
"5212",2022,13,0,50,"94886","Cacahual","Guainía",998,"VOTOS NO MARCADOS","Presidencia 2da vuelta",1,309,"#dddddd","OTROS"
"5213",2022,13,0,50,"94887","Pana Pana","Guainía",1076,"LIGA DE GOBERNANTES ANTICORRUPCION","Presidencia 2da vuelta",85,270,"#f07605","LIGA DE GOBERNANTES ANTICORRUPCION"
"5214",2022,13,0,50,"94887","Pana Pana","Guainía",1235,"COALICION PACTO HISTORICO","Presidencia 2da vuelta",80,270,"#1b3383","COALICION PACTO HISTORICO"
"5215",2022,13,0,50,"94887","Pana Pana","Guainía",996,"VOTOS EN BLANCO","Presidencia 2da vuelta",4,270,"#dddddd","OTROS"
"5216",2022,13,0,50,"94887","Pana Pana","Guainía",997,"VOTOS NULOS","Presidencia 2da vuelta",1,47,"#808080","VOTOS NULOS"
"5217",2022,13,0,50,"94888","Morichal","Guainía",1235,"COALICION PACTO HISTORICO","Presidencia 2da vuelta",49,213,"#1b3383","COALICION PACTO HISTORICO"
"5218",2022,13,0,50,"94888","Morichal","Guainía",1076,"LIGA DE GOBERNANTES ANTICORRUPCION","Presidencia 2da vuelta",14,213,"#f07605","LIGA DE GOBERNANTES ANTICORRUPCION"
"5219",2022,13,0,50,"94888","Morichal","Guainía",996,"VOTOS EN BLANCO","Presidencia 2da vuelta",1,213,"#dddddd","OTROS"
"5220",2022,13,0,52,"50001","Villavicencio","Meta",1076,"LIGA DE GOBERNANTES ANTICORRUPCION","Presidencia 2da vuelta",150987,7273,"#f07605","LIGA DE GOBERNANTES ANTICORRUPCION"
"5221",2022,13,0,52,"50001","Villavicencio","Meta",1235,"COALICION PACTO HISTORICO","Presidencia 2da vuelta",91761,7273,"#1b3383","COALICION PACTO HISTORICO"
"5222",2022,13,0,52,"50001","Villavicencio","Meta",996,"VOTOS EN BLANCO","Presidencia 2da vuelta",4967,7273,"#dddddd","OTROS"
"5223",2022,13,0,52,"50001","Villavicencio","Meta",997,"VOTOS NULOS","Presidencia 2da vuelta",2976,7273,"#808080","VOTOS NULOS"
"5224",2022,13,0,52,"50001","Villavicencio","Meta",998,"VOTOS NO MARCADOS","Presidencia 2da vuelta",120,7273,"#dddddd","OTROS"
"5225",2022,13,0,52,"50006","Acacías","Meta",1076,"LIGA DE GOBERNANTES ANTICORRUPCION","Presidencia 2da vuelta",30870,4922,"#f07605","LIGA DE GOBERNANTES ANTICORRUPCION"
"5226",2022,13,0,52,"50006","Acacías","Meta",1235,"COALICION PACTO HISTORICO","Presidencia 2da vuelta",15839,4922,"#1b3383","COALICION PACTO HISTORICO"
"5227",2022,13,0,52,"50006","Acacías","Meta",997,"VOTOS NULOS","Presidencia 2da vuelta",1081,4922,"#808080","VOTOS NULOS"
"5228",2022,13,0,52,"50006","Acacías","Meta",996,"VOTOS EN BLANCO","Presidencia 2da vuelta",950,4922,"#dddddd","OTROS"
"5229",2022,13,0,52,"50006","Acacías","Meta",998,"VOTOS NO MARCADOS","Presidencia 2da vuelta",33,4922,"#dddddd","OTROS"
"5230",2022,13,0,52,"50110","Barranca de Upía","Meta",1076,"LIGA DE GOBERNANTES ANTICORRUPCION","Presidencia 2da vuelta",2203,4708,"#f07605","LIGA DE GOBERNANTES ANTICORRUPCION"
"5231",2022,13,0,52,"50110","Barranca de Upía","Meta",1235,"COALICION PACTO HISTORICO","Presidencia 2da vuelta",961,4708,"#1b3383","COALICION PACTO HISTORICO"
"5232",2022,13,0,52,"50110","Barranca de Upía","Meta",996,"VOTOS EN BLANCO","Presidencia 2da vuelta",60,4708,"#dddddd","OTROS"
"5233",2022,13,0,52,"50110","Barranca de Upía","Meta",997,"VOTOS NULOS","Presidencia 2da vuelta",52,4708,"#808080","VOTOS NULOS"
"5234",2022,13,0,52,"50110","Barranca de Upía","Meta",998,"VOTOS NO MARCADOS","Presidencia 2da vuelta",4,4708,"#dddddd","OTROS"
"5235",2022,13,0,52,"50124","Cabuyaro","Meta",1076,"LIGA DE GOBERNANTES ANTICORRUPCION","Presidencia 2da vuelta",2726,4180,"#f07605","LIGA DE GOBERNANTES ANTICORRUPCION"
"5236",2022,13,0,52,"50124","Cabuyaro","Meta",1235,"COALICION PACTO HISTORICO","Presidencia 2da vuelta",749,4180,"#1b3383","COALICION PACTO HISTORICO"
"5237",2022,13,0,52,"50124","Cabuyaro","Meta",997,"VOTOS NULOS","Presidencia 2da vuelta",40,4180,"#808080","VOTOS NULOS"
"5238",2022,13,0,52,"50124","Cabuyaro","Meta",996,"VOTOS EN BLANCO","Presidencia 2da vuelta",38,4180,"#dddddd","OTROS"
"5239",2022,13,0,52,"50124","Cabuyaro","Meta",998,"VOTOS NO MARCADOS","Presidencia 2da vuelta",2,4180,"#dddddd","OTROS"
"5240",2022,13,0,52,"50150","Castilla la Nueva","Meta",1076,"LIGA DE GOBERNANTES ANTICORRUPCION","Presidencia 2da vuelta",5934,9677,"#f07605","LIGA DE GOBERNANTES ANTICORRUPCION"
"5241",2022,13,0,52,"50150","Castilla la Nueva","Meta",1235,"COALICION PACTO HISTORICO","Presidencia 2da vuelta",2992,9677,"#1b3383","COALICION PACTO HISTORICO"
"5242",2022,13,0,52,"50150","Castilla la Nueva","Meta",997,"VOTOS NULOS","Presidencia 2da vuelta",229,9677,"#808080","VOTOS NULOS"
"5243",2022,13,0,52,"50150","Castilla la Nueva","Meta",996,"VOTOS EN BLANCO","Presidencia 2da vuelta",166,9677,"#dddddd","OTROS"
"5244",2022,13,0,52,"50150","Castilla la Nueva","Meta",998,"VOTOS NO MARCADOS","Presidencia 2da vuelta",8,9677,"#dddddd","OTROS"
"5245",2022,13,0,52,"50223","Cubarral","Meta",1076,"LIGA DE GOBERNANTES ANTICORRUPCION","Presidencia 2da vuelta",2798,5555,"#f07605","LIGA DE GOBERNANTES ANTICORRUPCION"
"5246",2022,13,0,52,"50223","Cubarral","Meta",1235,"COALICION PACTO HISTORICO","Presidencia 2da vuelta",814,5555,"#1b3383","COALICION PACTO HISTORICO"
"5247",2022,13,0,52,"50223","Cubarral","Meta",996,"VOTOS EN BLANCO","Presidencia 2da vuelta",43,5555,"#dddddd","OTROS"
"5248",2022,13,0,52,"50223","Cubarral","Meta",997,"VOTOS NULOS","Presidencia 2da vuelta",33,5555,"#808080","VOTOS NULOS"
"5249",2022,13,0,52,"50223","Cubarral","Meta",998,"VOTOS NO MARCADOS","Presidencia 2da vuelta",1,5555,"#dddddd","OTROS"
"5250",2022,13,0,52,"50226","Cumaral","Meta",1076,"LIGA DE GOBERNANTES ANTICORRUPCION","Presidencia 2da vuelta",8722,15799,"#f07605","LIGA DE GOBERNANTES ANTICORRUPCION"
"5251",2022,13,0,52,"50226","Cumaral","Meta",1235,"COALICION PACTO HISTORICO","Presidencia 2da vuelta",3758,15799,"#1b3383","COALICION PACTO HISTORICO"
"5252",2022,13,0,52,"50226","Cumaral","Meta",996,"VOTOS EN BLANCO","Presidencia 2da vuelta",229,15799,"#dddddd","OTROS"
"5253",2022,13,0,52,"50226","Cumaral","Meta",997,"VOTOS NULOS","Presidencia 2da vuelta",182,15799,"#808080","VOTOS NULOS"
"5254",2022,13,0,52,"50226","Cumaral","Meta",998,"VOTOS NO MARCADOS","Presidencia 2da vuelta",13,15799,"#dddddd","OTROS"
"5255",2022,13,0,52,"50245","El Calvario","Meta",1076,"LIGA DE GOBERNANTES ANTICORRUPCION","Presidencia 2da vuelta",738,727,"#f07605","LIGA DE GOBERNANTES ANTICORRUPCION"
"5256",2022,13,0,52,"50245","El Calvario","Meta",1235,"COALICION PACTO HISTORICO","Presidencia 2da vuelta",168,727,"#1b3383","COALICION PACTO HISTORICO"
"5257",2022,13,0,52,"50245","El Calvario","Meta",997,"VOTOS NULOS","Presidencia 2da vuelta",4,727,"#808080","VOTOS NULOS"
"5258",2022,13,0,52,"50245","El Calvario","Meta",996,"VOTOS EN BLANCO","Presidencia 2da vuelta",2,727,"#dddddd","OTROS"
"5259",2022,13,0,52,"50245","El Calvario","Meta",998,"VOTOS NO MARCADOS","Presidencia 2da vuelta",1,55,"#dddddd","OTROS"
"5260",2022,13,0,52,"50251","El Castillo","Meta",1235,"COALICION PACTO HISTORICO","Presidencia 2da vuelta",1889,4349,"#1b3383","COALICION PACTO HISTORICO"
"5261",2022,13,0,52,"50251","El Castillo","Meta",1076,"LIGA DE GOBERNANTES ANTICORRUPCION","Presidencia 2da vuelta",1710,4349,"#f07605","LIGA DE GOBERNANTES ANTICORRUPCION"
"5262",2022,13,0,52,"50251","El Castillo","Meta",996,"VOTOS EN BLANCO","Presidencia 2da vuelta",72,4349,"#dddddd","OTROS"
"5263",2022,13,0,52,"50251","El Castillo","Meta",997,"VOTOS NULOS","Presidencia 2da vuelta",55,4349,"#808080","VOTOS NULOS"
"5264",2022,13,0,52,"50251","El Castillo","Meta",998,"VOTOS NO MARCADOS","Presidencia 2da vuelta",6,4349,"#dddddd","OTROS"
"5265",2022,13,0,52,"50270","El Dorado","Meta",1076,"LIGA DE GOBERNANTES ANTICORRUPCION","Presidencia 2da vuelta",1766,2686,"#f07605","LIGA DE GOBERNANTES ANTICORRUPCION"
"5266",2022,13,0,52,"50270","El Dorado","Meta",1235,"COALICION PACTO HISTORICO","Presidencia 2da vuelta",568,2686,"#1b3383","COALICION PACTO HISTORICO"
"5267",2022,13,0,52,"50270","El Dorado","Meta",996,"VOTOS EN BLANCO","Presidencia 2da vuelta",37,2686,"#dddddd","OTROS"
"5268",2022,13,0,52,"50270","El Dorado","Meta",997,"VOTOS NULOS","Presidencia 2da vuelta",11,2686,"#808080","VOTOS NULOS"
"5269",2022,13,0,52,"50270","El Dorado","Meta",998,"VOTOS NO MARCADOS","Presidencia 2da vuelta",2,2686,"#dddddd","OTROS"
"5270",2022,13,0,52,"50287","Fuente de Oro","Meta",1076,"LIGA DE GOBERNANTES ANTICORRUPCION","Presidencia 2da vuelta",3836,7498,"#f07605","LIGA DE GOBERNANTES ANTICORRUPCION"
"5271",2022,13,0,52,"50287","Fuente de Oro","Meta",1235,"COALICION PACTO HISTORICO","Presidencia 2da vuelta",1891,7498,"#1b3383","COALICION PACTO HISTORICO"
"5272",2022,13,0,52,"50287","Fuente de Oro","Meta",996,"VOTOS EN BLANCO","Presidencia 2da vuelta",108,7498,"#dddddd","OTROS"
"5273",2022,13,0,52,"50287","Fuente de Oro","Meta",997,"VOTOS NULOS","Presidencia 2da vuelta",91,7498,"#808080","VOTOS NULOS"
"5274",2022,13,0,52,"50287","Fuente de Oro","Meta",998,"VOTOS NO MARCADOS","Presidencia 2da vuelta",5,7498,"#dddddd","OTROS"
"5275",2022,13,0,52,"50313","Granada","Meta",1076,"LIGA DE GOBERNANTES ANTICORRUPCION","Presidencia 2da vuelta",20738,8288,"#f07605","LIGA DE GOBERNANTES ANTICORRUPCION"
"5276",2022,13,0,52,"50313","Granada","Meta",1235,"COALICION PACTO HISTORICO","Presidencia 2da vuelta",12776,8288,"#1b3383","COALICION PACTO HISTORICO"
"5277",2022,13,0,52,"50313","Granada","Meta",996,"VOTOS EN BLANCO","Presidencia 2da vuelta",744,8288,"#dddddd","OTROS"
"5278",2022,13,0,52,"50313","Granada","Meta",997,"VOTOS NULOS","Presidencia 2da vuelta",557,8288,"#808080","VOTOS NULOS"
"5279",2022,13,0,52,"50313","Granada","Meta",998,"VOTOS NO MARCADOS","Presidencia 2da vuelta",34,8288,"#dddddd","OTROS"
"5280",2022,13,0,52,"50318","Guamal","Meta",1076,"LIGA DE GOBERNANTES ANTICORRUPCION","Presidencia 2da vuelta",6286,11735,"#f07605","LIGA DE GOBERNANTES ANTICORRUPCION"
"5281",2022,13,0,52,"50318","Guamal","Meta",1235,"COALICION PACTO HISTORICO","Presidencia 2da vuelta",2393,11735,"#1b3383","COALICION PACTO HISTORICO"
"5282",2022,13,0,52,"50318","Guamal","Meta",996,"VOTOS EN BLANCO","Presidencia 2da vuelta",168,11735,"#dddddd","OTROS"
"5283",2022,13,0,52,"50318","Guamal","Meta",997,"VOTOS NULOS","Presidencia 2da vuelta",103,11735,"#808080","VOTOS NULOS"
"5284",2022,13,0,52,"50318","Guamal","Meta",998,"VOTOS NO MARCADOS","Presidencia 2da vuelta",4,11735,"#dddddd","OTROS"
"5285",2022,13,0,52,"50325","Mapiripán","Meta",1076,"LIGA DE GOBERNANTES ANTICORRUPCION","Presidencia 2da vuelta",1523,3487,"#f07605","LIGA DE GOBERNANTES ANTICORRUPCION"
"5286",2022,13,0,52,"50325","Mapiripán","Meta",1235,"COALICION PACTO HISTORICO","Presidencia 2da vuelta",973,3487,"#1b3383","COALICION PACTO HISTORICO"
"5287",2022,13,0,52,"50325","Mapiripán","Meta",996,"VOTOS EN BLANCO","Presidencia 2da vuelta",54,3487,"#dddddd","OTROS"
"5288",2022,13,0,52,"50325","Mapiripán","Meta",997,"VOTOS NULOS","Presidencia 2da vuelta",51,3487,"#808080","VOTOS NULOS"
"5289",2022,13,0,52,"50325","Mapiripán","Meta",998,"VOTOS NO MARCADOS","Presidencia 2da vuelta",7,3487,"#dddddd","OTROS"
"5290",2022,13,0,52,"50330","Mesetas","Meta",1235,"COALICION PACTO HISTORICO","Presidencia 2da vuelta",2753,7205,"#1b3383","COALICION PACTO HISTORICO"
"5291",2022,13,0,52,"50330","Mesetas","Meta",1076,"LIGA DE GOBERNANTES ANTICORRUPCION","Presidencia 2da vuelta",2565,7205,"#f07605","LIGA DE GOBERNANTES ANTICORRUPCION"
"5292",2022,13,0,52,"50330","Mesetas","Meta",996,"VOTOS EN BLANCO","Presidencia 2da vuelta",107,7205,"#dddddd","OTROS"
"5293",2022,13,0,52,"50330","Mesetas","Meta",997,"VOTOS NULOS","Presidencia 2da vuelta",45,7205,"#808080","VOTOS NULOS"
"5294",2022,13,0,52,"50330","Mesetas","Meta",998,"VOTOS NO MARCADOS","Presidencia 2da vuelta",11,7205,"#dddddd","OTROS"
"5295",2022,13,0,52,"50350","La Macarena","Meta",1235,"COALICION PACTO HISTORICO","Presidencia 2da vuelta",3844,7557,"#1b3383","COALICION PACTO HISTORICO"
"5296",2022,13,0,52,"50350","La Macarena","Meta",1076,"LIGA DE GOBERNANTES ANTICORRUPCION","Presidencia 2da vuelta",2490,7557,"#f07605","LIGA DE GOBERNANTES ANTICORRUPCION"
"5297",2022,13,0,52,"50350","La Macarena","Meta",996,"VOTOS EN BLANCO","Presidencia 2da vuelta",213,7557,"#dddddd","OTROS"
"5298",2022,13,0,52,"50350","La Macarena","Meta",997,"VOTOS NULOS","Presidencia 2da vuelta",82,7557,"#808080","VOTOS NULOS"
"5299",2022,13,0,52,"50350","La Macarena","Meta",998,"VOTOS NO MARCADOS","Presidencia 2da vuelta",21,7557,"#dddddd","OTROS"
"5300",2022,13,0,52,"50370","Uribe","Meta",1235,"COALICION PACTO HISTORICO","Presidencia 2da vuelta",3809,2785,"#1b3383","COALICION PACTO HISTORICO"
"5301",2022,13,0,52,"50370","Uribe","Meta",1076,"LIGA DE GOBERNANTES ANTICORRUPCION","Presidencia 2da vuelta",427,2785,"#f07605","LIGA DE GOBERNANTES ANTICORRUPCION"
"5302",2022,13,0,52,"50370","Uribe","Meta",996,"VOTOS EN BLANCO","Presidencia 2da vuelta",62,2785,"#dddddd","OTROS"
"5303",2022,13,0,52,"50370","Uribe","Meta",997,"VOTOS NULOS","Presidencia 2da vuelta",28,2785,"#808080","VOTOS NULOS"
"5304",2022,13,0,52,"50370","Uribe","Meta",998,"VOTOS NO MARCADOS","Presidencia 2da vuelta",9,2785,"#dddddd","OTROS"
"5305",2022,13,0,52,"50400","Lejanías","Meta",1076,"LIGA DE GOBERNANTES ANTICORRUPCION","Presidencia 2da vuelta",3343,6521,"#f07605","LIGA DE GOBERNANTES ANTICORRUPCION"
"5306",2022,13,0,52,"50400","Lejanías","Meta",1235,"COALICION PACTO HISTORICO","Presidencia 2da vuelta",1450,6521,"#1b3383","COALICION PACTO HISTORICO"
"5307",2022,13,0,52,"50400","Lejanías","Meta",996,"VOTOS EN BLANCO","Presidencia 2da vuelta",102,6521,"#dddddd","OTROS"
"5308",2022,13,0,52,"50400","Lejanías","Meta",997,"VOTOS NULOS","Presidencia 2da vuelta",80,6521,"#808080","VOTOS NULOS"
"5309",2022,13,0,52,"50400","Lejanías","Meta",998,"VOTOS NO MARCADOS","Presidencia 2da vuelta",7,6521,"#dddddd","OTROS"
"5310",2022,13,0,52,"50450","Puerto Concordia","Meta",1076,"LIGA DE GOBERNANTES ANTICORRUPCION","Presidencia 2da vuelta",2135,5629,"#f07605","LIGA DE GOBERNANTES ANTICORRUPCION"
"5311",2022,13,0,52,"50450","Puerto Concordia","Meta",1235,"COALICION PACTO HISTORICO","Presidencia 2da vuelta",1617,5629,"#1b3383","COALICION PACTO HISTORICO"
"5312",2022,13,0,52,"50450","Puerto Concordia","Meta",997,"VOTOS NULOS","Presidencia 2da vuelta",68,5629,"#808080","VOTOS NULOS"
"5313",2022,13,0,52,"50450","Puerto Concordia","Meta",996,"VOTOS EN BLANCO","Presidencia 2da vuelta",61,5629,"#dddddd","OTROS"
"5314",2022,13,0,52,"50450","Puerto Concordia","Meta",998,"VOTOS NO MARCADOS","Presidencia 2da vuelta",10,5629,"#dddddd","OTROS"
"5315",2022,13,0,52,"50568","Puerto Gaitán","Meta",1076,"LIGA DE GOBERNANTES ANTICORRUPCION","Presidencia 2da vuelta",11785,9848,"#f07605","LIGA DE GOBERNANTES ANTICORRUPCION"
"5316",2022,13,0,52,"50568","Puerto Gaitán","Meta",1235,"COALICION PACTO HISTORICO","Presidencia 2da vuelta",10236,9848,"#1b3383","COALICION PACTO HISTORICO"
"5317",2022,13,0,52,"50568","Puerto Gaitán","Meta",997,"VOTOS NULOS","Presidencia 2da vuelta",592,9848,"#808080","VOTOS NULOS"
"5318",2022,13,0,52,"50568","Puerto Gaitán","Meta",996,"VOTOS EN BLANCO","Presidencia 2da vuelta",459,9848,"#dddddd","OTROS"
"5319",2022,13,0,52,"50568","Puerto Gaitán","Meta",998,"VOTOS NO MARCADOS","Presidencia 2da vuelta",27,9848,"#dddddd","OTROS"
"5320",2022,13,0,52,"50573","Puerto López","Meta",1076,"LIGA DE GOBERNANTES ANTICORRUPCION","Presidencia 2da vuelta",10475,18274,"#f07605","LIGA DE GOBERNANTES ANTICORRUPCION"
"5321",2022,13,0,52,"50573","Puerto López","Meta",1235,"COALICION PACTO HISTORICO","Presidencia 2da vuelta",3951,18274,"#1b3383","COALICION PACTO HISTORICO"
"5322",2022,13,0,52,"50573","Puerto López","Meta",997,"VOTOS NULOS","Presidencia 2da vuelta",197,18274,"#808080","VOTOS NULOS"
"5323",2022,13,0,52,"50573","Puerto López","Meta",996,"VOTOS EN BLANCO","Presidencia 2da vuelta",196,18274,"#dddddd","OTROS"
"5324",2022,13,0,52,"50573","Puerto López","Meta",998,"VOTOS NO MARCADOS","Presidencia 2da vuelta",13,18274,"#dddddd","OTROS"
"5325",2022,13,0,52,"50577","Puerto Lleras","Meta",1076,"LIGA DE GOBERNANTES ANTICORRUPCION","Presidencia 2da vuelta",2802,4941,"#f07605","LIGA DE GOBERNANTES ANTICORRUPCION"
"5326",2022,13,0,52,"50577","Puerto Lleras","Meta",1235,"COALICION PACTO HISTORICO","Presidencia 2da vuelta",1087,4941,"#1b3383","COALICION PACTO HISTORICO"
"5327",2022,13,0,52,"50577","Puerto Lleras","Meta",996,"VOTOS EN BLANCO","Presidencia 2da vuelta",67,4941,"#dddddd","OTROS"
"5328",2022,13,0,52,"50577","Puerto Lleras","Meta",997,"VOTOS NULOS","Presidencia 2da vuelta",54,4941,"#808080","VOTOS NULOS"
"5329",2022,13,0,52,"50577","Puerto Lleras","Meta",998,"VOTOS NO MARCADOS","Presidencia 2da vuelta",5,4941,"#dddddd","OTROS"
"5330",2022,13,0,52,"50590","Puerto Rico","Meta",1076,"LIGA DE GOBERNANTES ANTICORRUPCION","Presidencia 2da vuelta",2830,8093,"#f07605","LIGA DE GOBERNANTES ANTICORRUPCION"
"5331",2022,13,0,52,"50590","Puerto Rico","Meta",1235,"COALICION PACTO HISTORICO","Presidencia 2da vuelta",2261,8093,"#1b3383","COALICION PACTO HISTORICO"
"5332",2022,13,0,52,"50590","Puerto Rico","Meta",997,"VOTOS NULOS","Presidencia 2da vuelta",127,8093,"#808080","VOTOS NULOS"
"5333",2022,13,0,52,"50590","Puerto Rico","Meta",996,"VOTOS EN BLANCO","Presidencia 2da vuelta",111,8093,"#dddddd","OTROS"
"5334",2022,13,0,52,"50590","Puerto Rico","Meta",998,"VOTOS NO MARCADOS","Presidencia 2da vuelta",18,8093,"#dddddd","OTROS"
"5335",2022,13,0,52,"50606","Restrepo","Meta",1076,"LIGA DE GOBERNANTES ANTICORRUPCION","Presidencia 2da vuelta",7641,17548,"#f07605","LIGA DE GOBERNANTES ANTICORRUPCION"
"5336",2022,13,0,52,"50606","Restrepo","Meta",1235,"COALICION PACTO HISTORICO","Presidencia 2da vuelta",3164,17548,"#1b3383","COALICION PACTO HISTORICO"
"5337",2022,13,0,52,"50606","Restrepo","Meta",996,"VOTOS EN BLANCO","Presidencia 2da vuelta",154,17548,"#dddddd","OTROS"
"5338",2022,13,0,52,"50606","Restrepo","Meta",997,"VOTOS NULOS","Presidencia 2da vuelta",86,17548,"#808080","VOTOS NULOS"
"5339",2022,13,0,52,"50606","Restrepo","Meta",998,"VOTOS NO MARCADOS","Presidencia 2da vuelta",4,17548,"#dddddd","OTROS"
"5340",2022,13,0,52,"50680","San Carlos de Guaroa","Meta",1076,"LIGA DE GOBERNANTES ANTICORRUPCION","Presidencia 2da vuelta",4347,5853,"#f07605","LIGA DE GOBERNANTES ANTICORRUPCION"
"5341",2022,13,0,52,"50680","San Carlos de Guaroa","Meta",1235,"COALICION PACTO HISTORICO","Presidencia 2da vuelta",1505,5853,"#1b3383","COALICION PACTO HISTORICO"
"5342",2022,13,0,52,"50680","San Carlos de Guaroa","Meta",997,"VOTOS NULOS","Presidencia 2da vuelta",93,5853,"#808080","VOTOS NULOS"
"5343",2022,13,0,52,"50680","San Carlos de Guaroa","Meta",996,"VOTOS EN BLANCO","Presidencia 2da vuelta",69,5853,"#dddddd","OTROS"
"5344",2022,13,0,52,"50680","San Carlos de Guaroa","Meta",998,"VOTOS NO MARCADOS","Presidencia 2da vuelta",4,372,"#dddddd","OTROS"
"5345",2022,13,0,52,"50683","San Juan de Arama","Meta",1076,"LIGA DE GOBERNANTES ANTICORRUPCION","Presidencia 2da vuelta",2118,4967,"#f07605","LIGA DE GOBERNANTES ANTICORRUPCION"
"5346",2022,13,0,52,"50683","San Juan de Arama","Meta",1235,"COALICION PACTO HISTORICO","Presidencia 2da vuelta",1302,4967,"#1b3383","COALICION PACTO HISTORICO"
"5347",2022,13,0,52,"50683","San Juan de Arama","Meta",996,"VOTOS EN BLANCO","Presidencia 2da vuelta",70,4967,"#dddddd","OTROS"
"5348",2022,13,0,52,"50683","San Juan de Arama","Meta",997,"VOTOS NULOS","Presidencia 2da vuelta",41,4967,"#808080","VOTOS NULOS"
"5349",2022,13,0,52,"50683","San Juan de Arama","Meta",998,"VOTOS NO MARCADOS","Presidencia 2da vuelta",6,4967,"#dddddd","OTROS"
"5350",2022,13,0,52,"50686","San Juanito","Meta",1076,"LIGA DE GOBERNANTES ANTICORRUPCION","Presidencia 2da vuelta",724,1099,"#f07605","LIGA DE GOBERNANTES ANTICORRUPCION"
"5351",2022,13,0,52,"50686","San Juanito","Meta",1235,"COALICION PACTO HISTORICO","Presidencia 2da vuelta",147,1099,"#1b3383","COALICION PACTO HISTORICO"
"5352",2022,13,0,52,"50686","San Juanito","Meta",996,"VOTOS EN BLANCO","Presidencia 2da vuelta",22,1099,"#dddddd","OTROS"
"5353",2022,13,0,52,"50686","San Juanito","Meta",997,"VOTOS NULOS","Presidencia 2da vuelta",9,1099,"#808080","VOTOS NULOS"
"5354",2022,13,0,52,"50689","San Martín","Meta",1076,"LIGA DE GOBERNANTES ANTICORRUPCION","Presidencia 2da vuelta",8597,8531,"#f07605","LIGA DE GOBERNANTES ANTICORRUPCION"
"5355",2022,13,0,52,"50689","San Martín","Meta",1235,"COALICION PACTO HISTORICO","Presidencia 2da vuelta",2862,8531,"#1b3383","COALICION PACTO HISTORICO"
"5356",2022,13,0,52,"50689","San Martín","Meta",996,"VOTOS EN BLANCO","Presidencia 2da vuelta",197,8531,"#dddddd","OTROS"
"5357",2022,13,0,52,"50689","San Martín","Meta",997,"VOTOS NULOS","Presidencia 2da vuelta",178,8531,"#808080","VOTOS NULOS"
"5358",2022,13,0,52,"50689","San Martín","Meta",998,"VOTOS NO MARCADOS","Presidencia 2da vuelta",8,8531,"#dddddd","OTROS"
"5359",2022,13,0,52,"50711","Vistahermosa","Meta",1076,"LIGA DE GOBERNANTES ANTICORRUPCION","Presidencia 2da vuelta",4317,8926,"#f07605","LIGA DE GOBERNANTES ANTICORRUPCION"
"5360",2022,13,0,52,"50711","Vistahermosa","Meta",1235,"COALICION PACTO HISTORICO","Presidencia 2da vuelta",3584,8926,"#1b3383","COALICION PACTO HISTORICO"
"5361",2022,13,0,52,"50711","Vistahermosa","Meta",996,"VOTOS EN BLANCO","Presidencia 2da vuelta",207,8926,"#dddddd","OTROS"
"5362",2022,13,0,52,"50711","Vistahermosa","Meta",997,"VOTOS NULOS","Presidencia 2da vuelta",164,8926,"#808080","VOTOS NULOS"
"5363",2022,13,0,52,"50711","Vistahermosa","Meta",998,"VOTOS NO MARCADOS","Presidencia 2da vuelta",17,8926,"#dddddd","OTROS"
"5364",2022,13,0,54,"95001","San José del Guaviare","Guaviare",1076,"LIGA DE GOBERNANTES ANTICORRUPCION","Presidencia 2da vuelta",12918,4870,"#f07605","LIGA DE GOBERNANTES ANTICORRUPCION"
"5365",2022,13,0,54,"95001","San José del Guaviare","Guaviare",1235,"COALICION PACTO HISTORICO","Presidencia 2da vuelta",10250,4870,"#1b3383","COALICION PACTO HISTORICO"
"5366",2022,13,0,54,"95001","San José del Guaviare","Guaviare",996,"VOTOS EN BLANCO","Presidencia 2da vuelta",787,4870,"#dddddd","OTROS"
"5367",2022,13,0,54,"95001","San José del Guaviare","Guaviare",997,"VOTOS NULOS","Presidencia 2da vuelta",478,4870,"#808080","VOTOS NULOS"
"5368",2022,13,0,54,"95001","San José del Guaviare","Guaviare",998,"VOTOS NO MARCADOS","Presidencia 2da vuelta",32,4870,"#dddddd","OTROS"
"5369",2022,13,0,54,"95015","Calamar","Guaviare",1235,"COALICION PACTO HISTORICO","Presidencia 2da vuelta",1834,6023,"#1b3383","COALICION PACTO HISTORICO"
"5370",2022,13,0,54,"95015","Calamar","Guaviare",1076,"LIGA DE GOBERNANTES ANTICORRUPCION","Presidencia 2da vuelta",1143,6023,"#f07605","LIGA DE GOBERNANTES ANTICORRUPCION"
"5371",2022,13,0,54,"95015","Calamar","Guaviare",996,"VOTOS EN BLANCO","Presidencia 2da vuelta",57,6023,"#dddddd","OTROS"
"5372",2022,13,0,54,"95015","Calamar","Guaviare",997,"VOTOS NULOS","Presidencia 2da vuelta",33,6023,"#808080","VOTOS NULOS"
"5373",2022,13,0,54,"95015","Calamar","Guaviare",998,"VOTOS NO MARCADOS","Presidencia 2da vuelta",10,6023,"#dddddd","OTROS"
"5374",2022,13,0,54,"95025","El Retorno","Guaviare",1076,"LIGA DE GOBERNANTES ANTICORRUPCION","Presidencia 2da vuelta",3254,5604,"#f07605","LIGA DE GOBERNANTES ANTICORRUPCION"
"5375",2022,13,0,54,"95025","El Retorno","Guaviare",1235,"COALICION PACTO HISTORICO","Presidencia 2da vuelta",1701,5604,"#1b3383","COALICION PACTO HISTORICO"
"5376",2022,13,0,54,"95025","El Retorno","Guaviare",996,"VOTOS EN BLANCO","Presidencia 2da vuelta",116,5604,"#dddddd","OTROS"
"5377",2022,13,0,54,"95025","El Retorno","Guaviare",997,"VOTOS NULOS","Presidencia 2da vuelta",55,5604,"#808080","VOTOS NULOS"
"5378",2022,13,0,54,"95025","El Retorno","Guaviare",998,"VOTOS NO MARCADOS","Presidencia 2da vuelta",11,5604,"#dddddd","OTROS"
"5379",2022,13,0,54,"95200","Miraflores","Guaviare",1235,"COALICION PACTO HISTORICO","Presidencia 2da vuelta",920,2388,"#1b3383","COALICION PACTO HISTORICO"
"5380",2022,13,0,54,"95200","Miraflores","Guaviare",1076,"LIGA DE GOBERNANTES ANTICORRUPCION","Presidencia 2da vuelta",288,2388,"#f07605","LIGA DE GOBERNANTES ANTICORRUPCION"
"5381",2022,13,0,54,"95200","Miraflores","Guaviare",996,"VOTOS EN BLANCO","Presidencia 2da vuelta",40,2388,"#dddddd","OTROS"
"5382",2022,13,0,54,"95200","Miraflores","Guaviare",997,"VOTOS NULOS","Presidencia 2da vuelta",25,2388,"#808080","VOTOS NULOS"
"5383",2022,13,0,54,"95200","Miraflores","Guaviare",998,"VOTOS NO MARCADOS","Presidencia 2da vuelta",3,2388,"#dddddd","OTROS"
"5384",2022,13,0,56,"88001","San Andrés","Archipiélago de San Andrés",1235,"COALICION PACTO HISTORICO","Presidencia 2da vuelta",7791,16166,"#1b3383","COALICION PACTO HISTORICO"
"5385",2022,13,0,56,"88001","San Andrés","Archipiélago de San Andrés",1076,"LIGA DE GOBERNANTES ANTICORRUPCION","Presidencia 2da vuelta",6927,16166,"#f07605","LIGA DE GOBERNANTES ANTICORRUPCION"
"5386",2022,13,0,56,"88001","San Andrés","Archipiélago de San Andrés",996,"VOTOS EN BLANCO","Presidencia 2da vuelta",616,16166,"#dddddd","OTROS"
"5387",2022,13,0,56,"88001","San Andrés","Archipiélago de San Andrés",997,"VOTOS NULOS","Presidencia 2da vuelta",94,16166,"#808080","VOTOS NULOS"
"5388",2022,13,0,56,"88001","San Andrés","Archipiélago de San Andrés",998,"VOTOS NO MARCADOS","Presidencia 2da vuelta",17,16166,"#dddddd","OTROS"
"5389",2022,13,0,56,"88564","Providencia","Archipiélago de San Andrés",1235,"COALICION PACTO HISTORICO","Presidencia 2da vuelta",749,4523,"#1b3383","COALICION PACTO HISTORICO"
"5390",2022,13,0,56,"88564","Providencia","Archipiélago de San Andrés",1076,"LIGA DE GOBERNANTES ANTICORRUPCION","Presidencia 2da vuelta",522,4523,"#f07605","LIGA DE GOBERNANTES ANTICORRUPCION"
"5391",2022,13,0,56,"88564","Providencia","Archipiélago de San Andrés",996,"VOTOS EN BLANCO","Presidencia 2da vuelta",47,4523,"#dddddd","OTROS"
"5392",2022,13,0,56,"88564","Providencia","Archipiélago de San Andrés",997,"VOTOS NULOS","Presidencia 2da vuelta",4,4523,"#808080","VOTOS NULOS"
"5393",2022,13,0,60,"91001","Leticia","Amazonas",1235,"COALICION PACTO HISTORICO","Presidencia 2da vuelta",9414,9350,"#1b3383","COALICION PACTO HISTORICO"
"5394",2022,13,0,60,"91001","Leticia","Amazonas",1076,"LIGA DE GOBERNANTES ANTICORRUPCION","Presidencia 2da vuelta",9090,9350,"#f07605","LIGA DE GOBERNANTES ANTICORRUPCION"
"5395",2022,13,0,60,"91001","Leticia","Amazonas",996,"VOTOS EN BLANCO","Presidencia 2da vuelta",409,9350,"#dddddd","OTROS"
"5396",2022,13,0,60,"91001","Leticia","Amazonas",997,"VOTOS NULOS","Presidencia 2da vuelta",176,9350,"#808080","VOTOS NULOS"
"5397",2022,13,0,60,"91001","Leticia","Amazonas",998,"VOTOS NO MARCADOS","Presidencia 2da vuelta",35,9350,"#dddddd","OTROS"
"5398",2022,13,0,60,"91263","El Encanto","Amazonas",1235,"COALICION PACTO HISTORICO","Presidencia 2da vuelta",168,789,"#1b3383","COALICION PACTO HISTORICO"
"5399",2022,13,0,60,"91263","El Encanto","Amazonas",1076,"LIGA DE GOBERNANTES ANTICORRUPCION","Presidencia 2da vuelta",89,789,"#f07605","LIGA DE GOBERNANTES ANTICORRUPCION"
"5400",2022,13,0,60,"91263","El Encanto","Amazonas",997,"VOTOS NULOS","Presidencia 2da vuelta",4,789,"#808080","VOTOS NULOS"
"5401",2022,13,0,60,"91263","El Encanto","Amazonas",996,"VOTOS EN BLANCO","Presidencia 2da vuelta",2,789,"#dddddd","OTROS"
"5402",2022,13,0,60,"91405","La Chorrera","Amazonas",1235,"COALICION PACTO HISTORICO","Presidencia 2da vuelta",597,1076,"#1b3383","COALICION PACTO HISTORICO"
"5403",2022,13,0,60,"91405","La Chorrera","Amazonas",1076,"LIGA DE GOBERNANTES ANTICORRUPCION","Presidencia 2da vuelta",55,1076,"#f07605","LIGA DE GOBERNANTES ANTICORRUPCION"
"5404",2022,13,0,60,"91405","La Chorrera","Amazonas",997,"VOTOS NULOS","Presidencia 2da vuelta",4,1076,"#808080","VOTOS NULOS"
"5405",2022,13,0,60,"91405","La Chorrera","Amazonas",996,"VOTOS EN BLANCO","Presidencia 2da vuelta",3,1076,"#dddddd","OTROS"
"5406",2022,13,0,60,"91405","La Chorrera","Amazonas",998,"VOTOS NO MARCADOS","Presidencia 2da vuelta",2,1076,"#dddddd","OTROS"
"5407",2022,13,0,60,"91407","La Pedrera","Amazonas",1235,"COALICION PACTO HISTORICO","Presidencia 2da vuelta",280,1200,"#1b3383","COALICION PACTO HISTORICO"
"5408",2022,13,0,60,"91407","La Pedrera","Amazonas",1076,"LIGA DE GOBERNANTES ANTICORRUPCION","Presidencia 2da vuelta",68,1200,"#f07605","LIGA DE GOBERNANTES ANTICORRUPCION"
"5409",2022,13,0,60,"91407","La Pedrera","Amazonas",996,"VOTOS EN BLANCO","Presidencia 2da vuelta",6,1200,"#dddddd","OTROS"
"5410",2022,13,0,60,"91407","La Pedrera","Amazonas",997,"VOTOS NULOS","Presidencia 2da vuelta",5,1200,"#808080","VOTOS NULOS"
"5411",2022,13,0,60,"91430","La Victoria","Amazonas",1235,"COALICION PACTO HISTORICO","Presidencia 2da vuelta",18,67,"#1b3383","COALICION PACTO HISTORICO"
"5412",2022,13,0,60,"91430","La Victoria","Amazonas",996,"VOTOS EN BLANCO","Presidencia 2da vuelta",2,67,"#dddddd","OTROS"
"5413",2022,13,0,60,"91430","La Victoria","Amazonas",998,"VOTOS NO MARCADOS","Presidencia 2da vuelta",1,67,"#dddddd","OTROS"
"5414",2022,13,0,60,"91430","La Victoria","Amazonas",1076,"LIGA DE GOBERNANTES ANTICORRUPCION","Presidencia 2da vuelta",1,67,"#f07605","LIGA DE GOBERNANTES ANTICORRUPCION"
"5415",2022,13,0,60,"91460","Miriti - Paraná","Amazonas",1235,"COALICION PACTO HISTORICO","Presidencia 2da vuelta",102,453,"#1b3383","COALICION PACTO HISTORICO"
"5416",2022,13,0,60,"91460","Miriti - Paraná","Amazonas",1076,"LIGA DE GOBERNANTES ANTICORRUPCION","Presidencia 2da vuelta",7,453,"#f07605","LIGA DE GOBERNANTES ANTICORRUPCION"
"5417",2022,13,0,60,"91460","Miriti - Paraná","Amazonas",996,"VOTOS EN BLANCO","Presidencia 2da vuelta",2,453,"#dddddd","OTROS"
"5418",2022,13,0,60,"91530","Puerto Alegría","Amazonas",1235,"COALICION PACTO HISTORICO","Presidencia 2da vuelta",56,290,"#1b3383","COALICION PACTO HISTORICO"
"5419",2022,13,0,60,"91530","Puerto Alegría","Amazonas",1076,"LIGA DE GOBERNANTES ANTICORRUPCION","Presidencia 2da vuelta",25,290,"#f07605","LIGA DE GOBERNANTES ANTICORRUPCION"
"5420",2022,13,0,60,"91530","Puerto Alegría","Amazonas",996,"VOTOS EN BLANCO","Presidencia 2da vuelta",1,290,"#dddddd","OTROS"
"5421",2022,13,0,60,"91536","Puerto Arica","Amazonas",1235,"COALICION PACTO HISTORICO","Presidencia 2da vuelta",139,495,"#1b3383","COALICION PACTO HISTORICO"
"5422",2022,13,0,60,"91536","Puerto Arica","Amazonas",1076,"LIGA DE GOBERNANTES ANTICORRUPCION","Presidencia 2da vuelta",33,495,"#f07605","LIGA DE GOBERNANTES ANTICORRUPCION"
"5423",2022,13,0,60,"91536","Puerto Arica","Amazonas",996,"VOTOS EN BLANCO","Presidencia 2da vuelta",2,495,"#dddddd","OTROS"
"5424",2022,13,0,60,"91536","Puerto Arica","Amazonas",998,"VOTOS NO MARCADOS","Presidencia 2da vuelta",1,495,"#dddddd","OTROS"
"5425",2022,13,0,60,"91540","Puerto Nariño","Amazonas",1235,"COALICION PACTO HISTORICO","Presidencia 2da vuelta",1748,3968,"#1b3383","COALICION PACTO HISTORICO"
"5426",2022,13,0,60,"91540","Puerto Nariño","Amazonas",1076,"LIGA DE GOBERNANTES ANTICORRUPCION","Presidencia 2da vuelta",656,3968,"#f07605","LIGA DE GOBERNANTES ANTICORRUPCION"
"5427",2022,13,0,60,"91540","Puerto Nariño","Amazonas",996,"VOTOS EN BLANCO","Presidencia 2da vuelta",26,3968,"#dddddd","OTROS"
"5428",2022,13,0,60,"91540","Puerto Nariño","Amazonas",997,"VOTOS NULOS","Presidencia 2da vuelta",17,3968,"#808080","VOTOS NULOS"
"5429",2022,13,0,60,"91540","Puerto Nariño","Amazonas",998,"VOTOS NO MARCADOS","Presidencia 2da vuelta",7,3968,"#dddddd","OTROS"
"5430",2022,13,0,60,"91669","Puerto Santander","Amazonas",1235,"COALICION PACTO HISTORICO","Presidencia 2da vuelta",136,593,"#1b3383","COALICION PACTO HISTORICO"
"5431",2022,13,0,60,"91669","Puerto Santander","Amazonas",1076,"LIGA DE GOBERNANTES ANTICORRUPCION","Presidencia 2da vuelta",50,593,"#f07605","LIGA DE GOBERNANTES ANTICORRUPCION"
"5432",2022,13,0,60,"91669","Puerto Santander","Amazonas",997,"VOTOS NULOS","Presidencia 2da vuelta",2,593,"#808080","VOTOS NULOS"
"5433",2022,13,0,60,"91798","Tarapacá","Amazonas",1235,"COALICION PACTO HISTORICO","Presidencia 2da vuelta",277,1469,"#1b3383","COALICION PACTO HISTORICO"
"5434",2022,13,0,60,"91798","Tarapacá","Amazonas",1076,"LIGA DE GOBERNANTES ANTICORRUPCION","Presidencia 2da vuelta",171,1469,"#f07605","LIGA DE GOBERNANTES ANTICORRUPCION"
"5435",2022,13,0,60,"91798","Tarapacá","Amazonas",997,"VOTOS NULOS","Presidencia 2da vuelta",6,1469,"#808080","VOTOS NULOS"
"5436",2022,13,0,60,"91798","Tarapacá","Amazonas",996,"VOTOS EN BLANCO","Presidencia 2da vuelta",5,1469,"#dddddd","OTROS"
"5437",2022,13,0,60,"91798","Tarapacá","Amazonas",998,"VOTOS NO MARCADOS","Presidencia 2da vuelta",2,1469,"#dddddd","OTROS"
"5438",2022,13,0,64,"86001","Mocoa","Putumayo",1235,"COALICION PACTO HISTORICO","Presidencia 2da vuelta",19727,7230,"#1b3383","COALICION PACTO HISTORICO"
"5439",2022,13,0,64,"86001","Mocoa","Putumayo",1076,"LIGA DE GOBERNANTES ANTICORRUPCION","Presidencia 2da vuelta",5383,7230,"#f07605","LIGA DE GOBERNANTES ANTICORRUPCION"
"5440",2022,13,0,64,"86001","Mocoa","Putumayo",996,"VOTOS EN BLANCO","Presidencia 2da vuelta",510,7230,"#dddddd","OTROS"
"5441",2022,13,0,64,"86001","Mocoa","Putumayo",997,"VOTOS NULOS","Presidencia 2da vuelta",296,7230,"#808080","VOTOS NULOS"
"5442",2022,13,0,64,"86001","Mocoa","Putumayo",998,"VOTOS NO MARCADOS","Presidencia 2da vuelta",28,7230,"#dddddd","OTROS"
"5443",2022,13,0,64,"86219","Colón","Putumayo",1235,"COALICION PACTO HISTORICO","Presidencia 2da vuelta",2306,3696,"#1b3383","COALICION PACTO HISTORICO"
"5444",2022,13,0,64,"86219","Colón","Putumayo",1076,"LIGA DE GOBERNANTES ANTICORRUPCION","Presidencia 2da vuelta",718,3696,"#f07605","LIGA DE GOBERNANTES ANTICORRUPCION"
"5445",2022,13,0,64,"86219","Colón","Putumayo",996,"VOTOS EN BLANCO","Presidencia 2da vuelta",44,3696,"#dddddd","OTROS"
"5446",2022,13,0,64,"86219","Colón","Putumayo",997,"VOTOS NULOS","Presidencia 2da vuelta",17,3696,"#808080","VOTOS NULOS"
"5447",2022,13,0,64,"86219","Colón","Putumayo",998,"VOTOS NO MARCADOS","Presidencia 2da vuelta",4,3696,"#dddddd","OTROS"
"5448",2022,13,0,64,"86320","Orito","Putumayo",1235,"COALICION PACTO HISTORICO","Presidencia 2da vuelta",16192,5151,"#1b3383","COALICION PACTO HISTORICO"
"5449",2022,13,0,64,"86320","Orito","Putumayo",1076,"LIGA DE GOBERNANTES ANTICORRUPCION","Presidencia 2da vuelta",1676,5151,"#f07605","LIGA DE GOBERNANTES ANTICORRUPCION"
"5450",2022,13,0,64,"86320","Orito","Putumayo",996,"VOTOS EN BLANCO","Presidencia 2da vuelta",188,5151,"#dddddd","OTROS"
"5451",2022,13,0,64,"86320","Orito","Putumayo",997,"VOTOS NULOS","Presidencia 2da vuelta",157,5151,"#808080","VOTOS NULOS"
"5452",2022,13,0,64,"86320","Orito","Putumayo",998,"VOTOS NO MARCADOS","Presidencia 2da vuelta",16,5151,"#dddddd","OTROS"
"5453",2022,13,0,64,"86568","Puerto Asís","Putumayo",1235,"COALICION PACTO HISTORICO","Presidencia 2da vuelta",20688,6910,"#1b3383","COALICION PACTO HISTORICO"
"5454",2022,13,0,64,"86568","Puerto Asís","Putumayo",1076,"LIGA DE GOBERNANTES ANTICORRUPCION","Presidencia 2da vuelta",5294,6910,"#f07605","LIGA DE GOBERNANTES ANTICORRUPCION"
"5455",2022,13,0,64,"86568","Puerto Asís","Putumayo",996,"VOTOS EN BLANCO","Presidencia 2da vuelta",623,6910,"#dddddd","OTROS"
"5456",2022,13,0,64,"86568","Puerto Asís","Putumayo",997,"VOTOS NULOS","Presidencia 2da vuelta",497,6910,"#808080","VOTOS NULOS"
"5457",2022,13,0,64,"86568","Puerto Asís","Putumayo",998,"VOTOS NO MARCADOS","Presidencia 2da vuelta",55,6910,"#dddddd","OTROS"
"5458",2022,13,0,64,"86569","Puerto Caicedo","Putumayo",1235,"COALICION PACTO HISTORICO","Presidencia 2da vuelta",4758,6846,"#1b3383","COALICION PACTO HISTORICO"
"5459",2022,13,0,64,"86569","Puerto Caicedo","Putumayo",1076,"LIGA DE GOBERNANTES ANTICORRUPCION","Presidencia 2da vuelta",670,6846,"#f07605","LIGA DE GOBERNANTES ANTICORRUPCION"
"5460",2022,13,0,64,"86569","Puerto Caicedo","Putumayo",996,"VOTOS EN BLANCO","Presidencia 2da vuelta",93,6846,"#dddddd","OTROS"
"5461",2022,13,0,64,"86569","Puerto Caicedo","Putumayo",997,"VOTOS NULOS","Presidencia 2da vuelta",62,6846,"#808080","VOTOS NULOS"
"5462",2022,13,0,64,"86569","Puerto Caicedo","Putumayo",998,"VOTOS NO MARCADOS","Presidencia 2da vuelta",7,6846,"#dddddd","OTROS"
"5463",2022,13,0,64,"86571","Puerto Guzmán","Putumayo",1235,"COALICION PACTO HISTORICO","Presidencia 2da vuelta",4159,6418,"#1b3383","COALICION PACTO HISTORICO"
"5464",2022,13,0,64,"86571","Puerto Guzmán","Putumayo",1076,"LIGA DE GOBERNANTES ANTICORRUPCION","Presidencia 2da vuelta",1619,6418,"#f07605","LIGA DE GOBERNANTES ANTICORRUPCION"
"5465",2022,13,0,64,"86571","Puerto Guzmán","Putumayo",996,"VOTOS EN BLANCO","Presidencia 2da vuelta",130,6418,"#dddddd","OTROS"
"5466",2022,13,0,64,"86571","Puerto Guzmán","Putumayo",997,"VOTOS NULOS","Presidencia 2da vuelta",75,6418,"#808080","VOTOS NULOS"
"5467",2022,13,0,64,"86571","Puerto Guzmán","Putumayo",998,"VOTOS NO MARCADOS","Presidencia 2da vuelta",19,6418,"#dddddd","OTROS"
"5468",2022,13,0,64,"86573","Leguízamo","Putumayo",1235,"COALICION PACTO HISTORICO","Presidencia 2da vuelta",3155,11672,"#1b3383","COALICION PACTO HISTORICO"
"5469",2022,13,0,64,"86573","Leguízamo","Putumayo",1076,"LIGA DE GOBERNANTES ANTICORRUPCION","Presidencia 2da vuelta",2757,11672,"#f07605","LIGA DE GOBERNANTES ANTICORRUPCION"
"5470",2022,13,0,64,"86573","Leguízamo","Putumayo",996,"VOTOS EN BLANCO","Presidencia 2da vuelta",92,11672,"#dddddd","OTROS"
"5471",2022,13,0,64,"86573","Leguízamo","Putumayo",997,"VOTOS NULOS","Presidencia 2da vuelta",50,11672,"#808080","VOTOS NULOS"
"5472",2022,13,0,64,"86573","Leguízamo","Putumayo",998,"VOTOS NO MARCADOS","Presidencia 2da vuelta",19,11672,"#dddddd","OTROS"
"5473",2022,13,0,64,"86749","Sibundoy","Putumayo",1235,"COALICION PACTO HISTORICO","Presidencia 2da vuelta",5853,10991,"#1b3383","COALICION PACTO HISTORICO"
"5474",2022,13,0,64,"86749","Sibundoy","Putumayo",1076,"LIGA DE GOBERNANTES ANTICORRUPCION","Presidencia 2da vuelta",1427,10991,"#f07605","LIGA DE GOBERNANTES ANTICORRUPCION"
"5475",2022,13,0,64,"86749","Sibundoy","Putumayo",996,"VOTOS EN BLANCO","Presidencia 2da vuelta",134,10991,"#dddddd","OTROS"
"5476",2022,13,0,64,"86749","Sibundoy","Putumayo",997,"VOTOS NULOS","Presidencia 2da vuelta",89,10991,"#808080","VOTOS NULOS"
"5477",2022,13,0,64,"86749","Sibundoy","Putumayo",998,"VOTOS NO MARCADOS","Presidencia 2da vuelta",7,10991,"#dddddd","OTROS"
"5478",2022,13,0,64,"86755","San Francisco","Putumayo",1235,"COALICION PACTO HISTORICO","Presidencia 2da vuelta",2278,4013,"#1b3383","COALICION PACTO HISTORICO"
"5479",2022,13,0,64,"86755","San Francisco","Putumayo",1076,"LIGA DE GOBERNANTES ANTICORRUPCION","Presidencia 2da vuelta",840,4013,"#f07605","LIGA DE GOBERNANTES ANTICORRUPCION"
"5480",2022,13,0,64,"86755","San Francisco","Putumayo",996,"VOTOS EN BLANCO","Presidencia 2da vuelta",77,4013,"#dddddd","OTROS"
"5481",2022,13,0,64,"86755","San Francisco","Putumayo",997,"VOTOS NULOS","Presidencia 2da vuelta",49,4013,"#808080","VOTOS NULOS"
"5482",2022,13,0,64,"86755","San Francisco","Putumayo",998,"VOTOS NO MARCADOS","Presidencia 2da vuelta",9,4013,"#dddddd","OTROS"
"5483",2022,13,0,64,"86757","San Miguel","Putumayo",1235,"COALICION PACTO HISTORICO","Presidencia 2da vuelta",6352,10821,"#1b3383","COALICION PACTO HISTORICO"
"5484",2022,13,0,64,"86757","San Miguel","Putumayo",1076,"LIGA DE GOBERNANTES ANTICORRUPCION","Presidencia 2da vuelta",607,10821,"#f07605","LIGA DE GOBERNANTES ANTICORRUPCION"
"5485",2022,13,0,64,"86757","San Miguel","Putumayo",996,"VOTOS EN BLANCO","Presidencia 2da vuelta",90,10821,"#dddddd","OTROS"
"5486",2022,13,0,64,"86757","San Miguel","Putumayo",997,"VOTOS NULOS","Presidencia 2da vuelta",62,10821,"#808080","VOTOS NULOS"
"5487",2022,13,0,64,"86757","San Miguel","Putumayo",998,"VOTOS NO MARCADOS","Presidencia 2da vuelta",10,10821,"#dddddd","OTROS"
"5488",2022,13,0,64,"86760","Santiago","Putumayo",1235,"COALICION PACTO HISTORICO","Presidencia 2da vuelta",2892,5491,"#1b3383","COALICION PACTO HISTORICO"
"5489",2022,13,0,64,"86760","Santiago","Putumayo",1076,"LIGA DE GOBERNANTES ANTICORRUPCION","Presidencia 2da vuelta",597,5491,"#f07605","LIGA DE GOBERNANTES ANTICORRUPCION"
"5490",2022,13,0,64,"86760","Santiago","Putumayo",996,"VOTOS EN BLANCO","Presidencia 2da vuelta",66,5491,"#dddddd","OTROS"
"5491",2022,13,0,64,"86760","Santiago","Putumayo",997,"VOTOS NULOS","Presidencia 2da vuelta",29,5491,"#808080","VOTOS NULOS"
"5492",2022,13,0,64,"86760","Santiago","Putumayo",998,"VOTOS NO MARCADOS","Presidencia 2da vuelta",4,5491,"#dddddd","OTROS"
"5493",2022,13,0,64,"86865","Valle del Guamuez","Putumayo",1235,"COALICION PACTO HISTORICO","Presidencia 2da vuelta",14280,5041,"#1b3383","COALICION PACTO HISTORICO"
"5494",2022,13,0,64,"86865","Valle del Guamuez","Putumayo",1076,"LIGA DE GOBERNANTES ANTICORRUPCION","Presidencia 2da vuelta",1228,5041,"#f07605","LIGA DE GOBERNANTES ANTICORRUPCION"
"5495",2022,13,0,64,"86865","Valle del Guamuez","Putumayo",996,"VOTOS EN BLANCO","Presidencia 2da vuelta",189,5041,"#dddddd","OTROS"
"5496",2022,13,0,64,"86865","Valle del Guamuez","Putumayo",997,"VOTOS NULOS","Presidencia 2da vuelta",95,5041,"#808080","VOTOS NULOS"
"5497",2022,13,0,64,"86865","Valle del Guamuez","Putumayo",998,"VOTOS NO MARCADOS","Presidencia 2da vuelta",18,5041,"#dddddd","OTROS"
"5498",2022,13,0,64,"86885","Villagarzón","Putumayo",1235,"COALICION PACTO HISTORICO","Presidencia 2da vuelta",7832,16158,"#1b3383","COALICION PACTO HISTORICO"
"5499",2022,13,0,64,"86885","Villagarzón","Putumayo",1076,"LIGA DE GOBERNANTES ANTICORRUPCION","Presidencia 2da vuelta",2843,16158,"#f07605","LIGA DE GOBERNANTES ANTICORRUPCION"
"5500",2022,13,0,64,"86885","Villagarzón","Putumayo",996,"VOTOS EN BLANCO","Presidencia 2da vuelta",299,16158,"#dddddd","OTROS"
"5501",2022,13,0,64,"86885","Villagarzón","Putumayo",997,"VOTOS NULOS","Presidencia 2da vuelta",223,16158,"#808080","VOTOS NULOS"
"5502",2022,13,0,64,"86885","Villagarzón","Putumayo",998,"VOTOS NO MARCADOS","Presidencia 2da vuelta",12,16158,"#dddddd","OTROS"
"5503",2022,13,0,68,"97001","Mitú","Vaupés",1235,"COALICION PACTO HISTORICO","Presidencia 2da vuelta",5178,14095,"#1b3383","COALICION PACTO HISTORICO"
"5504",2022,13,0,68,"97001","Mitú","Vaupés",1076,"LIGA DE GOBERNANTES ANTICORRUPCION","Presidencia 2da vuelta",1823,14095,"#f07605","LIGA DE GOBERNANTES ANTICORRUPCION"
"5505",2022,13,0,68,"97001","Mitú","Vaupés",996,"VOTOS EN BLANCO","Presidencia 2da vuelta",87,14095,"#dddddd","OTROS"
"5506",2022,13,0,68,"97001","Mitú","Vaupés",997,"VOTOS NULOS","Presidencia 2da vuelta",38,14095,"#808080","VOTOS NULOS"
"5507",2022,13,0,68,"97001","Mitú","Vaupés",998,"VOTOS NO MARCADOS","Presidencia 2da vuelta",9,14095,"#dddddd","OTROS"
"5508",2022,13,0,68,"97161","Caruru","Vaupés",1235,"COALICION PACTO HISTORICO","Presidencia 2da vuelta",591,1551,"#1b3383","COALICION PACTO HISTORICO"
"5509",2022,13,0,68,"97161","Caruru","Vaupés",1076,"LIGA DE GOBERNANTES ANTICORRUPCION","Presidencia 2da vuelta",93,1551,"#f07605","LIGA DE GOBERNANTES ANTICORRUPCION"
"5510",2022,13,0,68,"97161","Caruru","Vaupés",996,"VOTOS EN BLANCO","Presidencia 2da vuelta",3,1551,"#dddddd","OTROS"
"5511",2022,13,0,68,"97161","Caruru","Vaupés",997,"VOTOS NULOS","Presidencia 2da vuelta",2,1551,"#808080","VOTOS NULOS"
"5512",2022,13,0,68,"97511","Pacoa","Vaupés",1235,"COALICION PACTO HISTORICO","Presidencia 2da vuelta",205,477,"#1b3383","COALICION PACTO HISTORICO"
"5513",2022,13,0,68,"97511","Pacoa","Vaupés",1076,"LIGA DE GOBERNANTES ANTICORRUPCION","Presidencia 2da vuelta",21,477,"#f07605","LIGA DE GOBERNANTES ANTICORRUPCION"
"5514",2022,13,0,68,"97511","Pacoa","Vaupés",996,"VOTOS EN BLANCO","Presidencia 2da vuelta",8,477,"#dddddd","OTROS"
"5515",2022,13,0,68,"97511","Pacoa","Vaupés",997,"VOTOS NULOS","Presidencia 2da vuelta",2,477,"#808080","VOTOS NULOS"
"5516",2022,13,0,68,"97511","Pacoa","Vaupés",998,"VOTOS NO MARCADOS","Presidencia 2da vuelta",2,477,"#dddddd","OTROS"
"5517",2022,13,0,68,"97666","Taraira","Vaupés",1235,"COALICION PACTO HISTORICO","Presidencia 2da vuelta",279,1160,"#1b3383","COALICION PACTO HISTORICO"
"5518",2022,13,0,68,"97666","Taraira","Vaupés",1076,"LIGA DE GOBERNANTES ANTICORRUPCION","Presidencia 2da vuelta",145,1160,"#f07605","LIGA DE GOBERNANTES ANTICORRUPCION"
"5519",2022,13,0,68,"97666","Taraira","Vaupés",996,"VOTOS EN BLANCO","Presidencia 2da vuelta",9,1160,"#dddddd","OTROS"
"5520",2022,13,0,68,"97666","Taraira","Vaupés",997,"VOTOS NULOS","Presidencia 2da vuelta",1,1160,"#808080","VOTOS NULOS"
"5521",2022,13,0,68,"97777","Papunaua","Vaupés",1235,"COALICION PACTO HISTORICO","Presidencia 2da vuelta",61,83,"#1b3383","COALICION PACTO HISTORICO"
"5522",2022,13,0,68,"97777","Papunaua","Vaupés",1076,"LIGA DE GOBERNANTES ANTICORRUPCION","Presidencia 2da vuelta",8,83,"#f07605","LIGA DE GOBERNANTES ANTICORRUPCION"
"5523",2022,13,0,68,"97889","Yavaraté","Vaupés",1235,"COALICION PACTO HISTORICO","Presidencia 2da vuelta",243,287,"#1b3383","COALICION PACTO HISTORICO"
"5524",2022,13,0,68,"97889","Yavaraté","Vaupés",1076,"LIGA DE GOBERNANTES ANTICORRUPCION","Presidencia 2da vuelta",67,287,"#f07605","LIGA DE GOBERNANTES ANTICORRUPCION"
"5525",2022,13,0,68,"97889","Yavaraté","Vaupés",996,"VOTOS EN BLANCO","Presidencia 2da vuelta",5,206,"#dddddd","OTROS"
"5526",2022,13,0,72,"99001","Puerto Carreño","Vichada",1076,"LIGA DE GOBERNANTES ANTICORRUPCION","Presidencia 2da vuelta",5233,17192,"#f07605","LIGA DE GOBERNANTES ANTICORRUPCION"
"5527",2022,13,0,72,"99001","Puerto Carreño","Vichada",1235,"COALICION PACTO HISTORICO","Presidencia 2da vuelta",2803,17192,"#1b3383","COALICION PACTO HISTORICO"
"5528",2022,13,0,72,"99001","Puerto Carreño","Vichada",996,"VOTOS EN BLANCO","Presidencia 2da vuelta",172,17192,"#dddddd","OTROS"
"5529",2022,13,0,72,"99001","Puerto Carreño","Vichada",997,"VOTOS NULOS","Presidencia 2da vuelta",78,17192,"#808080","VOTOS NULOS"
"5530",2022,13,0,72,"99001","Puerto Carreño","Vichada",998,"VOTOS NO MARCADOS","Presidencia 2da vuelta",23,17192,"#dddddd","OTROS"
"5531",2022,13,0,72,"99524","La Primavera","Vichada",1076,"LIGA DE GOBERNANTES ANTICORRUPCION","Presidencia 2da vuelta",2733,5168,"#f07605","LIGA DE GOBERNANTES ANTICORRUPCION"
"5532",2022,13,0,72,"99524","La Primavera","Vichada",1235,"COALICION PACTO HISTORICO","Presidencia 2da vuelta",592,5168,"#1b3383","COALICION PACTO HISTORICO"
"5533",2022,13,0,72,"99524","La Primavera","Vichada",996,"VOTOS EN BLANCO","Presidencia 2da vuelta",57,5168,"#dddddd","OTROS"
"5534",2022,13,0,72,"99524","La Primavera","Vichada",997,"VOTOS NULOS","Presidencia 2da vuelta",24,5168,"#808080","VOTOS NULOS"
"5535",2022,13,0,72,"99524","La Primavera","Vichada",998,"VOTOS NO MARCADOS","Presidencia 2da vuelta",2,5168,"#dddddd","OTROS"
"5536",2022,13,0,72,"99624","Santa Rosalía","Vichada",1076,"LIGA DE GOBERNANTES ANTICORRUPCION","Presidencia 2da vuelta",1379,2818,"#f07605","LIGA DE GOBERNANTES ANTICORRUPCION"
"5537",2022,13,0,72,"99624","Santa Rosalía","Vichada",1235,"COALICION PACTO HISTORICO","Presidencia 2da vuelta",255,2818,"#1b3383","COALICION PACTO HISTORICO"
"5538",2022,13,0,72,"99624","Santa Rosalía","Vichada",996,"VOTOS EN BLANCO","Presidencia 2da vuelta",13,2818,"#dddddd","OTROS"
"5539",2022,13,0,72,"99624","Santa Rosalía","Vichada",997,"VOTOS NULOS","Presidencia 2da vuelta",5,2818,"#808080","VOTOS NULOS"
"5540",2022,13,0,72,"99773","Cumaribo","Vichada",1235,"COALICION PACTO HISTORICO","Presidencia 2da vuelta",3983,7517,"#1b3383","COALICION PACTO HISTORICO"
"5541",2022,13,0,72,"99773","Cumaribo","Vichada",1076,"LIGA DE GOBERNANTES ANTICORRUPCION","Presidencia 2da vuelta",2105,7517,"#f07605","LIGA DE GOBERNANTES ANTICORRUPCION"
"5542",2022,13,0,72,"99773","Cumaribo","Vichada",996,"VOTOS EN BLANCO","Presidencia 2da vuelta",71,7517,"#dddddd","OTROS"
"5543",2022,13,0,72,"99773","Cumaribo","Vichada",997,"VOTOS NULOS","Presidencia 2da vuelta",57,7517,"#808080","VOTOS NULOS"
"5544",2022,13,0,72,"99773","Cumaribo","Vichada",998,"VOTOS NO MARCADOS","Presidencia 2da vuelta",15,7517,"#dddddd","OTROS"
"5545",2022,13,0,88,"000NA",NA,NA,1076,"LIGA DE GOBERNANTES ANTICORRUPCION","Presidencia 2da vuelta",185585,12,"#f07605","LIGA DE GOBERNANTES ANTICORRUPCION"
"5546",2022,13,0,88,"000NA",NA,NA,1235,"COALICION PACTO HISTORICO","Presidencia 2da vuelta",114620,19,"#1b3383","COALICION PACTO HISTORICO"
"5547",2022,13,0,88,"000NA",NA,NA,996,"VOTOS EN BLANCO","Presidencia 2da vuelta",5352,12,"#dddddd","OTROS"
"5548",2022,13,0,88,"000NA",NA,NA,997,"VOTOS NULOS","Presidencia 2da vuelta",580,3756,"#808080","VOTOS NULOS"
"5549",2022,13,0,88,"000NA",NA,NA,998,"VOTOS NO MARCADOS","Presidencia 2da vuelta",47,694,"#dddddd","OTROS"
